unique_post_id,fold,true_stress,true_class,fusion_oof_prediction,predicted_class_using_validation_thresholds
246749152,0,1.0,Low,1.1669974308875748,Low
246750589,0,5.111111111111111,High,5.086043513237889,High
246952723,0,2.0,Low,3.2674197504437767,Moderate
249384092,0,2.6296296296296293,Low,4.436057179290973,Moderate
251560308,0,1.871310434327066,Low,1.8924076924812916,Low
253412625,0,4.979569828854984,Moderate,4.3731333544118876,Moderate
254686209,0,6.0,High,4.795511093626541,Moderate
254933030,0,3.0,Moderate,2.001154385935792,Low
255241351,0,5.0,High,2.7888912111579307,Low
256281249,0,1.0,Low,1.12676813120372,Low
257900941,0,1.871310434327066,Low,1.4460844626227067,Low
257972125,0,4.979569828854984,Moderate,2.914340538277611,Low
258001969,0,1.0,Low,1.743764365441172,Low
258003322,0,3.6296296296296298,Moderate,4.456151286303884,Moderate
258004522,0,1.871310434327066,Low,1.440520675339008,Low
261005269,0,1.0,Low,1.8349289748530868,Low
261235099,0,6.0,High,5.080261066374765,High
261626674,0,1.7407407407407407,Low,2.4487794369662477,Low
267356554,0,2.648375282959045,Low,1.339353145662944,Low
267363492,0,2.7407407407407405,Low,4.220670355400886,Moderate
267365062,0,4.979569828854984,Moderate,2.333148558037804,Low
267365382,0,1.0942455856950868,Low,1.2954138892199456,Low
269245719,0,2.0,Low,2.603475849478321,Low
271055693,0,5.7407407407407405,High,5.442012496672968,High
271056089,0,1.0,Low,2.885856801899234,Low
272894651,0,1.0942455856950868,Low,1.3417931028586958,Low
273009572,0,2.111111111111111,Low,2.0273438490880964,Low
274805847,0,3.425440131591025,Moderate,3.5474285163481207,Moderate
276203863,0,1.7407407407407407,Low,3.494279305961269,Moderate
278343497,0,3.425440131591025,Moderate,2.3108985146437897,Low
279866139,0,1.0,Low,1.0687052725094306,Low
282842535,0,2.259259259259259,Low,1.6862904163413388,Low
283536818,0,1.0,Low,1.123877454839608,Low
285393542,0,1.871310434327066,Low,2.8551761996184073,Low
289051453,0,1.0,Low,1.419868808933761,Low
292097414,0,1.0,Low,1.8833575425691902,Low
292215607,0,1.0,Low,1.1457295247500139,Low
292792295,0,4.0,Moderate,1.2124158537684462,Low
292792817,0,1.0,Low,1.110223885176035,Low
293012736,0,5.0,High,3.857826137336574,Moderate
294521720,0,1.0,Low,1.0967871408831265,Low
295252006,0,2.6296296296296293,Low,2.41696235424753,Low
296923498,0,1.0,Low,1.6486272807220224,Low
297556559,0,3.3703703703703702,Moderate,3.014157927646153,Low
297972679,0,1.0942455856950868,Low,1.4387433292305807,Low
298881902,0,1.0,Low,1.0,Low
299171940,0,4.7407407407407405,Moderate,4.098619973868843,Moderate
299609811,0,6.0,High,3.759879837658499,Moderate
301337358,0,1.0,Low,2.3053417963696328,Low
301338944,0,3.3703703703703702,Moderate,2.1080532224006037,Low
302709082,0,1.871310434327066,Low,3.105331372198894,Moderate
303694559,0,1.0,Low,1.3830758168398636,Low
304365239,0,3.740740740740741,Moderate,5.404650316783832,High
305472176,0,3.0,Moderate,4.908667171188146,High
305541042,0,1.0942455856950868,Low,1.4541283585759275,Low
306706831,0,3.0,Moderate,2.6043108957193377,Low
306978552,0,1.7407407407407407,Low,4.237238798093591,Moderate
307231754,0,1.0942455856950868,Low,1.7068544629432774,Low
307812556,0,7.310764374750923,Very High,6.503045493837422,Very High
307838863,0,1.0942455856950868,Low,1.7445033439497704,Low
308373646,0,1.0942455856950868,Low,1.5636071618032736,Low
309505551,0,1.0,Low,1.7650098038070285,Low
310232608,0,3.0,Moderate,4.050837232464611,Moderate
310257577,0,1.0,Low,1.1904892486989889,Low
310319093,0,1.0,Low,1.2065987424672904,Low
310878866,0,1.0,Low,3.63252839553839,Moderate
313544736,0,1.0,Low,2.4289362378900066,Low
313794425,0,3.0,Moderate,3.871050635200626,Moderate
314647649,0,2.648375282959045,Low,4.37925475181448,Moderate
314888743,0,4.0,Moderate,4.021913506327332,Moderate
315483616,0,2.3703703703703702,Low,3.8459719042000016,Moderate
315483708,0,6.111111111111111,High,4.7364346357154075,Moderate
315497619,0,3.425440131591025,Moderate,4.804013819176597,Moderate
315642970,0,4.37037037037037,Moderate,2.571684790453152,Low
316519104,0,2.648375282959045,Low,1.5037469219279425,Low
316973553,0,1.0,Low,1.2796133938559784,Low
317264555,0,5.111111111111111,High,5.541463456631049,High
318483100,0,1.6296296296296298,Low,2.365980885737457,Low
318719663,0,1.0942455856950868,Low,2.1168352965918054,Low
318910917,0,5.0,High,3.723403369285007,Moderate
319201384,0,3.3703703703703702,Moderate,4.448255810150875,Moderate
319558046,0,1.0,Low,1.3669237654057036,Low
320462018,0,6.7407407407407405,High,4.902878115729003,Moderate
321000149,0,2.648375282959045,Low,2.595238278263616,Low
321000602,0,3.0,Moderate,2.4678119671886276,Low
321002103,0,1.3703703703703702,Low,2.1417485139949113,Low
321055600,0,3.3703703703703702,Moderate,1.286484106097932,Low
321624238,0,1.0,Low,1.0006656274824905,Low
322239515,0,1.0,Low,1.3635966364750676,Low
322804610,0,2.3703703703703702,Low,2.7947559786032805,Low
324164633,0,5.629629629629629,High,5.693874010231749,High
324165329,0,2.648375282959045,Low,4.923510350319557,High
324251993,0,1.0,Low,1.2287518668358977,Low
325145497,0,1.0,Low,2.1086473804321315,Low
325425896,0,1.0,Low,1.016980747060373,Low
325645995,0,5.0,High,2.0259328805768844,Low
326225459,0,1.871310434327066,Low,3.0856264501109254,Low
326343479,0,6.370370370370369,High,2.3903817876925286,Low
326391943,0,1.0942455856950868,Low,1.6532571192767964,Low
326434741,0,6.111111111111111,High,4.545839954675156,Moderate
326449658,0,5.0,High,4.176497751075702,Moderate
326575748,0,3.0,Moderate,2.4814743290653354,Low
326580054,0,7.0,Very High,4.846236569008807,Moderate
326925605,0,1.0,Low,1.3404565861655775,Low
327399769,0,4.979569828854984,Moderate,4.730298994113941,Moderate
328060012,0,1.871310434327066,Low,1.2782982114186807,Low
328368322,0,1.3703703703703702,Low,1.1147140163765563,Low
328671398,0,1.0942455856950868,Low,2.0118881849116343,Low
329478485,0,1.0,Low,1.7197304574887529,Low
329961165,0,1.0,Low,1.0500283668073984,Low
330563917,0,1.0942455856950868,Low,2.2332700046201506,Low
330693939,0,1.0,Low,1.1726411617657413,Low
331075456,0,4.0,Moderate,4.10442171250395,Moderate
331432035,0,1.0,Low,1.496021237539316,Low
331602745,0,2.0,Low,1.9402597682887195,Low
331667811,0,5.7407407407407405,High,4.687959939483037,Moderate
332093757,0,1.0,Low,1.2614910140759363,Low
332184383,0,1.0942455856950868,Low,1.3553412474031266,Low
332218074,0,1.0,Low,1.2394729397411517,Low
332258927,0,1.0,Low,1.9812695196000134,Low
332259134,0,1.0,Low,1.1320331180912167,Low
333639726,0,2.0,Low,4.651463031006634,Moderate
333751357,0,5.0,High,4.141197677541206,Moderate
334046938,0,1.3703703703703702,Low,1.8584265086852314,Low
334436854,0,1.0,Low,1.2897343621844648,Low
334482053,0,5.111111111111111,High,4.004277590985623,Moderate
334551247,0,3.0,Low,4.5705120404218835,Moderate
334969203,0,1.0942455856950868,Low,1.6405202110979311,Low
335014043,0,1.871310434327066,Low,3.9871811191938624,Moderate
335689739,0,2.648375282959045,Low,4.201219212050906,Moderate
335711187,0,1.0942455856950868,Low,1.9531292875116204,Low
335714089,0,7.111111111111111,Very High,6.354476896697386,High
335798890,0,1.0942455856950868,Low,1.4826377977526186,Low
336236076,0,1.6296296296296298,Low,1.94139525170911,Low
336287860,0,1.0942455856950868,Low,2.6301968380745233,Low
336316972,0,3.425440131591025,Moderate,1.910127670551617,Low
337097968,0,1.0,Low,2.042299568308306,Low
337913265,0,2.888888888888889,Low,2.8302768498609656,Low
338201340,0,1.0942455856950868,Low,2.0253193752807856,Low
338364458,0,6.0,High,5.553504830177905,High
338943237,0,1.0,Low,3.4820990702139487,Moderate
338953276,0,6.7407407407407405,High,5.776242094963002,High
339198518,0,1.0,Low,1.4656525388329404,Low
339229282,0,4.979569828854984,Moderate,4.465850314199212,Moderate
339258407,0,2.6296296296296293,Low,2.8803195318151587,Low
339667965,0,1.0,Low,1.0806963513124281,Low
340256671,0,1.0942455856950868,Low,2.2345154657106545,Low
340283651,0,3.0,Moderate,1.9321718883789463,Low
341136694,0,1.0,Low,1.1161282613407053,Low
341383914,0,2.0,Low,1.8441682689509014,Low
341487265,0,5.7566346774869634,High,3.4613772969804266,Moderate
341488180,0,5.7407407407407405,High,2.823657182428253,Low
341680025,0,3.0,Moderate,1.8924266737504607,Low
341737811,0,2.0,Low,4.905234971421487,High
341847339,0,1.0,Low,1.6553962617943463,Low
342115286,0,1.0,Low,1.1718872888320608,Low
342415425,0,1.871310434327066,Low,3.2669970297844557,Moderate
342461252,0,3.740740740740741,Moderate,4.202206012989187,Moderate
342507977,0,1.0,Low,1.4286468147730833,Low
342566956,0,7.0,Very High,5.488550124255416,High
342840613,0,4.202504980223004,Moderate,4.864257622848968,Moderate
342840964,0,3.0,Low,3.525280300133633,Moderate
343170051,0,3.425440131591025,Moderate,5.068727329157654,High
343414833,0,4.202504980223004,Moderate,2.9586954138854065,Low
343541130,0,1.0,Low,1.8168168207033095,Low
344080860,0,3.740740740740741,Moderate,4.159715337430635,Moderate
344195999,0,1.0942455856950868,Low,1.089052607561849,Low
344693455,0,4.481481481481481,Moderate,4.653354841743738,Moderate
345255002,0,7.0,Very High,5.182730647815822,High
345389872,0,1.871310434327066,Low,1.315338946187547,Low
345515493,0,1.0,Low,1.6490233888251167,Low
345877830,0,1.0,Low,1.2073372510112095,Low
346387773,0,1.0,Low,1.0856378376766171,Low
346511628,0,5.7566346774869634,High,4.446410462414279,Moderate
346576896,0,3.0,Low,2.6232926636829594,Low
346695829,0,1.0,Low,1.0405683661815366,Low
347070156,0,3.111111111111111,Moderate,4.055660763270529,Moderate
347156672,0,4.0,Moderate,3.9663443395461817,Moderate
347465549,0,1.0942455856950868,Low,1.8222998161541524,Low
347940985,0,4.37037037037037,Moderate,1.8638489643426848,Low
347943397,0,1.0,Low,2.401491383796346,Low
349281513,0,1.0,Low,1.0390962185190284,Low
349283853,0,1.0942455856950868,Low,1.4543016831205295,Low
349548098,0,5.7566346774869634,High,5.072709249648227,High
349576812,0,5.0,High,2.6082798718169995,Low
349763399,0,1.0,Low,1.0976541249900214,Low
349854709,0,7.0,Very High,3.9822454704556014,Moderate
350215566,0,4.111111111111111,Moderate,3.6239968288569493,Moderate
350368660,0,3.0,Moderate,3.1506392386676336,Moderate
351662776,0,1.0942455856950868,Low,1.759802504478075,Low
352137919,0,1.6296296296296298,Low,4.657989620305358,Moderate
353194502,0,1.0,Low,1.0110543077053515,Low
353431392,0,1.0,Low,3.8113574318019343,Moderate
353725776,0,2.0,Low,2.1523891856121664,Low
353941547,0,3.111111111111111,Moderate,3.7410549707152656,Moderate
354414779,0,5.7407407407407405,High,4.055877015095132,Moderate
355737512,0,4.202504980223004,Moderate,4.395373498291566,Moderate
355826080,0,1.0,Low,1.2703067505970869,Low
355946640,0,6.0,High,4.418774709679129,Moderate
356510099,0,1.0,Low,1.15330355367661,Low
357294963,0,1.0942455856950868,Low,1.4361985120984362,Low
357393982,0,1.0942455856950868,Low,2.1319815955924715,Low
357754465,0,1.0942455856950868,Low,2.2888577088339033,Low
357891263,0,6.0,High,2.719517489041193,Low
358996742,0,1.0942455856950868,Low,1.9749564210980415,Low
359392451,0,4.0,Moderate,4.183331130541745,Moderate
359395723,0,4.0,Moderate,4.609920278263559,Moderate
359397260,0,1.0942455856950868,Low,2.308999617633754,Low
359714068,0,2.0,Low,1.9647213306178206,Low
359715319,0,1.0,Low,1.3235649308297592,Low
360229418,0,7.111111111111111,Very High,3.04897869293407,Low
360559613,0,3.0,Moderate,1.3720922620481764,Low
360909082,0,1.3703703703703702,Low,2.8945035183081966,Low
360909874,0,2.6296296296296293,Low,2.090273004697396,Low
361814943,0,3.3703703703703702,Moderate,1.5932620729394111,Low
362109977,0,1.0,Low,1.1521293319473722,Low
362193039,0,1.0942455856950868,Low,1.6479089899756785,Low
362535169,0,3.0,Moderate,2.7477489694104538,Low
362535255,0,1.0942455856950868,Low,2.600419410516703,Low
363112002,0,2.7407407407407405,Low,2.3773307624317113,Low
363179312,0,8.0,Very High,7.140928750393446,Very High
363179735,0,1.0,Low,2.589515135849978,Low
363572316,0,1.0942455856950868,Low,1.6139108123829256,Low
363572530,0,4.0,Moderate,2.628725562488433,Low
363990653,0,1.0,Low,2.627700370007889,Low
364404260,0,3.2592592592592595,Moderate,3.805356415914397,Moderate
364481657,0,2.0,Low,1.309410671058223,Low
364820479,0,5.7566346774869634,High,3.3414298523465393,Moderate
365039360,0,1.871310434327066,Low,1.5372164572816787,Low
365172635,0,1.0942455856950868,Low,1.6988741722667435,Low
365187127,0,1.0,Low,1.183167896730927,Low
365959999,0,1.0942455856950868,Low,2.2452193189783296,Low
366988409,0,1.0,Low,1.0777404373527308,Low
366988563,0,2.648375282959045,Low,2.556685540797928,Low
367005337,0,1.871310434327066,Low,2.029283498535883,Low
367102002,0,5.7407407407407405,High,3.8824598722823978,Moderate
367233917,0,3.0,Moderate,3.694012495390189,Moderate
367820028,0,3.3703703703703702,Moderate,2.9659562127144716,Low
367820735,0,1.0,Low,1.50843719706634,Low
368095658,0,1.0,Low,1.910844421117078,Low
368438789,0,1.0942455856950868,Low,3.411796333708874,Moderate
368673842,0,1.0,Low,1.2288696644690607,Low
368674585,0,4.202504980223004,Moderate,4.521936969379249,Moderate
368908917,0,4.0,Moderate,4.774501825877063,Moderate
368909539,0,7.310764374750923,Very High,7.324948494995924,Very High
368972410,0,1.0,Low,1.5123017141576782,Low
369939985,0,1.0,Low,3.3943472148907725,Moderate
370373041,0,6.370370370370369,High,4.604966673390478,Moderate
371075891,0,7.370370370370369,Very High,4.966180277299491,High
371118936,0,2.648375282959045,Low,2.7823343096357958,Low
371156249,0,6.533699526118942,High,5.941532223858067,High
371706573,0,1.0942455856950868,Low,3.503688396246448,Moderate
372123879,0,1.0942455856950868,Low,2.4642200496595494,Low
372245412,0,1.871310434327066,Low,3.085700643251396,Low
372483489,0,1.0,Low,1.3402803673698895,Low
372941920,0,5.7407407407407405,High,5.605982043484303,High
373621058,0,1.0,Low,2.7121693380585734,Low
374774707,0,1.0942455856950868,Low,1.2468599612389393,Low
374786131,0,1.0,Low,1.0861219678326561,Low
374787581,0,1.0,Low,1.0836251426620378,Low
374945214,0,1.3703703703703702,Low,1.524616572357298,Low
375825482,0,3.0,Low,3.392817820910323,Moderate
376719954,0,1.0,Low,1.0036016212420598,Low
377395824,0,1.0,Low,1.341372278944645,Low
377493610,0,1.0942455856950868,Low,1.157975166498439,Low
377584533,0,5.0,High,5.401031109466237,High
378076815,0,1.0,Low,1.8017395767995965,Low
378330536,0,2.6296296296296293,Low,1.4190760205777755,Low
378844541,0,4.979569828854984,Moderate,3.2783172132288687,Moderate
379303630,0,2.648375282959045,Low,2.801156547241731,Low
379562141,0,3.0,Low,2.3921722381650072,Low
379705435,0,1.0942455856950868,Low,1.338576031834104,Low
379885212,0,3.740740740740741,Moderate,3.6179850784300003,Moderate
380354264,0,1.3703703703703702,Low,2.282930460534555,Low
380370189,0,1.3703703703703702,Low,1.0,Low
380447413,0,4.979569828854984,Moderate,5.28684860445111,High
380450039,0,1.0,Low,1.0982918712435166,Low
381182145,0,7.111111111111111,Very High,6.150035230401285,High
381367238,0,4.979569828854984,Moderate,4.445508563735708,Moderate
381395830,0,4.0,Moderate,3.1322652193062304,Moderate
381814979,0,1.0942455856950868,Low,1.3241024177558658,Low
382416407,0,1.0942455856950868,Low,1.1284413760909633,Low
382609083,0,1.0,Low,1.2976738990562984,Low
382623880,0,1.0,Low,2.821421959793553,Low
382950755,0,5.7566346774869634,High,5.325010605346409,High
383020488,0,1.0,Low,1.3506038698750045,Low
383199179,0,1.0,Low,1.4938568188521772,Low
383220686,0,1.0942455856950868,Low,3.075451025261914,Low
383263085,0,1.871310434327066,Low,1.8006111390658166,Low
383447534,0,1.0,Low,1.4397575163405256,Low
383754263,0,1.871310434327066,Low,3.649305761637407,Moderate
384642987,0,1.0,Low,1.0365039094708717,Low
384670219,0,1.0942455856950868,Low,1.6293155052349908,Low
384696775,0,1.0,Low,1.282511452393412,Low
384785733,0,1.0942455856950868,Low,1.2372572657815164,Low
384801328,0,2.6296296296296293,Low,3.426637772770157,Moderate
385175430,0,9.0,Very High,6.164224428341605,High
385177848,0,2.648375282959045,Low,5.3541493454062925,High
385191973,0,1.3703703703703702,Low,2.152154976451942,Low
385312184,0,2.0,Low,3.5080263807193957,Moderate
386026087,0,2.0,Low,1.4645339584018786,Low
386297156,0,4.37037037037037,Moderate,5.787460718555014,High
386719708,0,1.0942455856950868,Low,1.7377974239233636,Low
387802319,0,1.0942455856950868,Low,1.2313138293744528,Low
387802752,0,2.3703703703703702,Low,2.7505884883705525,Low
387996343,0,3.740740740740741,Moderate,3.9233605363684494,Moderate
387998903,0,2.111111111111111,Low,4.003640275185521,Moderate
388236794,0,1.0,Low,2.6607223346852242,Low
388238232,0,1.6296296296296298,Low,2.876552097428482,Low
388300548,0,6.370370370370369,High,3.1179102105376875,Moderate
388359045,0,1.0,Low,1.7989705165729064,Low
388403281,0,5.0,High,2.45360597482779,Low
388549106,0,1.0942455856950868,Low,1.1222405973870377,Low
389018432,0,1.0,Low,1.532437260926364,Low
389138549,0,1.0942455856950868,Low,3.9056649568058885,Moderate
389824337,0,2.7407407407407405,Low,3.273311132716783,Moderate
389959078,0,3.0,Moderate,4.62107683069339,Moderate
389959435,0,3.425440131591025,Moderate,4.416555316662089,Moderate
390500151,0,3.425440131591025,Moderate,5.331350876280878,High
390655435,0,1.0,Low,1.926748563977894,Low
391019290,0,1.0,Low,1.1467560576492772,Low
391020608,0,1.6296296296296298,Low,3.2761574758936414,Moderate
391392931,0,5.0,High,1.590498249067669,Low
391511277,0,1.0,Low,1.051061331060315,Low
391723078,0,1.0,Low,1.481521979609366,Low
391723321,0,4.202504980223004,Moderate,2.2036473607540996,Low
392059520,0,4.979569828854984,Moderate,4.869587922940683,Moderate
392223843,0,1.0,Low,1.288861570538805,Low
392283087,0,3.3703703703703702,Moderate,1.636026937602645,Low
392460946,0,3.0,Moderate,2.8008670584803683,Low
392839463,0,3.425440131591025,Moderate,5.001866832144018,High
393035117,0,1.0942455856950868,Low,1.2885663547112869,Low
393334471,0,7.0,Very High,5.1943912527897,High
393824514,0,3.3703703703703702,Moderate,5.007870304745789,High
394084719,0,1.6296296296296298,Low,3.5047190725400763,Moderate
394197803,0,3.4814814814814814,Moderate,4.628252109589193,Moderate
395000084,0,1.0,Low,1.057801846908486,Low
395358611,0,1.0,Low,2.280365309106518,Low
395647177,0,1.0,Low,1.1084637315072188,Low
396028101,0,1.0942455856950868,Low,1.4237916130773125,Low
396101043,0,1.0,Low,1.146903391931501,Low
396708197,0,1.0,Low,1.2959264536403037,Low
396810478,0,1.0,Low,1.191051537280627,Low
396989197,0,1.871310434327066,Low,2.082876795424591,Low
396991056,0,3.0,Moderate,3.5905405858103014,Moderate
397405759,0,1.871310434327066,Low,3.665481660904099,Moderate
397698090,0,2.0,Low,2.538944285678271,Low
397708369,0,1.0,Low,1.3512474626837228,Low
397935853,0,1.871310434327066,Low,1.9449896896062178,Low
398042046,0,4.979569828854984,Moderate,5.872358107324301,High
398042122,0,1.0942455856950868,Low,1.8010891202491028,Low
398042327,0,1.871310434327066,Low,2.747002351383828,Low
398989666,0,1.871310434327066,Low,2.868944112641442,Low
398990761,0,1.6296296296296298,Low,1.6304039256850933,Low
399017252,0,1.871310434327066,Low,1.814206747605215,Low
399017729,0,2.648375282959045,Low,2.8245498470704202,Low
399251510,0,6.999999999999999,High,5.555725196518215,High
399456112,0,1.0,Low,2.8971416915094834,Low
399742360,0,1.0,Low,1.0876378162304987,Low
400090316,0,2.648375282959045,Low,4.123726591870132,Moderate
400310806,0,1.0,Low,1.3137047321166868,Low
400419489,0,1.0,Low,1.0413549909545066,Low
400475368,0,1.0942455856950868,Low,1.285589132243584,Low
400522403,0,1.0,Low,1.1358144446512428,Low
400912217,0,3.0,Low,2.9367863333684574,Low
400976772,0,1.7407407407407407,Low,4.9503139871186566,High
401043005,0,1.871310434327066,Low,1.9484068894680449,Low
401131794,0,1.0,Low,1.6947081377253967,Low
401280266,0,3.740740740740741,Moderate,4.790852908034481,Moderate
401452228,0,1.0,Low,2.273279567885748,Low
401848171,0,2.6296296296296293,Low,3.404342311762208,Moderate
401877655,0,1.0,Low,1.0543534477834386,Low
402034256,0,1.0,Low,1.7292203433775173,Low
402172260,0,1.0,Low,1.0749544899677015,Low
402441162,0,4.0,Moderate,1.778323308293471,Low
402865439,0,4.979569828854984,Moderate,5.772059033945987,High
403045920,0,1.0,Low,1.334720943262195,Low
403180853,0,1.0,Low,1.4938857004096704,Low
403181895,0,1.6296296296296298,Low,2.5166146443037594,Low
403194908,0,1.0,Low,1.1222574032921044,Low
403389114,0,1.0,Low,1.0708793169496387,Low
403444721,0,1.871310434327066,Low,1.2517076647668572,Low
403582489,0,1.0,Low,2.3153700001627415,Low
403700566,0,1.0942455856950868,Low,1.8348337661126624,Low
403718234,0,1.871310434327066,Low,3.279064976983467,Moderate
404338167,0,1.871310434327066,Low,2.1238960714049795,Low
404410569,0,1.7407407407407407,Low,2.608736545257636,Low
404463628,0,1.0,Low,1.8262386690662695,Low
404604139,0,1.0,Low,1.3406806606541277,Low
404664506,0,1.871310434327066,Low,3.7046304588257666,Moderate
405001154,0,4.0,Moderate,2.860412264408354,Low
405671482,0,1.871310434327066,Low,2.1380379012905895,Low
405692122,0,1.3703703703703702,Low,1.098880998998533,Low
405781080,0,4.0,Moderate,4.022495883516093,Moderate
406033633,0,1.6296296296296298,Low,2.1003517879780205,Low
406497498,0,1.0,Low,1.5322761499111976,Low
406538040,0,1.0942455856950868,Low,1.9128910803463703,Low
406828203,0,3.3703703703703702,Moderate,3.6948511503854573,Moderate
406876865,0,1.3703703703703702,Low,1.7853297297227066,Low
407046659,0,1.0,Low,2.146683558646117,Low
407162803,0,3.425440131591025,Moderate,4.759536195601756,Moderate
407551143,0,5.0,High,3.662530748032925,Moderate
407688752,0,1.0,Low,1.1089095911695899,Low
407816395,0,6.370370370370369,High,5.709293692392592,High
407849836,0,4.111111111111111,Moderate,4.822117302177388,Moderate
407878786,0,4.0,Moderate,3.467913982808585,Moderate
407884663,0,1.0,Low,1.3306344364560423,Low
408305259,0,1.0942455856950868,Low,3.681861655501767,Moderate
408336125,0,1.0,Low,4.569075516794136,Moderate
408408137,0,5.0,High,5.073992556706049,High
408510507,0,1.0,Low,1.224524964281036,Low
408567700,0,1.0942455856950868,Low,1.7777563568967247,Low
408616722,0,3.425440131591025,Moderate,3.5429416570513546,Moderate
408871431,0,3.0,Moderate,2.566442714397245,Low
408982093,0,1.0,Low,1.8448675113147033,Low
408982773,0,1.0,Low,1.9793458076810044,Low
409094641,0,1.0942455856950868,Low,2.4090634552059473,Low
409128435,0,1.0,Low,2.244534428043019,Low
409626473,0,1.0,Low,1.172390845368266,Low
409818160,0,2.0,Low,3.753953770547377,Moderate
409835725,0,1.0,Low,4.806209337405538,Moderate
409893476,0,3.0,Low,3.715527617703617,Moderate
410025353,0,4.202504980223004,Moderate,3.2876193430728744,Moderate
410156241,0,2.3703703703703702,Low,2.523841122898896,Low
410184223,0,1.3703703703703702,Low,2.132574762906281,Low
410425855,0,3.0,Moderate,2.630608154360801,Low
410468757,0,1.0,Low,2.673024464932274,Low
410535996,0,2.648375282959045,Low,1.7101863512208033,Low
410751083,0,3.0,Moderate,2.394661320339221,Low
411035591,0,1.0,Low,1.1856421907668544,Low
411662374,0,1.0942455856950868,Low,2.0017184470815907,Low
411700075,0,2.648375282959045,Low,1.4883918716862792,Low
411734297,0,2.6296296296296293,Low,5.820958185692549,High
411863941,0,1.0942455856950868,Low,2.8803710358756405,Low
411892933,0,1.0,Low,1.5169003117117397,Low
411893671,0,4.259259259259259,Moderate,3.522177647273832,Moderate
411897766,0,1.0942455856950868,Low,3.2000627254751,Moderate
411940700,0,1.0,Low,2.5774847814677457,Low
412017527,0,1.0,Low,1.7084611978425666,Low
412054537,0,4.202504980223004,Moderate,1.803945231721848,Low
412139600,0,1.0,Low,1.1345619066896937,Low
412150072,0,1.871310434327066,Low,2.8043655895813857,Low
412173161,0,2.3703703703703702,Low,4.523198479759216,Moderate
412256942,0,3.0,Moderate,2.1063721192297526,Low
412383763,0,1.0942455856950868,Low,1.4807164503233095,Low
412533375,0,1.0,Low,1.5767201867668978,Low
412629104,0,4.0,Moderate,3.638747754547252,Moderate
412778392,0,2.6296296296296293,Low,1.6330532642576792,Low
412804020,0,1.0942455856950868,Low,2.7934205609169913,Low
412804987,0,1.0942455856950868,Low,1.85617793474756,Low
412807633,0,3.3703703703703702,Moderate,3.4730397407474314,Moderate
412845568,0,7.0,Very High,3.4238852379414175,Moderate
412917318,0,1.0,Low,1.3075218755299751,Low
412965629,0,5.0,High,2.7766259556518826,Low
413151176,0,1.0,Low,5.5155780712697995,High
413162468,0,5.37037037037037,High,4.9872243513075345,High
413173949,0,3.425440131591025,Moderate,5.023268179563479,High
413178171,0,7.0,Very High,2.7067374925519827,Low
413215750,0,1.0,Low,1.2442135707415258,Low
413220026,0,2.0,Low,2.2715803457038293,Low
413243642,0,1.0,Low,1.6166339931012286,Low
413257877,0,2.0,Low,2.458899176270796,Low
413304931,0,1.0,Low,1.0,Low
413320416,0,1.871310434327066,Low,4.3859117167276365,Moderate
413344644,0,1.0,Low,1.7591662171051756,Low
413389481,0,1.0942455856950868,Low,2.173814627204486,Low
413393830,0,1.0942455856950868,Low,1.4698965062836664,Low
413420821,0,1.0,Low,1.7283657588168047,Low
413435486,0,1.871310434327066,Low,3.455057540523852,Moderate
413451433,0,5.481481481481481,High,3.366708751966396,Moderate
413465170,0,1.0942455856950868,Low,1.9331313033684092,Low
413473991,0,1.0,Low,1.072389865917577,Low
413488999,0,1.0942455856950868,Low,3.3325215927395977,Moderate
413506290,0,1.0,Low,1.360548104491448,Low
413555585,0,1.0942455856950868,Low,1.7909554703173853,Low
413625762,0,3.425440131591025,Moderate,2.2028067116281402,Low
413858838,0,2.4814814814814814,Low,1.5304060134808486,Low
413869690,0,1.0,Low,1.3989606223168929,Low
413876728,0,5.0,High,4.909096948734983,High
413876910,0,1.0,Low,1.813120888368207,Low
413927642,0,1.0942455856950868,Low,2.3811205844123338,Low
413927763,0,2.3703703703703702,Low,3.308097303958796,Moderate
413928523,0,1.0,Low,3.086780471094279,Low
413934665,0,3.425440131591025,Moderate,3.506301196446559,Moderate
413936747,0,1.0,Low,1.6037064890341197,Low
413938097,0,1.0,Low,1.458075776299851,Low
413938615,0,1.0,Low,1.1640091993118142,Low
413939329,0,1.0,Low,1.5064800257826234,Low
413941725,0,1.0942455856950868,Low,1.3229656827469527,Low
413944378,0,1.871310434327066,Low,4.693163572244883,Moderate
413949119,0,3.0,Low,2.884725514260534,Low
413954432,0,3.425440131591025,Moderate,3.4110654081842626,Moderate
413956749,0,6.0,High,5.593480029241613,High
413958022,0,1.0,Low,2.216481642228747,Low
413960884,0,4.0,Moderate,2.64287388859048,Low
413964125,0,1.0,Low,1.1778325065661188,Low
413964760,0,1.0,Low,1.9921188288327727,Low
413968504,0,1.0942455856950868,Low,1.7173869559772195,Low
413972383,0,1.0942455856950868,Low,1.0,Low
413972763,0,1.0,Low,1.0,Low
413974668,0,1.0,Low,1.0,Low
413976459,0,1.0,Low,1.519179531994431,Low
413980052,0,1.0,Low,1.2609541788254965,Low
413980635,0,1.0,Low,2.48790527918226,Low
413981689,0,1.0942455856950868,Low,1.2691330587811795,Low
413985713,0,1.0942455856950868,Low,1.6417294740552544,Low
413985873,0,1.0942455856950868,Low,1.3204410617615499,Low
413986795,0,1.0942455856950868,Low,1.4064144094832534,Low
413988641,0,1.3703703703703702,Low,2.4423497938326415,Low
413990921,0,1.0942455856950868,Low,2.226848476365804,Low
thread_10182598_starter,0,4.0,Moderate,4.997305868210865,High
thread_10222994_starter,0,2.3703703703703702,Low,3.2187209579156084,Moderate
thread_10322275_starter,0,1.0942455856950868,Low,2.258215685051753,Low
thread_10374263_starter,0,4.37037037037037,Moderate,3.97609732292538,Moderate
thread_10379801_fatima24_1401/11/28 00:25,0,3.3703703703703702,Moderate,2.4677787157423055,Low
thread_10379801_pegah00_1401/11/28 00:14,0,4.0,Moderate,1.7215609209533578,Low
thread_10393495_starter,0,3.111111111111111,Moderate,3.6615626702521076,Moderate
thread_10410834_starter,0,5.111111111111111,High,5.586358310825066,High
thread_10411494_روح_حیران_الدوله_1401/12/02 00:21,0,1.0,Low,2.4457053770597525,Low
thread_10913873_بهاااار۷۷_1402/02/02 15:33,0,1.0,Low,1.0047000779473212,Low
thread_10920848_starter,0,4.111111111111111,Moderate,4.096031984107038,Moderate
thread_10929344_مامان_زهرا2_1402/02/04 15:03,0,2.3703703703703702,Low,4.008940937652133,Moderate
thread_11034227_starter,0,3.6296296296296298,Moderate,6.065139223622373,High
thread_11045364_starter,0,3.425440131591025,Moderate,4.8105723690859525,Moderate
thread_11210265_sogoli7279_1402/03/09 20:06,0,1.0942455856950868,Low,1.465841749542518,Low
thread_11258649_starter,0,1.0942455856950868,Low,1.7729262463526476,Low
thread_11308009_starter,0,6.370370370370369,High,5.240158318798276,High
thread_11355279_starter,0,4.7407407407407405,Moderate,4.4119001907398765,Moderate
thread_11417052_momy_deniz_1402/04/05 19:22,0,1.0942455856950868,Low,4.6422932736819575,Moderate
thread_11421164_starter,0,7.74074074074074,Very High,6.989845684814143,Very High
thread_11428732_starter,0,1.0942455856950868,Low,1.9145285100106288,Low
thread_11508674_شاهپسرمی_1402/04/17 23:00,0,1.0942455856950868,Low,3.0434602401502153,Low
thread_11521204_starter,0,7.310764374750923,Very High,4.643707859113261,Moderate
thread_11587309_starter,0,1.0,Low,5.4772117990935305,High
thread_11615324_starter,0,2.6296296296296293,Low,1.802916254656151,Low
thread_11658331_starter,0,2.111111111111111,Low,3.126938235835431,Moderate
thread_11761771_starter,0,5.0,High,5.549759639316196,High
thread_11855670_starter,0,6.533699526118942,High,6.4044503189330255,High
thread_11956298_starter,0,6.7407407407407405,High,5.113578816415997,High
thread_12084168_جوجوطلا۵۳_1402/06/31 00:16,0,1.0,Low,1.4454076481334668,Low
thread_12084168_سقزیااااااا_1402/06/30 23:41,0,1.0942455856950868,Low,2.016475150834451,Low
thread_12254105_دختــرشیــرااازی_1402/07/27 18:32,0,1.0,Low,1.2795141946253001,Low
thread_12329536_starter,0,7.74074074074074,Very High,5.634693334144677,High
thread_12488568_starter,0,3.6296296296296298,Moderate,4.6820721814683,Moderate
thread_12490703_سالادباسس_1402/09/14 08:04,0,4.202504980223004,Moderate,2.4949483302626354,Low
thread_12511452_starter,0,8.37037037037037,Very High,6.651799560594887,Very High
thread_12558882_starter,0,4.0,Moderate,4.841303486751564,Moderate
thread_12584343_starter,0,4.7407407407407405,Moderate,3.525667778757326,Moderate
thread_12622997_starter,0,7.74074074074074,Very High,6.873536921212284,Very High
thread_12626461_starter,0,8.0878292233829,Very High,7.107546295007202,Very High
thread_12626461_ماه_تاریک_1402/09/24 20:13,0,1.0,Low,1.7034647742937659,Low
thread_12664279_starter,0,1.871310434327066,Low,3.1233479669034407,Moderate
thread_12729765_starter,0,8.0,Very High,6.24245902003692,High
thread_12767944_starter,0,8.0,Very High,6.761486884150975,Very High
thread_12779069_starter,0,3.425440131591025,Moderate,3.6501236412506475,Moderate
thread_12837509_starter,0,6.0,High,7.076084510897777,Very High
thread_12937930_starter,0,7.310764374750923,Very High,4.934516770116506,High
thread_13024186_starter,0,4.0,Moderate,5.036533099560833,High
thread_13033480_starter,0,5.37037037037037,High,6.154305206222698,High
thread_13083921_babre_maghroor_1402/12/01 23:58,0,4.202504980223004,Moderate,2.503172366022456,Low
thread_13084962_اقاقیا13_1402/12/02 02:33,0,1.0,Low,2.4565510194626867,Low
thread_13100396_starter,0,1.0942455856950868,Low,1.7122346301427953,Low
thread_13119720_starter,0,2.0,Low,3.657824818667069,Moderate
thread_13126328_starter,0,3.425440131591025,Moderate,3.3767731829239924,Moderate
thread_13158430_starter,0,3.740740740740741,Moderate,4.824863072017161,Moderate
thread_13215756_starter,0,4.979569828854984,Moderate,6.605862330769304,Very High
thread_13330577_starter,0,5.7566346774869634,High,6.521295116412615,Very High
thread_13382485_starter,0,7.111111111111111,Very High,5.004497528202206,High
thread_13401210_starter,0,6.533699526118942,High,6.1708839393803006,High
thread_13648135_starter,0,6.370370370370369,High,6.696794507455604,Very High
thread_13658744_starter,0,6.0,High,3.973723341176322,Moderate
thread_13681327_starter,0,6.533699526118942,High,6.104434897722735,High
thread_13758742_starter,0,7.111111111111111,Very High,6.306981948252318,High
thread_13784977_starter,0,5.7566346774869634,High,4.85437324252002,Moderate
thread_13790145_starter,0,5.7566346774869634,High,6.541300629200567,Very High
thread_13792458_starter,0,5.481481481481481,High,5.693550365444306,High
thread_13795820_starter,0,7.310764374750923,Very High,6.439048500392803,High
thread_13874574_starter,0,4.979569828854984,Moderate,4.918657147797027,High
thread_13924111_starter,0,4.202504980223004,Moderate,4.787138899418671,Moderate
thread_13950623_starter,0,2.7407407407407405,Low,4.6899707473815555,Moderate
thread_14025896_starter,0,3.425440131591025,Moderate,5.2351577324028735,High
thread_14030200_starter,0,5.999999999999999,High,6.411997152707473,High
thread_14032585_starter,0,5.7407407407407405,High,6.576950720458314,Very High
thread_14033856_starter,0,3.425440131591025,Moderate,3.0630290753465608,Low
thread_14074444_starter,0,6.533699526118942,High,7.226717212460009,Very High
thread_14101047_starter,0,4.979569828854984,Moderate,3.443363983127283,Moderate
thread_14116034_starter,0,4.37037037037037,Moderate,5.2757474444252335,High
thread_14123256_starter,0,1.7407407407407407,Low,2.4082898472144727,Low
thread_14274029_starter,0,1.871310434327066,Low,1.910611769035392,Low
thread_14306709_starter,0,5.7407407407407405,High,6.356418066999319,High
thread_14336386_starter,0,3.425440131591025,Moderate,5.044409679861726,High
thread_14406341_starter,0,6.533699526118942,High,7.13768651726248,Very High
thread_14450109_starter,0,5.7566346774869634,High,5.277551083765767,High
thread_14503463_starter,0,4.0,Moderate,4.0377210626586155,Moderate
thread_14508573_starter,0,4.979569828854984,Moderate,6.2646635020091175,High
thread_14536564_starter,0,5.7566346774869634,High,3.916719077483754,Moderate
thread_14540540_starter,0,3.425440131591025,Moderate,1.7916444265312665,Low
thread_14581489_starter,0,4.979569828854984,Moderate,3.8525271897920663,Moderate
thread_14635132_starter,0,5.7566346774869634,High,5.677062369446155,High
thread_14644222_starter,0,1.3703703703703702,Low,3.015947221109442,Low
thread_14651105_starter,0,2.6296296296296293,Low,4.446351385082661,Moderate
thread_14761518_starter,0,8.74074074074074,Very High,7.851880251862248,Very High
thread_14768783_starter,0,6.533699526118942,High,5.507364108788064,High
thread_14816405_starter,0,3.4814814814814814,Moderate,2.8030626501558267,Low
thread_14831228_starter,0,6.481481481481481,High,4.77097940277303,Moderate
thread_14835631_starter,0,4.7407407407407405,Moderate,4.330564084294938,Moderate
thread_14846163_starter,0,5.37037037037037,High,5.3546186831034195,High
thread_14848107_starter,0,4.979569828854984,Moderate,6.241625144473106,High
thread_14859600_starter,0,6.0,High,7.2062161910655345,Very High
thread_14902370_starter,0,5.111111111111111,High,4.3126054464475905,Moderate
thread_14998331_starter,0,6.0,High,5.409267534403377,High
thread_15084278_starter,0,1.0942455856950868,Low,1.3234929113762655,Low
thread_15111010_starter,0,4.111111111111111,Moderate,4.799701773247694,Moderate
thread_15128442_starter,0,8.74074074074074,Very High,7.135353948772794,Very High
thread_15172215_starter,0,4.202504980223004,Moderate,4.027411228482272,Moderate
thread_15195485_starter,0,7.310764374750923,Very High,6.921023456937433,Very High
thread_15221409_starter,0,8.999999999999998,Very High,7.378237135919412,Very High
thread_15250810_starter,0,8.37037037037037,Very High,6.979598523745462,Very High
thread_15265941_starter,0,7.310764374750923,Very High,7.422647481029214,Very High
thread_15284751_starter,0,6.481481481481481,High,6.227400906813843,High
thread_15407174_starter,0,5.37037037037037,High,6.9888693358432175,Very High
thread_15445133_starter,0,4.7407407407407405,Moderate,5.734128583605318,High
thread_15488247_starter,0,5.37037037037037,High,5.223335922755456,High
thread_15496846_starter,0,4.0,Moderate,4.209887637861934,Moderate
thread_15563085_starter,0,6.0,High,6.120211269981956,High
thread_15580398_starter,0,5.0,High,4.622796682844464,Moderate
thread_15631677_starter,0,6.533699526118942,High,6.2682579754754935,High
thread_15698699_starter,0,1.0942455856950868,Low,2.565829022339269,Low
thread_15776780_starter,0,4.37037037037037,Moderate,4.283433881313263,Moderate
thread_15857281_starter,0,4.37037037037037,Moderate,4.823349694432598,Moderate
thread_15861502_starter,0,2.259259259259259,Low,1.2676453984846021,Low
thread_15862474_starter,0,4.0,Moderate,4.626308667444042,Moderate
thread_15925701_starter,0,2.3703703703703702,Low,3.666093332104052,Moderate
thread_15992913_jani396_1404/01/26 08:47,0,1.0942455856950868,Low,1.3608622678493512,Low
thread_16035845_starter,0,2.6296296296296293,Low,3.720922905933102,Moderate
thread_16036280_starter,0,5.111111111111111,High,5.387034603961544,High
thread_16064919_starter,0,4.979569828854984,Moderate,5.8025838984444285,High
thread_16076340_starter,0,4.202504980223004,Moderate,4.043536672510455,Moderate
thread_16102378_starter,0,5.7407407407407405,High,5.570073215582485,High
thread_16113514_starter,0,9.370370370370368,Very High,7.1615767515299105,Very High
thread_16175210_starter,0,5.7566346774869634,High,5.6942568358229,High
thread_16176651_starter,0,5.7566346774869634,High,4.821119169262904,Moderate
thread_16198400_starter,0,4.7407407407407405,Moderate,5.104505999293899,High
thread_16203262_starter,0,4.7407407407407405,Moderate,5.565110892381701,High
thread_16262030_starter,0,5.0,High,3.9905852489920592,Moderate
thread_16263099_starter,0,6.0,High,5.7067328453585215,High
thread_16272870_starter,0,4.202504980223004,Moderate,4.914876888598247,High
thread_16289345_starter,0,6.533699526118942,High,5.062485726501112,High
thread_16292255_starter,0,4.202504980223004,Moderate,6.625580147612986,Very High
thread_16293089_starter,0,7.310764374750923,Very High,5.132346277828607,High
thread_16295930_starter,0,8.0878292233829,Very High,7.791551384094342,Very High
thread_16308743_starter,0,1.871310434327066,Low,2.2511478986970896,Low
thread_16311060_starter,0,1.0942455856950868,Low,3.617416047404086,Moderate
thread_16344874_starter,0,4.979569828854984,Moderate,6.440883772066941,High
thread_16345478_starter,0,6.111111111111111,High,4.837669296484238,Moderate
thread_16356977_starter,0,5.7566346774869634,High,4.873291488564977,Moderate
thread_16379824_starter,0,8.0878292233829,Very High,7.2617608070562225,Very High
thread_16383563_starter,0,8.0,Very High,6.070788720354843,High
thread_16387430_starter,0,7.370370370370369,Very High,6.826021305499289,Very High
thread_16392413_starter,0,6.7407407407407405,High,7.526779228144708,Very High
thread_16396195_starter,0,2.648375282959045,Low,5.58466945188542,High
thread_16424178_starter,0,3.0,Moderate,4.603469445283297,Moderate
thread_16430418_starter,0,5.7566346774869634,High,6.304443297595403,High
thread_16431277_starter,0,1.0,Low,2.0410578962752566,Low
thread_16439269_starter,0,4.202504980223004,Moderate,5.037484878046744,High
thread_16447571_starter,0,3.0,Moderate,4.20245905177581,Moderate
thread_16459599_starter,0,4.0,Moderate,4.081817789613156,Moderate
thread_16479773_بانوی،ایرانی_1404/04/12 21:38,0,1.871310434327066,Low,1.451601577268752,Low
thread_16479773_مامانبرقی_1404/04/12 21:38,0,1.0,Low,1.2592827703774647,Low
thread_16485128_starter,0,8.74074074074074,Very High,6.357470121517602,High
thread_16509795_starter,0,3.425440131591025,Moderate,2.1523899378473166,Low
thread_16533974_starter,0,2.648375282959045,Low,4.19424759326691,Moderate
thread_16545448_starter,0,6.0,High,6.928867465370132,Very High
thread_16548589_starter,0,2.111111111111111,Low,3.531993853224653,Moderate
thread_16571722_starter,0,7.0,Very High,6.271672927647916,High
thread_16617776_starter,0,5.7407407407407405,High,7.009758175975424,Very High
thread_16647431_starter,0,1.0,Low,2.7459275855444996,Low
thread_16663424_starter,0,2.7407407407407405,Low,4.986524084400125,High
thread_16666595_starter,0,5.7566346774869634,High,6.460516346479034,High
thread_16668587_starter,0,7.0,Very High,5.62320315599594,High
thread_16672542_starter,0,5.0,High,4.113479284954467,Moderate
thread_16699939_starter,0,5.0,High,6.210759388690407,High
thread_16747183_starter,0,8.74074074074074,Very High,7.216751330845908,Very High
thread_16759143_starter,0,1.0942455856950868,Low,1.6103230134727426,Low
thread_16763377_starter,0,5.7566346774869634,High,4.649718190482934,Moderate
thread_16768790_starter,0,2.648375282959045,Low,5.132525647752383,High
thread_16789567_starter,0,4.202504980223004,Moderate,4.916767205444621,High
thread_16844590_starter,0,5.111111111111111,High,6.570618712087612,Very High
thread_16861240_starter,0,4.481481481481481,Moderate,5.605510881432795,High
thread_16864348_starter,0,5.7566346774869634,High,6.228997970081093,High
thread_16866870_starter,0,4.979569828854984,Moderate,4.908993057733365,High
thread_16902413_starter,0,1.0,Low,2.271454021340624,Low
thread_16936006_starter,0,5.481481481481481,High,7.184385581068323,Very High
thread_16943508_starter,0,5.7566346774869634,High,6.88848733534449,Very High
thread_16971864_starter,0,5.0,High,5.252417687780088,High
thread_16975290_starter,0,6.533699526118942,High,6.250493762660973,High
thread_17002943_starter,0,4.202504980223004,Moderate,3.9504638115819986,Moderate
thread_17020100_starter,0,7.0,Very High,5.334311547458733,High
thread_17031712_starter,0,5.7566346774869634,High,5.4823458603395645,High
thread_17140773_starter,0,6.533699526118942,High,6.849980822470675,Very High
thread_17211576_starter,0,5.0,High,4.104462490846921,Moderate
thread_17232189_starter,0,3.425440131591025,Moderate,4.728622703765835,Moderate
thread_17264585_starter,0,4.979569828854984,Moderate,7.445395884077355,Very High
thread_17272394_starter,0,7.74074074074074,Very High,6.0080996111274185,High
thread_17297575_starter,0,6.0,High,5.029388609967742,High
thread_17339756_starter,0,6.533699526118942,High,6.204999594159493,High
thread_17351135_starter,0,2.111111111111111,Low,1.5060322457024755,Low
thread_17354657_starter,0,4.979569828854984,Moderate,5.094772920670355,High
thread_17357376_starter,0,5.7566346774869634,High,6.217751071300958,High
thread_17365273_starter,0,1.871310434327066,Low,1.2609873667158542,Low
thread_17385384_starter,0,8.74074074074074,Very High,7.099252245447094,Very High
thread_17387667_starter,0,3.425440131591025,Moderate,3.668394595437027,Moderate
thread_17418531_starter,0,1.871310434327066,Low,4.6234919365758005,Moderate
thread_17446016_starter,0,5.7566346774869634,High,4.763286382176161,Moderate
thread_17454787_starter,0,2.648375282959045,Low,3.1919073499852786,Moderate
thread_17462289_starter,0,5.7566346774869634,High,5.904661426561019,High
thread_17463388_starter,0,3.0,Moderate,4.4705823143322645,Moderate
thread_17463958_starter,0,5.7566346774869634,High,6.8646990717496035,Very High
thread_17466649_starter,0,7.0,Very High,4.3489156611521045,Moderate
thread_17474264_starter,0,6.0,High,6.2890277797919705,High
thread_17475934_starter,0,8.0878292233829,Very High,6.6545037997476335,Very High
thread_17477702_starter,0,2.648375282959045,Low,3.6884306396483217,Moderate
thread_17479236_starter,0,6.0,High,6.111392114295076,High
thread_17485268_starter,0,5.7407407407407405,High,6.304385506141171,High
thread_17488300_starter,0,4.979569828854984,Moderate,5.6096398166665935,High
thread_17504974_starter,0,1.0,Low,1.3000969669161555,Low
thread_17525260_starter,0,1.871310434327066,Low,3.8694480774643916,Moderate
thread_17551417_starter,0,3.425440131591025,Moderate,3.8751617543173578,Moderate
thread_17559745_starter,0,2.648375282959045,Low,4.4747830453067055,Moderate
thread_17572090_starter,0,4.202504980223004,Moderate,3.9052166569052846,Moderate
thread_17599397_starter,0,5.7566346774869634,High,6.504092406529342,Very High
thread_17627324_starter,0,2.648375282959045,Low,3.890442300887581,Moderate
thread_17645973_starter,0,8.0878292233829,Very High,3.271192543460846,Moderate
thread_17656049_starter,0,1.0942455856950868,Low,2.3669250990656137,Low
thread_17665660_starter,0,6.533699526118942,High,4.919261625985739,High
thread_17666523_starter,0,4.7407407407407405,Moderate,5.890259790650896,High
thread_17668245_starter,0,6.481481481481481,High,7.058325456286605,Very High
thread_17702649_starter,0,4.979569828854984,Moderate,6.036498504428077,High
thread_17703970_starter,0,3.0,Moderate,4.137985973687071,Moderate
thread_17705262_starter,0,2.648375282959045,Low,1.7417119678129604,Low
thread_17714593_starter,0,2.648375282959045,Low,5.9041310127546565,High
thread_17717222_starter,0,3.0,Moderate,3.129673411048153,Moderate
thread_17729577_starter,0,1.0,Low,1.1760217241101092,Low
thread_17738682_starter,0,3.425440131591025,Moderate,5.026476251308114,High
thread_17742977_starter,0,2.648375282959045,Low,5.533773100717369,High
thread_17752461_starter,0,1.871310434327066,Low,2.4278233700753047,Low
thread_17769815_starter,0,4.0,Moderate,5.312080833662341,High
thread_17792227_starter,0,1.0,Low,1.7878663938752006,Low
thread_17813192_starter,0,4.979569828854984,Moderate,5.841531885127251,High
thread_17848952_starter,0,1.0,Low,1.7269934491442323,Low
thread_17858423_starter,0,8.0,Very High,6.130248952967406,High
thread_17890361_starter,0,5.7566346774869634,High,7.47200200217905,Very High
thread_17920844_starter,0,6.370370370370369,High,4.417246029425477,Moderate
thread_17945994_starter,0,2.648375282959045,Low,5.371625585457353,High
thread_17956029_starter,0,2.648375282959045,Low,2.53326965084782,Low
thread_17968661_starter,0,4.37037037037037,Moderate,3.7741890228583017,Moderate
thread_17973162_starter,0,5.0,High,5.083147387894686,High
thread_17977029_starter,0,1.871310434327066,Low,2.1667631588942253,Low
thread_17982612_starter,0,1.871310434327066,Low,2.676620604975401,Low
thread_17986579_starter,0,2.648375282959045,Low,3.914889640396985,Moderate
thread_17992241_starter,0,3.425440131591025,Moderate,2.7503510413245373,Low
thread_18012047_starter,0,4.851851851851851,Moderate,6.160928325419418,High
thread_18019725_starter,0,7.310764374750923,Very High,7.537238751431409,Very High
thread_18022336_starter,0,4.111111111111111,Moderate,3.8164586856555847,Moderate
thread_18028954_starter,0,4.851851851851851,Moderate,4.708536571334479,Moderate
thread_18033787_starter,0,4.979569828854984,Moderate,6.715773006918001,Very High
thread_18034586_starter,0,1.0942455856950868,Low,1.0,Low
thread_18038870_starter,0,8.0878292233829,Very High,7.10333024773839,Very High
thread_18039873_starter,0,4.202504980223004,Moderate,3.3751691820520686,Moderate
thread_18041515_starter,0,2.0,Low,3.0018561650227675,Low
thread_18045798_starter,0,3.111111111111111,Moderate,4.109085815669423,Moderate
thread_18049840_starter,0,1.0,Low,1.2649421896926247,Low
thread_18058797_starter,0,2.648375282959045,Low,4.381005448469733,Moderate
thread_18062713_starter,0,5.0,High,1.9339409913135441,Low
thread_18063879_starter,0,4.979569828854984,Moderate,4.216694422835144,Moderate
thread_18075029_starter,0,5.7407407407407405,High,5.758648112307707,High
thread_18076023_starter,0,6.533699526118942,High,6.280589613367859,High
thread_18077956_starter,0,6.533699526118942,High,6.454285852431429,High
thread_18079151_starter,0,2.4814814814814814,Low,3.7206511332019683,Moderate
thread_18083072_starter,0,5.0,High,4.989285360311833,High
thread_18097781_starter,0,3.851851851851852,Moderate,2.8575694125470807,Low
thread_18102462_starter,0,6.533699526118942,High,4.864303475722053,Moderate
thread_18106739_starter,0,2.3703703703703702,Low,3.08472177579053,Low
thread_18132012_starter,0,6.7407407407407405,High,6.342672448333434,High
thread_18132125_starter,0,3.4814814814814814,Moderate,5.730254135533074,High
thread_18138555_starter,0,1.871310434327066,Low,3.0009153013903034,Low
thread_18138891_starter,0,1.871310434327066,Low,2.0177355365775043,Low
thread_18139947_starter,0,3.740740740740741,Moderate,3.7346214575746726,Moderate
thread_18140508_starter,0,1.0,Low,1.1341525725604158,Low
thread_18141367_starter,0,1.871310434327066,Low,3.9300459059168817,Moderate
thread_18142809_starter,0,7.0,Very High,2.575325237110116,Low
thread_18143618_starter,0,6.0,High,3.650592246413348,Moderate
thread_18144457_starter,0,4.0,Moderate,4.855832496109093,Moderate
thread_6044069_درانتظاربارداری_1399/12/17 23:39,0,6.533699526118942,High,6.77582758977486,Very High
thread_6157536_starter,0,5.111111111111111,High,6.6165806864260475,Very High
thread_6220408_دختر_زمستون۱۳۷۵_1400/01/18 00:34,0,1.871310434327066,Low,3.930203168025691,Moderate
thread_6337130_بالکبابی_1400/02/03 23:55,0,1.0942455856950868,Low,1.3185273054281574,Low
thread_6373847_shahdokhttt_1400/02/09 03:21,0,1.0942455856950868,Low,1.208717831632685,Low
thread_6373847_starter,0,6.0,High,5.842078460370902,High
thread_6492563_starter,0,3.425440131591025,Moderate,2.1338957833629655,Low
thread_6695265_starter,0,7.0,Very High,6.838726796456253,Very High
thread_6825402_starter,0,7.0,Very High,6.983407294448831,Very High
thread_6945164_farzanebano_1400/05/07 16:35,0,1.871310434327066,Low,2.912904954620646,Low
thread_7215937_starter,0,5.111111111111111,High,6.290350465040317,High
thread_7251471_asheghe_baran_1400/06/23 14:39,0,1.0,Low,2.547188070319801,Low
thread_7251471_جوجوخرگوشه_1400/06/23 14:23,0,5.0,High,3.1471541847127837,Moderate
thread_7251471_پديده2020240_1400/06/23 14:26,0,1.0942455856950868,Low,2.1336364848192795,Low
thread_7338711_دخترمستقل_قوی_1400/07/06 01:37,0,1.0942455856950868,Low,1.930813240519877,Low
thread_7380443_starter,0,5.7407407407407405,High,4.389692744736002,Moderate
thread_7489230_starter,0,3.740740740740741,Moderate,4.72898634920803,Moderate
thread_7503258_مامان،حسینم_1400/08/03 13:37,0,3.0,Low,1.9620733238332397,Low
thread_7611913_سوفیام966_1400/08/22 13:51,0,3.740740740740741,Moderate,3.370993883252,Moderate
thread_7611913_سوفیام966_1400/08/22 13:53,0,1.0942455856950868,Low,1.481962505154042,Low
thread_7611913_سوفیام966_1400/08/22 14:02,0,1.0,Low,1.1033571901382535,Low
thread_7650399_starter,0,5.7407407407407405,High,6.50912632148942,Very High
thread_8130945_مامانl_1400/11/22 21:57,0,6.370370370370369,High,4.933767178142745,High
thread_8169380_موهیتو_خوشمزه_1400/11/29 14:09,0,1.0942455856950868,Low,2.766047015210242,Low
thread_8180526_ياس۶۶۷۷_1400/12/01 12:44,0,4.0,Moderate,2.5439300195023833,Low
thread_8209187_starter,0,5.37037037037037,High,4.377813862240669,Moderate
thread_8367373_مادرجانیم_1401/01/05 02:28,0,1.3703703703703702,Low,1.7703567818429837,Low
thread_8548684_ژالبن_1401/02/06 08:00,0,1.0,Low,1.6236809529329088,Low
thread_8570985_تاااارا_1401/02/10 04:10,0,1.0,Low,2.455625380188553,Low
thread_8622569_همیشه_غمگین_1401/02/19 05:04,0,5.7566346774869634,High,4.497424107803114,Moderate
thread_8668375_starter,0,6.533699526118942,High,6.553982471258884,Very High
thread_8676042_بارانشونم_1401/02/28 14:43,0,1.0,Low,1.0,Low
thread_8704641_ane7814_1401/03/02 09:33,0,2.259259259259259,Low,1.5528938120848728,Low
thread_8704641_دخترباهوش2000_1401/03/02 09:36,0,3.3703703703703702,Moderate,3.4284495429528627,Moderate
thread_9314785_starter,0,4.0,Moderate,6.185219268607969,High
thread_9345142_starter,0,5.7566346774869634,High,4.245778226207796,Moderate
thread_9428877_مرسده2mersedeh_1401/07/07 17:38,0,3.3703703703703702,Moderate,4.907640296383052,High
thread_9499929_starter,0,7.310764374750923,Very High,7.2049358813661675,Very High
thread_9499929_مامان_امیر؟؟؟؟_1401/07/21 20:36,0,1.0942455856950868,Low,2.6131384738436205,Low
thread_9637429_starter,0,5.7566346774869634,High,5.658637189167183,High
thread_9652473_starter,0,3.740740740740741,Moderate,5.512224488167014,High
thread_9675131_حسناامیدم_1401/08/22 22:43,0,1.0,Low,3.0084888000749226,Low
thread_9686580_starter,0,2.3703703703703702,Low,4.788603167146343,Moderate
thread_9808501_starter,0,1.0942455856950868,Low,4.267488287535921,Moderate
thread_9822791_ati9998_1401/09/15 09:14,0,6.0,High,3.2684173875718936,Moderate
thread_9822791_starter,0,3.0,Moderate,5.2985469298613594,High
thread_9822791_عاشقصورتی_1401/09/15 09:29,0,1.0942455856950868,Low,1.8520421180718487,Low
thread_9825032_starter,0,8.37037037037037,Very High,7.20197717533137,Very High
thread_9902946_starter,0,3.0,Low,4.568981126314211,Moderate
thread_9919084_دینامت2_1401/09/28 22:30,0,5.7566346774869634,High,4.662139314872601,Moderate
thread_9993961_starter,0,1.0,Low,2.3262283805126143,Low
253153415,1,1.0942455856950868,Low,1.8637452384374416,Low
254564444,1,6.0,High,4.161622625673748,Moderate
255921942,1,2.0,Low,4.136361831843941,Moderate
258094665,1,5.0,High,4.355860369045343,Moderate
258280572,1,1.871310434327066,Low,1.3164263212084553,Low
258281682,1,5.111111111111111,High,4.014982543243338,Moderate
259250612,1,1.0,Low,2.3669941382271764,Low
261678959,1,7.370370370370369,Very High,5.6005215672406,High
262385462,1,1.871310434327066,Low,2.7309797983864037,Low
267086338,1,2.648375282959045,Low,2.2740346625716676,Low
267262484,1,5.0,High,4.523597301370217,Moderate
267767458,1,1.6296296296296298,Low,2.936267719574273,Low
268458841,1,1.7407407407407407,Low,4.791983015211283,Moderate
270638685,1,1.0,Low,1.0800249079069597,Low
270638842,1,1.0,Low,1.1775231520671174,Low
272388121,1,1.3703703703703702,Low,2.9307356450687654,Low
272388740,1,5.7407407407407405,High,6.117265993991467,High
274601464,1,1.0942455856950868,Low,1.4988047785257121,Low
274674125,1,1.0942455856950868,Low,2.1284533664154504,Low
277331416,1,3.0,Moderate,4.3451519480240055,Moderate
277331582,1,1.0,Low,1.238904315106177,Low
278215477,1,1.0,Low,1.2422624650560343,Low
278633682,1,3.0,Moderate,3.5803091753724603,Moderate
278640704,1,1.0942455856950868,Low,3.443469269196767,Moderate
280457835,1,1.0,Low,1.1531835287714483,Low
282666403,1,6.533699526118942,High,4.505983796296119,Moderate
284927360,1,1.0,Low,4.136332382908439,Moderate
285475006,1,1.0,Low,1.4150042261141165,Low
285476011,1,1.3703703703703702,Low,1.9747231608522453,Low
285957632,1,4.0,Moderate,2.245271500181017,Low
285958039,1,5.111111111111111,High,4.985300473378476,High
286466009,1,2.3703703703703702,Low,2.500778887069875,Low
287252082,1,4.0,Moderate,2.5647879933452935,Low
288108932,1,1.0,Low,1.1486216106671074,Low
288473882,1,1.0,Low,2.87404861166089,Low
288780924,1,1.0,Low,1.0974199769230597,Low
289278586,1,3.425440131591025,Moderate,2.0788124309381706,Low
289837331,1,1.871310434327066,Low,3.5444894069710955,Moderate
292565904,1,1.0,Low,1.0473585506335694,Low
292566474,1,1.0,Low,1.3803332155347943,Low
294021307,1,1.0942455856950868,Low,1.7670756987875231,Low
294021601,1,5.0,High,3.666037626266376,Moderate
294911042,1,4.0,Moderate,4.487551974531033,Moderate
296200405,1,4.0,Moderate,4.201583981458186,Moderate
296791668,1,1.0942455856950868,Low,2.042138174170444,Low
296975563,1,4.0,Moderate,2.636891829972024,Low
297009293,1,1.0942455856950868,Low,1.1969931820299218,Low
297263785,1,1.0,Low,1.2705864303739949,Low
297716783,1,1.0942455856950868,Low,1.6712012649127503,Low
299861162,1,1.0,Low,1.0,Low
300400566,1,1.0,Low,1.2247070403311762,Low
302013232,1,1.0942455856950868,Low,3.0018829998577163,Low
304411872,1,1.0942455856950868,Low,1.4343003271984651,Low
305127935,1,1.0,Low,1.9309603122213372,Low
307398355,1,2.3703703703703702,Low,3.115303940110691,Moderate
307439755,1,1.0942455856950868,Low,1.584283840774893,Low
307992600,1,4.37037037037037,Moderate,3.802304899949914,Moderate
307993037,1,1.0,Low,1.6187356599353495,Low
308144587,1,1.0942455856950868,Low,2.407597987157146,Low
309128872,1,1.0,Low,1.079382374464815,Low
309574973,1,5.7566346774869634,High,6.058998184005578,High
309575154,1,1.7407407407407407,Low,3.1884281977415547,Moderate
310547458,1,1.0,Low,1.3030881818949682,Low
310984490,1,1.0,Low,2.089995804278151,Low
312439872,1,1.871310434327066,Low,2.737170077519929,Low
314607530,1,1.0942455856950868,Low,1.297150835002574,Low
315614530,1,1.0,Low,2.5439418897319728,Low
315618375,1,5.111111111111111,High,4.248375204581276,Moderate
315669813,1,1.0942455856950868,Low,1.104873101301525,Low
316700304,1,1.0,Low,1.5324056343104089,Low
318323892,1,1.0,Low,1.132359432379681,Low
318458841,1,1.871310434327066,Low,3.116554621726344,Moderate
318805006,1,2.3703703703703702,Low,1.4318926158506766,Low
319255785,1,1.3703703703703702,Low,1.1778132795273697,Low
319257023,1,2.648375282959045,Low,3.2234933190492328,Moderate
319326534,1,4.0,Moderate,2.5320182695595603,Low
319420017,1,1.0942455856950868,Low,1.3082422394722597,Low
319550343,1,2.648375282959045,Low,3.2108136947631456,Moderate
320094015,1,8.37037037037037,Very High,5.972615346816267,High
320099321,1,1.0,Low,1.3928543584402848,Low
320187542,1,1.0,Low,1.3234311023807384,Low
320312812,1,1.871310434327066,Low,3.224674931244179,Moderate
320508220,1,2.0,Low,3.397543210595063,Moderate
320713781,1,5.37037037037037,High,4.6368253118964535,Moderate
320718138,1,1.7407407407407407,Low,2.507331636703456,Low
320873049,1,1.0,Low,1.1189128655797336,Low
321129927,1,8.0,Very High,5.6323770417884855,High
321773819,1,3.425440131591025,Moderate,3.3896210556269253,Moderate
321775493,1,1.0942455856950868,Low,1.8733281761264093,Low
323054408,1,1.0,Low,1.108807827094978,Low
323206077,1,2.648375282959045,Low,3.1475120552719016,Moderate
323450711,1,1.0942455856950868,Low,1.3280834704253808,Low
323998752,1,1.0,Low,1.2661690914330306,Low
325536984,1,3.3703703703703702,Moderate,2.398684418332569,Low
325891005,1,1.0,Low,1.2669854181159033,Low
326910515,1,1.0942455856950868,Low,1.370242214003234,Low
328075987,1,1.0,Low,1.0878700006445707,Low
328150191,1,4.202504980223004,Moderate,4.300147738256194,Moderate
328235217,1,1.0,Low,1.216919074187957,Low
328360017,1,5.0,High,4.794867642086105,Moderate
328384635,1,4.0,Moderate,5.182448550109999,High
329040475,1,6.0,High,5.0087588850280165,High
329040830,1,3.0,Moderate,2.6461147622689687,Low
329055981,1,2.648375282959045,Low,5.308052161646735,High
329548406,1,3.0,Moderate,2.6228207554557565,Low
330073876,1,1.871310434327066,Low,3.762953096149582,Moderate
330732392,1,1.3703703703703702,Low,3.256145170289395,Moderate
330775486,1,2.648375282959045,Low,3.2510247197375395,Moderate
330864451,1,6.0,High,6.610277362858015,Very High
331153499,1,1.0942455856950868,Low,1.5828765329626862,Low
332537326,1,1.0,Low,1.24724212600972,Low
332606419,1,1.6296296296296298,Low,1.5212443419266974,Low
332927003,1,3.425440131591025,Moderate,2.445582927054477,Low
332927510,1,3.0,Moderate,2.2248327867477338,Low
333855122,1,2.3703703703703702,Low,3.2718505005744527,Moderate
333972154,1,4.0,Moderate,3.819067081546078,Moderate
334050236,1,4.202504980223004,Moderate,4.548527495438305,Moderate
334342040,1,6.7407407407407405,High,5.4889503486899045,High
335032875,1,1.0,Low,1.7755473649092814,Low
335460094,1,2.648375282959045,Low,4.784084741350393,Moderate
336152400,1,1.0,Low,1.7346039414013896,Low
336161298,1,3.425440131591025,Moderate,2.9509836385190256,Low
336161322,1,1.3703703703703702,Low,2.739226810267752,Low
336715197,1,3.0,Moderate,4.10317260058926,Moderate
337140229,1,1.0,Low,1.5464683839745437,Low
337288415,1,1.0942455856950868,Low,2.2151334197271093,Low
338271545,1,3.0,Moderate,1.960367148350589,Low
338278016,1,1.0,Low,1.5393531992500304,Low
338604901,1,1.871310434327066,Low,2.9944301171509125,Low
338775912,1,5.0,High,2.4387090438470054,Low
338895904,1,1.0,Low,1.4513467572340613,Low
339220218,1,1.871310434327066,Low,2.577876029673117,Low
339392745,1,1.0,Low,1.1816121602417273,Low
339405295,1,1.0,Low,1.2973479181046828,Low
340078109,1,3.425440131591025,Moderate,3.3805776872325484,Moderate
340276822,1,3.0,Low,2.9411524085627665,Low
340948457,1,1.0942455856950868,Low,1.2944658375644829,Low
341383559,1,1.0,Low,3.0357865047543036,Low
341964163,1,1.0942455856950868,Low,3.8200155528136333,Moderate
342116292,1,1.871310434327066,Low,3.431648132045197,Moderate
342328487,1,1.0,Low,1.4829618712993269,Low
342713285,1,1.0942455856950868,Low,2.117789781255044,Low
342713435,1,1.0942455856950868,Low,2.9312526536871397,Low
342714491,1,4.37037037037037,Moderate,3.7544838921318284,Moderate
343527077,1,2.6296296296296293,Low,5.359408563465751,High
343916868,1,1.0,Low,1.0,Low
344045737,1,4.0,Moderate,1.727077522876646,Low
344053253,1,2.0,Low,3.759559516056356,Moderate
344062764,1,4.0,Moderate,3.2830714102634118,Moderate
344063920,1,2.648375282959045,Low,4.729108326178065,Moderate
344163685,1,2.648375282959045,Low,4.4179148286588905,Moderate
344226864,1,1.0,Low,1.234002873271539,Low
344369267,1,2.648375282959045,Low,3.690254289131542,Moderate
344569507,1,1.871310434327066,Low,1.5939294152252859,Low
344900800,1,3.425440131591025,Moderate,2.060376916018861,Low
344993204,1,1.0,Low,1.129121144654344,Low
345141940,1,1.0942455856950868,Low,1.8817373820586505,Low
345364070,1,1.0942455856950868,Low,2.4876872706286477,Low
345393591,1,1.6296296296296298,Low,3.1776099337051606,Moderate
345800304,1,1.871310434327066,Low,3.3069894609953674,Moderate
345813835,1,1.0,Low,3.6542585377466765,Moderate
345836157,1,1.3703703703703702,Low,2.5550731182807658,Low
345836452,1,1.0942455856950868,Low,3.0183891180899716,Low
345837983,1,2.648375282959045,Low,3.699892508523822,Moderate
346198084,1,1.0,Low,1.5569065265877473,Low
346558171,1,4.979569828854984,Moderate,5.985903844607192,High
348008600,1,6.0,High,5.7731292864946075,High
348009903,1,6.0,High,5.531670625800519,High
348056220,1,1.0942455856950868,Low,1.2616767940653149,Low
348920130,1,1.0,Low,1.136919168899377,Low
349143519,1,5.999999999999999,High,5.223997452499279,High
349342500,1,3.0,Low,3.13646297823426,Moderate
349974496,1,1.0,Low,1.6195419723225468,Low
349997903,1,1.0,Low,1.6389473827256005,Low
350003809,1,5.7566346774869634,High,5.675942307422028,High
350410455,1,1.0942455856950868,Low,2.3891685167142223,Low
350853418,1,4.481481481481481,Moderate,4.683178761343147,Moderate
350876189,1,5.7566346774869634,High,5.058872466839044,High
351334385,1,1.871310434327066,Low,2.896712381255721,Low
351380809,1,2.648375282959045,Low,2.0957497990787783,Low
351877726,1,3.740740740740741,Moderate,3.3181166575086523,Moderate
352931621,1,1.0,Low,2.6570040302795004,Low
352931641,1,1.0942455856950868,Low,1.8073435473497894,Low
352945310,1,1.0942455856950868,Low,2.066332901941008,Low
353324171,1,2.648375282959045,Low,1.8678915037893749,Low
353408482,1,1.871310434327066,Low,3.309327751411124,Moderate
354063237,1,1.0,Low,1.1982311367124425,Low
354948423,1,1.0,Low,1.5744681753221612,Low
355001607,1,4.0,Moderate,2.865978016651675,Low
355003114,1,1.0,Low,2.2060945234231104,Low
355164671,1,4.202504980223004,Moderate,5.138467459126947,High
355362046,1,2.0,Low,2.8357946529300193,Low
355615811,1,6.0,High,4.176243589002754,Moderate
355937151,1,3.0,Moderate,2.0760513288836266,Low
355974987,1,1.0,Low,1.1288836939582478,Low
356134022,1,3.0,Moderate,1.891096195825328,Low
356277563,1,8.0,Very High,3.923255051386982,Moderate
356720854,1,1.0942455856950868,Low,2.191315111958476,Low
356941352,1,6.111111111111111,High,5.397035994694079,High
356959186,1,1.0942455856950868,Low,2.2180074496864406,Low
356961583,1,2.0,Low,1.9344587990864621,Low
357132305,1,6.7407407407407405,High,4.895940892435758,Moderate
358526430,1,1.871310434327066,Low,3.9478788231954485,Moderate
358668052,1,6.0,High,2.0282294832276433,Low
358985772,1,1.0,Low,1.1632659414962316,Low
359105333,1,5.7407407407407405,High,4.929189460424916,High
359345321,1,1.0,Low,2.1463924782721397,Low
359816527,1,1.0942455856950868,Low,1.2169921361613847,Low
359817901,1,1.0,Low,1.2417233607879394,Low
360065484,1,1.0,Low,1.1443916270319336,Low
360580404,1,4.202504980223004,Moderate,3.3088720278185613,Moderate
360580456,1,4.0,Moderate,1.5533709944164502,Low
360876957,1,2.6296296296296293,Low,3.875084339435518,Moderate
362010333,1,3.425440131591025,Moderate,4.467024734408623,Moderate
362690595,1,1.0942455856950868,Low,1.4832840286773075,Low
362787764,1,1.0,Low,1.2511182741706817,Low
362941413,1,1.0,Low,1.0772093021922,Low
363393275,1,2.0,Low,1.2440861214109433,Low
363521844,1,2.0,Low,2.32845045456086,Low
364674591,1,3.425440131591025,Moderate,3.6950130655400204,Moderate
364864337,1,1.6296296296296298,Low,3.0806621185214427,Low
364879796,1,4.37037037037037,Moderate,3.0896988146755806,Low
365037540,1,2.648375282959045,Low,2.309974392568917,Low
365634440,1,1.0,Low,1.203857750104501,Low
365750504,1,3.0,Moderate,3.6160650519177584,Moderate
365904132,1,3.425440131591025,Moderate,3.451888138834133,Moderate
366106309,1,1.0,Low,3.3819396343060375,Moderate
366372497,1,1.0942455856950868,Low,1.504545345913348,Low
366381981,1,1.6296296296296298,Low,2.756153584093527,Low
366436882,1,4.979569828854984,Moderate,3.651859390045656,Moderate
366469726,1,1.0,Low,1.1164614978570215,Low
368119796,1,1.871310434327066,Low,1.9251582824786615,Low
368153749,1,6.533699526118942,High,5.860349151044134,High
368301737,1,1.3703703703703702,Low,1.2785802578142897,Low
368980273,1,5.7407407407407405,High,6.185966271552374,High
369896253,1,6.533699526118942,High,3.8495639907554597,Moderate
370036626,1,3.425440131591025,Moderate,3.3614097523934063,Moderate
370148436,1,1.0,Low,2.89148972644385,Low
370327493,1,3.0,Moderate,4.382955807449451,Moderate
370497498,1,1.0,Low,1.5629867971830205,Low
371022829,1,1.0,Low,1.229346257850656,Low
371513146,1,1.0,Low,2.960504767365191,Low
371518193,1,3.425440131591025,Moderate,3.134849765179089,Moderate
371803967,1,1.0,Low,1.4267841893389561,Low
373449486,1,1.0942455856950868,Low,1.3051369476111074,Low
374420518,1,6.0,High,2.963840072364338,Low
374471484,1,3.0,Moderate,4.413222310559838,Moderate
374719687,1,1.0,Low,3.3324886961059237,Moderate
374887476,1,1.0,Low,1.6634988814150704,Low
374922380,1,4.111111111111111,Moderate,3.7810832092182047,Moderate
374922912,1,1.871310434327066,Low,4.233544561693354,Moderate
374990999,1,1.0,Low,1.1806295919500207,Low
374991745,1,1.871310434327066,Low,1.9497755381113493,Low
375901608,1,1.0942455856950868,Low,2.9108335478619027,Low
376577989,1,3.0,Low,3.238182854949094,Moderate
377210265,1,2.3703703703703702,Low,2.8402266786352537,Low
377402296,1,1.0,Low,1.1714927697205066,Low
377508370,1,1.0,Low,1.299532744704798,Low
378156330,1,5.37037037037037,High,3.7594035539665356,Moderate
378655316,1,7.74074074074074,Very High,5.658098695783732,High
379656337,1,1.6296296296296298,Low,1.683606109177331,Low
379946879,1,4.0,Moderate,2.692357174080861,Low
380872414,1,1.0,Low,1.212624465168889,Low
380873897,1,1.3703703703703702,Low,2.383554878748063,Low
380996754,1,5.111111111111111,High,4.607004555803983,Moderate
381206204,1,1.0942455856950868,Low,1.3758798449834901,Low
381301799,1,1.871310434327066,Low,1.6873836470809338,Low
381578952,1,1.0,Low,1.0995126910809558,Low
381603722,1,1.0,Low,4.029844035861278,Moderate
381891157,1,1.0,Low,1.0299862384533163,Low
381956351,1,1.0,Low,1.171395390586531,Low
381978144,1,1.0942455856950868,Low,1.4990503118442229,Low
382055377,1,1.0942455856950868,Low,1.6695528683313379,Low
382068951,1,5.111111111111111,High,4.704779221673539,Moderate
382153331,1,5.0,High,1.2367305106316064,Low
382262392,1,3.0,Moderate,2.6752245216791732,Low
382717062,1,1.0,Low,1.1550995579698657,Low
383055366,1,1.0,Low,1.1530222656077616,Low
383055415,1,1.0942455856950868,Low,1.261805710994314,Low
383135389,1,3.3703703703703702,Moderate,5.111685964974569,High
383135467,1,4.202504980223004,Moderate,1.9736832328070042,Low
383171368,1,1.871310434327066,Low,1.9602267098031099,Low
383183076,1,1.6296296296296298,Low,2.179088207476792,Low
383263226,1,4.7407407407407405,Moderate,4.607005365391893,Moderate
383269532,1,1.0,Low,1.1938883344289675,Low
383553148,1,3.740740740740741,Moderate,3.2867790292009493,Moderate
383571284,1,1.0942455856950868,Low,2.3091331388292637,Low
383572257,1,4.979569828854984,Moderate,5.453641630503058,High
384114751,1,1.0,Low,1.1479457566108264,Low
384131366,1,1.0,Low,1.4667331957382803,Low
384253292,1,1.3703703703703702,Low,1.6138335886832822,Low
384557453,1,1.0,Low,1.1189574461641048,Low
384612553,1,4.37037037037037,Moderate,4.667488428112955,Moderate
385334614,1,1.0942455856950868,Low,1.8038288122031467,Low
385437153,1,5.0,High,3.497192030811437,Moderate
385659332,1,4.979569828854984,Moderate,4.339630683465806,Moderate
385668599,1,2.3703703703703702,Low,2.2466184317823705,Low
385893033,1,2.7407407407407405,Low,1.9871333224036822,Low
386545733,1,4.0,Moderate,2.408084446748072,Low
386923113,1,5.0,High,5.433857321134422,High
387719225,1,1.0,Low,1.3082096926018623,Low
389467576,1,1.0,Low,1.12923350826678,Low
390447073,1,2.0,Low,2.3704924201530075,Low
390844989,1,1.0,Low,2.270104724588993,Low
391218758,1,1.0,Low,1.6879583613856202,Low
391396419,1,1.0,Low,5.263148647892644,High
392181431,1,1.0,Low,1.138877514792295,Low
392719680,1,1.871310434327066,Low,2.5531260859518694,Low
392720745,1,1.0,Low,1.3033215786723584,Low
392935298,1,1.0,Low,1.126614156221378,Low
393887594,1,3.6296296296296298,Moderate,3.336808413058539,Moderate
393889015,1,1.0942455856950868,Low,2.100941097401205,Low
395326905,1,1.0942455856950868,Low,1.937233489343257,Low
395411876,1,1.0,Low,1.3302917292806025,Low
395490781,1,1.871310434327066,Low,1.9964682104882059,Low
395720471,1,1.0,Low,1.4187355303539504,Low
396266542,1,1.0,Low,1.3432884507326395,Low
396592260,1,1.6296296296296298,Low,1.4860531695839305,Low
396859053,1,1.0942455856950868,Low,2.9005492380603357,Low
396874219,1,4.481481481481481,Moderate,4.971648352236882,High
396887263,1,1.0,Low,1.9090790064281098,Low
397069057,1,1.0942455856950868,Low,3.1283312239348087,Moderate
397278149,1,1.0,Low,1.3150632651345266,Low
397359131,1,1.0942455856950868,Low,1.6692051527754939,Low
397470448,1,1.0,Low,1.1550635798678437,Low
397710897,1,1.871310434327066,Low,1.8455460174447675,Low
398547706,1,1.0942455856950868,Low,1.276176732914092,Low
398739842,1,5.0,High,1.8267799819232002,Low
398750204,1,1.0,Low,1.172874415630623,Low
398935208,1,1.0942455856950868,Low,1.3378418117144077,Low
398998685,1,2.0,Low,1.2303621731355414,Low
399964509,1,5.7407407407407405,High,5.189350845235984,High
400052550,1,3.425440131591025,Moderate,5.125496807634355,High
400066243,1,1.0942455856950868,Low,3.03592447703815,Low
400136830,1,1.0942455856950868,Low,1.7327757069334049,Low
400316145,1,3.111111111111111,Moderate,3.1612597606187824,Moderate
400323089,1,1.0,Low,1.1339064965236592,Low
400447650,1,1.0,Low,1.1556379824888676,Low
400724477,1,4.202504980223004,Moderate,5.174638984801755,High
401125571,1,1.0942455856950868,Low,1.6565526503538552,Low
401142027,1,1.0,Low,1.7802490054553286,Low
401347774,1,1.0,Low,1.7856634400191522,Low
401636590,1,1.0942455856950868,Low,1.3987863125149511,Low
401639781,1,5.0,High,2.5079544660904496,Low
401783083,1,1.0,Low,1.0778099392076115,Low
401889669,1,1.0,Low,1.1619515785998122,Low
401998288,1,1.0,Low,1.3725505341610162,Low
402204178,1,1.0,Low,2.0486344070350992,Low
402330140,1,5.7407407407407405,High,5.635711107979043,High
402397903,1,1.871310434327066,Low,2.4801732808426573,Low
402460515,1,1.0942455856950868,Low,1.3541175500297928,Low
403066840,1,4.259259259259259,Moderate,4.671430173538296,Moderate
403155257,1,1.0942455856950868,Low,2.6669555767592126,Low
403176088,1,1.0,Low,1.3261328915015143,Low
403198264,1,1.0,Low,1.6492573912513366,Low
403209929,1,4.0,Moderate,4.529813638958782,Moderate
403371080,1,1.0,Low,1.6223431695289232,Low
403376602,1,1.871310434327066,Low,3.6831982212533,Moderate
403463015,1,1.0,Low,1.2492316355804416,Low
403475369,1,1.0,Low,1.144753725498823,Low
404037288,1,3.0,Low,2.3782780350585804,Low
404078181,1,2.0,Low,2.8652583899388047,Low
404095273,1,6.111111111111111,High,5.6499005934593765,High
404518882,1,1.6296296296296298,Low,2.7779288509182924,Low
404521893,1,1.0,Low,1.4309124644606435,Low
404728930,1,1.3703703703703702,Low,2.04974781226818,Low
404728943,1,2.259259259259259,Low,4.679835506879714,Moderate
405005979,1,3.3703703703703702,Moderate,4.513577705681418,Moderate
405802678,1,1.7407407407407407,Low,3.410212411182779,Moderate
405919454,1,2.0,Low,2.0130953133299685,Low
406011598,1,1.0942455856950868,Low,2.665467244053988,Low
406039731,1,1.0,Low,1.1757138187595393,Low
406365992,1,1.0942455856950868,Low,1.4536823367477991,Low
406373508,1,3.740740740740741,Moderate,3.836946626139549,Moderate
406574756,1,1.0,Low,1.1746142444890926,Low
406840792,1,2.0,Low,1.7889313654898755,Low
406865158,1,1.6296296296296298,Low,2.7233121246431655,Low
407172979,1,1.6296296296296298,Low,2.0443615846894767,Low
407174797,1,8.0,Very High,5.470327775974072,High
407303034,1,1.0942455856950868,Low,1.3321509484369205,Low
407332898,1,4.37037037037037,Moderate,2.7280366630736603,Low
407626768,1,3.0,Moderate,1.41200065727755,Low
407655593,1,1.0942455856950868,Low,1.7034605953598652,Low
407788028,1,5.37037037037037,High,4.3458034000837475,Moderate
407794699,1,2.648375282959045,Low,3.261606135835675,Moderate
407970553,1,1.0,Low,1.1725938096365152,Low
408267397,1,1.0942455856950868,Low,1.4762018121499603,Low
408654047,1,4.979569828854984,Moderate,5.002743227757892,High
408688967,1,2.3703703703703702,Low,1.3514575657924346,Low
408708781,1,1.871310434327066,Low,2.691652803063878,Low
408913303,1,2.0,Low,3.413538620203722,Moderate
408954436,1,1.0942455856950868,Low,2.359784853216244,Low
408956627,1,5.37037037037037,High,4.383762270140342,Moderate
409253955,1,1.3703703703703702,Low,1.639495109230627,Low
409544388,1,1.0,Low,4.6163596846808295,Moderate
409549931,1,1.871310434327066,Low,2.2213117139658163,Low
409551727,1,2.0,Low,1.183552371830772,Low
409791608,1,4.0,Moderate,4.186526778959816,Moderate
409944214,1,1.0,Low,3.1048666644000074,Moderate
410469851,1,6.533699526118942,High,5.589515952218802,High
410521520,1,2.648375282959045,Low,3.127854768900986,Moderate
410580228,1,1.0942455856950868,Low,1.9008143695627058,Low
410597643,1,6.533699526118942,High,6.6774445095625214,Very High
410600400,1,3.3703703703703702,Moderate,3.790894427432908,Moderate
410902729,1,1.3703703703703702,Low,2.1016607617471648,Low
411200381,1,2.648375282959045,Low,4.097028249239502,Moderate
411324218,1,6.370370370370369,High,5.034583638506522,High
411412208,1,5.7566346774869634,High,5.284457319887659,High
411503128,1,1.0,Low,1.1576786038910445,Low
411582935,1,2.3703703703703702,Low,3.73967709204441,Moderate
411591159,1,1.0,Low,1.7846611574050404,Low
411681896,1,1.0,Low,1.134238910596228,Low
411687631,1,1.0,Low,1.6309151048336155,Low
411738880,1,3.425440131591025,Moderate,2.4791053069143034,Low
411740502,1,1.871310434327066,Low,2.9042194239228616,Low
411747008,1,1.0942455856950868,Low,2.0887782850099863,Low
411771396,1,3.740740740740741,Moderate,5.1328270312482775,High
411863647,1,1.871310434327066,Low,5.220151387697347,High
411881410,1,1.0,Low,2.6546192392627805,Low
411884259,1,3.3703703703703702,Moderate,3.068948412619383,Low
411930558,1,1.0,Low,1.1942299572208999,Low
411950331,1,1.0,Low,1.605170323982569,Low
411993613,1,1.6296296296296298,Low,2.7610902869549903,Low
412047811,1,1.0,Low,1.0,Low
412065108,1,1.0,Low,1.7215516277935352,Low
412067550,1,1.0942455856950868,Low,2.091678276842581,Low
412258679,1,6.7407407407407405,High,5.160581123890507,High
412274475,1,1.0942455856950868,Low,2.2009934823462753,Low
412282662,1,1.0942455856950868,Low,2.04205492966031,Low
412335244,1,2.648375282959045,Low,3.143704621250161,Moderate
412359429,1,1.0,Low,1.5421192014252654,Low
412385741,1,1.0942455856950868,Low,1.1954474335015002,Low
412498969,1,6.111111111111111,High,5.390234607873705,High
412552652,1,2.648375282959045,Low,1.696282293972288,Low
412846864,1,2.0,Low,2.215016578948502,Low
412864390,1,1.0942455856950868,Low,1.0427924965937412,Low
412920963,1,1.0,Low,1.1190403479601576,Low
412941207,1,2.0,Low,3.9960590531511184,Moderate
412975094,1,5.111111111111111,High,4.184772933953947,Moderate
413072167,1,1.6296296296296298,Low,1.738531072440006,Low
413107989,1,1.0,Low,1.2062972064416888,Low
413113203,1,4.0,Moderate,2.6140074403414895,Low
413113495,1,2.0,Low,2.0704168144593575,Low
413182331,1,1.0942455856950868,Low,2.41515169248086,Low
413218743,1,1.0,Low,2.290360275292318,Low
413276977,1,2.0,Low,3.3653009545281,Moderate
413315584,1,3.425440131591025,Moderate,3.936014153031075,Moderate
413326063,1,1.0,Low,2.608099737091083,Low
413382183,1,2.0,Low,2.9985418060168856,Low
413389173,1,1.6296296296296298,Low,1.626851871587096,Low
413403598,1,1.871310434327066,Low,1.8751144257294035,Low
413447606,1,1.0942455856950868,Low,1.9969536872710698,Low
413486404,1,6.0,High,4.175959302234661,Moderate
413492685,1,1.0,Low,1.11353341380702,Low
413503671,1,1.0942455856950868,Low,2.6926108503953916,Low
413550009,1,1.7407407407407407,Low,2.6240817610663316,Low
413598409,1,5.0,High,1.9124409530247977,Low
413598944,1,1.0,Low,1.8396021550527526,Low
413604549,1,2.0,Low,2.2721523819877447,Low
413646029,1,3.425440131591025,Moderate,3.585192210150411,Moderate
413670626,1,2.0,Low,4.943742404112474,High
413686743,1,2.648375282959045,Low,2.0683759150654244,Low
413717198,1,1.0,Low,1.1326430068881046,Low
413744236,1,5.111111111111111,High,4.417131860696781,Moderate
413756359,1,1.0,Low,1.5210598915185614,Low
413792205,1,1.0,Low,1.7557102840693783,Low
413837632,1,4.0,Moderate,1.3846723419590203,Low
413837638,1,1.0,Low,1.1436612120492429,Low
413848969,1,1.0,Low,2.799050530391791,Low
413857709,1,1.0,Low,4.225388771450152,Moderate
413927806,1,2.7407407407407405,Low,3.8963718867816683,Moderate
413940760,1,1.871310434327066,Low,2.0648930965347656,Low
413947437,1,1.3703703703703702,Low,1.5084286025168692,Low
413948196,1,1.0,Low,1.1120293037322644,Low
413952156,1,4.37037037037037,Moderate,5.34914333409645,High
413953041,1,1.0942455856950868,Low,1.4084563747316619,Low
413953581,1,7.0,Very High,5.585879779051726,High
413954837,1,2.648375282959045,Low,5.264638556857873,High
413956566,1,1.3703703703703702,Low,1.1203827663123276,Low
413959650,1,1.0,Low,1.7000816737899158,Low
413962006,1,1.0942455856950868,Low,3.203682038029287,Moderate
413962301,1,1.0,Low,1.4615185452206179,Low
413962705,1,3.0,Moderate,1.5704356737966592,Low
413965985,1,1.0,Low,1.0890318291636216,Low
413968469,1,2.0,Low,2.5752210159510813,Low
413971233,1,1.0942455856950868,Low,1.2694004347060708,Low
413972004,1,4.7407407407407405,Moderate,2.811053925200529,Low
413975757,1,3.3703703703703702,Moderate,2.722691671043464,Low
413978032,1,4.0,Moderate,1.7890675981555102,Low
413981873,1,1.0,Low,1.63807927779161,Low
413981961,1,1.0,Low,2.5166716986919946,Low
413983169,1,2.648375282959045,Low,3.8334585042037226,Moderate
413984834,1,1.0942455856950868,Low,1.331495251371265,Low
413987306,1,2.3703703703703702,Low,1.5975734168932445,Low
413987913,1,1.0,Low,1.0831270503133226,Low
413992452,1,3.0,Moderate,1.60940962805069,Low
413994055,1,1.871310434327066,Low,3.106667794759093,Moderate
thread_10050737_starter,1,1.3703703703703702,Low,1.2988696994379265,Low
thread_10066266_starter,1,7.310764374750923,Very High,7.14886524441668,Very High
thread_10162254_زندگی_خییلی_قشنگه_1401/10/29 22:44,1,1.0942455856950868,Low,1.5057323478642783,Low
thread_10162254_مامان_نیماجوجه_1401/10/29 22:40,1,7.74074074074074,Very High,6.453038469253364,High
thread_10172881_پریا۱۳۰۰_1401/11/01 12:16,1,1.0,Low,1.151850852435972,Low
thread_10275811_starter,1,4.202504980223004,Moderate,1.80052365477332,Low
thread_10297607_badomnini_1401/11/17 13:27,1,2.648375282959045,Low,2.388044594859056,Low
thread_10314630_starter,1,6.481481481481481,High,5.798431104409012,High
thread_10368237_wetdh_1401/11/26 17:05,1,3.3703703703703702,Moderate,5.486978599749714,High
thread_10448788_starter,1,9.370370370370368,Very High,4.093402925044697,Moderate
thread_10480822_starter,1,4.202504980223004,Moderate,4.4473119887161925,Moderate
thread_10542869_starter,1,7.310764374750923,Very High,6.802705415248689,Very High
thread_10602523_starter,1,1.0942455856950868,Low,1.6341299446966833,Low
thread_10774335_starter,1,4.202504980223004,Moderate,4.538718099621318,Moderate
thread_11052815_starter,1,4.979569828854984,Moderate,6.762070059258015,Very High
thread_11082963_starter,1,4.7407407407407405,Moderate,4.928957600920624,High
thread_11092987_starter,1,3.0,Low,3.6378329624093957,Moderate
thread_11157196_sanaz718_1402/04/04 22:00,1,1.0942455856950868,Low,1.2485658114487466,Low
thread_11157196_سیما298_1402/03/03 00:10,1,5.0,High,1.721372122687796,Low
thread_11203110_mambardia_1402/03/08 21:34,1,4.62962962962963,Moderate,4.112049371112371,Moderate
thread_11235567_starter,1,3.0,Moderate,4.142378675453504,Moderate
thread_11322121_starter,1,5.111111111111111,High,6.380132692566895,High
thread_11430239_گوفی_goofy_1402/04/07 16:25,1,1.6296296296296298,Low,2.7362364236196086,Low
thread_11550424_aradjoooooni_1402/04/23 10:28,1,1.0,Low,3.242425891387322,Moderate
thread_11702876_starter,1,5.7566346774869634,High,6.4491588954285,High
thread_11762214_starter,1,6.111111111111111,High,5.692411479518341,High
thread_11764937_starter,1,1.7407407407407407,Low,1.4079724068032622,Low
thread_11818127_starter,1,1.0942455856950868,Low,3.639416983013893,Moderate
thread_11868913_starter,1,4.979569828854984,Moderate,5.33732444084394,High
thread_12001823_starter,1,6.533699526118942,High,5.244775904480588,High
thread_12080880_starter,1,5.481481481481481,High,5.195232001691212,High
thread_12088170_saharr_bano_1402/07/01 20:37,1,1.0942455856950868,Low,2.2738204425873167,Low
thread_12088170_starter,1,7.111111111111111,Very High,6.480467131830117,Very High
thread_12132086_starter,1,5.7407407407407405,High,4.419198953453273,Moderate
thread_12335936_05mahnaziiii_1402/08/08 13:31,1,3.425440131591025,Moderate,1.2662224101830857,Low
thread_12337937_اشپزخونه_1402/08/08 19:07,1,4.481481481481481,Moderate,4.04657716816792,Moderate
thread_12444504_starter,1,3.425440131591025,Moderate,5.424021136410181,High
thread_12447056_panah_ir_1402/08/26 08:18,1,1.0,Low,1.3514461091333358,Low
thread_12448534_starter,1,9.0,Very High,7.607538734039067,Very High
thread_12481148_starter,1,8.37037037037037,Very High,7.620921531228187,Very High
thread_12540786_starter,1,4.7407407407407405,Moderate,1.6001567924087037,Low
thread_12540988_z77بهار_1402/09/11 13:34,1,1.0,Low,3.0856918381213982,Low
thread_12618321_starter,1,4.202504980223004,Moderate,6.302972969148252,High
thread_12639999_starter,1,7.0,Very High,6.22421363909964,High
thread_12689943_starter,1,5.481481481481481,High,5.895626242472119,High
thread_12691114_starter,1,4.979569828854984,Moderate,6.385125092808165,High
thread_12694984_starter,1,4.0,Moderate,4.553262713622196,Moderate
thread_12769459_starter,1,6.0,High,6.52940940148436,Very High
thread_12771315_ثنا_ثنایی_1402/10/16 19:09,1,1.871310434327066,Low,1.729281806623666,Low
thread_12800283_starter,1,7.310764374750923,Very High,6.035765225629456,High
thread_12804932_starter,1,7.310764374750923,Very High,7.218697409972172,Very High
thread_12811887_starter,1,3.425440131591025,Moderate,3.2543748315568957,Moderate
thread_12852228_starter,1,7.370370370370369,Very High,7.31474390196732,Very High
thread_12856876_starter,1,5.999999999999999,High,7.072828626246359,Very High
thread_12906425_starter,1,6.0,High,6.267611230130183,High
thread_12932299_starter,1,4.0,Moderate,5.00241761149511,High
thread_12958359_starter,1,3.0,Low,5.747142527712612,High
thread_12980644_starter,1,7.111111111111111,Very High,6.858611531062838,Very High
thread_12981137_starter,1,2.6296296296296293,Low,3.05276862283963,Low
thread_13106295_starter,1,8.0,Very High,7.069739960577641,Very High
thread_13157422_starter,1,1.0942455856950868,Low,1.6896826281905382,Low
thread_13165351_starter,1,5.7566346774869634,High,3.88617040633761,Moderate
thread_13170997_starter,1,6.7407407407407405,High,6.34024745468484,High
thread_13172239_starter,1,4.202504980223004,Moderate,4.8012524126341765,Moderate
thread_13172362_starter,1,6.533699526118942,High,6.6384121644967795,Very High
thread_13190277_starter,1,4.111111111111111,Moderate,3.902221667714329,Moderate
thread_13234836_starter,1,5.481481481481481,High,5.7924970480387215,High
thread_13256643_starter,1,4.37037037037037,Moderate,5.855677357910497,High
thread_13279651_starter,1,5.0,High,4.384967953924492,Moderate
thread_13287301_starter,1,4.979569828854984,Moderate,4.374897818296065,Moderate
thread_13287301_عسلی۰۰_1403/01/03 15:15,1,5.7407407407407405,High,4.206158480358019,Moderate
thread_13287301_عسلی۰۰_1403/01/03 15:16,1,2.3703703703703702,Low,4.887889861514774,Moderate
thread_13296066_starter,1,4.202504980223004,Moderate,4.356689708116203,Moderate
thread_13296066_عشقم،همسرم_1403/01/04 23:53,1,1.6296296296296298,Low,1.1495409583407743,Low
thread_13296066_پرنده__غربت_1403/01/04 23:58,1,5.7566346774869634,High,4.651164568300217,Moderate
thread_13296066_پرنده__غربت_1403/01/04 23:59,1,3.740740740740741,Moderate,2.038162641425522,Low
thread_13320928_starter,1,6.533699526118942,High,4.5405705247139565,Moderate
thread_13340909_starter,1,7.74074074074074,Very High,7.197192655266544,Very High
thread_13385517_starter,1,4.7407407407407405,Moderate,5.256689909610428,High
thread_13389828_starter,1,4.979569828854984,Moderate,5.624493087500431,High
thread_13394245_starter,1,5.7566346774869634,High,6.796737495041746,Very High
thread_13414985_starter,1,4.202504980223004,Moderate,4.0513531938354,Moderate
thread_13431603_starter,1,4.202504980223004,Moderate,5.793969366087943,High
thread_13452247_starter,1,7.310764374750923,Very High,6.38033368959502,High
thread_13478193_starter,1,4.851851851851851,Moderate,4.961704349862649,High
thread_13505236_starter,1,6.533699526118942,High,6.476327144118859,Very High
thread_13578285_starter,1,4.7407407407407405,Moderate,5.027854311941418,High
thread_13602884_starter,1,6.533699526118942,High,7.173180932529626,Very High
thread_13622633_starter,1,4.979569828854984,Moderate,4.990190655856163,High
thread_13709651_starter,1,5.7566346774869634,High,6.559691847512498,Very High
thread_13861545_starter,1,3.0,Low,4.86520121083851,Moderate
thread_13878785_starter,1,1.3703703703703702,Low,1.226421772065493,Low
thread_13907333_starter,1,3.425440131591025,Moderate,3.1898086251322955,Moderate
thread_13943957_starter,1,8.37037037037037,Very High,7.271291578988155,Very High
thread_13961737_starter,1,4.202504980223004,Moderate,5.642354756135185,High
thread_13975775_starter,1,5.7566346774869634,High,6.485887187760374,Very High
thread_13998018_رز_بنفش_1403/04/15 09:45,1,1.0,Low,1.483598540922745,Low
thread_14111870_starter,1,5.0,High,5.338751924990085,High
thread_14116984_starter,1,6.0,High,6.359935124742174,High
thread_14172599_starter,1,6.533699526118942,High,6.7480080228344,Very High
thread_14190792_starter,1,5.0,High,4.769721191268233,Moderate
thread_14199169_starter,1,4.202504980223004,Moderate,4.529318463641516,Moderate
thread_14202403_starter,1,3.3703703703703702,Moderate,3.749741096196053,Moderate
thread_14286727_starter,1,8.37037037037037,Very High,7.1494359119399995,Very High
thread_14291285_starter,1,5.37037037037037,High,6.351421917492534,High
thread_14330545_starter,1,2.0,Low,5.000191710925173,High
thread_14348409_starter,1,5.7566346774869634,High,6.295079957114151,High
thread_14374371_starter,1,8.999999999999998,Very High,7.441406187518146,Very High
thread_14387695_starter,1,4.979569828854984,Moderate,5.4620567865753795,High
thread_14406030_starter,1,7.74074074074074,Very High,7.072651620083068,Very High
thread_14473274_starter,1,5.7566346774869634,High,6.410874507589819,High
thread_14519323_starter,1,5.7566346774869634,High,6.439423412945764,High
thread_14558422_starter,1,6.111111111111111,High,5.941589819973569,High
thread_14648650_starter,1,6.533699526118942,High,4.536625803339211,Moderate
thread_14652770_starter,1,1.871310434327066,Low,5.759186791191561,High
thread_14652896_starter,1,1.0942455856950868,Low,5.773346793895658,High
thread_14662143_starter,1,5.37037037037037,High,4.601026895399118,Moderate
thread_14662777_starter,1,8.37037037037037,Very High,6.85864488833751,Very High
thread_14704069_starter,1,4.7407407407407405,Moderate,6.681808184328458,Very High
thread_14798965_starter,1,1.0942455856950868,Low,2.714182913250916,Low
thread_14801223_starter,1,3.425440131591025,Moderate,5.370472639834033,High
thread_14804782_starter,1,7.0,Very High,5.8169580951086335,High
thread_14821550_starter,1,5.7566346774869634,High,6.309864316189529,High
thread_14822993_starter,1,4.37037037037037,Moderate,4.023144243556527,Moderate
thread_14851435_starter,1,2.648375282959045,Low,4.422839020078244,Moderate
thread_14919753_starter,1,7.0,Very High,6.452178247419088,High
thread_14951347_starter,1,5.7566346774869634,High,6.27344457383996,High
thread_15002430_starter,1,1.871310434327066,Low,4.320938088948571,Moderate
thread_15030375_starter,1,5.0,High,4.234860329112938,Moderate
thread_15042181_starter,1,5.111111111111111,High,7.368436405155745,Very High
thread_15087169_starter,1,3.0,Moderate,4.505387436096787,Moderate
thread_15089875_starter,1,4.0,Moderate,4.70864643021981,Moderate
thread_15133349_starter,1,7.310764374750923,Very High,7.347668880157717,Very High
thread_15183213_starter,1,5.7407407407407405,High,7.210539614123009,Very High
thread_15184771_starter,1,4.979569828854984,Moderate,5.662144632539759,High
thread_15190001_starter,1,3.0,Low,4.5782390349913475,Moderate
thread_15317716_starter,1,3.6296296296296298,Moderate,3.1282999053020686,Moderate
thread_15334904_starter,1,5.481481481481481,High,3.738014823046496,Moderate
thread_15343421_starter,1,7.310764374750923,Very High,6.373302127676767,High
thread_15363698_starter,1,4.62962962962963,Moderate,6.693541595990288,Very High
thread_15434157_starter,1,4.202504980223004,Moderate,4.110550546631717,Moderate
thread_15461741_starter,1,8.74074074074074,Very High,6.5978350298101,Very High
thread_15519911_starter,1,5.7566346774869634,High,6.359940695235937,High
thread_15578009_starter,1,1.871310434327066,Low,1.46359151036107,Low
thread_15580518_starter,1,4.979569828854984,Moderate,5.4308893658411375,High
thread_15589360_starter,1,5.7566346774869634,High,6.057793397444993,High
thread_15605316_starter,1,7.310764374750923,Very High,6.685631089617679,Very High
thread_15618892_starter,1,4.202504980223004,Moderate,4.354851337355672,Moderate
thread_15622947_starter,1,5.7407407407407405,High,6.396451385937113,High
thread_15637066_starter,1,5.7566346774869634,High,7.258586770196948,Very High
thread_15677024_starter,1,4.979569828854984,Moderate,5.638440990588612,High
thread_15779042_starter,1,4.979569828854984,Moderate,4.926391880634604,High
thread_15792508_starter,1,7.74074074074074,Very High,7.338786121382132,Very High
thread_15849308_starter,1,9.0,Very High,7.423993868118911,Very High
thread_15883052_مرمرم_1404/01/10 12:13,1,1.0,Low,1.1529113467659657,Low
thread_15903584_starter,1,6.533699526118942,High,5.921413473944966,High
thread_15923125_starter,1,1.3703703703703702,Low,1.6465956918952016,Low
thread_15938999_starter,1,2.7407407407407405,Low,3.3476729231959674,Moderate
thread_15944050_starter,1,2.6296296296296293,Low,2.2154656105453756,Low
thread_15954402_starter,1,5.7407407407407405,High,5.112700649587305,High
thread_15999387_starter,1,4.202504980223004,Moderate,4.9618447914569535,High
thread_15999404_starter,1,3.425440131591025,Moderate,4.9618447914569535,High
thread_16042670_starter,1,5.7566346774869634,High,4.650088591115923,Moderate
thread_16050297_starter,1,4.7407407407407405,Moderate,4.762600262871774,Moderate
thread_16064900_starter,1,2.3703703703703702,Low,4.828478836478731,Moderate
thread_16084658_starter,1,7.0,Very High,4.384325183696863,Moderate
thread_16098136_starter,1,4.979569828854984,Moderate,5.499156474534413,High
thread_16105928_starter,1,4.202504980223004,Moderate,4.771033738062374,Moderate
thread_16141725_starter,1,1.871310434327066,Low,5.806051846181492,High
thread_16151654_starter,1,6.0,High,6.130308730400618,High
thread_16155682_starter,1,4.979569828854984,Moderate,5.018864980301666,High
thread_16176399_starter,1,3.425440131591025,Moderate,4.7675177797848995,Moderate
thread_16181052_starter,1,4.202504980223004,Moderate,5.212849320926965,High
thread_16189089_starter,1,1.871310434327066,Low,5.608203600583173,High
thread_16318303_starter,1,4.202504980223004,Moderate,4.206732894093269,Moderate
thread_16319845_starter,1,6.533699526118942,High,6.568105457264407,Very High
thread_16328855_starter,1,4.979569828854984,Moderate,5.2311695293012415,High
thread_16462609_starter,1,4.202504980223004,Moderate,4.862736900636159,Moderate
thread_16462737_starter,1,5.37037037037037,High,5.189863478695024,High
thread_16463381_starter,1,8.0,Very High,4.804304869733989,Moderate
thread_16476188_مامان_دهه_هفتادی_1404/04/12 11:33,1,1.0,Low,2.2072308102917084,Low
thread_16508756_starter,1,4.202504980223004,Moderate,4.098505767821729,Moderate
thread_16510280_starter,1,4.7407407407407405,Moderate,4.811642437961863,Moderate
thread_16566952_starter,1,3.0,Moderate,4.644435317489631,Moderate
thread_16588047_starter,1,1.0942455856950868,Low,1.4200430949183511,Low
thread_16762249_starter,1,1.0942455856950868,Low,4.820698961089526,Moderate
thread_16797515_starter,1,1.0,Low,1.1304158997464935,Low
thread_16822596_starter,1,3.3703703703703702,Moderate,3.696570138449024,Moderate
thread_16837144_starter,1,1.0942455856950868,Low,1.354135085527382,Low
thread_16840915_starter,1,6.533699526118942,High,6.524272684046215,Very High
thread_16862535_starter,1,5.111111111111111,High,2.651441624243519,Low
thread_16863177_starter,1,7.310764374750923,Very High,7.7210630024348115,Very High
thread_16957462_starter,1,4.202504980223004,Moderate,5.513572267347689,High
thread_17008672_starter,1,5.7566346774869634,High,6.823350893397015,Very High
thread_17027576_starter,1,6.370370370370369,High,6.962113244251582,Very High
thread_17043563_starter,1,7.310764374750923,Very High,6.816052097733941,Very High
thread_17051218_starter,1,4.979569828854984,Moderate,4.450624897725556,Moderate
thread_17082705_starter,1,4.62962962962963,Moderate,6.0516918942788855,High
thread_17093652_starter,1,8.0,Very High,6.147972713583423,High
thread_17145910_starter,1,6.7407407407407405,High,6.195161342977109,High
thread_17200995_starter,1,5.7407407407407405,High,6.344943119360578,High
thread_17220586_starter,1,1.0942455856950868,Low,2.460456609742775,Low
thread_17222063_starter,1,5.7566346774869634,High,6.229632905959583,High
thread_17238423_starter,1,3.3703703703703702,Moderate,3.7891454270008085,Moderate
thread_17260663_starter,1,8.0,Very High,6.680641761798875,Very High
thread_17266990_starter,1,7.310764374750923,Very High,7.358790728693449,Very High
thread_17267936_starter,1,6.0,High,7.135378354750678,Very High
thread_17293425_starter,1,4.202504980223004,Moderate,6.098900998175284,High
thread_17300720_starter,1,2.648375282959045,Low,1.9982764254456427,Low
thread_17311620_starter,1,2.648375282959045,Low,3.5369995046058813,Moderate
thread_17321332_starter,1,5.111111111111111,High,5.795750681635967,High
thread_17321819_starter,1,1.0942455856950868,Low,1.9607093953138637,Low
thread_17327615_starter,1,5.481481481481481,High,6.8112164453887205,Very High
thread_17334488_starter,1,5.111111111111111,High,5.023332161574873,High
thread_17338235_starter,1,7.0,Very High,5.32868359833884,High
thread_17353407_starter,1,6.481481481481481,High,7.341213426622307,Very High
thread_17353637_starter,1,1.0942455856950868,Low,1.6796858567343818,Low
thread_17417214_starter,1,4.37037037037037,Moderate,4.328808137535721,Moderate
thread_17431064_starter,1,5.7407407407407405,High,4.333757053579215,Moderate
thread_17447645_starter,1,6.533699526118942,High,7.191435440911497,Very High
thread_17454816_starter,1,2.648375282959045,Low,5.958318984012849,High
thread_17462217_starter,1,5.0,High,3.464947740172318,Moderate
thread_17481156_starter,1,6.533699526118942,High,7.004803936221296,Very High
thread_17496131_starter,1,7.310764374750923,Very High,7.227414929506453,Very High
thread_17503602_starter,1,7.111111111111111,Very High,6.366301979653638,High
thread_17510600_starter,1,2.3703703703703702,Low,3.2211529394216463,Moderate
thread_17548253_starter,1,1.0942455856950868,Low,2.659122732867889,Low
thread_17569660_starter,1,6.533699526118942,High,6.074783901893708,High
thread_17579990_starter,1,2.7407407407407405,Low,3.5529958087847437,Moderate
thread_17656048_starter,1,5.111111111111111,High,5.595148432372316,High
thread_17659719_starter,1,3.2592592592592595,Moderate,3.3747014591270004,Moderate
thread_17680465_starter,1,7.310764374750923,Very High,5.644655740343775,High
thread_17702612_starter,1,4.979569828854984,Moderate,5.528653993218706,High
thread_17709543_starter,1,7.481481481481481,Very High,6.989225116802533,Very High
thread_17728247_starter,1,4.37037037037037,Moderate,4.925910987993298,High
thread_17729109_starter,1,4.202504980223004,Moderate,4.541796732138804,Moderate
thread_17758485_starter,1,5.7566346774869634,High,7.060600732860759,Very High
thread_17787743_starter,1,5.7566346774869634,High,6.372500609388485,High
thread_17789336_starter,1,5.7566346774869634,High,6.123062713206496,High
thread_17816976_starter,1,7.310764374750923,Very High,7.224733535752796,Very High
thread_17822848_starter,1,1.871310434327066,Low,4.084529238882206,Moderate
thread_17823138_starter,1,2.3703703703703702,Low,2.646560256195678,Low
thread_17823740_starter,1,3.425440131591025,Moderate,5.264455728116519,High
thread_17857094_starter,1,4.202504980223004,Moderate,4.8479745538820325,Moderate
thread_17870637_starter,1,3.3703703703703702,Moderate,4.039379919581181,Moderate
thread_17874008_starter,1,1.871310434327066,Low,3.449491601806299,Moderate
thread_17879450_starter,1,5.37037037037037,High,5.215621510489191,High
thread_17884935_starter,1,4.979569828854984,Moderate,5.888839524308029,High
thread_17886669_starter,1,4.0,Moderate,4.426954543482835,Moderate
thread_17891849_starter,1,6.533699526118942,High,7.218526073121339,Very High
thread_17912536_starter,1,3.425440131591025,Moderate,4.463771411730597,Moderate
thread_17928472_starter,1,7.74074074074074,Very High,6.389209051010408,High
thread_17937389_starter,1,4.202504980223004,Moderate,2.3075763650752625,Low
thread_17964423_starter,1,7.310764374750923,Very High,6.7102027398629716,Very High
thread_17966299_starter,1,8.11111111111111,Very High,7.7084341690016895,Very High
thread_17972671_starter,1,5.7566346774869634,High,4.739503380719976,Moderate
thread_17973652_starter,1,4.0,Moderate,5.862320527909768,High
thread_17981058_starter,1,4.979569828854984,Moderate,6.462500498350957,Very High
thread_17986662_starter,1,5.481481481481481,High,6.839795176948246,Very High
thread_17991570_starter,1,3.740740740740741,Moderate,5.8124085052805965,High
thread_17999676_starter,1,3.0,Moderate,4.675931352046102,Moderate
thread_18001047_starter,1,2.648375282959045,Low,5.4017057881785515,High
thread_18008276_starter,1,4.0,Moderate,4.007827549518781,Moderate
thread_18016126_starter,1,4.202504980223004,Moderate,3.846395733127086,Moderate
thread_18016614_starter,1,6.0,High,6.925277271583484,Very High
thread_18021875_starter,1,1.0942455856950868,Low,1.6948504662943584,Low
thread_18023581_starter,1,8.37037037037037,Very High,6.7249391248698025,Very High
thread_18024130_starter,1,4.979569828854984,Moderate,4.543561187267423,Moderate
thread_18036316_starter,1,1.871310434327066,Low,6.084677274981487,High
thread_18036347_starter,1,1.871310434327066,Low,2.7232862835021807,Low
thread_18072576_starter,1,5.7566346774869634,High,6.575362574501751,Very High
thread_18076510_starter,1,4.0,Moderate,2.1130115017065063,Low
thread_18079551_starter,1,6.7407407407407405,High,7.462389323381785,Very High
thread_18085172_starter,1,7.310764374750923,Very High,6.176709011501277,High
thread_18096858_starter,1,4.37037037037037,Moderate,5.791648930642137,High
thread_18104076_starter,1,5.7566346774869634,High,6.509802920814306,Very High
thread_18105820_starter,1,3.425440131591025,Moderate,2.4698759585223344,Low
thread_18109766_starter,1,6.533699526118942,High,6.003711465260061,High
thread_18110663_starter,1,1.0942455856950868,Low,2.9987976021832834,Low
thread_18114739_starter,1,1.871310434327066,Low,3.6777030464652527,Moderate
thread_18118008_starter,1,1.0942455856950868,Low,2.4000664616539096,Low
thread_18137925_starter,1,4.202504980223004,Moderate,6.4221220484513495,High
thread_18138437_starter,1,5.7407407407407405,High,6.8015977930925935,Very High
thread_18138856_starter,1,4.979569828854984,Moderate,5.663083400717425,High
thread_18139288_starter,1,6.0,High,6.138630900631121,High
thread_18139342_starter,1,1.0,Low,2.2915205831439343,Low
thread_18139739_starter,1,2.3703703703703702,Low,1.5457596597084646,Low
thread_18139885_starter,1,1.0942455856950868,Low,1.2976423151978396,Low
thread_18139912_starter,1,1.0942455856950868,Low,1.260287488782398,Low
thread_18140343_starter,1,1.0,Low,1.3824026178568465,Low
thread_18141578_starter,1,6.7407407407407405,High,5.574836546880663,High
thread_18141829_starter,1,4.0,Moderate,4.701186371877532,Moderate
thread_18142118_starter,1,3.3703703703703702,Moderate,3.2979157586532133,Moderate
thread_18142166_starter,1,1.871310434327066,Low,2.7043599400185028,Low
thread_6076747_finiks67_1399/12/23 12:40,1,4.0,Moderate,2.1451136830043005,Low
thread_6076747_finiks67_1399/12/23 12:49,1,5.0,High,1.7341913048660764,Low
thread_6277494_مامان_آریوش_1400/01/26 15:24,1,1.871310434327066,Low,1.6876676200266765,Low
thread_6310312_آویشنا۲_1400/01/31 02:10,1,1.0,Low,1.7664942634531458,Low
thread_6319625_یاسم_1400/02/01 13:07,1,3.2592592592592595,Moderate,4.083424863576264,Moderate
thread_6337060_starter,1,7.370370370370369,Very High,6.9227932954977955,Very High
thread_6517426_ظهــرتابســتانى_1400/02/31 00:18,1,1.0942455856950868,Low,1.5437544793791362,Low
thread_6622308_منتظر_نی_نی۱۳۷۸_1400/03/16 15:15,1,1.0,Low,1.350928104620829,Low
thread_6624545_آراممممم_1400/03/16 21:53,1,1.0,Low,1.6595669556957287,Low
thread_6636832_starter,1,7.0,Very High,6.632418653711362,Very High
thread_6636832_swallows_1400/03/18 19:48,1,6.481481481481481,High,5.841352703496197,High
thread_6961791_مامیre_1400/05/10 11:09,1,1.0942455856950868,Low,3.3724191505633034,Moderate
thread_7141679_سارا_فروزان_1400/06/06 15:23,1,2.3703703703703702,Low,4.725961613525095,Moderate
thread_7186473_starter,1,4.202504980223004,Moderate,5.886213470582998,High
thread_7225277_منتظرتم_فرزندم_1400/06/19 11:39,1,2.648375282959045,Low,3.4708463345029927,Moderate
thread_7360842_نداجونم_1400/07/09 19:45,1,1.0,Low,1.1170669878814943,Low
thread_7464489_taranumebahari_1400/07/26 20:05,1,2.0,Low,1.5085174732211777,Low
thread_7639710_mikal780890_1400/08/27 13:08,1,3.425440131591025,Moderate,3.947325399660837,Moderate
thread_7639710_خوشگل_خانم__1400/08/27 13:05,1,2.648375282959045,Low,2.0646653003683557,Low
thread_7662750_starter,1,3.3703703703703702,Moderate,5.546198539048083,High
thread_7825859_starter,1,5.7566346774869634,High,5.802278194320409,High
thread_7825859_نازگل۸۸۸_1400/09/30 18:08,1,1.3703703703703702,Low,1.1936691564399817,Low
thread_7833005_starter,1,4.979569828854984,Moderate,2.321063164293477,Low
thread_8122505_آوای_تابستان۲_1400/11/21 13:16,1,1.0,Low,1.4159273224068936,Low
thread_8147070_asalbanoosham_1400/11/25 13:28,1,1.0,Low,1.4796039976197162,Low
thread_8212426_صبا1397_1400/12/06 20:53,1,1.0,Low,1.3462188265225703,Low
thread_8221954_نسادات_1400/12/08 11:21,1,1.0,Low,3.021075205100801,Low
thread_8332965_angel82_1400/12/26 23:40,1,1.0,Low,1.4063560530044712,Low
thread_8332965_رز۷۵_1400/12/26 23:57,1,1.0,Low,2.022082419233066,Low
thread_8394180_starter,1,6.370370370370369,High,5.161854549560756,High
thread_8403790_غزل25508_1401/01/12 02:55,1,1.0,Low,1.15741138413707,Low
thread_8411183_aroseshonam_1401/01/13 21:14,1,2.648375282959045,Low,1.506514365712357,Low
thread_8548687_کمحرف_1401/02/06 08:08,1,1.6296296296296298,Low,2.179058818851226,Low
thread_8731189_دخمل_احساس_1401/03/06 19:06,1,2.3703703703703702,Low,3.660599505679362,Moderate
thread_8880277_miniyator6c_1401/05/14 01:45,1,8.0878292233829,Very High,7.398847149376394,Very High
thread_8880277_توییتی۱۳۷۰۱۳۹۷_1401/05/14 01:35,1,5.0,High,2.387165874341874,Low
thread_8880277_خواهرشوهر_نی_نی_یار_1401/05/14 01:30,1,4.979569828854984,Moderate,5.195849726679332,High
thread_9115890_starter,1,5.111111111111111,High,6.335071057822121,High
thread_9273837_starter,1,1.0,Low,1.7374574012028945,Low
thread_9293586_الوانا_1401/06/06 11:39,1,1.0,Low,1.5551818722124042,Low
thread_9293586_سیندرلاتون_1401/06/06 11:34,1,1.0,Low,1.1453433438364415,Low
thread_9298538_2222mahsa_1401/06/07 02:14,1,1.0942455856950868,Low,4.2253713471128425,Moderate
thread_9448722_قاصدک750_1401/07/12 11:14,1,2.648375282959045,Low,3.2593403280881663,Moderate
thread_9448722_مامان_سونیا1_1401/07/12 11:15,1,5.0,High,5.526804688545883,High
thread_9514473_nanajonam_1401/07/24 02:37,1,6.0,High,4.6003858769315045,Moderate
thread_9514473_سیب_ترش_هستم_1401/07/24 02:33,1,1.0,Low,1.3101236051942604,Low
thread_9640890_دل_ارام_خوش_بو_1401/08/17 21:51,1,3.425440131591025,Moderate,4.2747369856911135,Moderate
thread_9772675_ommm_1401/09/07 22:36,1,4.0,Moderate,5.802473884316342,High
thread_9803993_starter,1,1.0,Low,2.5248350017933223,Low
thread_9937429_سلانمتدبان_1401/10/01 18:13,1,2.648375282959045,Low,1.7074674977715936,Low
thread_9977711_بودا_1404/02/16 07:44,1,7.310764374750923,Very High,6.921209255194698,Very High
thread_9977711_بودا_1404/05/28 07:10,1,6.111111111111111,High,4.390074987767811,Moderate
thread_9988587_todeliiiiii_1401/10/08 15:33,1,1.871310434327066,Low,1.588663272210939,Low
250333874,2,1.0,Low,1.163036432901297,Low
253100419,2,1.0942455856950868,Low,1.5699471628899753,Low
255644913,2,1.0,Low,1.0807522135212624,Low
255663303,2,2.0,Low,2.310701804171136,Low
255812776,2,1.0,Low,1.172301256424424,Low
259567118,2,3.0,Low,2.9771098996348644,Low
260997732,2,5.0,High,4.0615604524834685,Moderate
262644053,2,1.0,Low,1.69170754447221,Low
262645142,2,1.0942455856950868,Low,4.212299403165473,Moderate
263665456,2,1.0942455856950868,Low,1.8716331716658972,Low
264921650,2,1.0,Low,1.1938902928128523,Low
269513763,2,1.0,Low,1.3248107312919037,Low
270408517,2,2.259259259259259,Low,3.4486008875990213,Moderate
272545949,2,5.0,High,2.9596931120937375,Low
273542254,2,1.0942455856950868,Low,1.513396952916695,Low
274705570,2,2.648375282959045,Low,2.3692804119659088,Low
274714511,2,1.871310434327066,Low,2.7017935658414887,Low
275777849,2,1.871310434327066,Low,1.1077479164828734,Low
278783626,2,4.0,Moderate,1.8902393002689735,Low
281013385,2,7.0,Very High,4.090622931347453,Moderate
282398573,2,1.0942455856950868,Low,1.8466012762109139,Low
282399289,2,3.0,Moderate,2.586411714007366,Low
286808424,2,1.0,Low,1.6842710364952507,Low
287252607,2,1.0,Low,1.2502466819118534,Low
288883327,2,3.740740740740741,Moderate,3.4581673888965403,Moderate
289111436,2,3.0,Moderate,2.18868715813816,Low
289916700,2,1.3703703703703702,Low,2.2418578567557477,Low
290033911,2,2.648375282959045,Low,1.8416295152719,Low
290034020,2,2.7407407407407405,Low,1.5610302523531194,Low
290131270,2,1.0,Low,1.1966992829527023,Low
293930960,2,3.111111111111111,Moderate,3.3108173883591228,Moderate
294442523,2,2.648375282959045,Low,4.101062753518285,Moderate
294691229,2,1.0,Low,1.3072385132267077,Low
297590018,2,3.3703703703703702,Moderate,3.855435395820818,Moderate
302340600,2,4.0,Moderate,1.9360090252782927,Low
302340691,2,2.3703703703703702,Low,1.5964682305125835,Low
304902732,2,1.3703703703703702,Low,1.1918445504175943,Low
305305992,2,6.533699526118942,High,4.700473591203078,Moderate
306164247,2,3.0,Low,4.894104972401901,Moderate
309054603,2,1.0942455856950868,Low,2.483839641501091,Low
309631640,2,1.0942455856950868,Low,1.6841998358731076,Low
309797969,2,2.648375282959045,Low,2.3387610513376362,Low
309799849,2,1.0942455856950868,Low,2.1985277977222974,Low
310374536,2,1.0,Low,1.50497315539597,Low
310375103,2,1.0,Low,2.237016578194347,Low
313614369,2,1.0942455856950868,Low,1.6154850425522316,Low
314201523,2,7.74074074074074,Very High,4.671945852283998,Moderate
314202700,2,6.370370370370369,High,4.2001211052443415,Moderate
314634379,2,1.0942455856950868,Low,1.5752565776279672,Low
314946053,2,1.0,Low,1.5074012067075047,Low
316031157,2,1.0942455856950868,Low,1.3835908045082674,Low
316544603,2,1.3703703703703702,Low,1.243194700811939,Low
316932677,2,3.0,Moderate,4.024138315358462,Moderate
316933142,2,4.979569828854984,Moderate,5.0275433024292315,High
317674965,2,1.6296296296296298,Low,1.8918078043734499,Low
317748605,2,2.0,Low,1.9273990364017268,Low
319335275,2,2.648375282959045,Low,3.0117631234245863,Low
319754243,2,1.3703703703703702,Low,1.213137864473039,Low
319828418,2,1.0,Low,1.3404216160360964,Low
320218244,2,3.425440131591025,Moderate,3.311428345428591,Moderate
320723072,2,2.3703703703703702,Low,3.879760170481514,Moderate
320723237,2,1.0,Low,3.1415799543751906,Moderate
321769389,2,1.0,Low,1.1953905643647973,Low
321869005,2,1.0942455856950868,Low,1.8485230229887057,Low
321896091,2,1.0,Low,1.3618816937973697,Low
322408895,2,4.62962962962963,Moderate,3.454978043469173,Moderate
323214303,2,1.0942455856950868,Low,1.1061533415951668,Low
323550811,2,1.0,Low,2.7282164754682303,Low
324240499,2,1.6296296296296298,Low,3.8278588582508393,Moderate
324240783,2,4.979569828854984,Moderate,4.2728605857997675,Moderate
324241859,2,7.310764374750923,Very High,4.347534959552256,Moderate
325364853,2,1.0,Low,2.156938076894945,Low
325688654,2,1.0,Low,2.619586311203752,Low
326342450,2,2.0,Low,2.5011376852608125,Low
326641897,2,1.0,Low,3.687160346344615,Moderate
327798159,2,1.871310434327066,Low,2.2189894383464184,Low
327798170,2,1.0942455856950868,Low,2.5724061966665857,Low
327798535,2,6.0,High,2.183547657106857,Low
327961011,2,1.7407407407407407,Low,1.3684395242186143,Low
328856148,2,1.0,Low,1.0282755605313354,Low
329072569,2,1.0,Low,1.2311580836691105,Low
329623431,2,3.425440131591025,Moderate,4.142737018945812,Moderate
330089907,2,3.425440131591025,Moderate,3.4232142836518653,Moderate
330317891,2,5.0,High,3.2302081745057665,Moderate
330425922,2,1.0,Low,2.485519532711135,Low
330998851,2,7.111111111111111,Very High,4.800001840704875,Moderate
331250233,2,2.0,Low,1.3988960682002411,Low
331888763,2,1.0,Low,1.0249907954774615,Low
331925440,2,1.0942455856950868,Low,1.6385299911289706,Low
331929710,2,5.0,High,4.912092918465436,High
332205247,2,6.0,High,3.996057987046596,Moderate
332695570,2,2.6296296296296293,Low,4.638623254762823,Moderate
334132794,2,2.648375282959045,Low,1.9406878476206995,Low
334741798,2,1.0,Low,1.5697770372911348,Low
335128515,2,1.871310434327066,Low,1.701184047676291,Low
335260614,2,4.7407407407407405,Moderate,4.486539284497891,Moderate
336320001,2,1.0942455856950868,Low,2.015896476176308,Low
336360105,2,1.3703703703703702,Low,2.247640705766827,Low
336438500,2,1.0942455856950868,Low,1.8505332510411008,Low
336667797,2,1.0,Low,1.4488753942929367,Low
337523607,2,5.7566346774869634,High,2.7894932467462548,Low
337790603,2,1.0942455856950868,Low,1.4976504411338136,Low
337886201,2,1.0,Low,1.2321556086477519,Low
338371563,2,7.74074074074074,Very High,6.499597881039573,Very High
338993610,2,1.0942455856950868,Low,3.053247539122837,Low
338993923,2,3.0,Moderate,2.9885221115837135,Low
339956819,2,6.533699526118942,High,6.536749543193377,Very High
339957132,2,5.7407407407407405,High,3.559532957634177,Moderate
340327635,2,1.0,Low,1.1796748814674314,Low
340387221,2,4.62962962962963,Moderate,4.331972283405326,Moderate
340938595,2,1.871310434327066,Low,4.036065155791121,Moderate
340938793,2,1.0942455856950868,Low,1.3619804179801829,Low
340939114,2,1.0,Low,1.979001489648073,Low
341267817,2,3.0,Low,1.9954853370892471,Low
342278802,2,2.648375282959045,Low,2.000437382127765,Low
342608818,2,1.0,Low,1.2062838791138195,Low
343104628,2,6.0,High,2.357621265197765,Low
343365062,2,2.888888888888889,Low,4.821415124877763,Moderate
343745491,2,1.0,Low,1.2543582044101953,Low
343942711,2,1.0,Low,1.2235601098610505,Low
345036619,2,6.533699526118942,High,3.671023568546611,Moderate
345234251,2,1.6296296296296298,Low,3.58954920423129,Moderate
345306929,2,1.0942455856950868,Low,1.4652656110007558,Low
347728672,2,3.425440131591025,Moderate,3.9633302318341865,Moderate
347728976,2,2.7407407407407405,Low,2.6847748580173367,Low
347763620,2,3.0,Low,4.567533277286894,Moderate
347873229,2,1.0942455856950868,Low,2.3214013116580565,Low
348039079,2,1.0,Low,1.213406311390544,Low
348090282,2,5.37037037037037,High,2.8120282189976664,Low
348144510,2,4.111111111111111,Moderate,3.8159390734779994,Moderate
348782994,2,2.111111111111111,Low,1.975108523175733,Low
348881881,2,1.6296296296296298,Low,1.6871234209671484,Low
349058786,2,2.648375282959045,Low,2.4692099169354256,Low
349580035,2,6.481481481481481,High,4.439580616971548,Moderate
349635116,2,1.0942455856950868,Low,1.2894884205859536,Low
349645655,2,1.871310434327066,Low,2.5394456398955656,Low
350420542,2,1.0942455856950868,Low,2.2768332200467247,Low
350556630,2,1.6296296296296298,Low,4.134786421232582,Moderate
350805729,2,1.0,Low,1.587702101061188,Low
351142714,2,1.0,Low,1.511724342838734,Low
351714146,2,1.0,Low,1.165437818728063,Low
353431202,2,1.0,Low,1.1758344367029032,Low
353475666,2,1.0942455856950868,Low,2.1839413673582944,Low
353563808,2,6.7407407407407405,High,4.48255366059897,Moderate
353590045,2,1.0942455856950868,Low,1.5146907380872596,Low
353913273,2,1.0,Low,1.7056907962461536,Low
354184282,2,3.425440131591025,Moderate,4.632338783476034,Moderate
354205023,2,4.979569828854984,Moderate,5.724607311160602,High
354205307,2,1.0,Low,1.0637408388128908,Low
354460840,2,1.871310434327066,Low,3.468967569737216,Moderate
354471553,2,1.0942455856950868,Low,1.248776155755619,Low
354658144,2,2.648375282959045,Low,3.3359047427359094,Moderate
355019945,2,2.7407407407407405,Low,4.76818952385766,Moderate
355728832,2,2.0,Low,4.051499865952857,Moderate
356255755,2,3.740740740740741,Moderate,5.307757058753285,High
358262353,2,1.0,Low,3.0217214279739384,Low
358350080,2,6.0,High,3.9501847738861318,Moderate
358618535,2,5.0,High,4.980184837707153,High
359371046,2,1.0,Low,1.6642098886205199,Low
359785539,2,5.7566346774869634,High,4.4472913114097645,Moderate
360039665,2,1.0942455856950868,Low,1.396194233138273,Low
360304077,2,1.0,Low,1.921676006244536,Low
360306796,2,1.0942455856950868,Low,1.206814828416531,Low
360307064,2,1.0942455856950868,Low,2.0090476574585745,Low
360395756,2,1.0,Low,1.5983610325860882,Low
361239670,2,1.0942455856950868,Low,1.644121061763654,Low
361750309,2,1.6296296296296298,Low,1.227377170380901,Low
361750725,2,1.0,Low,1.2372514756445412,Low
361935366,2,1.0,Low,1.9133523017979004,Low
361936981,2,1.0942455856950868,Low,2.7287805395721456,Low
362170258,2,1.871310434327066,Low,3.7009296960578015,Moderate
362211409,2,4.481481481481481,Moderate,5.6724312639797585,High
362212208,2,1.0,Low,3.4614773691558405,Moderate
362213012,2,1.0942455856950868,Low,1.6345857564706456,Low
362463733,2,3.425440131591025,Moderate,2.989278692239771,Low
362464019,2,1.871310434327066,Low,1.8792272846049658,Low
362934249,2,3.425440131591025,Moderate,4.474426946517942,Moderate
363151595,2,1.0942455856950868,Low,1.734880618447821,Low
363172827,2,7.370370370370369,Very High,4.795392731500427,Moderate
363186005,2,1.0942455856950868,Low,2.9441369094828924,Low
363372754,2,1.0942455856950868,Low,1.7227103019877914,Low
363728545,2,1.3703703703703702,Low,2.0089694154568796,Low
364247942,2,5.481481481481481,High,5.177547301601664,High
364656221,2,1.0,Low,1.6367809004272442,Low
365642084,2,3.425440131591025,Moderate,1.7941055255505218,Low
366296667,2,4.62962962962963,Moderate,2.351769216805101,Low
366298223,2,1.0,Low,2.7820072215026923,Low
369124333,2,1.0942455856950868,Low,1.9630889886508278,Low
369217524,2,1.0942455856950868,Low,3.2014201627600327,Moderate
369432506,2,4.37037037037037,Moderate,5.155726971613069,High
369643609,2,1.0,Low,1.3698069101525365,Low
370109816,2,1.0,Low,1.2101040883793388,Low
370310239,2,1.3703703703703702,Low,1.828595352809065,Low
370555001,2,1.6296296296296298,Low,2.8319496545661607,Low
370556287,2,1.0942455856950868,Low,1.8254175654147433,Low
370556293,2,1.0942455856950868,Low,1.9476597621023672,Low
370556856,2,5.0,High,2.398091138695075,Low
370557608,2,1.0942455856950868,Low,3.1543068126804865,Moderate
370640903,2,3.425440131591025,Moderate,3.8391024761315635,Moderate
370830927,2,1.0942455856950868,Low,1.2931364953349869,Low
370896290,2,2.0,Low,4.502376455589706,Moderate
370923206,2,3.3703703703703702,Moderate,2.519520453947443,Low
371448645,2,1.3703703703703702,Low,1.9029692590856926,Low
372019956,2,6.0,High,4.346567349902308,Moderate
372027636,2,4.979569828854984,Moderate,3.085116232543509,Low
372315285,2,2.6296296296296293,Low,1.9103372616885748,Low
374143105,2,2.648375282959045,Low,5.517528766110498,High
374174638,2,3.3703703703703702,Moderate,3.3202082389465595,Moderate
374268738,2,1.6296296296296298,Low,3.7005642504039993,Moderate
374317433,2,4.202504980223004,Moderate,2.764318182836688,Low
374379315,2,2.648375282959045,Low,2.7878127045528127,Low
374408176,2,4.979569828854984,Moderate,5.090665787693864,High
374409781,2,4.7407407407407405,Moderate,5.574487847720363,High
374582947,2,5.999999999999999,High,4.2927891909189135,Moderate
374583080,2,1.0942455856950868,Low,1.8843404646670074,Low
374583395,2,1.0,Low,1.9010000641459561,Low
374588611,2,9.0,Very High,5.071317841749895,High
374970178,2,6.0,High,4.797427269141521,Moderate
374970917,2,3.425440131591025,Moderate,3.111800876436228,Moderate
375167936,2,1.0,Low,1.563756224528229,Low
375555874,2,4.481481481481481,Moderate,6.778730935811433,Very High
375643715,2,1.871310434327066,Low,3.7249740089930796,Moderate
375682901,2,5.111111111111111,High,5.306697138873746,High
375683525,2,1.871310434327066,Low,2.2773926762004666,Low
375755722,2,5.0,High,3.5239676645972953,Moderate
375780386,2,1.871310434327066,Low,2.395445592999905,Low
375819861,2,1.0,Low,1.5924933562192183,Low
375863458,2,1.0,Low,1.3975271586408131,Low
376211384,2,1.3703703703703702,Low,1.4321897249514786,Low
378457716,2,1.0,Low,1.1352308270011897,Low
378645799,2,6.533699526118942,High,6.792314534867007,Very High
378708110,2,4.202504980223004,Moderate,4.351116910139703,Moderate
378831121,2,1.0942455856950868,Low,1.5534396706879074,Low
378887535,2,7.111111111111111,Very High,5.929171121817567,High
379570523,2,2.648375282959045,Low,2.682621888378052,Low
379830024,2,3.111111111111111,Moderate,2.0758715557916254,Low
379860845,2,4.202504980223004,Moderate,3.3270981728077227,Moderate
380029291,2,1.0,Low,1.7018068340532544,Low
380347580,2,4.202504980223004,Moderate,2.8813341725441877,Low
380721864,2,1.3703703703703702,Low,1.7625355533556002,Low
381257127,2,6.481481481481481,High,5.880186653843957,High
381294765,2,1.3703703703703702,Low,3.124380098630773,Moderate
381552062,2,1.0,Low,1.267847525346161,Low
381552371,2,1.0,Low,1.0905120594169717,Low
382135597,2,1.0,Low,1.4039970897447538,Low
382438445,2,1.0,Low,1.7673050199195943,Low
382555719,2,1.0,Low,1.1067015854237625,Low
382750075,2,4.0,Moderate,3.5049871317248216,Moderate
382780665,2,2.648375282959045,Low,2.5875889905576273,Low
384945423,2,1.0942455856950868,Low,2.8549101429079355,Low
384945479,2,5.111111111111111,High,6.108951153857154,High
384946864,2,1.0942455856950868,Low,2.4634780927623643,Low
386036949,2,3.425440131591025,Moderate,2.3430081708594916,Low
386046441,2,4.0,Moderate,2.161419730774244,Low
386059026,2,1.0,Low,1.199220387987478,Low
386220114,2,7.74074074074074,Very High,6.122401120214283,High
386220223,2,3.0,Moderate,1.930594521328484,Low
386422250,2,1.0,Low,1.1530770577883986,Low
387644662,2,4.111111111111111,Moderate,3.8462896151474966,Moderate
387746922,2,3.0,Low,2.278918509676515,Low
388104458,2,1.0942455856950868,Low,3.553358362628385,Moderate
388574425,2,1.0942455856950868,Low,1.7970368907463374,Low
388711886,2,1.0,Low,1.1214739565270202,Low
388715605,2,1.0,Low,1.4121001403613742,Low
389854527,2,1.0,Low,1.163770365590958,Low
390087119,2,1.0942455856950868,Low,1.284974323192836,Low
390101589,2,1.0,Low,1.3760348917872984,Low
390684836,2,1.871310434327066,Low,2.0809693724148,Low
390686927,2,1.0942455856950868,Low,3.18585096395776,Moderate
391721883,2,1.6296296296296298,Low,4.257825431767798,Moderate
392247138,2,1.6296296296296298,Low,1.8922604422451321,Low
392710636,2,1.0,Low,1.3643051527987273,Low
393061150,2,1.0,Low,1.2688984240207217,Low
393079635,2,1.871310434327066,Low,2.4876782141902782,Low
393082964,2,1.0942455856950868,Low,1.6811817148233357,Low
393202611,2,3.3703703703703702,Moderate,3.783356598694001,Moderate
393203273,2,1.0942455856950868,Low,2.553347708856819,Low
393205397,2,8.37037037037037,Very High,7.901538434192169,Very High
393234221,2,3.425440131591025,Moderate,3.8860675651394714,Moderate
393533686,2,1.3703703703703702,Low,1.439784187461313,Low
393550384,2,1.0942455856950868,Low,1.2082597935621777,Low
393564447,2,2.0,Low,2.3270822891110425,Low
393684968,2,1.3703703703703702,Low,1.6822538776549347,Low
393802936,2,4.0,Moderate,4.867873520359012,Moderate
393892368,2,1.0,Low,1.3923951338065974,Low
393993685,2,1.0942455856950868,Low,2.6141350632204983,Low
394154541,2,2.0,Low,1.263875635331352,Low
394465545,2,2.3703703703703702,Low,3.7769273849972174,Moderate
394694425,2,3.425440131591025,Moderate,4.3087878248731135,Moderate
394695465,2,4.0,Moderate,4.123032248545469,Moderate
395286920,2,1.0,Low,1.3527181423473835,Low
395449702,2,1.6296296296296298,Low,1.5585696752031528,Low
396025156,2,5.7566346774869634,High,2.9197041369970638,Low
396641659,2,7.0,Very High,4.33807300915292,Moderate
397197912,2,1.7407407407407407,Low,1.9319804573384098,Low
397388455,2,7.111111111111111,Very High,7.357266006669692,Very High
397510706,2,4.0,Moderate,1.907345718646221,Low
397551803,2,2.648375282959045,Low,2.934535509911775,Low
397813892,2,5.0,High,2.007134925371499,Low
397814816,2,2.0,Low,2.576972881355271,Low
398541656,2,2.3703703703703702,Low,1.1983076039445035,Low
398739858,2,1.0942455856950868,Low,1.3043399878673556,Low
398842174,2,1.0942455856950868,Low,2.341297307380146,Low
398997454,2,5.0,High,4.266731565953826,Moderate
399012940,2,1.0,Low,1.3007928693269504,Low
399385189,2,1.0,Low,1.2824768340116552,Low
399783648,2,1.871310434327066,Low,4.047401019871923,Moderate
399788574,2,2.6296296296296293,Low,5.256078089193979,High
399790213,2,1.0,Low,1.2480817970341587,Low
399958185,2,1.6296296296296298,Low,3.5278782976826593,Moderate
399967086,2,1.0,Low,1.4787184121022179,Low
399980477,2,1.0942455856950868,Low,1.4831532065649742,Low
400195023,2,5.0,High,3.590765706978413,Moderate
400375704,2,5.0,High,3.8769887650926504,Moderate
400424798,2,1.0,Low,1.8951691047714965,Low
400496364,2,7.74074074074074,Very High,3.8486924799543862,Moderate
400875746,2,1.0942455856950868,Low,1.9425589146232942,Low
400899170,2,1.0942455856950868,Low,1.3366499968700865,Low
400920350,2,1.0942455856950868,Low,2.11164019166665,Low
401155802,2,1.0942455856950868,Low,1.9519859070893817,Low
401171410,2,1.871310434327066,Low,3.342346720169272,Moderate
401303783,2,1.0942455856950868,Low,1.5454622476469853,Low
401409605,2,6.0,High,4.943155415273875,High
401541839,2,1.0942455856950868,Low,2.5531960126479287,Low
401542461,2,7.0,Very High,6.827943278357799,Very High
401655486,2,1.0,Low,3.0343472720740663,Low
401827182,2,1.0,Low,1.866862684636509,Low
401899114,2,4.7407407407407405,Moderate,4.021548010726263,Moderate
401989730,2,4.481481481481481,Moderate,3.6070844274002494,Moderate
401989879,2,3.425440131591025,Moderate,3.570799054902295,Moderate
401991839,2,4.0,Moderate,3.4921679929801486,Moderate
402115682,2,3.111111111111111,Moderate,2.8619643665520895,Low
402229999,2,5.0,High,2.679703709621405,Low
402293065,2,1.0,Low,1.171827428087091,Low
402308238,2,5.7566346774869634,High,4.222055186576114,Moderate
403039232,2,1.3703703703703702,Low,1.4104775213359435,Low
403162945,2,1.0,Low,2.7414657383385443,Low
403239014,2,1.871310434327066,Low,2.9834402683944448,Low
403282132,2,2.0,Low,1.0601418026908105,Low
403379729,2,1.0,Low,2.491657000760914,Low
403595002,2,1.0942455856950868,Low,1.8311760636970926,Low
403640111,2,2.0,Low,2.999317601954148,Low
403769018,2,3.3703703703703702,Moderate,2.1424686255213916,Low
403797192,2,2.648375282959045,Low,3.466517855499716,Moderate
403866940,2,1.7407407407407407,Low,1.916948738471251,Low
403905544,2,5.111111111111111,High,3.8668762712053275,Moderate
403923183,2,1.871310434327066,Low,1.9550697147537888,Low
404030175,2,1.0942455856950868,Low,1.3496232774495063,Low
404374580,2,1.0,Low,1.2105178167414787,Low
404684787,2,1.0,Low,1.7515726810456136,Low
404783182,2,1.0,Low,1.9148823786505949,Low
404840072,2,2.0,Low,3.0639672071306046,Low
404921472,2,1.0942455856950868,Low,1.8838341209625018,Low
405336502,2,3.425440131591025,Moderate,5.139132743679047,High
406054009,2,1.0942455856950868,Low,2.1220280416199655,Low
406215399,2,1.0,Low,2.3068766807087657,Low
406219986,2,1.0942455856950868,Low,1.6207747640980412,Low
406222939,2,1.0,Low,1.759586769436189,Low
406274613,2,1.0,Low,1.4816535393501522,Low
406337968,2,4.7407407407407405,Moderate,4.410857445385275,Moderate
406410570,2,6.0,High,2.8651971783280024,Low
406412742,2,1.6296296296296298,Low,2.0965354941658734,Low
406491288,2,1.0942455856950868,Low,1.3983000376353405,Low
406619625,2,1.0942455856950868,Low,2.6622993602515566,Low
406620503,2,1.0,Low,1.7812917290783874,Low
406713879,2,1.871310434327066,Low,2.717739158768488,Low
406823056,2,1.871310434327066,Low,2.6198672439818704,Low
407090853,2,1.0,Low,1.303397025728521,Low
407161922,2,1.0,Low,1.0472377648375901,Low
407216276,2,1.0942455856950868,Low,2.6970989732381736,Low
407236042,2,4.0,Moderate,4.862412729871163,Moderate
407272704,2,1.0,Low,1.3877746457432418,Low
407419774,2,1.0,Low,1.3915357014088312,Low
407807320,2,1.0942455856950868,Low,1.6142713567696556,Low
407846120,2,1.0,Low,1.2075268921011797,Low
408035531,2,3.3703703703703702,Moderate,4.307700833435107,Moderate
408154408,2,1.871310434327066,Low,3.7848945892889936,Moderate
408179261,2,1.871310434327066,Low,2.9853582580151787,Low
408334212,2,1.0942455856950868,Low,1.191977794739696,Low
408440141,2,1.0942455856950868,Low,1.6900369408078593,Low
408440405,2,1.0,Low,1.2764896130039873,Low
408480912,2,1.0,Low,1.4272208796532952,Low
408554508,2,2.0,Low,4.115763042226352,Moderate
408580673,2,3.425440131591025,Moderate,2.633362963562498,Low
408627883,2,2.648375282959045,Low,2.3068360112064985,Low
408776030,2,2.3703703703703702,Low,1.7506980443799125,Low
408807903,2,4.0,Moderate,2.92200015401956,Low
408883689,2,5.0,High,1.9343305798177424,Low
408885756,2,1.0942455856950868,Low,2.451504875974637,Low
408898038,2,6.533699526118942,High,5.149748734778193,High
408898619,2,6.0,High,5.8095767108135234,High
408899084,2,1.0,Low,1.9470588331372003,Low
408991094,2,1.0942455856950868,Low,2.443269367863185,Low
409255214,2,1.0,Low,1.2304605079860433,Low
409300669,2,1.0,Low,2.426229355991178,Low
409478505,2,1.0942455856950868,Low,3.1208748997070392,Moderate
409484863,2,1.0942455856950868,Low,1.4369673221911357,Low
409590379,2,1.0,Low,1.762629129956082,Low
409758059,2,3.740740740740741,Moderate,2.684888005816439,Low
409972701,2,1.0,Low,1.6866511381635516,Low
409972976,2,4.202504980223004,Moderate,3.694708692981381,Moderate
409973689,2,1.7407407407407407,Low,1.89023178004341,Low
410104694,2,1.6296296296296298,Low,2.1785350130509036,Low
410558542,2,1.0,Low,1.1625173517016565,Low
410878077,2,1.0942455856950868,Low,1.2237776396951006,Low
410949861,2,1.0942455856950868,Low,2.443758633417839,Low
410992802,2,1.0942455856950868,Low,1.520614675832738,Low
411126143,2,2.7407407407407405,Low,2.966324710124822,Low
411195438,2,1.871310434327066,Low,2.645847152817524,Low
411511566,2,1.871310434327066,Low,2.514647281011231,Low
411642537,2,1.871310434327066,Low,1.4472800969053634,Low
411662090,2,1.0,Low,1.2542077714128133,Low
411691079,2,1.0,Low,3.10160256003072,Moderate
411694895,2,1.0,Low,1.5913841307687102,Low
411721787,2,3.425440131591025,Moderate,1.4083550811469974,Low
411721874,2,3.3703703703703702,Moderate,3.56638948855021,Moderate
411722013,2,1.6296296296296298,Low,1.8105899647042505,Low
411722572,2,4.111111111111111,Moderate,3.044546576859701,Low
411733694,2,1.871310434327066,Low,2.619518524549009,Low
411760755,2,4.0,Moderate,1.5601959953848712,Low
411761249,2,1.0942455856950868,Low,2.0564599159694072,Low
411842700,2,1.0942455856950868,Low,1.2633908319425977,Low
411856748,2,1.871310434327066,Low,1.8597151513643446,Low
411859738,2,1.0942455856950868,Low,3.4661165478673324,Moderate
411863338,2,4.0,Moderate,2.417894899636221,Low
411875069,2,1.7407407407407407,Low,1.7376123687599252,Low
411875954,2,6.0,High,4.730511847447648,Moderate
411890398,2,1.0,Low,3.5809547334275456,Moderate
411911063,2,4.979569828854984,Moderate,3.103274349488968,Moderate
411925943,2,2.111111111111111,Low,1.6367180080716808,Low
411926442,2,1.871310434327066,Low,2.604569889474279,Low
411936166,2,1.0,Low,1.0,Low
411949272,2,4.37037037037037,Moderate,1.7659233756457646,Low
411950494,2,1.0942455856950868,Low,1.7441411229699275,Low
411964565,2,1.0,Low,1.7333334581673259,Low
412014735,2,1.0,Low,1.4047911822885109,Low
412023310,2,1.0,Low,1.1800658001917563,Low
412095336,2,1.0942455856950868,Low,3.0736566212640213,Low
412190748,2,1.0,Low,2.0146046581633357,Low
412226455,2,1.871310434327066,Low,1.6605173651034062,Low
412230660,2,5.0,High,3.7383709610715443,Moderate
412232216,2,5.111111111111111,High,5.293933413808292,High
412308147,2,1.0,Low,1.5342332272722805,Low
412310782,2,1.3703703703703702,Low,1.2548401706609313,Low
412311229,2,1.0,Low,1.9389317802175103,Low
412312944,2,1.0942455856950868,Low,2.9500031689366093,Low
412368370,2,1.0,Low,1.0,Low
412419442,2,1.871310434327066,Low,2.8668403292134546,Low
412437184,2,4.979569828854984,Moderate,3.965603841788219,Moderate
412441916,2,1.0,Low,1.3399277915187664,Low
412446385,2,1.0,Low,1.3714638033959474,Low
412447192,2,2.648375282959045,Low,1.6035996669953256,Low
412672708,2,1.0942455856950868,Low,1.7918510059124961,Low
412711418,2,5.0,High,4.267664107465799,Moderate
412712410,2,3.425440131591025,Moderate,4.307078395112146,Moderate
412748044,2,1.0,Low,3.0976141159726125,Moderate
412800102,2,1.0,Low,1.111642112246792,Low
412805473,2,1.0,Low,2.02899028719614,Low
412877698,2,1.0,Low,1.1065277045133248,Low
412920121,2,3.111111111111111,Moderate,2.1135349078504455,Low
412937681,2,2.6296296296296293,Low,2.3209817928242034,Low
412983855,2,1.0942455856950868,Low,2.4725267329433454,Low
413023928,2,1.0,Low,1.5433212026115375,Low
413031300,2,4.0,Moderate,4.679810522822987,Moderate
413127699,2,1.0942455856950868,Low,1.1188544923080697,Low
413157558,2,1.0,Low,2.096901622767526,Low
413183181,2,1.0,Low,3.7446245983638775,Moderate
413239830,2,1.0942455856950868,Low,1.4852255739114555,Low
413274657,2,1.0942455856950868,Low,1.8025173841432856,Low
413310666,2,2.111111111111111,Low,2.4299856232302472,Low
413345037,2,3.4814814814814814,Moderate,4.686770058293959,Moderate
413370263,2,1.0942455856950868,Low,1.8135093341101758,Low
413404709,2,1.0,Low,1.1593675136630832,Low
413478401,2,1.0,Low,1.515807629822035,Low
413486926,2,2.648375282959045,Low,3.9271940125986213,Moderate
413487692,2,1.871310434327066,Low,3.0923930083924644,Low
413488561,2,5.37037037037037,High,5.3672638913705795,High
413498288,2,1.0942455856950868,Low,1.169324673937234,Low
413538102,2,1.0942455856950868,Low,1.3592670482401314,Low
413619204,2,4.979569828854984,Moderate,4.1079043231641545,Moderate
413670126,2,1.3703703703703702,Low,1.3676204016056372,Low
413685183,2,1.0,Low,1.1549509860888985,Low
413710315,2,5.111111111111111,High,5.634047055343431,High
413717869,2,1.871310434327066,Low,1.8310901504459371,Low
413776438,2,4.481481481481481,Moderate,4.923422523673759,High
413780258,2,7.111111111111111,Very High,5.981226090478788,High
413780262,2,6.0,High,1.4512222111970239,Low
413781566,2,1.0,Low,1.8140191025724022,Low
413816611,2,1.0,Low,2.765990279234413,Low
413824818,2,1.0942455856950868,Low,1.968699602306133,Low
413878719,2,3.740740740740741,Moderate,3.143554268536825,Moderate
413898382,2,1.0,Low,1.5760739913161612,Low
413905915,2,3.0,Low,2.7588130122949215,Low
413920366,2,1.0,Low,1.121783128739045,Low
413924567,2,4.202504980223004,Moderate,3.7972692271755544,Moderate
413929889,2,1.871310434327066,Low,2.646768222055035,Low
413933415,2,1.0,Low,1.8346506066129997,Low
413933598,2,1.0,Low,1.137181804915277,Low
413934410,2,5.7566346774869634,High,3.9076476300656915,Moderate
413934425,2,1.0,Low,1.2354971698675352,Low
413936407,2,1.0,Low,1.531248300401768,Low
413936915,2,1.0,Low,1.1352891146173651,Low
413936960,2,1.0,Low,1.087855499108807,Low
413940170,2,5.0,High,2.407376550588787,Low
413941446,2,3.0,Moderate,2.801459627806162,Low
413941834,2,2.6296296296296293,Low,2.6962379659727382,Low
413942465,2,2.3703703703703702,Low,2.3671941971637844,Low
413945274,2,3.425440131591025,Moderate,3.7295075676693052,Moderate
413946377,2,4.202504980223004,Moderate,2.9751068661262465,Low
413946638,2,3.425440131591025,Moderate,4.757307331492132,Moderate
413948492,2,6.111111111111111,High,2.8754085660386726,Low
413950241,2,2.0,Low,1.7051330081276075,Low
413957981,2,1.0,Low,1.198262521755249,Low
413961046,2,3.0,Moderate,1.1186795873338125,Low
413962311,2,5.0,High,4.706151687173411,Moderate
413963260,2,3.0,Moderate,1.8447705141788275,Low
413963565,2,1.871310434327066,Low,1.4636272606768048,Low
413964199,2,1.0,Low,1.62273807965627,Low
413966167,2,1.7407407407407407,Low,3.0416776509704833,Low
413966613,2,4.202504980223004,Moderate,5.121739332202571,High
413967427,2,6.481481481481481,High,3.4579826101892013,Moderate
413968293,2,1.6296296296296298,Low,3.061588131242206,Low
413970098,2,1.871310434327066,Low,1.8359330377098648,Low
413972660,2,1.0,Low,1.04414394240428,Low
413972718,2,1.0942455856950868,Low,1.7377406383589933,Low
413973132,2,1.0942455856950868,Low,1.3247109858468904,Low
413973322,2,1.0942455856950868,Low,1.292423175381963,Low
413974179,2,2.0,Low,3.3888594894709825,Moderate
413975036,2,1.0942455856950868,Low,1.1188541999687591,Low
413977167,2,1.0942455856950868,Low,1.156214998567453,Low
413979830,2,7.370370370370369,Very High,5.757645865860936,High
413981431,2,1.0942455856950868,Low,1.3122758745023573,Low
413992952,2,3.0,Moderate,1.8038766212704909,Low
thread_10130873_سلما1372_1401/10/26 08:51,2,4.202504980223004,Moderate,4.08528616185422,Moderate
thread_10179382_atabizemestoon_1401/11/02 01:22,2,5.7566346774869634,High,5.821940454051104,High
thread_10185456_starter,2,2.259259259259259,Low,3.402474247425809,Moderate
thread_10233522_starter,2,6.533699526118942,High,6.393605396854123,High
thread_10514731_starter,2,4.0,Moderate,4.664865016633241,Moderate
thread_10676035_starter,2,5.0,High,3.7443588722067105,Moderate
thread_10723964_starter,2,6.533699526118942,High,4.661247999512063,Moderate
thread_10932921_هرماینی_ویزلی_1402/02/04 22:48,2,1.0,Low,1.1499226934733886,Low
thread_10952183_starter,2,5.111111111111111,High,4.81472831082604,Moderate
thread_10952183_عطرعاشقی_1402/02/07 09:59,2,3.0,Low,1.588606090844392,Low
thread_11018093_adrina_______1402/02/15 12:43,2,1.0,Low,1.2054974510424503,Low
thread_11038954_starter,2,6.0,High,6.327439679084271,High
thread_11050893_starter,2,4.979569828854984,Moderate,4.620228113049355,Moderate
thread_11050893_تنهاوغریب۷۸_1402/02/19 19:15,2,4.202504980223004,Moderate,3.122532873998452,Moderate
thread_11050893_مدیراستارتر_1402/02/19 19:09,2,3.0,Moderate,2.8137540590822123,Low
thread_11099636_starter,2,3.425440131591025,Moderate,4.705999164437792,Moderate
thread_11151960_starter,2,4.7407407407407405,Moderate,2.8274820514015113,Low
thread_11200287_starter,2,4.0,Moderate,5.263202690562837,High
thread_11226201_starter,2,3.0,Moderate,2.9616005258427878,Low
thread_11237504_starter,2,8.0,Very High,7.594592460261465,Very High
thread_11457979_tamin1828_1402/04/11 10:55,2,2.0,Low,2.2788999963326435,Low
thread_11457979_حنا_دختری_در_رختخواب_1402/04/11 14:21,2,2.648375282959045,Low,5.678444033162484,High
thread_11650928_ماه66_1402/05/05 04:19,2,1.871310434327066,Low,1.4322922068093016,Low
thread_11651384_starter,2,5.7566346774869634,High,4.679561796274459,Moderate
thread_11782399_starter,2,4.202504980223004,Moderate,4.05318660282105,Moderate
thread_11805524_starter,2,5.7407407407407405,High,6.140761873310647,High
thread_11806754_کوالاءخسته_1402/05/25 02:04,2,2.3703703703703702,Low,2.0757836862016594,Low
thread_11898756_starter,2,7.370370370370369,Very High,6.135483220613716,High
thread_11900475_starter,2,3.3703703703703702,Moderate,5.038382670963925,High
thread_11912656_starter,2,1.871310434327066,Low,3.0689902363191393,Low
thread_11976631_starter,2,3.3703703703703702,Moderate,4.172962371937854,Moderate
thread_12033101_starter,2,8.0878292233829,Very High,7.197371254484256,Very High
thread_12127266_starter,2,6.0,High,5.775750048208711,High
thread_12173353_starter,2,5.7407407407407405,High,7.194848538695295,Very High
thread_12182197_starter,2,4.851851851851851,Moderate,5.784300141276671,High
thread_12233829_starter,2,5.7407407407407405,High,6.14819821999142,High
thread_12250008_starter,2,2.648375282959045,Low,4.254154400272085,Moderate
thread_12306808_starter,2,2.3703703703703702,Low,4.467263727482759,Moderate
thread_12320753_starter,2,1.871310434327066,Low,2.2518659868901554,Low
thread_12381492_starter,2,7.74074074074074,Very High,7.5407663005800085,Very High
thread_12408152_starter,2,5.7566346774869634,High,5.779402847289674,High
thread_12433679_starter,2,5.7566346774869634,High,6.487697191855256,Very High
thread_12478351_starter,2,5.7566346774869634,High,4.3974349138532745,Moderate
thread_12609082_starter,2,6.370370370370369,High,5.857210753647925,High
thread_12610447_starter,2,5.7566346774869634,High,6.6054359013405515,Very High
thread_12690442_starter,2,4.202504980223004,Moderate,4.887882361819075,Moderate
thread_12705455_starter,2,4.979569828854984,Moderate,5.862462228662539,High
thread_12705823_starter,2,7.310764374750923,Very High,6.859105790945462,Very High
thread_12744284_starter,2,6.7407407407407405,High,6.695004828165523,Very High
thread_12809113_starter,2,6.533699526118942,High,7.475158631597957,Very High
thread_12853035_starter,2,5.37037037037037,High,5.573368429979627,High
thread_12906305_starter,2,1.0,Low,1.3795440561447223,Low
thread_12942965_starter,2,7.310764374750923,Very High,7.606164278945983,Very High
thread_13045911_starter,2,7.0,Very High,4.472246707417225,Moderate
thread_13078984_starter,2,4.979569828854984,Moderate,6.353248569697464,High
thread_13107180_starter,2,6.533699526118942,High,5.048494040455029,High
thread_13136280_starter,2,7.310764374750923,Very High,7.191767377653957,Very High
thread_13154191_starter,2,1.0942455856950868,Low,2.4573261135440116,Low
thread_13252844_starter,2,4.7407407407407405,Moderate,7.539989659778023,Very High
thread_13262859_zizigoolootabeta_1402/12/28 18:13,2,3.740740740740741,Moderate,2.5874863258663243,Low
thread_13324508_چش_قشنگ_سابقم_1403/01/09 12:27,2,3.3703703703703702,Moderate,3.4136875964083337,Moderate
thread_13408817_starter,2,5.7407407407407405,High,3.746887693208266,Moderate
thread_13409606_starter,2,6.533699526118942,High,6.854243053554758,Very High
thread_13418141_starter,2,6.533699526118942,High,6.088078027552031,High
thread_13421264_starter,2,1.871310434327066,Low,3.3811918522239353,Moderate
thread_13486505_starter,2,4.202504980223004,Moderate,6.175552668818307,High
thread_13509923_starter,2,7.370370370370369,Very High,5.8734781359311565,High
thread_13552822_starter,2,7.111111111111111,Very High,6.570940479122237,Very High
thread_13621306_starter,2,4.202504980223004,Moderate,5.5296239700399425,High
thread_13631552_starter,2,7.310764374750923,Very High,7.359989687444912,Very High
thread_13688728_starter,2,6.111111111111111,High,6.359633524564519,High
thread_13712193_starter,2,5.37037037037037,High,7.21328539505307,Very High
thread_13738914_starter,2,8.11111111111111,Very High,7.735793998576446,Very High
thread_13767873_starter,2,6.533699526118942,High,5.452103215140448,High
thread_13825421_starter,2,6.533699526118942,High,6.410782425105956,High
thread_13916879_starter,2,6.0,High,5.222733737907073,High
thread_13929251_starter,2,5.7566346774869634,High,7.200443699203997,Very High
thread_13953294_starter,2,6.533699526118942,High,6.444692217589293,High
thread_14073161_starter,2,1.0942455856950868,Low,1.2554668042027712,Low
thread_14084967_starter,2,7.310764374750923,Very High,7.467313882731097,Very High
thread_14122377_starter,2,3.6296296296296298,Moderate,4.763581113749145,Moderate
thread_14175165_starter,2,7.0,Very High,7.3224641488780104,Very High
thread_14183128_starter,2,5.999999999999999,High,7.382866920415047,Very High
thread_14188064_starter,2,7.111111111111111,Very High,6.49147113523013,Very High
thread_14268488_starter,2,3.111111111111111,Moderate,6.581020552333736,Very High
thread_14279072_starter,2,5.7566346774869634,High,6.385643809118992,High
thread_14282120_starter,2,4.979569828854984,Moderate,6.562125927444548,Very High
thread_14347802_starter,2,7.370370370370369,Very High,6.567148501973639,Very High
thread_14412953_starter,2,5.111111111111111,High,5.585032602531273,High
thread_14441712_starter,2,3.740740740740741,Moderate,5.012884822911796,High
thread_14455660_starter,2,6.0,High,2.7352910262324084,Low
thread_14460512_starter,2,3.0,Moderate,6.211339816939569,High
thread_14467942_starter,2,8.37037037037037,Very High,7.392631522953977,Very High
thread_14479280_starter,2,4.979569828854984,Moderate,5.803434372709603,High
thread_14487444_starter,2,1.871310434327066,Low,1.835487909184243,Low
thread_14489390_starter,2,5.7566346774869634,High,5.003387218480073,High
thread_14495712_starter,2,6.370370370370369,High,6.067254976827737,High
thread_14501261_starter,2,6.533699526118942,High,5.607467592854569,High
thread_14528072_starter,2,6.7407407407407405,High,7.509879892460784,Very High
thread_14554560_starter,2,5.7566346774869634,High,5.1345926687542,High
thread_14568401_starter,2,4.37037037037037,Moderate,5.037471053824215,High
thread_14569073_starter,2,5.37037037037037,High,4.456101046057206,Moderate
thread_14574678_starter,2,4.202504980223004,Moderate,5.025935213153135,High
thread_14635054_starter,2,5.999999999999999,High,6.4656494642730795,Very High
thread_14683643_starter,2,4.0,Moderate,4.113889365455456,Moderate
thread_14694249_starter,2,5.7407407407407405,High,6.407717904513806,High
thread_14715194_starter,2,4.202504980223004,Moderate,6.333063845269486,High
thread_14722033_starter,2,8.0878292233829,Very High,7.321047403163256,Very High
thread_14802157_starter,2,4.979569828854984,Moderate,6.538831589517764,Very High
thread_14819825_starter,2,5.7566346774869634,High,7.201035062964976,Very High
thread_14826441_starter,2,6.7407407407407405,High,4.86916546781293,Moderate
thread_14860315_starter,2,6.533699526118942,High,6.475749295555007,Very High
thread_14863337_starter,2,5.0,High,4.179181544341399,Moderate
thread_14903020_starter,2,7.74074074074074,Very High,7.097529214253952,Very High
thread_14921397_starter,2,7.310764374750923,Very High,5.679052440604975,High
thread_14928367_starter,2,4.37037037037037,Moderate,3.797852498649828,Moderate
thread_14936228_starter,2,3.0,Low,6.632074386693795,Very High
thread_14955659_starter,2,8.0878292233829,Very High,6.631576210160329,Very High
thread_14967521_starter,2,4.7407407407407405,Moderate,4.0865674216594075,Moderate
thread_15089633_starter,2,6.533699526118942,High,6.5325731593341105,Very High
thread_15112662_starter,2,4.979569828854984,Moderate,6.495309878886841,Very High
thread_15121481_starter,2,1.0,Low,2.674456707538072,Low
thread_15152301_starter,2,4.979569828854984,Moderate,3.8956570435645084,Moderate
thread_15186766_starter,2,4.37037037037037,Moderate,4.831129518828802,Moderate
thread_15246176_starter,2,4.979569828854984,Moderate,4.982440858559559,High
thread_15271286_starter,2,4.481481481481481,Moderate,6.721487325095116,Very High
thread_15328137_starter,2,4.0,Moderate,5.2357740270786595,High
thread_15366720_starter,2,4.202504980223004,Moderate,5.0066171448206624,High
thread_15375726_starter,2,5.7566346774869634,High,4.807443253412695,Moderate
thread_15506923_starter,2,4.202504980223004,Moderate,6.474568791432061,Very High
thread_15506959_starter,2,2.0,Low,1.8111300912661399,Low
thread_15526324_starter,2,4.979569828854984,Moderate,5.459939756109693,High
thread_15538669_starter,2,2.648375282959045,Low,4.714492268978752,Moderate
thread_15544453_starter,2,3.740740740740741,Moderate,5.256961078668543,High
thread_15567623_starter,2,7.0,Very High,6.624340240693208,Very High
thread_15569844_starter,2,2.0,Low,5.6582099206934515,High
thread_15671111_starter,2,2.0,Low,3.146730559061537,Moderate
thread_15720488_starter,2,6.533699526118942,High,7.044046820441497,Very High
thread_15734085_starter,2,1.871310434327066,Low,2.5304454260487983,Low
thread_15745888_starter,2,3.425440131591025,Moderate,5.039363502890331,High
thread_15830721_starter,2,3.425440131591025,Moderate,4.979655584517449,High
thread_15871327_starter,2,6.0,High,5.10645724698733,High
thread_15897989_starter,2,1.871310434327066,Low,1.872837321222083,Low
thread_15936173_starter,2,6.533699526118942,High,6.641282604418915,Very High
thread_15939513_starter,2,7.370370370370369,Very High,6.659460363619073,Very High
thread_15940137_mosvi_1404/01/18 20:18,2,1.0942455856950868,Low,2.5613806557037195,Low
thread_16026496_starter,2,4.111111111111111,Moderate,6.318468265773937,High
thread_16026811_starter,2,6.7407407407407405,High,6.6498902229982235,Very High
thread_16092036_starter,2,6.111111111111111,High,6.603403882132371,Very High
thread_16093272_starter,2,4.979569828854984,Moderate,6.464481204598674,Very High
thread_16144796_starter,2,1.871310434327066,Low,3.6218972360354273,Moderate
thread_16157985_starter,2,7.74074074074074,Very High,6.964272502136211,Very High
thread_16169689_starter,2,7.310764374750923,Very High,7.495796176035766,Very High
thread_16201409_starter,2,4.979569828854984,Moderate,5.676717058626853,High
thread_16245654_starter,2,6.533699526118942,High,6.329785185021475,High
thread_16251717_starter,2,1.0,Low,2.887400902273967,Low
thread_16253599_starter,2,5.7566346774869634,High,6.027871894608207,High
thread_16300821_starter,2,7.111111111111111,Very High,7.587968156615603,Very High
thread_16303045_starter,2,1.0942455856950868,Low,1.403826218246269,Low
thread_16395518_behnam_59_1404/03/30 11:41,2,2.6296296296296293,Low,3.1477844738084437,Moderate
thread_16416779_starter,2,1.0,Low,2.1348607945499234,Low
thread_16457132_starter,2,5.37037037037037,High,5.003582769336792,High
thread_16522195_starter,2,8.37037037037037,Very High,7.510361324593285,Very High
thread_16537546_starter,2,6.533699526118942,High,5.927216798401818,High
thread_16576742_starter,2,2.3703703703703702,Low,4.043633240268255,Moderate
thread_16646973_starter,2,4.0,Moderate,4.4082526967846025,Moderate
thread_16685553_starter,2,5.999999999999999,High,4.930664104714635,High
thread_16698491_starter,2,4.202504980223004,Moderate,4.05127179678883,Moderate
thread_16741859_starter,2,5.7407407407407405,High,5.021102316132751,High
thread_16750723_starter,2,1.871310434327066,Low,2.1944358905319907,Low
thread_16784244_starter,2,3.4814814814814814,Moderate,4.964510608801229,High
thread_16810583_starter,2,4.202504980223004,Moderate,5.48375632599933,High
thread_16810736_starter,2,6.533699526118942,High,6.447795493314512,High
thread_16824448_starter,2,7.111111111111111,Very High,7.077997163849609,Very High
thread_16876696_starter,2,4.979569828854984,Moderate,5.2183253236093226,High
thread_16946803_starter,2,4.202504980223004,Moderate,6.088275683584241,High
thread_16949850_starter,2,5.999999999999999,High,5.75973560587864,High
thread_16963527_starter,2,2.0,Low,2.257627033010152,Low
thread_16976209_starter,2,2.3703703703703702,Low,5.258128781725853,High
thread_17041365_starter,2,1.871310434327066,Low,4.555184551391381,Moderate
thread_17070067_starter,2,3.425440131591025,Moderate,3.5242081922618125,Moderate
thread_17092677_starter,2,3.425440131591025,Moderate,4.662095520190704,Moderate
thread_17136656_starter,2,3.6296296296296298,Moderate,4.727078073875392,Moderate
thread_17171204_starter,2,3.425440131591025,Moderate,3.8807134466241,Moderate
thread_17174375_starter,2,6.7407407407407405,High,6.65810012791077,Very High
thread_17193053_starter,2,4.979569828854984,Moderate,5.261137005453474,High
thread_17253815_starter,2,3.425440131591025,Moderate,3.056682522904211,Low
thread_17279461_starter,2,4.37037037037037,Moderate,4.39790344256595,Moderate
thread_17349430_starter,2,3.425440131591025,Moderate,2.8050941655029784,Low
thread_17349734_starter,2,3.3703703703703702,Moderate,2.1408618192120823,Low
thread_17375891_starter,2,6.533699526118942,High,6.384956211064745,High
thread_17401588_starter,2,6.370370370370369,High,6.518218883602676,Very High
thread_17478052_starter,2,4.979569828854984,Moderate,6.068098297216604,High
thread_17481838_starter,2,7.111111111111111,Very High,6.416082071181272,High
thread_17486203_starter,2,6.111111111111111,High,6.403074782127204,High
thread_17502985_starter,2,5.7566346774869634,High,5.769003638766654,High
thread_17511477_starter,2,1.0942455856950868,Low,4.085992310716463,Moderate
thread_17521535_starter,2,7.310764374750923,Very High,7.675375044303621,Very High
thread_17531095_starter,2,3.425440131591025,Moderate,4.556862956254278,Moderate
thread_17533405_starter,2,3.425440131591025,Moderate,2.7116587735998325,Low
thread_17562526_starter,2,8.74074074074074,Very High,7.102849766656851,Very High
thread_17564329_starter,2,2.648375282959045,Low,4.187199597927379,Moderate
thread_17568041_starter,2,4.202504980223004,Moderate,5.81527700729745,High
thread_17596461_starter,2,6.533699526118942,High,5.624896268884054,High
thread_17612899_starter,2,3.425440131591025,Moderate,4.370595409217227,Moderate
thread_17616852_starter,2,6.0,High,4.053864330034335,Moderate
thread_17629509_starter,2,3.425440131591025,Moderate,3.6432927300434765,Moderate
thread_17699986_starter,2,5.0,High,4.427521257582264,Moderate
thread_17707547_starter,2,4.202504980223004,Moderate,4.669520738257629,Moderate
thread_17716204_starter,2,3.425440131591025,Moderate,3.9970996489661728,Moderate
thread_17761584_starter,2,6.7407407407407405,High,5.160015359760376,High
thread_17766584_starter,2,1.0942455856950868,Low,1.623806633679394,Low
thread_17769566_starter,2,1.0,Low,4.476047867374141,Moderate
thread_17782573_starter,2,6.0,High,7.522666326862664,Very High
thread_17827738_starter,2,4.979569828854984,Moderate,5.506282174132973,High
thread_17868718_starter,2,6.533699526118942,High,7.541515047544862,Very High
thread_17884387_starter,2,5.7566346774869634,High,5.625147267797059,High
thread_17888099_starter,2,4.979569828854984,Moderate,6.8771366133534855,Very High
thread_17914151_starter,2,1.871310434327066,Low,2.270327509918944,Low
thread_17918987_starter,2,5.7566346774869634,High,5.4950303112193115,High
thread_17922937_starter,2,6.533699526118942,High,6.880099060881721,Very High
thread_17925465_starter,2,6.533699526118942,High,5.615860920907813,High
thread_17930297_starter,2,6.0,High,7.418060862384584,Very High
thread_17931047_starter,2,4.202504980223004,Moderate,3.749384070094789,Moderate
thread_17940385_starter,2,3.6296296296296298,Moderate,3.916044245133112,Moderate
thread_17946364_starter,2,3.425440131591025,Moderate,6.3576353920540924,High
thread_17962215_starter,2,6.111111111111111,High,4.688608132083873,Moderate
thread_17964171_starter,2,2.0,Low,1.5259178668075806,Low
thread_17973744_starter,2,6.0,High,4.615831660239223,Moderate
thread_17981136_starter,2,2.3703703703703702,Low,3.373610837909911,Moderate
thread_17989125_starter,2,2.648375282959045,Low,2.7024929740577104,Low
thread_17991409_starter,2,7.310764374750923,Very High,6.404747179349777,High
thread_17991637_starter,2,7.310764374750923,Very High,5.6405250869086085,High
thread_17993895_starter,2,1.871310434327066,Low,5.857809191399409,High
thread_18005594_starter,2,4.37037037037037,Moderate,4.395480906787643,Moderate
thread_18017920_starter,2,3.425440131591025,Moderate,4.662476788786421,Moderate
thread_18018715_starter,2,4.0,Moderate,4.665436768799893,Moderate
thread_18018902_starter,2,7.310764374750923,Very High,7.358702343297169,Very High
thread_18025043_starter,2,7.310764374750923,Very High,7.706335557426683,Very High
thread_18032368_starter,2,4.7407407407407405,Moderate,6.0749871900450305,High
thread_18040866_starter,2,7.310764374750923,Very High,7.436999641548136,Very High
thread_18041098_starter,2,8.0,Very High,7.715414059540526,Very High
thread_18061678_starter,2,6.533699526118942,High,7.722786736816849,Very High
thread_18061785_starter,2,7.310764374750923,Very High,7.572257422343383,Very High
thread_18082186_starter,2,6.7407407407407405,High,5.168323753097911,High
thread_18089157_starter,2,1.0942455856950868,Low,4.1359273518632635,Moderate
thread_18090539_starter,2,3.3703703703703702,Moderate,2.874371714259008,Low
thread_18091117_starter,2,5.7566346774869634,High,5.413697960695113,High
thread_18101157_starter,2,4.481481481481481,Moderate,6.174257811920298,High
thread_18115856_starter,2,5.111111111111111,High,4.782132266840887,Moderate
thread_18124999_starter,2,4.0,Moderate,4.532449361984044,Moderate
thread_18126235_starter,2,2.648375282959045,Low,2.861961224391603,Low
thread_18129104_starter,2,4.0,Moderate,2.8824792439803453,Low
thread_18131684_starter,2,4.7407407407407405,Moderate,4.839162519840395,Moderate
thread_18137764_starter,2,2.648375282959045,Low,2.2244365540137983,Low
thread_18137777_starter,2,2.0,Low,4.559486789098293,Moderate
thread_18137896_starter,2,6.533699526118942,High,6.456631574487705,High
thread_18138146_starter,2,1.0,Low,1.2408849576008287,Low
thread_18138461_starter,2,2.7407407407407405,Low,4.701609492755751,Moderate
thread_18138935_starter,2,3.425440131591025,Moderate,4.496351935662683,Moderate
thread_18139228_starter,2,1.871310434327066,Low,2.133984131612145,Low
thread_18139236_starter,2,5.0,High,5.0343816438534486,High
thread_18139240_starter,2,2.6296296296296293,Low,3.337051085381136,Moderate
thread_18139371_starter,2,6.370370370370369,High,5.473141898012967,High
thread_18139798_starter,2,4.7407407407407405,Moderate,6.126008605955263,High
thread_18139910_starter,2,1.0,Low,3.2650617722008564,Moderate
thread_18141665_starter,2,2.0,Low,3.2248939795209854,Moderate
thread_18141855_starter,2,3.740740740740741,Moderate,6.423179887338627,High
thread_18141922_starter,2,4.202504980223004,Moderate,5.124019530497513,High
thread_18141943_starter,2,4.0,Moderate,4.281259947649941,Moderate
thread_18144946_starter,2,1.0942455856950868,Low,1.9544745681802218,Low
thread_18144989_starter,2,4.481481481481481,Moderate,7.691704796633488,Very High
thread_6077129_ورودجدید_1399/12/23 13:49,2,1.0,Low,1.211371541354978,Low
thread_6197391_2wب_1400/01/14 19:34,2,1.0,Low,1.0422424892925748,Low
thread_6215359_عمردرسکوت_1400/01/17 11:52,2,1.0942455856950868,Low,2.338522668007829,Low
thread_6309299_7887frshte_1400/01/31 00:17,2,3.0,Moderate,1.0871128284054263,Low
thread_6341246_starter,2,3.3703703703703702,Moderate,5.015028840968651,High
thread_6485839_yziba89_1400/02/26 02:06,2,1.6296296296296298,Low,3.24671821839404,Moderate
thread_6485839_ziba1380_1400/02/26 01:55,2,3.425440131591025,Moderate,5.706934851073151,High
thread_6485839_طلا۶۰_1400/02/26 01:46,2,1.0942455856950868,Low,1.4757690068486298,Low
thread_6489092_ارزوجان_1400/02/26 16:37,2,1.0942455856950868,Low,3.000644537396299,Low
thread_6489092_ملکه_یخی_هستم_1400/02/26 16:28,2,1.0,Low,2.747938026096426,Low
thread_6512194_tanhaaaaaaam_1400/02/30 03:06,2,4.481481481481481,Moderate,5.158616849761026,High
thread_6530624_fh137275_1400/03/02 01:03,2,1.0,Low,1.265504028133655,Low
thread_7145501_alaae_1400/06/07 02:34,2,7.0,Very High,2.9952720724192825,Low
thread_7225282_0dayana0_1400/06/19 11:42,2,1.0942455856950868,Low,2.0762162370467485,Low
thread_7225282_aynaz3676_1400/06/19 11:42,2,1.6296296296296298,Low,2.492634353105455,Low
thread_7286272_starter,2,2.648375282959045,Low,1.1645440623861156,Low
thread_7389673_مرغانه_1400/07/14 09:58,2,6.533699526118942,High,4.310187329601208,Moderate
thread_7389673_مرغانه_1400/07/15 01:17,2,1.871310434327066,Low,2.695004651443701,Low
thread_7541180_starter,2,6.533699526118942,High,5.091726134142689,High
thread_7839876_starter,2,5.7566346774869634,High,2.9073669253535748,Low
thread_7856775_samin_a_1400/10/06 13:24,2,3.6296296296296298,Moderate,4.048856695481843,Moderate
thread_7978999_hejran1400_1400/10/27 14:21,2,1.0,Low,3.2666060305538203,Moderate
thread_8354667_kajal63_1401/01/02 13:39,2,2.648375282959045,Low,3.1899071774792307,Moderate
thread_8506003_توسکا95_1401/01/30 02:06,2,5.481481481481481,High,5.703951993766175,High
thread_8894618_جییییگر_1401/04/03 15:23,2,2.0,Low,1.909457970000275,Low
thread_9078130_phr_1401/05/02 23:35,2,1.0,Low,1.9320353624851596,Low
thread_9078130_sama_kocholo_1401/05/02 23:38,2,1.0942455856950868,Low,1.6968573653827432,Low
thread_9120914_rozitakhanomi_1401/05/09 20:00,2,1.0,Low,1.4085194848186244,Low
thread_9207233_starter,2,3.0,Low,3.060745358786687,Low
thread_9284614_starter,2,5.111111111111111,High,6.936973817090895,Very High
thread_9443994_starter,2,4.7407407407407405,Moderate,5.132778818944864,High
thread_9453838_starter,2,4.202504980223004,Moderate,4.623964473498071,Moderate
thread_9536090_starter,2,7.111111111111111,Very High,7.226285955519435,Very High
thread_9642299_گلnooش_1401/08/18 00:32,2,2.0,Low,4.116616611657506,Moderate
thread_9648957_22aseman558_1401/08/19 00:25,2,3.4814814814814814,Moderate,1.4785126336685543,Low
thread_9677776_1parvaz_1402/06/25 20:54,2,6.0,High,7.624198592454981,Very High
thread_9725395_مارال37_1401/08/30 15:45,2,6.0,High,2.067996013249169,Low
thread_9736375_l_am_ryhane_1401/09/02 12:46,2,1.0,Low,5.649977994792774,High
thread_9736375_saberehhhhh_1401/09/02 13:48,2,5.37037037037037,High,4.442299409893057,Moderate
thread_9761611___قاصدک___1401/09/06 10:25,2,1.0942455856950868,Low,2.776433258350279,Low
thread_9816857_starter,2,1.0942455856950868,Low,3.337913606952297,Moderate
thread_9848289_starter,2,7.74074074074074,Very High,6.064147492098806,High
thread_9936634_starter,2,3.3703703703703702,Moderate,5.202950775993359,High
247447668,3,1.0942455856950868,Low,1.336993059657174,Low
249430380,3,1.871310434327066,Low,3.0231916096934643,Low
252781142,3,1.3703703703703702,Low,1.955337041565992,Low
252781771,3,4.979569828854984,Moderate,4.017523229411699,Moderate
254941053,3,1.0,Low,2.4661966757654903,Low
256747888,3,5.0,High,4.214572468299054,Moderate
256748376,3,3.425440131591025,Moderate,4.390419309226728,Moderate
257729396,3,1.0,Low,1.1440647537883843,Low
257729451,3,1.871310434327066,Low,3.8811708379145573,Moderate
262539355,3,2.0,Low,2.096882532575239,Low
262540230,3,3.740740740740741,Moderate,2.9823060843796445,Low
262649879,3,3.0,Low,1.6300009099806556,Low
264122188,3,1.0,Low,2.323162654456447,Low
264123022,3,1.871310434327066,Low,3.782218365807423,Moderate
267390340,3,1.3703703703703702,Low,3.1265229286225478,Moderate
268352156,3,1.6296296296296298,Low,2.6349493295334154,Low
270588835,3,1.3703703703703702,Low,1.2851667307245438,Low
271263144,3,1.0,Low,1.4387942963858817,Low
272962057,3,5.0,High,1.3469670627452865,Low
272963019,3,6.0,High,4.538080410996221,Moderate
272963433,3,3.425440131591025,Moderate,4.360236219470836,Moderate
272964892,3,7.310764374750923,Very High,5.017612721206494,High
276515974,3,1.0,Low,1.0309727280622405,Low
276962686,3,1.0942455856950868,Low,1.8044650574295362,Low
276974454,3,1.0,Low,1.6485306660645351,Low
277361152,3,1.871310434327066,Low,2.4541717465515216,Low
277845997,3,3.3703703703703702,Moderate,4.088388106181723,Moderate
278195679,3,2.0,Low,1.409877615928293,Low
279543448,3,1.0,Low,1.5127517271317248,Low
280163622,3,1.7407407407407407,Low,2.8873247645662516,Low
284071614,3,1.0942455856950868,Low,1.4812638734963928,Low
284349373,3,3.111111111111111,Moderate,3.9204588093207398,Moderate
284918386,3,1.3703703703703702,Low,2.019120084579875,Low
286512519,3,1.0,Low,1.1494708579292925,Low
290822978,3,1.871310434327066,Low,1.2764611571569997,Low
290929873,3,1.0,Low,1.3797292354450126,Low
291999037,3,1.0,Low,1.366670739262644,Low
293514675,3,1.0,Low,1.2568270312229832,Low
293691572,3,2.111111111111111,Low,2.1207794259431942,Low
295933469,3,1.0942455856950868,Low,2.395167723566995,Low
298224094,3,3.0,Low,2.648014291823546,Low
298303722,3,1.0,Low,2.3703416488527123,Low
299005740,3,5.0,High,3.185604173115012,Moderate
299006015,3,4.202504980223004,Moderate,4.672507074281076,Moderate
299792420,3,3.425440131591025,Moderate,1.9848949590714893,Low
299797815,3,1.871310434327066,Low,4.193838366613445,Moderate
301792935,3,1.0942455856950868,Low,2.2570138403353335,Low
304887674,3,2.7407407407407405,Low,3.3039523563798525,Moderate
305176147,3,1.6296296296296298,Low,2.047315324490327,Low
305228734,3,1.3703703703703702,Low,1.9619403922638972,Low
305320665,3,3.425440131591025,Moderate,2.982357564336619,Low
306064222,3,3.740740740740741,Moderate,4.222989358234138,Moderate
306073100,3,1.0942455856950868,Low,2.53844773055177,Low
307005765,3,4.202504980223004,Moderate,3.077701141946138,Low
307802936,3,1.6296296296296298,Low,2.142837087896852,Low
307929995,3,1.0942455856950868,Low,3.9209795051110405,Moderate
308096498,3,1.0,Low,2.038928547116172,Low
308244450,3,5.111111111111111,High,3.883812225395391,Moderate
308300129,3,1.0,Low,3.5861636139669884,Moderate
308584320,3,1.0942455856950868,Low,1.5655272759743992,Low
309145932,3,4.0,Moderate,1.571829332800338,Low
309161205,3,1.0,Low,1.617058376400077,Low
310040992,3,1.0,Low,2.5362251799510185,Low
311579346,3,3.425440131591025,Moderate,5.135658320198087,High
314155102,3,1.871310434327066,Low,3.1703032729720504,Moderate
314911842,3,2.3703703703703702,Low,5.506936818021566,High
314915388,3,2.0,Low,2.1724759274086294,Low
315007101,3,5.0,High,4.420925812009309,Moderate
315469896,3,3.740740740740741,Moderate,1.9469342462914314,Low
315758933,3,1.0,Low,1.170681082295122,Low
315984241,3,3.3703703703703702,Moderate,2.482067830451595,Low
317870742,3,1.871310434327066,Low,2.061200946991437,Low
318347429,3,5.7566346774869634,High,4.4166168433106625,Moderate
320398633,3,4.7407407407407405,Moderate,4.728011495796231,Moderate
320772915,3,3.425440131591025,Moderate,4.861344343366646,Moderate
320952895,3,6.111111111111111,High,4.817466130477373,Moderate
321197800,3,1.0942455856950868,Low,1.915980264383175,Low
321198139,3,5.0,High,3.07223423511204,Low
321275370,3,3.3703703703703702,Moderate,2.955393250943513,Low
322179619,3,1.0,Low,4.286396751375747,Moderate
322650749,3,1.0,Low,1.2325994988448699,Low
322657947,3,2.0,Low,2.46205677847606,Low
322657977,3,1.871310434327066,Low,2.616791018655431,Low
323424219,3,1.3703703703703702,Low,1.116702608343496,Low
326079291,3,1.0,Low,1.2760327270386247,Low
326108264,3,1.0,Low,2.8033600450001885,Low
326108608,3,1.0942455856950868,Low,2.0872249678560397,Low
326447592,3,7.310764374750923,Very High,4.438565767569168,Moderate
326489967,3,1.0,Low,1.5546052163584987,Low
326901431,3,1.0,Low,1.345125424298745,Low
327626890,3,1.0,Low,3.794606386110695,Moderate
327988577,3,5.7566346774869634,High,2.687860810716273,Low
328340973,3,1.871310434327066,Low,4.500226595158894,Moderate
328726567,3,6.0,High,5.012772102816717,High
329037562,3,3.425440131591025,Moderate,5.665174788545503,High
329205968,3,4.37037037037037,Moderate,4.414201922218027,Moderate
329828741,3,5.7566346774869634,High,5.750644602436067,High
329898027,3,1.0942455856950868,Low,1.4993693264570132,Low
330365699,3,1.0,Low,2.3451777747302236,Low
330367291,3,1.0942455856950868,Low,2.184986303742856,Low
330441818,3,1.0942455856950868,Low,1.3909353126130841,Low
331950422,3,5.0,High,4.622712710405672,Moderate
334254329,3,1.0,Low,1.3188751013300632,Low
334318930,3,3.0,Moderate,3.341383325701801,Moderate
334474713,3,1.0,Low,1.9421033899354654,Low
334658128,3,4.0,Moderate,4.778373074005609,Moderate
334729594,3,4.37037037037037,Moderate,4.768679811562233,Moderate
335237949,3,2.3703703703703702,Low,1.8443988004429053,Low
335238798,3,5.0,High,3.4628466624324297,Moderate
335257267,3,1.0942455856950868,Low,1.9540498553286232,Low
335608107,3,1.0942455856950868,Low,1.1391070948905475,Low
335685576,3,1.0,Low,2.0918336839667058,Low
335863990,3,1.0942455856950868,Low,1.8237584042496504,Low
336139551,3,1.0,Low,2.0872512172310236,Low
336998037,3,1.0,Low,1.724935144147266,Low
337049933,3,3.425440131591025,Moderate,3.3772342284915653,Moderate
337659309,3,6.533699526118942,High,7.231795561692898,Very High
337922327,3,1.0942455856950868,Low,1.1237777507676614,Low
337942326,3,5.0,High,3.5938318688656974,Moderate
338011055,3,1.0942455856950868,Low,1.74250334357221,Low
338390919,3,4.979569828854984,Moderate,6.581738928075766,Very High
339479631,3,1.3703703703703702,Low,1.0629353627357485,Low
340957670,3,2.7407407407407405,Low,4.666604253510116,Moderate
341034298,3,4.0,Moderate,2.3648917697859977,Low
341109592,3,1.0,Low,1.2058238422639955,Low
341400247,3,1.0,Low,1.2160466182908891,Low
341539423,3,1.871310434327066,Low,1.4382072523069915,Low
341539949,3,2.0,Low,2.2910907011639887,Low
341777940,3,7.111111111111111,Very High,5.323504236172658,High
341837047,3,3.425440131591025,Moderate,5.285767311571645,High
342272396,3,1.0,Low,2.8412274393264463,Low
342272426,3,1.0,Low,1.498394756984117,Low
342317416,3,1.0,Low,1.0297519107021222,Low
342318807,3,2.648375282959045,Low,2.542775848662197,Low
342401332,3,1.0,Low,2.912526958040989,Low
342454532,3,1.871310434327066,Low,3.073454767911376,Low
343581803,3,3.425440131591025,Moderate,2.243711412288854,Low
343589927,3,1.0942455856950868,Low,2.1449967237304373,Low
343769000,3,1.6296296296296298,Low,2.893368013196781,Low
344852503,3,1.0,Low,2.5535100277013365,Low
345217002,3,1.871310434327066,Low,2.636385463864656,Low
345604869,3,1.0,Low,1.3392752863635247,Low
346257194,3,1.0,Low,1.3019913782114214,Low
346602295,3,1.0,Low,1.2864242415199363,Low
347075759,3,1.0,Low,2.5293194576563747,Low
347085078,3,1.0,Low,1.0944924275774035,Low
347380126,3,6.0,High,2.764113633447116,Low
347667705,3,6.7407407407407405,High,4.84204034928487,Moderate
347756525,3,4.481481481481481,Moderate,5.260167929244945,High
349004054,3,1.0,Low,1.055627109971582,Low
349112067,3,1.0,Low,1.4304375172113746,Low
349139426,3,1.0,Low,1.103610425613359,Low
349156298,3,1.0942455856950868,Low,1.402346149675524,Low
349439455,3,1.0,Low,1.0023588999836974,Low
349440063,3,4.7407407407407405,Moderate,4.721540396352427,Moderate
349541242,3,5.7566346774869634,High,5.438194970507721,High
350804606,3,1.0942455856950868,Low,1.1389672519629794,Low
350812851,3,2.3703703703703702,Low,3.2941423670549623,Moderate
350906409,3,1.0,Low,1.5830788598651044,Low
351508557,3,1.6296296296296298,Low,1.1407392639519718,Low
351555867,3,6.111111111111111,High,5.029665856879328,High
351632037,3,4.979569828854984,Moderate,4.785873373845259,Moderate
351644812,3,1.0,Low,1.4204948508720503,Low
351792283,3,3.0,Low,2.4083259418861287,Low
351830727,3,4.0,Moderate,1.9248536688152833,Low
352377506,3,1.0,Low,1.2734508782382186,Low
352727905,3,4.37037037037037,Moderate,4.4149725923250696,Moderate
353277521,3,2.648375282959045,Low,4.0170305449949755,Moderate
353314292,3,1.0,Low,1.2054673384270251,Low
353967398,3,1.0,Low,1.1290754680025885,Low
354234745,3,1.0942455856950868,Low,1.253595852015755,Low
355857137,3,3.0,Moderate,3.8889868463168367,Moderate
356290569,3,4.7407407407407405,Moderate,4.937242340095631,High
356304771,3,1.0,Low,1.0958953804729097,Low
356406284,3,6.533699526118942,High,5.2527613613777815,High
356407157,3,3.3703703703703702,Moderate,4.177264951810481,Moderate
356407833,3,1.0942455856950868,Low,1.0530471955543472,Low
356662263,3,4.979569828854984,Moderate,5.419009538160073,High
357612732,3,1.871310434327066,Low,2.528372856560966,Low
357800750,3,1.0,Low,1.2740024508211443,Low
357838242,3,2.0,Low,2.6468367169318583,Low
358583383,3,8.0878292233829,Very High,8.600113792393792,Very High
358953365,3,7.0,Very High,5.289731107217619,High
359000941,3,5.0,High,2.863619425639693,Low
359146087,3,1.3703703703703702,Low,3.1652642845614474,Moderate
359454147,3,2.3703703703703702,Low,2.604343558888301,Low
359796571,3,1.0,Low,2.5240957268527464,Low
359826195,3,6.533699526118942,High,7.307593235339157,Very High
359827197,3,7.310764374750923,Very High,7.51118789216029,Very High
359827758,3,1.0,Low,3.4287322414328574,Moderate
359833586,3,1.871310434327066,Low,3.1817859990401605,Moderate
359940626,3,1.0942455856950868,Low,1.8727602956327996,Low
359962909,3,1.0942455856950868,Low,1.12950069424795,Low
360497050,3,4.0,Moderate,1.7178431103831389,Low
361505283,3,1.0,Low,2.101393716212699,Low
361666162,3,1.3703703703703702,Low,2.444372075401455,Low
361666311,3,3.3703703703703702,Moderate,3.1031290275152816,Moderate
362743486,3,1.6296296296296298,Low,2.259097973977883,Low
362832092,3,4.37037037037037,Moderate,2.6690641380936624,Low
363489940,3,1.0,Low,1.1400160772197414,Low
363770941,3,4.0,Moderate,2.511101059821611,Low
363904931,3,1.0,Low,1.1379184072771338,Low
363929588,3,5.7566346774869634,High,4.997295246785654,High
364468234,3,4.979569828854984,Moderate,3.9131593240094245,Moderate
364753932,3,1.0942455856950868,Low,2.250438194021135,Low
364953826,3,1.0,Low,2.573102067749706,Low
365109080,3,1.0942455856950868,Low,1.632376866376179,Low
365139241,3,4.111111111111111,Moderate,3.575809702235958,Moderate
365884744,3,1.0,Low,1.916909433535943,Low
366317363,3,1.0,Low,1.3678313728894094,Low
366406849,3,5.7566346774869634,High,3.937233203116367,Moderate
366992279,3,1.0,Low,1.9864551899891247,Low
368306370,3,3.425440131591025,Moderate,3.288726235043859,Moderate
368439587,3,1.871310434327066,Low,1.194997298514013,Low
368749284,3,1.0,Low,2.151439139355068,Low
368839039,3,4.0,Moderate,1.0807755895497153,Low
368839888,3,1.7407407407407407,Low,2.4034488142591757,Low
368961081,3,3.0,Low,2.441999192661701,Low
369250570,3,6.0,High,5.473801080382843,High
369270193,3,3.0,Moderate,2.2426653588184315,Low
369270210,3,2.0,Low,2.1407098227445918,Low
369410381,3,1.3703703703703702,Low,1.193261543128155,Low
369556023,3,1.0,Low,3.9853576190634175,Moderate
369952334,3,1.0942455856950868,Low,1.6897910568522936,Low
370705363,3,1.0,Low,1.21248463308476,Low
370705733,3,1.0,Low,1.6927359240922875,Low
371274430,3,1.0,Low,1.5880740183915565,Low
371604742,3,1.3703703703703702,Low,1.3043765883839793,Low
371717060,3,2.0,Low,3.71269086488898,Moderate
372919637,3,1.7407407407407407,Low,3.335696497891819,Moderate
373053551,3,2.3703703703703702,Low,2.969979585451811,Low
373314928,3,1.0,Low,1.1897256378465975,Low
373427573,3,5.0,High,5.240211722424104,High
373443451,3,1.0,Low,1.0861441234152496,Low
373869226,3,5.7566346774869634,High,3.162643394178419,Moderate
373913392,3,2.648375282959045,Low,5.397346146218277,High
374244690,3,4.202504980223004,Moderate,3.523864533701088,Moderate
374245737,3,4.202504980223004,Moderate,4.736735054031739,Moderate
374245781,3,6.111111111111111,High,5.195505749988521,High
374732827,3,4.37037037037037,Moderate,2.7655762971929416,Low
374774397,3,5.0,High,5.407924087840646,High
374817026,3,3.0,Moderate,2.185728669267026,Low
374820957,3,1.0,Low,1.8358349232929845,Low
375660979,3,1.7407407407407407,Low,2.7134183037244775,Low
376283558,3,1.7407407407407407,Low,4.476217170819993,Moderate
376828218,3,1.0,Low,1.1984863327763438,Low
376899926,3,4.0,Moderate,3.120476418963385,Moderate
377226504,3,1.0,Low,1.3119011146576822,Low
377779748,3,1.0942455856950868,Low,1.5118312393642617,Low
377780593,3,2.7407407407407405,Low,4.5616844026392585,Moderate
378104331,3,3.425440131591025,Moderate,2.9568556268109867,Low
378354377,3,4.979569828854984,Moderate,4.520804098928712,Moderate
378400133,3,1.0,Low,1.1052034658926044,Low
378542046,3,1.0942455856950868,Low,1.7712202775066066,Low
378704409,3,1.0,Low,1.6512654204943722,Low
378866355,3,4.0,Moderate,2.158726347848792,Low
378970321,3,1.871310434327066,Low,4.358804217196164,Moderate
378971173,3,1.0942455856950868,Low,2.438413258301895,Low
379865792,3,5.111111111111111,High,2.6789070892173203,Low
380046125,3,4.979569828854984,Moderate,4.337962774375066,Moderate
380079282,3,1.871310434327066,Low,2.0657932828739813,Low
380194321,3,1.0,Low,1.7343079841062514,Low
380197822,3,1.3703703703703702,Low,1.5416324027743156,Low
380382861,3,2.648375282959045,Low,2.632295070477057,Low
380739627,3,1.0942455856950868,Low,1.5391702452564857,Low
380865388,3,1.0,Low,1.2011778634759223,Low
380971259,3,1.0942455856950868,Low,1.5101136976955507,Low
381160774,3,1.0942455856950868,Low,1.3413356747695189,Low
381161064,3,6.0,High,3.4166617204049667,Moderate
381201065,3,1.0,Low,1.560065567615776,Low
381577311,3,1.0,Low,1.1864348856531337,Low
381577330,3,1.7407407407407407,Low,2.423560070918729,Low
381723989,3,3.0,Moderate,1.6105991414452538,Low
381927186,3,1.6296296296296298,Low,2.799192772102477,Low
381969943,3,4.0,Moderate,3.085706157775956,Low
382026622,3,7.310764374750923,Very High,5.500762821404217,High
382241337,3,4.979569828854984,Moderate,3.6583181897707275,Moderate
382584881,3,1.7407407407407407,Low,1.6187726200494525,Low
382584969,3,1.0942455856950868,Low,1.7711952905893127,Low
382585438,3,4.0,Moderate,2.941754301530225,Low
382653095,3,3.0,Moderate,2.2120786947465962,Low
382713909,3,1.0,Low,1.0,Low
382780811,3,1.0,Low,1.6235019157230188,Low
382804280,3,6.7407407407407405,High,5.196032684697507,High
382846911,3,8.0,Very High,6.9327779512498235,Very High
382910056,3,1.0,Low,1.0584063902220575,Low
383065239,3,1.0,Low,1.3019089507360144,Low
383174061,3,5.481481481481481,High,5.531728110496011,High
383196685,3,4.111111111111111,Moderate,2.9019509206310334,Low
383282577,3,5.0,High,1.7762127442189932,Low
383463973,3,6.0,High,2.3632648556515665,Low
383463986,3,4.979569828854984,Moderate,2.321851135715315,Low
383465252,3,1.0942455856950868,Low,3.2492211731244884,Moderate
383763608,3,6.0,High,3.002229255367098,Low
383791500,3,1.0,Low,1.1119095847826417,Low
383791945,3,1.0,Low,1.313312366258689,Low
383814176,3,1.0942455856950868,Low,1.7067594989705528,Low
383871675,3,1.7407407407407407,Low,3.4681558880624226,Moderate
383930328,3,5.0,High,5.120725162857134,High
383942900,3,1.871310434327066,Low,2.961599803043481,Low
384417763,3,1.0,Low,1.1180987142565204,Low
384777518,3,1.3703703703703702,Low,4.288886213544321,Moderate
384787710,3,3.425440131591025,Moderate,4.242761179044797,Moderate
384964858,3,5.37037037037037,High,2.4970869803860714,Low
384966818,3,1.0942455856950868,Low,1.946840811325476,Low
385603410,3,1.0,Low,1.1020864103163244,Low
385746397,3,6.370370370370369,High,5.344345721805663,High
386025280,3,1.0,Low,1.2580344791962026,Low
386141946,3,4.62962962962963,Moderate,5.387078382457005,High
386691251,3,3.0,Moderate,3.731268990312158,Moderate
386769674,3,1.0,Low,1.86001927617589,Low
387151701,3,1.871310434327066,Low,2.3136392574524955,Low
387749534,3,1.0942455856950868,Low,2.4374336528045966,Low
388149783,3,1.0942455856950868,Low,1.971111788464049,Low
388429429,3,4.0,Moderate,1.494039708493422,Low
389012725,3,1.0,Low,1.2650322383913557,Low
389373435,3,1.0,Low,1.5985087485605405,Low
389493326,3,1.0942455856950868,Low,4.483250754715343,Moderate
390328419,3,1.0,Low,1.7570097615150164,Low
390437997,3,2.4814814814814814,Low,4.245385591042322,Moderate
390654104,3,2.6296296296296293,Low,2.1309617127635,Low
391047746,3,1.0942455856950868,Low,1.3745761336077646,Low
392279684,3,4.202504980223004,Moderate,1.7671307390864457,Low
392279952,3,1.871310434327066,Low,1.8560006303705014,Low
393050114,3,4.202504980223004,Moderate,4.124404065089635,Moderate
393852002,3,2.3703703703703702,Low,1.534502800021921,Low
394046897,3,1.0942455856950868,Low,1.1340713114303504,Low
394087598,3,1.871310434327066,Low,1.5799186469498192,Low
394450709,3,2.3703703703703702,Low,1.8485656686051177,Low
394805181,3,3.425440131591025,Moderate,4.161932825488785,Moderate
394805238,3,3.425440131591025,Moderate,4.161932825488785,Moderate
394908535,3,1.871310434327066,Low,2.7164350180755634,Low
395056071,3,1.0,Low,1.144932639998232,Low
395677069,3,6.0,High,5.236451946205488,High
396498739,3,5.0,High,4.0979717784961585,Moderate
396567976,3,1.871310434327066,Low,3.260765016327873,Moderate
396661925,3,3.740740740740741,Moderate,5.37722805242075,High
396788437,3,1.0,Low,1.3081579859928527,Low
397874438,3,8.0,Very High,6.628829802687497,Very High
397923642,3,1.0942455856950868,Low,1.533069300454104,Low
398027783,3,1.0,Low,1.4583929435667269,Low
398481592,3,1.0,Low,1.1638822093799295,Low
398843756,3,1.871310434327066,Low,4.4683125773041645,Moderate
399144660,3,1.0,Low,1.1908846006066747,Low
399418579,3,2.111111111111111,Low,1.5430160355909242,Low
399930724,3,4.111111111111111,Moderate,4.510382385131336,Moderate
400066613,3,1.0,Low,1.1168679485601096,Low
400078855,3,1.0,Low,1.1996494634334423,Low
400178717,3,6.7407407407407405,High,5.943582058135302,High
400223648,3,2.7407407407407405,Low,3.3661314155497037,Moderate
400261413,3,1.0,Low,1.0367836235370986,Low
400485584,3,5.7407407407407405,High,5.705954296333152,High
400530170,3,1.3703703703703702,Low,1.103496933743254,Low
400530861,3,1.0,Low,1.6272846949495192,Low
400696003,3,5.0,High,2.760843269265006,Low
400927821,3,1.0942455856950868,Low,1.194697864052829,Low
400959905,3,1.6296296296296298,Low,2.2079677132463065,Low
400991624,3,3.425440131591025,Moderate,2.0075781765514273,Low
401085637,3,3.425440131591025,Moderate,4.588325580501561,Moderate
401268293,3,1.7407407407407407,Low,1.9028944584782297,Low
401268649,3,1.0942455856950868,Low,1.4503813480027983,Low
401497877,3,6.7407407407407405,High,5.519346717046646,High
401791199,3,1.0,Low,2.110279302647606,Low
401839015,3,6.370370370370369,High,4.841644802128204,Moderate
402274003,3,4.979569828854984,Moderate,4.565669635960185,Moderate
402462036,3,3.0,Low,3.797116217808608,Moderate
402462286,3,4.202504980223004,Moderate,2.8110461109012777,Low
402462565,3,3.425440131591025,Moderate,3.443322499898239,Moderate
402554430,3,2.0,Low,3.354511559965813,Moderate
402663467,3,4.0,Moderate,3.1433718346824318,Moderate
402914440,3,3.518518518518518,Moderate,2.2349415795439187,Low
402973661,3,1.871310434327066,Low,1.2143208061992428,Low
402973688,3,4.111111111111111,Moderate,3.6142236148720794,Moderate
402975476,3,2.0,Low,1.5465781040726312,Low
403057637,3,4.979569828854984,Moderate,3.073044199036017,Low
403160790,3,1.0942455856950868,Low,2.405603759286514,Low
403202708,3,1.0,Low,1.118755235076399,Low
403340401,3,1.0,Low,1.2631629930495718,Low
403675514,3,1.0,Low,2.90543151427841,Low
404068300,3,1.0,Low,1.2152001706699056,Low
404138438,3,1.0,Low,1.7605747779108585,Low
404332023,3,1.6296296296296298,Low,1.8368109957464234,Low
404755199,3,1.871310434327066,Low,2.741457678150054,Low
404825643,3,2.648375282959045,Low,2.6370700786178296,Low
404912057,3,1.0,Low,1.2072360181720603,Low
404985851,3,2.0,Low,4.651913347797702,Moderate
405586796,3,2.0,Low,1.282058859228738,Low
405716550,3,2.0,Low,1.2834135057731246,Low
406086933,3,6.111111111111111,High,4.752152648636685,Moderate
406224712,3,4.202504980223004,Moderate,5.101452306307929,High
406355020,3,3.425440131591025,Moderate,3.528295903504927,Moderate
406549156,3,1.0942455856950868,Low,2.6160094738245476,Low
407028864,3,1.3703703703703702,Low,1.1724147562400349,Low
407252186,3,1.6296296296296298,Low,1.402331834516291,Low
407360931,3,1.6296296296296298,Low,2.1650952248905315,Low
407461762,3,5.0,High,2.3752344974033184,Low
407649988,3,1.0942455856950868,Low,1.193757511095742,Low
407753234,3,1.3703703703703702,Low,1.342184626182911,Low
407783381,3,2.3703703703703702,Low,1.911338036979354,Low
407923106,3,3.0,Low,4.334345749092248,Moderate
407978724,3,2.648375282959045,Low,4.078806876359392,Moderate
408000110,3,4.0,Moderate,1.9546593069317935,Low
408286174,3,6.7407407407407405,High,4.7441913305408425,Moderate
408391810,3,1.0942455856950868,Low,2.6573383659967753,Low
408466833,3,3.740740740740741,Moderate,4.1353504089284785,Moderate
408490480,3,1.7407407407407407,Low,1.9047452274099064,Low
408543031,3,5.999999999999999,High,4.976721845735697,High
408568963,3,1.0,Low,1.1241757245021464,Low
408578149,3,1.3703703703703702,Low,1.5383831794144038,Low
408672088,3,1.0,Low,1.1746096078372381,Low
408772267,3,1.0942455856950868,Low,1.2388639664142662,Low
408781970,3,1.0,Low,3.016032488714328,Low
409026200,3,1.0942455856950868,Low,1.9291876118067055,Low
409120922,3,1.6296296296296298,Low,1.1047425096080978,Low
409127688,3,2.0,Low,1.766371035101241,Low
409868022,3,1.0,Low,1.1023546388908279,Low
409868178,3,1.0,Low,1.6592574388189254,Low
410100403,3,1.0,Low,1.4606675715822455,Low
410254833,3,4.979569828854984,Moderate,4.741913243198222,Moderate
410267376,3,1.0942455856950868,Low,2.6037854966041003,Low
410280560,3,1.0,Low,2.239245809574606,Low
410281046,3,1.0,Low,1.629947722114459,Low
410864402,3,1.0942455856950868,Low,1.9145185090059398,Low
410952580,3,1.0,Low,1.1005239640525786,Low
411282654,3,5.7566346774869634,High,5.289529117150423,High
411490383,3,1.0,Low,1.2567875241176716,Low
411566829,3,1.0,Low,1.1106282805151726,Low
411589556,3,6.0,High,4.063626677857878,Moderate
411595177,3,3.740740740740741,Moderate,5.278744243579162,High
411595431,3,1.871310434327066,Low,2.4600997861247387,Low
411595548,3,6.0,High,4.10689948512742,Moderate
411606821,3,2.7407407407407405,Low,2.96821622939949,Low
411671928,3,1.871310434327066,Low,1.3727093077155947,Low
411672051,3,2.648375282959045,Low,2.0076547137743317,Low
411683224,3,1.0,Low,1.9364273389087963,Low
411789793,3,1.7407407407407407,Low,1.3443097945995222,Low
411789887,3,1.0,Low,1.0886665783809448,Low
411859088,3,1.0942455856950868,Low,1.9675007149581643,Low
411881180,3,1.871310434327066,Low,2.3463954018034916,Low
411884706,3,1.0,Low,1.5686220250970244,Low
411913737,3,1.0942455856950868,Low,1.314132868623632,Low
411928490,3,3.0,Moderate,3.075672718697322,Low
411958253,3,1.0942455856950868,Low,1.237490346267896,Low
412024546,3,1.0,Low,1.5354844258933031,Low
412024806,3,4.7407407407407405,Moderate,2.8385524823916377,Low
412113660,3,4.0,Moderate,1.8332684185976378,Low
412136285,3,1.0942455856950868,Low,1.4078436454471133,Low
412149764,3,1.0,Low,1.11949323319523,Low
412181144,3,6.7407407407407405,High,5.260856820570183,High
412190785,3,5.481481481481481,High,4.99731180882632,High
412236985,3,3.425440131591025,Moderate,4.521118367362445,Moderate
412269301,3,2.648375282959045,Low,3.9527707103563463,Moderate
412309996,3,1.0,Low,2.247487374428607,Low
412373377,3,6.533699526118942,High,3.6982801674537513,Moderate
412374271,3,1.871310434327066,Low,1.7054873070956016,Low
412406148,3,1.0942455856950868,Low,1.5236998323710584,Low
412406255,3,1.3703703703703702,Low,1.9354929139525483,Low
412472636,3,1.0,Low,2.296184708654603,Low
412515195,3,1.3703703703703702,Low,2.5349798849988154,Low
412521704,3,1.0,Low,1.187107361356646,Low
412569057,3,1.0942455856950868,Low,1.3787874355371978,Low
412582162,3,2.3703703703703702,Low,1.9895029553300023,Low
412595308,3,6.7407407407407405,High,5.093373672555757,High
412719646,3,1.0942455856950868,Low,1.191611117228026,Low
412754051,3,1.0,Low,1.2392648284072139,Low
412766363,3,1.0,Low,1.0511925789643444,Low
412781254,3,2.648375282959045,Low,2.364514957985742,Low
412781358,3,1.0,Low,1.1553129786270007,Low
412928406,3,1.0,Low,1.16945202854486,Low
412965951,3,5.7566346774869634,High,2.902460276708859,Low
412985206,3,1.0,Low,1.2172874174309167,Low
412986171,3,1.7407407407407407,Low,1.5978109360219763,Low
413011203,3,5.7407407407407405,High,5.45340383825482,High
413016176,3,5.0,High,3.61651442462051,Moderate
413023200,3,2.3703703703703702,Low,1.913669644372421,Low
413024473,3,1.3703703703703702,Low,1.1470885013127945,Low
413024792,3,6.7407407407407405,High,5.001338597948435,High
413033784,3,5.7566346774869634,High,2.326676792592243,Low
413042956,3,1.0942455856950868,Low,1.3278471963540737,Low
413070547,3,3.740740740740741,Moderate,1.9134515055654622,Low
413101443,3,3.3703703703703702,Moderate,2.53102147996774,Low
413123507,3,1.0,Low,1.2516806347221334,Low
413189613,3,1.0,Low,1.064225721294715,Low
413228226,3,1.0,Low,2.329112961124177,Low
413249363,3,1.0,Low,1.2436555801893383,Low
413322883,3,1.0,Low,1.0252853898507261,Low
413331580,3,1.0,Low,1.135067470461391,Low
413345788,3,1.0942455856950868,Low,2.0836956589876454,Low
413348127,3,1.0942455856950868,Low,2.5531078544580663,Low
413353615,3,3.0,Low,2.1572704965816705,Low
413374561,3,1.0,Low,3.9213523843255254,Moderate
413401287,3,1.6296296296296298,Low,1.7502771546723146,Low
413413641,3,1.0,Low,1.3043977628144896,Low
413431393,3,1.0,Low,1.2509177417934043,Low
413468897,3,4.0,Moderate,2.7066131910333446,Low
413469458,3,1.871310434327066,Low,1.9234116106160137,Low
413504247,3,1.0,Low,1.0,Low
413507525,3,1.871310434327066,Low,2.139414872309108,Low
413550946,3,3.0,Moderate,4.7279280748199195,Moderate
413584725,3,1.0942455856950868,Low,1.9393790664315587,Low
413605653,3,5.0,High,4.507155737344082,Moderate
413636591,3,1.0,Low,2.437322990049294,Low
413640937,3,1.0,Low,1.2735903460153963,Low
413652864,3,1.0,Low,1.2096311726352127,Low
413688208,3,2.0,Low,1.1572819368796732,Low
413688650,3,1.0,Low,1.1718858643605348,Low
413715507,3,1.0942455856950868,Low,2.0612050027042286,Low
413720392,3,1.0,Low,1.9072810963221087,Low
413721968,3,1.6296296296296298,Low,2.0415035774314996,Low
413743820,3,1.0,Low,1.019081254703027,Low
413765365,3,1.871310434327066,Low,1.6609964833659445,Low
413783223,3,1.0,Low,2.3354850499364117,Low
413807609,3,1.3703703703703702,Low,1.7239735553691142,Low
413808025,3,1.0,Low,1.7271630327264158,Low
413813065,3,1.0,Low,1.2932939138552562,Low
413831136,3,1.0,Low,1.1483127392616677,Low
413839272,3,1.3703703703703702,Low,1.433703794510961,Low
413849142,3,1.0942455856950868,Low,1.506300643900265,Low
413893112,3,1.0942455856950868,Low,1.2471837489603592,Low
413929669,3,4.0,Moderate,2.335209884411986,Low
413929855,3,1.0,Low,1.0769218018846072,Low
413936749,3,1.0,Low,1.0196089647673197,Low
413940956,3,1.0,Low,1.1361544023842458,Low
413941897,3,4.851851851851851,Moderate,4.019569048649976,Moderate
413943789,3,2.0,Low,2.036055404637635,Low
413945586,3,1.0,Low,1.0,Low
413946439,3,1.0,Low,1.1795972547769478,Low
413947771,3,4.0,Moderate,2.0031277389022084,Low
413948459,3,1.3703703703703702,Low,1.1986186360305497,Low
413948703,3,3.0,Moderate,1.4669755765680335,Low
413949830,3,1.0942455856950868,Low,2.789373330185742,Low
413950589,3,1.0,Low,1.0,Low
413951947,3,1.0942455856950868,Low,1.2048777749263926,Low
413956402,3,5.0,High,1.8483920988106788,Low
413967148,3,2.3703703703703702,Low,3.5153830780647475,Moderate
413968228,3,1.0,Low,1.222161861247879,Low
413975039,3,1.3703703703703702,Low,1.3722089556749464,Low
413976280,3,1.0,Low,1.2926236939102655,Low
413980397,3,1.0,Low,1.0855344386161097,Low
413982796,3,1.0,Low,1.2013322240718551,Low
413984684,3,6.111111111111111,High,5.5491363126181845,High
413985365,3,3.740740740740741,Moderate,4.026011279578667,Moderate
413985879,3,2.648375282959045,Low,3.0680011063681896,Low
413985992,3,4.202504980223004,Moderate,5.78607304261493,High
413989106,3,1.0,Low,1.3591717561662064,Low
413990558,3,3.0,Moderate,1.257586464181081,Low
thread_10075915_starter,3,2.648375282959045,Low,4.4500444793219085,Moderate
thread_10157128_fatmjoon_1401/10/29 10:27,3,1.3703703703703702,Low,2.4223971862611324,Low
thread_10168513_starter,3,1.0942455856950868,Low,1.4545641614285598,Low
thread_10271904_starter,3,5.7566346774869634,High,6.273754298238917,High
thread_10301684_starter,3,4.0,Moderate,4.569439510352041,Moderate
thread_10354240_starter,3,3.0,Moderate,4.8506263906915885,Moderate
thread_10380504_تیادا_1401/11/28 01:40,3,1.0,Low,1.3697098586653351,Low
thread_10524790_starter,3,6.533699526118942,High,7.277999376026049,Very High
thread_10529758_starter,3,6.370370370370369,High,6.727349093054141,Very High
thread_10571539_مامانmasi_1401/12/21 20:20,3,1.3703703703703702,Low,1.5108745192126105,Low
thread_10613318_starter,3,5.7566346774869634,High,6.1927266159574845,High
thread_10614978_starter,3,4.0,Moderate,4.893863453442906,Moderate
thread_10663500_starter,3,5.7566346774869634,High,5.67110542151648,High
thread_10824080_starter,3,4.202504980223004,Moderate,4.788465254727366,Moderate
thread_11036040_82ayhan_1402/02/17 19:54,3,1.0,Low,1.013638486219286,Low
thread_11073524_starter,3,7.310764374750923,Very High,7.1660524568971145,Very High
thread_11093436_starter,3,1.0942455856950868,Low,1.8155845274812052,Low
thread_11186657_saeede7598_1402/03/06 20:47,3,1.0,Low,2.299265507516944,Low
thread_11186657_دختر_بهار۷۴۷۴_1402/03/07 12:58,3,1.0,Low,1.1163343826275622,Low
thread_11242037_starter,3,1.0,Low,1.251598485447523,Low
thread_11266970_starter,3,4.979569828854984,Moderate,4.754996337247885,Moderate
thread_11418445_sahar11112222_1402/04/05 22:57,3,1.7407407407407407,Low,2.1791046482787593,Low
thread_11418445_همسرممدقلی_1403/02/09 09:17,3,5.7566346774869634,High,2.4798455556439527,Low
thread_11435666_starter,3,6.533699526118942,High,5.235538311725369,High
thread_11488172_starter,3,5.37037037037037,High,4.262131002578346,Moderate
thread_11497657_starter,3,3.0,Moderate,4.160316604200142,Moderate
thread_11548790_فرییییناززز_1402/04/23 01:03,3,1.871310434327066,Low,4.498607252756369,Moderate
thread_11697019_starter,3,6.111111111111111,High,4.504661597370967,Moderate
thread_11722190_starter,3,3.0,Low,3.7268254694497402,Moderate
thread_11747162_starter,3,7.481481481481481,Very High,7.618963972640804,Very High
thread_11761411_ebooo_1402/05/19 13:31,3,7.0,Very High,4.588598766968856,Moderate
thread_11816883_فنچ_قرمز_1402/05/26 15:13,3,7.370370370370369,Very High,6.59713109340332,Very High
thread_11853416_starter,3,7.370370370370369,Very High,6.207889429217487,High
thread_11868956_starter,3,2.3703703703703702,Low,2.704763663256091,Low
thread_11910445_starter,3,3.425440131591025,Moderate,4.462842397607005,Moderate
thread_11937770_روغن_کرچک_1402/06/11 04:07,3,1.7407407407407407,Low,1.6621998286221014,Low
thread_12008908_starter,3,5.999999999999999,High,6.701280835761407,Very High
thread_12057844_starter,3,6.481481481481481,High,5.988618210396136,High
thread_12087647_میناالسلطنه_1402/06/31 15:19,3,4.202504980223004,Moderate,5.803558943049088,High
thread_12239309_starter,3,7.370370370370369,Very High,6.190040445103329,High
thread_12273353_starter,3,5.7407407407407405,High,3.7704061154134423,Moderate
thread_12296938_starter,3,8.11111111111111,Very High,6.904872545281309,Very High
thread_12321228_starter,3,8.11111111111111,Very High,7.307617718004895,Very High
thread_12372198_۲۷_1402/08/20 17:59,3,3.4814814814814814,Moderate,4.681073793579433,Moderate
thread_12564950_starter,3,6.7407407407407405,High,6.674979936674102,Very High
thread_12605901_starter,3,4.0,Moderate,6.946597691218367,Very High
thread_12636138_starter,3,4.979569828854984,Moderate,4.236268207960127,Moderate
thread_12638391_starter,3,5.999999999999999,High,5.399904909181927,High
thread_12728992_starter,3,4.202504980223004,Moderate,2.861744493231853,Low
thread_12728995_starter,3,4.202504980223004,Moderate,2.70380093027428,Low
thread_12800806_starter,3,3.740740740740741,Moderate,4.387351592469052,Moderate
thread_12931667_starter,3,3.0,Low,4.190881594284696,Moderate
thread_12935391_starter,3,5.7566346774869634,High,6.871317475966091,Very High
thread_12969680_starter,3,6.533699526118942,High,7.028656128653385,Very High
thread_12997161_starter,3,5.7566346774869634,High,6.460927810275287,High
thread_13070976_starter,3,4.979569828854984,Moderate,6.664004421688977,Very High
thread_13104443_نازدار۹۰_1402/12/05 07:28,3,5.0,High,2.423724622360204,Low
thread_13147361_starter,3,3.425440131591025,Moderate,4.81136642283806,Moderate
thread_13249429_starter,3,4.202504980223004,Moderate,4.72820411763811,Moderate
thread_13408986_starter,3,7.111111111111111,Very High,5.981541589424907,High
thread_13438150_starter,3,6.0,High,5.660401120816316,High
thread_13504806_starter,3,1.0,Low,1.349345535212402,Low
thread_13540922_starter,3,4.202504980223004,Moderate,2.4638000047875206,Low
thread_13611517_starter,3,6.533699526118942,High,6.501044806826513,Very High
thread_13649585_starter,3,4.979569828854984,Moderate,4.5687774932077305,Moderate
thread_13661129_starter,3,1.871310434327066,Low,4.443177111040175,Moderate
thread_13687761_starter,3,1.0942455856950868,Low,1.3875286662996298,Low
thread_13705206_starter,3,3.425440131591025,Moderate,4.9245780810708775,High
thread_13799384_starter,3,4.37037037037037,Moderate,6.327668137140751,High
thread_13877273_starter,3,5.7566346774869634,High,4.485936787717426,Moderate
thread_13884102_starter,3,3.425440131591025,Moderate,3.6184663136084305,Moderate
thread_13917281_starter,3,5.7566346774869634,High,5.608143832494324,High
thread_13919253_starter,3,1.0942455856950868,Low,3.3140721985454276,Moderate
thread_14050705_starter,3,2.7407407407407405,Low,4.727616454397641,Moderate
thread_14136554_starter,3,4.979569828854984,Moderate,6.038379936148013,High
thread_14156597_starter,3,3.3703703703703702,Moderate,4.30831906423738,Moderate
thread_14239168_starter,3,3.425440131591025,Moderate,3.044178315313662,Low
thread_14241794_starter,3,3.425440131591025,Moderate,4.814073022110797,Moderate
thread_14246904_starter,3,6.533699526118942,High,5.980831562837958,High
thread_14266145_starter,3,1.871310434327066,Low,2.447445475073155,Low
thread_14284258_starter,3,5.7407407407407405,High,5.95545900799203,High
thread_14344920_starter,3,8.0,Very High,6.135108512249804,High
thread_14350740_starter,3,4.0,Moderate,5.819956774502025,High
thread_14391419_mahshar666_1403/06/09 03:30,3,2.3703703703703702,Low,2.6235023589641755,Low
thread_14421126_starter,3,5.0,High,4.524357122516637,Moderate
thread_14430366_starter,3,2.3703703703703702,Low,4.945707757796382,High
thread_14448586_starter,3,3.425440131591025,Moderate,4.790311779604652,Moderate
thread_14488234_starter,3,5.111111111111111,High,4.866882426932916,Moderate
thread_14493340_starter,3,3.425440131591025,Moderate,4.1880650638129975,Moderate
thread_14509584_starter,3,3.425440131591025,Moderate,2.079663499887544,Low
thread_14512506_starter,3,6.533699526118942,High,5.31667196618609,High
thread_14667007_starter,3,4.979569828854984,Moderate,5.511233329656826,High
thread_14671762_starter,3,3.425440131591025,Moderate,5.4915601171400095,High
thread_14678485_starter,3,3.425440131591025,Moderate,4.375217722168084,Moderate
thread_14692231_starter,3,4.202504980223004,Moderate,2.584359638353353,Low
thread_14752993_starter,3,5.7566346774869634,High,4.7836764838775245,Moderate
thread_14844287_starter,3,5.7407407407407405,High,4.102452363095097,Moderate
thread_14883164_starter,3,3.3703703703703702,Moderate,3.389077935582371,Moderate
thread_14941512_starter,3,6.533699526118942,High,6.405588220958128,High
thread_15039699_starter,3,7.310764374750923,Very High,7.36130000687416,Very High
thread_15083603_starter,3,7.310764374750923,Very High,7.559488031134524,Very High
thread_15148253_starter,3,7.310764374750923,Very High,7.172950517174673,Very High
thread_15171260_starter,3,4.111111111111111,Moderate,4.721238716409695,Moderate
thread_15177316_starter,3,5.7566346774869634,High,5.137737571392647,High
thread_15243272_starter,3,5.7566346774869634,High,6.160809228210033,High
thread_15361591_starter,3,7.370370370370369,Very High,6.180196048708031,High
thread_15380973_starter,3,1.3703703703703702,Low,1.4553974461828876,Low
thread_15409437_starter,3,4.979569828854984,Moderate,4.164769000055041,Moderate
thread_15409968_starter,3,7.310764374750923,Very High,6.585832388613472,Very High
thread_15414641_starter,3,5.37037037037037,High,3.7106097204612767,Moderate
thread_15480139_starter,3,4.202504980223004,Moderate,5.489378031190068,High
thread_15527747_starter,3,6.111111111111111,High,4.935720518890026,High
thread_15552012_starter,3,5.7566346774869634,High,6.606436690710393,Very High
thread_15575708_starter,3,4.111111111111111,Moderate,4.485178459412971,Moderate
thread_15684453_starter,3,5.851851851851852,High,5.519679547240782,High
thread_15711932_starter,3,7.0,Very High,7.094216540462367,Very High
thread_15738399_starter,3,2.3703703703703702,Low,4.6964049853842,Moderate
thread_15749264_starter,3,6.111111111111111,High,4.797185615724832,Moderate
thread_15761768_starter,3,4.111111111111111,Moderate,4.675825434409592,Moderate
thread_15832348_starter,3,3.740740740740741,Moderate,3.7040438846727586,Moderate
thread_15832766_starter,3,1.0942455856950868,Low,3.1338801632721167,Moderate
thread_15844616_starter,3,1.3703703703703702,Low,3.278747812007964,Moderate
thread_15851205_starter,3,7.370370370370369,Very High,5.528604587814661,High
thread_15885938_starter,3,8.11111111111111,Very High,7.550548978030552,Very High
thread_15902238_starter,3,4.979569828854984,Moderate,3.3153250861582375,Moderate
thread_15978778_starter,3,6.533699526118942,High,5.046748738612342,High
thread_16000404_starter,3,4.202504980223004,Moderate,6.103715604962604,High
thread_16071629_starter,3,6.0,High,6.49139597903408,Very High
thread_16088499_starter,3,3.425440131591025,Moderate,4.199317527747934,Moderate
thread_16108558_starter,3,7.0,Very High,7.429731283477787,Very High
thread_16112035_starter,3,4.202504980223004,Moderate,4.8435531700492795,Moderate
thread_16163229_starter,3,6.533699526118942,High,6.050103515446784,High
thread_16169469_starter,3,7.111111111111111,Very High,7.011471160478323,Very High
thread_16189574_starter,3,7.310764374750923,Very High,7.560826774913902,Very High
thread_16197390_starter,3,4.202504980223004,Moderate,2.807329257781631,Low
thread_16215830_starter,3,1.0942455856950868,Low,2.1666197924375665,Low
thread_16237920_starter,3,5.7566346774869634,High,5.858250532876475,High
thread_16237925_starter,3,5.7566346774869634,High,5.837481057331867,High
thread_16278250_starter,3,7.310764374750923,Very High,6.430380116599191,High
thread_16297414_starter,3,3.0,Low,4.3341031775253205,Moderate
thread_16302658_starter,3,7.74074074074074,Very High,7.525073232613417,Very High
thread_16388618_starter,3,8.0,Very High,6.082716101716981,High
thread_16400321_starter,3,4.979569828854984,Moderate,6.4270125269574905,High
thread_16455691_starter,3,5.37037037037037,High,6.240859539726592,High
thread_16483428_starter,3,2.7407407407407405,Low,3.6628220734196084,Moderate
thread_16524989_starter,3,1.0,Low,1.3933910788842954,Low
thread_16528408_starter,3,1.0,Low,1.2787402272393353,Low
thread_16537825_starter,3,7.74074074074074,Very High,7.1432901473980746,Very High
thread_16562012_starter,3,6.111111111111111,High,6.5221417723270925,Very High
thread_16582544_starter,3,4.7407407407407405,Moderate,4.673717406829239,Moderate
thread_16603737_starter,3,3.425440131591025,Moderate,4.8265211165212305,Moderate
thread_16610836_starter,3,4.202504980223004,Moderate,4.936462299737238,High
thread_16611375_starter,3,2.648375282959045,Low,2.6715781484255627,Low
thread_16623266_starter,3,6.533699526118942,High,7.313262219838072,Very High
thread_16629578_starter,3,4.202504980223004,Moderate,4.063429662351131,Moderate
thread_16749635_starter,3,4.979569828854984,Moderate,5.9544130758459435,High
thread_16818818_starter,3,1.0,Low,1.571036536516658,Low
thread_16829760_starter,3,5.7566346774869634,High,6.875227710989343,Very High
thread_16852577_starter,3,6.7407407407407405,High,6.341840484278238,High
thread_16877614_starter,3,7.0,Very High,6.952116684304456,Very High
thread_16894277_starter,3,3.425440131591025,Moderate,4.447714837293441,Moderate
thread_16965234_starter,3,3.425440131591025,Moderate,3.9185989552652654,Moderate
thread_17052719_starter,3,5.37037037037037,High,4.7733365884882835,Moderate
thread_17109815_starter,3,1.0,Low,1.6225626367162698,Low
thread_17115722_starter,3,5.0,High,4.625721320208879,Moderate
thread_17150968_starter,3,8.74074074074074,Very High,7.138606275321197,Very High
thread_17175184_starter,3,1.871310434327066,Low,4.521258413259405,Moderate
thread_17194412_starter,3,4.0,Moderate,2.330831680108991,Low
thread_17310367_starter,3,1.7407407407407407,Low,4.025483713155079,Moderate
thread_17319060_starter,3,7.74074074074074,Very High,6.5710818534261,Very High
thread_17360920_starter,3,1.0942455856950868,Low,1.2199477422373595,Low
thread_17362613_starter,3,7.0,Very High,4.5623482575093455,Moderate
thread_17397394_starter,3,3.3703703703703702,Moderate,4.795681986744864,Moderate
thread_17400696_starter,3,7.0,Very High,4.995270352690628,High
thread_17438084_starter,3,5.7566346774869634,High,6.79621471269386,Very High
thread_17464743_starter,3,6.0,High,5.634565512836164,High
thread_17467183_starter,3,4.111111111111111,Moderate,3.8804978507434376,Moderate
thread_17495869_starter,3,7.0,Very High,4.75899505734696,Moderate
thread_17498121_starter,3,5.7566346774869634,High,6.153582081724917,High
thread_17506983_starter,3,4.202504980223004,Moderate,4.620509475616928,Moderate
thread_17533093_starter,3,1.7407407407407407,Low,1.275455391580011,Low
thread_17533618_starter,3,4.202504980223004,Moderate,4.984676365260334,High
thread_17534706_starter,3,3.425440131591025,Moderate,3.686148789488249,Moderate
thread_17539498_starter,3,8.11111111111111,Very High,7.434361929812878,Very High
thread_17541071_starter,3,1.3703703703703702,Low,3.635995408988937,Moderate
thread_17583781_starter,3,7.310764374750923,Very High,5.637225201707128,High
thread_17604946_starter,3,4.979569828854984,Moderate,4.683044778994068,Moderate
thread_17611819_starter,3,5.7407407407407405,High,4.965411208650625,High
thread_17654496_starter,3,3.425440131591025,Moderate,4.82116096364418,Moderate
thread_17656665_starter,3,2.648375282959045,Low,4.5810047904410816,Moderate
thread_17667077_starter,3,3.3703703703703702,Moderate,3.0070603702193797,Low
thread_17680065_starter,3,6.370370370370369,High,5.134746118858502,High
thread_17729998_starter,3,7.0,Very High,6.462153760928177,Very High
thread_17735641_starter,3,1.871310434327066,Low,4.713116495305839,Moderate
thread_17740143_starter,3,7.74074074074074,Very High,5.477507393626038,High
thread_17750155_starter,3,6.370370370370369,High,4.789920233488664,Moderate
thread_17754234_starter,3,4.979569828854984,Moderate,5.173572521649272,High
thread_17798248_starter,3,6.111111111111111,High,5.928693745213038,High
thread_17798894_starter,3,3.0,Low,2.0944690025439296,Low
thread_17811541_starter,3,1.3703703703703702,Low,1.874317054444811,Low
thread_17812767_starter,3,5.481481481481481,High,5.812442120557347,High
thread_17839978_starter,3,5.7566346774869634,High,5.01355353465698,High
thread_17841121_starter,3,6.111111111111111,High,6.289591785708483,High
thread_17843090_starter,3,4.0,Moderate,3.1826073353107533,Moderate
thread_17844445_starter,3,3.3703703703703702,Moderate,2.433026425448908,Low
thread_17864783_starter,3,2.648375282959045,Low,4.919659634540501,High
thread_17877062_starter,3,8.0,Very High,6.219320616301383,High
thread_17881755_starter,3,4.979569828854984,Moderate,4.334615542911895,Moderate
thread_17890635_starter,3,4.37037037037037,Moderate,5.300622671465382,High
thread_17902031_starter,3,5.7566346774869634,High,5.928641562302884,High
thread_17920438_starter,3,8.0,Very High,6.9028243361726505,Very High
thread_17943587_starter,3,3.425440131591025,Moderate,4.335604649626335,Moderate
thread_17959744_starter,3,3.425440131591025,Moderate,4.416383878886659,Moderate
thread_17962386_starter,3,3.425440131591025,Moderate,2.898353846907835,Low
thread_17972915_starter,3,7.310764374750923,Very High,6.896748340617666,Very High
thread_17974402_starter,3,4.202504980223004,Moderate,5.372850011009482,High
thread_17974892_starter,3,7.310764374750923,Very High,6.530195662855135,Very High
thread_17980414_starter,3,5.111111111111111,High,6.094962748231412,High
thread_17985794_starter,3,6.533699526118942,High,4.920191849450522,High
thread_17986997_starter,3,1.871310434327066,Low,4.310398864582169,Moderate
thread_17990019_starter,3,5.7566346774869634,High,6.46130398169454,High
thread_17990487_starter,3,1.871310434327066,Low,4.039793332071435,Moderate
thread_17993010_starter,3,2.648375282959045,Low,2.8978500315871756,Low
thread_17997246_starter,3,5.7566346774869634,High,4.815977452637989,Moderate
thread_18002803_starter,3,4.979569828854984,Moderate,4.560293616160822,Moderate
thread_18009078_starter,3,4.979569828854984,Moderate,6.427869029803743,High
thread_18009386_starter,3,6.111111111111111,High,3.0711708787944234,Low
thread_18010454_starter,3,7.111111111111111,Very High,6.660159946423816,Very High
thread_18013565_starter,3,4.979569828854984,Moderate,4.63022967347079,Moderate
thread_18027846_starter,3,2.648375282959045,Low,6.198868241411477,High
thread_18032675_starter,3,1.0942455856950868,Low,1.5554920644203452,Low
thread_18036092_starter,3,8.0,Very High,5.107490527597113,High
thread_18039553_starter,3,3.3703703703703702,Moderate,4.997572599924618,High
thread_18041718_starter,3,2.648375282959045,Low,3.94979992627335,Moderate
thread_18045693_starter,3,5.7407407407407405,High,5.830475985270659,High
thread_18047633_starter,3,1.0942455856950868,Low,1.5672756184948726,Low
thread_18050274_starter,3,6.111111111111111,High,6.81316932029136,Very High
thread_18050457_starter,3,3.425440131591025,Moderate,6.661080523434999,Very High
thread_18053993_starter,3,7.310764374750923,Very High,6.115082296415753,High
thread_18071212_starter,3,8.0,Very High,5.666294833706737,High
thread_18071475_starter,3,5.37037037037037,High,5.840969923094263,High
thread_18071998_starter,3,7.74074074074074,Very High,7.365503506606168,Very High
thread_18103237_starter,3,1.0,Low,2.096687408856937,Low
thread_18114692_starter,3,4.7407407407407405,Moderate,4.277394229808813,Moderate
thread_18117088_starter,3,1.0942455856950868,Low,2.1293731227999224,Low
thread_18118732_starter,3,1.0,Low,5.765789922895492,High
thread_18118972_starter,3,1.0942455856950868,Low,1.3027385682153727,Low
thread_18119187_starter,3,3.740740740740741,Moderate,4.584784893008232,Moderate
thread_18129952_starter,3,4.7407407407407405,Moderate,5.217099398489775,High
thread_18137958_starter,3,7.0,Very High,7.153054922511814,Very High
thread_18138358_starter,3,1.0942455856950868,Low,3.7109304909794787,Moderate
thread_18138674_starter,3,3.425440131591025,Moderate,2.6085473294544443,Low
thread_18139276_starter,3,2.259259259259259,Low,4.040201132309674,Moderate
thread_18140121_starter,3,2.0,Low,4.054768481053713,Moderate
thread_18140149_starter,3,4.0,Moderate,2.318121995323396,Low
thread_18140156_starter,3,5.7407407407407405,High,2.746307932106355,Low
thread_18140808_starter,3,6.0,High,4.885226204165349,Moderate
thread_18141430_starter,3,1.3703703703703702,Low,1.8786227219067801,Low
thread_18141890_starter,3,5.0,High,5.104157657343655,High
thread_18142065_starter,3,3.3703703703703702,Moderate,2.8439371802826376,Low
thread_18143009_starter,3,1.0942455856950868,Low,1.1904958558978804,Low
thread_18143402_starter,3,1.0,Low,1.6668160486853933,Low
thread_18144275_starter,3,1.871310434327066,Low,2.0239180855827583,Low
thread_6128613_starter,3,1.871310434327066,Low,1.5455896569257646,Low
thread_6215718_داستان_زندگیم_1400/01/17 12:48,3,1.0,Low,1.4733088300152857,Low
thread_6215718_قورمه؛سبزی_1400/01/17 12:55,3,1.0942455856950868,Low,1.6018643865341162,Low
thread_6215718_مانلی۴۴۴_1400/01/17 12:51,3,5.37037037037037,High,5.498689476925763,High
thread_6235224_7379ali_1400/01/20 03:54,3,1.0,Low,3.151629059923624,Moderate
thread_6358267_starter,3,7.111111111111111,Very High,7.564733185910992,Very High
thread_6709616_starter,3,6.533699526118942,High,5.746052635627034,High
thread_6709616_خاله_خرسه_مهربون_1400/03/30 23:29,3,1.871310434327066,Low,1.2834190934310077,Low
thread_6735816_mobi200_1400/04/04 12:06,3,5.999999999999999,High,6.04123825323483,High
thread_7136669_mamy_reyhan72_1400/06/05 20:39,3,3.4814814814814814,Moderate,2.2311088816311053,Low
thread_7136669_منچ9_1400/06/05 20:41,3,2.648375282959045,Low,4.0897173471488415,Moderate
thread_7161040_دخترکلاسیک_1400/06/09 15:21,3,1.0,Low,1.4301824939711656,Low
thread_7161040_کاربری_جدید_1400/06/09 15:34,3,1.6296296296296298,Low,2.035840208258835,Low
thread_7188582_jila1375_1400/06/13 20:04,3,1.3703703703703702,Low,1.287474642103024,Low
thread_7291377_starter,3,6.999999999999999,High,5.547504747320843,High
thread_7574999_banou_909_1400/08/15 21:02,3,7.0,Very High,5.033550730213919,High
thread_7853973_آنا_anna_1400/10/05 22:54,3,1.0,Low,2.33317001316444,Low
thread_8569951_سوگند۲۵۵۱۰_1401/02/10 00:31,3,3.111111111111111,Moderate,5.127936791975472,High
thread_8569951_مامان_بارانا15_1401/02/10 00:25,3,1.871310434327066,Low,3.7521511975109054,Moderate
thread_8716736_starter,3,7.0,Very High,6.371951330518176,High
thread_8716736_دکتر0فاطمه0زرین_1401/03/04 07:20,3,5.7407407407407405,High,6.71517554912303,Very High
thread_8735629_ندايييي_1401/03/07 14:44,3,2.7407407407407405,Low,2.5794303491820756,Low
thread_8737068_monarch_1401/03/07 19:13,3,1.0,Low,1.3741425954038844,Low
thread_8771170_banoazar_1401/03/13 16:03,3,1.0,Low,1.0155777444154772,Low
thread_8793837_starter,3,6.111111111111111,High,5.125539742669402,High
thread_9080191_girizli_1401/05/03 09:56,3,1.0,Low,1.1871878695214302,Low
thread_9381868_starter,3,5.0,High,5.920600993932785,High
thread_9396920_feriii75_1401/06/23 22:29,3,1.0,Low,1.7822371663488035,Low
thread_9409801_starter,3,4.0,Moderate,2.8481957473908133,Low
thread_9576910_starter,3,6.370370370370369,High,5.695002361614311,High
thread_9622949_starter,3,5.0,High,4.612470464762287,Moderate
thread_9645600_starter,3,4.0,Moderate,5.131734684296897,High
thread_9677762_starter,3,1.0,Low,1.9421210331116765,Low
thread_9730976_starter,3,3.851851851851852,Moderate,5.709507326365499,High
thread_9761432_توپتوپی_1401/09/06 09:40,3,6.0,High,4.359854641860784,Moderate
thread_9821639_sofisam_1401/09/15 00:46,3,1.0,Low,1.8034315654618283,Low
thread_9821639_النازی۲۳۷_1401/09/15 00:44,3,5.37037037037037,High,5.457788676041981,High
thread_9880759_liananill_1401/09/23 18:18,3,1.0,Low,1.189569540120877,Low
246934094,4,4.111111111111111,Moderate,4.256020045885639,Moderate
253620712,4,3.0,Low,3.934112646563778,Moderate
256256892,4,1.0,Low,1.2691422818618405,Low
256282370,4,1.0,Low,1.1317284535416396,Low
264035678,4,3.0,Moderate,4.618598821092797,Moderate
267730400,4,2.648375282959045,Low,4.941745920436033,High
268736106,4,1.0,Low,1.7506136118960551,Low
268738659,4,1.871310434327066,Low,2.610867946001983,Low
270837757,4,2.648375282959045,Low,2.244712037216364,Low
274321937,4,1.871310434327066,Low,3.1196498207342502,Moderate
274322446,4,6.370370370370369,High,5.74412264983131,High
274395221,4,1.871310434327066,Low,2.138181026989305,Low
274427349,4,1.0942455856950868,Low,1.3019237938808703,Low
274477548,4,1.0,Low,1.2072285075738374,Low
274683060,4,1.0,Low,1.3682114903550442,Low
274692036,4,1.0,Low,1.9776650245271974,Low
275181801,4,4.7407407407407405,Moderate,4.642404968825789,Moderate
275183139,4,1.0942455856950868,Low,1.0848550752167156,Low
275183317,4,6.0,High,5.473838368194532,High
277747503,4,2.648375282959045,Low,4.741361902254804,Moderate
280307922,4,4.0,Moderate,1.8514893361446614,Low
280309949,4,4.37037037037037,Moderate,3.964042396810409,Moderate
281067740,4,1.0,Low,1.5752029063582236,Low
281943173,4,2.648375282959045,Low,2.723452853100821,Low
286234919,4,1.0,Low,1.308229814810074,Low
286240681,4,3.0,Moderate,2.037991417318613,Low
286488682,4,1.0,Low,1.1754951971844432,Low
286883261,4,3.3703703703703702,Moderate,4.806122576415019,Moderate
288153945,4,1.0,Low,2.980475218832951,Low
289123900,4,1.0,Low,2.4623948438937875,Low
292475344,4,1.871310434327066,Low,2.548861045746664,Low
293599232,4,1.0,Low,1.1750740485676707,Low
293689876,4,1.3703703703703702,Low,1.2552734371647283,Low
293876867,4,3.0,Moderate,4.322323849440584,Moderate
294666426,4,1.0942455856950868,Low,2.506967028198493,Low
294666633,4,1.0942455856950868,Low,2.429040836066515,Low
295175082,4,1.0942455856950868,Low,1.3947902641261063,Low
295175694,4,4.202504980223004,Moderate,4.7140359133160405,Moderate
295931565,4,1.0,Low,2.263186361275106,Low
295985117,4,1.6296296296296298,Low,3.8490321086060186,Moderate
295990918,4,4.62962962962963,Moderate,4.5918983635027715,Moderate
297269705,4,1.0,Low,1.5403698145787352,Low
297588675,4,6.370370370370369,High,4.650301613409067,Moderate
301030696,4,1.0942455856950868,Low,1.7570929770627344,Low
301138495,4,1.7407407407407407,Low,2.8898668628422817,Low
304459083,4,1.0,Low,1.769599720360247,Low
305087456,4,1.871310434327066,Low,2.196749330734402,Low
305369936,4,3.0,Moderate,3.251694048787878,Moderate
306439267,4,1.0942455856950868,Low,2.513352331069518,Low
307315849,4,1.0942455856950868,Low,2.2397313700258716,Low
308312052,4,1.0942455856950868,Low,1.4751351630672067,Low
308806344,4,1.0942455856950868,Low,1.2970407717802495,Low
309657898,4,4.202504980223004,Moderate,3.265118865916805,Moderate
310274930,4,3.0,Moderate,1.554757068218493,Low
310644582,4,3.425440131591025,Moderate,2.1663951706939732,Low
312484467,4,1.0,Low,1.1634596481009538,Low
315785902,4,5.0,High,1.3499842599712077,Low
315791219,4,6.111111111111111,High,5.0913262377030435,High
315931806,4,5.0,High,3.831309189912805,Moderate
316549231,4,1.871310434327066,Low,3.5017615117712846,Moderate
316792075,4,5.37037037037037,High,3.112533324849453,Moderate
317194875,4,1.0,Low,1.2175166783921867,Low
317671572,4,1.0,Low,1.2255770619504442,Low
318834293,4,3.0,Moderate,2.556065058194912,Low
319600734,4,1.0,Low,1.2284798664772971,Low
320016265,4,1.0,Low,1.0600154598914031,Low
320098989,4,1.0942455856950868,Low,1.4585495587109927,Low
320391940,4,4.37037037037037,Moderate,3.198076666620337,Moderate
320760747,4,6.0,High,4.973364630127661,High
320961087,4,3.425440131591025,Moderate,3.0576030602150004,Low
321454431,4,1.0942455856950868,Low,2.645526908119688,Low
324259140,4,1.0,Low,1.7361926433361026,Low
324259214,4,1.0942455856950868,Low,2.690180516514274,Low
326269561,4,5.111111111111111,High,5.529168267782467,High
326292344,4,1.0,Low,1.1843138371867057,Low
326376377,4,3.425440131591025,Moderate,2.7037893469004377,Low
326376873,4,1.0942455856950868,Low,1.6706256840048428,Low
326380032,4,1.0942455856950868,Low,2.0014069992583163,Low
326686027,4,3.425440131591025,Moderate,3.5109394534616394,Moderate
326945194,4,2.3703703703703702,Low,2.9492178800749036,Low
327325093,4,3.425440131591025,Moderate,3.386023645480167,Moderate
327747307,4,6.7407407407407405,High,6.1640469754552445,High
328216744,4,3.0,Moderate,3.3275549344186075,Moderate
328217929,4,1.0,Low,1.1066700788205996,Low
328882623,4,3.425440131591025,Moderate,3.617406120421999,Moderate
329976138,4,5.7566346774869634,High,5.095533263758799,High
330323789,4,3.0,Moderate,2.776502245613276,Low
330405999,4,1.0942455856950868,Low,1.3098943634283295,Low
330966322,4,2.111111111111111,Low,1.7416807387913087,Low
330967302,4,1.0,Low,1.1583226302094656,Low
331257380,4,1.3703703703703702,Low,2.0765023565778344,Low
331731875,4,5.999999999999999,High,6.134406069200105,High
332042656,4,1.0942455856950868,Low,1.217215589362203,Low
332063810,4,1.0,Low,1.1307696121694675,Low
332672726,4,5.0,High,2.3541717348020463,Low
332673561,4,6.533699526118942,High,3.6400472970433624,Moderate
333006953,4,1.0,Low,1.1839445893836062,Low
333122901,4,1.0,Low,1.354620120259896,Low
333373786,4,4.7407407407407405,Moderate,4.761931400296229,Moderate
333533237,4,1.0,Low,1.3299933530704102,Low
333535080,4,1.0942455856950868,Low,1.4009630381477622,Low
334354675,4,1.0942455856950868,Low,1.4536658324663652,Low
334566826,4,2.111111111111111,Low,2.1663097230228647,Low
335210420,4,6.533699526118942,High,4.989844075907843,High
335409781,4,1.0942455856950868,Low,3.0255747960975286,Low
335410161,4,4.979569828854984,Moderate,4.939451454209433,High
335595192,4,2.648375282959045,Low,3.344216507596445,Moderate
336148614,4,3.0,Moderate,1.925379429901044,Low
336413503,4,2.648375282959045,Low,2.8988459011632592,Low
336525088,4,4.481481481481481,Moderate,2.331194287540069,Low
336616396,4,1.871310434327066,Low,2.5089766092469965,Low
336641771,4,1.0942455856950868,Low,2.206848168937785,Low
336642133,4,4.202504980223004,Moderate,3.8600993689202134,Moderate
336796897,4,1.0,Low,1.9384943836554094,Low
336983182,4,3.0,Low,3.0084022660475567,Low
336987957,4,1.0942455856950868,Low,2.109419047560105,Low
337671323,4,4.202504980223004,Moderate,3.2668568180578688,Moderate
337677590,4,4.0,Moderate,1.6783396855403772,Low
337726225,4,1.0942455856950868,Low,1.6320835841458354,Low
338558027,4,1.0,Low,2.3825886403618592,Low
338558546,4,3.0,Low,4.8966144537047525,Moderate
338901308,4,1.0,Low,2.023529252944928,Low
339096124,4,2.3703703703703702,Low,2.2806323281769756,Low
339254762,4,1.6296296296296298,Low,1.6335094093926776,Low
339372423,4,1.871310434327066,Low,3.0093147296321443,Low
339376622,4,1.7407407407407407,Low,4.422383996350853,Moderate
339505767,4,3.425440131591025,Moderate,3.279911092416079,Moderate
339682870,4,5.0,High,2.957012718203882,Low
339961250,4,1.0942455856950868,Low,1.2484645962245398,Low
339967819,4,3.0,Low,4.118111234047364,Moderate
340219139,4,2.648375282959045,Low,3.020887792213386,Low
341173719,4,1.0,Low,1.2634881060882202,Low
341824025,4,1.0,Low,1.0781560290095116,Low
341953146,4,4.202504980223004,Moderate,5.1886372301338515,High
342128484,4,4.202504980223004,Moderate,4.012018821153254,Moderate
342128495,4,4.202504980223004,Moderate,1.9374293084525847,Low
342164790,4,3.0,Moderate,2.910866371681094,Low
342226490,4,3.740740740740741,Moderate,2.8633946884122206,Low
342259337,4,1.0942455856950868,Low,3.8378623082193184,Moderate
342546455,4,6.0,High,5.6684798829360385,High
342738350,4,2.0,Low,1.4904713811806585,Low
342739048,4,1.0,Low,1.6025597392686706,Low
343078619,4,1.0,Low,1.1700040933010238,Low
343902964,4,4.481481481481481,Moderate,4.924962265515244,High
344145952,4,1.0,Low,2.3145307608036383,Low
344159000,4,6.111111111111111,High,4.3939709893249805,Moderate
344160529,4,1.6296296296296298,Low,1.7284325886898966,Low
344380469,4,1.0,Low,1.6791333619450324,Low
344610585,4,1.0942455856950868,Low,1.2544501736535207,Low
344987304,4,1.0,Low,1.1333974181131645,Low
345188414,4,1.871310434327066,Low,1.3506654414658281,Low
345216864,4,4.202504980223004,Moderate,3.224050054909276,Moderate
345845297,4,1.0942455856950868,Low,1.2599070017988518,Low
345878535,4,4.37037037037037,Moderate,2.8785433761776313,Low
346375157,4,1.871310434327066,Low,4.108950164183537,Moderate
346444451,4,1.0,Low,1.3553708453121778,Low
346726629,4,1.0,Low,1.0993090392811262,Low
346946250,4,3.740740740740741,Moderate,2.7029692881345366,Low
347458272,4,1.0942455856950868,Low,1.4743941645812857,Low
347980316,4,1.0,Low,1.8612524405392796,Low
348146407,4,4.0,Moderate,2.1107911818062224,Low
348213336,4,1.871310434327066,Low,2.386026280026753,Low
348744614,4,1.0,Low,1.1575327783540983,Low
349049910,4,2.7407407407407405,Low,1.7843300032422205,Low
349656682,4,1.3703703703703702,Low,1.3936375483138757,Low
349657259,4,1.0942455856950868,Low,1.324348836811898,Low
350127785,4,2.6296296296296293,Low,2.4347443074283404,Low
350201884,4,5.0,High,4.9176623110931885,High
351716160,4,7.74074074074074,Very High,6.333759019968381,High
351717902,4,1.0942455856950868,Low,2.718139704438273,Low
352163516,4,1.0942455856950868,Low,2.2454362678558746,Low
352163544,4,9.0,Very High,6.329556790777977,High
353050687,4,2.0,Low,3.63518560447324,Moderate
353222990,4,1.0942455856950868,Low,2.5710795115672296,Low
353866427,4,1.0942455856950868,Low,2.447812957688666,Low
354054400,4,1.6296296296296298,Low,2.0264426274934504,Low
354578466,4,3.0,Moderate,1.833279344929482,Low
355964444,4,3.0,Moderate,2.815340195079674,Low
355964555,4,1.0,Low,2.5164723866332137,Low
356070629,4,3.0,Low,5.3030941766234365,High
356112030,4,3.425440131591025,Moderate,3.2912144244338917,Moderate
356140809,4,5.0,High,3.7386824822846965,Moderate
356288995,4,1.3703703703703702,Low,1.1553109338951217,Low
356398244,4,5.7566346774869634,High,4.805709077401586,Moderate
356399699,4,1.0,Low,1.136732222528686,Low
356637183,4,1.0,Low,1.7840773534291867,Low
356870227,4,1.0,Low,1.0175709318719592,Low
356885507,4,1.0,Low,1.090977316198241,Low
357764556,4,2.851851851851852,Low,2.7188897726874286,Low
358458518,4,1.0942455856950868,Low,1.4826449459750464,Low
358580751,4,1.0,Low,1.4305772540163866,Low
358663611,4,6.7407407407407405,High,7.220996409858081,Very High
359198355,4,2.0,Low,3.1766532155836757,Moderate
359315644,4,1.6296296296296298,Low,1.5742635489496384,Low
359345697,4,1.0,Low,1.1302721459260394,Low
359403808,4,1.0,Low,4.333633670617907,Moderate
359672283,4,3.0,Moderate,3.737261547182151,Moderate
359751904,4,2.0,Low,2.8580160338959573,Low
359785490,4,2.648375282959045,Low,3.061530209617272,Low
359855194,4,4.202504980223004,Moderate,3.728752618659683,Moderate
360116850,4,1.0,Low,1.3341491652472786,Low
360678420,4,1.0942455856950868,Low,2.707589017260075,Low
360794991,4,1.871310434327066,Low,1.7102015696733321,Low
361147615,4,1.0,Low,2.567719604322524,Low
361429739,4,5.7566346774869634,High,3.3014500827640947,Moderate
361978035,4,6.533699526118942,High,5.749747473231441,High
362204142,4,6.0,High,5.314323542547656,High
362296046,4,6.7407407407407405,High,3.5598911010127186,Moderate
362296302,4,1.0942455856950868,Low,1.3044334576700805,Low
362297506,4,2.111111111111111,Low,1.3110472399155104,Low
363282102,4,1.0942455856950868,Low,4.7229520976915955,Moderate
363377994,4,3.0,Low,2.5763262774080484,Low
363481024,4,5.7407407407407405,High,4.992013565939842,High
363587923,4,4.0,Moderate,2.1058618313963153,Low
363791726,4,1.0942455856950868,Low,1.5864832680712841,Low
364696754,4,1.0,Low,1.1676334281065683,Low
364819699,4,3.0,Moderate,4.117349763541246,Moderate
365136952,4,1.0942455856950868,Low,1.346764543855305,Low
365194897,4,1.0942455856950868,Low,1.5957937983884998,Low
365233322,4,1.0,Low,3.5119225874735336,Moderate
365423974,4,3.425440131591025,Moderate,1.3396551097829263,Low
366351769,4,1.3703703703703702,Low,1.07559383492034,Low
366359016,4,1.871310434327066,Low,2.041014471374684,Low
366363984,4,1.0,Low,1.1209375683504983,Low
366364278,4,1.0,Low,1.7620067392973873,Low
367738141,4,1.0,Low,1.1700409767212534,Low
367785161,4,5.0,High,3.808201961938139,Moderate
368185435,4,4.481481481481481,Moderate,5.003999593308986,High
368908974,4,2.648375282959045,Low,3.162729012039968,Moderate
369126743,4,3.740740740740741,Moderate,2.80367602077583,Low
369429361,4,1.0942455856950868,Low,3.126188818428398,Moderate
370339534,4,1.0942455856950868,Low,1.4856065584356384,Low
371073953,4,1.6296296296296298,Low,4.414048993123233,Moderate
371523123,4,1.0,Low,2.4448166074950732,Low
371524579,4,4.0,Moderate,4.528959457971045,Moderate
371566235,4,1.0,Low,2.646255619257014,Low
371612651,4,1.0,Low,3.0810301915148943,Low
371909086,4,1.0,Low,2.4686951411243463,Low
372584072,4,1.3703703703703702,Low,1.547328810584356,Low
372832898,4,3.0,Moderate,2.6480217838399955,Low
372832981,4,3.0,Moderate,5.056396092512104,High
373316591,4,4.202504980223004,Moderate,4.227904522465901,Moderate
373420324,4,1.0942455856950868,Low,1.7395382971781586,Low
373974722,4,3.111111111111111,Moderate,4.135540108423018,Moderate
373975419,4,1.0942455856950868,Low,1.3561249563369517,Low
373981247,4,2.3703703703703702,Low,4.163146724374641,Moderate
374821752,4,3.425440131591025,Moderate,2.9923264061807986,Low
375089066,4,1.0,Low,1.2756787118640638,Low
375502428,4,1.0942455856950868,Low,1.4171615889215596,Low
375539780,4,4.0,Moderate,4.856406323314241,Moderate
376736430,4,2.111111111111111,Low,3.561854206646213,Moderate
376847705,4,1.0942455856950868,Low,1.7130829033105863,Low
376962422,4,2.648375282959045,Low,2.1835667902057683,Low
377391466,4,1.3703703703703702,Low,2.9586150675942093,Low
377675773,4,1.0,Low,1.248815003374169,Low
378026681,4,1.0942455856950868,Low,2.7158895907455562,Low
378026726,4,1.3703703703703702,Low,2.7243690184688165,Low
378440629,4,4.0,Moderate,2.099781243002208,Low
378509155,4,4.0,Moderate,3.6087012711919897,Moderate
378990160,4,3.0,Low,1.7073659827688976,Low
379335369,4,1.0,Low,2.365325534348498,Low
379532029,4,6.0,High,3.5073286534539574,Moderate
379682262,4,1.871310434327066,Low,2.240635328913422,Low
379692557,4,1.871310434327066,Low,1.6934788890447434,Low
379754343,4,1.0942455856950868,Low,2.4490819257715706,Low
379911051,4,1.0942455856950868,Low,1.2762396913453968,Low
380595775,4,1.0942455856950868,Low,1.2516524562509903,Low
380621872,4,3.3703703703703702,Moderate,2.845157595958924,Low
380717036,4,1.0,Low,1.4265927834469987,Low
380871303,4,1.0,Low,2.3484374114203117,Low
381038864,4,2.7407407407407405,Low,2.4941926295312027,Low
381128540,4,2.648375282959045,Low,3.898378198279016,Moderate
381457925,4,1.0,Low,1.9496602162713514,Low
381970182,4,1.871310434327066,Low,2.9139978817050247,Low
382173999,4,4.979569828854984,Moderate,6.26746999176156,High
382266138,4,1.7407407407407407,Low,2.7972754280371204,Low
382291500,4,3.0,Low,2.911344657516512,Low
382300406,4,2.0,Low,1.4513650981116144,Low
383313133,4,1.3703703703703702,Low,1.362377817786995,Low
383426493,4,3.0,Low,2.233066020468555,Low
383694798,4,4.202504980223004,Moderate,3.0711024359097063,Low
384018503,4,1.0942455856950868,Low,1.2806938848370741,Low
384503719,4,1.0,Low,1.7259910598827992,Low
384802738,4,5.0,High,2.726654979932615,Low
384886664,4,1.0,Low,1.0283105191643953,Low
385220489,4,1.0942455856950868,Low,4.263475338557716,Moderate
385641098,4,1.871310434327066,Low,2.748399059128162,Low
385926575,4,2.648375282959045,Low,2.48819747142793,Low
386067492,4,1.0,Low,2.879848487818867,Low
386564170,4,1.0,Low,2.4025246455660385,Low
387451444,4,4.0,Moderate,4.490739299536055,Moderate
387727025,4,1.0,Low,1.5005153868534724,Low
387901847,4,5.37037037037037,High,5.081902090396246,High
388599899,4,2.0,Low,3.212894827049689,Moderate
388600976,4,1.0942455856950868,Low,1.193753166556339,Low
388730089,4,1.0942455856950868,Low,1.6204979001027757,Low
388759073,4,2.0,Low,3.008007077136072,Low
388929829,4,1.0942455856950868,Low,1.2599806189845588,Low
389033418,4,7.74074074074074,Very High,6.104370972390997,High
389059333,4,2.0,Low,1.6617761652677108,Low
389106237,4,1.0942455856950868,Low,1.3771783148503007,Low
389106330,4,3.0,Moderate,2.1327958891025802,Low
389360265,4,2.648375282959045,Low,1.5830682626873664,Low
389469092,4,1.0,Low,1.5180934187445403,Low
389488854,4,1.0942455856950868,Low,1.4212752210856547,Low
389492546,4,1.0,Low,1.9613671175386103,Low
389502964,4,1.871310434327066,Low,1.6133366741814874,Low
389839319,4,4.979569828854984,Moderate,5.6033566467525056,High
389873737,4,7.111111111111111,Very High,6.674687885138315,Very High
389873738,4,1.0942455856950868,Low,1.5513113715978228,Low
389874378,4,3.425440131591025,Moderate,3.1196750879950157,Moderate
390394196,4,1.0942455856950868,Low,1.6969433623229788,Low
390461433,4,4.202504980223004,Moderate,2.492407876350529,Low
390543764,4,1.871310434327066,Low,2.027890938213509,Low
390687621,4,5.7566346774869634,High,4.4008615389783845,Moderate
390856879,4,4.202504980223004,Moderate,5.562132998140538,High
391244285,4,1.871310434327066,Low,1.5189480871125678,Low
391500326,4,1.0,Low,3.232880963879185,Moderate
392460826,4,1.0942455856950868,Low,2.1646447152361823,Low
392598801,4,1.0,Low,1.0689119163550131,Low
392736880,4,1.0,Low,1.5930204410822424,Low
392737375,4,1.0,Low,1.30502170251083,Low
393522769,4,4.202504980223004,Moderate,1.5573893850776304,Low
393809881,4,2.7407407407407405,Low,1.7728710119884652,Low
394070186,4,1.0,Low,1.1972530858319863,Low
394085325,4,1.0,Low,3.156810742750712,Moderate
395107236,4,1.0,Low,1.1346192735067526,Low
395963727,4,2.648375282959045,Low,2.596703249085894,Low
396134793,4,1.0,Low,1.1929466032748484,Low
396453635,4,1.7407407407407407,Low,3.4168378164880684,Moderate
396453994,4,1.0,Low,1.2242017528719873,Low
396946674,4,10.0,Very High,6.981227179867901,Very High
396948875,4,6.533699526118942,High,4.319211837961739,Moderate
397197484,4,2.0,Low,3.0545957169222935,Low
397197521,4,5.0,High,2.9076790413853,Low
397246979,4,7.0,Very High,4.491602522351489,Moderate
397305724,4,1.0942455856950868,Low,1.3818311914136392,Low
397333172,4,3.6296296296296298,Moderate,5.16312801085006,High
397348073,4,1.0,Low,1.4103386218467686,Low
397481384,4,1.0,Low,1.1335312367211734,Low
398213205,4,1.0,Low,1.1019159721381424,Low
398346655,4,1.0942455856950868,Low,1.5669040900729443,Low
398786877,4,1.0,Low,1.019815397618526,Low
399140688,4,1.0942455856950868,Low,2.2399873109676074,Low
399153222,4,1.871310434327066,Low,2.188201892545469,Low
399613370,4,1.0,Low,2.3553363568588086,Low
399772744,4,1.3703703703703702,Low,1.3911227342395676,Low
400268355,4,4.0,Moderate,4.514239409387023,Moderate
400277033,4,1.0,Low,1.7558856399724188,Low
400358122,4,1.0,Low,1.2103906903205006,Low
400704536,4,3.0,Low,3.312071361217957,Moderate
400965676,4,1.3703703703703702,Low,2.585659414985182,Low
401095096,4,2.0,Low,2.7291482980240325,Low
401338018,4,1.3703703703703702,Low,1.5332372307800344,Low
401373302,4,2.0,Low,3.0138841466193704,Low
401738206,4,7.370370370370369,Very High,5.452461918246631,High
401854789,4,1.0,Low,1.1315925169166121,Low
401904387,4,1.0,Low,2.3274896273500874,Low
401999547,4,1.0942455856950868,Low,1.5928604712208396,Low
402317441,4,1.0942455856950868,Low,2.929886104786936,Low
402465675,4,1.0942455856950868,Low,1.6598545296294707,Low
402465728,4,1.0,Low,3.360451423482546,Moderate
402887022,4,4.0,Moderate,2.4446220655130424,Low
403031260,4,3.0,Low,2.700176774945973,Low
403222694,4,6.533699526118942,High,3.508682859534807,Moderate
403549406,4,1.0,Low,2.424654950160915,Low
404054515,4,2.6296296296296293,Low,2.8515755985933104,Low
404080244,4,1.0,Low,1.0557477139463867,Low
404095009,4,1.0942455856950868,Low,1.5340051807922794,Low
404349832,4,4.0,Moderate,2.3093417214309095,Low
404414601,4,1.0,Low,3.5945995387269267,Moderate
405029161,4,3.740740740740741,Moderate,3.024068743458126,Low
405050331,4,7.0,Very High,3.095555148793072,Moderate
405245196,4,4.37037037037037,Moderate,1.7039708394166464,Low
405452381,4,1.0942455856950868,Low,2.5214293909682786,Low
405452463,4,3.0,Low,1.9244690768099175,Low
405916777,4,2.648375282959045,Low,3.8859396529281347,Moderate
406039625,4,1.871310434327066,Low,1.5024343921322107,Low
406046701,4,1.0,Low,1.190425419344956,Low
406295958,4,1.871310434327066,Low,3.358791722281162,Moderate
406311739,4,1.871310434327066,Low,3.080394269265732,Low
406318764,4,2.259259259259259,Low,3.713924683377593,Moderate
406481647,4,1.0,Low,1.095531671906052,Low
406586110,4,5.0,High,3.725170878718881,Moderate
406832104,4,1.0942455856950868,Low,1.3172326153968705,Low
406832881,4,3.0,Low,3.9618038863269613,Moderate
406833154,4,2.648375282959045,Low,4.665005785341408,Moderate
407028148,4,4.37037037037037,Moderate,5.530825113595903,High
407110331,4,3.0,Moderate,2.0721930587189648,Low
407301226,4,1.0942455856950868,Low,2.9412050596757497,Low
407364487,4,4.0,Moderate,1.3970112275703666,Low
407451816,4,1.0,Low,1.4672014046415458,Low
407595997,4,1.0942455856950868,Low,1.7336995205975247,Low
407776233,4,1.0,Low,1.893475315950294,Low
408143916,4,1.0942455856950868,Low,3.0814229055597933,Low
408551183,4,5.37037037037037,High,4.647884552124877,Moderate
408724496,4,1.0942455856950868,Low,2.720365936982771,Low
408768669,4,1.0942455856950868,Low,2.8192150390854795,Low
408773616,4,1.0,Low,2.0751094374702195,Low
408774751,4,2.648375282959045,Low,3.8931072029662457,Moderate
408794434,4,1.0942455856950868,Low,2.431071069642523,Low
408846718,4,1.0,Low,1.4153606865357071,Low
408880935,4,2.648375282959045,Low,2.5063517374840343,Low
408880981,4,3.6296296296296298,Moderate,4.287801727883351,Moderate
408919896,4,1.0942455856950868,Low,1.2723465612591789,Low
409196165,4,1.0942455856950868,Low,1.7364387921364526,Low
409251521,4,6.0,High,3.4205960664852313,Moderate
409276127,4,1.0942455856950868,Low,1.689307941050198,Low
409277380,4,1.0,Low,2.264308253990559,Low
409591091,4,1.6296296296296298,Low,1.2553567908002132,Low
409753770,4,4.202504980223004,Moderate,4.827467865505369,Moderate
410103349,4,1.0942455856950868,Low,2.105808055881635,Low
410134113,4,2.3703703703703702,Low,1.905898058661325,Low
410260050,4,7.310764374750923,Very High,5.129772524907685,High
410373481,4,1.0,Low,1.1687741342900164,Low
410382490,4,1.0942455856950868,Low,2.8489106173416916,Low
410820135,4,1.0942455856950868,Low,1.2184455827524858,Low
411046837,4,1.0,Low,1.8962203437642984,Low
411426347,4,1.0,Low,1.9856721134454396,Low
411684550,4,1.0,Low,1.1724221232233063,Low
411710596,4,1.3703703703703702,Low,1.197669734798668,Low
411862129,4,3.6296296296296298,Moderate,1.5292495059011482,Low
411872888,4,1.0,Low,1.4976620946370196,Low
411896233,4,1.0942455856950868,Low,2.758609272615932,Low
411918892,4,1.0942455856950868,Low,1.2835106953273492,Low
411932982,4,1.0,Low,1.5180268266778034,Low
411949362,4,1.0,Low,1.0477454658825769,Low
412025577,4,8.0,Very High,3.8773081456709084,Moderate
412138630,4,1.871310434327066,Low,1.9527041597261836,Low
412185018,4,1.0,Low,1.8930403804047933,Low
412201238,4,5.0,High,3.0345073807742966,Low
412206442,4,6.533699526118942,High,4.6760069464319605,Moderate
412229631,4,1.0,Low,1.2171831649979095,Low
412287017,4,1.0,Low,4.736892333733351,Moderate
412288190,4,4.979569828854984,Moderate,4.749071396642699,Moderate
412328603,4,1.0,Low,1.1662798250178081,Low
412352374,4,1.0,Low,2.2063628849793826,Low
412365691,4,4.202504980223004,Moderate,3.252655723904592,Moderate
412365704,4,2.3703703703703702,Low,1.3974289312356523,Low
412370811,4,1.871310434327066,Low,1.5697628762304925,Low
412458944,4,4.0,Moderate,3.5518085308022527,Moderate
412470527,4,1.7407407407407407,Low,2.065588401409717,Low
412475104,4,1.3703703703703702,Low,2.851657224001775,Low
412539159,4,1.3703703703703702,Low,1.672185126013043,Low
412591740,4,4.0,Moderate,4.776565955436581,Moderate
412612624,4,1.0,Low,1.2778154609010022,Low
412637748,4,5.7566346774869634,High,5.2142079139466215,High
412670015,4,1.0942455856950868,Low,1.2374624367658744,Low
412699032,4,7.310764374750923,Very High,5.895345011670784,High
412737875,4,1.0,Low,2.291212097252827,Low
412740168,4,2.259259259259259,Low,2.178192474889843,Low
412782773,4,4.202504980223004,Moderate,3.707411342362543,Moderate
412831524,4,6.533699526118942,High,5.424224138795978,High
412903008,4,1.3703703703703702,Low,1.7075604847447612,Low
412925707,4,3.0,Moderate,2.7337998989128467,Low
412954330,4,6.0,High,2.7267826807124704,Low
412966009,4,1.0,Low,1.3269459187827262,Low
412966401,4,4.202504980223004,Moderate,3.8118189387765273,Moderate
412966939,4,1.7407407407407407,Low,2.7443665891553364,Low
412979261,4,5.7566346774869634,High,6.527498584169127,Very High
412991347,4,6.0,High,3.8139441800820677,Moderate
413009704,4,5.7407407407407405,High,5.2485731627436785,High
413031919,4,3.0,Moderate,3.026702905853418,Low
413046230,4,1.0,Low,1.2723342644111852,Low
413077722,4,1.3703703703703702,Low,1.8125928284081754,Low
413080382,4,1.0,Low,1.485988900863318,Low
413141581,4,4.0,Moderate,3.825772469654254,Moderate
413174365,4,1.0,Low,1.1672122933732756,Low
413187512,4,3.425440131591025,Moderate,4.315170963573452,Moderate
413202024,4,1.0,Low,1.6551256570087882,Low
413223246,4,1.0942455856950868,Low,1.3282327886450997,Low
413224095,4,1.0,Low,1.1281628336981568,Low
413225830,4,3.3703703703703702,Moderate,2.709400452741332,Low
413317606,4,3.4814814814814814,Moderate,4.937111782435316,High
413338617,4,1.0942455856950868,Low,2.565778573431005,Low
413359733,4,1.0,Low,1.2199275473116158,Low
413364600,4,5.7407407407407405,High,4.490833582083114,Moderate
413372707,4,5.7407407407407405,High,4.15915800912438,Moderate
413386115,4,4.202504980223004,Moderate,3.534123004045133,Moderate
413409634,4,1.0,Low,1.8043817782864293,Low
413412423,4,1.0,Low,2.8796923940906023,Low
413435223,4,3.425440131591025,Moderate,1.7248275043002934,Low
413460722,4,4.111111111111111,Moderate,3.017250869078649,Low
413477587,4,1.0,Low,1.3534618760836858,Low
413488935,4,2.648375282959045,Low,2.9766419425991613,Low
413508946,4,1.0942455856950868,Low,2.304266669209758,Low
413509155,4,1.0942455856950868,Low,1.4074907729420572,Low
413520665,4,3.0,Moderate,2.356639423112203,Low
413534723,4,2.7407407407407405,Low,2.28359141807897,Low
413536103,4,1.871310434327066,Low,2.1373003422609225,Low
413549724,4,1.871310434327066,Low,2.4873826924594695,Low
413601399,4,4.0,Moderate,1.6464889128646072,Low
413602066,4,1.0942455856950868,Low,3.363151053530985,Moderate
413672291,4,1.0,Low,1.1556507418066815,Low
413701543,4,1.0,Low,1.8276466088834118,Low
413708945,4,1.0942455856950868,Low,1.3777308217447124,Low
413720613,4,1.0942455856950868,Low,1.295837825132235,Low
413731261,4,1.0,Low,1.5977379461015415,Low
413731884,4,1.0942455856950868,Low,1.6648847010840973,Low
413742082,4,1.0,Low,1.6854058693175578,Low
413742859,4,1.0,Low,1.4941525108536484,Low
413783638,4,1.0942455856950868,Low,1.9675374846383895,Low
413810703,4,1.0942455856950868,Low,2.2654295512586895,Low
413921245,4,1.0,Low,1.0657511444345298,Low
413930389,4,1.0,Low,1.1969492592561295,Low
413930398,4,1.0,Low,1.1842253349787049,Low
413930422,4,2.0,Low,1.5646960669668006,Low
413930494,4,2.0,Low,1.4809580654234948,Low
413932951,4,1.871310434327066,Low,2.850319771895439,Low
413936368,4,4.111111111111111,Moderate,4.664392558914515,Moderate
413939174,4,1.0,Low,1.1188305465173554,Low
413942989,4,5.7407407407407405,High,5.332337639906674,High
413943414,4,3.3703703703703702,Moderate,4.417815015033565,Moderate
413943812,4,5.7566346774869634,High,4.77526301425261,Moderate
413947525,4,1.0,Low,3.248272267234988,Moderate
413948299,4,2.0,Low,2.888237158541644,Low
413948377,4,1.0,Low,1.087604034769416,Low
413948525,4,4.0,Moderate,5.577079678449376,High
413950399,4,1.0942455856950868,Low,1.3042513054985272,Low
413951384,4,1.0942455856950868,Low,1.491315191216601,Low
413952446,4,3.0,Low,3.549421135187409,Moderate
413954263,4,1.0942455856950868,Low,1.3969651507057992,Low
413957645,4,1.0,Low,1.1281377875812417,Low
413960265,4,1.0,Low,1.2674838859496456,Low
413961491,4,4.7407407407407405,Moderate,2.893551994998541,Low
413961861,4,4.979569828854984,Moderate,2.8976795752699798,Low
413962487,4,1.0,Low,1.1318089470316917,Low
413970577,4,1.0,Low,1.1927510286872987,Low
413981778,4,1.0942455856950868,Low,2.613415361241936,Low
413982686,4,1.871310434327066,Low,3.051506935227742,Low
413985110,4,1.0,Low,1.1726407578567133,Low
413988084,4,1.0,Low,1.0967591109110004,Low
413988471,4,1.0,Low,1.1291033913729658,Low
413990819,4,1.0,Low,1.1466361476624374,Low
thread_10000140_chocolamilk83_1401/10/10 01:07,4,1.0942455856950868,Low,1.9532836742044881,Low
thread_10001805_سوسک_بالدار_1401/10/10 11:18,4,3.425440131591025,Moderate,2.8716005844824903,Low
thread_10013823_بهارک۷۳_1401/10/11 20:44,4,1.0,Low,1.7263285058699087,Low
thread_10013823_لیلاجیگر_1401/10/11 21:39,4,4.0,Moderate,2.3974845014920874,Low
thread_10142431_دلوووووووین_1401/10/27 17:16,4,1.0,Low,2.454990963564484,Low
thread_10165795_starter,4,3.425440131591025,Moderate,5.843180931473745,High
thread_10176250_khk1384_1401/11/01 20:25,4,1.0942455856950868,Low,2.514711600063454,Low
thread_10251910_starter,4,2.0,Low,4.714971406579933,Moderate
thread_10302862_starter,4,6.111111111111111,High,6.498873507684905,Very High
thread_10463942_یارا_۷۰_1401/12/08 14:58,4,3.3703703703703702,Moderate,3.148762808349404,Moderate
thread_10632887_starter,4,7.310764374750923,Very High,6.777667908878996,Very High
thread_11168059_starter,4,6.481481481481481,High,7.345536995758423,Very High
thread_11168059_کلید۹_1402/03/04 12:22,4,1.0,Low,2.3500443122906858,Low
thread_11189321_روزاخانم_1402/03/07 02:23,4,1.0942455856950868,Low,1.2982192254249507,Low
thread_11272179_starter,4,4.0,Moderate,4.861474168607922,Moderate
thread_11409103_دخترمدیترانه_1402/04/04 18:12,4,1.0,Low,1.1031171997917624,Low
thread_11410575_starter,4,1.0942455856950868,Low,1.1935567299686531,Low
thread_11449595_starter,4,5.7566346774869634,High,6.681743632134177,Very High
thread_11543948_fall_girll_1402/04/22 12:07,4,1.0,Low,1.2624255601886003,Low
thread_11583885_starter,4,7.0,Very High,4.936647920789418,High
thread_11622877_فریبابهاری_1402/05/01 15:05,4,4.979569828854984,Moderate,2.581466773199198,Low
thread_11641483_starter,4,6.533699526118942,High,6.372294066245841,High
thread_11745552_gelareh1234_1402/11/20 23:01,4,6.533699526118942,High,4.406476608789675,Moderate
thread_11758445_starter,4,6.533699526118942,High,6.3038132839613485,High
thread_11758445_zahra_931388_1402/05/19 00:42,4,1.0,Low,1.2684840358866558,Low
thread_11837697_starter,4,1.871310434327066,Low,3.843874814750321,Moderate
thread_11863827_starter,4,2.0,Low,5.896374059894939,High
thread_11900901_starter,4,4.202504980223004,Moderate,3.967818551437936,Moderate
thread_12001379_starter,4,6.370370370370369,High,4.780425900681837,Moderate
thread_12005329_starter,4,6.533699526118942,High,6.4160939428213535,High
thread_12031111_starter,4,6.533699526118942,High,5.219589099345145,High
thread_12054109_starter,4,1.0942455856950868,Low,1.9648109757052161,Low
thread_12083716_starter,4,1.3703703703703702,Low,2.4069579833574593,Low
thread_12189262_starter,4,8.0878292233829,Very High,7.190733831453466,Very High
thread_12246092_nazninpoi_1402/07/24 17:26,4,2.648375282959045,Low,1.7173749083519954,Low
thread_12260668_starter,4,3.740740740740741,Moderate,4.898482526763901,Moderate
thread_12311774_starter,4,6.533699526118942,High,5.750161715064832,High
thread_12347755_starter,4,6.533699526118942,High,7.246240341818485,Very High
thread_12365188_starter,4,2.648375282959045,Low,2.726757785861428,Low
thread_12382342_starter,4,4.979569828854984,Moderate,5.7363031457739355,High
thread_12474402_taherr_1402/08/30 16:17,4,3.425440131591025,Moderate,1.6838610157698466,Low
thread_12474402_مووفرفری_1402/08/30 15:58,4,1.0,Low,1.2665314751805776,Low
thread_12554039_starter,4,7.0,Very High,6.0297147896749745,High
thread_12592575_starter,4,4.979569828854984,Moderate,5.204172429131846,High
thread_12607907_mamagolsa_1402/09/21 22:31,4,6.533699526118942,High,6.332558764931806,High
thread_12607907_starter,4,5.111111111111111,High,6.389254445679255,High
thread_12607907_بانوآبی_1402/09/21 22:25,4,2.259259259259259,Low,2.428927313355996,Low
thread_12739318_starter,4,5.7566346774869634,High,6.951216484009068,Very High
thread_12785738_starter,4,4.202504980223004,Moderate,5.306041349705783,High
thread_12826848_starter,4,3.425440131591025,Moderate,2.763107829655292,Low
thread_12833855_starter,4,5.111111111111111,High,5.627371440144401,High
thread_13008679_starter,4,4.202504980223004,Moderate,5.995233381104111,High
thread_13014671_starter,4,2.7407407407407405,Low,4.959123319393603,High
thread_13030195_starter,4,2.648375282959045,Low,2.830974161896386,Low
thread_13098851_starter,4,4.202504980223004,Moderate,5.6489191481479395,High
thread_13152440_starter,4,5.37037037037037,High,4.1983311815060524,Moderate
thread_13195359_starter,4,5.0,High,4.406784329397901,Moderate
thread_13252859_starter,4,4.37037037037037,Moderate,5.225254759435909,High
thread_13263274_starter,4,1.871310434327066,Low,2.5674500373348477,Low
thread_13318563_starter,4,5.7566346774869634,High,6.511053305882152,Very High
thread_13363518_starter,4,6.7407407407407405,High,5.978978317322137,High
thread_13367002_starter,4,7.310764374750923,Very High,7.836313666370261,Very High
thread_13395685_starter,4,5.7566346774869634,High,5.109647337835256,High
thread_13400353_starter,4,4.979569828854984,Moderate,5.730257609547799,High
thread_13411628_starter,4,4.7407407407407405,Moderate,4.0642800968255735,Moderate
thread_13420174_starter,4,7.0,Very High,6.107220814769349,High
thread_13437258_starter,4,6.111111111111111,High,7.5801264048855455,Very High
thread_13459776_starter,4,4.979569828854984,Moderate,6.26792076946948,High
thread_13467002_starter,4,7.310764374750923,Very High,5.839933189383575,High
thread_13473460_starter,4,6.533699526118942,High,5.1736882440580185,High
thread_13489381_starter,4,6.533699526118942,High,6.604711178873274,Very High
thread_13512626_starter,4,6.533699526118942,High,7.231057862627293,Very High
thread_13523002_starter,4,4.0,Moderate,6.458562776792117,High
thread_13557048_starter,4,4.979569828854984,Moderate,5.037539785144381,High
thread_13565923_starter,4,2.3703703703703702,Low,1.9777608360273404,Low
thread_13610137_starter,4,4.0,Moderate,4.883084762754226,Moderate
thread_13768670_starter,4,4.259259259259259,Moderate,3.6829922273573223,Moderate
thread_13794375_starter,4,8.0878292233829,Very High,7.51851823169865,Very High
thread_13809168_starter,4,7.310764374750923,Very High,6.526136676870126,Very High
thread_13816473_starter,4,4.37037037037037,Moderate,6.4125826395013465,High
thread_13861438_starter,4,3.425440131591025,Moderate,3.4421275931237143,Moderate
thread_13885557_starter,4,4.0,Moderate,5.171607453461926,High
thread_14001705_starter,4,5.7566346774869634,High,6.574517557971022,Very High
thread_14051391_starter,4,6.533699526118942,High,5.120295421435733,High
thread_14057157_starter,4,6.533699526118942,High,6.813100170316021,Very High
thread_14086391_starter,4,10.0,Very High,7.419205091384498,Very High
thread_14147541_starter,4,7.0,Very High,5.809704574022423,High
thread_14259883_starter,4,4.979569828854984,Moderate,6.641791228586629,Very High
thread_14260097_starter,4,2.3703703703703702,Low,4.908343135800738,High
thread_14279309_starter,4,6.7407407407407405,High,5.131613967948686,High
thread_14280070_starter,4,8.74074074074074,Very High,6.598600125280257,Very High
thread_14285147_starter,4,5.37037037037037,High,4.0266135854393985,Moderate
thread_14312546_starter,4,4.111111111111111,Moderate,2.677269350305173,Low
thread_14343479_starter,4,5.7566346774869634,High,4.1081386424997115,Moderate
thread_14408505__stella__1403/06/11 11:45,4,2.7407407407407405,Low,2.909008480334986,Low
thread_14415787_starter,4,6.481481481481481,High,6.26634804915199,High
thread_14476868_starter,4,1.0942455856950868,Low,1.3461539635034825,Low
thread_14538567_starter,4,3.425440131591025,Moderate,5.139296487008087,High
thread_14585161_starter,4,1.0942455856950868,Low,1.4980279183599654,Low
thread_14611290_starter,4,7.310764374750923,Very High,7.559498786300971,Very High
thread_14710991_starter,4,6.629629629629629,High,5.810546901909733,High
thread_14718368_starter,4,5.481481481481481,High,6.378363198413609,High
thread_14770123_starter,4,1.0942455856950868,Low,1.2545636803878861,Low
thread_14770187_starter,4,5.7566346774869634,High,5.33872773997131,High
thread_14808080_starter,4,5.999999999999999,High,5.423316444377317,High
thread_14820613_starter,4,1.0,Low,1.7351725697862657,Low
thread_14932161_starter,4,4.979569828854984,Moderate,6.508050100257419,Very High
thread_14967261_starter,4,6.481481481481481,High,7.4028312369010285,Very High
thread_15011633_starter,4,8.0878292233829,Very High,7.683279565416473,Very High
thread_15063413_starter,4,5.999999999999999,High,4.775463291207825,Moderate
thread_15080258_starter,4,1.0942455856950868,Low,2.4485137521647222,Low
thread_15109261_starter,4,3.740740740740741,Moderate,3.7336978242386665,Moderate
thread_15151230_starter,4,2.648375282959045,Low,4.944926380904002,High
thread_15155765_starter,4,2.648375282959045,Low,3.6764085706228844,Moderate
thread_15209699_starter,4,4.979569828854984,Moderate,5.4942550521929086,High
thread_15213489_starter,4,6.0,High,6.831558571601148,Very High
thread_15340992_starter,4,1.871310434327066,Low,2.5407214928081956,Low
thread_15361633_starter,4,3.425440131591025,Moderate,3.4842963173259385,Moderate
thread_15516515_starter,4,5.0,High,4.324301097148858,Moderate
thread_15536159_starter,4,6.0,High,4.815552792308812,Moderate
thread_15586951_starter,4,4.979569828854984,Moderate,5.495133178892637,High
thread_15612292_starter,4,1.871310434327066,Low,2.8345726958181072,Low
thread_15616356_starter,4,5.7566346774869634,High,7.3013007887977,Very High
thread_15633220_starter,4,9.0,Very High,6.315105859650883,High
thread_15650564_starter,4,7.74074074074074,Very High,6.810849146087367,Very High
thread_15697127_starter,4,6.533699526118942,High,5.536241471075737,High
thread_15701732_starter,4,1.3703703703703702,Low,2.3473717502525258,Low
thread_15784692_starter,4,7.74074074074074,Very High,8.116568526697503,Very High
thread_15839395_starter,4,5.0,High,5.168164243839936,High
thread_15842338_starter,4,6.111111111111111,High,6.555439354555647,Very High
thread_15849913_starter,4,4.979569828854984,Moderate,6.29260961666321,High
thread_15853695_starter,4,4.202504980223004,Moderate,4.78562167672492,Moderate
thread_15874157_starter,4,5.7566346774869634,High,5.44056052076192,High
thread_15908225_starter,4,7.0,Very High,6.626361461990245,Very High
thread_15938609_starter,4,5.7566346774869634,High,6.578625219843245,Very High
thread_15972289_starter,4,7.310764374750923,Very High,6.220130644716741,High
thread_15975147_starter,4,6.481481481481481,High,6.315361941518198,High
thread_15995528_starter,4,4.202504980223004,Moderate,4.786799752395193,Moderate
thread_16003885_starter,4,4.979569828854984,Moderate,4.0989773741609605,Moderate
thread_16031006_starter,4,6.7407407407407405,High,7.481113780081069,Very High
thread_16034429_starter,4,6.533699526118942,High,6.720550777263178,Very High
thread_16053482_starter,4,8.37037037037037,Very High,7.316532155850166,Very High
thread_16093555_starter,4,3.3703703703703702,Moderate,5.607255730150806,High
thread_16095364_starter,4,5.7566346774869634,High,6.41636669280373,High
thread_16098028_starter,4,6.370370370370369,High,6.229662784889651,High
thread_16111913_starter,4,3.111111111111111,Moderate,2.919610260864376,Low
thread_16130107_starter,4,5.7566346774869634,High,5.907702982773159,High
thread_16174801_starter,4,6.533699526118942,High,5.243607514408616,High
thread_16239697_starter,4,1.0942455856950868,Low,1.5346750029350575,Low
thread_16321538_starter,4,7.310764374750923,Very High,6.602001589979463,Very High
thread_16334573_starter,4,1.871310434327066,Low,1.7754661272798784,Low
thread_16376681_starter,4,7.0,Very High,6.396691269025964,High
thread_16407264_starter,4,3.3703703703703702,Moderate,5.172330736345392,High
thread_16417661_starter,4,3.425440131591025,Moderate,5.332026777543199,High
thread_16418751_starter,4,7.370370370370369,Very High,4.917582557593725,High
thread_16420108_starter,4,5.7566346774869634,High,6.611889353733884,Very High
thread_16420723_starter,4,8.0,Very High,7.590597319339808,Very High
thread_16446104_starter,4,4.979569828854984,Moderate,3.2702962346756843,Moderate
thread_16453516_starter,4,6.533699526118942,High,7.246971456120428,Very High
thread_16557934_starter,4,5.7407407407407405,High,7.0742845298770405,Very High
thread_16576208_starter,4,5.7566346774869634,High,6.585929937783406,Very High
thread_16590181_starter,4,3.425440131591025,Moderate,3.9147086893309155,Moderate
thread_16598160_starter,4,1.7407407407407407,Low,2.417179252160189,Low
thread_16601366_starter,4,1.871310434327066,Low,1.3701850617454148,Low
thread_16611548_starter,4,6.533699526118942,High,6.169295624973022,High
thread_16612778_starter,4,4.979569828854984,Moderate,3.882777301132654,Moderate
thread_16617040_starter,4,7.310764374750923,Very High,6.544719036098005,Very High
thread_16624448_starter,4,6.0,High,2.938330628183119,Low
thread_16680789_starter,4,4.979569828854984,Moderate,5.059861545499375,High
thread_16689898_starter,4,2.648375282959045,Low,2.79650181685167,Low
thread_16715854_starter,4,5.111111111111111,High,6.773890939944758,Very High
thread_16730803_starter,4,3.3703703703703702,Moderate,3.8705143197999385,Moderate
thread_16744956_starter,4,7.310764374750923,Very High,7.656811988324575,Very High
thread_16782826_starter,4,5.0,High,3.839049126353964,Moderate
thread_16810862_starter,4,1.7407407407407407,Low,5.043788228828077,High
thread_16822296_starter,4,3.3703703703703702,Moderate,4.437826786271295,Moderate
thread_16836204_starter,4,4.37037037037037,Moderate,4.377829370040339,Moderate
thread_17030125_starter,4,5.37037037037037,High,5.417087750292468,High
thread_17057384_starter,4,3.0,Moderate,3.5217306441777443,Moderate
thread_17083432_starter,4,1.0,Low,1.2002247890232582,Low
thread_17121649_starter,4,1.0942455856950868,Low,1.9155014547643205,Low
thread_17140656_starter,4,3.3703703703703702,Moderate,4.989338130219508,High
thread_17183136_starter,4,7.0,Very High,5.2975516477584135,High
thread_17218284_starter,4,6.533699526118942,High,6.810947398423351,Very High
thread_17257089_starter,4,3.425440131591025,Moderate,5.202099791319028,High
thread_17260088_starter,4,4.202504980223004,Moderate,5.100269053466568,High
thread_17269841_starter,4,3.740740740740741,Moderate,4.7663035650430485,Moderate
thread_17280421_starter,4,3.425440131591025,Moderate,3.3907223377681897,Moderate
thread_17299325_starter,4,5.7566346774869634,High,6.464940723309934,Very High
thread_17334683_starter,4,7.310764374750923,Very High,7.3177058073974255,Very High
thread_17338779_starter,4,3.3703703703703702,Moderate,5.259190026757066,High
thread_17342656_starter,4,4.202504980223004,Moderate,4.9452797391597745,High
thread_17388940_starter,4,6.533699526118942,High,7.036732577493792,Very High
thread_17408617_starter,4,7.0,Very High,5.579925701712391,High
thread_17409385_starter,4,4.979569828854984,Moderate,6.519990396443614,Very High
thread_17419717_starter,4,1.0,Low,4.753635131361714,Moderate
thread_17448188_starter,4,4.202504980223004,Moderate,5.10300616037887,High
thread_17466749_starter,4,3.425440131591025,Moderate,5.2289538274742196,High
thread_17488179_starter,4,7.74074074074074,Very High,7.581736307151264,Very High
thread_17502823_starter,4,5.0,High,3.2276627978080716,Moderate
thread_17522883_starter,4,2.648375282959045,Low,5.402692963123492,High
thread_17549852_starter,4,7.370370370370369,Very High,6.445864598891757,High
thread_17556831_starter,4,6.0,High,4.588867454683288,Moderate
thread_17556974_starter,4,3.0,Moderate,5.101720841802713,High
thread_17578136_starter,4,5.7566346774869634,High,6.6156960025160725,Very High
thread_17592780_starter,4,1.0,Low,1.4601388611241748,Low
thread_17606252_starter,4,4.0,Moderate,5.4290852920513295,High
thread_17627299_starter,4,3.425440131591025,Moderate,5.323374152257232,High
thread_17636269_starter,4,5.37037037037037,High,5.80212589377353,High
thread_17639101_starter,4,6.533699526118942,High,7.282719170000336,Very High
thread_17668132_starter,4,4.202504980223004,Moderate,4.3982341010067305,Moderate
thread_17705028_starter,4,5.481481481481481,High,5.554226211028086,High
thread_17705291_starter,4,4.37037037037037,Moderate,5.702884179189387,High
thread_17717493_starter,4,4.202504980223004,Moderate,5.556823156727761,High
thread_17790510_starter,4,6.7407407407407405,High,6.169171710322254,High
thread_17809622_starter,4,4.202504980223004,Moderate,2.1102385427935175,Low
thread_17817521_starter,4,3.0,Moderate,3.527876784531923,Moderate
thread_17840595_starter,4,1.0,Low,1.3615886511052042,Low
thread_17854715_starter,4,6.111111111111111,High,5.187135408157595,High
thread_17872898_starter,4,5.7566346774869634,High,5.811758190371198,High
thread_17874687_starter,4,7.0,Very High,6.149568176536638,High
thread_17892325_starter,4,1.0942455856950868,Low,1.5190762179080544,Low
thread_17897311_starter,4,7.310764374750923,Very High,5.979472587199142,High
thread_17902197_starter,4,1.871310434327066,Low,2.8280044328945433,Low
thread_17917179_starter,4,7.310764374750923,Very High,6.123975620996901,High
thread_17918129_starter,4,7.111111111111111,Very High,5.442782572171408,High
thread_17943999_starter,4,5.7566346774869634,High,6.169776424175098,High
thread_17946495_starter,4,5.7407407407407405,High,4.197545340673662,Moderate
thread_17950084_starter,4,8.37037037037037,Very High,7.208994234890402,Very High
thread_17951622_starter,4,3.425440131591025,Moderate,5.126112893854327,High
thread_17960549_starter,4,3.425440131591025,Moderate,5.273196360994839,High
thread_17963985_starter,4,1.871310434327066,Low,2.113867457305416,Low
thread_17972811_starter,4,5.0,High,6.0599110671231315,High
thread_17986541_starter,4,7.370370370370369,Very High,7.241558728312598,Very High
thread_17986545_starter,4,1.871310434327066,Low,5.482680629863605,High
thread_17989073_starter,4,3.4814814814814814,Moderate,4.501031812954869,Moderate
thread_18006122_starter,4,7.111111111111111,Very High,6.635637711632517,Very High
thread_18011444_starter,4,5.0,High,5.443370657401987,High
thread_18022617_starter,4,5.7566346774869634,High,4.980565812394335,High
thread_18025318_starter,4,7.111111111111111,Very High,5.477850959530992,High
thread_18031114_starter,4,3.0,Moderate,3.5398856194752213,Moderate
thread_18033465_starter,4,6.0,High,3.657471587458237,Moderate
thread_18036897_starter,4,6.370370370370369,High,6.686269685051299,Very High
thread_18044313_starter,4,4.37037037037037,Moderate,4.900291392205094,Moderate
thread_18045684_starter,4,4.202504980223004,Moderate,3.320677211711069,Moderate
thread_18050661_starter,4,6.533699526118942,High,6.388395314847276,High
thread_18051257_starter,4,5.111111111111111,High,4.956837922325386,High
thread_18061182_starter,4,3.425440131591025,Moderate,2.0824275335883917,Low
thread_18074583_starter,4,5.7566346774869634,High,4.847049266240548,Moderate
thread_18081442_starter,4,1.871310434327066,Low,4.692511857558232,Moderate
thread_18082368_starter,4,2.648375282959045,Low,5.057865700646454,High
thread_18091250_starter,4,3.740740740740741,Moderate,4.172161353235852,Moderate
thread_18094265_starter,4,1.0,Low,1.24623727427619,Low
thread_18138406_starter,4,7.0,Very High,5.807748125971088,High
thread_18138463_starter,4,1.871310434327066,Low,1.6595052094767229,Low
thread_18138631_starter,4,5.0,High,3.5012032500815833,Moderate
thread_18138729_starter,4,4.0,Moderate,4.688068646068281,Moderate
thread_18138955_starter,4,5.7566346774869634,High,6.695610568213459,Very High
thread_18139787_starter,4,1.871310434327066,Low,2.327103945837881,Low
thread_18139869_starter,4,7.0,Very High,6.531444594507626,Very High
thread_18140235_starter,4,5.0,High,4.012744918940765,Moderate
thread_18141394_starter,4,3.425440131591025,Moderate,4.548334700663572,Moderate
thread_18143558_starter,4,1.0,Low,1.521973147155257,Low
thread_18143955_starter,4,5.37037037037037,High,4.147689628422647,Moderate
thread_18143976_starter,4,5.7566346774869634,High,5.504104065889453,High
thread_18144544_starter,4,1.0,Low,2.576791852439835,Low
thread_18144570_starter,4,3.0,Low,1.78525196196922,Low
thread_18144589_starter,4,1.0,Low,1.6901993936343143,Low
thread_18145283_starter,4,1.0942455856950868,Low,1.0,Low
thread_6112233_mmmدخترتنهاmmm_1399/12/29 11:57,4,3.0,Moderate,4.27866087436597,Moderate
thread_6282150_نمک_یددار_1400/01/27 04:33,4,6.0,High,3.208297889345185,Moderate
thread_6442764_starter,4,5.7566346774869634,High,7.215214502946537,Very High
thread_6442764_فونیکس1990_1400/02/19 16:29,4,1.0,Low,1.4528847633095046,Low
thread_6698397_roooooyaaa_1400/03/29 00:32,4,1.3703703703703702,Low,2.230948843580773,Low
thread_6698397_سبزهزار_1400/03/29 00:37,4,1.0,Low,4.442857333098033,Moderate
thread_6968946_starter,4,6.533699526118942,High,5.735915147533167,High
thread_6972253_starter,4,6.533699526118942,High,5.3853694997912545,High
thread_7198508_starter,4,1.0942455856950868,Low,5.152803494788685,High
thread_7223763_zhoooan_1400/06/19 00:48,4,1.0,Low,1.7370255027536103,Low
thread_7278834_مهوش221_1400/06/27 21:04,4,4.0,Moderate,3.63857186012317,Moderate
thread_7360433_starter,4,7.0,Very High,5.84639203702448,High
thread_7833045_shirin_2125_1400/10/02 01:13,4,2.3703703703703702,Low,3.573489293000631,Moderate
thread_8081945_mj1371_1400/11/14 21:57,4,1.0,Low,1.1468467082840759,Low
thread_8195622_noranora_1400/12/03 22:38,4,4.979569828854984,Moderate,4.825130772818621,Moderate
thread_8195622_starter,4,7.0,Very High,6.290570267900655,High
thread_8202132_سرودهای_دلتنگی_1400/12/04 23:39,4,1.0,Low,1.247164719797973,Low
thread_8229349_pink_bubble_1400/12/09 14:57,4,1.0,Low,3.1952888993663273,Moderate
thread_8356775_starter,4,4.7407407407407405,Moderate,6.219966439412223,High
thread_8358399__moon_l__1401/01/03 04:21,4,2.648375282959045,Low,1.8857439404900798,Low
thread_8669803_الیزابت۷۴_1401/02/27 12:44,4,1.0,Low,4.263911697565028,Moderate
thread_8829382_starter,4,8.0,Very High,7.280377966085413,Very High
thread_8858733_starter,4,6.111111111111111,High,6.3636961299527055,High
thread_8880238_1398asal_1401/04/01 00:51,4,1.0942455856950868,Low,2.599543032790316,Low
thread_8880238_77shaghi_1401/04/01 00:46,4,1.0,Low,4.791061876291834,Moderate
thread_8880238_starter,4,7.310764374750923,Very High,7.309074140284064,Very High
thread_8880238_دختراسترسی_1401/04/01 00:44,4,1.0942455856950868,Low,2.220051487291561,Low
thread_8914324_لیداخانوم۲۷_1401/04/06 17:49,4,1.3703703703703702,Low,1.5761559105054865,Low
thread_8914324_موز_قرمز_1401/04/06 17:36,4,1.0,Low,1.1718983098060454,Low
thread_9052887_icequeenn_1401/11/10 17:16,4,5.0,High,4.427527044955388,Moderate
thread_9052887_کاپو_چینو_1401/04/29 21:18,4,1.0942455856950868,Low,1.5715057847586906,Low
thread_9227382_starter,4,1.871310434327066,Low,1.904396187999811,Low
thread_9375288_starter,4,1.0942455856950868,Low,1.3018138610352912,Low
thread_9412914_فرشتهجان_1401/06/26 23:10,4,1.3703703703703702,Low,2.70878122999477,Low
thread_9485660_فاطمه_هستم_۲۳__1401/07/19 14:01,4,1.3703703703703702,Low,2.436896975096752,Low
thread_9759365_starter,4,8.11111111111111,Very High,6.760712360995904,Very High
thread_9966511_arosakjooni_1401/10/05 16:01,4,4.0,Moderate,4.9001040081763145,Moderate
thread_9966511_کاپو_چینو_1401/10/05 16:04,4,3.740740740740741,Moderate,4.604162071525044,Moderate
thread_9966511_کاپو_چینو_1401/10/05 16:22,4,4.0,Moderate,4.903025641044752,Moderate
thread_9970026_starter,4,6.7407407407407405,High,6.561563317286939,Very High
