unique_post_id,oof_fold,group_id,author,thread_id
246749152,0,G02552,سامیارکوچولو,9116406
246750589,0,G02552,قرصماه,9116406
246952723,0,G02180,egekhanom,9126202
249384092,0,G00002,عشق5,9242694
251560308,0,G00004,fatemehfr,9345142
253412625,0,G00008,eliii74fatiiiii66,9435371
254686209,0,G02223,suniw,9492091
254933030,0,G02224,taninam,9502197
255241351,0,G02556,آلبالوپلو,9515090
256281249,0,G00015,shoroogh,9557765
257900941,0,G00015,shoroogh,9628180
257972125,0,G00017,بالیتلبوتل,9631153
258001969,0,G00018,شایلین1401,9632346
258003322,0,G00018,مامان_جوجه_خروس,9632346
258004522,0,G00018,شایلین1401,9632346
261005269,0,G02565,mahoor80,9760594
261235099,0,G00015,shoroogh,9770349
261626674,0,G02566,مالکوم___,9786806
267356554,0,G00031,maryam1997,10033906
267363492,0,G00031,maryam1997,10033906
267365062,0,G00031,maryam1997,10033906
267365382,0,G00031,farimah68,10033906
269245719,0,G00036,nellin,10117119
271055693,0,G02575,دختــــرآبانــــی۹۸,10202191
271056089,0,G02575,setiya26,10202191
272894651,0,G00039,اوجولات,10291766
273009572,0,G02578,kosariii79__79,10238751
274805847,0,G00049,pejvak3124,10377037
276203863,0,G02581,جولان,10437170
278343497,0,G00055,شکموخانم,10530158
279866139,0,G02587,امیرعلی_حسین_,10596658
282842535,0,G02591,مامان_امیر_علی,10725673
283536818,0,G02592,a1370baran,10757116
285393542,0,G00066,nafscute,10838894
289051453,0,G00073,مامانmehdi,11006992
292097414,0,G02608,ارز,11147547
292215607,0,G02609,شیطون_بلااااا,11152910
292792295,0,G02235,ژرمیناال,11179449
292792817,0,G02235,ژرمیناال,11179449
293012736,0,G01415,نیکوآزاد,11189897
294521720,0,G01354,رحا,11258649
295252006,0,G02616,نازجولی,11294477
296923498,0,G00091,شهرزادجان,11358405
297556559,0,G02621,صحراعرب,11401596
297972679,0,G00095,kabos,11421164
298881902,0,G02625,ماهوریا,11464879
299171940,0,G02626,lavin7880,11478047
299609811,0,G02238,یاحسینجانم,11499506
301337358,0,G02630,عشق،دیبا,11583861
301338944,0,G02630,نیلی۹خوش۹قلب۹۹,11583861
302709082,0,G00104,manijjj,11649272
303694559,0,G02631,نازلیییییی_۲,11697905
304365239,0,G00106,دخترپائیزی,11729979
305472176,0,G02241,زی666666,11785875
305541042,0,G00114,fhai,11789440
306706831,0,G02242,۱۴۶۹,11849683
306978552,0,G02638,حس_خوب۲۰,11864668
307231754,0,G00120,عسل،بانو۲۲۸۰,11878095
307812556,0,G00124,5elijoooooooon,11910508
307838863,0,G00125,maria_74,11911712
308373646,0,G00131,yase_abas,11939430
309505551,0,G00137,فاeze,11998274
310232608,0,G02244,mamitotfarnagi,12031343
310257577,0,G02646,jaasmiine,12036768
310319093,0,G02647,alphi,12039821
310878866,0,G00144,خانوم_علی_آقا,12069077
313544736,0,G02652,_abi_darya_aram,12214825
313794425,0,G02246,دلارام1375,12229316
314647649,0,G00153,زوارالحسین,12276762
314888743,0,G02247,اختاپوس,12290513
315483616,0,G00155,33doya,12322898
315483708,0,G00155,33doya,12322898
315497619,0,G00002,عشق5,12297225
315642970,0,G00156,پیتزااااتپووولی,12331928
316519104,0,G00160,خانوم_طلا7,12374927
316973553,0,G02661,یاسمن_۷۵,12404137
317264555,0,G00166,nininaz130,12419963
318483100,0,G02667,pangoan,12486515
318719663,0,G00172,مامان_دخترخوشکل,12499878
318910917,0,G01415,نیکوآزاد,12511452
319201384,0,G00174,atena1998,12528177
319558046,0,G00179,دختربهار_1234,12548294
320462018,0,G02675,minachiii,12596795
321000149,0,G00194,mamanjoooni,12624804
321000602,0,G00194,کیس0کیس,12624804
321002103,0,G00194,mamanparinaz,12624804
321055600,0,G02678,نادیگل,12627964
321624238,0,G02679,cheshm_ghahveei,12659047
322239515,0,G02683,لاوازیه_۲,12694043
322804610,0,G02685,حانیماه,12728137
324164633,0,G00205,بیسکوییت_شوکولاتی,12803928
324165329,0,G00205,مامان_پاشا_هستم,12803928
324251993,0,G02690,mariarose,12809803
325145497,0,G02691,parasto_22,12858993
325425896,0,G02693,عشقسیاسفید,12874821
325645995,0,G02252,بخیحفیتج,12886944
326225459,0,G00213,۰۰bahar70,12920414
326343479,0,G02697,نیکولا_تسلا,12926477
326391943,0,G00216,رهابانوام,12929245
326434741,0,G00217,101112131415,12931361
326449658,0,G02253,خانوم۱۱۱۱۱۱۱۱۱۱۱۱۱۱,12932175
326575748,0,G02254,sobheazadiii,12939185
326580054,0,G02254,sobheazadiii,12939185
326925605,0,G02699,samir_abas,12958792
327399769,0,G00225,marمریم,12984435
328060012,0,G00229,tifani2,13021332
328368322,0,G02704,آرین۱آروین۱بالالارم,13038751
328671398,0,G00232,من_باخودم_غریبه_ام,13055536
329478485,0,G02707,دلبر_ناب_دلم,13102226
329961165,0,G02708,mis_nneeggaar,13129067
330563917,0,G00245,queens_22,13161666
330693939,0,G02710,zahani,13168555
331075456,0,G02260,zxcvb76543,13189503
331432035,0,G00253,ققنوس۱۲۳۴۱۲۳۴,13210097
331602745,0,G00254,negar9977,13219171
331667811,0,G02714,qw23ty,13219142
332093757,0,G02718,مجیدجان,13246356
332184383,0,G00258,دایان_کوشولو,13251552
332218074,0,G00444,خاله_خرسسسسه,13253517
332258927,0,G00261,avakadooo,13255828
332259134,0,G00261,جینگولی_هستمas,13255828
333639726,0,G02722,فاطیg,13336122
333751357,0,G01470,همتا۹۵,13342597
334046938,0,G00268,رزیتا_رادمهر,13359003
334436854,0,G02724,momybuati,13381150
334482053,0,G00273,غبار۱۲۳۴۵۶,13383517
334551247,0,G02631,نازلیییییی_۲,13387128
334969203,0,G00277,اسفندی۷۶,13410978
335014043,0,G00278,به_دنبال_زندگی,13413892
335689739,0,G00288,مامان۰ماهک۰,13451412
335711187,0,G00290,کوه_آلپ,13452510
335714089,0,G00290,برررکه_34,13452510
335798890,0,G00291,shahrzaddd78,13457911
336236076,0,G02732,eli0011,13481852
336287860,0,G00296,cute_ladybug,13484900
336316972,0,G00298,nyusha7747,13486360
337097968,0,G00310,یاس00,13529812
337913265,0,G02737,nelo68,13575039
338201340,0,G00288,مامان۰ماهک۰,13591681
338364458,0,G00254,negar9977,13600583
338943237,0,G02741,بانمکترینم,13632415
338953276,0,G00328,75nemesis,13632948
339198518,0,G02743,مه_لقا_,13646394
339229282,0,G00332,mimbanoo,13648135
339258407,0,G00333,تاآسمان,13590933
339667965,0,G02749,مارال_بانو0,13671669
340256671,0,G00340,khayat_bashi,13696088
340283651,0,G00412,نامزدحبیبم,13706100
341136694,0,G01507,دلبرخطرناک,13758742
341383914,0,G02760,وانیلااااا,13773008
341487265,0,G00345,دادستان_خانوم,13778840
341488180,0,G00345,دادستان_خانوم,13778840
341680025,0,G01508,halmaaa,13790145
341737811,0,G02762,مامان_عدس_کوشولووو,13793663
341847339,0,G02764,_mahpishoni_,13799988
342115286,0,G02767,گلي28458,13815587
342415425,0,G00359,تپلو92,13834029
342461252,0,G00359,راحیل2,13834029
342507977,0,G00363,zibaaa1377,13839246
342566956,0,G02271,سیلواناااااز,13813916
342840613,0,G00366,مشکیناز,13857981
342840964,0,G00366,مشکیناز,13857981
343170051,0,G00367,نازگلی7850,13877370
343414833,0,G00369,arameshzengi,13891419
343541130,0,G02775,sarazbi,13899097
344080860,0,G02780,moihگتا,13931029
344195999,0,G00375,ستاره525,13938093
344693455,0,G02784,ارهههه؟آره,13969245
345255002,0,G00277,اسفندی۷۶,14003422
345389872,0,G00388,تیبره,14012117
345515493,0,G02789,هوای_بارانی_1234,14019961
345877830,0,G02792,ممدعشقم,14042390
346387773,0,G01536,maman23,14074444
346511628,0,G00398,tayna22,14080765
346576896,0,G00400,roshany8,14084738
346695829,0,G01667,آ۰رام,14091401
347070156,0,G02797,راضیه_ای_که_راضی_نیس,14113340
347156672,0,G00405,kqasedak,14118568
347465549,0,G00408,کردگار,14138266
347940985,0,G00412,نامزدحبیبم,14166779
347943397,0,G00412,جیگری0088,14166779
349281513,0,G00420,minayism,14258472
349283853,0,G00420,niloam,14258472
349548098,0,G00424,ksixhehd,14274029
349576812,0,G02278,nasim007,14275422
349763399,0,G02810,دختر_کاپشن_صورتی,14286096
349854709,0,G02279,helia1403,14289640
350215566,0,G02813,_min1403,14310942
350368660,0,G02281,سحرجوانمرد,14319406
351662776,0,G00440,خررسییی,14392903
352137919,0,G00444,خاله_خرسسسسه,14421324
353194502,0,G02824,دریا_خانووم,14484269
353431392,0,G00452,دانشمند_قلدر,14494704
353725776,0,G00452,دانشمند_قلدر,14494704
353941547,0,G02829,shike,14463889
354414779,0,G02831,مامی_زرشکی,14558596
355737512,0,G00470,غریبک,14635132
355826080,0,G02835,دختر_زودرنج,14644222
355946640,0,G02287,رویا_شيرين,14651009
356510099,0,G01717,زندگی_در_رنگ_خوشبختی,14686002
357294963,0,G00485,شهربانو۱۳۷۲,14726669
357393982,0,G00486,رخساره64,14741164
357754465,0,G00488,پانداسفیدگلبهی,14761518
357891263,0,G01596,سحرسحرآمیز,14768783
358996742,0,G00494,هستی1359,14831228
359392451,0,G00499,m1364a,14852573
359395723,0,G00499,m1364a,14852966
359397260,0,G00499,aآزی,14852966
359714068,0,G02851,زن_ممدقولی,14869934
359715319,0,G02851,hapoei,14869934
360229418,0,G02854,جذابجون,14898958
360559613,0,G02299,نگین_79_68,14918657
360909082,0,G02857,khanom_jan2117,14938621
360909874,0,G02857,maryyyhastam,14938621
361814943,0,G02858,abjitoonam,14988486
362109977,0,G02860,ترنمجیغجیغو,15004914
362193039,0,G00525,جاری_همتونم,15009587
362535169,0,G00529,مامانparinaz,15028384
362535255,0,G00529,kokomelon,15028384
363112002,0,G02867,بانویمادر1368,15059471
363179312,0,G02301,mehrsa9699,15063167
363179735,0,G02301,۳۱۳۱,15063167
363572316,0,G00538,gthllwthy,15084417
363572530,0,G00538,gthllwthy,15084417
363990653,0,G02873,هلسین,15106812
364404260,0,G02875,mahadese,12442239
364481657,0,G00544,1214ww,15133560
364820479,0,G00549,maman_fandog03,15151624
365039360,0,G00552,the_pearl,15164222
365172635,0,G00555,roshanak96,15172215
365187127,0,G02878,samyarmamanii,15172902
365959999,0,G00561,fereshte8darya,15218915
366988409,0,G00398,tayna22,15276796
366988563,0,G00567,1207da,15276831
367005337,0,G00568,vahshiii,15277360
367102002,0,G00567,1207da,15276831
367233917,0,G02306,مهروماه15151515,15290425
367820028,0,G00569,گریفیتوموشهایش,15324483
367820735,0,G00569,sana2345,15324483
368095658,0,G02889,دنیز۸۶,15340361
368438789,0,G00574,nilofar_abiix,15361437
368673842,0,G00576,خوشگلشونم,15374958
368674585,0,G00576,babre_maghroor,15374958
368908917,0,G00578,dokhtaretnhaaa,15388777
368909539,0,G00578,dokhtaretnhaaa,15388777
368972410,0,G02893,mmm1383ممم,15392544
369939985,0,G02897,پربالامم,15449941
370373041,0,G02900,kساهره,15474651
371075891,0,G00597,elale,15515768
371118936,0,G00598,مامانمهربونننننننن,15518490
371156249,0,G00599,پپاپیگ۶۹,15520412
371706573,0,G00604,گلی_گلی_خانوم,15552854
372123879,0,G00607,rasta1996,15580398
372245412,0,G00608,eliagoli,15588111
372483489,0,G02912,99poni,15602875
372941920,0,G01667,آ۰رام,15631677
373621058,0,G02915,دنیاااااایییییییییی,15674164
374774707,0,G00630,نوراحیل,15744265
374786131,0,G02918,سفیدبرفی۱۳۷۶,15740960
374787581,0,G02918,selo,15740960
374945214,0,G02920,زییوکولو,15754292
375825482,0,G00607,rasta1996,15806328
376719954,0,G02924,سدات,15861547
377395824,0,G02927,elleryyyy,15903261
377493610,0,G00654,ar07,15909634
377584533,0,G00740,الیناودیمن,15915572
378076815,0,G00659,zahra_d_d,15947574
378330536,0,G00661,_rahgozar_,15962555
378844541,0,G00667,گلبانو۱۳۷۸,15993106
379303630,0,G00670,زیبا1696,16020398
379562141,0,G01703,fatiiiee,16036280
379705435,0,G00674,faghatkhodaaeiiiiaa,16044565
379885212,0,G02938,aynaz1395,16055433
380354264,0,G02940,imrojiiii,16084513
380370189,0,G02938,nooraa72,16055433
380447413,0,G00684,کاربری_جدید_نیستم,16090738
380450039,0,G02941,123bandekhoda,16090826
381182145,0,G02949,pparyf,16137123
381367238,0,G00697,sahel6065,16148537
381395830,0,G02318,n_ah,16150230
381814979,0,G00699,جاری_پولدار,16176272
382416407,0,G00710,tasniim16,16213621
382609083,0,G00713,737300rahajoon,16225079
382623880,0,G00714,مریم717171,16185624
382950755,0,G00719,zizikhano0m,16211783
383020488,0,G02964,lor_sevin,16251295
383199179,0,G02966,silvermoonsilvermoon,16262315
383220686,0,G00725,خاغخبیملخغ,16263572
383263085,0,G00726,fandogh_jame,16266255
383447534,0,G02969,rooniiii,16277154
383754263,0,G00731,یک_عدد_گربه,16295930
384642987,0,G02976,دلوین10,16348772
384670219,0,G00740,الیناودیمن,16350368
384696775,0,G02977,alisanabad1402,16351785
384785733,0,G00742,00eshgh00,16357153
384801328,0,G00744,ایساناحسان,16358073
385175430,0,G00742,00eshgh00,16379824
385177848,0,G00742,00eshgh00,16379824
385191973,0,G00747,1kiyanam1,16380710
385312184,0,G00749,دنیایم۸۷,16387430
386026087,0,G00758,جانمr,16430418
386297156,0,G00798,barfi6,16447571
386719708,0,G00761,چموش_وحشی,16472901
387802319,0,G00742,ملیکا۱۴۰۰,16534287
387802752,0,G00742,00eshgh00,16534287
387996343,0,G02474,mahdokht1369y,16545448
387998903,0,G02474,mahdokht1369y,16545448
388236794,0,G02991,تبسمبهار۶۹,16556623
388238232,0,G02991,نگارمحمدی,16556623
388300548,0,G02992,گلنگار۱,16563041
388359045,0,G02993,وی,16566309
388403281,0,G02334,مایسلف,16568837
388549106,0,G00774,الف_لیلیان,16577623
389018432,0,G00780,rو,16587836
389138549,0,G00783,ملکه_الیزابت_29,16613599
389824337,0,G00790,fsbbczunv,16654923
389959078,0,G00794,fa_fa_19,16663424
389959435,0,G00794,zarii76,16663424
390500151,0,G00798,سبزیی,16696145
390655435,0,G03006,دتربابایی,16705399
391019290,0,G03008,gity1388,16727536
391020608,0,G03008,gity1388,16727509
391392931,0,G02337,aisin70,16750360
391511277,0,G03010,عشقمهشوهرم,16757442
391723078,0,G00810,momeni75,16769958
391723321,0,G00810,narsis_nar,16769958
392059520,0,G00811,nszilaa70,16789567
392223843,0,G00812,دکترخرگوشیانو,16799399
392283087,0,G00731,skyblue1056,16803152
392460946,0,G02338,firooze888,16813387
392839463,0,G00818,hourglass1,16832603
393035117,0,G00820,alolololo,16848025
393334471,0,G01828,افتاب_گردان,16866912
393824514,0,G00831,آرن_5953277,16894015
394084719,0,G00835,shirintarazangabin,16913727
394197803,0,G00697,sahel6065,16920791
395000084,0,G03022,thegirl,14673472
395358611,0,G03026,گلایول56,16992491
395647177,0,G00798,sarnevehst,17008599
396028101,0,G00848,سوسک_میقولی؟,17031024
396101043,0,G01828,افتاب_گردان,17035596
396708197,0,G00893,mahbanoo3333,17072011
396810478,0,G00907,اقدام1404,17053107
396989197,0,G00856,mixx,17088857
396991056,0,G00856,ساراکاف,17088857
397405759,0,G00861,aylllinjan,17114483
397698090,0,G00864,فاطیجون9090,17132341
397708369,0,G03040,غزلممممممممم,17133141
397935853,0,G00740,الیناودیمن,17147057
398042046,0,G00798,sarnevehst,17153710
398042122,0,G00798,سبزیی,17153710
398042327,0,G00798,سبزیی,17153710
398989666,0,G00875,آذرایزد,17215582
398990761,0,G00875,صندی,17215582
399017252,0,G00877,یااااافاطمه,17217578
399017729,0,G00878,hadis_26,17217614
399251510,0,G00880,طناز20,17232189
399456112,0,G00882,ليلا93,17245644
399742360,0,G03049,فریما۰,17264516
400090316,0,G00798,سبزیی,17287715
400310806,0,G01508,halmaaa,17301641
400419489,0,G03060,دلسترسرد,17308381
400475368,0,G00893,mahbanoo3333,17311940
400522403,0,G01986,auhayyy,17314775
400912217,0,G03065,dielelham,17332869
400976772,0,G03066,rozhena,17343181
401043005,0,G00907,اقدام1404,17347259
401131794,0,G03067,شانا۲۷,17351767
401280266,0,G03068,hghggcgct,17362813
401452228,0,G03070,دختری_خوشبخت_عشق_طلا,17373715
401848171,0,G03077,5mama,17397822
401877655,0,G03079,maman_a_,17400901
402034256,0,G00924,سارینوسورنا,17410868
402172260,0,G03083,قلب۸۸,17419705
402441162,0,G02355,مامان1حسین,17436685
402865439,0,G00935,مبیتی,17463694
403045920,0,G03088,maypan,17474537
403180853,0,G03092,abcdbcda,17482831
403181895,0,G03092,abcdbcda,17482831
403194908,0,G03093,ت۸۷,17483739
403389114,0,G03066,rozhena,17496318
403444721,0,G00944,دکترارنست,17499939
403582489,0,G03101,رزاناا,17508857
403700566,0,G00950,77ss77,17516392
403718234,0,G00951,والراشتاین,17517498
404338167,0,G00959,زهراخانووممم,17544830
404410569,0,G00960,تاکنامان,17560935
404463628,0,G03108,tarajrafte,17564319
404604139,0,G00963,freshtejon,17573313
404664506,0,G00964,آییییناز,17577322
405001154,0,G01924,fatemeh821305,17599397
405671482,0,G00976,arnika99,17641094
405692122,0,G03079,maman_a_,17642414
405781080,0,G01955,بربادورها,17647843
406033633,0,G03120,parimehmahi,17662540
406497498,0,G03127,dokhta88877dokhtar,17686508
406538040,0,G00994,lonely__,17688506
406828203,0,G00998,faghdkhoda,17702649
406876865,0,G01942,7272,17705262
407046659,0,G01001,دخترغروب,17714157
407162803,0,G01002,darya000darya,17720467
407551143,0,G01932,sarina_mmmm,17656049
407688752,0,G03140,nastaram,17749067
407816395,0,G03142,20fatiiiiiiiii,17756365
407849836,0,G01014,جاسوئیچی,17758084
407878786,0,G02366,zizibanoo20,17753507
407884663,0,G03145,مامی_محمدحسین3,17760010
408305259,0,G01022,دلوانننننن,17785030
408336125,0,G03148,شک,17745195
408408137,0,G02368,baran790079,17790854
408510507,0,G03150,helia9777,17797167
408567700,0,G01030,sh12sh34sh56,17800625
408616722,0,G01032,بانو1396,17792227
408871431,0,G02370,mananfateme1400,17818798
408982093,0,G01047,آفرودیتهپاپپزی,17825779
408982773,0,G01047,پولکی123,17825779
409094641,0,G01050,سم_سم94,17831740
409128435,0,G03157,zozo_72,17833786
409626473,0,G03164,بانو۳۰,17861282
409818160,0,G00697,sahel6065,17871958
409835725,0,G01059,pariparis,17870261
409893476,0,G01060,کنجد405,17876373
410025353,0,G00697,سروخرامان,17871958
410156241,0,G02016,tanaz747,17891580
410184223,0,G01144,آبشار7,17893321
410425855,0,G02373,دخترکم۱۴۰۱,17906629
410468757,0,G00726,fandogh_jame,17908961
410535996,0,G01072,militaooo,17912675
410751083,0,G02374,عقیق۲,17925170
411035591,0,G03169,گلدون_شمعدونی,17941387
411662374,0,G01090,بهاره1386,17977038
411700075,0,G01095,دختر_زمستون۱۳۷۵,17979166
411734297,0,G03183,ملکه455_,17981159
411863941,0,G01107,مامان_لنا_بانوو,17988097
411892933,0,G01111,من_وسط_پیازم,17989509
411893671,0,G01111,وارانم,17989509
411897766,0,G01113,مریم_راد3,17989673
411940700,0,G03194,3685_ertyi,17992016
412017527,0,G03198,____نور____,17996654
412054537,0,G01122,saniyar74,17999061
412139600,0,G03202,آذر_57,18003836
412150072,0,G01128,niushhhh,18004393
412173161,0,G03204,روح_کویینز_تاون,18005675
412256942,0,G02380,4got10,17998750
412383763,0,G01144,آبشار7,18017756
412533375,0,G03221,۱۵کاربری,18026432
412629104,0,G03226,aliceinwonderland,18030583
412778392,0,G01159,کهکشان_راه_کاکایویی,18040292
412804020,0,G01161,party_kiss,18041590
412804987,0,G01162,siiindokht92,18041515
412807633,0,G01162,j_a_na,18041515
412845568,0,G02382,mathfateme97,18043797
412917318,0,G03236,دخت_ملکه,18047939
412965629,0,G02069,maneli93rita,18048505
413151176,0,G03251,نعچچتلدددطسیاتنتابیی,18061210
413162468,0,G03251,zhtys,18061210
413173949,0,G01180,nn_z,18062713
413178171,0,G02390,بهاررییییییی,18062953
413215750,0,G01184,narggeess,18049365
413220026,0,G03254,79meerii,18065201
413243642,0,G03256,آنادخترایران,18066383
413257877,0,G01189,setareh1980,18067147
413304931,0,G03258,roza1995,18069905
413320416,0,G01193,بانوملیکا,18070691
413344644,0,G03263,eyjyejeyje,18071801
413389481,0,G01201,helen_j,18080409
413393830,0,G01202,فف46,18081150
413420821,0,G01205,نیلا_دختر_پاییز,18083837
413435486,0,G01208,دخترزیبام,18085330
413451433,0,G01210,جفت_شش,18086705
413465170,0,G01213,_mpanah_79,18088029
413473991,0,G00674,faghatkhodaaeiiiiaa,18088442
413488999,0,G01218,ollllll,18090309
413506290,0,G03274,ezm1404,18091878
413555585,0,G01225,mehrita,18093566
413625762,0,G01230,haftkhat,18104429
413858838,0,G03298,سمانبتمیلامیبن,18129935
413869690,0,G03299,تاقانکممم,18131223
413876728,0,G02397,دختره_ی_بدشانس,18132012
413876910,0,G02397,ماهان110,18132012
413927642,0,G01251,مریم_گلی87,18137858
413927763,0,G03304,negiiinjooon,18137879
413928523,0,G03304,رزمانا,18137879
413934665,0,G01256,دختر_مامانمم,18138529
413936747,0,G03313,ش_م,18138837
413938097,0,G03317,marshmalooo,18138805
413938615,0,G01257,شااد,18139023
413939329,0,G03317,mah85,18138805
413941725,0,G01260,ششوشد,18139340
413944378,0,G01263,فردخت۲,18099973
413949119,0,G03330,نگارجون85,18140153
413954432,0,G01275,کاشمیشد,18140577
413956749,0,G02397,دختره_ی_بدشانس,18140471
413958022,0,G03337,سم_پاش_عصبانی,18140676
413960884,0,G02403,سازسرنوشت,18141547
413964125,0,G03340,khanm_m,18141901
413964760,0,G02969,rooniiii,18141990
413968504,0,G01283,مامان_فندوق۵,18142379
413972383,0,G01287,abbasi1991,18142809
413972763,0,G03349,میوعلیکم,18142801
413974668,0,G03350,ziizii72m72,18142626
413976459,0,G03352,گل_حسرت,18143332
413980052,0,G03354,setayesh1400,18142738
413980635,0,G01296,آیسااان73,18143761
413981689,0,G01296,آیسااان73,18143912
413985713,0,G01283,docharmm,18144433
413985873,0,G01283,مامان_فندوق۵,18144433
413986795,0,G01303,ninaritti,18144560
413988641,0,G01304,mahgol0,18144713
413990921,0,G01306,11artemis,18144880
thread_10182598_starter,0,G02413,nafsii,10182598
thread_10222994_starter,0,G03367,motimo,10222994
thread_10322275_starter,0,G01327,آیندمومیسازم,10322275
thread_10374263_starter,0,G01329,elahhhhh,10374263
thread_10379801_fatima24_1401/11/28 00:25,0,G02416,fatima24,10379801
thread_10379801_pegah00_1401/11/28 00:14,0,G02416,pegah00,10379801
thread_10393495_starter,0,G03370,mehrsaa23,10393495
thread_10410834_starter,0,G02413,nafsii,10410834
thread_10411494_روح_حیران_الدوله_1401/12/02 00:21,0,G03371,روح_حیران_الدوله,10411494
thread_10913873_بهاااار۷۷_1402/02/02 15:33,0,G03375,بهاااار۷۷,10913873
thread_10920848_starter,0,G03376,عرشیااااجوووون,10920848
thread_10929344_مامان_زهرا2_1402/02/04 15:03,0,G03377,مامان_زهرا2,10929344
thread_11034227_starter,0,G03381,setareh_mazyar,11034227
thread_11045364_starter,0,G01341,سونیا۱۲۳۰,11045364
thread_11210265_sogoli7279_1402/03/09 20:06,0,G01352,sogoli7279,11210265
thread_11258649_starter,0,G01354,محناتونم,11258649
thread_11308009_starter,0,G01356,fatima7148,11308009
thread_11355279_starter,0,G03387,2027fateme,11355279
thread_11417052_momy_deniz_1402/04/05 19:22,0,G01358,momy_deniz,11417052
thread_11421164_starter,0,G00095,مامان_نازیلا,11421164
thread_11428732_starter,0,G00095,مامان_نازیلا,11428732
thread_11508674_شاهپسرمی_1402/04/17 23:00,0,G01362,شاهپسرمی,11508674
thread_11521204_starter,0,G00124,5elijoooooooon,11521204
thread_11587309_starter,0,G03393,رستا3489,11587309
thread_11615324_starter,0,G01365,negar1998,11615324
thread_11658331_starter,0,G01370,بامزه_باقلوا,11658331
thread_11761771_starter,0,G03395,tdte5536fyf,11761771
thread_11855670_starter,0,G01380,melika_mother,11855670
thread_11956298_starter,0,G03403,darya88443,11956298
thread_12084168_جوجوطلا۵۳_1402/06/31 00:16,0,G01392,جوجوطلا۵۳,12084168
thread_12084168_سقزیااااااا_1402/06/30 23:41,0,G01392,سقزیااااااا,12084168
thread_12254105_دختــرشیــرااازی_1402/07/27 18:32,0,G03410,دختــرشیــرااازی,12254105
thread_12329536_starter,0,G03414,سانیرینسدت,12329536
thread_12488568_starter,0,G01413,borj,12488568
thread_12490703_سالادباسس_1402/09/14 08:04,0,G01414,سالادباسس,12490703
thread_12511452_starter,0,G01415,1419mah,12511452
thread_12558882_starter,0,G01566,fariba1367,12558882
thread_12584343_starter,0,G01418,6119lili,12584343
thread_12622997_starter,0,G03419,isvevieb,12622997
thread_12626461_starter,0,G01422,آفتابگردووونی,12626461
thread_12626461_ماه_تاریک_1402/09/24 20:13,0,G01422,ماه_تاریک,12626461
thread_12664279_starter,0,G01423,اسماااااان,12664279
thread_12729765_starter,0,G02431,fereshtehbano,12729765
thread_12767944_starter,0,G02432,ترااااااااااانه,12767944
thread_12779069_starter,0,G00156,پیتزااااتپووولی,12779069
thread_12837509_starter,0,G02434,fatemeham78,12837509
thread_12937930_starter,0,G01440,۸۰۰۹۱۸,12937930
thread_13024186_starter,0,G02436,نمیدونمچیبزارمازدستن,13024186
thread_13033480_starter,0,G00960,تاکنامان,13033480
thread_13083921_babre_maghroor_1402/12/01 23:58,0,G00576,babre_maghroor,13083921
thread_13084962_اقاقیا13_1402/12/02 02:33,0,G03423,اقاقیا13,13084962
thread_13100396_starter,0,G00861,aylllinjan,13100396
thread_13119720_starter,0,G01450,شاهده_بانو,13119720
thread_13126328_starter,0,G01452,چمچاره۲,13126328
thread_13158430_starter,0,G01456,66homa,13158430
thread_13215756_starter,0,G01461,sara5055,13215756
thread_13330577_starter,0,G01470,همتا۹۵,13330577
thread_13382485_starter,0,G01471,mt1997,13382485
thread_13401210_starter,0,G01452,چمچاره۲,13401210
thread_13648135_starter,0,G00332,mimbanoo,13648135
thread_13658744_starter,0,G00398,tayna22,13658744
thread_13681327_starter,0,G01503,gisookamandmaman,13681327
thread_13758742_starter,0,G01507,ninininirre,13758742
thread_13784977_starter,0,G00398,tayna22,13784977
thread_13790145_starter,0,G01508,آرامش۷۸۲۸,13790145
thread_13792458_starter,0,G01509,marym14,13792458
thread_13795820_starter,0,G01511,banoo12345,13795820
thread_13874574_starter,0,G01514,مینا۶۵۶۵,13874574
thread_13924111_starter,0,G00398,tayna22,13924111
thread_13950623_starter,0,G01522,eliii_1400,13950623
thread_14025896_starter,0,G01528,1380ss,14025896
thread_14030200_starter,0,G01530,الهه74,14030200
thread_14032585_starter,0,G01531,فاطمه_1400,14032585
thread_14033856_starter,0,G01532,کاربر_نینیسایت,14033856
thread_14074444_starter,0,G01536,fateme1909,14074444
thread_14101047_starter,0,G01538,میس_بلک,14101047
thread_14116034_starter,0,G01539,دخت_مینو,14116034
thread_14123256_starter,0,G03438,71_e_,14123256
thread_14274029_starter,0,G00424,سقوط۱۲۹۰,14274029
thread_14306709_starter,0,G01554,setarih,14306709
thread_14336386_starter,0,G01556,بهار۱۳۷,14336386
thread_14406341_starter,0,G01561,yashilsevgil,14406341
thread_14450109_starter,0,G01566,fariba1367,14450109
thread_14503463_starter,0,G02453,ثمين١٢١٣,14503463
thread_14508573_starter,0,G01573,mahi_1911,14508573
thread_14536564_starter,0,G01577,hivazhiyan,14536564
thread_14540540_starter,0,G01579,سماوخدا,14540540
thread_14581489_starter,0,G01584,alirezabhrb,14581489
thread_14635132_starter,0,G00470,غریبک,14635132
thread_14644222_starter,0,G02835,دختررررگل۷۶,14644222
thread_14651105_starter,0,G01588,انارمهربون,14651105
thread_14761518_starter,0,G00488,1321zari,14761518
thread_14768783_starter,0,G01596,سویلمم,14768783
thread_14816405_starter,0,G00398,tayna22,14816405
thread_14831228_starter,0,G00494,پرسفون_وان,14831228
thread_14835631_starter,0,G03451,غم_بی_پایان_من,14835631
thread_14846163_starter,0,G03453,___z,14846163
thread_14848107_starter,0,G01605,paniashahabi,14848107
thread_14859600_starter,0,G00499,m1364a,14859600
thread_14902370_starter,0,G03454,ماهیانو,14902370
thread_14998331_starter,0,G02455,مامانی_محمد_حسیننن,14998331
thread_15084278_starter,0,G01618,ninisafar,15084278
thread_15111010_starter,0,G03457,mahskin,15111010
thread_15128442_starter,0,G01624,yasiiii1380i,15128442
thread_15172215_starter,0,G00555,13marilyn,15172215
thread_15195485_starter,0,G01635,ماهتیسا_مازنی,15195485
thread_15221409_starter,0,G03458,75mah75,15221409
thread_15250810_starter,0,G01638,ariiiiijon,15250810
thread_15265941_starter,0,G01640,sharafy,15265941
thread_15284751_starter,0,G03459,sama11n,15284751
thread_15407174_starter,0,G01645,nazaniiin_banooo,15407174
thread_15445133_starter,0,G01648,خورشیدبانو۱۴۰۳,15445133
thread_15488247_starter,0,G01651,دخترچلگیسبهار,15488247
thread_15496846_starter,0,G01652,fatemeh_۱۳۷۲,15496846
thread_15563085_starter,0,G02461,fergal_,15563085
thread_15580398_starter,0,G00607,arghavan9567,15580398
thread_15631677_starter,0,G01667,آ۰رام,15631677
thread_15698699_starter,0,G01672,پریناز_مهربون,15698699
thread_15776780_starter,0,G01676,kit_kat1,15776780
thread_15857281_starter,0,G03468,mhdmmmmz,15857281
thread_15861502_starter,0,G01682,آیدا13681368,15861502
thread_15862474_starter,0,G02465,خرگوشمرغی,15862474
thread_15925701_starter,0,G01688,aahana32,15925701
thread_15992913_jani396_1404/01/26 08:47,0,G01698,jani396,15992913
thread_16035845_starter,0,G03473,پروانهk,16035845
thread_16036280_starter,0,G01703,fatiiiee,16036280
thread_16064919_starter,0,G01707,haaamtaaa,16064919
thread_16076340_starter,0,G01708,4321dela,16076340
thread_16102378_starter,0,G03475,الماسی_در_سایت,16102378
thread_16113514_starter,0,G01717,زندگی_در_رنگ_خوشبختی,16113514
thread_16175210_starter,0,G01727,کولربرقی,16175210
thread_16176651_starter,0,G01729,swffffffff,16176651
thread_16198400_starter,0,G03478,zahraooo00pp,16198400
thread_16203262_starter,0,G00742,00eshgh00,16203262
thread_16262030_starter,0,G02470,azinafas,16262030
thread_16263099_starter,0,G01753,sevda_wihte,16263099
thread_16272870_starter,0,G01739,zahsa,16272870
thread_16289345_starter,0,G01740,mamielenaaa,16289345
thread_16292255_starter,0,G01741,بانوی،ایرانی,16292255
thread_16293089_starter,0,G01742,haniiiiiii123,16293089
thread_16295930_starter,0,G00731,skyblue1056,16295930
thread_16308743_starter,0,G00835,shirintarazangabin,16308743
thread_16311060_starter,0,G01745,nemidounam,16311060
thread_16344874_starter,0,G01751,72helmaaa,16344874
thread_16345478_starter,0,G01752,نازگل_24_,16345478
thread_16356977_starter,0,G01753,sevda_wihte,16356977
thread_16379824_starter,0,G00742,00eshgh00,16379824
thread_16383563_starter,0,G02472,ملیکا۲۵,16383563
thread_16387430_starter,0,G00749,هووووووف1990,16387430
thread_16392413_starter,0,G03480,دنیز۱۳۷۷,16392413
thread_16396195_starter,0,G01755,hamideh04,16396195
thread_16424178_starter,0,G00960,تاکنامان,16424178
thread_16430418_starter,0,G00758,جانمr,16430418
thread_16431277_starter,0,G01760,tazevared11401,16431277
thread_16439269_starter,0,G01761,ELLA2,16439269
thread_16447571_starter,0,G00798,سبزیی,16447571
thread_16459599_starter,0,G01986,auhayyy,16459599
thread_16479773_بانوی،ایرانی_1404/04/12 21:38,0,G01741,بانوی،ایرانی,16479773
thread_16479773_مامانبرقی_1404/04/12 21:38,0,G01741,مامانبرقی,16479773
thread_16485128_starter,0,G01770,گل_گلدون۲,16485128
thread_16509795_starter,0,G01772,sodabehhhhhhhhh,16509795
thread_16533974_starter,0,G01777,hana3831,16533974
thread_16545448_starter,0,G02474,mahdokht1369y,16545448
thread_16548589_starter,0,G03482,ام_علی_,16548589
thread_16571722_starter,0,G02476,ستاره_ههه,16571722
thread_16617776_starter,0,G01789,simim68,16617776
thread_16647431_starter,0,G03483,گوندا_پرتغال,16647431
thread_16663424_starter,0,G00794,فاطمه_بانو۷۴,16663424
thread_16666595_starter,0,G01791,بابای_بچم_عشقه,16666595
thread_16668587_starter,0,G02478,dallli,16668587
thread_16672542_starter,0,G02479,samira_1380,16672542
thread_16699939_starter,0,G00758,جانمr,16699939
thread_16747183_starter,0,G03485,بالشتی,16747183
thread_16759143_starter,0,G01803,frahimif,16759143
thread_16763377_starter,0,G00798,سبزیی,16763377
thread_16768790_starter,0,G01805,mino72938,16768790
thread_16789567_starter,0,G00811,nszilaa70,16789567
thread_16844590_starter,0,G01741,بانوی،ایرانی,16844590
thread_16861240_starter,0,G03491,رزاش,16861240
thread_16864348_starter,0,G01817,sara17sara,16864348
thread_16866870_starter,0,G01818,farah70,16866870
thread_16902413_starter,0,G01822,lپریlas,16902413
thread_16936006_starter,0,G01823,mahsaم23,16936006
thread_16943508_starter,0,G01573,mahi_1911,16943508
thread_16971864_starter,0,G03492,sisi2024,16971864
thread_16975290_starter,0,G01827,elibano77,16975290
thread_17002943_starter,0,G01828,افتاب_گردان,17002943
thread_17020100_starter,0,G02355,مامان1حسین,17020100
thread_17031712_starter,0,G01831,0o0شکوووفه_گیلاس0o0,17031712
thread_17140773_starter,0,G01840,moon_baby,17140773
thread_17211576_starter,0,G02355,مامان1حسین,17211576
thread_17232189_starter,0,G00880,طناز20,17232189
thread_17264585_starter,0,G01856,ارغوان03,17264585
thread_17272394_starter,0,G03496,sisimnt,17272394
thread_17297575_starter,0,G02487,mmmary66,17297575
thread_17339756_starter,0,G01866,ماندانامامان,17339756
thread_17351135_starter,0,G03500,zozo1323,17351135
thread_17354657_starter,0,G01871,پوووهخخ,17354657
thread_17357376_starter,0,G01872,shahiman,17357376
thread_17365273_starter,0,G01874,qwertgfcvh,17365273
thread_17385384_starter,0,G03501,padmira123,17385384
thread_17387667_starter,0,G01876,یسنا_۷۹۴۱,17387667
thread_17418531_starter,0,G01881,9930484617,17418531
thread_17446016_starter,0,G01882,nafaaaaasam,17446016
thread_17454787_starter,0,G01886,کنارسیبی,17454787
thread_17462289_starter,0,G01888,zarinaaz,17462289
thread_17463388_starter,0,G02492,kolbe_jangal,17463388
thread_17463958_starter,0,G01889,گیلاس_قرمززز,17463958
thread_17466649_starter,0,G02493,سحر_جان,17466649
thread_17474264_starter,0,G02494,zhyra,17474264
thread_17475934_starter,0,G00740,الیناودیمن,17475934
thread_17477702_starter,0,G01891,آناهید_۲۱,17477702
thread_17479236_starter,0,G02495,خوشگلzخانمaشکمو,17479236
thread_17485268_starter,0,G03507,panahammmm,17485268
thread_17488300_starter,0,G01896,rahil1384,17488300
thread_17504974_starter,0,G01902,2narges13,17504974
thread_17525260_starter,0,G01909,niloo_23,17525260
thread_17551417_starter,0,G01916,the1_1boy,17551417
thread_17559745_starter,0,G01917,آتنه15,17559745
thread_17572090_starter,0,G00878,hadis_26,17572090
thread_17599397_starter,0,G01924,fatemeh821305,17599397
thread_17627324_starter,0,G00998,dara_delara,17627324
thread_17645973_starter,0,G01929,parisa313131,17645973
thread_17656049_starter,0,G01932,owjjjsss,17656049
thread_17665660_starter,0,G01935,گل_اندام_۸۴,17665660
thread_17666523_starter,0,G01936,آیه12352,17666523
thread_17668245_starter,0,G02355,مامان1حسین,17668245
thread_17702649_starter,0,G00998,dara_delara,17702649
thread_17703970_starter,0,G01831,0o0شکوووفه_گیلاس0o0,17703970
thread_17705262_starter,0,G01942,موناااااااااااا۷۷,17705262
thread_17714593_starter,0,G01946,sf444,17714593
thread_17717222_starter,0,G00856,ساراکاف,17717222
thread_17729577_starter,0,G03513,giso_kamand_,17729577
thread_17738682_starter,0,G01952,sinee,17738682
thread_17742977_starter,0,G01953,arshafar,17742977
thread_17752461_starter,0,G01955,بربادورها,17752461
thread_17769815_starter,0,G01952,sinee,17769815
thread_17792227_starter,0,G01032,سپید۱۳۷۶,17792227
thread_17813192_starter,0,G00935,مبیتی,17813192
thread_17848952_starter,0,G01975,chica0,17848952
thread_17858423_starter,0,G02501,mahania,17858423
thread_17890361_starter,0,G01986,auhayyy,17890361
thread_17920844_starter,0,G02792,ممدعشقم,17920844
thread_17945994_starter,0,G02000,خوشخنده۷۷,17945994
thread_17956029_starter,0,G02004,فرشته_هامm,17956029
thread_17968661_starter,0,G01090,بهاره1386,17968661
thread_17973162_starter,0,G02507,mamnkaren,17973162
thread_17977029_starter,0,G02013,دختریخی,17977029
thread_17982612_starter,0,G02016,tanaz747,17982612
thread_17986579_starter,0,G02020,گل_اطلسیم,17986579
thread_17992241_starter,0,G02029,sogol77ka,17992241
thread_18012047_starter,0,G03525,نازیلاجان,18012047
thread_18019725_starter,0,G02039,sa_m_18,18019725
thread_18022336_starter,0,G02041,گل_پونه۸۰,18022336
thread_18028954_starter,0,G03528,hanin0,18028954
thread_18033787_starter,0,G02049,شیرینی_جان,18033787
thread_18034586_starter,0,G02050,antheia,18034586
thread_18038870_starter,0,G02053,mamai12,18038870
thread_18039873_starter,0,G02054,hoseinzz00,18039873
thread_18041515_starter,0,G01162,j_a_na,18041515
thread_18045798_starter,0,G03531,floraldream,18045798
thread_18049840_starter,0,G01902,2narges13,18049840
thread_18058797_starter,0,G02062,hanggsisi,18058797
thread_18062713_starter,0,G01180,nn_z,18062713
thread_18063879_starter,0,G01760,tazevared11401,18063879
thread_18075029_starter,0,G02067,جوجونازنازي,18075029
thread_18076023_starter,0,G02068,b1385faezeh,18076023
thread_18077956_starter,0,G02069,maneli93rita,18077956
thread_18079151_starter,0,G03533,mmmm333333,18079151
thread_18083072_starter,0,G02516,2222bahar_naz,18083072
thread_18097781_starter,0,G02078,alia_al,18097781
thread_18102462_starter,0,G02079,princess_anneliese,18102462
thread_18106739_starter,0,G02081,farimam_m,18106739
thread_18132012_starter,0,G02397,دختره_ی_بدشانس,18132012
thread_18132125_starter,0,G03540,خانمـسعادت,18132125
thread_18138555_starter,0,G01296,آیسااان73,18138555
thread_18138891_starter,0,G02096,hamedcodm,18138891
thread_18139947_starter,0,G02105,roshad22,18139947
thread_18140508_starter,0,G03551,dream_reflections,18140508
thread_18141367_starter,0,G02108,میو۱,18141367
thread_18142809_starter,0,G01287,آرزوهام3,18142809
thread_18143618_starter,0,G02530,دختر_دمدمی,18143618
thread_18144457_starter,0,G02531,_lamionazin,18144457
thread_6044069_درانتظاربارداری_1399/12/17 23:39,0,G02120,درانتظاربارداری,6044069
thread_6157536_starter,0,G03560,mahyassss,6157536
thread_6220408_دختر_زمستون۱۳۷۵_1400/01/18 00:34,0,G01095,دختر_زمستون۱۳۷۵,6220408
thread_6337130_بالکبابی_1400/02/03 23:55,0,G02128,بالکبابی,6337130
thread_6373847_shahdokhttt_1400/02/09 03:21,0,G02130,shahdokhttt,6373847
thread_6373847_starter,0,G02130,زندگی_دوگانه_فرزانه,6373847
thread_6492563_starter,0,G02135,99delvin99,6492563
thread_6695265_starter,0,G02537,elirooooz,6695265
thread_6825402_starter,0,G02538,rey_79,6825402
thread_6945164_farzanebano_1400/05/07 16:35,0,G02141,farzanebano,6945164
thread_7215937_starter,0,G02149,shima292,7215937
thread_7251471_asheghe_baran_1400/06/23 14:39,0,G02153,asheghe_baran,7251471
thread_7251471_جوجوخرگوشه_1400/06/23 14:23,0,G02153,جوجوخرگوشه,7251471
thread_7251471_پديده2020240_1400/06/23 14:26,0,G02153,پديده2020240,7251471
thread_7338711_دخترمستقل_قوی_1400/07/06 01:37,0,G02155,دخترمستقل_قوی,7338711
thread_7380443_starter,0,G03575,یاس71,7380443
thread_7489230_starter,0,G02157,یکدوست_خوب,7489230
thread_7503258_مامان،حسینم_1400/08/03 13:37,0,G03579,مامان،حسینم,7503258
thread_7611913_سوفیام966_1400/08/22 13:51,0,G02159,سوفیام966,7611913
thread_7611913_سوفیام966_1400/08/22 13:53,0,G02159,سوفیام966,7611913
thread_7611913_سوفیام966_1400/08/22 14:02,0,G02159,سوفیام966,7611913
thread_7650399_starter,0,G03580,نیلوفرحسینی,7650399
thread_8130945_مامانl_1400/11/22 21:57,0,G03586,مامانl,8130945
thread_8169380_موهیتو_خوشمزه_1400/11/29 14:09,0,G02168,موهیتو_خوشمزه,8169380
thread_8180526_ياس۶۶۷۷_1400/12/01 12:44,0,G02542,ياس۶۶۷۷,8180526
thread_8209187_starter,0,G02170,ایلدیز۲۵,8209187
thread_8367373_مادرجانیم_1401/01/05 02:28,0,G03591,مادرجانیم,8367373
thread_8548684_ژالبن_1401/02/06 08:00,0,G03595,ژالبن,8548684
thread_8570985_تاااارا_1401/02/10 04:10,0,G03596,تاااارا,8570985
thread_8622569_همیشه_غمگین_1401/02/19 05:04,0,G02179,همیشه_غمگین,8622569
thread_8668375_starter,0,G02180,egekhanom,8668375
thread_8676042_بارانشونم_1401/02/28 14:43,0,G03598,بارانشونم,8676042
thread_8704641_ane7814_1401/03/02 09:33,0,G02181,ane7814,8704641
thread_8704641_دخترباهوش2000_1401/03/02 09:36,0,G02181,دخترباهوش2000,8704641
thread_9314785_starter,0,G02543,مهسسسا,9314785
thread_9345142_starter,0,G00004,دلنازم,9345142
thread_9428877_مرسده2mersedeh_1401/07/07 17:38,0,G03609,مرسده2mersedeh,9428877
thread_9499929_starter,0,G01341,سونیا۱۲۳۰,9499929
thread_9499929_مامان_امیر؟؟؟؟_1401/07/21 20:36,0,G01341,مامان_امیر؟؟؟؟,9499929
thread_9637429_starter,0,G02202,شیرین_خانم1994,9637429
thread_9652473_starter,0,G02204,zari_hf,9652473
thread_9675131_حسناامیدم_1401/08/22 22:43,0,G03613,حسناامیدم,9675131
thread_9686580_starter,0,G02205,مهنااز,9686580
thread_9808501_starter,0,G00015,shoroogh,9808501
thread_9822791_ati9998_1401/09/15 09:14,0,G02212,ati9998,9822791
thread_9822791_starter,0,G02212,sabafa,9822791
thread_9822791_عاشقصورتی_1401/09/15 09:29,0,G02212,عاشقصورتی,9822791
thread_9825032_starter,0,G02213,shokol,9825032
thread_9902946_starter,0,G02216,shsharifeh,9902946
thread_9919084_دینامت2_1401/09/28 22:30,0,G02217,دینامت2,9919084
thread_9993961_starter,0,G03621,aslasl12,9993961
253153415,1,G00007,darya2000,9421006
254564444,1,G02222,am25,9487391
255921942,1,G00012,a1s3m7a7,9543309
258094665,1,G00178,عاشق_همسرمم,9636390
258280572,1,G00019,imdarya,9644221
258281682,1,G00019,خانم_یویو_سابق,9644221
259250612,1,G02562,fateme_hmj,9685271
261678959,1,G02567,فاطمه_از_دیار_عشق,9788853
262385462,1,G00022,e9,9819353
267086338,1,G00030,elaheh__r,10021094
267262484,1,G02226,10m4m80,10029775
267767458,1,G00033,۲۲دی,10050670
268458841,1,G02570,گیلدا222,10077903
270638685,1,G02574,julia_8323,10182960
270638842,1,G02574,i_am_using_ninisit,10182960
272388121,1,G02577,hcysdongfsfobc,10265916
272388740,1,G02577,گل_مجلستون_اومد,10265916
274601464,1,G00046,zandge,10368325
274674125,1,G00047,sh_en,10371550
277331416,1,G01442,گوشبل,10486213
277331582,1,G01442,یسناااااااا,10486213
278215477,1,G02585,هایدی۹۹,10524769
278633682,1,G00057,هعیییی2,10542869
278640704,1,G00057,روحپاک,10542869
280457835,1,G02589,پاستیل_شکری,10621337
282666403,1,G00063,آکچا,10718439
284927360,1,G00065,elham5780,10819472
285475006,1,G00067,بهاار_نارنج,10843934
285476011,1,G00067,omika,10843934
285957632,1,G02231,_bahar_98,10865309
285958039,1,G02231,ewti,10865309
286466009,1,G02596,malakehhhhhhhhh,10887773
287252082,1,G02233,mahdieh784,10923600
288108932,1,G02602,دختر،شاه،پریونم۷۳۷۶,10962717
288473882,1,G02603,o_o,10979761
288780924,1,G02604,kiaweee,10994269
289278586,1,G00075,maryaaaammm,11016735
289837331,1,G00077,سبزآبي555,11042115
292565904,1,G02610,خزان_نگار,11169007
292566474,1,G02610,باهاناز,11169007
294021307,1,G00083,rokhsareaaaaam,11235892
294021601,1,G00083,rokhsareaaaaam,11235892
294911042,1,G02237,ahooooooooo,11276301
296200405,1,G00075,maryaaaammm,11336752
296791668,1,G00090,mmmmnm,11364569
296975563,1,G00092,homabanoo,11373237
297009293,1,G00093,توتفرنگی0_0,11375089
297263785,1,G02619,ghasedak77,11387365
297716783,1,G00094,aylin_81,11408921
299861162,1,G02627,مامان_کوچولو16ساله,11512575
300400566,1,G02628,ملورین60,11539363
302013232,1,G00103,حانیه3028,11615575
304411872,1,G00107,نخودفرنگییی,11732101
305127935,1,G00110,پرشوکا,11767184
307398355,1,G02639,۱۲۳۴۵caren,11888041
307439755,1,G00123,تارادیس_بانو,11890568
307992600,1,G00127,mmmmmnm,11919594
307993037,1,G00127,mmmmmnm,11919594
308144587,1,G00128,بیهتر_یوروغلو,11927821
309128872,1,G02644,زهرااااااااامم,11977929
309574973,1,G00138,zahra_sunflower_23,12001823
309575154,1,G00138,zahra_sunflower_23,12001823
310547458,1,G00142,احاطه,12047899
310984490,1,G02649,آشناآشنا,12074534
312439872,1,G00146,یلدا_2520290,11942739
314607530,1,G00151,kaaktus64,12274794
315614530,1,G02658,__hasti_,12330113
315618375,1,G02658,masi8120,12330113
315669813,1,G00157,nedajon,12333689
316700304,1,G00163,مامان_کوچک_خان,12389623
318323892,1,G02665,شاینااا,12477488
318458841,1,G00171,goneshhh,12485106
318805006,1,G00173,پوریاسمین,12504859
319255785,1,G00175,سمانهaaa,12531318
319257023,1,G00175,zahrasss333,12531318
319326534,1,G02249,zooyaa,12535351
319420017,1,G00177,مربای_بابا,12540786
319550343,1,G00178,عاشق_همسرمم,12547926
320094015,1,G00182,دخترپاییزیم,12577113
320099321,1,G02671,بزودی,12577367
320187542,1,G02672,بانوی_اول_نینی_سایت,12582321
320312812,1,G00186,nazisima,12588799
320508220,1,G00186,rahamilad,12588799
320713781,1,G00189,اسماشونم،,12609939
320718138,1,G02676,fat111,12610125
320873049,1,G00530,آبجی_خانوم,12618321
321129927,1,G02251,شمیم۲۲,12632006
321773819,1,G00110,پرشوکا,12668394
321775493,1,G00110,ماری587,12668394
323054408,1,G02686,ساراجووونننن,12742367
323206077,1,G00200,مهریماه79,12394880
323450711,1,G00201,اغراق_آمیز,12765903
323998752,1,G02689,نرجس73,12796489
325536984,1,G00209,samira33kj,12880533
325891005,1,G01442,یسناااااااا,10543131
326910515,1,G00222,خیاطماهرم,12958134
328075987,1,G02702,mafya2,13022204
328150191,1,G00230,janghkolpo,13026442
328235217,1,G02703,mahsaaaaaaa74,13031241
328360017,1,G02256,یک_تکه_نان,13038418
328384635,1,G02257,نوشین۱۳۶۸۰۸۱۳,13039493
329040475,1,G01442,یسناااااااا,13077312
329040830,1,G01442,مامان_تمشک_کوچولو,13077312
329055981,1,G00235,خییارمجلسی,13078086
329548406,1,G00372,nfahime,13106295
330073876,1,G00240,tanhaaa3,13135383
330732392,1,G00247,پاییز99,13170997
330775486,1,G00248,رایکالانتوری,13173320
330864451,1,G01457,goli1377joon,13177898
331153499,1,G00250,qahveshirin1364,13194077
332537326,1,G02719,kpmhh_bhgvbh,13271637
332606419,1,G00263,opsops,13275955
332927003,1,G00265,sani67ii,13294245
332927510,1,G00265,skotland,13294245
333855122,1,G00269,ooolabkhandooo,13348616
333972154,1,G01442,یسناااااااا,13354689
334050236,1,G00269,ooolabkhandooo,13348616
334342040,1,G02723,مامان_فندوق،کوچولو,13375545
335032875,1,G01480,دلیآر,13414985
335460094,1,G00284,0انارگل0,13439000
336152400,1,G00294,_danzheh_,13477812
336161298,1,G00295,رهاعشق,13478193
336161322,1,G00295,ooooosaman,13478193
336715197,1,G00312,maryam_21,13482638
337140229,1,G00311,ananasi8855,13531729
337288415,1,G00312,maryam_21,13482638
338271545,1,G02266,دلشکسته_ناامید,13595515
338278016,1,G02738,bahar6612,13595800
338604901,1,G00327,مهربانوووم,13613888
338775912,1,G02267,بلوچی۲,13623084
338895904,1,G02739,کارن۷۹,13629595
339220218,1,G00327,مهربانوووم,13613888
339392745,1,G02746,74shaaaadiiii,13656701
339405295,1,G02747,53,13657291
340078109,1,G00338,آرزوی_زیبا,13694376
340276822,1,G02750,fatemehh928,13705817
340948457,1,G00343,im_zahra_a,13746966
341383559,1,G02759,بارون_بهار_شیراز,13773010
341964163,1,G00351,s_world_s,13806779
342116292,1,G00352,cheshm_asaly,13815504
342328487,1,G02769,marem,13828933
342713285,1,G00365,momi_arsha,13850777
342713435,1,G00365,amanda_w,13850777
342714491,1,G00365,paeizijooon7371,13850777
343527077,1,G02774,مامااااننننن,13898079
343916868,1,G02778,مامان_مانلی_و_نیما,13915927
344045737,1,G02274,بوردوک,13928911
344053253,1,G02274,روح_آنابل2,13928911
344062764,1,G00372,nfahime,13930006
344063920,1,G00372,mina6572,13930006
344163685,1,G00374,sanauz,13936018
344226864,1,G02782,elena1234,13939856
344369267,1,G00376,پرایدسفید,13949166
344569507,1,G00377,violet14,13961826
344900800,1,G00379,elodie,13981618
344993204,1,G02787,صوفیالره,13987494
345141940,1,G00382,دماوند1,13996500
345364070,1,G00387,موور,14010714
345393591,1,G02778,مامان_مانلی_و_نیما,13992614
345800304,1,G00391,بهار۶۸,14037807
345813835,1,G02791,ریحان_مامان_مهدی_جان,14038558
345836157,1,G00392,fazi74017401,14039810
345836452,1,G00392,بانوی_عشق,14039810
345837983,1,G00392,love_allah7,14039810
346198084,1,G00395,راحیلمامان,14063394
346558171,1,G00399,foreveralone,14083632
348008600,1,G00235,خییارمجلسی,14172599
348009903,1,G00235,شی_گل,14172599
348056220,1,G00413,amirmehdii,14177986
348920130,1,G02805,fereshte1717,14236175
349143519,1,G02807,نظرکرده_خدا,14250672
349342500,1,G02808,1eli1375,14261880
349974496,1,G02811,عروسک۱۳۶۹,14297603
349997903,1,G02812,pareparvazman,14297373
350003809,1,G00428,khanomeekhoone,14299273
350410455,1,G00430,shadi5357,14321590
350853418,1,G02816,نيلوفر١٥٣٧٢,14347100
350876189,1,G00434,نففففففففففسس,14348409
351334385,1,G00436,مونیn,14374371
351380809,1,G00437,جانان_طایی,14376896
351877726,1,G01560,سرینا_,14406030
352931621,1,G00446,پرهاااام,14468110
352931641,1,G00446,خروس_قندی_من,14468110
352945310,1,G00446,bibliophile,14468110
353324171,1,G00450,ثنا_ثنایی,14491895
353408482,1,G00451,elinaaaaa77,14497382
354063237,1,G00382,دماوند1,14537089
354948423,1,G02832,شیربرنجتون,14591598
355001607,1,G00466,حسنا_میرزایی_,14594945
355003114,1,G00466,mahtab888871,14594945
355164671,1,G00468,fattme,14547427
355362046,1,G02833,۱۱۲۲۳۳۴۴۵۵۶۶۷۷۸۸۹۹,14616215
355615811,1,G02284,mahi2024,14164009
355937151,1,G02286,3227negar,14650585
355974987,1,G01589,محدثجان,14652770
356134022,1,G02288,سحرگاه,14662777
356277563,1,G02290,علیعرفان,14671055
356720854,1,G00481,مهربانو1371,14700299
356941352,1,G02841,کیک2قلو,14714134
356959186,1,G00483,sarvaram,14715381
356961583,1,G00483,لیلیوممرداب,14715381
357132305,1,G00484,samaneh__74,14725950
358526430,1,G00491,ستاره_خاموش_تنها,14805085
358668052,1,G02294,aysoo_0,14813168
358985772,1,G02846,ناشناخته۱۱,14830581
359105333,1,G02847,چرالغوکاربریشدم,9672981
359345321,1,G00498,دل_غمگین,14850142
359816527,1,G00505,گوجه_سبزتونم,14875819
359817901,1,G00505,کمندگیسو۱۲,14875819
360065484,1,G02853,محب_المهدی,14889250
360580404,1,G00514,rahil1046,14919753
360580456,1,G00514,74sogand,14919753
360876957,1,G02856,آلبالو_خانوم_زرنگ,14902831
362010333,1,G00524,ریحانه۱۲۳۴۵۶۷۸۹,14999847
362690595,1,G00530,آبجی_خانوم,15036705
362787764,1,G02863,sas1370,15042181
362941413,1,G02865,نفاخ,15050124
363393275,1,G00537,arezo۱۵,15074965
363521844,1,G02872,آرام۰۲,15081768
364674591,1,G00546,negar966,15143786
364864337,1,G00550,بارانوخورشید,15154059
364879796,1,G02876,maryyyy,15154436
365037540,1,G00446,خروس_قندی_من,15164127
365634440,1,G02879,cookie_80,15199592
365750504,1,G02305,چوتااللتنن,15206348
365904132,1,G00560,السا__,15215416
366106309,1,G02881,معمای_قلب_من_۱,15227153
366372497,1,G00563,جوکرمونث,15241419
366381981,1,G00564,گیتاااااااا,15242079
366436882,1,G00566,yegan78,15240229
366469726,1,G00843,elham_kk,15246655
368119796,1,G00570,esharam,15341767
368153749,1,G00571,marmar1370,15343421
368301737,1,G02890,sowgoli,15352885
368980273,1,G00571,shokoofehhh,15343421
369896253,1,G00587,معمارجان,15413893
370036626,1,G00589,کلمپهههههه,15455622
370148436,1,G02899,ms71797179,15461741
370327493,1,G02308,همیم,15472258
370497498,1,G02901,o_z1373,15482100
371022829,1,G02904,sharbatalbalooo,15512676
371513146,1,G02905,دخترپرسپولیسیی,15542661
371518193,1,G00602,zara___64,15542051
371803967,1,G00605,asalljon,15560132
373449486,1,G00613,ساکت۱۳۶۰,15663155
374420518,1,G02312,ایکاروس۵۶,15718908
374471484,1,G01603,counsellor,15726328
374719687,1,G00629,بشه_منه_فداش_بشم_منه,15740901
374887476,1,G02919,خوش__خبر,15750973
374922380,1,G00175,شمعدونی۱۳۹۷,15752918
374922912,1,G00175,سمانهaaa,15752918
374990999,1,G00634,barannnnnn3,15756959
374991745,1,G00634,barannnnnn3,15756959
375901608,1,G00644,دختربلورین,15811061
376577989,1,G02923,فندینیوکاسل,15852719
377210265,1,G02925,دلــآدام,15891422
377402296,1,G01685,khepeli,15903584
377508370,1,G02928,بهارمحمدی85,15910684
378156330,1,G02930,masiiii77,15952292
378655316,1,G02933,صعندی,15981839
379656337,1,G02936,نرگسخانممم,16041830
379946879,1,G02317,ملک۷۶,16059217
380872414,1,G02946,آتروپات,16117566
380873897,1,G02946,meloron23,16117566
380996754,1,G02947,باابوالفضل,16125693
381206204,1,G00692,۱۹۵۳,16138103
381301799,1,G00695,aysi1375,16144470
381578952,1,G02953,chesh_sefid,16161818
381603722,1,G00703,binamoneshoon,16163181
381891157,1,G02956,nizaa,16181082
381956351,1,G02957,مرسانا۱۳۷۲,16185032
381978144,1,G00702,_nanani,16186409
382055377,1,G00703,951951,16163181
382068951,1,G00703,bibisetareh,16163181
382153331,1,G02321,نالبزدنازب,16197226
382262392,1,G02322,نازدونناز,16204027
382717062,1,G02962,mmmmm1372,16231501
383055366,1,G00720,goliemadarm,16253398
383055415,1,G00720,اسفندطلایی,16253398
383135389,1,G00721,اکورپکور,16258352
383135467,1,G00721,marish244,16258352
383171368,1,G00722,mim_ha,16260556
383183076,1,G02953,chesh_sefid,16261278
383263226,1,G00727,limofelfeli,16266205
383269532,1,G00727,limofelfeli,16266205
383553148,1,G01747,گل_خاری,16268272
383571284,1,G00729,مرحوم_بروسلی_ام,16284896
383572257,1,G00729,maneeeeliiiiii,16284896
384114751,1,G02972,بهارخانوم84,16317582
384131366,1,G01746,گوطلا۶۶۵۵,16318303
384253292,1,G00736,artyy9726,16325913
384557453,1,G02975,mbjkk,16343988
384612553,1,G00739,مینو_هفتادویک,16324959
385334614,1,G00750,سپیدار01,16388747
385437153,1,G02329,invincible_z_r,16394765
385659332,1,G00754,مهشید_زن__ابی,16405698
385668599,1,G00755,دخترزمستانی۱۴۰۲,16409969
385893033,1,G00756,دخترچشم،مشکی,16419964
386545733,1,G01766,دلی_جان,16462609
386923113,1,G02333,bra00,16484432
387719225,1,G02990,بهارامیدزندگی,16496449
389467576,1,G02998,دلیشونم,16633137
390447073,1,G03004,13narges64,16693013
390844989,1,G03007,starss,16716124
391218758,1,G00806,skyvf,16739681
391396419,1,G02738,bahar6612,16750541
392181431,1,G03011,آووکادویم,16796675
392719680,1,G00817,خداجونفقطخودت,16829424
392720745,1,G00817,نان_قندی_زعفرونی,16829424
392935298,1,G02649,آشناآشنا,16842599
393887594,1,G00382,77mohiiii,16901160
393889015,1,G00382,دماوند1,16901160
395326905,1,G00843,elham_kk,16990773
395411876,1,G02930,masiiii77,16995590
395490781,1,G00844,مامان_حسین_و_علی,17000344
395720471,1,G03028,آرمیتا_بانو,17013796
396266542,1,G00844,مامان_حسین_و_علی,17045882
396592260,1,G00852,غمگینی,17065069
396859053,1,G00853,کولیک,17081132
396874219,1,G00854,مریمییی۷۶۸۳,17082001
396887263,1,G01836,saagharri,17082705
397069057,1,G00857,ifz,17093652
397278149,1,G00858,sogol8992,17096962
397359131,1,G00860,mahitan,17070576
397470448,1,G03038,شکوفه_بهاری_ناز,17118620
397710897,1,G00865,niloo_bala1992,17130976
398547706,1,G00870,آیدا8947,17187263
398739842,1,G02349,پرنیانparnian,17199661
398750204,1,G02349,bahare594,17199661
398935208,1,G00874,سپهر۱۵,17212026
398998685,1,G03046,دختر_بهار_ف,17216206
399964509,1,G01070,حال_خوب_هم_باشیم,17278931
400052550,1,G00888,مادر_کوروش_کبیر,17285054
400066243,1,G00889,parpar70,17286060
400136830,1,G00890,سحر۹۹۰,17290778
400316145,1,G03057,ttannazzzz,17301919
400323089,1,G03058,سوئیتر,17302377
400447650,1,G03062,متولدشدهدرسن۴۰سالگی,17309871
400724477,1,G00898,f_zr,17327615
401125571,1,G00909,zinab1381p,17352367
401142027,1,G01870,asalhastam0,17353407
401347774,1,G03058,سوئیتر,17367202
401636590,1,G00918,zahra727170,17385643
401639781,1,G03071,qmarya,17384644
401783083,1,G03073,شبگرد002,17394595
401889669,1,G03080,shahlataji,17395764
401998288,1,G00922,مریم_60,17408590
402204178,1,G00925,پرییییم,17421742
402330140,1,G00929,مامانجون،سیدعلیرضا,17429898
402397903,1,G00930,مامانانی,17433942
402460515,1,G00931,somiiiiiiiii,17437985
403066840,1,G03089,سبزقناری,17475804
403155257,1,G00939,miirayyy,17481156
403176088,1,G03091,به_سوی_خوشبختی,17482582
403198264,1,G00930,مامانانی,17480824
403209929,1,G02357,esgghetaaaaaam,17484609
403371080,1,G03097,مامانارغوانوفرحان,17495074
403376602,1,G00942,1349architecture,17415100
403463015,1,G03098,18sna,17501115
403475369,1,G03099,sستارهs,17501958
404037288,1,G00970,اونورآب,17537911
404078181,1,G03104,حسنا۶۵۸۴,17540302
404095273,1,G00957,arabanoo,17541505
404518882,1,G03109,شب_روشن,17567697
404521893,1,G00294,_danzheh_,17567679
404728930,1,G03111,کدوگردالی,17581610
404728943,1,G03111,diana1401,17581610
405005979,1,G00970,اونورآب,17599717
405802678,1,G03119,sanazi1372,17649039
405919454,1,G01931,افراء,17656048
406011598,1,G00979,asalbanoosham,17661448
406039731,1,G00981,smirabb,17662967
406365992,1,G00990,nazly_543,17680465
406373508,1,G00990,rahimimj,17680465
406574756,1,G03128,01nargesi,17690170
406840792,1,G01000,shilllla92,17703299
406865158,1,G03130,santamary,17704647
407172979,1,G01003,ماریاولی,17721032
407174797,1,G02362,کیجا۱۳۱۸,17721078
407303034,1,G01008,بابونهگل,17728247
407332898,1,G01009,بهترم,17729978
407626768,1,G02365,mmrmm,17745569
407655593,1,G01011,shatott60,17747320
407788028,1,G01285,elfoo_d,17754422
407794699,1,G00929,مامانجون،سیدعلیرضا,17754870
407970553,1,G03146,maral_66,17764777
408267397,1,G01020,sivaaaaa,17782360
408654047,1,G01034,marym77777,17805774
408688967,1,G01034,marym77777,17805922
408708781,1,G01035,خواهر_نی_نی_یار_شب,17808783
408913303,1,G00587,معمارجان,17815652
408954436,1,G01046,مامانمورچه,17823740
408956627,1,G03155,mmjjhh,17823936
409253955,1,G03159,برق_بیآ_منو_بگیر,17840516
409544388,1,G03162,مقوارنگی,17856655
409549931,1,G01008,مامانامهراد,17856979
409551727,1,G01008,باگت,17856979
409791608,1,G01996,hosnad74,17870637
409944214,1,G01980,سیاچومی,17879450
410469851,1,G01070,حال_خوب_هم_باشیم,17909038
410521520,1,G01071,marzieh123,17912028
410580228,1,G01073,anaka,17915533
410597643,1,G01074,لیبی۶۶,17861980
410600400,1,G01074,لیبی۶۶,17916700
410902729,1,G03168,آرامشم1,17933568
411200381,1,G00200,مهریماه79,17929108
411324218,1,G01082,niko61,17952481
411412208,1,G01084,اعلانهای_من,17963178
411503128,1,G03171,tanin79m,17968200
411582935,1,G03173,_2027moon,17972787
411591159,1,G01087,جوجه_طلایی_,17973177
411681896,1,G03177,64niniya,17977419
411687631,1,G03179,تهرانم,17978098
411738880,1,G01098,tatiana1400,17981399
411740502,1,G01098,peyman_khaleghi,17981399
411747008,1,G01098,__متغیر__,17981399
411771396,1,G03184,قندونعسلی,17983257
411863647,1,G01106,ani8203,17987960
411881410,1,G03189,آلاوهیرا,17988913
411884259,1,G01109,خانوممم_خاص,17989062
411930558,1,G03192,anitaاصالتاهلندی,17991590
411950331,1,G02199,مامان_سونیا1,17992827
411993613,1,G03179,تهرانم,17995335
412047811,1,G03201,اورلیوس,17998651
412065108,1,G02032,fazirazi,17999676
412067550,1,G01123,زن_جومونگم_بجزسوسانو,17997455
412258679,1,G01133,خوشگل_خانوم_اقامون,18010520
412274475,1,G01135,girl_bad,18011468
412282662,1,G01136,maleka_a,18011919
412335244,1,G01139,baghlavaaaaaatorki1,18014893
412359429,1,G03213,ستاره۱۵۷۷۶۸,18016318
412385741,1,G00382,دماوند1,18011604
412498969,1,G03218,فریبرز_باغ_بیشه,18024419
412552652,1,G01153,زن_مولانا_هسدم,18027345
412846864,1,G01165,m__nasim,18043857
412864390,1,G01167,zahraaaakhatooon,18044860
412920963,1,G03237,یروزخوبیروزبد,18048158
412941207,1,G03239,jananeکاربرقدیمی,18049335
412975094,1,G01173,بهار۶۹,18051093
413072167,1,G03246,شومانا,18056757
413107989,1,G03250,الیسیا,18058661
413113203,1,G01173,سارا(مامان_سه_ویرانگر),18051093
413113495,1,G01173,mini_i,18051093
413182331,1,G01182,anaahid,18063181
413218743,1,G01185,nazaafarin,18064923
413276977,1,G01190,جوجه_رنگی_زرد,18068382
413315584,1,G01192,تیام۱۳۷۲,18070406
413326063,1,G03261,rominoo,18062276
413382183,1,G01198,ehsandark_pk,18079648
413389173,1,G01200,moonlight_a,18079785
413403598,1,G01204,arezoo__sky,18082288
413447606,1,G01209,به_جون_ننم,18086470
413486404,1,G02391,mahyaaa314,18072610
413492685,1,G03272,abcdif,18084630
413503671,1,G01220,opium,18091271
413550009,1,G03276,ladan_mashhad,18095997
413598409,1,G02394,حنایی77,18031178
413598944,1,G02394,bayahiti,18031178
413604549,1,G01228,sisiliiiiii,18101804
413646029,1,G01233,baran9675,18107023
413670626,1,G03280,sahhar77,18109404
413686743,1,G01234,بانوی_سرخ_سابق,18111334
413717198,1,G03285,تیرماهی_۷۹,18114274
413744236,1,G02456,yasna_valetin,18116792
413756359,1,G01243,asallbanooooo,18118440
413792205,1,G03291,مهانه,18120480
413837632,1,G02396,سمیراممممممم,18127296
413837638,1,G02396,679mahsaaa,18127296
413848969,1,G03296,آلینا79,18128171
413857709,1,G03297,خانوم_دکترتونم,18129899
413927806,1,G03305,یاسیلی_بالا,18137703
413940760,1,G01259,جوجه_کاکولی,18139199
413947437,1,G02104,جیکوو,18139912
413948196,1,G03327,کاربر93,18140140
413952156,1,G01272,lili_khanom80,18140619
413953041,1,G01273,_هیچ,18139344
413953581,1,G02401,دختر_خجالتی,18138910
413954837,1,G01276,پریسا_۲۰,18140044
413956566,1,G03334,پشمای_لیزرنشده,18141020
413959650,1,G03334,پشمای_لیزرنشده,18141454
413962006,1,G01278,shirinn07,18141689
413962301,1,G01278,ملورین۷۸,18141689
413962705,1,G02406,770maryam_13,18140176
413965985,1,G03342,zendegl,18142037
413968469,1,G01282,زینب_بانوووو,18142361
413971233,1,G01285,elfoo_d,18142034
413972004,1,G01286,nnir8838383,18142365
413975757,1,G03351,بهارممممم۱,18142542
413978032,1,G02408,پروانه765,18143543
413981873,1,G03192,anitaاصالتاهلندی,18143953
413981961,1,G03356,سورمیلینا,18143913
413983169,1,G01299,zznb,18143878
413984834,1,G01300,samaneh_2007,18144329
413987306,1,G01285,khosro1367,18142034
413987913,1,G03359,نفس۹۱,18144015
413992452,1,G02410,yasii86,18145185
413994055,1,G01308,عشق_هاچبک,18145258
thread_10050737_starter,1,G03363,دلژینم,10050737
thread_10066266_starter,1,G01311,صادبانو,10066266
thread_10162254_زندگی_خییلی_قشنگه_1401/10/29 22:44,1,G01315,زندگی_خییلی_قشنگه,10162254
thread_10162254_مامان_نیماجوجه_1401/10/29 22:40,1,G01315,مامان_نیماجوجه,10162254
thread_10172881_پریا۱۳۰۰_1401/11/01 12:16,1,G03365,پریا۱۳۰۰,10172881
thread_10275811_starter,1,G01323,نونشکلاتی,10275811
thread_10297607_badomnini_1401/11/17 13:27,1,G01324,badomnini,10297607
thread_10314630_starter,1,G03368,maylovelyboys,10314630
thread_10368237_wetdh_1401/11/26 17:05,1,G01328,wetdh,10368237
thread_10448788_starter,1,G03372,ghezi_khanoom,10448788
thread_10480822_starter,1,G01331,sa6767,10480822
thread_10542869_starter,1,G00057,skarbarninisitesss,10542869
thread_10602523_starter,1,G01332,fa8vv,10602523
thread_10774335_starter,1,G01338,آهوانه,10774335
thread_11052815_starter,1,G01343,babesfanjouli,11052815
thread_11082963_starter,1,G01345,سیدخانومی,11082963
thread_11092987_starter,1,G01346,شکوفه۱۳۷۷,11092987
thread_11157196_sanaz718_1402/04/04 22:00,1,G01349,sanaz718,11157196
thread_11157196_سیما298_1402/03/03 00:10,1,G01349,سیما298,11157196
thread_11203110_mambardia_1402/03/08 21:34,1,G03385,mambardia,11203110
thread_11235567_starter,1,G02422,qazalnazi67,11235567
thread_11322121_starter,1,G03386,m7677,11322121
thread_11430239_گوفی_goofy_1402/04/07 16:25,1,G03390,گوفی_goofy,11430239
thread_11550424_aradjoooooni_1402/04/23 10:28,1,G01364,aradjoooooni,11550424
thread_11702876_starter,1,G01372,zahram90,11702876
thread_11762214_starter,1,G03396,najvayedel,11762214
thread_11764937_starter,1,G01375,مامانعین۳۴,11764937
thread_11818127_starter,1,G01377,behradmom,11818127
thread_11868913_starter,1,G01381,تپلی04,11868913
thread_12001823_starter,1,G00138,zahra_sunflower_23,12001823
thread_12080880_starter,1,G03407,فاطیما۷۸۹۸,12080880
thread_12088170_saharr_bano_1402/07/01 20:37,1,G01394,saharr_bano,12088170
thread_12088170_starter,1,G01394,اااااااااااالهام,12088170
thread_12132086_starter,1,G03408,hre,12132086
thread_12335936_05mahnaziiii_1402/08/08 13:31,1,G01404,05mahnaziiii,12335936
thread_12337937_اشپزخونه_1402/08/08 19:07,1,G03415,اشپزخونه,12337937
thread_12444504_starter,1,G01410,ساراا۹۰,12444504
thread_12447056_panah_ir_1402/08/26 08:18,1,G03417,panah_ir,12447056
thread_12448534_starter,1,G02428,kosha12,12448534
thread_12481148_starter,1,G01412,_123maral,12481148
thread_12540786_starter,1,G00177,کریستالی,12540786
thread_12540988_z77بهار_1402/09/11 13:34,1,G03418,z77بهار,12540988
thread_12618321_starter,1,G00530,leylaomidi,12618321
thread_12639999_starter,1,G01606,آلما_سیب,12639999
thread_12689943_starter,1,G01424,maman_gogeh,12689943
thread_12691114_starter,1,G01426,دلارام۱۳۲۱,12691114
thread_12694984_starter,1,G03420,شاهررررررررخ,12694984
thread_12769459_starter,1,G02433,نفس_گلی_۱۲,12769459
thread_12771315_ثنا_ثنایی_1402/10/16 19:09,1,G00450,ثنا_ثنایی,12771315
thread_12800283_starter,1,G01431,mze1375,12800283
thread_12804932_starter,1,G00514,74sogand,12804932
thread_12811887_starter,1,G01433,مامان_دوقلوهاy74,12811887
thread_12852228_starter,1,G01435,zahra010,12852228
thread_12856876_starter,1,G01437,یلدا5576,12856876
thread_12906425_starter,1,G02435,klmokh,12906425
thread_12932299_starter,1,G03422,دیانا_75,12932299
thread_12958359_starter,1,G01441,مامان۱۷کوچولوmm,12958359
thread_12980644_starter,1,G01442,یسناااااااا,12980644
thread_12981137_starter,1,G01443,آوا_۹۰,12981137
thread_13106295_starter,1,G00372,sahar_55a,13106295
thread_13157422_starter,1,G01455,ava_nama,13157422
thread_13165351_starter,1,G01457,goli1377joon,13165351
thread_13170997_starter,1,G00247,hosna_34568,13170997
thread_13172239_starter,1,G01458,hadiseh_banu,13172239
thread_13172362_starter,1,G01458,hadiseh_banu,13172362
thread_13190277_starter,1,G01460,7676maryammm,13190277
thread_13234836_starter,1,G03424,نشمینننن,13234836
thread_13256643_starter,1,G03426,maryam3250,13256643
thread_13279651_starter,1,G01133,خوشگل_خانوم_اقامون,13279651
thread_13287301_starter,1,G01466,عسلی۰۰,13287301
thread_13287301_عسلی۰۰_1403/01/03 15:15,1,G01466,عسلی۰۰,13287301
thread_13287301_عسلی۰۰_1403/01/03 15:16,1,G01466,عسلی۰۰,13287301
thread_13296066_starter,1,G01468,پرنده__غربت,13296066
thread_13296066_عشقم،همسرم_1403/01/04 23:53,1,G01468,عشقم،همسرم,13296066
thread_13296066_پرنده__غربت_1403/01/04 23:58,1,G01468,پرنده__غربت,13296066
thread_13296066_پرنده__غربت_1403/01/04 23:59,1,G01468,پرنده__غربت,13296066
thread_13320928_starter,1,G01457,goli1377joon,13320928
thread_13340909_starter,1,G01457,goli1377joon,13340909
thread_13385517_starter,1,G03430,عاشق_گوجه_سبز_نمکی,13385517
thread_13389828_starter,1,G01472,نگین5568,13389828
thread_13394245_starter,1,G01473,sahar_2025,13394245
thread_13414985_starter,1,G01480,psymaya26,13414985
thread_13431603_starter,1,G01482,kim_namjon,13431603
thread_13452247_starter,1,G01483,78samaa,13452247
thread_13478193_starter,1,G00295,یکتا1397,13478193
thread_13505236_starter,1,G01489,تاریناا,13505236
thread_13578285_starter,1,G01496,mamati31,13578285
thread_13602884_starter,1,G01497,روژینامقدم,13602884
thread_13622633_starter,1,G01500,yeduneyeyaresh,13622633
thread_13709651_starter,1,G00235,خییارمجلسی,13709651
thread_13861545_starter,1,G03434,pariya_fashion,13861545
thread_13878785_starter,1,G01516,امیررردررررر,13878785
thread_13907333_starter,1,G01518,رها667092,13907333
thread_13943957_starter,1,G03435,قلب_منی_تو,13943957
thread_13961737_starter,1,G01524,hana1378,13961737
thread_13975775_starter,1,G01525,ziba1946,13975775
thread_13998018_رز_بنفش_1403/04/15 09:45,1,G01526,رز_بنفش,13998018
thread_14111870_starter,1,G02446,mahsa_sh79,14111870
thread_14116984_starter,1,G02447,shayda24,14116984
thread_14172599_starter,1,G00235,خییارمجلسی,14172599
thread_14190792_starter,1,G02449,pdena,14190792
thread_14199169_starter,1,G01544,asal_jan84,14199169
thread_14202403_starter,1,G01545,salva79,14202403
thread_14286727_starter,1,G00491,ستاره_خاموش_تنها,14286727
thread_14291285_starter,1,G01553,kip,14291285
thread_14330545_starter,1,G03443,fatihhyfv,14330545
thread_14348409_starter,1,G00434,نففففففففففسس,14348409
thread_14374371_starter,1,G00436,hana2220,14374371
thread_14387695_starter,1,G01559,ذرت_مکزیکییییییی,14387695
thread_14406030_starter,1,G01560,hanane_nikpor,14406030
thread_14473274_starter,1,G01568,خیال۷۹,14473274
thread_14519323_starter,1,G00178,عاشق_همسرمم,14519323
thread_14558422_starter,1,G01581,۲۵۲۵۸۸۲,14558422
thread_14648650_starter,1,G01587,evergreen_girl,14648650
thread_14652770_starter,1,G01589,محدثجان,14652770
thread_14652896_starter,1,G01589,محدثجان,14652896
thread_14662143_starter,1,G03447,yekta1380,14662143
thread_14662777_starter,1,G02288,مرمرم,14662777
thread_14704069_starter,1,G01589,محدثجان,14704069
thread_14798965_starter,1,G00605,asalljon,14798965
thread_14801223_starter,1,G01599,1370zahra1382,14801223
thread_14804782_starter,1,G00491,ستاره_خاموش_تنها,14804782
thread_14821550_starter,1,G01602,eybabaaaaa,14821550
thread_14822993_starter,1,G01603,counsellor,14822993
thread_14851435_starter,1,G01606,آلما_سیب,14851435
thread_14919753_starter,1,G00514,rahil1046,14919753
thread_14951347_starter,1,G01609,zapd,14951347
thread_15002430_starter,1,G01613,مرسانیا,15002430
thread_15030375_starter,1,G02456,yasna_valetin,15030375
thread_15042181_starter,1,G02863,sas1370,15042181
thread_15087169_starter,1,G02457,وکیل_1380,15087169
thread_15089875_starter,1,G02458,ftmhliv,15089875
thread_15133349_starter,1,G01625,gentil,15133349
thread_15183213_starter,1,G01632,resevgi,15183213
thread_15184771_starter,1,G01633,kolsomm,15184771
thread_15190001_starter,1,G00178,عاشق_همسرمم,15190001
thread_15317716_starter,1,G03460,nedahh,15317716
thread_15334904_starter,1,G01587,evergreen_girl,15334904
thread_15343421_starter,1,G00571,aratme,15343421
thread_15363698_starter,1,G01665,کرشششمه,15363698
thread_15434157_starter,1,G01647,mahtab4321,15434157
thread_15461741_starter,1,G02899,quueuuh4y3n,15461741
thread_15519911_starter,1,G01654,_جوجوکوچولو_,15519911
thread_15578009_starter,1,G01659,ممول_946979,15578009
thread_15580518_starter,1,G01660,mohi_mg,15580518
thread_15589360_starter,1,G01661,77777777sara,15589360
thread_15605316_starter,1,G01662,مهدراس,15605316
thread_15618892_starter,1,G01665,کرشششمه,15618892
thread_15622947_starter,1,G01666,_melo,15622947
thread_15637066_starter,1,G01668,mobi__na,15637066
thread_15677024_starter,1,G01669,sepihenoor,15677024
thread_15779042_starter,1,G01677,کبری_زن_اصغر_سبیل,15779042
thread_15792508_starter,1,G03465,ootaroya,15792508
thread_15849308_starter,1,G02464,شهناز_چنگیزی,15849308
thread_15883052_مرمرم_1404/01/10 12:13,1,G02288,مرمرم,15883052
thread_15903584_starter,1,G01685,khepeli,15903584
thread_15923125_starter,1,G01686,ninomm,15923125
thread_15938999_starter,1,G01690,هنگام۰۳,15938999
thread_15944050_starter,1,G01693,طبلتمککوپنمکدرلفعهن,15944050
thread_15954402_starter,1,G01694,samiraaj74,15954402
thread_15999387_starter,1,G01700,_نی_نی_یار_,15999387
thread_15999404_starter,1,G01700,_نی_نی_یار_,15999404
thread_16042670_starter,1,G01704,sana1996,16042670
thread_16050297_starter,1,G01705,گیرافتادم,16050297
thread_16064900_starter,1,G03474,aaaaaselena,16064900
thread_16084658_starter,1,G02468,هانیس۷۸,16084658
thread_16098136_starter,1,G01713,00parya00,16098136
thread_16105928_starter,1,G01714,felover,16105928
thread_16141725_starter,1,G01719,badami,16141725
thread_16151654_starter,1,G02469,گرینغم,16151654
thread_16155682_starter,1,G01721,واریز,16155682
thread_16176399_starter,1,G01728,پرواااااااااااااانه,16176399
thread_16181052_starter,1,G01730,سرینن,16181052
thread_16189089_starter,1,G01731,mahishon,16189089
thread_16318303_starter,1,G01746,goliiiiii82,16318303
thread_16319845_starter,1,G01747,گل_خاری,16319845
thread_16328855_starter,1,G01749,marmari787,16328855
thread_16462609_starter,1,G01766,نبود،,16462609
thread_16462737_starter,1,G01766,نبود،,16462737
thread_16463381_starter,1,G02473,royaaa_84,16463381
thread_16476188_مامان_دهه_هفتادی_1404/04/12 11:33,1,G01767,مامان_دهه_هفتادی,16476188
thread_16508756_starter,1,G01771,anis18453,16508756
thread_16510280_starter,1,G01773,fate84me,16510280
thread_16566952_starter,1,G02475,چیکنم,16566952
thread_16588047_starter,1,G01781,marjanbanoooooooooo,16588047
thread_16762249_starter,1,G01804,هندسه١٠,16762249
thread_16797515_starter,1,G01807,هانیه_خانم1383,16797515
thread_16822596_starter,1,G01811,amfatemeh,16822596
thread_16837144_starter,1,G01814,رویــ78ـا,16837144
thread_16840915_starter,1,G01815,لیاناوین۲,16840915
thread_16862535_starter,1,G00265,skotland,16862535
thread_16863177_starter,1,G01816,fatisali74,16863177
thread_16957462_starter,1,G00571,marmar1370,16957462
thread_17008672_starter,1,G01713,00parya00,17008672
thread_17027576_starter,1,G01829,780lila,17027576
thread_17043563_starter,1,G01833,goldismon,17043563
thread_17051218_starter,1,G01834,4137120,17051218
thread_17082705_starter,1,G01836,saypa,17082705
thread_17093652_starter,1,G00857,مهسامامانآراد,17093652
thread_17145910_starter,1,G01841,ماهیکوچولو78,17145910
thread_17200995_starter,1,G01847,سحرممم,17200995
thread_17220586_starter,1,G01850,zohrehmostafa,17220586
thread_17222063_starter,1,G01851,اف1998,17222063
thread_17238423_starter,1,G01852,payande26,17238423
thread_17260663_starter,1,G02485,معلم_آینده_ام,17260663
thread_17266990_starter,1,G01857,dli7890_6,17266990
thread_17267936_starter,1,G02486,تدایی123,17267936
thread_17293425_starter,1,G00890,سحر۹۹۰,17293425
thread_17300720_starter,1,G01861,f_alone,17300720
thread_17311620_starter,1,G01766,نبود،,17311620
thread_17321332_starter,1,G03498,arezu1404,17321332
thread_17321819_starter,1,G01863,عروس3333خانوووم,17321819
thread_17327615_starter,1,G00898,f_zr,17327615
thread_17334488_starter,1,G01864,72saharnaz,17334488
thread_17338235_starter,1,G02488,فاطمهگلیff,17338235
thread_17353407_starter,1,G01870,خرگوشی_جون,17353407
thread_17353637_starter,1,G00888,مادر_کوروش_کبیر,17353637
thread_17417214_starter,1,G01880,mahjooob,17417214
thread_17431064_starter,1,G03505,fatimatlesm,17431064
thread_17447645_starter,1,G01883,شکراانه,17447645
thread_17454816_starter,1,G01887,delvin7256,17454816
thread_17462217_starter,1,G02491,فاطمه_خانووووم,17462217
thread_17481156_starter,1,G00939,miirayyy,17481156
thread_17496131_starter,1,G01897,مهتاب002,17496131
thread_17503602_starter,1,G01901,سرگیجه,17503602
thread_17510600_starter,1,G01282,زینب_بانوووو,17510600
thread_17548253_starter,1,G01915,nihan246,17548253
thread_17569660_starter,1,G01920,دخملی۹۹۹,17569660
thread_17579990_starter,1,G01921,love_me_,17579990
thread_17656048_starter,1,G01931,افراء,17656048
thread_17659719_starter,1,G01934,vifihch,17659719
thread_17680465_starter,1,G00990,nazly_543,17680465
thread_17702612_starter,1,G01940,mahimim1212,17702612
thread_17709543_starter,1,G01686,ninomm,17709543
thread_17728247_starter,1,G01008,مامانامهراد,17728247
thread_17729109_starter,1,G01949,x_b_x__84,17729109
thread_17758485_starter,1,G01957,riri2480,17758485
thread_17787743_starter,1,G01961,منتظرتوراهی,17787743
thread_17789336_starter,1,G01962,rrremah,17789336
thread_17816976_starter,1,G01968,limo405,17816976
thread_17822848_starter,1,G01969,saba77o,17822848
thread_17823138_starter,1,G01970,sahar3411,17823138
thread_17823740_starter,1,G01046,مامانمورچه,17823740
thread_17857094_starter,1,G01977,ماگلی,17857094
thread_17870637_starter,1,G01996,hosnad74,17870637
thread_17874008_starter,1,G01979,بهارمیرسد,17874008
thread_17879450_starter,1,G01980,مهرساحسنا,17879450
thread_17884935_starter,1,G01984,mmmm88hhf,17884935
thread_17886669_starter,1,G02503,مامان_سارا_نیما,17886669
thread_17891849_starter,1,G01987,sevda1382,17891849
thread_17912536_starter,1,G01991,mozhyd,17912536
thread_17928472_starter,1,G03518,ماماسویل,17928472
thread_17937389_starter,1,G01996,hosnad74,17937389
thread_17964423_starter,1,G02009,گلدرن,17964423
thread_17966299_starter,1,G03520,خانم_عقرب,17966299
thread_17972671_starter,1,G02010,مرواریدسیاه7081,17972671
thread_17973652_starter,1,G02508,مرد_مضطراب,17973652
thread_17981058_starter,1,G02015,fazi_khanooooooom,17981058
thread_17986662_starter,1,G02021,دنیزدخترمه,17986662
thread_17991570_starter,1,G01233,baran9675,17991570
thread_17999676_starter,1,G02032,fazirazi,17999676
thread_18001047_starter,1,G02032,fazirazi,18001047
thread_18008276_starter,1,G02510,دریا9999,18008276
thread_18016126_starter,1,G01233,baran9675,18016126
thread_18016614_starter,1,G02511,سلین_بانو,18016614
thread_18021875_starter,1,G02040,sadaf___m,18021875
thread_18023581_starter,1,G02043,دختربینظیر,18023581
thread_18024130_starter,1,G02044,ررهایییی,18024130
thread_18036316_starter,1,G02051,fkdjc222,18036316
thread_18036347_starter,1,G02052,راایاااا_جون,18036347
thread_18072576_starter,1,G02066,goodjolya,18072576
thread_18076510_starter,1,G01308,عشق_هاچبک,18076510
thread_18079551_starter,1,G02070,nafasemaman1996,18079551
thread_18085172_starter,1,G02073,d03etdaram7883,18085172
thread_18096858_starter,1,G02077,asman60,18096858
thread_18104076_starter,1,G02080,نیلا4563,18104076
thread_18105820_starter,1,G01968,limo405,18105820
thread_18109766_starter,1,G02082,gگیتی1370,18109766
thread_18110663_starter,1,G02083,momo7564,18110663
thread_18114739_starter,1,G02085,fathiarmina,18114739
thread_18118008_starter,1,G02087,جیرینگ_جیرینگ,18118008
thread_18137925_starter,1,G02092,شاه0پسند,18137925
thread_18138437_starter,1,G03543,niloo۱۳۶۸۸۸۸,18138437
thread_18138856_starter,1,G02095,heli21h,18138856
thread_18139288_starter,1,G02524,nazli_79,18139288
thread_18139342_starter,1,G02101,panah_08885,18139342
thread_18139739_starter,1,G03547,2005happy,18139739
thread_18139885_starter,1,G02103,meheva,18139885
thread_18139912_starter,1,G02104,hani_442,18139912
thread_18140343_starter,1,G02107,فرشته۵۵۵,18140343
thread_18141578_starter,1,G03552,موس,18141578
thread_18141829_starter,1,G02528,مهلا_قانوم,18141829
thread_18142118_starter,1,G03556,نمکی_هستم,18142118
thread_18142166_starter,1,G02111,fiftyfiftygirl,18142166
thread_6076747_finiks67_1399/12/23 12:40,1,G02532,finiks67,6076747
thread_6076747_finiks67_1399/12/23 12:49,1,G02532,finiks67,6076747
thread_6277494_مامان_آریوش_1400/01/26 15:24,1,G02125,مامان_آریوش,6277494
thread_6310312_آویشنا۲_1400/01/31 02:10,1,G03563,آویشنا۲,6310312
thread_6319625_یاسم_1400/02/01 13:07,1,G03564,یاسم,6319625
thread_6337060_starter,1,G02127,nahalllllllllllll,6337060
thread_6517426_ظهــرتابســتانى_1400/02/31 00:18,1,G02137,ظهــرتابســتانى,6517426
thread_6622308_منتظر_نی_نی۱۳۷۸_1400/03/16 15:15,1,G02138,منتظر_نی_نی۱۳۷۸,6622308
thread_6624545_آراممممم_1400/03/16 21:53,1,G03567,آراممممم,6624545
thread_6636832_starter,1,G02536,nedakohan,6636832
thread_6636832_swallows_1400/03/18 19:48,1,G02536,swallows,6636832
thread_6961791_مامیre_1400/05/10 11:09,1,G02142,مامیre,6961791
thread_7141679_سارا_فروزان_1400/06/06 15:23,1,G03570,سارا_فروزان,7141679
thread_7186473_starter,1,G02147,جوجه_برشته,7186473
thread_7225277_منتظرتم_فرزندم_1400/06/19 11:39,1,G02151,منتظرتم_فرزندم,7225277
thread_7360842_نداجونم_1400/07/09 19:45,1,G03574,نداجونم,7360842
thread_7464489_taranumebahari_1400/07/26 20:05,1,G03576,taranumebahari,7464489
thread_7639710_mikal780890_1400/08/27 13:08,1,G02161,mikal780890,7639710
thread_7639710_خوشگل_خانم__1400/08/27 13:05,1,G02161,خوشگل_خانم_,7639710
thread_7662750_starter,1,G03581,najme556,7662750
thread_7825859_starter,1,G02163,نازگل۸۸۸,7825859
thread_7825859_نازگل۸۸۸_1400/09/30 18:08,1,G02163,نازگل۸۸۸,7825859
thread_7833005_starter,1,G02164,نازنازی۶۲,7833005
thread_8122505_آوای_تابستان۲_1400/11/21 13:16,1,G03585,آوای_تابستان۲,8122505
thread_8147070_asalbanoosham_1400/11/25 13:28,1,G00979,asalbanoosham,8147070
thread_8212426_صبا1397_1400/12/06 20:53,1,G02171,صبا1397,8212426
thread_8221954_نسادات_1400/12/08 11:21,1,G03588,نسادات,8221954
thread_8332965_angel82_1400/12/26 23:40,1,G03590,angel82,8332965
thread_8332965_رز۷۵_1400/12/26 23:57,1,G03590,رز۷۵,8332965
thread_8394180_starter,1,G03592,mommyradin,8394180
thread_8403790_غزل25508_1401/01/12 02:55,1,G03593,غزل25508,8403790
thread_8411183_aroseshonam_1401/01/13 21:14,1,G02175,aroseshonam,8411183
thread_8548687_کمحرف_1401/02/06 08:08,1,G02177,کمحرف,8548687
thread_8731189_دخمل_احساس_1401/03/06 19:06,1,G02183,دخمل_احساس,8731189
thread_8880277_miniyator6c_1401/05/14 01:45,1,G02187,miniyator6c,8880277
thread_8880277_توییتی۱۳۷۰۱۳۹۷_1401/05/14 01:35,1,G02187,توییتی۱۳۷۰۱۳۹۷,8880277
thread_8880277_خواهرشوهر_نی_نی_یار_1401/05/14 01:30,1,G02187,خواهرشوهر_نی_نی_یار,8880277
thread_9115890_starter,1,G03603,arshagoodboy,9115890
thread_9273837_starter,1,G02194,nedaaa۱۳,9273837
thread_9293586_الوانا_1401/06/06 11:39,1,G03606,الوانا,9293586
thread_9293586_سیندرلاتون_1401/06/06 11:34,1,G03606,سیندرلاتون,9293586
thread_9298538_2222mahsa_1401/06/07 02:14,1,G02195,2222mahsa,9298538
thread_9448722_قاصدک750_1401/07/12 11:14,1,G02199,قاصدک750,9448722
thread_9448722_مامان_سونیا1_1401/07/12 11:15,1,G02199,مامان_سونیا1,9448722
thread_9514473_nanajonam_1401/07/24 02:37,1,G02545,nanajonam,9514473
thread_9514473_سیب_ترش_هستم_1401/07/24 02:33,1,G02545,سیب_ترش_هستم,9514473
thread_9640890_دل_ارام_خوش_بو_1401/08/17 21:51,1,G02203,دل_ارام_خوش_بو,9640890
thread_9772675_ommm_1401/09/07 22:36,1,G02551,ommm,9772675
thread_9803993_starter,1,G02210,فاطططط,9803993
thread_9937429_سلانمتدبان_1401/10/01 18:13,1,G02218,سلانمتدبان,9937429
thread_9977711_بودا_1404/02/16 07:44,1,G02220,بودا,9977711
thread_9977711_بودا_1404/05/28 07:10,1,G02220,بودا,9977711
thread_9988587_todeliiiiii_1401/10/08 15:33,1,G02221,todeliiiiii,9988587
250333874,2,G02554,آتمیس,9287029
253100419,2,G00006,آهو۱۹,9418658
255644913,2,G02557,zahraکوچولو_,9531777
255663303,2,G02558,nashmel,9532380
255812776,2,G00011,مريدا,9538766
259567118,2,G02563,mamanedokhtarakam,9685340
260997732,2,G02564,اولوشوووم,9760346
262644053,2,G00024,rآرامشr,9829650
262645142,2,G00024,یاسفاطمه,9829650
263665456,2,G00027,دختر_خوش_ذوق2,9873115
264921650,2,G00917,mediaaaa,9927144
269513763,2,G02571,sanijoooon,10129634
270408517,2,G02572,مینو1990,10165003
272545949,2,G02227,aaasheytoonbala,10273812
273542254,2,G00042,دیودلبر,10321992
274705570,2,G00048,خرم__سلطان,10372848
274714511,2,G00048,خرم__سلطان,10372848
275777849,2,G00051,mahsami7777,10419019
278783626,2,G02228,مایکلا73m,10549807
281013385,2,G02230,هلیا۹۳h,10640428
282398573,2,G00061,__مهربانو__,10707495
282399289,2,G00061,saedeh1366,10707495
286808424,2,G02599,کرانچی۸۹,10903214
287252607,2,G02601,مانلیجان,10923621
288883327,2,G00072,0پرنیا0,10999153
289111436,2,G02234,ماهیگیر۲,11009582
289916700,2,G02605,ماهور57,11045611
290033911,2,G00078,bkhtiari,11050839
290034020,2,G00078,نشاط۶۶,11050839
290131270,2,G02606,delnavaze,11055365
293930960,2,G02614,niهانیتاha,11231560
294442523,2,G00085,mahsaaaaaaaa1234,11254615
294691229,2,G02615,exolzpp,11266153
297590018,2,G02623,معجزه_زندگیییی,11403314
302340600,2,G02239,irancel,11631650
302340691,2,G02239,abany_jan,11631650
304902732,2,G02634,خواهرموناتهرانی,11756515
305305992,2,G00112,1398dorrin,11777064
306164247,2,G02635,high_flying,11820994
309054603,2,G00136,عشقمدخترام,11973940
309631640,2,G00139,ناراب۲,12004620
309797969,2,G00141,گادان_آلیم,12013746
309799849,2,G00141,saye_sae449,12013746
310374536,2,G02648,ثریاجونی,12042963
310375103,2,G02648,ava110,12042963
313614369,2,G00148,سبزه_بانمک,12218767
314201523,2,G00150,ghashghaie,12251339
314202700,2,G00150,ghashghaie,12251339
314634379,2,G00152,_سلین_,12276155
314946053,2,G02655,اریاجونم,12293737
316031157,2,G00159,مهرآیین_تقوی,12353675
316544603,2,G00161,aasamira,12381492
316932677,2,G00165,mrssedi,12401869
316933142,2,G00165,mrssedi,12401869
317674965,2,G00167,universeandhumen,12441712
317748605,2,G02664,sevo,12444803
319335275,2,G00176,متفکر۵۶۹,12535878
319754243,2,G02668,لیلی_ومجنون,12558760
319828418,2,G02669,یاراخانوم۲۰۰۵,11717053
320218244,2,G00185,ays1380,12583774
320723072,2,G00190,برچین,12610447
320723237,2,G00191,neyhhgjk۳۴دلشکسته,12610445
321769389,2,G02680,مانی_بانو,12668122
321869005,2,G00197,lili90m,12673513
321896091,2,G02681,سمبوسه۶,12674926
322408895,2,G00198,شیداشریفی,12705823
323214303,2,G00197,lili90m,12752172
323550811,2,G02688,felfl,12771445
324240499,2,G00206,01world_of_our_own,12809113
324240783,2,G00206,بیستاموت,12809113
324241859,2,G00206,28kiana,12809113
325364853,2,G02692,sheydaeu,12871418
325688654,2,G00210,آرامش_ماندگار,12889610
326342450,2,G02696,god_is_greate,12926448
326641897,2,G00220,آنشرلی_هستم,12942965
327798159,2,G00165,im_shy,13007034
327798170,2,G00165,هیچ_,13007034
327798535,2,G00165,mrssedi,13007034
327961011,2,G02701,مامانsepehr,13015357
328856148,2,G02705,ذهن،هشیار,13065910
329072569,2,G00198,شیداشریفی,13078984
329623431,2,G00236,zandgani,13090236
330089907,2,G00241,y_a_s_b,13136280
330317891,2,G02259,مامان_هوشنگ_سابقم,13142048
330425922,2,G02709,gloom,13154121
330998851,2,G00249,موناااجونی,13184293
331250233,2,G02713,to_be_cute1383,13198894
331888763,2,G02716,shimakhanom82,13235513
331925440,2,G00255,نویسنده_کوچولو,13237407
331929710,2,G02261,mmmeliiii,13237765
332205247,2,G01463,پریودددددممم,13252844
332695570,2,G02720,استقلال1373,13281308
334132794,2,G00270,گندم_خانم_,13364329
334741798,2,G02727,شانزدهمین_کاربری,13397849
335128515,2,G00279,یک_فنجان_عشق,13421264
335260614,2,G02728,زردونارنجی,13428486
336320001,2,G00299,مامی،نعنا,13486505
336360105,2,G02733,تنهاrr,13488525
336438500,2,G00301,عمه۱هتی,13492481
336667797,2,G00307,رزقرمزرنگ,13505188
337523607,2,G00313,garibiyeman,13552822
337790603,2,G00318,خطکش,13527493
337886201,2,G02736,marburg,13573521
338371563,2,G00322,sepidegol,13601005
338993610,2,G00329,9azar,13635301
338993923,2,G00329,9azar,13635301
339956819,2,G00336,دختر_طلایی,13687752
339957132,2,G00336,raaaaahaaa,13687752
340327635,2,G02751,بیتاب۱۳۵۹,13708850
340387221,2,G00341,نازان۷۷,13712433
340938595,2,G00342,شمسالملوک,13746200
340938793,2,G00342,شمسالملوک,13746200
340939114,2,G02753,جوجه_گوگولی,13745719
341267817,2,G02758,پیریز,13766055
342278802,2,G00356,dianaadrian,13825421
342608818,2,G02770,990shaparak,13845082
343104628,2,G02272,terise,13873512
343365062,2,G02773,بانوفرشته61600,13888622
343745491,2,G02776,brave__girl,13733482
343942711,2,G02779,قیمه_با_مرغ,13922888
345036619,2,G00381,نازاااان,13990023
345234251,2,G02788,رزیتا1397,14002101
345306929,2,G00386,1356889889,14006512
347728672,2,G00409,مملییییییییی,14150473
347728976,2,G00409,مملییییییییی,14150473
347763620,2,G00410,دلی۷۶,14156322
347873229,2,G00411,میکائیل988,14162878
348039079,2,G02801,1385555555mahak,14176103
348090282,2,G00414,skhستاره,14181523
348144510,2,G01542,rose200,14188064
348782994,2,G02803,دونات۲۱,14227807
348881881,2,G02804,آنا۱۱۳,14233628
349058786,2,G00417,eli1368,14201788
349580035,2,G02809,patricpatric,14275839
349635116,2,G00425,خورشید_74_خورشید,14279072
349645655,2,G00425,kiyana_,14279072
350420542,2,G00431,noonkhamei,14322152
350556630,2,G02814,hactyea,14330042
350805729,2,G00433,74ramonaaa,14344393
351142714,2,G02817,_telli_,14363604
351714146,2,G02820,نیوگارا,14395932
353431202,2,G02826,لاله_سفید,14498576
353475666,2,G00191,۹۸۹۸hana,14501261
353563808,2,G02827,مامانیلا,14506779
353590045,2,G00453,nafas___sa,14508433
353913273,2,G00185,ابرخیال,14528072
354184282,2,G00459,assaallll,14544383
354205023,2,G00460,maralamd,14545726
354205307,2,G00460,ey_babaa,14545726
354460840,2,G00463,donyajoon0098,14561267
354471553,2,G00464,الییییییییییز,14561915
354658144,2,G00465,آنهaدختریhدرمزرعه,14573753
355019945,2,G00467,مینولیا,14595920
355728832,2,G02834,mamane_agha_sorena,14638664
356255755,2,G02836,cnjnana,14669717
358262353,2,G02844,monika751401,14790134
358350080,2,G02292,داعمخ۶۴۳۸کhdd,14794954
358618535,2,G02293,ثمییــــــن,14809910
359371046,2,G02850,شاپرک۰۹۰۹,14851651
359785539,2,G00503,فرنازجان,14873908
360039665,2,G00511,متین1369,14866794
360304077,2,G00425,kiyana_,14903020
360306796,2,G00425,گنجیشکمهربون,14903020
360307064,2,G00425,ashkcheshm,14903020
360395756,2,G02855,شاپرک_طلایی۹۶,14908916
361239670,2,G00518,مامان،مهدیار,14956315
361750309,2,G00521,gandom_bano,14985068
361750725,2,G00521,نسیمشمال,14985068
361935366,2,G02859,ناناهستم_۷۸,14995182
361936981,2,G00522,centralperk,14995236
362170258,2,G00206,28kiana,15008163
362211409,2,G00526,1400mahlin,15010576
362212208,2,G00526,afarinn747,15010576
362213012,2,G00526,سوگلی1395,15010576
362463733,2,G00528,456gholiii,15024282
362464019,2,G00528,456gholiii,15024282
362934249,2,G00532,گوشی_بدست,15049673
363151595,2,G00533,گلی_خانوم1,15061484
363172827,2,G02868,نامعلوم۲,15062810
363186005,2,G00534,یوکابد۷۸,15063613
363372754,2,G00536,maryamb20782,15073582
363728545,2,G00539,401dokhmal,13487367
364247942,2,G02874,پشو,15120700
364656221,2,G00545,آناژون,15142782
365642084,2,G00559,h7923,15200044
366296667,2,G02883,shab_barani,15237122
366298223,2,G02883,مامان۲۳۱۲۱۴۰۱۵۹۷۲,15237122
369124333,2,G00580,زبیده_خانوم,15401420
369217524,2,G00582,یاس1367,15405515
369432506,2,G02894,anmhgk,15419920
369643609,2,G02896,خوشبختی8,15432695
370109816,2,G02898,سیما_60,15459753
370310239,2,G00590,طلامطلام,15471380
370555001,2,G00518,مامان،مهدیار,15485523
370556287,2,G00592,قدمهای_پاییز,15485641
370556293,2,G00592,ترکیده9کرار,15485641
370556856,2,G00592,aynazam,15485641
370557608,2,G00592,rayan140222,15485641
370640903,2,G00593,71shishi,15490449
370830927,2,G00594,otaku_samaa,15501423
370896290,2,G02903,yaghma1402,15505355
370923206,2,G01653,mahgolbano,15506959
371448645,2,G01656,دخترمهرباااان,15538669
372019956,2,G00606,teriiife,15573659
372027636,2,G00606,teriiife,15573659
372315285,2,G02911,ساریناجونن,15592419
374143105,2,G00619,خاتون0801,15706365
374174638,2,G00620,mas1370,15708204
374268738,2,G00622,starlit123,15713846
374317433,2,G00623,خواهر_شوهر_جنیفر,15716792
374379315,2,G00626,roza1376,15720488
374408176,2,G00626,مردک__دلتنگ,15722321
374409781,2,G00626,لنام۵۰,15722321
374582947,2,G00627,yas6064,15732831
374583080,2,G00627,yas6064,15732831
374583395,2,G00627,مامان_عسلی_97,15732831
374588611,2,G00627,yas6064,15732831
374970178,2,G00633,تازه_عروس_خونه,15755805
374970917,2,G00633,تازه_عروس_خونه,15755805
375167936,2,G00210,آرامش_ماندگار,15767899
375555874,2,G00638,roya_h70,15790913
375643715,2,G00639,غروبjome,15795824
375682901,2,G00641,فاطمه_68,15797836
375683525,2,G00641,همتا68,15797836
375755722,2,G00590,طلامطلام,15802457
375780386,2,G00642,فضواچه,15803815
375819861,2,G02922,jojetalai,15805953
375863458,2,G00643,mersaaaanaaaanafasam,15808444
376211384,2,G00645,ریحانه۲۴,15830721
378457716,2,G02932,عشقولکی,15970273
378645799,2,G00664,نازترین,15981356
378708110,2,G00664,noshabe_meshkii,15981356
378831121,2,G00666,تنهایغم,15992310
378887535,2,G00668,nana1998,15409410
379570523,2,G00672,mahlanini,16036781
379830024,2,G02937,بهاراومدهه,16051856
379860845,2,G00675,آیانان,16053978
380029291,2,G02939,مـــرواریـــد___2022,16064604
380347580,2,G00682,لیلیخانم,16084159
380721864,2,G02944,mitra_grv,16107561
381257127,2,G00693,یلدااا۱۳۷۱,16141798
381294765,2,G02950,سیماااااارراا,16144069
381552062,2,G02952,barbiii28,16160158
381552371,2,G02952,یادگاری_رو_تابلو,16160158
382135597,2,G00705,عروسک_چینی,16196111
382438445,2,G00711,ati138400,16214871
382555719,2,G02960,جنوب_زیبا,16222434
382750075,2,G02324,lilyofthevalley,16234481
382780665,2,G00716,sania76,16236510
384945423,2,G00745,مهدی_مهدی_,16366515
384945479,2,G00745,ghazaljooona,16366515
384946864,2,G00745,مهدی_مهدی_,16366515
386036949,2,G00759,رهگزر۶۶۶۶۶,16431093
386046441,2,G02330,دماغ_عملیه_سایت,16431561
386059026,2,G02982,کهمان,16432450
386220114,2,G02331,aylari75,16442904
386220223,2,G02331,بخورسرد۱۴۰۰,16442904
386422250,2,G02986,دختر_خوش_اقبال,16455212
387644662,2,G02989,اطلس_آبی,16525255
387746922,2,G00767,گلناربانووو,16531110
388104458,2,G00771,جینی_۷۹,16551745
388574425,2,G00775,رازعزیز,16579146
388711886,2,G02994,ماه_شبگرد,16587496
388715605,2,G02994,ماه_زمردی,16587496
389854527,2,G02606,delnavaze,16650267
390087119,2,G00795,هبچ,16642294
390101589,2,G03001,زمرد۲۶,16672275
390684836,2,G00800,golbanou8888,16706902
390686927,2,G00801,nana7668,16707355
391721883,2,G00809,11imlost,16769858
392247138,2,G00813,الهه_ی_انتقام,16800833
392710636,2,G03014,aisan76,16828903
393061150,2,G03016,دختردردونه,16849987
393079635,2,G00823,تیرامیسوکیک,16851492
393082964,2,G00824,fateme9913,16851723
393202611,2,G00825,نوربانووووو,16859010
393203273,2,G00825,pluviophile357,16859010
393205397,2,G00825,فندوقق,16859010
393234221,2,G00826,مژgan,16849299
393533686,2,G00826,mahsagol,16849299
393550384,2,G00828,mlik29,16879768
393564447,2,G00829,masoti,16880690
393684968,2,G00830,چرخگوشت,16888392
393802936,2,G02339,fatima_378,16895927
393892368,2,G03018,miladmahtab,16901447
393993685,2,G00833,سفیدکوه2,16900799
394154541,2,G00837,تپش,16918265
394465545,2,G03021,لیساسیمپسون,16937737
394694425,2,G00839,تیناام,16952053
394695465,2,G00839,نادیاممم,16952053
395286920,2,G03025,osharghi_ghamgin,16988080
395449702,2,G03027,simin800,16997907
396025156,2,G00847,آتیس۲,17031057
396641659,2,G02343,setarehkhamoosh3,17068178
397197912,2,G03035,asal252525,17100558
397388455,2,G03037,اولدوووووووز,17110127
397510706,2,G02346,hhdnhsm,17120898
397551803,2,G00862,chodshor,17123365
397813892,2,G02347,فرشتهrfh,16984025
397814816,2,G02347,maaahed,16984025
398541656,2,G03044,دخملشش,17186938
398739858,2,G00871,gol_gadam,17199866
398842174,2,G00872,taha97,17206293
398997454,2,G02350,لیلاترین_لیلای_شهر,16932765
399012940,2,G00876,sarvnaz2020,17217291
399385189,2,G03048,qazzelle,17241305
399783648,2,G00884,بانوی_سرزنده,17267239
399788574,2,G00885,مینوووو۰۰,17267569
399790213,2,G00503,فرنازجان,17267662
399958185,2,G03052,کوزت_جوان,17278792
399967086,2,G01858,vakillayandeh83,17279461
399980477,2,G00887,در_جستجوی_رویا,17269975
400195023,2,G02351,دلبررر,17294506
400375704,2,G02352,sahareghbali,17305459
400424798,2,G03061,maaraalllll,17306863
400496364,2,G00895,ثنما,17313320
400875746,2,G00900,آدامسک,17337224
400899170,2,G00901,2199,17338542
400920350,2,G00902,گلسرسبد1515,17339658
401155802,2,G00910,دخترمدنیام27,17354525
401171410,2,G00885,مینوووو۰۰,17355643
401303783,2,G00913,sisi۹۶,17364240
401409605,2,G02353,ارام67,17371005
401541839,2,G00917,پری_قانوم,17379452
401542461,2,G00917,mediaaaa,17379452
401655486,2,G00919,canyouloveme,17386797
401827182,2,G03075,بانوسما,17397516
401899114,2,G00920,golyas64,17402187
401989730,2,G00921,قورمه۳بزی,17408028
401989879,2,G00921,قورمه۳بزی,17408028
401991839,2,G00921,قورمه۳بزی,17408028
402115682,2,G03082,ani_096,17416241
402229999,2,G02354,sevel1404,17423526
402293065,2,G03084,nila1378,17416448
402308238,2,G00927,کانگرو,17428238
403039232,2,G03087,iraniwwwwd,17474108
403162945,2,G01893,fertala,17481838
403239014,2,G00941,migi81,17486603
403282132,2,G03095,دوست_مثبت,17488018
403379729,2,G01893,منيره_f23424,17481838
403595002,2,G00946,پرتغالیییی,17509663
403640111,2,G00947,نیشتمانخزموکسوکار,17509334
403769018,2,G00952,هرمان,17508030
403797192,2,G00953,نیناnina,17522681
403866940,2,G03102,قلب_مهربان۲,17527232
403905544,2,G03095,dokhimehrabonسابق,17488018
403923183,2,G00954,anna82,17530354
404030175,2,G00955,آغوزحلوا,17537448
404374580,2,G03107,setarepornor,17558581
404684787,2,G03110,جان_سخت۲,17578753
404783182,2,G03112,خورشیدخاکستری,17584539
404840072,2,G03113,لالیlal,17588526
404921472,2,G00969,nildaa,17592210
405336502,2,G00974,دویا,17620542
406054009,2,G00982,آلتادین,17663785
406215399,2,G03123,___meow,17667319
406219986,2,G00983,شانسدوبارهزندگی,17673453
406222939,2,G03124,دوستدارمخیلی,17673653
406274613,2,G01077,english_teacher_zone,17676379
406337968,2,G03125,گولزنک,17679290
406410570,2,G02360,فرفرررری_جون,17682415
406412742,2,G02360,فرفرررری_جون,17682415
406491288,2,G00992,مجبور,17686250
406619625,2,G00996,بهارک۱۳۷۱,17692162
406620503,2,G00996,بهارک۱۳۷۱,17692213
406713879,2,G00996,بهارک۱۳۷۱,17696746
406823056,2,G00997,sayejan,17702481
407090853,2,G03135,پریماه9595,17716232
407161922,2,G03136,nikooli22691,17720501
407216276,2,G01004,zahra7878,17723450
407236042,2,G01018,parmiss11,17724398
407272704,2,G01005,rkbt,17726523
407419774,2,G03138,yasaaamine,17734469
407807320,2,G01013,Mona152,17755806
407846120,2,G03144,leilaai,17758068
408035531,2,G03147,ربـaنــار,17768850
408154408,2,G01018,parmiss11,17775703
408179261,2,G01019,هیچکس2020,17777372
408334212,2,G01023,استرابرییی,17786834
408440141,2,G01025,شبنم69,17793102
408440405,2,G01025,nazaninvs,17793102
408480912,2,G03149,reeey,17795421
408554508,2,G01029,dsgvgy,17799751
408580673,2,G01031,kobz,17801368
408627883,2,G01033,لیاناجوون,17804308
408776030,2,G01040,مژده۷۴,17812216
408807903,2,G02369,ایستادهbaمشت,17815077
408883689,2,G02371,hamideh199,17819616
408885756,2,G00887,در_جستجوی_رویا,17819795
408898038,2,G01044,faati1378,17820101
408898619,2,G01044,ضحا82,17820101
408899084,2,G01044,دخترفری,17820101
408991094,2,G01048,دنیا8420,17821863
409255214,2,G03160,فروغ999,17840740
409300669,2,G01053,samamonfared,17843308
409478505,2,G01054,احمدیgm,17853106
409484863,2,G01054,purple__rose,17853106
409590379,2,G01056,emprees,17859297
409758059,2,G01048,دنیا8420,17868718
409972701,2,G01061,ftiiiiim,17881150
409972976,2,G01061,mahboob2002,17881150
409973689,2,G01110,شاکرخدام,17881231
410104694,2,G01064,bealiver,17888511
410558542,2,G01992,اوبی,17914151
410878077,2,G01077,english_teacher_zone,17931870
410949861,2,G01078,شاه_بلوط2,17936492
410992802,2,G01079,خالهسوسکه,17553181
411126143,2,G02001,دلوین۲۳۶,17946364
411195438,2,G01081,girlfromfrance,17950076
411511566,2,G01086,_arrietty_,17968802
411642537,2,G01089,عروسکفندقی,17975921
411662090,2,G03176,dokhtareshahrestan,17977004
411691079,2,G03180,توتفرنگی5101387,17978477
411694895,2,G03180,تنبلللل,17978477
411721787,2,G01096,blackmoon000,17980309
411721874,2,G03182,artemis200079,17980183
411722013,2,G01096,justlike,17980309
411722572,2,G01096,justlike,17980309
411733694,2,G01097,shayestehjoon,17981136
411760755,2,G01099,سبز_پاستیلی,17982643
411761249,2,G01099,سیسیسلطون,17982643
411842700,2,G01104,شاتوت_نمکی,17986991
411856748,2,G00884,_erisa_,17987679
411859738,2,G00884,بانوی_سرزنده,17987679
411863338,2,G02330,دماغ_عملیه_سایت,17987616
411875069,2,G02375,aysan_m,17988594
411875954,2,G02375,aysan_m,17988594
411890398,2,G01110,شاکرخدام,17989344
411911063,2,G01114,خدایاکیمنممادرمیشم؟,17990546
411925943,2,G01294,دخترحساسیی,17991354
411926442,2,G00425,kiyana_,17989494
411936166,2,G02751,بیتاب۱۳۵۹,17991922
411949272,2,G01117,sky_bully,17992730
411950494,2,G01117,کوثرزارعی,17992730
411964565,2,G03196,خواهرشوهراختاپوس,17993665
412014735,2,G03197,bahar_73,17996146
412023310,2,G03199,بیبی_کیوت,17997065
412095336,2,G01124,djjdidi,18001467
412190748,2,G03206,ms_helen,18006659
412226455,2,G01131,peranss84,18008743
412230660,2,G02379,yasyasin,18008977
412232216,2,G02379,farihaaaaaaaaaaa,18008977
412308147,2,G03209,الما۶۲,18013314
412310782,2,G01138,فازمثبت۹۹,18013527
412311229,2,G01138,saray393,18013527
412312944,2,G01040,مژده۷۴,18013647
412368370,2,G03214,podel,18016865
412419442,2,G01146,دیانو777,18019914
412437184,2,G01147,dokhtarh_پاییزی27_37,18020808
412441916,2,G03216,ماهیی20,18021110
412446385,2,G01148,ماتروشکا۱۳۷۷,18021410
412447192,2,G01149,shima3519,18021434
412672708,2,G01155,دیانا7575,18034288
412711418,2,G00900,آدامسک,18036532
412712410,2,G00900,malakeenglis24,18036532
412748044,2,G03228,melody_gitar,18038445
412800102,2,G03231,مامان_مهربون_سایت,18041449
412805473,2,G03232,زهرا۷۲۶۳۹۶,18041742
412877698,2,G03234,ریاضی_سابق,18045676
412920121,2,G01168,دریا_زیبا_زیبا,18048165
412937681,2,G01169,دیوانهآزاد,18049008
412983855,2,G01175,souji,18051658
413023928,2,G00974,دویا,18054067
413031300,2,G02387,777moonaliza,18054486
413127699,2,G01179,دخترایپاییزیمن03,18059761
413157558,2,G00270,گندم_خانم_,18061678
413183181,2,G03252,asma780,18055930
413239830,2,G01188,nazanin_i11,18066201
413274657,2,G01040,مژده۷۴,18068253
413310666,2,G01191,یه_گمراه,18070126
413345037,2,G01196,zahrasolatani2,18074754
413370263,2,G01196,zahrasolatani2,18078069
413404709,2,G03160,فروغ999,18082394
413478401,2,G03271,honey828,18089346
413486926,2,G01216,تیردختم,18089880
413487692,2,G01217,masoumehh7886,18090191
413488561,2,G01992,آوینادخترگلم,18090303
413498288,2,G01219,jhope_blue_side,18091097
413538102,2,G01223,89900saharsheytoni,18094505
413619204,2,G01229,paniz80pak,18103918
413670126,2,G03279,hammiddam,18109688
413685183,2,G03282,آمیرای,18111254
413710315,2,G03284,اسنیکرز,18111447
413717869,2,G01237,دخترتابستون۶۴,18113684
413776438,2,G03289,blackrosegirl,18120236
413780258,2,G02395,maya83,18120804
413780262,2,G02395,rozgolmaryam,18120804
413781566,2,G02395,زکریای_ناراززی,18120804
413816611,2,G01247,elin2678,18124726
413824818,2,G01247,elin2678,18124186
413878719,2,G01249,pandaaaaaaaa,18132268
413898382,2,G03300,افلاطون_معاصر,18134550
413905915,2,G03301,nedu,18134541
413920366,2,G03302,دخترک_قدیم,18137002
413924567,2,G01099,سبز_پاستیلی,18136480
413929889,2,G01252,مربای_بالنگ,18138093
413933415,2,G01255,پری_سیما8,18138497
413933598,2,G03309,دخترروزایسخت,18138425
413934410,2,G01255,raha_ali,18138497
413934425,2,G03310,melina_xo,18138586
413936407,2,G03312,كوردليا,18138747
413936915,2,G03315,غنچه۷۷,18138861
413936960,2,G03316,دریاخانوممم,18138889
413940170,2,G01261,هلیاخانومی,18137896
413941446,2,G01261,رهاااا80,18137896
413941834,2,G01261,رهاااا80,18137896
413942465,2,G02523,deleted_account,18139393
413945274,2,G01264,آنخماعو,18139622
413946377,2,G01265,دایاناـبری,18139651
413946638,2,G01266,janan_rise,18139936
413948492,2,G01265,دایاناـبری,18140073
413950241,2,G03331,گیسوی_آرشام,18139956
413957981,2,G03336,hgvff,18140769
413961046,2,G02404,asieh68raha,18141592
413962311,2,G02405,مآچ,18141602
413963260,2,G02407,meldz,18141840
413963565,2,G01280,nazizizizi,18140895
413964199,2,G03341,زمین_واژگون,18141899
413966167,2,G03343,2651386fatemeh,18142023
413966613,2,G01280,khanom_azi,18140895
413967427,2,G03345,5117mary,18141561
413968293,2,G01281,مارنی888,18142305
413970098,2,G01284,o_0bahar,18142454
413972660,2,G03348,مامانخانوم_دوقلوها,18138943
413972718,2,G01099,سبز_پاستیلی,18142661
413973132,2,G01288,pedram263,18142178
413973322,2,G01289,خزان_نارنجی,18142880
413974179,2,G01280,اوشنی,18140895
413975036,2,G01290,سلماززز,18143054
413977167,2,G01293,0ریحانه000000,18143437
413979830,2,G01294,دخترحساسیی,18143646
413981431,2,G01295,_r_m,18140144
413992952,2,G02411,شکوفه_توتفرنگی,18144787
thread_10130873_سلما1372_1401/10/26 08:51,2,G01313,سلما1372,10130873
thread_10179382_atabizemestoon_1401/11/02 01:22,2,G01319,atabizemestoon,10179382
thread_10185456_starter,2,G03366,عبد,10185456
thread_10233522_starter,2,G01320,rosaamom,10233522
thread_10514731_starter,2,G02417,aphrooodiiiteee,10514731
thread_10676035_starter,2,G02419,saraaaaaaaaaaaa45,10676035
thread_10723964_starter,2,G01337,شناسنامههههه,10723964
thread_10932921_هرماینی_ویزلی_1402/02/04 22:48,2,G03378,هرماینی_ویزلی,10932921
thread_10952183_starter,2,G03379,zahra2002mmm,10952183
thread_10952183_عطرعاشقی_1402/02/07 09:59,2,G03379,عطرعاشقی,10952183
thread_11018093_adrina_______1402/02/15 12:43,2,G03380,adrina______,11018093
thread_11038954_starter,2,G02420,برادرزاده_نینییار,11038954
thread_11050893_starter,2,G01342,تنهاوغریب۷۸,11050893
thread_11050893_تنهاوغریب۷۸_1402/02/19 19:15,2,G01342,تنهاوغریب۷۸,11050893
thread_11050893_مدیراستارتر_1402/02/19 19:09,2,G01342,مدیراستارتر,11050893
thread_11099636_starter,2,G01347,ahabashee,11099636
thread_11151960_starter,2,G01348,دخترایرانزمین,11151960
thread_11200287_starter,2,G01351,ahoooookhanom,11200287
thread_11226201_starter,2,G02421,یک_ملکه,11226201
thread_11237504_starter,2,G02423,mandana79,11237504
thread_11457979_tamin1828_1402/04/11 10:55,2,G01361,tamin1828,11457979
thread_11457979_حنا_دختری_در_رختخواب_1402/04/11 14:21,2,G01361,حنا_دختری_در_رختخواب,11457979
thread_11650928_ماه66_1402/05/05 04:19,2,G01368,ماه66,11650928
thread_11651384_starter,2,G01369,arqavan29,11651384
thread_11782399_starter,2,G01376,mjiczgnmk,11782399
thread_11805524_starter,2,G03397,مادر_خانومی2,11805524
thread_11806754_کوالاءخسته_1402/05/25 02:04,2,G03398,کوالاءخسته,11806754
thread_11898756_starter,2,G01382,خستهms,11898756
thread_11900475_starter,2,G03401,parisafe,11900475
thread_11912656_starter,2,G01385,کولهپشتی,11912656
thread_11976631_starter,2,G03404,پسرکوچولوم,11976631
thread_12033101_starter,2,G01388,77rozhan,12033101
thread_12127266_starter,2,G00927,کانگرو,12127266
thread_12173353_starter,2,G01395,bolora,12173353
thread_12182197_starter,2,G01396,منتظرظهور1402,12182197
thread_12233829_starter,2,G01399,selin1800,12233829
thread_12250008_starter,2,G01400,ساحل۷۱۷۹,12250008
thread_12306808_starter,2,G01401,موخوره,12306808
thread_12320753_starter,2,G01403,۷__yasiiiiiiiiiiiiii,12320753
thread_12381492_starter,2,G00161,yazista,12381492
thread_12408152_starter,2,G01408,۱۴۰۲lena,12408152
thread_12433679_starter,2,G01409,دلیولز,12433679
thread_12478351_starter,2,G00206,28kiana,12478351
thread_12609082_starter,2,G01421,cheshm_rangi80,12609082
thread_12610447_starter,2,G00190,girliran10,12610447
thread_12690442_starter,2,G01425,بهارمممممم,12690442
thread_12705455_starter,2,G01427,روونیا,12705455
thread_12705823_starter,2,G00198,شیداشریفی,12705823
thread_12744284_starter,2,G03421,moonshadaw1372,12744284
thread_12809113_starter,2,G00206,28kiana,12809113
thread_12853035_starter,2,G01436,7881ghzl,12853035
thread_12906305_starter,2,G01438,گلابی_خانوم_,12906305
thread_12942965_starter,2,G00220,پروازتابینهایت,12942965
thread_13045911_starter,2,G02437,hony81,13045911
thread_13078984_starter,2,G00198,eiffeljanam,13078984
thread_13107180_starter,2,G01449,زیبای_حقیقی,13107180
thread_13136280_starter,2,G00241,y_a_s_b,13136280
thread_13154191_starter,2,G01454,جوجو_ممد03,13154191
thread_13252844_starter,2,G01463,پریودددددممم,13252844
thread_13262859_zizigoolootabeta_1402/12/28 18:13,2,G03427,zizigoolootabeta,13262859
thread_13324508_چش_قشنگ_سابقم_1403/01/09 12:27,2,G03428,چش_قشنگ_سابقم,13324508
thread_13408817_starter,2,G01476,aniliya,13408817
thread_13409606_starter,2,G01478,soliii5040,13409606
thread_13418141_starter,2,G01481,miss_dabir,13418141
thread_13421264_starter,2,G00279,hana_khanomi97,13421264
thread_13486505_starter,2,G00299,maryam13849,13486505
thread_13509923_starter,2,G01490,saraaa1244,13509923
thread_13552822_starter,2,G00313,garibiyeman,13552822
thread_13621306_starter,2,G01499,somims,13621306
thread_13631552_starter,2,G00826,mahsagol,13631552
thread_13688728_starter,2,G00356,تااغبقققق,13688728
thread_13712193_starter,2,G03433,jeyran2,13712193
thread_13738914_starter,2,G01506,xfutdkfujdbuzgusig,13738914
thread_13767873_starter,2,G00356,تااغبقققق,13767873
thread_13825421_starter,2,G00356,تااغبقققق,13825421
thread_13916879_starter,2,G02444,mohi4350,13916879
thread_13929251_starter,2,G01521,مریم۵۲۴۵,13929251
thread_13953294_starter,2,G01523,۴نانا,13953294
thread_14073161_starter,2,G01535,reiha58,14073161
thread_14084967_starter,2,G01537,بنیتا۱۳۶۸,14084967
thread_14122377_starter,2,G03437,marjanbanooo,14122377
thread_14175165_starter,2,G01541,۸۴سیندرلا,14175165
thread_14183128_starter,2,G01541,۸۴سیندرلا,14183128
thread_14188064_starter,2,G01542,rose200,14188064
thread_14268488_starter,2,G03441,2500,14268488
thread_14279072_starter,2,G00425,خورشید_74_خورشید,14279072
thread_14282120_starter,2,G01550,ssfatemeh,14282120
thread_14347802_starter,2,G01558,samsam77,14347802
thread_14412953_starter,2,G01562,نیککک_ناممم,14412953
thread_14441712_starter,2,G01564,ماامی_کارن,14441712
thread_14455660_starter,2,G02451,jklmnopabcdefjhi,14455660
thread_14460512_starter,2,G02452,zari_gh_78,14460512
thread_14467942_starter,2,G01567,nil_hemmat,14467942
thread_14479280_starter,2,G01569,زری_جان,14479280
thread_14487444_starter,2,G01570,srtare1213,14487444
thread_14489390_starter,2,G00191,neyhhgjk۳۴دلشکسته,14489390
thread_14495712_starter,2,G00191,neyhhgjk۳۴دلشکسته,14495712
thread_14501261_starter,2,G00191,neyhhgjk۳۴دلشکسته,14501261
thread_14528072_starter,2,G00185,ays1380,14528072
thread_14554560_starter,2,G01580,سجیoضحی,14554560
thread_14568401_starter,2,G01582,ماما_بهارم,14568401
thread_14569073_starter,2,G01583,saye5121,14569073
thread_14574678_starter,2,G01582,ماما_بهارم,14574678
thread_14635054_starter,2,G03446,girl00,14635054
thread_14683643_starter,2,G01592,la_ra,14683643
thread_14694249_starter,2,G01593,cherry_66,14694249
thread_14715194_starter,2,G01594,sheida_1365,14715194
thread_14722033_starter,2,G00528,456gholiii,14722033
thread_14802157_starter,2,G01600,m924,14802157
thread_14819825_starter,2,G01601,mahiii00,14819825
thread_14826441_starter,2,G03450,ملکه_زیبایی۷۵,14826441
thread_14860315_starter,2,G01607,1379_leyla,14860315
thread_14863337_starter,2,G01583,saye5121,14863337
thread_14903020_starter,2,G00425,گنجیشکمهربون,14903020
thread_14921397_starter,2,G00185,ays1380,14921397
thread_14928367_starter,2,G00682,لیلیخانم,14928367
thread_14936228_starter,2,G02874,پشو,14936228
thread_14955659_starter,2,G01610,atefeh0915,14955659
thread_14967521_starter,2,G03455,vfjkno658kh,14967521
thread_15089633_starter,2,G01619,ندا_نیل,15089633
thread_15112662_starter,2,G01622,کلمنتاین۷۱,15112662
thread_15121481_starter,2,G01623,مبینامم,15121481
thread_15152301_starter,2,G01628,pupy,15152301
thread_15186766_starter,2,G01634,حدوجون,15186766
thread_15246176_starter,2,G01637,عروسکعروسک,15246176
thread_15271286_starter,2,G00467,مینولیا,15271286
thread_15328137_starter,2,G01641,fhguggi,15328137
thread_15366720_starter,2,G00593,71shishi,15366720
thread_15375726_starter,2,G01643,banafsheh1382,15375726
thread_15506923_starter,2,G01653,mahgolbano,15506923
thread_15506959_starter,2,G01653,mahgolbano,15506959
thread_15526324_starter,2,G01655,3تاره1372,15526324
thread_15538669_starter,2,G01656,دخترمهرباااان,15538669
thread_15544453_starter,2,G03462,mfkm,15544453
thread_15567623_starter,2,G02462,2wب,15567623
thread_15569844_starter,2,G01658,دلدلربا,15569844
thread_15671111_starter,2,G03464,fatemesrt,15671111
thread_15720488_starter,2,G00626,مردک__دلتنگ,15720488
thread_15734085_starter,2,G00623,خواهر_شوهر_جنیفر,15734085
thread_15745888_starter,2,G01674,elsa_zahra,15745888
thread_15830721_starter,2,G00645,mah1221ban,15830721
thread_15871327_starter,2,G01997,zar_bano,15871327
thread_15897989_starter,2,G01684,hlovea,15897989
thread_15936173_starter,2,G01689,شهریورماه7979,15936173
thread_15939513_starter,2,G01691,paka,15939513
thread_15940137_mosvi_1404/01/18 20:18,2,G01692,mosvi,15940137
thread_16026496_starter,2,G03470,آمیرام,16026496
thread_16026811_starter,2,G03471,مهندس_نصفه_نیمه,16026811
thread_16092036_starter,2,G01710,ززززهرااا,16092036
thread_16093272_starter,2,G01711,zahra0310,16093272
thread_16144796_starter,2,G01720,hli_10,16144796
thread_16157985_starter,2,G03477,mezm1398,16157985
thread_16169689_starter,2,G01725,نفس۱۴۰,16169689
thread_16201409_starter,2,G01733,فاطمهحیدری,16201409
thread_16245654_starter,2,G01737,ماري٨٨,16245654
thread_16251717_starter,2,G01737,ماري٨٨,16251717
thread_16253599_starter,2,G01738,سامیار1400,16253599
thread_16300821_starter,2,G01743,مهگل___9517,16300821
thread_16303045_starter,2,G01744,nora85,16303045
thread_16395518_behnam_59_1404/03/30 11:41,2,G01754,behnam_59,16395518
thread_16416779_starter,2,G03481,نانووووووووووووووووو,16416779
thread_16457132_starter,2,G01765,zahhira,16457132
thread_16522195_starter,2,G01774,mamanmontazer1403,16522195
thread_16537546_starter,2,G01778,farzane1375,16537546
thread_16576742_starter,2,G01802,انقد،حرف،نزن،باباااا,16576742
thread_16646973_starter,2,G02477,پسرمشهریار,16646973
thread_16685553_starter,2,G00830,چرخگوشت,16685553
thread_16698491_starter,2,G01795,ninimehمهرbanبان,16698491
thread_16741859_starter,2,G01799,dokhtareabi77,16741859
thread_16750723_starter,2,G01802,انقد،حرف،نزن،باباااا,16750723
thread_16784244_starter,2,G03487,momi_nini,16784244
thread_16810583_starter,2,G01808,aaaaammelika,16810583
thread_16810736_starter,2,G01808,aaaaammelika,16810736
thread_16824448_starter,2,G01812,ninimrz,16824448
thread_16876696_starter,2,G01820,ثراب,16876696
thread_16946803_starter,2,G01824,mit64,16946803
thread_16949850_starter,2,G01825,75tara,16949850
thread_16963527_starter,2,G01826,hadis_,16963527
thread_16976209_starter,2,G01835,beautysilent,16976209
thread_17041365_starter,2,G01832,مامان2دخترناز,17041365
thread_17070067_starter,2,G01835,beautysilent,17070067
thread_17092677_starter,2,G01837,leily2001,17092677
thread_17136656_starter,2,G02347,maaahed,17136656
thread_17171204_starter,2,G01843,آوا_دختره_آقا_جعفر,17171204
thread_17174375_starter,2,G01844,arshida5555,17174375
thread_17193053_starter,2,G01846,pari_paria98,17193053
thread_17253815_starter,2,G01853,فندوق25,17253815
thread_17279461_starter,2,G01858,vakillayandeh83,17279461
thread_17349430_starter,2,G01868,حیرادددد,17349430
thread_17349734_starter,2,G01869,شبنم1377,17349734
thread_17375891_starter,2,G01875,گوگولیزهرا,17375891
thread_17401588_starter,2,G03502,fofoll,17401588
thread_17478052_starter,2,G01892,حبه_پصغر,17478052
thread_17481838_starter,2,G01893,ترنج۷۶۷,17481838
thread_17486203_starter,2,G01894,sahrajoon,17486203
thread_17502985_starter,2,G01900,aa57za12m,17502985
thread_17511477_starter,2,G01906,پرنیااااا23,17511477
thread_17521535_starter,2,G01907,مریم۶۷۷۷,17521535
thread_17531095_starter,2,G01910,mf128,17531095
thread_17533405_starter,2,G01912,ناخدای,17533405
thread_17562526_starter,2,G03509,snowgoddess,17562526
thread_17564329_starter,2,G01918,آفسونگر,17564329
thread_17568041_starter,2,G01919,شکلاات_تلخ,17568041
thread_17596461_starter,2,G01048,دنیا8420,17596461
thread_17612899_starter,2,G01926,roghi_am,17612899
thread_17616852_starter,2,G02499,kamand221,17616852
thread_17629509_starter,2,G01927,fatijoooonam,17629509
thread_17699986_starter,2,G02500,stronggirllllll,17699986
thread_17707547_starter,2,G01945,نینانینانینا,17707547
thread_17716204_starter,2,G01947,اعظم۹۴۱۱۱۸,17716204
thread_17761584_starter,2,G01958,باران3344,17761584
thread_17766584_starter,2,G01959,جانان7095,17766584
thread_17769566_starter,2,G01018,parmiss11,17769566
thread_17782573_starter,2,G02500,stronggirllllll,17782573
thread_17827738_starter,2,G01971,2222nazi,17827738
thread_17868718_starter,2,G01048,دنیا8420,17868718
thread_17884387_starter,2,G01983,nazgol_moshiri,17884387
thread_17888099_starter,2,G01985,mainik,17888099
thread_17914151_starter,2,G01992,آوینادخترگلم,17914151
thread_17918987_starter,2,G01993,سحر109,17918987
thread_17922937_starter,2,G01994,روماااا,17922937
thread_17925465_starter,2,G01995,دوریناس,17925465
thread_17930297_starter,2,G02505,mamanna,17930297
thread_17931047_starter,2,G01031,kobz,17931047
thread_17940385_starter,2,G01997,zar_bano,17940385
thread_17946364_starter,2,G02001,دلوین۲۳۶,17946364
thread_17962215_starter,2,G03519,maedeheidari,17962215
thread_17964171_starter,2,G02008,barana838,17964171
thread_17973744_starter,2,G02509,silvermoon89,17973744
thread_17981136_starter,2,G01097,arosaknokhodi,17981136
thread_17989125_starter,2,G02025,بانوی_نجیب,17989125
thread_17991409_starter,2,G02028,nafas2022,17991409
thread_17991637_starter,2,G01725,نفس۱۴۰,17991637
thread_17993895_starter,2,G02030,_anisa_,17993895
thread_18005594_starter,2,G00884,بانوی_سرزنده,18005594
thread_18017920_starter,2,G02037,روزگاربدتاکردبامن,18017920
thread_18018715_starter,2,G03527,خانمmoshaver,18018715
thread_18018902_starter,2,G02038,nanajonnnn7,18018902
thread_18025043_starter,2,G02045,nilvana73,18025043
thread_18032368_starter,2,G03529,خفته__chica_,18032368
thread_18040866_starter,2,G02055,مهرووو18,18040866
thread_18041098_starter,2,G02514,پاپیون__صورتی,18041098
thread_18061678_starter,2,G00270,sodabeh_niko7979,18061678
thread_18061785_starter,2,G01018,parmiss11,18061785
thread_18082186_starter,2,G03534,lolipopi,18082186
thread_18089157_starter,2,G01018,parmiss11,18089157
thread_18090539_starter,2,G03535,nana2525,18090539
thread_18091117_starter,2,G02074,ایلماهههههه,18091117
thread_18101157_starter,2,G03536,user82492,18101157
thread_18115856_starter,2,G02517,bahar138000000000,18115856
thread_18124999_starter,2,G02517,bahar138000000000,18124999
thread_18126235_starter,2,G02089,چشمامو_معنی_کن,18126235
thread_18129104_starter,2,G02518,phadis1370,18129104
thread_18131684_starter,2,G02090,الکسانا,18131684
thread_18137764_starter,2,G02091,shafa1234,18137764
thread_18137777_starter,2,G03541,مرمریـای,18137777
thread_18137896_starter,2,G01261,ملیکا__۸۰,18137896
thread_18138146_starter,2,G03542,mahimooni,18138146
thread_18138461_starter,2,G03544,rozhan_asnta,18138461
thread_18138935_starter,2,G02097,جوجهتپلی,18138935
thread_18139228_starter,2,G02099,lili999,18139228
thread_18139236_starter,2,G02523,deleted_account,18139236
thread_18139240_starter,2,G02100,اهوو1385,18139240
thread_18139371_starter,2,G03546,asiiiiiooooo,18139371
thread_18139798_starter,2,G03548,rahaaaaaaaaaa1314,18139798
thread_18139910_starter,2,G03549,arinasorii,18139910
thread_18141665_starter,2,G03553,احمدی_نژاد,18141665
thread_18141855_starter,2,G02100,اهوو1385,18141855
thread_18141922_starter,2,G02100,اهوو1385,18141922
thread_18141943_starter,2,G03554,بدبختقلبشکسته,18141943
thread_18144946_starter,2,G02118,hasti9130,18144946
thread_18144989_starter,2,G03558,scarlett11,18144989
thread_6077129_ورودجدید_1399/12/23 13:49,2,G03559,ورودجدید,6077129
thread_6197391_2wب_1400/01/14 19:34,2,G02462,2wب,6197391
thread_6215359_عمردرسکوت_1400/01/17 11:52,2,G02123,عمردرسکوت,6215359
thread_6309299_7887frshte_1400/01/31 00:17,2,G02535,7887frshte,6309299
thread_6341246_starter,2,G03565,delda,6341246
thread_6485839_yziba89_1400/02/26 02:06,2,G02133,yziba89,6485839
thread_6485839_ziba1380_1400/02/26 01:55,2,G02133,ziba1380,6485839
thread_6485839_طلا۶۰_1400/02/26 01:46,2,G02133,طلا۶۰,6485839
thread_6489092_ارزوجان_1400/02/26 16:37,2,G02134,ارزوجان,6489092
thread_6489092_ملکه_یخی_هستم_1400/02/26 16:28,2,G02134,ملکه_یخی_هستم,6489092
thread_6512194_tanhaaaaaaam_1400/02/30 03:06,2,G02136,tanhaaaaaaam,6512194
thread_6530624_fh137275_1400/03/02 01:03,2,G03566,fh137275,6530624
thread_7145501_alaae_1400/06/07 02:34,2,G02539,alaae,7145501
thread_7225282_0dayana0_1400/06/19 11:42,2,G02152,0dayana0,7225282
thread_7225282_aynaz3676_1400/06/19 11:42,2,G02152,aynaz3676,7225282
thread_7286272_starter,2,G02154,مهتاب۶۷,7286272
thread_7389673_مرغانه_1400/07/14 09:58,2,G02156,مرغانه,7389673
thread_7389673_مرغانه_1400/07/15 01:17,2,G02156,مرغانه,7389673
thread_7541180_starter,2,G02158,sogolijonshiraz,7541180
thread_7839876_starter,2,G02165,sabaaaa6565,7839876
thread_7856775_samin_a_1400/10/06 13:24,2,G03583,samin_a,7856775
thread_7978999_hejran1400_1400/10/27 14:21,2,G02167,hejran1400,7978999
thread_8354667_kajal63_1401/01/02 13:39,2,G02172,kajal63,8354667
thread_8506003_توسکا95_1401/01/30 02:06,2,G03594,توسکا95,8506003
thread_8894618_جییییگر_1401/04/03 15:23,2,G02188,جییییگر,8894618
thread_9078130_phr_1401/05/02 23:35,2,G02191,phr,9078130
thread_9078130_sama_kocholo_1401/05/02 23:38,2,G02191,sama_kocholo,9078130
thread_9120914_rozitakhanomi_1401/05/09 20:00,2,G03604,rozitakhanomi,9120914
thread_9207233_starter,2,G02192,mooshiiii,9207233
thread_9284614_starter,2,G03605,بهار2012,9284614
thread_9443994_starter,2,G02198,مارال۱۳۸۸,9443994
thread_9453838_starter,2,G02200,elii_75,9453838
thread_9536090_starter,2,G02201,dokhtare_bahar6870,9536090
thread_9642299_گلnooش_1401/08/18 00:32,2,G03611,گلnooش,9642299
thread_9648957_22aseman558_1401/08/19 00:25,2,G03612,22aseman558,9648957
thread_9677776_1parvaz_1402/06/25 20:54,2,G02548,1parvaz,9677776
thread_9725395_مارال37_1401/08/30 15:45,2,G02549,مارال37,9725395
thread_9736375_l_am_ryhane_1401/09/02 12:46,2,G02206,l_am_ryhane,9736375
thread_9736375_saberehhhhh_1401/09/02 13:48,2,G02206,saberehhhhh,9736375
thread_9761611___قاصدک___1401/09/06 10:25,2,G02208,__قاصدک__,9761611
thread_9816857_starter,2,G02211,لیلاخواهر,9816857
thread_9848289_starter,2,G03618,ماهک۴۰۰,9848289
thread_9936634_starter,2,G00078,نشاط۶۶,9936634
247447668,3,G00001,mommy_narges,9116046
249430380,3,G00003,باقلوا_استانبولي,9244226
252781142,3,G00005,اروشا_گلی,9403471
252781771,3,G00005,توسکا۱۹۹۵,9403471
254941053,3,G00010,mami_reyhan,9502617
256747888,3,G00013,آیدا۷۷۷,9576910
256748376,3,G00013,عشق_کرامتم,9576910
257729396,3,G00014,qadr_night,9620760
257729451,3,G00014,چاوجوانگم1373,9620760
262539355,3,G00023,مریساگلی1,9825243
262540230,3,G00023,astiiii,9825243
262649879,3,G00025,nazbaby,9829872
264122188,3,G00028,radvinmamani,9892363
264123022,3,G00028,radvinmamani,9892363
267390340,3,G02415,mamanalivaabra,10035208
268352156,3,G01312,9979,10075915
270588835,3,G02573,دهخدا۱۳۸۰,10180264
271263144,3,G02576,norra,10212380
272962057,3,G00040,الیزابت_بنت,10295423
272963019,3,G00040,ملوسسس,10295423
272963433,3,G00040,الیزابت_بنت,10295423
272964892,3,G00040,۳۵۳۴,10295423
276515974,3,G02582,nakhon,10451019
276962686,3,G00052,گیسو_کمند_,10470944
276974454,3,G00052,nilofayaz,10470944
277361152,3,G00053,m_a738,10487660
277845997,3,G02583,19nazgl,10498578
278195679,3,G02584,76ghesmat,10523879
279543448,3,G02586,golkhatoon,10583186
280163622,3,G02588,mansa_banoo,10608837
284071614,3,G00064,پاشاجانم,10779882
284349373,3,G02593,جاریتونم_۲,10792575
284918386,3,G02594,ستوندنیا,10819071
286512519,3,G02598,رومینا20,10889898
290822978,3,G00080,_رامینا_,11088756
290929873,3,G00080,کاچیران,11093436
291999037,3,G02607,الناخانم2,11143278
293514675,3,G00082,پنجره_شاهد_است,11213020
293691572,3,G02613,دوبرره,11220766
295933469,3,G00088,nnyn63,11324991
298224094,3,G02624,namimather,11432545
298303722,3,G02624,دلسوزهمه,11432545
299005740,3,G00097,m_janan,11470766
299006015,3,G00097,m_janan,11470766
299792420,3,G00098,barhang,11509017
299797815,3,G00098,fatemezahraaaam,11509017
301792935,3,G00102,a1s3m8a3,11605400
304887674,3,G02633,فنچ_قرمز,11680745
305176147,3,G00111,سایه300,11747162
305228734,3,G01359,7874faezeh,11773383
305320665,3,G00113,عسل_نفس_مامان,11778201
306064222,3,G00116,sahar11112222,11815883
306073100,3,G00116,12zeynaab,11815883
307005765,3,G00119,sammmiiinnnnn,11866180
307802936,3,G02640,هیاهو79,11910064
307929995,3,G00126,_khorshid_taban00,11916315
308096498,3,G02641,یک_موز_گمنام,11925379
308244450,3,G02642,سرذاتتذذ,11932938
308300129,3,G02643,نرگس۲۰۲۰,11935959
308584320,3,G00133,elaheh_rahmati,11949875
309145932,3,G02243,مادروپسران,11975638
309161205,3,G02243,مادروپسران,11975638
310040992,3,G02645,azzin,12025925
311579346,3,G00145,tala_roshana,10190146
314155102,3,G00149,سلاطین_سلیطه_ها,12248747
314911842,3,G02654,لیلای_عاشق_4,12291708
314915388,3,G02654,shiba999,12291708
315007101,3,G02656,امپراطریس,12296938
315469896,3,G02657,منو_خوشبختی_محاله,12322017
315758933,3,G02659,شاه_دخت,12338423
315984241,3,G02660,taraton,12351103
317870742,3,G00168,قبرممم,12440267
318347429,3,G00169,هدیه۱۳۶۹۷۷,12478809
320398633,3,G02674,خدای۱ستار,12593521
320772915,3,G00192,8282zizi,12612957
320952895,3,G02677,آرمیتاگل,12622367
321197800,3,G00195,saeedeeeee,12636138
321198139,3,G00195,پیتزاوکبابی,12636138
321275370,3,G00064,lady_macbeth,10779882
322179619,3,G02682,reihoon96,12689991
322650749,3,G02684,_طوطی_برزیلی,12719664
322657947,3,G00199,مهتاب_(مامان_اقا_علیرضا),12720021
322657977,3,G00199,dinaad,12720021
323424219,3,G02687,خوشگلعالمم,12764297
326079291,3,G02694,اذری_قیزیام,12912636
326108264,3,G00211,goleabi,12914287
326108608,3,G00211,madli_khanoom,12914287
326447592,3,G00218,انتگرال_پاریس,12932091
326489967,3,G00219,royaa16,12934369
326901431,3,G02698,آرامششش۳۶۹,12957523
327626890,3,G00226,دکترزعیمی,12997161
327988577,3,G00228,mahyamaleki,12895860
328340973,3,G00231,خورشید۷۷,13037359
328726567,3,G02258,کوجدانه,13058543
329037562,3,G00234,ملکه_ی_صورتی,13077078
329205968,3,G02706,گلینا,13086724
329828741,3,G00237,najla13,13121998
329898027,3,G00238,اعتمادعسل,13125550
330365699,3,G00242,darya0079,13150796
330367291,3,G00242,ساندویچ_تنوری,13150796
330441818,3,G00244,dibasss,13155086
331950422,3,G02262,مریم_امیرجلالی,13238754
334254329,3,G00271,eraan,13370273
334318930,3,G02263,خوشکلتونمbb,13374259
334474713,3,G02725,yeganeh_1996,13383216
334658128,3,G02264,حناباااانو,13393173
334729594,3,G02726,fatiiiih,13397190
335237949,3,G00281,مامانهریحانه,13427392
335238798,3,G00281,مامانهریحانه,13427392
335257267,3,G00282,niiloo72,13428233
335608107,3,G00287,babooneh69,13401592
335685576,3,G02729,تینادانشجوپزشکی,13451196
335863990,3,G00292,negar_mo,13461830
336139551,3,G02730,loviiiiiiin,13477050
336998037,3,G02734,sholly,13524517
337049933,3,G00309,mahboubeh71,13527383
337659309,3,G00314,اتیشسردجدید,13560626
337922327,3,G00319,دلال,13575537
337942326,3,G00320,خوشگل_خانومی,13576537
338011055,3,G00321,همسفربهشت,13580463
338390919,3,G00323,۲۵shahrzad25,13602033
339479631,3,G02748,801380,13661349
340957670,3,G02754,lilith_a,13747583
341034298,3,G02269,meriferi,13752589
341109592,3,G02755,fatemehrasolzade79,13757130
341400247,3,G02761,نازنینحسینی,13773974
341539423,3,G00346,سیاسنگی,13781960
341539949,3,G00346,کربنی,13781960
341777940,3,G00347,dina__27,13795760
341837047,3,G00348,ماهی_عاشق,13799384
342272396,3,G00355,sabzy,13825041
342272426,3,G00355,sogand8979977,13825041
342317416,3,G00357,سایه307,13828308
342318807,3,G00357,masir9,13828308
342401332,3,G00358,21roya,13833335
342454532,3,G00360,*_پر_پیـــــــــن_*,13836164
343581803,3,G00370,حلماخانمم,13901412
343589927,3,G00370,محمدجوادقندی,13901412
343769000,3,G00371,الیزابلا,13911682
344852503,3,G02785,شلوار_پلنگیی,13978673
345217002,3,G00385,kosarrrr80,14001063
345604869,3,G02790,royyyya,14025741
346257194,3,G02793,fm8639,14067100
346602295,3,G02794,گارفیلد27998,14086410
347075759,3,G00404,رز_بنفش_موقت,14113744
347085078,3,G02798,ماماسیتا,14114396
347380126,3,G02275,زردیواش7333,14132901
347667705,3,G02799,برف۱۳۷۵,14150820
347756525,3,G02800,آیاناراناربیابه,14155819
349004054,3,G01540,مامانسیدعلیرضا75,14241794
349112067,3,G00418,خداوند_رنگین_کمان,14248616
349139426,3,G00419,ملووووووووس,14230837
349156298,3,G00419,ملووووووووس,14230837
349439455,3,G00422,ایلیاجوووووونی,14267532
349440063,3,G00422,خانوم_کوووچیک,14267532
349541242,3,G00423,4615nafas,14273692
350804606,3,G00432,nurabanoooooooooo,14344200
350812851,3,G01575,اردی_به_عشق,14344920
350906409,3,G00435,کمکمکنیدلطفا,14350092
351508557,3,G02818,هنا۷۲,14384132
351555867,3,G02819,مادربیتجربه,14386439
351632037,3,G00439,mahshar666,14391310
351644812,3,G00442,paarisaa,14391969
351792283,3,G00442,آرااااامشششش,14391969
351830727,3,G02282,خوشبخت_دوعالم,14403213
352377506,3,G02821,flower75,14435148
352727905,3,G02822,kkkmmm,14455651
353277521,3,G00448,دختر_سربه_زیر,14489313
353314292,3,G02825,gilda96,14491466
353967398,3,G02830,کلاینایا,14531447
354234745,3,G00461,پرنسس__دیانا,14547500
355857137,3,G02285,nnnnmnnnnn,14646122
356290569,3,G00926,شادلو,14671762
356304771,3,G00477,امیرمهدیشون,14672766
356406284,3,G00476,mahijoooon,14678577
356407157,3,G00477,پیتزاکباب,14678668
356407833,3,G00477,امیرمهدیشون,14678668
356662263,3,G00480,maryam_golii79,14696437
357612732,3,G00487,mah_banoo_jannnnnnna,14752993
357800750,3,G02842,رنگین_کماان,14764054
357838242,3,G02843,زنoمشدیoرضایوم,14766230
358583383,3,G00492,0935,14808129
358953365,3,G02295,آرزو1371,14828622
359000941,3,G02296,spongeee_bob2,14831442
359146087,3,G00495,دیبا۲دیباجی,14839593
359454147,3,G00501,asamin26,14855735
359796571,3,G00504,hana_arfd,14874637
359826195,3,G00506,emmetttt,14876296
359827197,3,G00506,emmetttt,14876296
359827758,3,G00506,bestregards,14876296
359833586,3,G00370,سحرhپسرمامان,14874597
359940626,3,G00508,ساحل_۳۳,14882440
359962909,3,G00370,تعلیقی_بدبخت,14874597
360497050,3,G02298,عشقمدخترانم,14914941
361505283,3,G00370,محمدجوادقندی,14874597
361666162,3,G00520,sofia62,14980550
361666311,3,G00520,tarneh,14980550
362743486,3,G02862,سارينا٧,15039592
362832092,3,G02864,gole_bado0m,15031809
363489940,3,G02871,ارغوان186,15080053
363770941,3,G02303,پریدن,15094781
363904931,3,G00542,mahlin7976,15102053
363929588,3,G00542,banooyejonobi,15102053
364468234,3,G00543,دختر_چادری,15125357
364753932,3,G00548,دنياوارونه,15148253
364953826,3,G00551,ماهمن۱۳۷۶,15159204
365109080,3,G00553,chgtjk,15168439
365139241,3,G02877,sunrose,15170420
365884744,3,G02880,ترانه_پاییزی,15214263
366317363,3,G02884,imzahrw,15238248
366406849,3,G00565,بانوآذرخش,15243272
366992279,3,G02886,o__x,15276923
368306370,3,G00573,saraaan1,15353110
368439587,3,G00575,آرامش403,12969680
368749284,3,G02891,هوزاد,15379340
368839039,3,G00764,یاوقت,15384852
368839888,3,G00764,a13b14,15384852
368961081,3,G00579,مادرفرانکی,15391970
369250570,3,G00573,saraaan1,15398888
369270193,3,G02307,mahliiiiiiin_11,15410053
369270210,3,G00583,rahaaaaa_3498,15409968
369410381,3,G00584,gisoparishon,15418471
369556023,3,G02895,آذرم02,15427497
369952334,3,G00588,باران001,15450870
370705363,3,G02902,یاسمن1315,15494243
370705733,3,G02902,سبز_,15494243
371274430,3,G00600,مااااااارین,15527747
371604742,3,G02907,alaleh2474,15548296
371717060,3,G02909,مخمل85,15555286
372919637,3,G00610,fluffygirl,15629751
373053551,3,G02914,rshid,15638685
373314928,3,G00584,gisoparishon,15654861
373427573,3,G02311,family,15316560
373443451,3,G00836,گرتل۴,15662867
373869226,3,G00615,moooalemmmm,15689766
373913392,3,G00616,باافتخارایران,15692693
374244690,3,G00621,فامیل_دومادم,15712428
374245737,3,G00621,فامیل_دومادم,15712428
374245781,3,G00621,chawkal,15712428
374732827,3,G02917,گیزل,15741692
374774397,3,G02313,مادرشو,15743878
374817026,3,G00631,پانیسامنم,15744440
374820957,3,G00631,nooshdaro,15744440
375660979,3,G00640,dcgfd,15796788
376283558,3,G01678,آدلیام,15832348
376828218,3,G01574,بالغ,15867865
376899926,3,G02314,پسر،بد,15872151
377226504,3,G02926,سرآشپززهرا,15892372
377779748,3,G00656,saharjoon65,15928237
377780593,3,G02929,affsooooonni,15928260
378104331,3,G00660,ghalbyakhiiiiiii,15949296
378354377,3,G00662,یادمادرم,15964206
378400133,3,G02931,نگار_00,15967075
378542046,3,G00663,ماماسلما,12659370
378704409,3,G00665,elahe_aab_1994,15984962
378866355,3,G02316,1991coraline,15994489
378970321,3,G00669,shamimyad96,16000404
378971173,3,G00669,mamysouren7,16000404
379865792,3,G00676,نگهبانان,16054161
380046125,3,G00679,1381yasaman,16065596
380079282,3,G00680,رستا_80,16067591
380194321,3,G00681,پاییززززززز,16074736
380197822,3,G00681,farnaz6962,16074736
380382861,3,G00683,خوشبخت،,16086421
380739627,3,G00687,nbnbez,16108558
380865388,3,G02945,گلبانوجانم,16117169
380971259,3,G00688,فرررررر,16124074
381160774,3,G00688,michaelscofild,16124074
381161064,3,G00688,الهید,16124074
381201065,3,G00690,نسرین1657,16138139
381577311,3,G00698,هواپونوپونو,16161709
381577330,3,G00698,زائرالرضا0123,16161709
381723989,3,G02319,دخترمردم,16170648
381927186,3,G00700,mobina8284,16183259
381969943,3,G02320,زیبای_آرام_منم,16185990
382026622,3,G00506,مامان_دلارام_کوروش,16189574
382241337,3,G00707,نیکونام_,16202726
382584881,3,G00712,nazaninzahra79,16224124
382584969,3,G00712,nazaninzahra79,16224124
382585438,3,G00712,نون_چرب_زیرکوبیده,16224124
382653095,3,G02323,lanisa,16228256
382713909,3,G02961,ane1378,16232117
382780811,3,G00717,اناریاقوت,16236381
382804280,3,G01735,totfarangi_1,16237925
382846911,3,G02325,sfcstgsdf,16240529
382910056,3,G02963,00chita00,16244463
383065239,3,G02965,موفقپایدار,16253920
383174061,3,G00723,گلی۲۴,16260701
383196685,3,G00724,نفسr,16262000
383282577,3,G02326,عسلمیa1384,16267412
383463973,3,G00728,شورت_بنفش,16278250
383463986,3,G00728,بخاطرخودت,16278250
383465252,3,G00728,پرنیان۹۵۹۸,16278250
383763608,3,G02327,زن_شرقی,16296403
383791500,3,G02970,zshgh,16298170
383791945,3,G02970,mehraban_g,16298170
383814176,3,G00732,z727272,16299379
383871675,3,G00733,حدهطفطت,16302658
383930328,3,G02328,زرشکی,16282893
383942900,3,G00734,**شاهدخت**,16307245
384417763,3,G02973,qazalbanoooo,16335751
384777518,3,G00741,a_nora,16356524
384787710,3,G00743,drean,16324621
384964858,3,G02979,ایلین__258,16367667
384966818,3,G00746,مردک0عاشق,16364494
385603410,3,G00752,hosna92,16406532
385746397,3,G02980,woman_life,16414082
386025280,3,G02981,goliiiiiiiiisa,16430344
386141946,3,G02984,malih_e,16437831
386691251,3,G02332,خارسو,16471144
386769674,3,G00762,m_bb,16475732
387151701,3,G00764,a13b14,16496895
387749534,3,G00768,ایلیوس,16530109
388149783,3,G00772,aloneman67,16554170
388429429,3,G02335,آیین6,16570411
389012725,3,G02995,mahak401,16605923
389373435,3,G02997,nargess031,16627335
389493326,3,G00788,59samandoon,16634648
390328419,3,G03002,2014atash,16685819
390437997,3,G03003,bahar_khanoomiii,16692499
390654104,3,G03005,sefidbarfi73,16705573
391047746,3,G00805,فرانتکار,16729378
392279684,3,G00814,بانوزلیخا55,16802946
392279952,3,G00814,mmmmbb,16802946
393050114,3,G00821,zazar_jooon,16849234
393852002,3,G00832,baharm77,16898875
394046897,3,G00834,شفق__قطبی,16911201
394087598,3,G00836,گرتل۴,16913919
394450709,3,G03020,11mah11,16936694
394805181,3,G00840,عسللللللم,16958833
394805238,3,G00840,عسللللللم,16958833
394908535,3,G00841,بهار_132,16965234
395056071,3,G03023,خرمالو_گس,16973974
395677069,3,G02342,25saha,17011275
396498739,3,G00480,maryam_golii79,17052719
396567976,3,G00851,ارمای۹۸,17063577
396661925,3,G03033,الناز6771,17069359
396788437,3,G03034,مژیشونم,17076635
397874438,3,G00707,نیکونام_,17142691
397923642,3,G00868,seti1122,17146308
398027783,3,G03041,hamedjan,17153038
398481592,3,G03043,mahmahs,17182973
398843756,3,G00873,velvetvenom,17206352
399144660,3,G03047,کارامان,17225485
399418579,3,G00881,lavia_2,17243264
399930724,3,G00886,رویا7565402,17275763
400066613,3,G03053,shirinعسلم,17286086
400078855,3,G03054,gian,17286868
400178717,3,G01873,lena01,17293356
400223648,3,G03055,لیلای_بی_عشق,17296242
400261413,3,G03056,b8s2,17298434
400485584,3,G00894,amalis,17312693
400530170,3,G03063,سویل75,17315392
400530861,3,G03063,donyay,17315392
400696003,3,G00896,نگار447,17325994
400927821,3,G00903,دلشیدآسمان,17339907
400959905,3,G00904,alone67,17342286
400991624,3,G00906,رویانیان,17344083
401085637,3,G00906,رویانیان,17344083
401268293,3,G00912,بتوچ,17361908
401268649,3,G00912,تانیا66,17361908
401497877,3,G00966,ماههههههههههی,17376606
401791199,3,G03074,عروسک6369,17395126
401839015,3,G03076,آبنباتوو,17394024
402274003,3,G00926,شادلو,17426114
402462036,3,G00932,ققنوس101,17438084
402462286,3,G00932,ققنوس101,17438084
402462565,3,G00932,ققنوس101,17438084
402554430,3,G00958,پیشیار,17444017
402663467,3,G00903,دلشیدآسمان,17450752
402914440,3,G00936,tutka,17466537
402973661,3,G00937,فاطمه6429,17470157
402973688,3,G00937,sim_sim,17470157
402975476,3,G00937,mistahere,17470157
403057637,3,G00938,عفت_زجه_زن۲,17475297
403160790,3,G00940,پروانه_جون۲۲,17481739
403202708,3,G03094,چترآبی۷۵,17484189
403340401,3,G03096,فن_فسنجون,17493129
403675514,3,G00948,مامان_آقای_مهربون,17514849
404068300,3,G01914,pishiehkhisss,17539498
404138438,3,G00958,پیشیار,17543925
404332023,3,G03106,zahra287287,17555114
404755199,3,G00965,soofiya74,17583210
404825643,3,G00966,ماههههههههههی,17583951
404912057,3,G03114,rose_ct,17593231
404985851,3,G03115,mahlin7376404,17598361
405586796,3,G03118,ijoonzin,17635410
405716550,3,G00728,شورت_بنفش,17643797
406086933,3,G03122,atefeh6774,17665788
406224712,3,G00984,منآد,17673726
406355020,3,G00989,تمنااا8تنهااا,17680065
406549156,3,G00995,وای_بابام_اومد,17689163
407028864,3,G03133,samane13404,17713332
407252186,3,G03137,مرمزی,17725561
407360931,3,G01010,zahra_alz,17731493
407461762,3,G02364,ouy_moon2,17736564
407649988,3,G00840,عسللللللم,17746982
407753234,3,G00903,دلشیدآسمان,17749917
407783381,3,G01012,samaneh66,17754535
407923106,3,G01015,aramdartanhayi138,17760034
407978724,3,G00665,elahe_aab_1994,17765309
408000110,3,G02367,hani_fn,17766611
408286174,3,G01021,zgh1996,17624684
408391810,3,G01024,جهان_هستی2,17790153
408466833,3,G01026,ماهمنير,17794557
408490480,3,G01038,mamanbnita,17787996
408543031,3,G01965,ماه_بارانی,17798894
408568963,3,G03151,مامان_طاها۹۷,17800723
408578149,3,G03152,nikicutee,17801225
408672088,3,G03153,____sara_____,17806906
408772267,3,G01038,رز_سپید,17812767
408781970,3,G03154,mommy_to_be,17813275
409026200,3,G01049,کانیا34,17828029
409120922,3,G03156,zarzarrrr,17833454
409127688,3,G03156,مترجم_هستم,17833454
409868022,3,G03165,فریاد_بی_صدا_,17874762
409868178,3,G03165,mahoormm,17874762
410100403,3,G01062,oooosimabano,17888323
410254833,3,G01066,آرامش_مطلقم_من,17897078
410267376,3,G01067,ربیعا,17897820
410280560,3,G01068,matii۲۰,17898471
410281046,3,G01068,matii۲۰,17898471
410864402,3,G01076,ifarnazm,17931148
410952580,3,G01091,tanhamkhoda,17935261
411282654,3,G01066,آرامش_مطلقم_من,17955011
411490383,3,G03170,دوست،دارم_,17967671
411566829,3,G03172,امیدهمیشگی,17971901
411589556,3,G02011,11111111111112222222,17972915
411595177,3,G01088,ookro,17973422
411595431,3,G01088,arawmm,17973422
411595548,3,G01088,زندگییییییی,17973422
411606821,3,G03174,shakrf11,17974046
411671928,3,G01091,جبرائیل,17977391
411672051,3,G01091,tanhamkhoda,17977391
411683224,3,G01093,princess_janan,17978187
411789793,3,G03185,phatiiiaa,17984164
411789887,3,G03186,aureliarae,17984113
411859088,3,G01105,melika1ak,17987827
411881180,3,G01108,mama2baby,17988902
411884706,3,G03190,_غمگینکم_,17989064
411913737,3,G01115,ویتوکورلئونه,17990740
411928490,3,G02376,dokhtaresahel,17991402
411958253,3,G01118,گیلاس_جون,17993234
412024546,3,G03200,shaddabb,17997133
412024806,3,G01121,deltangg,17997148
412113660,3,G02378,عرپ,17996891
412136285,3,G01125,ahimsa,18003617
412149764,3,G03203,momsami,18004382
412181144,3,G01129,ghjigfhkjgg,18005993
412190785,3,G03207,بات_قعرم,18006605
412236985,3,G01132,m7979,18009322
412269301,3,G01134,بانو_خوشخنده,18011192
412309996,3,G03210,immonimoni,18013457
412373377,3,G01142,ساناز۸۷۴۰,18017271
412374271,3,G01143,نازگل6890,18017398
412406148,3,G01145,مامان_فاطمه270,18019198
412406255,3,G03215,خانمـجهانگیری,18019099
412472636,3,G03217,قینوس,18022943
412515195,3,G03219,سامیه_قدیم_۹۲,18025407
412521704,3,G00548,دنياوارونه,18025750
412569057,3,G01154,داستان_زندگیم,18023341
412582162,3,G03224,دخترکeمهربون,18029196
412595308,3,G02047,دختروپسر,18027846
412719646,3,G01156,bernadetsolo,18037054
412754051,3,G03229,asma4831,18033166
412766363,3,G03230,هانامونتانا,18039557
412781254,3,G01160,shiiiva,18040424
412781358,3,G01160,لیناااااااا,18040424
412928406,3,G03238,اندیشه۶۷,18048626
412965951,3,G01170,7575saed,18050546
412985206,3,G03240,لیناتوپی,18051743
412986171,3,G03241,mommortal,18051819
413011203,3,G02386,negara2323,18053354
413016176,3,G02386,negara2323,18053354
413023200,3,G01176,alonegirl1212,18053993
413024473,3,G03243,لیلا_leyla,18054092
413024792,3,G01176,asalii_honey,18053993
413033784,3,G01176,خانومـاقامحمدم,18053993
413042956,3,G01177,teh123,18054497
413070547,3,G03245,حدیثه1ف2م,18056707
413101443,3,G03249,golizizi,18058303
413123507,3,G01764,11mahlin,18059506
413189613,3,G01129,ghjigfhkjgg,18063517
413228226,3,G01187,نیل_آبی,18065566
413249363,3,G03257,ftmm2532,18066685
413322883,3,G03260,رودابه_پرشین,18039290
413331580,3,G03262,1403_girly,18072721
413345788,3,G01195,samijan,18074795
413348127,3,G01195,mdic,18074795
413353615,3,G01195,motiiii99,18074795
413374561,3,G02980,woman_life,18076532
413401287,3,G01203,aiiddaa,18081858
413413641,3,G03268,gn123,18083224
413431393,3,G03270,sania64,18085086
413468897,3,G01214,faarezu,18088586
413469458,3,G01214,مری_گلو,18088586
413504247,3,G03273,فرینازمثبت,18091619
413507525,3,G00989,تمنااا8تنهااا,18086608
413550946,3,G02393,farii_86,18096263
413584725,3,G01226,sure_man_bash,18100493
413605653,3,G01226,iiiaavvvaa,18100493
413636591,3,G01231,serve,18105751
413640937,3,G01232,mohammad_novel,18106484
413652864,3,G03278,دل_داغون_من,18106919
413688208,3,G03283,تااااااااااااااااارا,18111452
413688650,3,G03283,گربه_بنفش,18111452
413715507,3,G01236,دنی8373,18113680
413720392,3,G03286,tanhakhudam,18114562
413721968,3,G01239,mah_mehrr,18114781
413743820,3,G03288,morteza1366,18117256
413765365,3,G01245,نويسنده٣٣٠٠,18119256
413783223,3,G03290,enmu,18120858
413807609,3,G03292,سوزانا۹۹,18123791
413808025,3,G03292,عزیزکرده,18123791
413813065,3,G03293,azukargirl,18119615
413831136,3,G03294,دخترر_مردااب,18126575
413839272,3,G03295,مامانکوروش۶۴۷۳۹۲۹۹,18126416
413849142,3,G01248,دختر_شاداما_غمگین,18128774
413893112,3,G01250,مرگن_هستم,18132669
413929669,3,G02398,دختر_آب_و_آینه,18137975
413929855,3,G01143,نازگل6890,18138112
413936749,3,G03314,باله22,18138836
413940956,3,G03319,negar2020,18137931
413941897,3,G03320,بهارخانوم،مهربون,18139306
413943789,3,G01262,ستاره1379,18139496
413945586,3,G03325,aban_1404,18139594
413946439,3,G03326,peyman57,18139915
413947771,3,G02399,elina340,18139704
413948459,3,G02484,دلبرمهدیnاحمدوند,18140033
413948703,3,G02399,elina340,18140149
413949830,3,G01268,bano_tabestani,18140018
413950589,3,G03332,lover_girl90000,18140135
413951947,3,G01271,mooo0oon,18140615
413956402,3,G02402,doktar_khale,18141040
413967148,3,G03344,solmy,18142124
413968228,3,G03346,dokhtarakesarsakht,18142328
413975039,3,G01291,mahyasssh,18143099
413976280,3,G01292,omrannihan,18143288
413980397,3,G03355,زهراgh,18142818
413982796,3,G03320,بهارخانوم،مهربون,18144072
413984684,3,G03357,tinaamat,18140141
413985365,3,G01301,آتوسا_1364,18144215
413985879,3,G01302,tuscan_sun,18144197
413985992,3,G01302,tuscan_sun,18144197
413989106,3,G01305,pofaki8617,18144797
413990558,3,G02409,زیبا_بانو,18144879
thread_10075915_starter,3,G01312,mami2324,10075915
thread_10157128_fatmjoon_1401/10/29 10:27,3,G03364,fatmjoon,10157128
thread_10168513_starter,3,G01317,بابونه00,10168513
thread_10271904_starter,3,G01322,الی7914,10271904
thread_10301684_starter,3,G02414,سیسیتا,10301684
thread_10354240_starter,3,G02415,mamanalivaabra,10354240
thread_10380504_تیادا_1401/11/28 01:40,3,G03369,تیادا,10380504
thread_10524790_starter,3,G00111,tanha77,10524790
thread_10529758_starter,3,G03373,عاشق_صادق,10529758
thread_10571539_مامانmasi_1401/12/21 20:20,3,G03374,مامانmasi,10571539
thread_10613318_starter,3,G01333,hadis7482,10613318
thread_10614978_starter,3,G02418,جیران_خاتون,10614978
thread_10663500_starter,3,G01335,تخم_دو_زرده,10663500
thread_10824080_starter,3,G01339,natsis,10824080
thread_11036040_82ayhan_1402/02/17 19:54,3,G03382,82ayhan,11036040
thread_11073524_starter,3,G01344,سروناز۳سبز,11073524
thread_11093436_starter,3,G00080,_رامینا_,11093436
thread_11186657_saeede7598_1402/03/06 20:47,3,G03384,saeede7598,11186657
thread_11186657_دختر_بهار۷۴۷۴_1402/03/07 12:58,3,G03384,دختر_بهار۷۴۷۴,11186657
thread_11242037_starter,3,G01353,نلین1380,11242037
thread_11266970_starter,3,G01355,ziigodoo,11266970
thread_11418445_sahar11112222_1402/04/05 22:57,3,G00116,sahar11112222,11418445
thread_11418445_همسرممدقلی_1403/02/09 09:17,3,G00116,همسرممدقلی,11418445
thread_11435666_starter,3,G01359,7874faezeh,11435666
thread_11488172_starter,3,G03391,ملکه۷۵۱۱۰۵,11488172
thread_11497657_starter,3,G02425,خاعف,11497657
thread_11548790_فرییییناززز_1402/04/23 01:03,3,G01363,فرییییناززز,11548790
thread_11697019_starter,3,G01371,1383hanaz,11697019
thread_11722190_starter,3,G03394,درخت_سیب_سبز,11722190
thread_11747162_starter,3,G00111,tanha77,11747162
thread_11761411_ebooo_1402/05/19 13:31,3,G02427,ebooo,11761411
thread_11816883_فنچ_قرمز_1402/05/26 15:13,3,G02633,فنچ_قرمز,11816883
thread_11853416_starter,3,G01379,zippin,11853416
thread_11868956_starter,3,G03400,بانووفاطی,11868956
thread_11910445_starter,3,G01384,narrrrsiiiiis,11910445
thread_11937770_روغن_کرچک_1402/06/11 04:07,3,G03402,روغن_کرچک,11937770
thread_12008908_starter,3,G03405,نفسم89,12008908
thread_12057844_starter,3,G01335,تخم_دو_زرده,12057844
thread_12087647_میناالسلطنه_1402/06/31 15:19,3,G01393,میناالسلطنه,12087647
thread_12239309_starter,3,G03409,sainaahmadi,12239309
thread_12273353_starter,3,G03412,مغزپسته,12273353
thread_12296938_starter,3,G02656,امپراطریس,12296938
thread_12321228_starter,3,G03413,meli2332,12321228
thread_12372198_۲۷_1402/08/20 17:59,3,G03416,۲۷,12372198
thread_12564950_starter,3,G01417,اامیر,12564950
thread_12605901_starter,3,G02430,eliiii97,12605901
thread_12636138_starter,3,G00195,saeedeeeee,12636138
thread_12638391_starter,3,G00195,saeedeeeee,12638391
thread_12728992_starter,3,G01428,ioioi,12728992
thread_12728995_starter,3,G01428,ioioi,12728995
thread_12800806_starter,3,G01432,zozanaghe,12800806
thread_12931667_starter,3,G01439,سمیرازهرافاطمه,12931667
thread_12935391_starter,3,G00506,emmetttt,12935391
thread_12969680_starter,3,G00575,soufiyaa,12969680
thread_12997161_starter,3,G00226,hamdameaseman,12997161
thread_13070976_starter,3,G01447,567neda,13070976
thread_13104443_نازدار۹۰_1402/12/05 07:28,3,G02438,نازدار۹۰,13104443
thread_13147361_starter,3,G01453,حمیدازاد,13147361
thread_13249429_starter,3,G01462,میتیmete,13249429
thread_13408986_starter,3,G01477,farzaneomido,13408986
thread_13438150_starter,3,G02441,tavana_02,13438150
thread_13504806_starter,3,G03432,جواهرقلبم,13504806
thread_13540922_starter,3,G01493,مامانیی73,13540922
thread_13611517_starter,3,G01498,دلبرجانمن,13611517
thread_13649585_starter,3,G01501,زری۱۳۸۱,13649585
thread_13661129_starter,3,G01502,rayan0098,13661129
thread_13687761_starter,3,G01504,عسل۷۲۶۴,13687761
thread_13705206_starter,3,G01505,sanaz000,13705206
thread_13799384_starter,3,G00348,ماهی_عاشق,13799384
thread_13877273_starter,3,G01515,مامانmino,13877273
thread_13884102_starter,3,G01517,khazan7799,13884102
thread_13917281_starter,3,G01519,barana_400,13917281
thread_13919253_starter,3,G01520,ژاله۹۷۴,13919253
thread_14050705_starter,3,G03436,greengablza,14050705
thread_14136554_starter,3,G01540,kashke_bademjoon,14136554
thread_14156597_starter,3,G03439,اویلوم,14156597
thread_14239168_starter,3,G01546,مامان_نویان۱۳۷۹,14239168
thread_14241794_starter,3,G01540,kashke_bademjoon,14241794
thread_14246904_starter,3,G01547,افرا۷۰,14246904
thread_14266145_starter,3,G01549,mahtb1213,14266145
thread_14284258_starter,3,G01551,ملورین1374,14284258
thread_14344920_starter,3,G01575,اردی_به_عشق,14344920
thread_14350740_starter,3,G01575,اردی_به_عشق,14350740
thread_14391419_mahshar666_1403/06/09 03:30,3,G00439,mahshar666,14391419
thread_14421126_starter,3,G02450,eli1869,14421126
thread_14430366_starter,3,G03445,delzhiiiin,14430366
thread_14448586_starter,3,G01565,aysan1377,14448586
thread_14488234_starter,3,G01571,faty۱۱,14488234
thread_14493340_starter,3,G01572,nirvana_erfani,14493340
thread_14509584_starter,3,G01574,بالغ,14509584
thread_14512506_starter,3,G01575,اردی_به_عشق,14512506
thread_14667007_starter,3,G01590,nashenas1403,14667007
thread_14671762_starter,3,G00926,شادلو,14671762
thread_14678485_starter,3,G01591,royality,14678485
thread_14692231_starter,3,G01574,بالغ,14692231
thread_14752993_starter,3,G00487,f_fatima,14752993
thread_14844287_starter,3,G03452,golii85,14844287
thread_14883164_starter,3,G01608,ایفون20پرومکس,14883164
thread_14941512_starter,3,G01571,faty۱۱,14941512
thread_15039699_starter,3,G01615,یه_دختر_پر_از_آرزو,15039699
thread_15083603_starter,3,G01617,anastazia1234,15083603
thread_15148253_starter,3,G00548,مامان_kocholo,15148253
thread_15171260_starter,3,G01630,مانلی۲۸,15171260
thread_15177316_starter,3,G01631,مینوشین,15177316
thread_15243272_starter,3,G00565,بانوآذرخش,15243272
thread_15361591_starter,3,G00575,آرامش403,15361591
thread_15380973_starter,3,G01644,mahak_81,15380973
thread_15409437_starter,3,G01646,parvaneh3300,15409437
thread_15409968_starter,3,G00583,rahaaaaa_3498,15409968
thread_15414641_starter,3,G03461,همیشه_اضافی,15414641
thread_15480139_starter,3,G01650,narges4,15480139
thread_15527747_starter,3,G00600,asgggvf,15527747
thread_15552012_starter,3,G01657,سیمینار56,15552012
thread_15575708_starter,3,G03463,جوجهکوشولو,15575708
thread_15684453_starter,3,G01670,زهراآاااا,15684453
thread_15711932_starter,3,G00506,emmetttt,15711932
thread_15738399_starter,3,G01673,maedehمایده,15738399
thread_15749264_starter,3,G01675,shabnamm1400,15749264
thread_15761768_starter,3,G00506,emmetttt,15761768
thread_15832348_starter,3,G01678,zohigoli,15832348
thread_15832766_starter,3,G01679,mionaaz,15832766
thread_15844616_starter,3,G03466,ملکه_زیباایی,15844616
thread_15851205_starter,3,G03467,saharadib,15851205
thread_15885938_starter,3,G03469,baran11238080,15885938
thread_15902238_starter,3,G00656,saharjoon65,15902238
thread_15978778_starter,3,G01697,saramid,15978778
thread_16000404_starter,3,G00669,نیماکوچولو,16000404
thread_16071629_starter,3,G02467,elsa_77,16071629
thread_16088499_starter,3,G01709,smsm77,16088499
thread_16108558_starter,3,G00687,nbnbez,16108558
thread_16112035_starter,3,G01716,آی79,16112035
thread_16163229_starter,3,G01723,دختر_بلا_شیطونک,16163229
thread_16169469_starter,3,G01724,ملکهbarfe,16169469
thread_16189574_starter,3,G00506,emmetttt,16189574
thread_16197390_starter,3,G01732,ahooaram,16197390
thread_16215830_starter,3,G01734,سترکه,16215830
thread_16237920_starter,3,G01735,totfarangi_1,16237920
thread_16237925_starter,3,G01735,totfarangi_1,16237925
thread_16278250_starter,3,G00728,بخاطرخودت,16278250
thread_16297414_starter,3,G03479,kmmman,16297414
thread_16302658_starter,3,G00733,حدهطفطت,16302658
thread_16388618_starter,3,G01547,افرا۷۰,16388618
thread_16400321_starter,3,G01756,fifi1994,16400321
thread_16455691_starter,3,G01764,11mahlin,16455691
thread_16483428_starter,3,G01769,rora42,16483428
thread_16524989_starter,3,G01775,همسرمهربان1,16524989
thread_16528408_starter,3,G01776,sekiyana,16528408
thread_16537825_starter,3,G00894,amalis,16537825
thread_16562012_starter,3,G01779,milokatana,16562012
thread_16582544_starter,3,G01780,عشقمنقاشیهورااااا,16582544
thread_16603737_starter,3,G01780,عشقمنقاشیهورااااا,16603737
thread_16610836_starter,3,G00926,شادلو,16610836
thread_16611375_starter,3,G01786,rozzahedi,16611375
thread_16623266_starter,3,G01786,rozzahedi,16623266
thread_16629578_starter,3,G01790,negr_1381,16629578
thread_16749635_starter,3,G01801,roshana27,16749635
thread_16818818_starter,3,G01809,fatima757,16818818
thread_16829760_starter,3,G01813,hani869,16829760
thread_16852577_starter,3,G03490,setare3280,16852577
thread_16877614_starter,3,G02480,نارنیاا,16877614
thread_16894277_starter,3,G01821,parimmm,16894277
thread_16965234_starter,3,G00841,بهار_132,16965234
thread_17052719_starter,3,G00480,maryam_golii79,17052719
thread_17109815_starter,3,G03494,golii_1511,17109815
thread_17115722_starter,3,G02482,عزtryu123,17115722
thread_17150968_starter,3,G01842,m4ry4m,17150968
thread_17175184_starter,3,G01845,emaratesarab,17175184
thread_17194412_starter,3,G02484,دلبرمهدیnاحمدوند,17194412
thread_17310367_starter,3,G01862,گلی_دیاری,17310367
thread_17319060_starter,3,G03497,نيلان,17319060
thread_17360920_starter,3,G01873,lena01,17360920
thread_17362613_starter,3,G02489,mtbkh,17362613
thread_17397394_starter,3,G01878,ainaa,17397394
thread_17400696_starter,3,G02490,taban777,17400696
thread_17438084_starter,3,G00932,ققنوس101,17438084
thread_17464743_starter,3,G01898,سحر1373شایان,17464743
thread_17467183_starter,3,G03506,سیبسا,17467183
thread_17495869_starter,3,G02496,دیان۱۳۶۸,17495869
thread_17498121_starter,3,G01898,سحر1373شایان,17498121
thread_17506983_starter,3,G01903,مامان_اندیشه۱,17506983
thread_17533093_starter,3,G01911,ouranus,17533093
thread_17533618_starter,3,G00903,دلشیدآسمان,17533618
thread_17534706_starter,3,G01913,vilda,17534706
thread_17539498_starter,3,G01914,dream77,17539498
thread_17541071_starter,3,G01914,dream77,17541071
thread_17583781_starter,3,G01922,jkhjjjbaran,17583781
thread_17604946_starter,3,G01925,z81a1400,17604946
thread_17611819_starter,3,G03494,golii_1511,17611819
thread_17654496_starter,3,G01930,foryourself,17654496
thread_17656665_starter,3,G01933,v400kh,17656665
thread_17667077_starter,3,G03511,emitac,17667077
thread_17680065_starter,3,G00989,گردوتازه,17680065
thread_17729998_starter,3,G01956,سقوط_یک_فرشته,17729998
thread_17735641_starter,3,G01950,ahooorpor,17735641
thread_17740143_starter,3,G01954,78hanii,17740143
thread_17750155_starter,3,G01954,78hanii,17750155
thread_17754234_starter,3,G01956,سقوط_یک_فرشته,17754234
thread_17798248_starter,3,G01964,_زورنا_,17798248
thread_17798894_starter,3,G01965,yeki666,17798894
thread_17811541_starter,3,G03514,setarehroshani,17811541
thread_17812767_starter,3,G01038,mamanbnita,17812767
thread_17839978_starter,3,G01972,محیا۲۶,17839978
thread_17841121_starter,3,G03515,zariiiiz,17841121
thread_17843090_starter,3,G03516,man_,17843090
thread_17844445_starter,3,G01974,maryamghasemiiiiiiii,17844445
thread_17864783_starter,3,G01038,mamanbnita,17864783
thread_17877062_starter,3,G02502,fgfgfgf,17877062
thread_17881755_starter,3,G01981,فافا_۱۹۹۶,17881755
thread_17890635_starter,3,G03517,آرنیکا_051,17890635
thread_17902031_starter,3,G01989,zahra_amirian,17902031
thread_17920438_starter,3,G02504,lili78rt,17920438
thread_17943587_starter,3,G01998,banogoliiiiii,17943587
thread_17959744_starter,3,G02005,hani1011,17959744
thread_17962386_starter,3,G02007,ati7631,17962386
thread_17972915_starter,3,G02011,maryam82222222,17972915
thread_17974402_starter,3,G02012,parizadeee111,17974402
thread_17974892_starter,3,G01129,ghjigfhkjgg,17974892
thread_17980414_starter,3,G03521,nilooo17,17980414
thread_17985794_starter,3,G02017,shmna,17985794
thread_17986997_starter,3,G02022,بامهساتامهسا,17986997
thread_17990019_starter,3,G02026,در_تلاطم,17990019
thread_17990487_starter,3,G02027,eli_sam,17990487
thread_17993010_starter,3,G01965,yeki666,17993010
thread_17997246_starter,3,G02031,mahro79,17997246
thread_18002803_starter,3,G01998,banogoliiiiii,18002803
thread_18009078_starter,3,G02035,sograiii,18009078
thread_18009386_starter,3,G03522,مهربونه_نینی_سایت,18009386
thread_18010454_starter,3,G03524,آلبالوخانم۷۶,18010454
thread_18013565_starter,3,G02036,raheleh_p,18013565
thread_18027846_starter,3,G02047,دختروپسر,18027846
thread_18032675_starter,3,G02048,435266222,18032675
thread_18036092_starter,3,G02035,sograiii,18036092
thread_18039553_starter,3,G02031,mahro79,18039553
thread_18041718_starter,3,G02056,سوسکـکدو,18041718
thread_18045693_starter,3,G03530,کیسیا_در_دژ,18045693
thread_18047633_starter,3,G02058,gandom_99,18047633
thread_18050274_starter,3,G02059,سلنا7172,18050274
thread_18050457_starter,3,G02060,آیq,18050457
thread_18053993_starter,3,G01176,یاااااااااااسمن,18053993
thread_18071212_starter,3,G02515,the_hotey_____ladyyy,18071212
thread_18071475_starter,3,G02064,fatemeh1105,18071475
thread_18071998_starter,3,G02065,noooooogygfbjk,18071998
thread_18103237_starter,3,G03537,ofrezvan,18103237
thread_18114692_starter,3,G02084,نونوnono,18114692
thread_18117088_starter,3,G02086,ninoko,18117088
thread_18118732_starter,3,G02056,سوسکـکدو,18118732
thread_18118972_starter,3,G02088,halekhoub,18118972
thread_18119187_starter,3,G03538,پناه818091,18119187
thread_18129952_starter,3,G03539,لنفوزیست,18129952
thread_18137958_starter,3,G02519,nafasnone,18137958
thread_18138358_starter,3,G01878,ainaa,18138358
thread_18138674_starter,3,G02094,توت_فرنگی_ناناز,18138674
thread_18139276_starter,3,G03545,asalyarahi,18139276
thread_18140121_starter,3,G02106,hapolo,18140121
thread_18140149_starter,3,G02399,من_خودمم_آره,18140149
thread_18140156_starter,3,G03550,دختران_آریایی۹۰۹۵,18140156
thread_18140808_starter,3,G02527,عروسک_برفی,18140808
thread_18141430_starter,3,G02110,aarrhh,18141430
thread_18141890_starter,3,G02529,lilypot,18141890
thread_18142065_starter,3,G03555,arekhodamam,18142065
thread_18143009_starter,3,G02112,baahaariiiiiiii,18143009
thread_18143402_starter,3,G02113,vvs,18143402
thread_18144275_starter,3,G02115,mahw_,18144275
thread_6128613_starter,3,G02122,پارمیسوروضا,6128613
thread_6215718_داستان_زندگیم_1400/01/17 12:48,3,G01154,داستان_زندگیم,6215718
thread_6215718_قورمه؛سبزی_1400/01/17 12:55,3,G01154,قورمه؛سبزی,6215718
thread_6215718_مانلی۴۴۴_1400/01/17 12:51,3,G01154,مانلی۴۴۴,6215718
thread_6235224_7379ali_1400/01/20 03:54,3,G03562,7379ali,6235224
thread_6358267_starter,3,G02129,nargesiiii_p,6358267
thread_6709616_starter,3,G02139,دختر_خدام,6709616
thread_6709616_خاله_خرسه_مهربون_1400/03/30 23:29,3,G02139,خاله_خرسه_مهربون,6709616
thread_6735816_mobi200_1400/04/04 12:06,3,G02140,mobi200,6735816
thread_7136669_mamy_reyhan72_1400/06/05 20:39,3,G02145,mamy_reyhan72,7136669
thread_7136669_منچ9_1400/06/05 20:41,3,G02145,منچ9,7136669
thread_7161040_دخترکلاسیک_1400/06/09 15:21,3,G02146,دخترکلاسیک,7161040
thread_7161040_کاربری_جدید_1400/06/09 15:34,3,G02146,کاربری_جدید,7161040
thread_7188582_jila1375_1400/06/13 20:04,3,G03571,jila1375,7188582
thread_7291377_starter,3,G03573,قاتلم,7291377
thread_7574999_banou_909_1400/08/15 21:02,3,G02541,banou_909,7574999
thread_7853973_آنا_anna_1400/10/05 22:54,3,G02166,آنا_anna,7853973
thread_8569951_سوگند۲۵۵۱۰_1401/02/10 00:31,3,G02178,سوگند۲۵۵۱۰,8569951
thread_8569951_مامان_بارانا15_1401/02/10 00:25,3,G02178,مامان_بارانا15,8569951
thread_8716736_starter,3,G02182,ندايييي,8716736
thread_8716736_دکتر0فاطمه0زرین_1401/03/04 07:20,3,G02182,دکتر0فاطمه0زرین,8716736
thread_8735629_ندايييي_1401/03/07 14:44,3,G02182,ندايييي,8735629
thread_8737068_monarch_1401/03/07 19:13,3,G03599,monarch,8737068
thread_8771170_banoazar_1401/03/13 16:03,3,G03600,banoazar,8771170
thread_8793837_starter,3,G02184,silent_eyes,8793837
thread_9080191_girizli_1401/05/03 09:56,3,G03602,girizli,9080191
thread_9381868_starter,3,G03607,naazliiiii,9381868
thread_9396920_feriii75_1401/06/23 22:29,3,G03608,feriii75,9396920
thread_9409801_starter,3,G02544,zzzziiii,9409801
thread_9576910_starter,3,G00013,شایان67,9576910
thread_9622949_starter,3,G02546,سامین64,9622949
thread_9645600_starter,3,G02547,دختر_بهمن_ماهی,9645600
thread_9677762_starter,3,G03614,استارتربدبخت,9677762
thread_9730976_starter,3,G03615,معصومه4425,9730976
thread_9761432_توپتوپی_1401/09/06 09:40,3,G02550,توپتوپی,9761432
thread_9821639_sofisam_1401/09/15 00:46,3,G03617,sofisam,9821639
thread_9821639_النازی۲۳۷_1401/09/15 00:44,3,G03617,النازی۲۳۷,9821639
thread_9880759_liananill_1401/09/23 18:18,3,G03620,liananill,9880759
246934094,4,G00000,parvane53,9125099
253620712,4,G02555,ماتیسا4,9445055
256256892,4,G02559,فروردین11,9556673
256282370,4,G02560,خورشیدتیر,9557829
264035678,4,G02225,zahre1213,9888635
267730400,4,G00032,چوکوروا,10049289
268736106,4,G00035,ستاره71آرش,10093689
268738659,4,G00035,ستاره71آرش,10093689
270837757,4,G00038,اظییییی,10192165
274321937,4,G00043,کاکل_زریتونم,10356070
274322446,4,G00043,آرا_ara,10356070
274395221,4,G00044,maralllllll,10359107
274427349,4,G00045,خانوم_گل77,10360528
274477548,4,G00045,عاشقستاره,10360528
274683060,4,G02580,جنیوجیدمی,10372062
274692036,4,G02580,ماه2222,10372062
275181801,4,G00050,نهالخشک۶۸,10393290
275183139,4,G00050,_farima,10393290
275183317,4,G00050,roshani,10393290
277747503,4,G00054,تدبیرآرامش,10504373
280307922,4,G02229,اگورپگورییی,10615029
280309949,4,G02229,اگورپگورییی,10615029
281067740,4,G02590,گل_لاله,10648454
281943173,4,G00060,liana96,10686775
286234919,4,G02595,کنگفوکار,10877801
286240681,4,G02232,we,10878018
286488682,4,G02597,بیریا۷۷,10888769
286883261,4,G02600,هیسسسسسس,10906636
288153945,4,G00071,titimah,10965289
289123900,4,G00074,عشق_فقط_مادر,11010093
292475344,4,G00081,asal_banoo25,11164548
293599232,4,G02611,هرچی_تو_بگی,11216678
293689876,4,G02612,زهرا۱۳۱,11220695
293876867,4,G02236,iii_harly,11229044
294666426,4,G00086,0mimhe0,11265087
294666633,4,G00086,آخرین_انسان,11265087
295175082,4,G00087,yeganeh401,11288324
295175694,4,G00087,دخترموفرفری,11288324
295931565,4,G02617,pooneh1,11324918
295985117,4,G00089,آتنایی_از_آبان,11327465
295990918,4,G02618,دختر_اردیبهشتم,11326458
297269705,4,G02620,avayesefid,11387594
297588675,4,G02622,آبیکه۱,11403232
301030696,4,G00101,بانوبهارم,11569221
301138495,4,G02629,ملکه_فرانسه,11573981
304459083,4,G02632,raharaya,11734657
305087456,4,G00109,کارینا۸۱۹۶,11765558
305369936,4,G02240,ho_zahra,11780619
306439267,4,G00117,مهربانو133,11835799
307315849,4,G00122,یگانه1212,11882608
308312052,4,G00130,۰۰۰۰نوران۰۰۰۰,11936403
308806344,4,G00134,دخترپاییز۷۶۲۴,11961498
309657898,4,G00140,میلوسا,12005329
310274930,4,G02245,تیله_برفی,12037628
310644582,4,G00143,هناخانوم,12056464
312484467,4,G02650,Anashid3133,12156160
315785902,4,G00158,بستنی،لیوانی،وانیلی,12340079
315791219,4,G00158,بستنی،لیوانی،وانیلی,12340277
315931806,4,G01402,mamanijon_72,12347755
316549231,4,G00162,god_is_king,12381657
316792075,4,G00164,دختراردیبهشتی1,12394274
317194875,4,G02662,بررررررررف,12330507
317671572,4,G02663,آکروبات,12441482
318834293,4,G02248,haftadi,12506588
319600734,4,G00180,nesa11,12550558
320016265,4,G02670,طبقه۹,12572900
320098989,4,G00183,qqueenm,12577356
320391940,4,G02673,saharrrrraaaaaaaaa,12593116
320760747,4,G02250,hasti1998۸۸۸۸,12597795
320961087,4,G00193,mamane_nini_2,12622729
321454431,4,G00196,بانو_مهرآفرین_بانو,12649838
324259140,4,G00207,yasiiiiiijooooo,12810155
324259214,4,G00207,fatemeh82kh,12810155
326269561,4,G02695,samira2880,12921828
326292344,4,G00214,_مارنی_,12924035
326376377,4,G00215,ddddd2345,12928283
326376873,4,G00215,لورالای,12928283
326380032,4,G00215,a_kind_girl,12928283
326686027,4,G00221,افرینش۷,12945245
326945194,4,G00223,مامانhat,12959901
327325093,4,G00224,بانونگارینم,12980118
327747307,4,G02700,ayhan_man,13004201
328216744,4,G02255,نتردام,13030273
328217929,4,G02700,ayhan_man,13030361
328882623,4,G00233,آرامیسم,12749271
329976138,4,G00239,سلماااااا,13129970
330323789,4,G00243,reyane_88,13148442
330405999,4,G00243,nzmah,13152440
330966322,4,G02711,anna1991,13183422
330967302,4,G02711,anna1991,13183422
331257380,4,G00251,darya_jooon,13200266
331731875,4,G02715,پری۰چهره,13226467
332042656,4,G00256,eliksan,13243780
332063810,4,G02717,sweet_lifee,13244844
332672726,4,G00264,شیرکاکاوعه_تنها,13279987
332673561,4,G00264,negar_54327negar,13279987
333006953,4,G02721,nininay,13298840
333122901,4,G00266,پارکر,13305243
333373786,4,G01469,arina5721,13318563
333533237,4,G00267,wolf_night,13329607
333535080,4,G00267,nnnazzzaaaninnfateme,13329607
334354675,4,G00272,تابستوني,13376604
334566826,4,G00274,khoshfekr,13387932
335210420,4,G00280,ملوس_جاده_چالوس,13425839
335409781,4,G00283,lilioooom,13436408
335410161,4,G00283,panahopegah,13436408
335595192,4,G00286,میریام۰۲,13445720
336148614,4,G02245,تیله_برفی,13477574
336413503,4,G00300,الماس_76,13491257
336525088,4,G00303,تنهاترینخدایا,13497240
336616396,4,G00305,ppp0pp,13501802
336641771,4,G00306,لواشک_ملس,13503568
336642133,4,G00306,سفید_برفی_۲,13503568
336796897,4,G01491,هلیا۲۶,13512626
336983182,4,G00308,paiiz۷۳,13523127
336987957,4,G00308,paiiz۷۳,13523127
337671323,4,G00315,liiiiiyaaaaa,13560998
337677590,4,G02265,آذرماهی۷۵,13561778
337726225,4,G00316,آروانه۲۰۲۰,13564651
338558027,4,G00326,baby_girl1,13611268
338558546,4,G00326,جانانم۱۳۸۰,13611268
338901308,4,G02740,آنالیزا,13629883
339096124,4,G00331,1275748,13641068
339254762,4,G02744,___ليـا___,13649466
339372423,4,G00334,عسلجوونم,13655697
339376622,4,G00334,عسلجوونم,13655697
339505767,4,G00335,ماه_شب_های_تار۱,13662769
339682870,4,G02268,دکتریاس,13672416
339961250,4,G00337,نور_حق,13687987
339967819,4,G00337,اسماوابوالفضل,13687987
340219139,4,G00339,باغ_سفید,13702653
341173719,4,G02756,آرامش۱۲۱۲,13760692
341824025,4,G02763,86ba,13798641
341953146,4,G00350,کلهپوک,13806095
342128484,4,G00353,فسان,13816473
342128495,4,G00353,rezin,13816473
342164790,4,G00353,فسان,13816473
342226490,4,G02768,کائنات,13821916
342259337,4,G00354,اجه۱۱۳,13824209
342546455,4,G02270,simiin,13841031
342738350,4,G02771,نفسامیرعباس,13852203
342739048,4,G02771,faarnaaz,13852203
343078619,4,G02772,angel_devil,13872093
343902964,4,G02777,عشقshپرستارhjifuc20,13920343
344145952,4,G00373,mami_hamta,13935082
344159000,4,G02781,گیسو_کمند2024,13935957
344160529,4,G02781,monam70,13935957
344380469,4,G02783,kowsarkhanoom,13949901
344610585,4,G00378,زری_هستم,13964320
344987304,4,G02786,doonehdooneh,13987080
345188414,4,G00383,khanoomgandoom,13999328
345216864,4,G00384,mahna124,14000937
345845297,4,G00393,101_spongebob,14040365
345878535,4,G00394,بقچه_,14042407
346375157,4,G00396,mahakbanoo2345,14073725
346444451,4,G00397,۰۰۰فروغ_فرخزاد۰۰۰,14077285
346726629,4,G02795,hana_1380,14093143
346946250,4,G02796,سعادتمندبزرگوار,14105967
347458272,4,G00407,30nna,14134791
347980316,4,G00556,دختر_تنهااا,14169553
348146407,4,G02277,رز۱۳۶۹,14188221
348213336,4,G00415,erfan۱۹۹۷,14191501
348744614,4,G02802,گارنت1403,14225236
349049910,4,G02806,ریحان_2سید,14244734
349656682,4,G00426,نیلوفرآبی73,14280070
349657259,4,G00426,قلقلی؟,14280070
350127785,4,G00429,ارزو1243,14306139
350201884,4,G02280,sayeh71۷,14310315
351716160,4,G00441,روجا73,14396052
351717902,4,G00441,sormelina,14396052
352163516,4,G00445,shahin1377,14422787
352163544,4,G00445,نگین۹۰۸۰۸۷,14422787
353050687,4,G02823,houon,14475461
353222990,4,G00447,مادرفروردین,14476868
353866427,4,G00457,kochi,14525397
354054400,4,G00458,اسفناج2,14536594
354578466,4,G02283,درجستجویبندگی,14568766
355964444,4,G00472,16_min_a,14652092
355964555,4,G00472,شاینا۹۶,14652092
356070629,4,G00473,مهتاببب,14658412
356112030,4,G00474,گلپرررررررررررررر_ر,14661538
356140809,4,G02289,hani1403,14576823
356288995,4,G02837,کاربرگمنام3,14671769
356398244,4,G00475,آرساجاااان,14678102
356399699,4,G02838,نی_نی_یارعقده_ای,14678199
356637183,4,G00479,madscientist,14694921
356870227,4,G02839,مامانمهرادم92402,14709906
356885507,4,G02840,chihiro28,14710883
357764556,4,G01563,mehrizi,14415787
358458518,4,G00490,یاسی1403,14801205
358580751,4,G02845,هزااارمین_کاربری,14808080
358663611,4,G00493,یاسمن_بانوجان,14812809
359198355,4,G00497,aram2004,14842314
359315644,4,G02848,monic7722811,14848424
359345697,4,G02849,f___a,14850136
359403808,4,G00500,mohiziba,14853399
359672283,4,G02297,mehrsare70,14753461
359751904,4,G00353,rezin,14872240
359785490,4,G00502,_hnieh_,14873899
359855194,4,G00507,رسپینا۰,14877934
360116850,4,G01629,h_shahi,14892366
360678420,4,G00515,dena7220,14925628
360794991,4,G00516,swans,14932161
361147615,4,G00517,انگورستان,14951713
361429739,4,G00519,aava1368,14967261
361978035,4,G00523,manmmm,14997902
362204142,4,G02300,سااااایهههه,15010209
362296046,4,G00527,parisssa76,15015013
362296302,4,G00527,بیحوصله۱۰۰,15015013
362297506,4,G00527,گلبهاجون,15015013
363282102,4,G00535,هامین_هیما,15068804
363377994,4,G02869,nilo_oya,15073839
363481024,4,G02870,marke,15079552
363587923,4,G02302,elahhe,15085066
363791726,4,G00540,دخترک_دانشجو,15096011
364696754,4,G00547,_اسما,15145028
364819699,4,G02304,چکااوکم,15151507
365136952,4,G00554,samyar1399,15170218
365194897,4,G00556,دختر_تنهااا,15173560
365233322,4,G00557,sivgol,15176087
365423974,4,G00558,sajjan,15187848
366351769,4,G00562,خوشبختترین_دختر,15240391
366359016,4,G00562,ladyghe,15240391
366363984,4,G02885,همدانشهرهمن,15241135
366364278,4,G02885,zeynabbarzegar22,15241135
367738141,4,G02888,خانومعاقل,15319147
367785161,4,G01680,۳۰۰۶۴,15171176
368185435,4,G00572,مامامیا_ماماسیتا67,15345253
368908974,4,G00577,فاطمهه_خانام,15388841
369126743,4,G00581,bardiamehrane,15401471
369429361,4,G00585,aisanmk,15419733
370339534,4,G00591,ناامید_تنها,15472997
371073953,4,G00596,_جوجه_رنگی,15361633
371523123,4,G01702,zizira1,15543226
371524579,4,G01702,جولیآپندلتون,15543226
371566235,4,G02906,mlisم,15541991
371612651,4,G02908,sonne,15548800
371909086,4,G00782,مهستیmahasty,15566682
372584072,4,G02913,delvin123456,15609081
372832898,4,G01150,زهرا۸۴۲۸۹۶,15624838
372832981,4,G01150,دیگهخطندارم,15624838
373316591,4,G00611,ماهرو۲۴,15654928
373420324,4,G00612,جینا63,15641019
373974722,4,G00617,تاابدوهمیشه25,15696435
373975419,4,G00617,کیاصد,15696435
373981247,4,G00617,نادعلیامظهرالعجایب,15696435
374821752,4,G00632,بانو۱۳۷۴,15746887
375089066,4,G00251,darya_jooon,15763109
375502428,4,G00637,wsadq,15787872
375539780,4,G02229,اگورپگورییی,15789961
376736430,4,G00648,nazanin1376gh,15862471
376847705,4,G00649,نهال8212,15869109
376962422,4,G00650,negariiiin,15876162
377391466,4,G00652,ppp,15902974
377675773,4,G02870,marke,15921353
378026681,4,G00657,82fatimahhhh,15938609
378026726,4,G00657,82fatimahhhh,15938609
378440629,4,G01621,پری_سه,15969320
378509155,4,G02315,ariana_m,15973208
378990160,4,G02934,مادرمهدی,16001581
379335369,4,G02935,سحر21875,16022362
379532029,4,G00827,7ahoo,16034358
379682262,4,G00673,شکوه__السلطنه,16043296
379692557,4,G00673,tarlan۲۲,16043296
379754343,4,G00673,شکوه__السلطنه,16043296
379911051,4,G00677,niiilooo,16057149
380595775,4,G00685,mooshadow,16099475
380621872,4,G00686,chamedan,16095364
380717036,4,G02943,me_and_my_sister,16107261
380871303,4,G01712,74mom,16098028
381038864,4,G02948,sosanroshan,16099926
381128540,4,G00689,خدا_با_من_است_,16133809
381457925,4,G02951,nنیکا799100,16154272
381970182,4,G00701,فرشته_مهربونم,16185847
382173999,4,G00706,goli_ii,14256257
382266138,4,G02959,yasmas,16204224
382291500,4,G00708,آوا8,16193193
382300406,4,G00709,aftabemehrabani69,12316293
383313133,4,G02967,m_fm,16269060
383426493,4,G02968,jonmasna,16275952
383694798,4,G00730,baharkhanoooom1373,16292188
384018503,4,G00735,maha_kam,16311807
384503719,4,G02974,baharbahrad,16340962
384802738,4,G00050,نهالخشک۶۸,16358134
384886664,4,G02978,یسنا130,16363001
385220489,4,G00748,اوج_آسمان,16382315
385641098,4,G00753,منظومه_چشمام,16408624
385926575,4,G00757,hadis_raha,16423501
386067492,4,G02983,کاربر_جدیدالورود,16432931
386564170,4,G02988,هلیاخانومم,16463785
387451444,4,G00765,kalasl,16514234
387727025,4,G00766,hdiye,16529968
387901847,4,G00769,مغرورزیباا,16540062
388599899,4,G00776,ماااه___من,16580893
388600976,4,G00776,ماااه___من,16580893
388730089,4,G00777,احسنالحال,16553112
388759073,4,G01782,۲۰۸۹,16590181
388929829,4,G00778,رستاکوچولوام,16600804
389033418,4,G02996,mahsagolbanoo,16607155
389059333,4,G00781,نمیدونم_چی_بزارم_1,16608775
389106237,4,G00782,مهستیmahasty,16611548
389106330,4,G00782,1369elham,16611548
389360265,4,G00784,nazli1383,16626656
389469092,4,G02999,آریل66,16633222
389488854,4,G00786,the_wonder_woman,16634366
389492546,4,G00787,leiliiiiparpar,16411700
389502964,4,G00789,sheida4516,16635330
389839319,4,G00791,مرواریداجری,16650782
389873737,4,G00792,ava_r,16658290
389873738,4,G00792,دخترخوز,16658290
389874378,4,G00792,ava_r,16658290
390394196,4,G00769,مغرورزیباا,16689898
390461433,4,G00797,tanha82,16693862
390543764,4,G00799,deniz1995am,16698931
390687621,4,G00802,hgedbjj,16707299
390856879,4,G00804,_maleficent_,16717498
391244285,4,G00807,aseman_blue,16741007
391500326,4,G03009,apple_زمینی,16756850
392460826,4,G00815,تبسم1391,16813588
392598801,4,G03013,پلنگ_خسته,16822026
392736880,4,G03015,shapark76,16830513
392737375,4,G03015,mamanmah3a,16830513
393522769,4,G00827,7ahoo,16877923
393809881,4,G03017,آنشرلی_جون,16896353
394070186,4,G00815,تبسم1391,16912621
394085325,4,G03019,sahar12ehsan,16913455
395107236,4,G03024,مامامان,16977138
395963727,4,G00846,میشولم,17027612
396134793,4,G03030,minam1360,17037816
396453635,4,G00849,g_n_m1398,17057161
396453994,4,G03032,miss_sadaf,17057213
396946674,4,G00855,ggjrbrveuevwc,17086359
396948875,4,G00855,ggjrbrveuevwc,17086359
397197484,4,G02344,mahya_emami1370,17101541
397197521,4,G02344,hana1216,17101541
397246979,4,G02345,آلوچه_ترش۹۷۹۰,17104660
397305724,4,G00859,paschimojazeeee20,17108284
397333172,4,G02345,ریشنا,17104660
397348073,4,G03036,آیسو82,17082198
397481384,4,G03039,0شری0,17119375
398213205,4,G03042,ثمینl,17165951
398346655,4,G00869,bibigolll,17174368
398786877,4,G03045,ziiii76,17202741
399140688,4,G00879,nas85,17225247
399153222,4,G00308,nyoo,13523127
399613370,4,G00883,آسمان،آبیه،آبیه،آبی,17256199
399772744,4,G03050,tania55,17266614
400268355,4,G00515,dena7220,17298792
400277033,4,G01860,بیسکویت_مارکدار,17299325
400358122,4,G03059,orkideh70,17304442
400704536,4,G00897,_کورالین_,17326462
400965676,4,G01867,باخندهقشنگتری,17342656
401095096,4,G00908,آوااا72,17350486
401338018,4,G00914,samavafa,17364180
401373302,4,G03069,کودئین,17368740
401738206,4,G03072,hana_w,17391830
401854789,4,G03078,ماکرون,17399360
401904387,4,G03081,sahar_tehrani,17372531
401999547,4,G00923,نازگل۱۳۹۰,17408617
402317441,4,G00928,مرواریدبنفش۲,17429015
402465675,4,G00933,هدیه۲۱,17438328
402465728,4,G00933,یازهرا۸۰,17438328
402887022,4,G02356,فرشته2267,17464937
403031260,4,G03086,atefe1ak,17473009
403222694,4,G00558,dokhtar_niloofari,15187848
403549406,4,G03100,دینوووووش,17506660
404054515,4,G03103,شهرزاد202024,17538826
404080244,4,G03105,دیوو_دلبر,17540386
404095009,4,G00956,nafas4556,17541459
404349832,4,G02358,نارسیس_اسبق,17556974
404414601,4,G00769,مغرورزیباا,17561240
405029161,4,G00972,hateff,17601152
405050331,4,G02359,پروکاریوت,17602566
405245196,4,G03116,65aseman_shad,17615088
405452381,4,G00975,دریدهجریده,17627299
405452463,4,G00975,kh22,17627299
405916777,4,G00978,آهوخانم26,17650968
406039625,4,G00980,farimah777,17662108
406046701,4,G03121,mah_tabann,17663464
406295958,4,G00986,mmmmmm7777,17677400
406311739,4,G00987,الام۱۷,17678099
406318764,4,G00988,۰۰تنهاترینم۰۰,17678418
406481647,4,G03126,عروس_پاييز,17685876
406586110,4,G02361,sajedehk,17690539
406832104,4,G00999,aztabestan,17702890
406832881,4,G00999,ارغوان_آسمانی,17702890
406833154,4,G00999,یه_مردادی_دواتیشه,17702890
407028148,4,G03132,آیaisaسا,17712186
407110331,4,G01948,گل۱۲نرگسی,17717493
407301226,4,G01007,setiali,17728067
407364487,4,G02363,sh0117,17731455
407451816,4,G03139,ماه_پسند,17735919
407595997,4,G00956,nafas4556,17743812
407776233,4,G03141,girlofmoon,17754102
408143916,4,G00673,سربلندم,16043296
408551183,4,G01028,kindcatonmoon,17799544
408724496,4,G01036,عسلم۷۷,17810005
408768669,4,G01037,night_diamond,17812768
408773616,4,G01039,rozitaaa66,17812756
408774751,4,G01039,sevin_m7,17812756
408794434,4,G01041,bبینهایت_,17814236
408846718,4,G01042,هدیه13703,17817521
408880935,4,G01043,چیپس_سرکه_هسدم,17819500
408880981,4,G01043,nazninpoi,17819500
408919896,4,G01045,ملیخانوم,17821797
409196165,4,G01051,لی_لا_مامان_آینده,17837271
409251521,4,G01051,ayhan71,17837271
409276127,4,G01052,golmehr96,17841963
409277380,4,G01052,_بیدمشکــــــــ,17841963
409591091,4,G03163,لیلی۷۶,17859156
409753770,4,G01058,dokhtar_sadat,17868551
410103349,4,G01063,arambanoo,17885439
410134113,4,G01063,arambanoo,17890371
410260050,4,G00914,samavafa,17897311
410373481,4,G03166,zeinab821,17903649
410382490,4,G01069,zizi100,17904089
410820135,4,G01063,arambanoo,17890371
411046837,4,G01080,stars_in_your_eyes,17941850
411426347,4,G01085,ahanaaaa,17963985
411684550,4,G03178,imftmhw,17978232
411710596,4,G03181,نرگسی۴۳۲۱,17979578
411862129,4,G03187,fanosss,17987997
411872888,4,G03188,mehrana2580,17988433
411896233,4,G01112,بهناممحدث,17989718
411918892,4,G01116,فضول5,17990956
411932982,4,G03193,حسود_آقامون,17991750
411949362,4,G03195,ملییییییی,17992755
412025577,4,G02377,مشتععشقعلیمچهکنم,17997191
412138630,4,G01126,paarii70,17995616
412185018,4,G03205,تک_الکترون_هستم,18006321
412201238,4,G01126,سطل,17995616
412206442,4,G01130,roya_mahdavi,17999901
412229631,4,G03208,مهربونسایت63,18008902
412287017,4,G01137,17elahe,18011734
412288190,4,G01137,fatmafam,18011734
412328603,4,G03211,زینبانو,18014608
412352374,4,G03212,1234vorojak,18015926
412365691,4,G01141,fatikhanomm2,18016635
412365704,4,G01141,atib1367,18016635
412370811,4,G01141,atib1367,18016973
412458944,4,G00502,_hnieh_,18022183
412470527,4,G01150,زهرا۸۴۲۸۹۶,18022856
412475104,4,G01151,raha7594,18022953
412539159,4,G01152,فلفلدلمی,18026799
412591740,4,G02381,khorshid458,18029770
412612624,4,G03225,خدایاشکرت۷,18030934
412637748,4,G01141,fatikhanomm2,18030545
412670015,4,G01141,chom,18030545
412699032,4,G01058,dokhtar_sadat,18035803
412737875,4,G03227,مهرسا_سام,18037326
412740168,4,G01157,دختر_زشت,18037408
412782773,4,G01130,رضوانه25رضوانی,17999901
412831524,4,G01163,مادرشاهان۱۴۰۰,18043093
412903008,4,G03235,لیلا۱۸۲,18047160
412925707,4,G02383,ساراشو,18048456
412954330,4,G02384,lovely_hunter,18050077
412966009,4,G02061,hana1996,18050661
412966401,4,G01171,ماهتابانمه,18050609
412966939,4,G01171,ماهتابانمه,18050609
412979261,4,G01174,banoo_khanom,18036897
412991347,4,G02385,کمندوشاهان,18052232
413009704,4,G03242,bitsindonya,18053267
413031919,4,G02388,mami_nilsa,18054485
413046230,4,G03244,سعید6999999,18055392
413077722,4,G03247,ziziiikurd,18056896
413080382,4,G03248,مریمیییییییییییییی,18057257
413141581,4,G02389,delbareaghamoonam,18060203
413174365,4,G01174,نرگل,18036897
413187512,4,G01183,فائزه1378,18063220
413202024,4,G03253,دنیا1995,18064217
413223246,4,G01186,سیبکال,18065268
413224095,4,G03255,اناهیتامممممم,18065453
413225830,4,G03255,13asma,18065453
413317606,4,G03259,nutella2024,18070508
413338617,4,G01194,خدایاااکمک,18073867
413359733,4,G03264,بیداررری,18076616
413364600,4,G03265,seta_20,18077305
413372707,4,G01197,ایتسی,18078404
413386115,4,G01199,خومشزه,18080096
413409634,4,G03266,ensanbashimm,18081893
413412423,4,G03267,زیباییوحشی,18083146
413435223,4,G01207,mahsa_18,18085395
413460722,4,G01211,mersana432,18087774
413477587,4,G01215,parasto24,18089258
413488935,4,G01207,mahsa_18,18090296
413508946,4,G01221,کمند_مینی,18092080
413509155,4,G01221,کمند_مینی,18092080
413520665,4,G02392,زیرمیزی,18092943
413534723,4,G03275,sanam6322303,18093082
413536103,4,G01222,persian_girl,18093529
413549724,4,G01224,توسکاااا,17933107
413601399,4,G01227,00ـصحراـ00,18102118
413602066,4,G01227,zahraseifii,18102118
413672291,4,G03281,لوبیاخانوم۲۴,18109845
413701543,4,G01235,mituo,18112788
413708945,4,G01235,a_girl_name,18112788
413720613,4,G01238,زاموفیلیاا,18114643
413731261,4,G01241,شکلاتتلخشم,18115963
413731884,4,G01241,azadirahaw,18115963
413742082,4,G03287,roz709089,18117158
413742859,4,G01242,آنی_ماه,18117223
413783638,4,G01246,bita_22m,18116021
413810703,4,G01080,stars_in_your_eyes,18123891
413921245,4,G03303,گوهرخانم,18137127
413930389,4,G03306,alone_2,18138173
413930398,4,G03307,mooonaaaaaaa,18138113
413930422,4,G03307,باد1شرقی,18138113
413930494,4,G01253,جادوگر_کلاه_بنفش,18138167
413932951,4,G01254,ddelbaramdelba,18138383
413936368,4,G03311,دلدارتو,18138770
413939174,4,G03318,خسته۴۶۶۸۵۴۴,18138921
413942989,4,G03321,یرآلماخانم,18138635
413943414,4,G03323,flora84,18139419
413943812,4,G00502,_hnieh_,18139458
413947525,4,G00243,nzmah,18139566
413948299,4,G01267,__mahgoll,18138190
413948377,4,G03328,لیلیوم405,18140011
413948525,4,G02400,midnightbloom,18138462
413950399,4,G01269,طهورا_,18140380
413951384,4,G01270,هوگون,18139086
413952446,4,G03333,elinaz8213,18140635
413954263,4,G01274,مهییییسااااا,18137757
413957645,4,G03335,طرلانی,18141246
413960265,4,G01277,ahiimsaa,18141551
413961491,4,G01277,جوقن,18141551
413961861,4,G01277,جوقن,18141551
413962487,4,G03339,هفدهمین_کاربرییییییی,18141744
413970577,4,G03347,popinu,18142577
413981778,4,G01297,ژوااآن,18143785
413982686,4,G01298,ملی3,18144035
413985110,4,G03358,bamk,18142582
413988084,4,G03360,nika123456,18144705
413988471,4,G03361,آقاسالار,18144717
413990819,4,G03362,setareh2324,18144976
thread_10000140_chocolamilk83_1401/10/10 01:07,4,G01309,chocolamilk83,10000140
thread_10001805_سوسک_بالدار_1401/10/10 11:18,4,G01310,سوسک_بالدار,10001805
thread_10013823_بهارک۷۳_1401/10/11 20:44,4,G02412,بهارک۷۳,10013823
thread_10013823_لیلاجیگر_1401/10/11 21:39,4,G02412,لیلاجیگر,10013823
thread_10142431_دلوووووووین_1401/10/27 17:16,4,G01314,دلوووووووین,10142431
thread_10165795_starter,4,G01316,pishollliii,10165795
thread_10176250_khk1384_1401/11/01 20:25,4,G01318,khk1384,10176250
thread_10251910_starter,4,G01321,mrs_zahra78,10251910
thread_10302862_starter,4,G01326,prunique,10302862
thread_10463942_یارا_۷۰_1401/12/08 14:58,4,G01330,یارا_۷۰,10463942
thread_10632887_starter,4,G01334,eliiiiiiii77,10632887
thread_11168059_starter,4,G03383,عشق_ابدی_منه,11168059
thread_11168059_کلید۹_1402/03/04 12:22,4,G03383,کلید۹,11168059
thread_11189321_روزاخانم_1402/03/07 02:23,4,G01350,روزاخانم,11189321
thread_11272179_starter,4,G02424,felawless,11272179
thread_11409103_دخترمدیترانه_1402/04/04 18:12,4,G03389,دخترمدیترانه,11409103
thread_11410575_starter,4,G01357,goldokhi,11410575
thread_11449595_starter,4,G01360,nellisa,11449595
thread_11543948_fall_girll_1402/04/22 12:07,4,G03392,fall_girll,11543948
thread_11583885_starter,4,G02426,dr_ze,11583885
thread_11622877_فریبابهاری_1402/05/01 15:05,4,G01366,فریبابهاری,11622877
thread_11641483_starter,4,G01367,مامان_ثمین_توپولو2,11641483
thread_11745552_gelareh1234_1402/11/20 23:01,4,G01373,gelareh1234,11745552
thread_11758445_starter,4,G01374,nargesjoni_m,11758445
thread_11758445_zahra_931388_1402/05/19 00:42,4,G01374,zahra_931388,11758445
thread_11837697_starter,4,G01378,رزبنفش_سه_بار_ترکیده,11837697
thread_11863827_starter,4,G03399,sadgrill,11863827
thread_11900901_starter,4,G01383,1395parni,11900901
thread_12001379_starter,4,G01386,مادرکوچولوماهان,12001379
thread_12005329_starter,4,G00140,میلوسا,12005329
thread_12031111_starter,4,G01387,نازایل,12031111
thread_12054109_starter,4,G01389,ساغر1371,12054109
thread_12083716_starter,4,G01391,aramesh2619,12083716
thread_12189262_starter,4,G01397,قاشقی_گل_قرمز,12189262
thread_12246092_nazninpoi_1402/07/24 17:26,4,G01043,nazninpoi,12246092
thread_12260668_starter,4,G03411,نفسی۲۳,12260668
thread_12311774_starter,4,G01402,mamanijon_72,12311774
thread_12347755_starter,4,G01402,mamanijon_72,12347755
thread_12365188_starter,4,G01405,hananeh74__,12365188
thread_12382342_starter,4,G01407,hakan___hajhin,12382342
thread_12474402_taherr_1402/08/30 16:17,4,G01411,taherr,12474402
thread_12474402_مووفرفری_1402/08/30 15:58,4,G01411,مووفرفری,12474402
thread_12554039_starter,4,G02429,سوگند_تازه_عروس,12554039
thread_12592575_starter,4,G01419,moji2020,12592575
thread_12607907_mamagolsa_1402/09/21 22:31,4,G01420,mamagolsa,12607907
thread_12607907_starter,4,G01420,mamagolsa,12607907
thread_12607907_بانوآبی_1402/09/21 22:25,4,G01420,بانوآبی,12607907
thread_12739318_starter,4,G01429,دلاراا,12739318
thread_12785738_starter,4,G01430,فاطمه_زاهدی,12785738
thread_12826848_starter,4,G00207,yasiiiiiijooooo,12826848
thread_12833855_starter,4,G01434,ژربرا_,12833855
thread_13008679_starter,4,G01444,دنیای_باران,13008679
thread_13014671_starter,4,G01445,fatimm12,13014671
thread_13030195_starter,4,G01446,مریم_گل_گلی,13030195
thread_13098851_starter,4,G01448,sanaz۱۲,13098851
thread_13152440_starter,4,G00243,reyane_88,13152440
thread_13195359_starter,4,G02439,hgd7532,13195359
thread_13252859_starter,4,G01464,نارگل۷۴۷۴,13252859
thread_13263274_starter,4,G01465,فرفرری,13263274
thread_13318563_starter,4,G01469,arina5721,13318563
thread_13363518_starter,4,G03429,99petrichor,13363518
thread_13367002_starter,4,G01469,arina5721,13367002
thread_13395685_starter,4,G01474,نیلگونیییییییییییییی,13395685
thread_13400353_starter,4,G01475,fmsvi,13400353
thread_13411628_starter,4,G01479,ماریانا222,13411628
thread_13420174_starter,4,G02440,pariiiiiiiiiiiiiiii,13420174
thread_13437258_starter,4,G03431,مه،تا,13437258
thread_13459776_starter,4,G01130,رضوانه25رضوانی,13459776
thread_13467002_starter,4,G01484,سیلواااانا,13467002
thread_13473460_starter,4,G01485,khazoon,13473460
thread_13489381_starter,4,G01488,nasim_khanomm,13489381
thread_13512626_starter,4,G01491,مروارید_کمیاب,13512626
thread_13523002_starter,4,G02442,saharam298,13523002
thread_13557048_starter,4,G00286,میریام۰۲,13557048
thread_13565923_starter,4,G01495,chancellor72,13565923
thread_13610137_starter,4,G01479,ماریانا222,13610137
thread_13768670_starter,4,G00331,1275748,13768670
thread_13794375_starter,4,G01510,elmsh,13794375
thread_13809168_starter,4,G01512,شیرین۱۴۰۰زمانی,13809168
thread_13816473_starter,4,G00353,فسان,13816473
thread_13861438_starter,4,G01513,ررررررها,13861438
thread_13885557_starter,4,G02443,pizza_بيتزا,13885557
thread_14001705_starter,4,G01527,1w3ryu,14001705
thread_14051391_starter,4,G01533,76ponika,14051391
thread_14057157_starter,4,G01534,یاسیgol,14057157
thread_14086391_starter,4,G02445,مهسام_,14086391
thread_14147541_starter,4,G02448,یلدااااقشنگگگگگگ,14147541
thread_14259883_starter,4,G01548,adaellery,14259883
thread_14260097_starter,4,G03440,شیک_توتفرنگی,14260097
thread_14279309_starter,4,G03442,پانداخوابالو,14279309
thread_14280070_starter,4,G00426,نیلوفرآبی73,14280070
thread_14285147_starter,4,G01552,anarooz_۱۳۷۹,14285147
thread_14312546_starter,4,G01555,bbjjjjjmona,14312546
thread_14343479_starter,4,G01557,هوا_سرد_است,14343479
thread_14408505__stella__1403/06/11 11:45,4,G03444,_stella_,14408505
thread_14415787_starter,4,G01563,mamanie_arsha,14415787
thread_14476868_starter,4,G00447,مادرفروردین,14476868
thread_14538567_starter,4,G01578,نگین۸۰_,14538567
thread_14585161_starter,4,G01585,یکتا1355,14585161
thread_14611290_starter,4,G01586,مونا6996,14611290
thread_14710991_starter,4,G03448,افسون_95,14710991
thread_14718368_starter,4,G01595,فارن,14718368
thread_14770123_starter,4,G01597,طلوع۲۰,14770123
thread_14770187_starter,4,G01598,78_nili,14770187
thread_14808080_starter,4,G02845,f_aez_8,14808080
thread_14820613_starter,4,G03449,ساحلاروم,14820613
thread_14932161_starter,4,G00516,سحر1368,14932161
thread_14967261_starter,4,G00519,aava1368,14967261
thread_15011633_starter,4,G01614,papappa,15011633
thread_15063413_starter,4,G03456,85sogoli,15063413
thread_15080258_starter,4,G01616,nazanin_1380,15080258
thread_15109261_starter,4,G01621,پری_سه,15109261
thread_15151230_starter,4,G01627,نوا73,15151230
thread_15155765_starter,4,G01629,h_shahi,15155765
thread_15209699_starter,4,G01636,شونام,15209699
thread_15213489_starter,4,G02265,آذرماهی۷۵,15213489
thread_15340992_starter,4,G01642,زیبا۱۱,15340992
thread_15361633_starter,4,G00596,golipatrik,15361633
thread_15516515_starter,4,G02459,khanomkarami,15516515
thread_15536159_starter,4,G02460,عشقهایمن,15536159
thread_15586951_starter,4,G00596,golipatrik,15586951
thread_15612292_starter,4,G01663,ayhan1369,15612292
thread_15616356_starter,4,G01664,آرزو۱۷۱,15616356
thread_15633220_starter,4,G01999,رولت_خامه,15633220
thread_15650564_starter,4,G01150,زهرا۸۴۲۸۹۶,15650564
thread_15697127_starter,4,G01671,kanya,15697127
thread_15701732_starter,4,G02913,delvin123456,15701732
thread_15784692_starter,4,G01614,papappa,15784692
thread_15839395_starter,4,G02463,دخترتنهاعطرینه,15839395
thread_15842338_starter,4,G01681,rastafff,15842338
thread_15849913_starter,4,G01680,۳۰۰۶۴,15849913
thread_15853695_starter,4,G01681,rastafff,15853695
thread_15874157_starter,4,G01683,ya3min,15874157
thread_15908225_starter,4,G02466,ساره۲۱۳,15908225
thread_15938609_starter,4,G00657,82fatimahhhh,15938609
thread_15972289_starter,4,G01695,sabrrra,15972289
thread_15975147_starter,4,G01696,hosna313,15975147
thread_15995528_starter,4,G01699,torrannj,15995528
thread_16003885_starter,4,G01701,یکم,16003885
thread_16031006_starter,4,G03472,_بانوی0وسط0دربار_,16031006
thread_16034429_starter,4,G01702,zizira1,16034429
thread_16053482_starter,4,G01706,samsam65,16053482
thread_16093555_starter,4,G02978,یسنا130,16093555
thread_16095364_starter,4,G00686,chamedan,16095364
thread_16098028_starter,4,G01712,نیک1404,16098028
thread_16111913_starter,4,G01715,عصبی۲۷,16111913
thread_16130107_starter,4,G01718,پرستوجووون,16130107
thread_16174801_starter,4,G01726,زهراعروس,16174801
thread_16239697_starter,4,G01736,ماماننیهانم23,16239697
thread_16321538_starter,4,G01748,elemnt,16321538
thread_16334573_starter,4,G01750,کمندگیسو,16334573
thread_16376681_starter,4,G02471,zvbmi,16376681
thread_16407264_starter,4,G00804,_maleficent_,16407264
thread_16417661_starter,4,G01757,hadis_gol,16417661
thread_16418751_starter,4,G01758,گل_____اره,16418751
thread_16420108_starter,4,G01759,پارادایس۷۹,16420108
thread_16420723_starter,4,G01757,hadis_gol,16420723
thread_16446104_starter,4,G01762,میناتیتب,16446104
thread_16453516_starter,4,G01763,مهرساoo,16453516
thread_16557934_starter,4,G00558,dokhtar_niloofari,16557934
thread_16576208_starter,4,G00558,dokhtar_niloofari,16576208
thread_16590181_starter,4,G01782,76khadijeh,16590181
thread_16598160_starter,4,G01783,1zanborasal,16598160
thread_16601366_starter,4,G01784,تفنچی,16601366
thread_16611548_starter,4,G00782,vggy,16611548
thread_16612778_starter,4,G01787,mohsen1266,16612778
thread_16617040_starter,4,G01788,محیا14021402,16617040
thread_16624448_starter,4,G00804,_maleficent_,16624448
thread_16680789_starter,4,G01793,جنگل_بید_مجنون,16680789
thread_16689898_starter,4,G00769,fateme9183,16689898
thread_16715854_starter,4,G01796,خیلی،زیاد،خوشبختم,16715854
thread_16730803_starter,4,G03484,حورامان,16730803
thread_16744956_starter,4,G01800,atrina77,16744956
thread_16782826_starter,4,G03486,1380fatimasadat,16782826
thread_16810862_starter,4,G03488,mischievous,16810862
thread_16822296_starter,4,G01810,reihanaaaaaaaaaa,16822296
thread_16836204_starter,4,G03489,بانو_banoo,16836204
thread_17030125_starter,4,G01830,hanahilda,17030125
thread_17057384_starter,4,G02481,لحیم,17057384
thread_17083432_starter,4,G03493,خانهدرخشان,17083432
thread_17121649_starter,4,G01838,mkdsa,17121649
thread_17140656_starter,4,G01839,گیسو۸۸۹۲,17140656
thread_17183136_starter,4,G02483,سلطنتمجاویدان,17183136
thread_17218284_starter,4,G01848,hanbeh,17218284
thread_17257089_starter,4,G01854,78me,17257089
thread_17260088_starter,4,G01855,as19,17260088
thread_17269841_starter,4,G03495,پارمیس۱۲۰۰,17269841
thread_17280421_starter,4,G01859,maryamina,17280421
thread_17299325_starter,4,G01860,niniijoooon,17299325
thread_17334683_starter,4,G01865,شهرزاد_سایت,17334683
thread_17338779_starter,4,G03499,negar864,17338779
thread_17342656_starter,4,G01867,باخندهقشنگتری,17342656
thread_17388940_starter,4,G01877,maryammohseni,17388940
thread_17408617_starter,4,G00923,جودوسرپرک۱۴۰۲,17408617
thread_17409385_starter,4,G01879,nnnfarah,17409385
thread_17419717_starter,4,G03503,سلامبرابراهیم,17419717
thread_17448188_starter,4,G01884,khanomenon,17448188
thread_17466749_starter,4,G01890,دخیxافسرده80,17466749
thread_17488179_starter,4,G01895,zanoobe,17488179
thread_17502823_starter,4,G01899,faeze82,17502823
thread_17522883_starter,4,G01908,الماس_هستم,17522883
thread_17549852_starter,4,G03508,ثغرا,17549852
thread_17556831_starter,4,G02497,گلپرسابق,17556831
thread_17556974_starter,4,G02358,موطلایی,17556974
thread_17578136_starter,4,G00980,farimah777,17578136
thread_17592780_starter,4,G01923,درسا،دلسا,17592780
thread_17606252_starter,4,G02498,آیس_کارامل_ماکیاتو,17606252
thread_17627299_starter,4,G00975,kh22,17627299
thread_17636269_starter,4,G03510,momy_panah,17636269
thread_17639101_starter,4,G01899,faeze82,17639101
thread_17668132_starter,4,G01937,۱۳۷۸۱,17668132
thread_17705028_starter,4,G01941,بهاریییی,17705028
thread_17705291_starter,4,G01943,_کاساندان__,17705291
thread_17717493_starter,4,G01948,کلیهحزیفتربهخل,17717493
thread_17790510_starter,4,G01963,fateme022,17790510
thread_17809622_starter,4,G01967,fateme_najafi80,17809622
thread_17817521_starter,4,G01042,radinm_donyam,17817521
thread_17840595_starter,4,G01973,اعتمادبهنفس,17840595
thread_17854715_starter,4,G01976,نفس77658,17854715
thread_17872898_starter,4,G01978,beinolharamein,17872898
thread_17874687_starter,4,G01976,نفس77658,17874687
thread_17892325_starter,4,G01988,5368943neda,17892325
thread_17897311_starter,4,G00914,samavafa,17897311
thread_17902197_starter,4,G01990,848raha,17902197
thread_17917179_starter,4,G01141,fatikhanomm2,17917179
thread_17918129_starter,4,G01042,radinm_donyam,17918129
thread_17943999_starter,4,G01999,رولت_خامه,17943999
thread_17946495_starter,4,G02002,رویا_آرزو,17946495
thread_17950084_starter,4,G00986,mmmmmm7777,17950084
thread_17951622_starter,4,G02003,fatemeh77as,17951622
thread_17960549_starter,4,G02006,نگینmahdi2230,17960549
thread_17963985_starter,4,G01085,ahanaaaa,17963985
thread_17972811_starter,4,G02506,yournico,17972811
thread_17986541_starter,4,G02018,mohi8m,17986541
thread_17986545_starter,4,G02019,mona1106,17986545
thread_17989073_starter,4,G02024,رهایی۹۰,17989073
thread_18006122_starter,4,G02034,haboshe,18006122
thread_18011444_starter,4,G00914,samavafa,18011444
thread_18022617_starter,4,G02042,الین۷۷,18022617
thread_18025318_starter,4,G02046,dokme2000,18025318
thread_18031114_starter,4,G02512,زهرا1231234,18031114
thread_18033465_starter,4,G02513,fatinilo,18033465
thread_18036897_starter,4,G01174,banoo_khanom,18036897
thread_18044313_starter,4,G01163,مادرشاهان۱۴۰۰,18044313
thread_18045684_starter,4,G02057,ساراچکا,18045684
thread_18050661_starter,4,G02061,hana1996,18050661
thread_18051257_starter,4,G03532,ایموگ,18051257
thread_18061182_starter,4,G02063,servehsaidi,18061182
thread_18074583_starter,4,G01207,mahsa_18,18074583
thread_18081442_starter,4,G02071,f_ja,18081442
thread_18082368_starter,4,G02072,bahoone2,18082368
thread_18091250_starter,4,G02075,مهروژ,18091250
thread_18094265_starter,4,G02076,توت_فرنگی51,18094265
thread_18138406_starter,4,G02520,دلـــdelـــآرام,18138406
thread_18138463_starter,4,G02093,آرسااااام,18138463
thread_18138631_starter,4,G02521,mmmaaarrryyyaaammm,18138631
thread_18138729_starter,4,G02522,ساحل7888,18138729
thread_18138955_starter,4,G02098,fatimaa00,18138955
thread_18139787_starter,4,G02102,ماتروشکا_تعلیقی1377,18139787
thread_18139869_starter,4,G02525,dokhtarrrrrre_baba,18139869
thread_18140235_starter,4,G02526,سارا۲۰۲۰,18140235
thread_18141394_starter,4,G02109,_nesaaaai,18141394
thread_18143558_starter,4,G03557,kh_n_r,18143558
thread_18143955_starter,4,G01298,ملی3,18143955
thread_18143976_starter,4,G02114,دختر_دریا_83,18143976
thread_18144544_starter,4,G02116,moon_am,18144544
thread_18144570_starter,4,G01045,ملیخانوم,18144570
thread_18144589_starter,4,G02117,returnme,18144589
thread_18145283_starter,4,G02119,mahdiiyeh,18145283
thread_6112233_mmmدخترتنهاmmm_1399/12/29 11:57,4,G02533,mmmدخترتنهاmmm,6112233
thread_6282150_نمک_یددار_1400/01/27 04:33,4,G02534,نمک_یددار,6282150
thread_6442764_starter,4,G02132,ایوانس,6442764
thread_6442764_فونیکس1990_1400/02/19 16:29,4,G02132,فونیکس1990,6442764
thread_6698397_roooooyaaa_1400/03/29 00:32,4,G03568,roooooyaaa,6698397
thread_6698397_سبزهزار_1400/03/29 00:37,4,G03568,سبزهزار,6698397
thread_6968946_starter,4,G02143,دخملییییییی,6968946
thread_6972253_starter,4,G02144,یلیدیز,6972253
thread_7198508_starter,4,G02148,niya83,7198508
thread_7223763_zhoooan_1400/06/19 00:48,4,G02150,zhoooan,7223763
thread_7278834_مهوش221_1400/06/27 21:04,4,G03572,مهوش221,7278834
thread_7360433_starter,4,G02540,ن_م_ی_د_ا_ن_م_خ,7360433
thread_7833045_shirin_2125_1400/10/02 01:13,4,G03582,shirin_2125,7833045
thread_8081945_mj1371_1400/11/14 21:57,4,G03584,mj1371,8081945
thread_8195622_noranora_1400/12/03 22:38,4,G02169,noranora,8195622
thread_8195622_starter,4,G02169,noranora,8195622
thread_8202132_سرودهای_دلتنگی_1400/12/04 23:39,4,G03587,سرودهای_دلتنگی,8202132
thread_8229349_pink_bubble_1400/12/09 14:57,4,G03589,pink_bubble,8229349
thread_8356775_starter,4,G02173,_moon_l_,8356775
thread_8358399__moon_l__1401/01/03 04:21,4,G02173,_moon_l_,8358399
thread_8669803_الیزابت۷۴_1401/02/27 12:44,4,G03597,الیزابت۷۴,8669803
thread_8829382_starter,4,G03601,sadafm6,8829382
thread_8858733_starter,4,G02185,meehrssa,8858733
thread_8880238_1398asal_1401/04/01 00:51,4,G02186,1398asal,8880238
thread_8880238_77shaghi_1401/04/01 00:46,4,G02186,77shaghi,8880238
thread_8880238_starter,4,G02186,تکنیک,8880238
thread_8880238_دختراسترسی_1401/04/01 00:44,4,G02186,دختراسترسی,8880238
thread_8914324_لیداخانوم۲۷_1401/04/06 17:49,4,G02189,لیداخانوم۲۷,8914324
thread_8914324_موز_قرمز_1401/04/06 17:36,4,G02189,موز_قرمز,8914324
thread_9052887_icequeenn_1401/11/10 17:16,4,G02190,icequeenn,9052887
thread_9052887_کاپو_چینو_1401/04/29 21:18,4,G02190,کاپو_چینو,9052887
thread_9227382_starter,4,G02193,پاراگلایدر,9227382
thread_9375288_starter,4,G02196,267magnolia,9375288
thread_9412914_فرشتهجان_1401/06/26 23:10,4,G02197,فرشتهجان,9412914
thread_9485660_فاطمه_هستم_۲۳__1401/07/19 14:01,4,G03610,فاطمه_هستم_۲۳_,9485660
thread_9759365_starter,4,G02207,ansherle_997,9759365
thread_9966511_arosakjooni_1401/10/05 16:01,4,G02190,arosakjooni,9966511
thread_9966511_کاپو_چینو_1401/10/05 16:04,4,G02190,کاپو_چینو,9966511
thread_9966511_کاپو_چینو_1401/10/05 16:22,4,G02190,کاپو_چینو,9966511
thread_9970026_starter,4,G02219,زينب2869,9970026
