stem,association,high_freq,low_freq,ratio
؟؟,negative/high_proxy,4775,78,61.217948717948715
تن,negative/high_proxy,3750,3,1250.0
سینه,negative/high_proxy,690,318,2.169811320754717
درد,negative/high_proxy,13012,4,3253.0
عصب,negative/high_proxy,1173,0,inf
پرخاش,negative/high_proxy,61,15,4.066666666666666
می‌کش,negative/high_proxy,739,333,2.219219219219219
نب,negative/high_proxy,3924,613,6.4013050570962475
استرس,negative/high_proxy,6979,10,697.9
اضطراب,negative/high_proxy,202,74,2.72972972972973
نفر,negative/high_proxy,2253,3,751.0
افسردگ,negative/high_proxy,1002,1,1002.0
لخته,negative/high_proxy,439,216,2.0324074074074074
؟؟؟؟,negative/high_proxy,724,13,55.69230769230769
معلول,negative/high_proxy,97,47,2.0638297872340425
بیداد,negative/high_proxy,74,35,2.1142857142857143
جیغ,negative/high_proxy,253,99,2.5555555555555554
مامانبزرگ,negative/high_proxy,59,28,2.107142857142857
معتاد,negative/high_proxy,221,102,2.1666666666666665
تجاوز,negative/high_proxy,118,0,inf
محافظت‌شده,negative/high_proxy,12,5,2.4
؟؟؟,negative/high_proxy,2439,38,64.1842105263158
عذاب,negative/high_proxy,1327,0,inf
وجد,negative/high_proxy,531,29,18.310344827586206
چطوره,negative/high_proxy,299,140,2.1357142857142857
نفرن,negative/high_proxy,11,4,2.75
خفیف,negative/high_proxy,242,84,2.880952380952381
دردم,negative/high_proxy,13,2,6.5
ینی,negative/high_proxy,989,481,2.056133056133056
کتک,negative/high_proxy,488,0,inf
گریه,negative/high_proxy,3377,1,3377.0
دل‌شکسته,negative/high_proxy,25,12,2.0833333333333335
پایان,negative/high_proxy,10,4,2.5
مولار,negative/high_proxy,27,12,2.25
اشک,negative/high_proxy,457,0,inf
ترس,negative/high_proxy,1330,1,1330.0
بغض,negative/high_proxy,102,31,3.2903225806451615
اشغال,negative/high_proxy,154,0,inf
نمی‌بخش,negative/high_proxy,27,9,3.0
سطل,negative/high_proxy,50,20,2.5
مرگ,negative/high_proxy,696,4,174.0
اعضا,negative/high_proxy,13,6,2.1666666666666665
شدید,negative/high_proxy,219,83,2.63855421686747
جدا,negative/high_proxy,2198,0,inf
می‌لرز,negative/high_proxy,45,13,3.4615384615384617
میلی‌م,negative/high_proxy,34,12,2.8333333333333335
تنس,negative/high_proxy,16,2,8.0
کمر,negative/high_proxy,1238,271,4.568265682656826
دل‌درد,negative/high_proxy,258,105,2.4571428571428573
سینه‌درد,negative/high_proxy,78,30,2.6
سرهنگ,negative/high_proxy,14,4,3.5
پشیمون,negative/high_proxy,1176,1,1176.0
مامانمو,negative/high_proxy,40,19,2.1052631578947367
میکشیدن,negative/high_proxy,13,5,2.6
می‌میر,negative/high_proxy,402,162,2.4814814814814814
جایی,negative/high_proxy,17,2,8.5
فکروخیال,negative/high_proxy,11,3,3.6666666666666665
ظلم,negative/high_proxy,237,0,inf
کشید,negative/high_proxy,771,362,2.1298342541436464
وحش,negative/high_proxy,237,0,inf
نگر,negative/high_proxy,5064,2,2532.0
رسمیه,negative/high_proxy,11,5,2.2
شهردار,negative/high_proxy,32,9,3.5555555555555554
عموه,negative/high_proxy,67,21,3.1904761904761907
طلاهامو,negative/high_proxy,12,5,2.4
معتادا,negative/high_proxy,18,8,2.25
تحمله,negative/high_proxy,65,13,5.0
عصا,negative/high_proxy,12,5,2.4
پریروز,negative/high_proxy,68,27,2.5185185185185186
آستانه,negative/high_proxy,28,8,3.5
خیانتکار,negative/high_proxy,26,8,3.25
عوضی,negative/high_proxy,10,4,2.5
قلبمو,negative/high_proxy,27,9,3.0
غم,negative/high_proxy,323,1,323.0
اندوه,negative/high_proxy,13,2,6.5
هیجوق,negative/high_proxy,10,4,2.5
زیردل,negative/high_proxy,22,6,3.6666666666666665
شکس,negative/high_proxy,338,0,inf
میکنع,negative/high_proxy,28,10,2.8
پیشمه,negative/high_proxy,11,5,2.2
شبای,negative/high_proxy,13,4,3.25
سوگوار,negative/high_proxy,20,6,3.3333333333333335
گوشیمو,negative/high_proxy,23,11,2.090909090909091
زار,negative/high_proxy,138,35,3.942857142857143
صیغه,negative/high_proxy,65,29,2.2413793103448274
میترسم,negative/high_proxy,24,9,2.6666666666666665
می‌توا,negative/high_proxy,46,11,4.181818181818182
چیشد,negative/high_proxy,149,63,2.365079365079365
عقب‌افتاده,negative/high_proxy,110,46,2.391304347826087
مره,negative/high_proxy,15,5,3.0
انسانیه,negative/high_proxy,11,1,11.0
بابامو,negative/high_proxy,38,8,4.75
معتادن,negative/high_proxy,16,3,5.333333333333333
طلاق,negative/high_proxy,2259,6,376.5
خیانت,negative/high_proxy,68,26,2.6153846153846154
شمرد,negative/high_proxy,10,2,5.0
خانوادم,negative/high_proxy,38,15,2.533333333333333
طلاقه,negative/high_proxy,23,7,3.2857142857142856
همکارا,negative/high_proxy,10,4,2.5
کدومتون,negative/high_proxy,10,4,2.5
متور,negative/high_proxy,24,8,3.0
مهریه,negative/high_proxy,418,161,2.5962732919254656
خروج,negative/high_proxy,30,9,3.3333333333333335
ازکجا,negative/high_proxy,33,15,2.2
لگن,negative/high_proxy,314,126,2.492063492063492
پریوده,negative/high_proxy,59,20,2.95
برنمیگرده,negative/high_proxy,25,8,3.125
لعن,negative/high_proxy,387,0,inf
کمرم,negative/high_proxy,20,1,20.0
نق‌نقو,negative/high_proxy,11,4,2.75
بدبیار,negative/high_proxy,10,1,10.0
آواره,negative/high_proxy,14,5,2.8
خش,negative/high_proxy,11,4,2.75
مشروب,negative/high_proxy,37,16,2.3125
انداره,negative/high_proxy,14,4,3.5
دلدرد,negative/high_proxy,79,39,2.0256410256410255
می‌زده,negative/high_proxy,27,10,2.7
گلد,negative/high_proxy,10,4,2.5
خون‌دماغ,negative/high_proxy,13,1,13.0
بیتاب,negative/high_proxy,13,6,2.1666666666666665
غیاب,negative/high_proxy,10,4,2.5
وجدان,negative/high_proxy,54,7,7.714285714285714
دلشت,negative/high_proxy,11,3,3.6666666666666665
دردا,negative/high_proxy,98,32,3.0625
دهد,negative/high_proxy,17,3,5.666666666666667
افسرد,negative/high_proxy,24,8,3.0
خانمای,negative/high_proxy,26,12,2.1666666666666665
چنده,negative/high_proxy,220,88,2.5
مسکن,negative/high_proxy,185,82,2.2560975609756095
برید,negative/high_proxy,59,17,3.4705882352941178
ناگهان,negative/high_proxy,29,11,2.6363636363636362
چطوریه,negative/high_proxy,135,63,2.142857142857143
التماستون,negative/high_proxy,10,1,10.0
شکمتون,negative/high_proxy,29,14,2.0714285714285716
خونریزیتون,negative/high_proxy,14,0,inf
پارگ,negative/high_proxy,40,16,2.5
طرد,negative/high_proxy,18,8,2.25
جوریکه,negative/high_proxy,14,5,2.8
برنمی,negative/high_proxy,14,3,4.666666666666667
مدتیه,negative/high_proxy,24,11,2.1818181818181817
پریودیه,negative/high_proxy,42,10,4.2
پار,negative/high_proxy,23,11,2.090909090909091
غمگین,negative/high_proxy,19,7,2.7142857142857144
داداشمه,negative/high_proxy,11,4,2.75
دستم,negative/high_proxy,15,7,2.142857142857143
پاشدن,negative/high_proxy,15,3,5.0
کتم,negative/high_proxy,17,7,2.4285714285714284
کفن,negative/high_proxy,11,1,11.0
چحور,negative/high_proxy,11,5,2.2
چپش,negative/high_proxy,10,4,2.5
یادته,negative/high_proxy,31,11,2.8181818181818183
لثه,negative/high_proxy,57,26,2.1923076923076925
قابل‌تحمل,negative/high_proxy,84,26,3.230769230769231
آمنیوسنتز,negative/high_proxy,44,15,2.933333333333333
نامناسب,negative/high_proxy,20,9,2.2222222222222223
احیانا,negative/high_proxy,39,10,3.9
۱۰۵,negative/high_proxy,23,10,2.3
سانته,negative/high_proxy,26,9,2.888888888888889
آمینوسنتز,negative/high_proxy,68,31,2.193548387096774
آدمیه,negative/high_proxy,13,6,2.1666666666666665
بخیه,negative/high_proxy,316,152,2.0789473684210527
دلهره,negative/high_proxy,26,12,2.1666666666666665
ندم,negative/high_proxy,105,47,2.234042553191489
؟؟؟؟؟,negative/high_proxy,213,3,71.0
نریخ,negative/high_proxy,17,2,8.5
موعود,negative/high_proxy,28,11,2.5454545454545454
نمی‌گذر,negative/high_proxy,11,5,2.2
قفسه,negative/high_proxy,51,11,4.636363636363637
اولتون,negative/high_proxy,32,9,3.5555555555555554
بعن,negative/high_proxy,17,8,2.125
؟؟؟؟؟؟,negative/high_proxy,103,2,51.5
چندسالتونه,negative/high_proxy,18,5,3.6
بستری‌شده,negative/high_proxy,11,3,3.6666666666666665
نمی‌تونه,negative/high_proxy,69,26,2.6538461538461537
بریده,negative/high_proxy,47,23,2.0434782608695654
دادگاه,negative/high_proxy,132,63,2.0952380952380953
اینروزا,negative/high_proxy,11,5,2.2
راستمه,negative/high_proxy,13,6,2.1666666666666665
غرغرو,negative/high_proxy,10,2,5.0
علامت,negative/high_proxy,46,21,2.1904761904761907
گرفتگ,negative/high_proxy,89,40,2.225
نریخته,negative/high_proxy,15,7,2.142857142857143
میگرن,negative/high_proxy,85,41,2.073170731707317
گذاری,negative/high_proxy,11,4,2.75
سوراخه,negative/high_proxy,14,6,2.3333333333333335
بی‌اختیار,negative/high_proxy,12,2,6.0
اسیر,negative/high_proxy,113,0,inf
پادرد,negative/high_proxy,35,12,2.9166666666666665
عصبانی,negative/high_proxy,84,39,2.1538461538461537
اضافه‌شده,negative/high_proxy,32,14,2.2857142857142856
۱۲۵,negative/high_proxy,14,6,2.3333333333333335
صورتیه,negative/high_proxy,10,4,2.5
عروسیمه,negative/high_proxy,17,7,2.4285714285714284
نخورن,negative/high_proxy,17,8,2.125
دردتون,negative/high_proxy,19,9,2.111111111111111
بازگش,negative/high_proxy,17,8,2.125
بی‌اشت,negative/high_proxy,62,29,2.1379310344827585
دلشوره,negative/high_proxy,71,0,inf
هم‌خون,negative/high_proxy,19,7,2.7142857142857144
باباتون,negative/high_proxy,13,4,3.25
یعت,negative/high_proxy,18,3,6.0
برنمیداره,negative/high_proxy,13,6,2.1666666666666665
بدبود,negative/high_proxy,10,3,3.3333333333333335
پریشب,negative/high_proxy,38,14,2.7142857142857144
گمشده,negative/high_proxy,10,4,2.5
چندوقته,negative/high_proxy,25,11,2.272727272727273
خشم,negative/high_proxy,117,0,inf
برنخوره,negative/high_proxy,12,5,2.4
جسارتا,negative/high_proxy,31,10,3.1
پریودتون,negative/high_proxy,23,4,5.75
میخورد,negative/high_proxy,21,9,2.3333333333333335
اذیته,negative/high_proxy,14,4,3.5
ترشحات,negative/high_proxy,51,20,2.55
ترخدا,negative/high_proxy,23,9,2.5555555555555554
معدم,negative/high_proxy,12,5,2.4
آبله,negative/high_proxy,32,10,3.2
میزد,negative/high_proxy,10,3,3.3333333333333335
انقباض,negative/high_proxy,219,93,2.3548387096774195
استخو,negative/high_proxy,75,35,2.142857142857143
بایو,negative/high_proxy,23,10,2.3
اویل,negative/high_proxy,26,11,2.3636363636363638
تاول,negative/high_proxy,13,5,2.6
دیروزه,negative/high_proxy,11,2,5.5
ماهته,negative/high_proxy,53,22,2.409090909090909
شستم,negative/high_proxy,10,4,2.5
گسترده,negative/high_proxy,10,4,2.5
می‌گیرن,negative/high_proxy,17,7,2.4285714285714284
علائمشو,negative/high_proxy,11,1,11.0
دیکلوفناک,negative/high_proxy,28,11,2.5454545454545454
کتف,negative/high_proxy,44,19,2.3157894736842106
زایمانه,negative/high_proxy,61,21,2.9047619047619047
می‌گیره,negative/high_proxy,49,22,2.227272727272727
نفس‌تنگ,negative/high_proxy,26,12,2.1666666666666665
دندونمو,negative/high_proxy,16,3,5.333333333333333
امونمو,negative/high_proxy,22,10,2.2
مهری,negative/high_proxy,11,5,2.2
جدابش,negative/high_proxy,10,3,3.3333333333333335
وگریه,negative/high_proxy,16,3,5.333333333333333
ترسناکه,negative/high_proxy,29,13,2.230769230769231
۱۰۱,negative/high_proxy,11,5,2.2
گریع,negative/high_proxy,10,4,2.5
دردشو,negative/high_proxy,17,6,2.8333333333333335
موستلا,negative/high_proxy,31,6,5.166666666666667
صدک,negative/high_proxy,11,4,2.75
دردش,negative/high_proxy,13,5,2.6
چیکارا,negative/high_proxy,33,13,2.5384615384615383
می‌ک,negative/high_proxy,73,35,2.085714285714286
ندونست,negative/high_proxy,13,6,2.1666666666666665
هرزگاه,negative/high_proxy,12,4,3.0
امپولا,negative/high_proxy,13,5,2.6
؟؟؟؟؟؟؟,negative/high_proxy,34,1,34.0
غذاشون,negative/high_proxy,10,3,3.3333333333333335
سزارینه,negative/high_proxy,12,4,3.0
عضلان,negative/high_proxy,14,5,2.8
فکم,negative/high_proxy,22,7,3.142857142857143
جنینتون,negative/high_proxy,16,5,3.2
چمه,negative/high_proxy,59,14,4.214285714285714
درشون,negative/high_proxy,11,4,2.75
پریودمه,negative/high_proxy,30,12,2.5
بیحس,negative/high_proxy,59,23,2.5652173913043477
دنبالچه,negative/high_proxy,23,8,2.875
سونوگرافی,negative/high_proxy,36,16,2.25
میگره,negative/high_proxy,11,4,2.75
درچه,negative/high_proxy,10,4,2.5
فشارمو,negative/high_proxy,13,6,2.1666666666666665
کلاب,negative/high_proxy,28,12,2.3333333333333335
دماغمو,negative/high_proxy,11,4,2.75
وجودمو,negative/high_proxy,16,1,16.0
سیکلمه,negative/high_proxy,14,2,7.0
چندم,negative/high_proxy,75,34,2.2058823529411766
اولتونه,negative/high_proxy,19,4,4.75
چیشو,negative/high_proxy,12,5,2.4
اپیدورال,negative/high_proxy,38,10,3.8
آشوب,negative/high_proxy,25,9,2.7777777777777777
دکترمه,negative/high_proxy,11,3,3.6666666666666665
پلی‌کیستیک,negative/high_proxy,12,0,inf
عارضه,negative/high_proxy,25,11,2.272727272727273
مبتلای,negative/high_proxy,11,1,11.0
خوددار,negative/high_proxy,14,2,7.0
پروتز,negative/high_proxy,42,12,3.5
زیرشکم,negative/high_proxy,17,5,3.4
تالاسم,negative/high_proxy,12,5,2.4
ناموفق,negative/high_proxy,36,17,2.1176470588235294
خفت,negative/high_proxy,21,10,2.1
بدبین,negative/high_proxy,10,4,2.5
سمته,negative/high_proxy,10,3,3.3333333333333335
چندسالته,negative/high_proxy,59,21,2.8095238095238093
چقده,negative/high_proxy,49,21,2.3333333333333335
؟؟؟؟؟؟؟؟,negative/high_proxy,21,0,inf
ازدواجتون,negative/high_proxy,28,9,3.111111111111111
چندماهگ,negative/high_proxy,10,3,3.3333333333333335
براچ,negative/high_proxy,30,13,2.3076923076923075
منظورتون,negative/high_proxy,52,22,2.3636363636363638
سیاتیک,negative/high_proxy,30,11,2.727272727272727
زدگ,negative/high_proxy,21,9,2.3333333333333335
می‌گیرد,negative/high_proxy,13,5,2.6
نفرین,negative/high_proxy,41,19,2.1578947368421053
پانیک,negative/high_proxy,35,13,2.6923076923076925
واژنه,negative/high_proxy,11,4,2.75
پرولوتون,negative/high_proxy,15,5,3.0
سازنده,negative/high_proxy,13,5,2.6
هال,negative/high_proxy,22,10,2.2
یشه,negative/high_proxy,13,5,2.6
ولت,negative/high_proxy,37,15,2.466666666666667
۸۷,negative/high_proxy,43,19,2.263157894736842
پاهام,negative/high_proxy,10,4,2.5
نترسید,negative/high_proxy,13,4,3.25
دشوی,negative/high_proxy,21,5,4.2
لولایینگ,negative/high_proxy,19,6,3.1666666666666665
سنتز,negative/high_proxy,65,25,2.6
هردفعه,negative/high_proxy,19,8,2.375
پسار,negative/high_proxy,70,21,3.3333333333333335
قرون,negative/high_proxy,29,11,2.6363636363636362
خانوادمو,negative/high_proxy,16,7,2.2857142857142856
راهو,negative/high_proxy,44,16,2.75
طلبکارانه,negative/high_proxy,12,3,4.0
بیخیاله,negative/high_proxy,16,6,2.6666666666666665
کشیدگ,negative/high_proxy,25,6,4.166666666666667
چندماهته,negative/high_proxy,16,5,3.2
چندمته,negative/high_proxy,21,7,3.0
نفس‌نفس,negative/high_proxy,11,3,3.6666666666666665
باتو,negative/high_proxy,10,3,3.3333333333333335
خوردگ,negative/high_proxy,33,16,2.0625
جسمی,negative/high_proxy,11,5,2.2
زردی,negative/high_proxy,16,7,2.2857142857142856
منظمه,negative/high_proxy,35,16,2.1875
ذهنمو,negative/high_proxy,15,5,3.0
منظورتونه,negative/high_proxy,18,0,inf
کارامو,negative/high_proxy,96,41,2.341463414634146
بیگناه,negative/high_proxy,16,5,3.2
مسبب,negative/high_proxy,10,4,2.5
سندروم,negative/high_proxy,18,7,2.5714285714285716
زدنشو,negative/high_proxy,32,5,6.4
باای,negative/high_proxy,30,4,7.5
نیکو,negative/high_proxy,32,12,2.6666666666666665
نگردد,negative/high_proxy,31,0,inf
تهم,negative/high_proxy,77,37,2.081081081081081
یاهرچ,negative/high_proxy,33,6,5.5
۱۰۶۸۳۲۱۴,negative/high_proxy,31,1,31.0
۳۰۸۷۰۶۱۵۳,negative/high_proxy,17,0,inf
الکی,negative/high_proxy,10,3,3.3333333333333335
گمشه,negative/high_proxy,10,2,5.0
آمینیو,negative/high_proxy,14,2,7.0
چیع,negative/high_proxy,17,8,2.125
مقدمه,negative/high_proxy,12,3,4.0
مرتکب,negative/high_proxy,10,3,3.3333333333333335
قیدشو,negative/high_proxy,13,5,2.6
کلونازپ,negative/high_proxy,10,4,2.5
لجن,negative/high_proxy,38,0,inf
رباط,negative/high_proxy,15,1,15.0
میخوابن,negative/high_proxy,11,5,2.2
کردمو,negative/high_proxy,15,6,2.5
مراقبه,negative/high_proxy,14,4,3.5
بجنگ,negative/high_proxy,24,9,2.6666666666666665
شوم,negative/high_proxy,16,7,2.2857142857142856
باقی‌مانده,negative/high_proxy,12,5,2.4
ریفلاکس,negative/high_proxy,11,5,2.2
لعنتی,negative/high_proxy,12,1,12.0
توافق,negative/high_proxy,83,36,2.3055555555555554
نادون,negative/high_proxy,17,6,2.8333333333333335
حقو,negative/high_proxy,13,3,4.333333333333333
سوزش,negative/high_proxy,15,6,2.5
گرای,negative/high_proxy,14,6,2.3333333333333335
ابت,negative/high_proxy,18,7,2.5714285714285716
گذرا,negative/high_proxy,10,4,2.5
دکترنوب,negative/high_proxy,13,1,13.0
دخترزای,negative/high_proxy,14,1,14.0
پسرزای,negative/high_proxy,19,4,4.75
فالوو,negative/high_proxy,13,0,inf
دوستانتون,negative/high_proxy,14,4,3.5
مزمل,negative/high_proxy,12,5,2.4
زایمانتون,negative/high_proxy,29,9,3.2222222222222223
کنترله,negative/high_proxy,12,3,4.0
وفل,negative/high_proxy,16,5,3.2
ظال,negative/high_proxy,17,8,2.125
پشیمان,negative/high_proxy,13,5,2.6
کانادا,negative/high_proxy,10,4,2.5
مرگمو,negative/high_proxy,10,0,inf
تمک,negative/high_proxy,17,5,3.4
حضان,negative/high_proxy,34,15,2.2666666666666666
ستم,negative/high_proxy,13,0,inf
ازقبل,negative/high_proxy,11,5,2.2
کلاژ,negative/high_proxy,15,6,2.5
هفتته,negative/high_proxy,48,17,2.823529411764706
آشوبه,negative/high_proxy,10,4,2.5
انگیز,negative/high_proxy,36,8,4.5
حالتا,negative/high_proxy,11,4,2.75
خاکسپار,negative/high_proxy,14,5,2.8
بگذاره,negative/high_proxy,10,3,3.3333333333333335
می‌تونن,negative/high_proxy,20,4,5.0
دستته,negative/high_proxy,16,5,3.2
دوساعت,negative/high_proxy,11,4,2.75
تسک,negative/high_proxy,14,4,3.5
مرا,negative/high_proxy,30,8,3.75
پروردگار,negative/high_proxy,13,4,3.25
تنهایی,negative/high_proxy,10,4,2.5
فوبی,negative/high_proxy,23,9,2.5555555555555554
وخونریز,negative/high_proxy,16,2,8.0
بپاشه,negative/high_proxy,10,4,2.5
جنی,negative/high_proxy,10,4,2.5
شیاط,negative/high_proxy,11,4,2.75
می‌خواهد,negative/high_proxy,10,4,2.5
میپاشه,negative/high_proxy,27,9,3.0
سینوس,negative/high_proxy,11,3,3.6666666666666665
خرجتو,negative/high_proxy,10,3,3.3333333333333335
یسوال,negative/high_proxy,18,1,18.0
میگزره,negative/high_proxy,11,5,2.2
تریزوم,negative/high_proxy,47,16,2.9375
کافر,negative/high_proxy,13,5,2.6
شدو,negative/high_proxy,10,4,2.5
رکیک,negative/high_proxy,12,5,2.4
سالانه,negative/high_proxy,11,5,2.2
انزال,negative/high_proxy,15,6,2.5
ظرفامو,negative/high_proxy,32,0,inf
ناک,negative/high_proxy,33,9,3.6666666666666665
بی‌مادر,negative/high_proxy,10,3,3.3333333333333335
موعدمه,negative/high_proxy,31,14,2.2142857142857144
مجر,negative/high_proxy,21,9,2.3333333333333335
هفته‌ا,negative/high_proxy,17,2,8.5
شکوندن,negative/high_proxy,11,5,2.2
وکمر,negative/high_proxy,12,2,6.0
شوهراتون,negative/high_proxy,20,8,2.5
چیی,negative/high_proxy,13,5,2.6
اح,negative/high_proxy,14,5,2.8
نمیشور,negative/high_proxy,37,17,2.176470588235294
میامد,negative/high_proxy,11,2,5.5
تعدیل,negative/high_proxy,10,1,10.0
ایموج,negative/high_proxy,17,8,2.125
استری,negative/high_proxy,11,4,2.75
بلیط,negative/high_proxy,21,8,2.625
می‌پیچید,negative/high_proxy,10,2,5.0
پولتون,negative/high_proxy,11,2,5.5
اظطراب,negative/high_proxy,21,5,4.2
حمال,negative/high_proxy,22,10,2.2
حاضرن,negative/high_proxy,11,5,2.2
۲۰۷,negative/high_proxy,10,4,2.5
دردای,negative/high_proxy,12,2,6.0
دوجا,negative/high_proxy,13,3,4.333333333333333
جراحی,negative/high_proxy,10,4,2.5
مهریشو,negative/high_proxy,12,1,12.0
رشتتون,negative/high_proxy,11,4,2.75
کوز,negative/high_proxy,10,4,2.5
گز,negative/high_proxy,20,4,5.0
دلتنگش,negative/high_proxy,13,5,2.6
تامپون,negative/high_proxy,16,5,3.2
فتال,negative/high_proxy,22,7,3.142857142857143
سونوگرافیس,negative/high_proxy,13,4,3.25
لوزه,negative/high_proxy,15,6,2.5
نقاه,negative/high_proxy,12,3,4.0
وافعا,negative/high_proxy,11,4,2.75
نفهمیدن,negative/high_proxy,20,9,2.2222222222222223
فروردین‌ماه,negative/high_proxy,14,2,7.0
رفتاره,negative/high_proxy,17,4,4.25
بطن,negative/high_proxy,29,10,2.9
وزنش,negative/high_proxy,16,6,2.6666666666666665
نخره,negative/high_proxy,12,5,2.4
هموروئ,negative/high_proxy,11,5,2.2
آسپیر,negative/high_proxy,11,2,5.5
امنیوسنتز,negative/high_proxy,16,5,3.2
جونمه,negative/high_proxy,33,6,5.5
روماتیس,negative/high_proxy,11,4,2.75
دومتون,negative/high_proxy,13,5,2.6
بی‌احتیاط,negative/high_proxy,12,5,2.4
آمنیو,negative/high_proxy,29,13,2.230769230769231
بتوچه,negative/high_proxy,13,5,2.6
پریناتولوژیس,negative/high_proxy,15,2,7.5
گزاشتن,negative/high_proxy,12,5,2.4
تروما,negative/high_proxy,16,7,2.2857142857142856
هلاکوی,negative/high_proxy,15,5,3.0
فانلینگ,negative/high_proxy,14,1,14.0
آندوسکپ,negative/high_proxy,19,0,inf
عزیزاتون,negative/high_proxy,20,0,inf
میگرت,negative/high_proxy,19,0,inf
۱۴۹,negative/high_proxy,12,1,12.0
پریناتالوژیس,negative/high_proxy,14,2,7.0
مظلوم,negative/high_proxy,18,8,2.25
غرفه,negative/high_proxy,10,4,2.5
استانه,negative/high_proxy,10,4,2.5
میرد,negative/high_proxy,11,4,2.75
مهریمو,negative/high_proxy,13,1,13.0
توقیف,negative/high_proxy,16,0,inf
می‌گوی,negative/high_proxy,10,4,2.5
نامزدتون,negative/high_proxy,11,2,5.5
پرخ,negative/high_proxy,10,2,5.0
۱۸۸,negative/high_proxy,15,3,5.0
کیی,negative/high_proxy,11,4,2.75
بتاتون,negative/high_proxy,13,4,3.25
پانکچر,negative/high_proxy,16,7,2.2857142857142856
بپذیره,negative/high_proxy,17,7,2.4285714285714284
۱۹۳,negative/high_proxy,11,1,11.0
بندازی,negative/high_proxy,12,4,3.0
ازونا,negative/high_proxy,13,5,2.6
مینداختن,negative/high_proxy,10,2,5.0
قابل‌توجه,negative/high_proxy,11,4,2.75
قورباغه,negative/high_proxy,10,4,2.5
کانون,negative/high_proxy,15,7,2.142857142857143
ناهنجاری,negative/high_proxy,10,3,3.3333333333333335
راحتیه,negative/high_proxy,11,4,2.75
پیشگو,negative/high_proxy,10,3,3.3333333333333335
چندسالشه,negative/high_proxy,29,6,4.833333333333333
منتظرش,negative/high_proxy,11,5,2.2
باهاته,negative/high_proxy,14,6,2.3333333333333335
کلیو,negative/high_proxy,11,5,2.2
خودسرانه,negative/high_proxy,10,4,2.5
اوردینر,negative/high_proxy,18,7,2.5714285714285716
نمی‌تونن,negative/high_proxy,14,6,2.3333333333333335
پالمرز,negative/high_proxy,10,2,5.0
کوکول,negative/high_proxy,10,0,inf
۴۴۳,negative/high_proxy,26,0,inf
۶۳۶,negative/high_proxy,14,1,14.0
کاوه,negative/high_proxy,12,5,2.4
باجناق,negative/high_proxy,10,4,2.5
سرویکستون,negative/high_proxy,12,0,inf
عقیدت,negative/high_proxy,12,1,12.0
۶۶۶۱۷۲۶۱۶,negative/high_proxy,10,0,inf
۶۱۷۶۲,negative/high_proxy,10,0,inf
لنا,positive/low_proxy,7,48,6.857142857142857
نو,positive/low_proxy,78,169,2.1666666666666665
مبارک,positive/low_proxy,200,640,3.2
خوشحال,positive/low_proxy,477,1046,2.192872117400419
خندید,positive/low_proxy,17,44,2.588235294117647
ترکید,positive/low_proxy,4,16,4.0
قربون,positive/low_proxy,315,797,2.53015873015873
ممنون,positive/low_proxy,821,5222,6.3605359317904995
انشالله,positive/low_proxy,1095,3093,2.824657534246575
بزود,positive/low_proxy,20,112,5.6
دامن,positive/low_proxy,105,249,2.3714285714285714
سبز,positive/low_proxy,357,789,2.2100840336134455
لینک,positive/low_proxy,97,234,2.4123711340206184
کپی,positive/low_proxy,49,108,2.204081632653061
صفحه,positive/low_proxy,86,182,2.116279069767442
السل,positive/low_proxy,6,27,4.5
علی,positive/low_proxy,129,316,2.449612403100775
علیک,positive/low_proxy,10,46,4.6
صالح,positive/low_proxy,80,307,3.8375
عج,positive/low_proxy,9,91,10.11111111111111
صاحب‌الز,positive/low_proxy,12,348,29.0
الرح,positive/low_proxy,15,37,2.466666666666667
الله,positive/low_proxy,180,664,3.688888888888889
لولیک,positive/low_proxy,5,40,8.0
الفرج,positive/low_proxy,4,33,8.25
صل,positive/low_proxy,14,216,15.428571428571429
علی‌محمد,positive/low_proxy,12,188,15.666666666666666
وآل,positive/low_proxy,5,43,8.6
محمد,positive/low_proxy,125,388,3.104
وعجل,positive/low_proxy,3,57,19.0
فرجه,positive/low_proxy,19,179,9.421052631578947
قنو,positive/low_proxy,5,11,2.2
اله,positive/low_proxy,592,1330,2.2466216216216215
بحق,positive/low_proxy,38,85,2.236842105263158
زینب,positive/low_proxy,24,102,4.25
دع,positive/low_proxy,310,644,2.07741935483871
سلامت,positive/low_proxy,572,1305,2.2814685314685317
خوب,positive/low_proxy,5286,14146,2.676125614831631
هدیه,positive/low_proxy,195,399,2.046153846153846
نیت,positive/low_proxy,176,381,2.164772727272727
ظهور,positive/low_proxy,19,51,2.6842105263157894
فقیر,positive/low_proxy,31,73,2.3548387096774195
مهربون,positive/low_proxy,248,561,2.2620967741935485
توح,positive/low_proxy,8,27,3.375
فرج,positive/low_proxy,15,38,2.533333333333333
الکرس,positive/low_proxy,28,78,2.7857142857142856
زیار,positive/low_proxy,46,109,2.369565217391304
بسم,positive/low_proxy,4,20,5.0
الرحمن,positive/low_proxy,14,47,3.357142857142857
صلو,positive/low_proxy,270,605,2.240740740740741
۱۲۴,positive/low_proxy,5,13,2.6
شهدا,positive/low_proxy,6,18,3.0
رفتگ,positive/low_proxy,6,20,3.3333333333333335
خانه‌دار,positive/low_proxy,12,26,2.1666666666666665
رمض,positive/low_proxy,17,41,2.411764705882353
کباب,positive/low_proxy,113,315,2.7876106194690267
تابه,positive/low_proxy,22,46,2.090909090909091
سوپ,positive/low_proxy,64,220,3.4375
عدس,positive/low_proxy,62,150,2.4193548387096775
زرشک,positive/low_proxy,52,139,2.673076923076923
آش,positive/low_proxy,51,121,2.372549019607843
قیمه,positive/low_proxy,30,77,2.566666666666667
بادمج,positive/low_proxy,4,17,4.25
فرن,positive/low_proxy,18,60,3.3333333333333335
کوکو,positive/low_proxy,18,55,3.0555555555555554
آبگوش,positive/low_proxy,10,55,5.5
کشک,positive/low_proxy,35,71,2.0285714285714285
خور,positive/low_proxy,106,215,2.0283018867924527
کرفس,positive/low_proxy,6,42,7.0
دمی,positive/low_proxy,4,13,3.25
شیربرنج,positive/low_proxy,2,14,7.0
آلو,positive/low_proxy,18,56,3.111111111111111
اسفناج,positive/low_proxy,9,20,2.2222222222222223
شانزده,positive/low_proxy,7,15,2.142857142857143
قاسم,positive/low_proxy,1,10,10.0
سیب‌زمین,positive/low_proxy,66,177,2.6818181818181817
بادمجون,positive/low_proxy,26,64,2.4615384615384617
وهر,positive/low_proxy,3,10,3.3333333333333335
دوس,positive/low_proxy,3377,9004,2.6662718389102755
برک,positive/low_proxy,48,235,4.895833333333333
حضر,positive/low_proxy,134,376,2.8059701492537314
فاطمه,positive/low_proxy,111,371,3.3423423423423424
زهرا,positive/low_proxy,90,321,3.566666666666667
مجتب,positive/low_proxy,3,13,4.333333333333333
رقیه,positive/low_proxy,18,48,2.6666666666666665
حضرت,positive/low_proxy,4,11,2.75
معصومه,positive/low_proxy,10,33,3.3
جاریه,positive/low_proxy,5,12,2.4
زیبا,positive/low_proxy,147,352,2.3945578231292517
عشق,positive/low_proxy,501,1197,2.3892215568862274
علیه‌السل,positive/low_proxy,20,55,2.75
مهربونی,positive/low_proxy,14,34,2.4285714285714284
گزینه,positive/low_proxy,49,144,2.938775510204082
اعل,positive/low_proxy,41,110,2.682926829268293
تشویق,positive/low_proxy,23,55,2.391304347826087
یار,positive/low_proxy,140,343,2.45
بعدازظهر,positive/low_proxy,13,43,3.3076923076923075
تگ,positive/low_proxy,54,136,2.5185185185185186
سرباز,positive/low_proxy,33,69,2.090909090909091
می‌فرست,positive/low_proxy,100,225,2.25
شاد,positive/low_proxy,333,755,2.2672672672672673
شالله,positive/low_proxy,188,574,3.0531914893617023
وال,positive/low_proxy,27,88,3.259259259259259
پیکر,positive/low_proxy,6,13,2.1666666666666665
لابیاپلاست,positive/low_proxy,2,11,5.5
همچن,positive/low_proxy,252,517,2.0515873015873014
مبارکه,positive/low_proxy,134,477,3.5597014925373136
بودا,positive/low_proxy,16,33,2.0625
گل,positive/low_proxy,404,814,2.014851485148515
اسم,positive/low_proxy,1339,3003,2.2427184466019416
قشنگ,positive/low_proxy,552,2242,4.061594202898551
عزیزدل,positive/low_proxy,151,371,2.456953642384106
مرس,positive/low_proxy,589,2091,3.5500848896434634
لطف,positive/low_proxy,173,493,2.8497109826589595
ایشالا,positive/low_proxy,440,1028,2.3363636363636364
هاا,positive/low_proxy,9,20,2.2222222222222223
پیاز,positive/low_proxy,98,227,2.316326530612245
اسفنج,positive/low_proxy,2,16,8.0
خواهرزاده,positive/low_proxy,12,25,2.0833333333333335
صمیم,positive/low_proxy,100,207,2.07
جان,positive/low_proxy,120,326,2.716666666666667
ناب,positive/low_proxy,9,41,4.555555555555555
معلومه,positive/low_proxy,190,414,2.1789473684210527
شیطونه,positive/low_proxy,17,39,2.2941176470588234
ماشاالله,positive/low_proxy,47,112,2.382978723404255
ان‌شاءالله,positive/low_proxy,173,567,3.277456647398844
بسلامت,positive/low_proxy,213,541,2.539906103286385
گلم,positive/low_proxy,1076,2263,2.103159851301115
نفرس,positive/low_proxy,3,14,4.666666666666667
عال,positive/low_proxy,383,1249,3.2610966057441253
سلام,positive/low_proxy,373,1482,3.973190348525469
واژه,positive/low_proxy,7,20,2.857142857142857
ویس,positive/low_proxy,14,50,3.5714285714285716
وسلامت,positive/low_proxy,2,10,5.0
جوونا,positive/low_proxy,6,16,2.6666666666666665
دارشدن,positive/low_proxy,10,32,3.2
حاج,positive/low_proxy,118,271,2.2966101694915255
حقیر,positive/low_proxy,6,13,2.1666666666666665
انشاالله,positive/low_proxy,354,1569,4.432203389830509
رواش,positive/low_proxy,1,21,21.0
آشپزخونه,positive/low_proxy,30,69,2.3
فرشته,positive/low_proxy,69,182,2.63768115942029
ارغو,positive/low_proxy,4,12,3.0
خوشگل,positive/low_proxy,368,928,2.5217391304347827
لپ,positive/low_proxy,18,41,2.2777777777777777
سایه,positive/low_proxy,40,132,3.3
حفظ,positive/low_proxy,322,869,2.698757763975155
تایپ,positive/low_proxy,87,193,2.218390804597701
کولر,positive/low_proxy,24,54,2.25
یکساعته,positive/low_proxy,4,11,2.75
امض,positive/low_proxy,58,128,2.206896551724138
بهترین,positive/low_proxy,41,123,3.0
انیمه,positive/low_proxy,3,10,3.3333333333333335
قدش,positive/low_proxy,58,120,2.0689655172413794
والا,positive/low_proxy,740,1729,2.3364864864864865
فامیلمون,positive/low_proxy,22,48,2.1818181818181817
براورده,positive/low_proxy,9,26,2.888888888888889
همینطوره,positive/low_proxy,42,96,2.2857142857142856
موفق,positive/low_proxy,146,593,4.061643835616438
چرب,positive/low_proxy,205,424,2.0682926829268293
عالیه,positive/low_proxy,234,750,3.2051282051282053
ایشالله,positive/low_proxy,150,563,3.7533333333333334
شاءالله,positive/low_proxy,71,213,3.0
صلاحته,positive/low_proxy,11,53,4.818181818181818
اره,positive/low_proxy,1932,4770,2.468944099378882
بخیر,positive/low_proxy,175,357,2.04
انرژ,positive/low_proxy,192,437,2.2760416666666665
پربرک,positive/low_proxy,1,11,11.0
روای,positive/low_proxy,35,77,2.2
عاقب,positive/low_proxy,48,174,3.625
پرونده,positive/low_proxy,77,167,2.168831168831169
کوک,positive/low_proxy,4,15,3.75
کیفی,positive/low_proxy,50,132,2.64
دوستاتون,positive/low_proxy,4,17,4.25
خدانکنه,positive/low_proxy,28,80,2.857142857142857
پنبه,positive/low_proxy,20,53,2.65
بلند,positive/low_proxy,48,109,2.2708333333333335
گوگول,positive/low_proxy,30,61,2.033333333333333
نکشت,positive/low_proxy,0,15,inf
عزیزم,positive/low_proxy,84,226,2.6904761904761907
انشاءالله,positive/low_proxy,107,283,2.6448598130841123
دل‌خو,positive/low_proxy,26,91,3.5
خخ,positive/low_proxy,67,277,4.134328358208955
دعاتون,positive/low_proxy,21,54,2.5714285714285716
منتظرا,positive/low_proxy,8,41,5.125
دلگرمی,positive/low_proxy,5,30,6.0
محتاج,positive/low_proxy,31,86,2.774193548387097
اراد,positive/low_proxy,7,22,3.142857142857143
ساد,positive/low_proxy,5,26,5.2
حاجت,positive/low_proxy,30,84,2.8
خوشبخ,positive/low_proxy,156,342,2.1923076923076925
سواستفاده,positive/low_proxy,15,50,3.3333333333333335
غالب,positive/low_proxy,10,29,2.9
وار,positive/low_proxy,18,49,2.7222222222222223
همتون,positive/low_proxy,28,94,3.357142857142857
ترن,positive/low_proxy,25,107,4.28
باحال,positive/low_proxy,27,80,2.962962962962963
میگم,positive/low_proxy,7,17,2.4285714285714284
حمد,positive/low_proxy,46,112,2.4347826086956523
روا,positive/low_proxy,11,32,2.909090909090909
اسمشو,positive/low_proxy,77,160,2.0779220779220777
هش,positive/low_proxy,3,10,3.3333333333333335
ثمره,positive/low_proxy,6,13,2.1666666666666665
تپل,positive/low_proxy,99,217,2.191919191919192
شیرینه,positive/low_proxy,28,105,3.75
نامدار,positive/low_proxy,10,40,4.0
رستا,positive/low_proxy,6,21,3.5
إلی,positive/low_proxy,5,16,3.2
مشتاق,positive/low_proxy,19,40,2.1052631578947367
حافظ,positive/low_proxy,18,40,2.2222222222222223
پیشو,positive/low_proxy,4,12,3.0
پشم,positive/low_proxy,26,65,2.5
چربه,positive/low_proxy,24,59,2.4583333333333335
شکر,positive/low_proxy,574,1485,2.587108013937282
صحیح,positive/low_proxy,158,448,2.8354430379746836
اتفاقا,positive/low_proxy,391,988,2.526854219948849
خوشمزه,positive/low_proxy,60,224,3.7333333333333334
لپه,positive/low_proxy,4,10,2.5
سرکه,positive/low_proxy,41,118,2.8780487804878048
رنده,positive/low_proxy,20,73,3.65
تفت,positive/low_proxy,26,78,3.0
چوبه,positive/low_proxy,4,19,4.75
نمک,positive/low_proxy,192,462,2.40625
ادویه,positive/low_proxy,51,104,2.0392156862745097
پارچ,positive/low_proxy,10,24,2.4
لیمو,positive/low_proxy,41,129,3.1463414634146343
لیو,positive/low_proxy,171,374,2.1871345029239766
درشو,positive/low_proxy,2,21,10.5
سرخ,positive/low_proxy,80,191,2.3875
برنج,positive/low_proxy,250,510,2.04
پخته,positive/low_proxy,42,86,2.0476190476190474
بفرما,positive/low_proxy,8,19,2.375
به‌به,positive/low_proxy,25,111,4.44
بغلتون,positive/low_proxy,4,21,5.25
دخمل,positive/low_proxy,21,92,4.380952380952381
خند,positive/low_proxy,50,112,2.24
عطا,positive/low_proxy,12,35,2.9166666666666665
ذات,positive/low_proxy,23,50,2.1739130434782608
خرس,positive/low_proxy,12,27,2.25
لایک,positive/low_proxy,100,481,4.81
شاالله,positive/low_proxy,236,673,2.8516949152542375
اسمتو,positive/low_proxy,9,20,2.2222222222222223
فیلمو,positive/low_proxy,4,13,3.25
ترف,positive/low_proxy,3,13,4.333333333333333
ماسک,positive/low_proxy,64,131,2.046875
لینکو,positive/low_proxy,0,17,inf
قشنگه,positive/low_proxy,170,688,4.047058823529412
آریا,positive/low_proxy,4,30,7.5
تلاف,positive/low_proxy,18,39,2.1666666666666665
تودل,positive/low_proxy,12,29,2.4166666666666665
خروپف,positive/low_proxy,4,17,4.25
سفیده,positive/low_proxy,37,90,2.4324324324324325
حول,positive/low_proxy,7,21,3.0
بپزه,positive/low_proxy,38,86,2.263157894736842
حرار,positive/low_proxy,11,30,2.727272727272727
لعاب,positive/low_proxy,3,22,7.333333333333333
نچسبه,positive/low_proxy,2,10,5.0
پرک,positive/low_proxy,1,17,17.0
گوشتو,positive/low_proxy,4,12,3.0
لطیف,positive/low_proxy,7,22,3.142857142857143
طعم,positive/low_proxy,50,120,2.4
دارچ,positive/low_proxy,53,107,2.018867924528302
کره,positive/low_proxy,86,209,2.4302325581395348
گلزار,positive/low_proxy,6,13,2.1666666666666665
وطن,positive/low_proxy,5,12,2.4
شعب,positive/low_proxy,6,13,2.1666666666666665
ماشالله,positive/low_proxy,72,161,2.236111111111111
نازه,positive/low_proxy,17,69,4.0588235294117645
نخور,positive/low_proxy,672,1408,2.0952380952380953
جالب,positive/low_proxy,223,481,2.1569506726457397
کارکن,positive/low_proxy,16,34,2.125
بامزه,positive/low_proxy,13,60,4.615384615384615
عاشقش,positive/low_proxy,37,78,2.108108108108108
گوجه,positive/low_proxy,69,186,2.6956521739130435
زاده,positive/low_proxy,47,98,2.0851063829787235
هیچکدو,positive/low_proxy,87,190,2.1839080459770117
توسل,positive/low_proxy,25,55,2.2
سارا,positive/low_proxy,11,62,5.636363636363637
آجی,positive/low_proxy,11,26,2.3636363636363638
بگیری,positive/low_proxy,16,79,4.9375
عزیزانتون,positive/low_proxy,1,11,11.0
قدیم,positive/low_proxy,101,238,2.3564356435643563
مولا,positive/low_proxy,6,15,2.5
پیتزا,positive/low_proxy,28,75,2.6785714285714284
میکاپ,positive/low_proxy,21,66,3.142857142857143
دلتو,positive/low_proxy,46,106,2.3043478260869565
اذ,positive/low_proxy,27,88,3.259259259259259
دوشون,positive/low_proxy,7,16,2.2857142857142856
همینجا,positive/low_proxy,56,120,2.142857142857143
خبرشو,positive/low_proxy,11,41,3.727272727272727
بازیا,positive/low_proxy,15,32,2.1333333333333333
وسایلشو,positive/low_proxy,3,11,3.6666666666666665
نزنن,positive/low_proxy,17,35,2.0588235294117645
ویتامینا,positive/low_proxy,4,10,2.5
دخمله,positive/low_proxy,17,43,2.5294117647058822
یاشار,positive/low_proxy,5,17,3.4
خعل,positive/low_proxy,5,12,2.4
سرپسر,positive/low_proxy,3,19,6.333333333333333
بور,positive/low_proxy,20,72,3.6
خوشکل,positive/low_proxy,26,97,3.730769230769231
ذوقشو,positive/low_proxy,4,20,5.0
کاهو,positive/low_proxy,25,96,3.84
انار,positive/low_proxy,67,243,3.626865671641791
هلو,positive/low_proxy,17,48,2.823529411764706
سالاد,positive/low_proxy,70,158,2.257142857142857
علف,positive/low_proxy,4,11,2.75
کاملن,positive/low_proxy,0,11,inf
عسل,positive/low_proxy,149,380,2.5503355704697985
اعتقاد,positive/low_proxy,117,255,2.1794871794871793
صادق,positive/low_proxy,22,46,2.090909090909091
نور,positive/low_proxy,116,256,2.206896551724138
متفاو,positive/low_proxy,68,163,2.3970588235294117
اکانت,positive/low_proxy,7,19,2.7142857142857144
مر,positive/low_proxy,55,135,2.4545454545454546
مقدس,positive/low_proxy,9,35,3.888888888888889
لبت,positive/low_proxy,13,27,2.076923076923077
خدارو,positive/low_proxy,171,364,2.128654970760234
والله,positive/low_proxy,48,118,2.4583333333333335
خداحفظ,positive/low_proxy,26,90,3.4615384615384617
ولشون,positive/low_proxy,18,51,2.8333333333333335
بلدن,positive/low_proxy,31,67,2.161290322580645
بلدنیست,positive/low_proxy,2,12,6.0
هم‌رنگ,positive/low_proxy,5,13,2.6
حدیث,positive/low_proxy,29,65,2.2413793103448274
تگم,positive/low_proxy,4,29,7.25
یلحظه,positive/low_proxy,5,12,2.4
میراث,positive/low_proxy,2,20,10.0
بستن,positive/low_proxy,136,322,2.3676470588235294
خیار,positive/low_proxy,59,159,2.694915254237288
خورش,positive/low_proxy,54,124,2.2962962962962963
ترش,positive/low_proxy,255,569,2.231372549019608
میوه,positive/low_proxy,279,660,2.3655913978494625
تنت,positive/low_proxy,15,55,3.6666666666666665
شاء,positive/low_proxy,52,140,2.6923076923076925
رب,positive/low_proxy,83,216,2.602409638554217
مادرشوهره,positive/low_proxy,4,11,2.75
بوشو,positive/low_proxy,5,12,2.4
۶۲,positive/low_proxy,10,34,3.4
پایدار,positive/low_proxy,18,60,3.3333333333333335
عشقتون,positive/low_proxy,5,22,4.4
باردارش,positive/low_proxy,8,25,3.125
توباردار,positive/low_proxy,33,76,2.303030303030303
ازمن,positive/low_proxy,18,39,2.1666666666666665
ناز,positive/low_proxy,179,414,2.3128491620111733
پروتئ,positive/low_proxy,62,128,2.064516129032258
اینحا,positive/low_proxy,5,11,2.2
اخلاقه,positive/low_proxy,14,39,2.7857142857142856
دامنتو,positive/low_proxy,5,20,4.0
الع,positive/low_proxy,7,16,2.2857142857142856
إن,positive/low_proxy,6,33,5.5
نصیب,positive/low_proxy,55,166,3.018181818181818
رزق,positive/low_proxy,20,46,2.3
تاپیکه,positive/low_proxy,10,22,2.2
عروسه,positive/low_proxy,6,14,2.3333333333333335
شعر,positive/low_proxy,32,65,2.03125
بزا,positive/low_proxy,13,40,3.076923076923077
دوماد,positive/low_proxy,11,35,3.1818181818181817
تاج,positive/low_proxy,26,63,2.423076923076923
بفرو,positive/low_proxy,24,49,2.0416666666666665
تنتون,positive/low_proxy,2,13,6.5
هردوتون,positive/low_proxy,5,26,5.2
تعبیر,positive/low_proxy,64,148,2.3125
قطعی,positive/low_proxy,14,31,2.2142857142857144
زلال,positive/low_proxy,3,12,4.0
یوسف,positive/low_proxy,22,102,4.636363636363637
نماد,positive/low_proxy,7,27,3.857142857142857
تندرس,positive/low_proxy,2,18,9.0
بانمک,positive/low_proxy,5,30,6.0
داف,positive/low_proxy,10,25,2.5
کیف,positive/low_proxy,107,224,2.0934579439252334
دوغ,positive/low_proxy,50,155,3.1
می‌خورده,positive/low_proxy,11,26,2.3636363636363638
تبس,positive/low_proxy,1,12,12.0
میخابه,positive/low_proxy,8,20,2.5
چشاشو,positive/low_proxy,5,13,2.6
مقو,positive/low_proxy,48,108,2.25
برات,positive/low_proxy,5,13,2.6
هویج,positive/low_proxy,49,142,2.8979591836734695
بنطر,positive/low_proxy,16,37,2.3125
حفظشون,positive/low_proxy,34,136,4.0
کله‌پاچه,positive/low_proxy,22,71,3.227272727272727
چشماتو,positive/low_proxy,5,18,3.6
سپاس,positive/low_proxy,1,15,15.0
بانو,positive/low_proxy,36,86,2.388888888888889
تشریف,positive/low_proxy,20,48,2.4
تلگر,positive/low_proxy,66,153,2.3181818181818183
سوالتو,positive/low_proxy,4,11,2.75
بستگ,positive/low_proxy,243,733,3.016460905349794
می‌خندید,positive/low_proxy,6,16,2.6666666666666665
هفتاد,positive/low_proxy,26,56,2.1538461538461537
برعکس,positive/low_proxy,163,357,2.1901840490797544
هنرم,positive/low_proxy,0,10,inf
مربی,positive/low_proxy,5,11,2.2
دمت,positive/low_proxy,16,65,4.0625
سرچ,positive/low_proxy,227,459,2.0220264317180616
گمون,positive/low_proxy,11,38,3.4545454545454546
ناناز,positive/low_proxy,2,13,6.5
دستاورد,positive/low_proxy,8,19,2.375
ازینا,positive/low_proxy,9,21,2.3333333333333335
خیره,positive/low_proxy,141,377,2.673758865248227
زنجبیل,positive/low_proxy,56,119,2.125
جنوب,positive/low_proxy,25,60,2.4
شرق,positive/low_proxy,10,24,2.4
بدشون,positive/low_proxy,13,29,2.230769230769231
چهره,positive/low_proxy,92,193,2.097826086956522
کاربری,positive/low_proxy,23,48,2.0869565217391304
حروف,positive/low_proxy,9,23,2.5555555555555554
انگلیس,positive/low_proxy,36,73,2.0277777777777777
ازخواب,positive/low_proxy,4,11,2.75
خمار,positive/low_proxy,10,29,2.9
هیچکد,positive/low_proxy,4,13,3.25
جونم,positive/low_proxy,5,12,2.4
خاصه,positive/low_proxy,16,42,2.625
دوجنس,positive/low_proxy,2,11,5.5
کوچولوتو,positive/low_proxy,7,22,3.142857142857143
قناد,positive/low_proxy,4,22,5.5
کیک,positive/low_proxy,139,295,2.1223021582733814
شیرینی,positive/low_proxy,7,34,4.857142857142857
خوشمزس,positive/low_proxy,8,31,3.875
مادرشوهرا,positive/low_proxy,5,19,3.8
براس,positive/low_proxy,1,10,10.0
رویه,positive/low_proxy,12,28,2.3333333333333335
سلیقه,positive/low_proxy,59,245,4.1525423728813555
حاجت‌روا,positive/low_proxy,38,175,4.605263157894737
۱۶۰,positive/low_proxy,32,68,2.125
اکسپلور,positive/low_proxy,3,10,3.3333333333333335
طب,positive/low_proxy,100,203,2.03
بنفشه,positive/low_proxy,4,15,3.75
مسواک,positive/low_proxy,52,106,2.0384615384615383
عریز,positive/low_proxy,8,20,2.5
هرچه,positive/low_proxy,41,107,2.6097560975609757
خوشمون,positive/low_proxy,11,25,2.272727272727273
آیل,positive/low_proxy,6,37,6.166666666666667
راد,positive/low_proxy,1,36,36.0
تبل,positive/low_proxy,4,13,3.25
فکرنکن,positive/low_proxy,18,42,2.3333333333333335
اخی,positive/low_proxy,99,205,2.0707070707070705
بهار,positive/low_proxy,47,99,2.106382978723404
آپارت,positive/low_proxy,10,36,3.6
تخفیف,positive/low_proxy,21,52,2.4761904761904763
توضیحات,positive/low_proxy,8,19,2.375
خداخواسته,positive/low_proxy,9,43,4.777777777777778
خوزس,positive/low_proxy,3,20,6.666666666666667
خوش‌قلب,positive/low_proxy,6,18,3.0
کسا,positive/low_proxy,4,19,4.75
قرت,positive/low_proxy,2,17,8.5
لاک,positive/low_proxy,37,79,2.135135135135135
کلاسیک,positive/low_proxy,4,24,6.0
خواهرمن,positive/low_proxy,11,23,2.090909090909091
مهدیه,positive/low_proxy,7,18,2.5714285714285716
خدابر,positive/low_proxy,3,23,7.666666666666667
سامسونگ,positive/low_proxy,8,41,5.125
رای,positive/low_proxy,6,26,4.333333333333333
ممد,positive/low_proxy,3,27,9.0
فلوکونازول,positive/low_proxy,5,11,2.2
هیچگونه,positive/low_proxy,7,16,2.2857142857142856
بابای,positive/low_proxy,8,22,2.75
شیک,positive/low_proxy,54,212,3.925925925925926
کورو,positive/low_proxy,9,29,3.2222222222222223
پنیر,positive/low_proxy,86,208,2.4186046511627906
نهاد,positive/low_proxy,0,14,inf
نویس,positive/low_proxy,22,49,2.227272727272727
ترکیه,positive/low_proxy,15,45,3.0
اقاهه,positive/low_proxy,2,11,5.5
چپت,positive/low_proxy,6,13,2.1666666666666665
إلا,positive/low_proxy,9,19,2.111111111111111
ولا,positive/low_proxy,24,54,2.25
فی,positive/low_proxy,22,76,3.4545454545454546
الذ,positive/low_proxy,6,19,3.1666666666666665
العل,positive/low_proxy,3,11,3.6666666666666665
العظ,positive/low_proxy,4,13,3.25
بالله,positive/low_proxy,9,22,2.4444444444444446
سمیع,positive/low_proxy,2,11,5.5
بسم‌الله,positive/low_proxy,24,66,2.75
أحد,positive/low_proxy,2,13,6.5
متعال,positive/low_proxy,4,13,3.25
لم,positive/low_proxy,9,29,3.2222222222222223
یکن,positive/low_proxy,2,15,7.5
همتا,positive/low_proxy,3,12,4.0
قدیمیه,positive/low_proxy,18,78,4.333333333333333
دانش‌آموز,positive/low_proxy,8,26,3.25
کنسله,positive/low_proxy,7,19,2.7142857142857144
برج,positive/low_proxy,25,68,2.72
بقبه,positive/low_proxy,5,16,3.2
گیلاس,positive/low_proxy,3,21,7.0
مشتری,positive/low_proxy,5,17,3.4
می‌پز,positive/low_proxy,26,60,2.3076923076923075
عزیزز,positive/low_proxy,8,34,4.25
گردو,positive/low_proxy,70,150,2.142857142857143
می‌چسب,positive/low_proxy,6,20,3.3333333333333335
باحاله,positive/low_proxy,9,33,3.6666666666666665
خا,positive/low_proxy,5,13,2.6
چشمو,positive/low_proxy,3,16,5.333333333333333
اجاق,positive/low_proxy,2,12,6.0
روشنا,positive/low_proxy,1,13,13.0
محشره,positive/low_proxy,2,19,9.5
هوی,positive/low_proxy,12,34,2.8333333333333335
دسر,positive/low_proxy,19,49,2.5789473684210527
ولله,positive/low_proxy,7,27,3.857142857142857
عزیزه,positive/low_proxy,15,44,2.933333333333333
آبجو,positive/low_proxy,11,25,2.272727272727273
شمابود,positive/low_proxy,3,10,3.3333333333333335
خداخود,positive/low_proxy,5,12,2.4
دنیابیاد,positive/low_proxy,5,17,3.4
آهو,positive/low_proxy,1,19,19.0
وسلام,positive/low_proxy,10,44,4.4
کارتو,positive/low_proxy,10,37,3.7
استانبول,positive/low_proxy,5,14,2.8
شارژ,positive/low_proxy,32,71,2.21875
راز,positive/low_proxy,25,63,2.52
حفط,positive/low_proxy,4,11,2.75
لواشک,positive/low_proxy,42,98,2.3333333333333335
ابش,positive/low_proxy,12,26,2.1666666666666665
مفیده,positive/low_proxy,18,43,2.388888888888889
سبزیج,positive/low_proxy,30,103,3.433333333333333
ابغوره,positive/low_proxy,5,16,3.2
لهجه,positive/low_proxy,8,22,2.75
پبش,positive/low_proxy,2,12,6.0
صنعت,positive/low_proxy,12,30,2.5
ترکا,positive/low_proxy,7,21,3.0
راهنمایی,positive/low_proxy,84,284,3.380952380952381
بفرس,positive/low_proxy,81,217,2.6790123456790123
میبینمشون,positive/low_proxy,4,14,3.5
فداتش,positive/low_proxy,62,147,2.370967741935484
پسرتو,positive/low_proxy,13,37,2.8461538461538463
مپل,positive/low_proxy,5,19,3.8
ترجیحا,positive/low_proxy,19,63,3.3157894736842106
صلوات,positive/low_proxy,5,11,2.2
لایق,positive/low_proxy,41,90,2.1951219512195124
اصیل,positive/low_proxy,10,49,4.9
میشوره,positive/low_proxy,10,43,4.3
ماکارون,positive/low_proxy,45,138,3.066666666666667
نمی‌ریز,positive/low_proxy,5,17,3.4
رایگ,positive/low_proxy,71,148,2.084507042253521
کتاب,positive/low_proxy,294,616,2.0952380952380953
دخترباشه,positive/low_proxy,4,11,2.75
شنونده,positive/low_proxy,3,10,3.3333333333333335
فندق,positive/low_proxy,20,46,2.3
خرما,positive/low_proxy,128,332,2.59375
برگزیده,positive/low_proxy,4,20,5.0
وایب,positive/low_proxy,14,50,3.5714285714285716
طوس,positive/low_proxy,10,31,3.1
دمر,positive/low_proxy,2,10,5.0
گرام,positive/low_proxy,4,11,2.75
دریا,positive/low_proxy,33,101,3.0606060606060606
خوشگله,positive/low_proxy,61,217,3.557377049180328
دزفول,positive/low_proxy,9,27,3.0
سمبوسه,positive/low_proxy,4,10,2.5
پرتقال,positive/low_proxy,54,133,2.462962962962963
حلق,positive/low_proxy,21,45,2.142857142857143
تومنه,positive/low_proxy,41,101,2.4634146341463414
ایده,positive/low_proxy,48,112,2.3333333333333335
پیامو,positive/low_proxy,4,16,4.0
تگت,positive/low_proxy,3,21,7.0
آداب,positive/low_proxy,7,17,2.4285714285714284
عاشورا,positive/low_proxy,31,72,2.3225806451612905
ذکر,positive/low_proxy,69,141,2.0434782608695654
قسمته,positive/low_proxy,11,24,2.1818181818181817
پیامتو,positive/low_proxy,5,14,2.8
مشک,positive/low_proxy,122,259,2.122950819672131
موش,positive/low_proxy,24,55,2.2916666666666665
مادی,positive/low_proxy,6,18,3.0
خوب‌رو,positive/low_proxy,9,23,2.5555555555555554
جنتلمن,positive/low_proxy,2,11,5.5
اوخ,positive/low_proxy,12,27,2.25
بعلاوه,positive/low_proxy,4,13,3.25
منتظرن,positive/low_proxy,6,19,3.1666666666666665
جاری,positive/low_proxy,41,87,2.1219512195121952
آرزوی,positive/low_proxy,5,11,2.2
خرگو,positive/low_proxy,5,11,2.2
خامه,positive/low_proxy,41,127,3.097560975609756
دقیقن,positive/low_proxy,10,21,2.1
بخا,positive/low_proxy,6,16,2.6666666666666665
رایگانه,positive/low_proxy,14,39,2.7857142857142856
مژه,positive/low_proxy,50,144,2.88
ریمل,positive/low_proxy,13,47,3.6153846153846154
پشته,positive/low_proxy,5,17,3.4
می‌پوشید,positive/low_proxy,4,22,5.5
حرفه,positive/low_proxy,69,143,2.072463768115942
بفه,positive/low_proxy,6,17,2.8333333333333335
نبس,positive/low_proxy,11,30,2.727272727272727
پاهاشو,positive/low_proxy,8,25,3.125
چین,positive/low_proxy,31,67,2.161290322580645
دختردار,positive/low_proxy,5,15,3.0
شاه,positive/low_proxy,29,65,2.2413793103448274
یخچال,positive/low_proxy,93,195,2.096774193548387
فریزر,positive/low_proxy,19,61,3.210526315789474
دلس,positive/low_proxy,15,63,4.2
انگور,positive/low_proxy,35,76,2.1714285714285713
گازدار,positive/low_proxy,1,10,10.0
وماس,positive/low_proxy,3,11,3.6666666666666665
دوتاش,positive/low_proxy,4,17,4.25
واینا,positive/low_proxy,24,55,2.2916666666666665
برامن,positive/low_proxy,52,108,2.076923076923077
عکسشو,positive/low_proxy,57,119,2.087719298245614
فال,positive/low_proxy,5,13,2.6
خوندم,positive/low_proxy,4,11,2.75
واتساپ,positive/low_proxy,15,42,2.8
فیزیوپ,positive/low_proxy,1,12,12.0
وخو,positive/low_proxy,4,11,2.75
الاه,positive/low_proxy,6,14,2.3333333333333335
سوژه,positive/low_proxy,3,12,4.0
شنیون,positive/low_proxy,3,13,4.333333333333333
ترشک,positive/low_proxy,5,11,2.2
مربا,positive/low_proxy,9,33,3.6666666666666665
سیبل,positive/low_proxy,3,13,4.333333333333333
مذهب,positive/low_proxy,95,203,2.136842105263158
روبوس,positive/low_proxy,6,16,2.6666666666666665
ممنوع,positive/low_proxy,69,167,2.420289855072464
بینتون,positive/low_proxy,14,33,2.357142857142857
محمدوآل,positive/low_proxy,2,14,7.0
محمدوعجل,positive/low_proxy,2,43,21.5
روبیکا,positive/low_proxy,42,97,2.3095238095238093
گپ,positive/low_proxy,5,11,2.2
دلخواه,positive/low_proxy,16,36,2.25
بنفس,positive/low_proxy,41,91,2.2195121951219514
جذاب,positive/low_proxy,58,132,2.2758620689655173
دخترونه,positive/low_proxy,19,81,4.2631578947368425
الوی,positive/low_proxy,12,30,2.5
دلو,positive/low_proxy,8,54,6.75
پهن,positive/low_proxy,48,97,2.0208333333333335
افتاب,positive/low_proxy,29,64,2.206896551724138
باگ,positive/low_proxy,8,19,2.375
خجالت,positive/low_proxy,26,81,3.1153846153846154
۱۶۸,positive/low_proxy,7,22,3.142857142857143
کشف,positive/low_proxy,11,25,2.272727272727273
ارع,positive/low_proxy,17,51,3.0
ازیه,positive/low_proxy,5,12,2.4
پربازد,positive/low_proxy,9,29,3.2222222222222223
لو,positive/low_proxy,26,70,2.6923076923076925
تعارف,positive/low_proxy,41,90,2.1951219512195124
کردما,positive/low_proxy,4,11,2.75
چروک,positive/low_proxy,20,49,2.45
ماد,positive/low_proxy,11,30,2.727272727272727
خدمتکار,positive/low_proxy,4,10,2.5
می‌خنده,positive/low_proxy,2,12,6.0
قنج,positive/low_proxy,2,10,5.0
انشالا,positive/low_proxy,67,213,3.1791044776119404
ابی,positive/low_proxy,23,81,3.5217391304347827
محسن,positive/low_proxy,12,26,2.1666666666666665
پیک,positive/low_proxy,8,26,3.25
ددی,positive/low_proxy,5,11,2.2
مزایا,positive/low_proxy,7,24,3.4285714285714284
شهریه,positive/low_proxy,20,43,2.15
سکانس,positive/low_proxy,3,18,6.0
گرونه,positive/low_proxy,63,127,2.015873015873016
چلو,positive/low_proxy,6,24,4.0
دیپلم,positive/low_proxy,4,14,3.5
خفن,positive/low_proxy,18,46,2.5555555555555554
کتون,positive/low_proxy,15,32,2.1333333333333333
هردوتاشون,positive/low_proxy,5,12,2.4
چیرا,positive/low_proxy,4,10,2.5
مف,positive/low_proxy,49,99,2.020408163265306
مبارکتون,positive/low_proxy,5,46,9.2
تقو,positive/low_proxy,18,45,2.5
ببوس,positive/low_proxy,13,30,2.3076923076923075
امیدار,positive/low_proxy,2,10,5.0
عشقه,positive/low_proxy,10,38,3.8
نیاب,positive/low_proxy,1,10,10.0
بپو,positive/low_proxy,41,133,3.2439024390243905
برنجو,positive/low_proxy,3,19,6.333333333333333
بدنساز,positive/low_proxy,27,60,2.2222222222222223
نانو,positive/low_proxy,2,15,7.5
دلگرم,positive/low_proxy,15,40,2.6666666666666665
پز,positive/low_proxy,58,124,2.1379310344827585
خداداد,positive/low_proxy,5,16,3.2
انشاله,positive/low_proxy,26,55,2.1153846153846154
اشنامون,positive/low_proxy,2,10,5.0
چرخ‌کرده,positive/low_proxy,9,20,2.2222222222222223
عصاره,positive/low_proxy,11,28,2.5454545454545454
بریا,positive/low_proxy,2,10,5.0
تاسوعا,positive/low_proxy,1,10,10.0
حاجتتون,positive/low_proxy,0,12,inf
بیسکوی,positive/low_proxy,11,31,2.8181818181818183
منیز,positive/low_proxy,24,51,2.125
تخمه,positive/low_proxy,21,43,2.0476190476190474
انشااله,positive/low_proxy,12,37,3.0833333333333335
حفظتون,positive/low_proxy,3,26,8.666666666666666
باشهه,positive/low_proxy,5,11,2.2
مهسا,positive/low_proxy,2,19,9.5
سرشار,positive/low_proxy,6,22,3.6666666666666665
عشقو,positive/low_proxy,5,20,4.0
ویی,positive/low_proxy,4,15,3.75
طبع,positive/low_proxy,52,115,2.2115384615384617
وصالح,positive/low_proxy,6,36,6.0
ارتع,positive/low_proxy,10,25,2.5
روس,positive/low_proxy,12,36,3.0
سینمای,positive/low_proxy,6,19,3.1666666666666665
سریال,positive/low_proxy,73,172,2.356164383561644
تخیل,positive/low_proxy,4,14,3.5
دفترچه,positive/low_proxy,26,57,2.1923076923076925
نیمه‌شب,positive/low_proxy,2,12,6.0
خواننده,positive/low_proxy,13,36,2.769230769230769
رستوران,positive/low_proxy,5,22,4.4
بی‌حکم,positive/low_proxy,2,10,5.0
لاو,positive/low_proxy,3,23,7.666666666666667
رودربایست,positive/low_proxy,7,16,2.2857142857142856
محبته,positive/low_proxy,4,11,2.75
راهنماییتون,positive/low_proxy,13,76,5.846153846153846
شوره,positive/low_proxy,11,39,3.5454545454545454
داسته,positive/low_proxy,5,16,3.2
منطقه,positive/low_proxy,53,142,2.6792452830188678
برعکسه,positive/low_proxy,12,29,2.4166666666666665
قدیمیا,positive/low_proxy,11,38,3.4545454545454546
دوستمو,positive/low_proxy,6,13,2.1666666666666665
وادار,positive/low_proxy,4,10,2.5
استعداد,positive/low_proxy,30,67,2.2333333333333334
ادرکن,positive/low_proxy,4,337,84.25
یس,positive/low_proxy,15,37,2.466666666666667
گوگولیه,positive/low_proxy,4,12,3.0
لگو,positive/low_proxy,2,12,6.0
بیامرزه,positive/low_proxy,9,28,3.111111111111111
حرفاتون,positive/low_proxy,13,38,2.923076923076923
خستگی,positive/low_proxy,1,17,17.0
گردنشو,positive/low_proxy,3,10,3.3333333333333335
انشقاق,positive/low_proxy,5,12,2.4
دخترتو,positive/low_proxy,8,23,2.875
باو,positive/low_proxy,7,17,2.4285714285714284
پیجشو,positive/low_proxy,7,15,2.142857142857143
ژن,positive/low_proxy,49,178,3.63265306122449
نبابا,positive/low_proxy,10,23,2.3
براهم,positive/low_proxy,12,32,2.6666666666666665
۶۰۰,positive/low_proxy,35,73,2.085714285714286
۲۸۰۰,positive/low_proxy,8,18,2.25
خیارشور,positive/low_proxy,21,58,2.761904761904762
آفتاب,positive/low_proxy,39,94,2.41025641025641
خاطرات,positive/low_proxy,3,10,3.3333333333333335
روشه,positive/low_proxy,13,32,2.4615384615384617
آیه,positive/low_proxy,65,141,2.169230769230769
سه‌تای,positive/low_proxy,2,10,5.0
رح,positive/low_proxy,21,64,3.0476190476190474
اسما,positive/low_proxy,10,44,4.4
کبر,positive/low_proxy,2,12,6.0
۸۰۰,positive/low_proxy,34,69,2.0294117647058822
نیل,positive/low_proxy,4,24,6.0
آبیه,positive/low_proxy,4,13,3.25
اسمه,positive/low_proxy,7,25,3.5714285714285716
نفوذ,positive/low_proxy,5,15,3.0
میشور,positive/low_proxy,47,99,2.106382978723404
موز,positive/low_proxy,55,142,2.581818181818182
ارسل,positive/low_proxy,0,10,inf
فیس,positive/low_proxy,15,44,2.933333333333333
حسادته,positive/low_proxy,3,10,3.3333333333333335
همکلاس,positive/low_proxy,20,49,2.45
نهار,positive/low_proxy,30,78,2.6
شیره,positive/low_proxy,37,105,2.8378378378378377
یجیب,positive/low_proxy,2,10,5.0
إذا,positive/low_proxy,3,15,5.0
دعاه,positive/low_proxy,5,15,3.0
بندر,positive/low_proxy,13,40,3.076923076923077
بودنشون,positive/low_proxy,5,13,2.6
بینشون,positive/low_proxy,19,39,2.0526315789473686
طوره,positive/low_proxy,14,39,2.7857142857142856
لش,positive/low_proxy,5,15,3.0
کاربریتو,positive/low_proxy,2,10,5.0
دخترو,positive/low_proxy,9,25,2.7777777777777777
مراد,positive/low_proxy,8,35,4.375
نینیتو,positive/low_proxy,6,28,4.666666666666667
بهترینارو,positive/low_proxy,3,12,4.0
پیروز,positive/low_proxy,7,24,3.4285714285714284
اصول,positive/low_proxy,22,58,2.6363636363636362
سالمو,positive/low_proxy,9,24,2.6666666666666665
گزاشت,positive/low_proxy,25,54,2.16
مخش,positive/low_proxy,4,10,2.5
۱۴۰۳,positive/low_proxy,7,15,2.142857142857143
نایب,positive/low_proxy,2,10,5.0
سبزه,positive/low_proxy,36,150,4.166666666666667
السا,positive/low_proxy,3,13,4.333333333333333
پسردار,positive/low_proxy,12,28,2.3333333333333335
بی‌مزه,positive/low_proxy,7,18,2.5714285714285716
توچه,positive/low_proxy,4,11,2.75
گلتو,positive/low_proxy,5,12,2.4
خوششون,positive/low_proxy,34,71,2.088235294117647
کافه,positive/low_proxy,61,134,2.19672131147541
آرای,positive/low_proxy,50,129,2.58
جثه,positive/low_proxy,8,18,2.25
به‌شخصه,positive/low_proxy,26,65,2.5
نمیشینه,positive/low_proxy,14,31,2.2142857142857144
شامپو,positive/low_proxy,54,135,2.5
پسند,positive/low_proxy,12,27,2.25
صرفه,positive/low_proxy,5,23,4.6
روه,positive/low_proxy,18,43,2.388888888888889
شرایطتو,positive/low_proxy,4,13,3.25
بسنج,positive/low_proxy,16,39,2.4375
اکسسور,positive/low_proxy,3,19,6.333333333333333
روستای,positive/low_proxy,8,22,2.75
قشنگن,positive/low_proxy,19,83,4.368421052631579
گوز,positive/low_proxy,4,12,3.0
چنل,positive/low_proxy,3,14,4.666666666666667
ماست,positive/low_proxy,5,16,3.2
جونتون,positive/low_proxy,7,29,4.142857142857143
خوبتو,positive/low_proxy,1,11,11.0
کرام,positive/low_proxy,2,10,5.0
میزب,positive/low_proxy,11,25,2.272727272727273
معتقده,positive/low_proxy,3,15,5.0
شاس,positive/low_proxy,3,15,5.0
سمن,positive/low_proxy,3,16,5.333333333333333
آنیا,positive/low_proxy,5,13,2.6
بسازه,positive/low_proxy,12,49,4.083333333333333
چشمه,positive/low_proxy,8,17,2.125
عابر,positive/low_proxy,2,15,7.5
گوشواره,positive/low_proxy,22,47,2.1363636363636362
روسر,positive/low_proxy,23,59,2.5652173913043477
مقاومت,positive/low_proxy,2,10,5.0
بهترینا,positive/low_proxy,13,47,3.6153846153846154
ایشاله,positive/low_proxy,12,28,2.3333333333333335
اخع,positive/low_proxy,3,10,3.3333333333333335
نقل,positive/low_proxy,13,31,2.3846153846153846
انیتا,positive/low_proxy,4,10,2.5
آنیتا,positive/low_proxy,8,17,2.125
تشت,positive/low_proxy,7,23,3.2857142857142856
حسم,positive/low_proxy,68,181,2.661764705882353
الو,positive/low_proxy,25,55,2.2
نظ,positive/low_proxy,9,25,2.7777777777777777
زیباس,positive/low_proxy,28,89,3.1785714285714284
خوش‌قد,positive/low_proxy,6,36,6.0
خداحفظشون,positive/low_proxy,2,23,11.5
قرقره,positive/low_proxy,20,55,2.75
ایول,positive/low_proxy,5,29,5.8
آسونه,positive/low_proxy,9,19,2.111111111111111
مناطق,positive/low_proxy,11,30,2.727272727272727
سشوار,positive/low_proxy,13,41,3.1538461538461537
نوجو,positive/low_proxy,6,16,2.6666666666666665
تکه,positive/low_proxy,25,56,2.24
خدمت,positive/low_proxy,14,33,2.357142857142857
سیراب,positive/low_proxy,32,95,2.96875
پنکیک,positive/low_proxy,3,22,7.333333333333333
خنده‌رو,positive/low_proxy,4,10,2.5
زیرپوست,positive/low_proxy,3,10,3.3333333333333335
نمیشهه,positive/low_proxy,7,16,2.2857142857142856
نازو,positive/low_proxy,1,10,10.0
خوشگلهه,positive/low_proxy,0,11,inf
ازخود,positive/low_proxy,14,29,2.0714285714285716
بلدرچ,positive/low_proxy,3,15,5.0
بالاشهر,positive/low_proxy,7,20,2.857142857142857
نظرمو,positive/low_proxy,10,25,2.5
پیشاپی,positive/low_proxy,8,25,3.125
مده,positive/low_proxy,7,24,3.4285714285714284
اختلاس,positive/low_proxy,4,10,2.5
صلی,positive/low_proxy,6,39,6.5
انشاء,positive/low_proxy,1,12,12.0
طالب,positive/low_proxy,4,22,5.5
سعادت,positive/low_proxy,6,23,3.8333333333333335
متشکر,positive/low_proxy,5,25,5.0
پات,positive/low_proxy,3,12,4.0
دی‌ان,positive/low_proxy,6,15,2.5
لکی,positive/low_proxy,6,17,2.8333333333333335
خرافاته,positive/low_proxy,11,32,2.909090909090909
نازن,positive/low_proxy,18,55,3.0555555555555554
معدتو,positive/low_proxy,3,10,3.3333333333333335
دانلود,positive/low_proxy,38,92,2.4210526315789473
فوق‌لیسانس,positive/low_proxy,5,19,3.8
براه,positive/low_proxy,1,11,11.0
بدنا,positive/low_proxy,6,13,2.1666666666666665
بچس,positive/low_proxy,47,97,2.0638297872340425
خوشبو,positive/low_proxy,8,25,3.125
پارسی,positive/low_proxy,11,28,2.5454545454545454
برکت,positive/low_proxy,4,14,3.5
فداسر,positive/low_proxy,1,14,14.0
استک,positive/low_proxy,14,45,3.2142857142857144
جنگه,positive/low_proxy,6,13,2.1666666666666665
ادکلن,positive/low_proxy,18,38,2.111111111111111
باهوشه,positive/low_proxy,18,43,2.388888888888889
اینگه,positive/low_proxy,2,11,5.5
لیاقت,positive/low_proxy,15,33,2.2
عزیزدلم,positive/low_proxy,6,21,3.5
هردوتا,positive/low_proxy,9,22,2.4444444444444446
خوشبختی,positive/low_proxy,2,10,5.0
زاویه,positive/low_proxy,20,57,2.85
پاکه,positive/low_proxy,18,38,2.111111111111111
عزیزک,positive/low_proxy,4,11,2.75
محترمه,positive/low_proxy,4,22,5.5
خز,positive/low_proxy,20,52,2.6
همونا,positive/low_proxy,20,45,2.25
خوشگلن,positive/low_proxy,17,38,2.235294117647059
بهاره,positive/low_proxy,5,18,3.6
شکوفه,positive/low_proxy,5,15,3.0
آراز,positive/low_proxy,2,11,5.5
پفیلا,positive/low_proxy,8,18,2.25
غافل,positive/low_proxy,9,22,2.4444444444444446
جیر,positive/low_proxy,1,12,12.0
نندازه,positive/low_proxy,5,12,2.4
مدله,positive/low_proxy,3,11,3.6666666666666665
پشتکار,positive/low_proxy,3,13,4.333333333333333
آجیل,positive/low_proxy,43,108,2.511627906976744
سا,positive/low_proxy,15,38,2.533333333333333
علیس,positive/low_proxy,2,14,7.0
لباسشوی,positive/low_proxy,21,57,2.7142857142857144
سرامیک,positive/low_proxy,6,14,2.3333333333333335
گوی,positive/low_proxy,12,27,2.25
لله,positive/low_proxy,1,12,12.0
رب‌العالم,positive/low_proxy,2,12,6.0
مع,positive/low_proxy,6,22,3.6666666666666665
بازساز,positive/low_proxy,4,17,4.25
یکیشو,positive/low_proxy,18,38,2.111111111111111
امیرعل,positive/low_proxy,4,18,4.5
مت,positive/low_proxy,19,45,2.3684210526315788
ایشاالله,positive/low_proxy,8,39,4.875
مسجد,positive/low_proxy,14,44,3.142857142857143
بارز,positive/low_proxy,6,14,2.3333333333333335
نسا,positive/low_proxy,4,14,3.5
ثابت‌قد,positive/low_proxy,0,62,inf
پرچرب,positive/low_proxy,2,11,5.5
ملایم,positive/low_proxy,4,18,4.5
نرگس,positive/low_proxy,8,37,4.625
می‌گذاش,positive/low_proxy,1,11,11.0
زنعمو,positive/low_proxy,6,15,2.5
میلیاردر,positive/low_proxy,1,12,12.0
یاور,positive/low_proxy,1,13,13.0
ثرو,positive/low_proxy,8,20,2.5
خندون,positive/low_proxy,3,16,5.333333333333333
فعال,positive/low_proxy,81,164,2.0246913580246915
نیک,positive/low_proxy,16,76,4.75
کاور,positive/low_proxy,7,23,3.2857142857142856
سی‌د,positive/low_proxy,3,11,3.6666666666666665
کشو,positive/low_proxy,10,22,2.2
حریر,positive/low_proxy,2,10,5.0
شوینده,positive/low_proxy,33,88,2.6666666666666665
غذام,positive/low_proxy,2,10,5.0
اگزما,positive/low_proxy,8,19,2.375
کرات,positive/low_proxy,25,59,2.36
جاه,positive/low_proxy,4,13,3.25
ارایشگاه,positive/low_proxy,32,75,2.34375
ریزش,positive/low_proxy,6,14,2.3333333333333335
هم‌بستگ,positive/low_proxy,8,20,2.5
فرم,positive/low_proxy,69,144,2.0869565217391304
واقعیتو,positive/low_proxy,5,11,2.2
۱۴۰۱,positive/low_proxy,8,23,2.875
طرح,positive/low_proxy,51,131,2.5686274509803924
انجیر,positive/low_proxy,36,90,2.5
تنوع,positive/low_proxy,28,67,2.392857142857143
ازنظر,positive/low_proxy,9,19,2.111111111111111
مسولی,positive/low_proxy,17,37,2.176470588235294
بازده,positive/low_proxy,2,10,5.0
گند,positive/low_proxy,54,131,2.425925925925926
قشنگیه,positive/low_proxy,28,57,2.0357142857142856
متفاوتن,positive/low_proxy,7,22,3.142857142857143
صابون,positive/low_proxy,23,50,2.1739130434782608
فلفل,positive/low_proxy,57,126,2.210526315789474
آلبالو,positive/low_proxy,6,14,2.3333333333333335
اج,positive/low_proxy,3,13,4.333333333333333
پلاس,positive/low_proxy,22,60,2.727272727272727
یون,positive/low_proxy,4,10,2.5
اشم,positive/low_proxy,2,14,7.0
نصیبتون,positive/low_proxy,6,16,2.6666666666666665
تراز,positive/low_proxy,30,68,2.2666666666666666
۱۴۰۵,positive/low_proxy,7,16,2.2857142857142856
موفقی,positive/low_proxy,34,77,2.264705882352941
محترمانه,positive/low_proxy,23,50,2.1739130434782608
برسونه,positive/low_proxy,12,29,2.4166666666666665
میکس,positive/low_proxy,6,24,4.0
سید,positive/low_proxy,0,10,inf
سوالا,positive/low_proxy,12,27,2.25
ژیل,positive/low_proxy,16,33,2.0625
قاب,positive/low_proxy,5,13,2.6
سعادت‌آباد,positive/low_proxy,0,14,inf
نچرال,positive/low_proxy,24,67,2.7916666666666665
ترجمه,positive/low_proxy,7,32,4.571428571428571
ولر,positive/low_proxy,35,90,2.5714285714285716
برخدا,positive/low_proxy,22,50,2.272727272727273
واسمون,positive/low_proxy,10,23,2.3
سایتیا,positive/low_proxy,7,23,3.2857142857142856
حوس,positive/low_proxy,1,16,16.0
وضعمون,positive/low_proxy,7,16,2.2857142857142856
حله,positive/low_proxy,30,64,2.1333333333333333
خیرببین,positive/low_proxy,1,15,15.0
بامیه,positive/low_proxy,23,56,2.4347826086956523
منفی,positive/low_proxy,8,18,2.25
۱۷۰,positive/low_proxy,28,77,2.75
۱۶۵,positive/low_proxy,16,50,3.125
شعله,positive/low_proxy,3,57,19.0
استخاره,positive/low_proxy,10,29,2.9
ولع,positive/low_proxy,4,15,3.75
فداتبش,positive/low_proxy,2,10,5.0
عاشقشون,positive/low_proxy,6,17,2.8333333333333335
بی‌زحم,positive/low_proxy,21,47,2.238095238095238
حتمن,positive/low_proxy,22,66,3.0
سالی,positive/low_proxy,6,20,3.3333333333333335
انچن,positive/low_proxy,8,20,2.5
بغلته,positive/low_proxy,1,11,11.0
تناسب,positive/low_proxy,10,24,2.4
شبت,positive/low_proxy,3,13,4.333333333333333
استایل,positive/low_proxy,29,79,2.7241379310344827
بلو,positive/low_proxy,20,49,2.45
خداقو,positive/low_proxy,0,12,inf
انگیزش,positive/low_proxy,2,11,5.5
عکسه,positive/low_proxy,14,29,2.0714285714285716
صلاحه,positive/low_proxy,14,42,3.0
مثبت,positive/low_proxy,39,82,2.1025641025641026
دوتون,positive/low_proxy,5,14,2.8
آبشو,positive/low_proxy,6,18,3.0
لونه,positive/low_proxy,5,14,2.8
کوزه,positive/low_proxy,3,13,4.333333333333333
راجبشون,positive/low_proxy,1,11,11.0
سیبیل,positive/low_proxy,4,11,2.75
خیاط,positive/low_proxy,38,80,2.1052631578947367
هما,positive/low_proxy,4,13,3.25
خوش‌حال,positive/low_proxy,4,15,3.75
اخلاقش,positive/low_proxy,5,22,4.4
گنگ,positive/low_proxy,2,10,5.0
ظریف,positive/low_proxy,17,50,2.9411764705882355
خرمای,positive/low_proxy,3,18,6.0
متوسطه,positive/low_proxy,12,36,3.0
متقابلا,positive/low_proxy,2,14,7.0
قندم,positive/low_proxy,3,10,3.3333333333333335
یاعل,positive/low_proxy,5,12,2.4
زندای,positive/low_proxy,23,60,2.608695652173913
عینک,positive/low_proxy,18,62,3.4444444444444446
موفقیت,positive/low_proxy,6,32,5.333333333333333
خیلب,positive/low_proxy,3,14,4.666666666666667
عوص,positive/low_proxy,4,12,3.0
بچگی,positive/low_proxy,14,30,2.142857142857143
شیرینیج,positive/low_proxy,8,33,4.125
ویز,positive/low_proxy,3,14,4.666666666666667
قابله,positive/low_proxy,3,12,4.0
عکسمو,positive/low_proxy,8,20,2.5
ماشینه,positive/low_proxy,4,13,3.25
پاکدامن,positive/low_proxy,4,12,3.0
جایگزین,positive/low_proxy,4,11,2.75
طلافروش,positive/low_proxy,5,13,2.6
سبیل,positive/low_proxy,4,15,3.75
پنس,positive/low_proxy,0,10,inf
موج,positive/low_proxy,10,31,3.1
مکزیک,positive/low_proxy,4,12,3.0
واضحه,positive/low_proxy,13,29,2.230769230769231
بیداره,positive/low_proxy,10,25,2.5
ایت,positive/low_proxy,19,42,2.210526315789474
بارداریتو,positive/low_proxy,10,26,2.6
بلاگرا,positive/low_proxy,4,11,2.75
بجوشه,positive/low_proxy,15,34,2.2666666666666666
بچرخ,positive/low_proxy,13,29,2.230769230769231
توجیب,positive/low_proxy,4,10,2.5
قلوی,positive/low_proxy,7,15,2.142857142857143
واه,positive/low_proxy,6,27,4.5
فاضلاب,positive/low_proxy,5,11,2.2
زیادن,positive/low_proxy,12,44,3.6666666666666665
ژانر,positive/low_proxy,5,11,2.2
شیم,positive/low_proxy,17,43,2.5294117647058822
دخترخاله,positive/low_proxy,13,40,3.076923076923077
سینا,positive/low_proxy,9,23,2.5555555555555554
توپر,positive/low_proxy,2,20,10.0
دورتون,positive/low_proxy,5,11,2.2
ترازو,positive/low_proxy,9,22,2.4444444444444446
گیس,positive/low_proxy,4,11,2.75
تین,positive/low_proxy,4,13,3.25
عنصر,positive/low_proxy,2,10,5.0
مضر,positive/low_proxy,33,72,2.1818181818181817
کپ,positive/low_proxy,7,29,4.142857142857143
کوثر,positive/low_proxy,6,38,6.333333333333333
کربوهیدر,positive/low_proxy,5,23,4.6
آوینا,positive/low_proxy,2,19,9.5
آو,positive/low_proxy,5,29,5.8
بخیل,positive/low_proxy,2,10,5.0
مطمئنا,positive/low_proxy,19,39,2.0526315789473686
فرانسو,positive/low_proxy,2,19,9.5
احسن,positive/low_proxy,12,31,2.5833333333333335
نعمته,positive/low_proxy,16,42,2.625
خوشبحالتون,positive/low_proxy,11,30,2.727272727272727
ماکه,positive/low_proxy,7,16,2.2857142857142856
۵۵,positive/low_proxy,23,50,2.1739130434782608
بی‌محل,positive/low_proxy,2,10,5.0
دلار,positive/low_proxy,23,72,3.130434782608696
تلفظ,positive/low_proxy,17,48,2.823529411764706
آنیل,positive/low_proxy,1,11,11.0
بجا,positive/low_proxy,20,42,2.1
رز,positive/low_proxy,23,68,2.9565217391304346
سرخ‌کرده,positive/low_proxy,8,23,2.875
مویز,positive/low_proxy,11,24,2.1818181818181817
زیتون,positive/low_proxy,100,259,2.59
ریحانه,positive/low_proxy,11,71,6.454545454545454
بهشت,positive/low_proxy,19,60,3.1578947368421053
محیا,positive/low_proxy,10,33,3.3
مهدیار,positive/low_proxy,0,10,inf
هیراد,positive/low_proxy,3,12,4.0
میخونن,positive/low_proxy,18,43,2.388888888888889
قصه,positive/low_proxy,12,26,2.1666666666666665
دردنکنه,positive/low_proxy,2,17,8.5
مهتاب,positive/low_proxy,7,28,4.0
قشنگتره,positive/low_proxy,38,87,2.289473684210526
۴۶,positive/low_proxy,12,32,2.6666666666666665
عمش,positive/low_proxy,7,20,2.857142857142857
واجب,positive/low_proxy,51,105,2.0588235294117645
متعادل,positive/low_proxy,13,33,2.5384615384615383
همع,positive/low_proxy,1,13,13.0
نیلوفر,positive/low_proxy,2,20,10.0
لر,positive/low_proxy,11,30,2.727272727272727
زردالو,positive/low_proxy,5,23,4.6
بادو,positive/low_proxy,38,113,2.973684210526316
هرتعداد,positive/low_proxy,0,13,inf
دکلره,positive/low_proxy,20,64,3.2
زعفران,positive/low_proxy,5,14,2.8
آیسو,positive/low_proxy,2,14,7.0
نتیجشو,positive/low_proxy,4,16,4.0
آخره,positive/low_proxy,9,19,2.111111111111111
۶۶,positive/low_proxy,9,20,2.2222222222222223
همشهر,positive/low_proxy,9,22,2.4444444444444446
مهراد,positive/low_proxy,3,24,8.0
تیمارس,positive/low_proxy,6,13,2.1666666666666665
مین,positive/low_proxy,8,17,2.125
دوسالگ,positive/low_proxy,5,15,3.0
انشا,positive/low_proxy,13,29,2.230769230769231
لباساشو,positive/low_proxy,4,14,3.5
سنگک,positive/low_proxy,11,28,2.5454545454545454
نایلون,positive/low_proxy,4,18,4.5
عنوان,positive/low_proxy,13,27,2.076923076923077
خوشگذرون,positive/low_proxy,4,10,2.5
آرایش,positive/low_proxy,31,69,2.225806451612903
بپ,positive/low_proxy,11,25,2.272727272727273
ماشالا,positive/low_proxy,42,89,2.119047619047619
اولمون,positive/low_proxy,3,13,4.333333333333333
جدول,positive/low_proxy,19,39,2.0526315789473686
کریر,positive/low_proxy,12,25,2.0833333333333335
مشکیه,positive/low_proxy,6,28,4.666666666666667
بالخره,positive/low_proxy,7,15,2.142857142857143
کبیر,positive/low_proxy,4,11,2.75
فراز,positive/low_proxy,6,13,2.1666666666666665
درباردار,positive/low_proxy,0,12,inf
جمجمه,positive/low_proxy,33,79,2.393939393939394
هیوا,positive/low_proxy,5,30,6.0
تانیا,positive/low_proxy,3,14,4.666666666666667
لیانا,positive/low_proxy,3,26,8.666666666666666
زمین,positive/low_proxy,21,56,2.6666666666666665
هم‌چن,positive/low_proxy,2,16,8.0
کته,positive/low_proxy,13,38,2.923076923076923
مامانه,positive/low_proxy,9,20,2.2222222222222223
دردسره,positive/low_proxy,8,19,2.375
لقب,positive/low_proxy,7,20,2.857142857142857
دستگا,positive/low_proxy,1,10,10.0
عروسمون,positive/low_proxy,3,18,6.0
اکبر,positive/low_proxy,10,21,2.1
شهرستانه,positive/low_proxy,5,18,3.6
جنسیتش,positive/low_proxy,5,13,2.6
توت‌فرنگ,positive/low_proxy,9,42,4.666666666666667
ترینه,positive/low_proxy,4,14,3.5
خیرتون,positive/low_proxy,14,43,3.0714285714285716
جذابه,positive/low_proxy,15,43,2.8666666666666667
دیج,positive/low_proxy,11,35,3.1818181818181817
گرده,positive/low_proxy,23,47,2.0434782608695654
پارسا,positive/low_proxy,3,14,4.666666666666667
جوانه,positive/low_proxy,18,44,2.4444444444444446
بپوشون,positive/low_proxy,6,17,2.8333333333333335
دلته,positive/low_proxy,6,16,2.6666666666666665
نازل,positive/low_proxy,5,12,2.4
دهنتو,positive/low_proxy,5,27,5.4
احس,positive/low_proxy,4,13,3.25
پوز,positive/low_proxy,6,18,3.0
ماشاءالله,positive/low_proxy,10,25,2.5
نورسیده,positive/low_proxy,2,11,5.5
اسپ,positive/low_proxy,18,38,2.111111111111111
کشم,positive/low_proxy,19,50,2.6315789473684212
صحت,positive/low_proxy,8,28,3.5
تریاک,positive/low_proxy,6,13,2.1666666666666665
افر,positive/low_proxy,39,112,2.871794871794872
پختگ,positive/low_proxy,4,10,2.5
شانسیه,positive/low_proxy,3,23,7.666666666666667
خداکمک,positive/low_proxy,3,15,5.0
نارگیل,positive/low_proxy,14,31,2.2142857142857144
کاشته,positive/low_proxy,11,25,2.272727272727273
باهمون,positive/low_proxy,5,11,2.2
۱۹۰,positive/low_proxy,5,16,3.2
حرفشو,positive/low_proxy,16,38,2.375
۱۷۲,positive/low_proxy,2,13,6.5
نونوای,positive/low_proxy,5,17,3.4
سانسور,positive/low_proxy,5,14,2.8
باکیفی,positive/low_proxy,4,10,2.5
مینیمال,positive/low_proxy,4,14,3.5
هرسال,positive/low_proxy,23,47,2.0434782608695654
تاپینک,positive/low_proxy,1,15,15.0
خوشکله,positive/low_proxy,1,11,11.0
بساط,positive/low_proxy,7,16,2.2857142857142856
شکلات,positive/low_proxy,14,39,2.7857142857142856
نقره,positive/low_proxy,17,38,2.235294117647059
بعدد,positive/low_proxy,4,21,5.25
سلف,positive/low_proxy,10,24,2.4
خشکبار,positive/low_proxy,3,10,3.3333333333333335
دمش,positive/low_proxy,10,21,2.1
ماهک,positive/low_proxy,5,17,3.4
بین‌الملل,positive/low_proxy,8,27,3.375
تخم‌مرغ,positive/low_proxy,130,263,2.023076923076923
بند,positive/low_proxy,34,71,2.088235294117647
نورا,positive/low_proxy,15,164,10.933333333333334
عشقم,positive/low_proxy,2,10,5.0
دلارا,positive/low_proxy,4,10,2.5
مرسی,positive/low_proxy,4,14,3.5
قره,positive/low_proxy,3,12,4.0
فروشه,positive/low_proxy,2,12,6.0
پول‌پرس,positive/low_proxy,1,13,13.0
نعمت,positive/low_proxy,19,42,2.210526315789474
موسیق,positive/low_proxy,10,34,3.4
لود,positive/low_proxy,5,14,2.8
میزه,positive/low_proxy,11,26,2.3636363636363638
فایل,positive/low_proxy,2,18,9.0
ذهنتو,positive/low_proxy,16,41,2.5625
نواز,positive/low_proxy,11,26,2.3636363636363638
بیل,positive/low_proxy,8,30,3.75
پیرهن,positive/low_proxy,7,24,3.4285714285714284
گمش,positive/low_proxy,2,13,6.5
دوستمون,positive/low_proxy,17,43,2.5294117647058822
کردنشون,positive/low_proxy,13,27,2.076923076923077
هدفم,positive/low_proxy,1,15,15.0
جنگل,positive/low_proxy,6,13,2.1666666666666665
هود,positive/low_proxy,8,21,2.625
اینطورا,positive/low_proxy,1,15,15.0
انشاللع,positive/low_proxy,2,10,5.0
دین,positive/low_proxy,17,42,2.4705882352941178
ضدافتاب,positive/low_proxy,13,28,2.1538461538461537
سوخار,positive/low_proxy,7,35,5.0
نعنا,positive/low_proxy,31,79,2.5483870967741935
اولشو,positive/low_proxy,4,10,2.5
پوزیشن,positive/low_proxy,16,35,2.1875
کمیته,positive/low_proxy,8,19,2.375
امداد,positive/low_proxy,3,12,4.0
کلمات,positive/low_proxy,3,11,3.6666666666666665
قراربود,positive/low_proxy,4,12,3.0
ماهل,positive/low_proxy,9,57,6.333333333333333
مامانشون,positive/low_proxy,12,25,2.0833333333333335
ثواب,positive/low_proxy,28,59,2.107142857142857
دکور,positive/low_proxy,10,26,2.6
حسنا,positive/low_proxy,5,28,5.6
اشتباهیه,positive/low_proxy,6,14,2.3333333333333335
بی‌خطر,positive/low_proxy,7,28,4.0
زی,positive/low_proxy,1,10,10.0
پادکس,positive/low_proxy,7,20,2.857142857142857
یوتیوب,positive/low_proxy,14,32,2.2857142857142856
تظاهر,positive/low_proxy,7,18,2.5714285714285716
لبنیات,positive/low_proxy,2,17,8.5
چاقه,positive/low_proxy,5,11,2.2
۹۶,positive/low_proxy,21,49,2.3333333333333335
چرته,positive/low_proxy,14,32,2.2857142857142856
پافشار,positive/low_proxy,9,19,2.111111111111111
ماکاران,positive/low_proxy,15,42,2.8
لازانیا,positive/low_proxy,3,22,7.333333333333333
نیتو,positive/low_proxy,9,29,3.2222222222222223
وزنتو,positive/low_proxy,5,13,2.6
اکی,positive/low_proxy,24,53,2.2083333333333335
بغلشون,positive/low_proxy,10,28,2.8
عرب,positive/low_proxy,37,89,2.4054054054054053
خوبتون,positive/low_proxy,4,10,2.5
خبردار,positive/low_proxy,6,18,3.0
بیسکویی,positive/low_proxy,21,57,2.7142857142857144
زیاده‌رو,positive/low_proxy,34,116,3.411764705882353
شماکه,positive/low_proxy,4,14,3.5
عهده,positive/low_proxy,17,38,2.235294117647059
ازته,positive/low_proxy,6,13,2.1666666666666665
تمن,positive/low_proxy,4,10,2.5
کلینیک,positive/low_proxy,46,99,2.152173913043478
نگار,positive/low_proxy,11,44,4.0
نارنگ,positive/low_proxy,7,33,4.714285714285714
ژاپن,positive/low_proxy,3,13,4.333333333333333
کاربریمو,positive/low_proxy,4,13,3.25
کامنتا,positive/low_proxy,11,24,2.1818181818181817
فامیلشون,positive/low_proxy,6,16,2.6666666666666665
بلک,positive/low_proxy,8,20,2.5
اسل,positive/low_proxy,17,62,3.6470588235294117
گیاهیه,positive/low_proxy,1,16,16.0
زهراس,positive/low_proxy,2,15,7.5
امیر,positive/low_proxy,25,74,2.96
رقاب,positive/low_proxy,20,44,2.2
می‌فرمای,positive/low_proxy,5,13,2.6
مغزشون,positive/low_proxy,2,12,6.0
خودشونه,positive/low_proxy,11,33,3.0
ارد,positive/low_proxy,10,26,2.6
می‌فروش,positive/low_proxy,14,33,2.357142857142857
خمین,positive/low_proxy,4,20,5.0
خالق,positive/low_proxy,3,10,3.3333333333333335
قضا,positive/low_proxy,10,22,2.2
ثابت,positive/low_proxy,4,12,3.0
خاسته,positive/low_proxy,5,15,3.0
درخاس,positive/low_proxy,16,48,3.0
می‌فرما,positive/low_proxy,8,18,2.25
جزء,positive/low_proxy,5,16,3.2
وسل,positive/low_proxy,4,10,2.5
فرس,positive/low_proxy,3,10,3.3333333333333335
فله,positive/low_proxy,3,10,3.3333333333333335
۴۰۳,positive/low_proxy,5,15,3.0
ضدآفتاب,positive/low_proxy,17,53,3.1176470588235294
تنشون,positive/low_proxy,5,13,2.6
آرتا,positive/low_proxy,1,17,17.0
علیرضا,positive/low_proxy,4,15,3.75
حامد,positive/low_proxy,6,19,3.1666666666666665
بی‌جواب,positive/low_proxy,6,13,2.1666666666666665
کریستال,positive/low_proxy,3,12,4.0
میلاد,positive/low_proxy,16,36,2.25
هم‌سطح,positive/low_proxy,8,21,2.625
اسممو,positive/low_proxy,5,15,3.0
پاپیون,positive/low_proxy,3,12,4.0
درسو,positive/low_proxy,4,11,2.75
احمد,positive/low_proxy,6,22,3.6666666666666665
۱۵۵,positive/low_proxy,5,17,3.4
تشنه,positive/low_proxy,18,40,2.2222222222222223
بوتاکس,positive/low_proxy,22,66,3.0
قدرتو,positive/low_proxy,1,11,11.0
کامپوزی,positive/low_proxy,13,31,2.3846153846153846
آبلیمو,positive/low_proxy,14,49,3.5
اسکین,positive/low_proxy,3,14,4.666666666666667
کندر,positive/low_proxy,14,74,5.285714285714286
زیبایی,positive/low_proxy,8,28,3.5
اینجای,positive/low_proxy,5,14,2.8
کمپو,positive/low_proxy,12,39,3.25
آناناس,positive/low_proxy,19,42,2.210526315789474
کوچیکتره,positive/low_proxy,14,30,2.142857142857143
گرمیه,positive/low_proxy,6,14,2.3333333333333335
رزا,positive/low_proxy,5,42,8.4
نگهداره,positive/low_proxy,6,21,3.5
حسمو,positive/low_proxy,3,11,3.6666666666666665
تمیزه,positive/low_proxy,10,26,2.6
بیشترشون,positive/low_proxy,6,15,2.5
دیجیتال,positive/low_proxy,6,13,2.1666666666666665
پیشونی,positive/low_proxy,7,21,3.0
دوستیمون,positive/low_proxy,3,10,3.3333333333333335
خاه,positive/low_proxy,10,26,2.6
میانگ,positive/low_proxy,13,30,2.3076923076923075
پسته,positive/low_proxy,27,65,2.4074074074074074
مغزیج,positive/low_proxy,13,91,7.0
نشود,positive/low_proxy,5,11,2.2
علی‌اصغر,positive/low_proxy,9,32,3.5555555555555554
بلندش,positive/low_proxy,4,16,4.0
آیس,positive/low_proxy,5,26,5.2
میس,positive/low_proxy,8,24,3.0
قائله,positive/low_proxy,2,11,5.5
گرامی,positive/low_proxy,1,10,10.0
کام,positive/low_proxy,3,11,3.6666666666666665
تولید,positive/low_proxy,5,21,4.2
تمرین,positive/low_proxy,10,22,2.2
هله‌هوله,positive/low_proxy,12,30,2.5
سودا,positive/low_proxy,14,29,2.0714285714285716
ابپز,positive/low_proxy,14,36,2.5714285714285716
چاپ,positive/low_proxy,13,27,2.076923076923077
اصغر,positive/low_proxy,4,11,2.75
غرغره,positive/low_proxy,7,23,3.2857142857142856
میانه,positive/low_proxy,5,13,2.6
صفره,positive/low_proxy,19,39,2.0526315789473686
ولخرج,positive/low_proxy,15,31,2.066666666666667
پلاک,positive/low_proxy,24,52,2.1666666666666665
لیل,positive/low_proxy,7,16,2.2857142857142856
پاستا,positive/low_proxy,7,30,4.285714285714286
متاهلا,positive/low_proxy,4,15,3.75
درعوض,positive/low_proxy,2,14,7.0
پیشون,positive/low_proxy,25,62,2.48
ازشما,positive/low_proxy,2,13,6.5
بعضیاتون,positive/low_proxy,5,12,2.4
ازخدا,positive/low_proxy,2,11,5.5
راهی,positive/low_proxy,4,13,3.25
حموم,positive/low_proxy,9,20,2.2222222222222223
آرامش‌بخ,positive/low_proxy,4,10,2.5
گلدون,positive/low_proxy,9,23,2.5555555555555554
جوابه,positive/low_proxy,24,61,2.5416666666666665
دنا,positive/low_proxy,9,19,2.111111111111111
حسودن,positive/low_proxy,3,11,3.6666666666666665
ونی,positive/low_proxy,3,16,5.333333333333333
سرسر,positive/low_proxy,7,23,3.2857142857142856
نخی,positive/low_proxy,13,30,2.3076923076923075
هیل,positive/low_proxy,9,20,2.2222222222222223
نجیب,positive/low_proxy,6,19,3.1666666666666665
معایب,positive/low_proxy,7,16,2.2857142857142856
سرزنده,positive/low_proxy,4,12,3.0
قطعاا,positive/low_proxy,5,12,2.4
سریتا,positive/low_proxy,5,19,3.8
هلن,positive/low_proxy,7,25,3.5714285714285716
بهترن,positive/low_proxy,12,42,3.5
برعکسشو,positive/low_proxy,1,11,11.0
بخاه,positive/low_proxy,6,13,2.1666666666666665
بیرونو,positive/low_proxy,6,14,2.3333333333333335
نتی,positive/low_proxy,6,13,2.1666666666666665
صحیحو,positive/low_proxy,2,12,6.0
مرجع,positive/low_proxy,13,28,2.1538461538461537
کارهارو,positive/low_proxy,3,10,3.3333333333333335
پایتخ,positive/low_proxy,6,22,3.6666666666666665
حاضره,positive/low_proxy,14,30,2.142857142857143
کاشت,positive/low_proxy,6,18,3.0
زردآلو,positive/low_proxy,10,22,2.2
بزرگن,positive/low_proxy,8,17,2.125
فرمول,positive/low_proxy,13,28,2.1538461538461537
دستمزد,positive/low_proxy,9,24,2.6666666666666665
طفلیا,positive/low_proxy,4,10,2.5
باسه,positive/low_proxy,14,31,2.2142857142857144
چشماشو,positive/low_proxy,5,11,2.2
خلاقی,positive/low_proxy,3,13,4.333333333333333
ضرور,positive/low_proxy,31,63,2.032258064516129
رسپ,positive/low_proxy,1,18,18.0
تمسخر,positive/low_proxy,6,13,2.1666666666666665
سرخ‌کن,positive/low_proxy,10,35,3.5
ندوس,positive/low_proxy,2,12,6.0
ادام,positive/low_proxy,4,13,3.25
ووی,positive/low_proxy,4,10,2.5
دختراشون,positive/low_proxy,5,17,3.4
لی‌ل,positive/low_proxy,2,12,6.0
قلبتون,positive/low_proxy,2,15,7.5
لبنی,positive/low_proxy,46,101,2.1956521739130435
پسربچه,positive/low_proxy,7,15,2.142857142857143
والعصر,positive/low_proxy,4,17,4.25
کلاسا,positive/low_proxy,5,21,4.2
اریا,positive/low_proxy,0,11,inf
ژنتیکه,positive/low_proxy,9,30,3.3333333333333335
۴۰۲,positive/low_proxy,5,15,3.0
فرمون,positive/low_proxy,16,37,2.3125
عمرا,positive/low_proxy,29,68,2.3448275862068964
مبینا,positive/low_proxy,3,22,7.333333333333333
هندزفر,positive/low_proxy,8,17,2.125
حریره,positive/low_proxy,1,14,14.0
صاحبخونه,positive/low_proxy,9,22,2.4444444444444446
اپارت,positive/low_proxy,7,18,2.5714285714285716
بجوشون,positive/low_proxy,11,31,2.8181818181818183
جستجو,positive/low_proxy,7,16,2.2857142857142856
اهداف,positive/low_proxy,10,28,2.8
بشخصه,positive/low_proxy,4,14,3.5
کاکائو,positive/low_proxy,14,52,3.7142857142857144
قرمه,positive/low_proxy,53,118,2.2264150943396226
درود,positive/low_proxy,5,32,6.4
آنتن,positive/low_proxy,5,20,4.0
قانونه,positive/low_proxy,4,15,3.75
پروی,positive/low_proxy,1,12,12.0
قیمتش,positive/low_proxy,5,24,4.8
سرگرم,positive/low_proxy,39,91,2.3333333333333335
سوه,positive/low_proxy,5,11,2.2
شیخ,positive/low_proxy,1,11,11.0
۱۷۳,positive/low_proxy,4,13,3.25
خوش‌هیکل,positive/low_proxy,4,12,3.0
پولاتو,positive/low_proxy,1,11,11.0
لمین,positive/low_proxy,5,17,3.4
جمعی,positive/low_proxy,13,33,2.5384615384615383
وانیل,positive/low_proxy,6,20,3.3333333333333335
نپوشید,positive/low_proxy,2,13,6.5
۹۰۰,positive/low_proxy,10,35,3.5
دیور,positive/low_proxy,3,14,4.666666666666667
تیشر,positive/low_proxy,15,32,2.1333333333333333
بیزحم,positive/low_proxy,2,16,8.0
وب,positive/low_proxy,7,22,3.142857142857143
زردچوبه,positive/low_proxy,22,61,2.772727272727273
فرکانس,positive/low_proxy,4,13,3.25
نسوزه,positive/low_proxy,4,26,6.5
خودخواسته,positive/low_proxy,5,11,2.2
سهمیه,positive/low_proxy,24,54,2.25
خنکه,positive/low_proxy,4,13,3.25
سادس,positive/low_proxy,10,25,2.5
نفخه,positive/low_proxy,4,10,2.5
موهاتو,positive/low_proxy,22,57,2.590909090909091
عملی,positive/low_proxy,5,15,3.0
قلعه,positive/low_proxy,2,11,5.5
مربع,positive/low_proxy,9,27,3.0
شانسه,positive/low_proxy,5,17,3.4
خواند,positive/low_proxy,6,16,2.6666666666666665
پدره,positive/low_proxy,7,20,2.857142857142857
نارنج,positive/low_proxy,23,58,2.5217391304347827
گندم,positive/low_proxy,7,48,6.857142857142857
عبا,positive/low_proxy,5,12,2.4
ویدیو,positive/low_proxy,16,34,2.125
بعیده,positive/low_proxy,10,30,3.0
فلز,positive/low_proxy,6,13,2.1666666666666665
مسلما,positive/low_proxy,13,35,2.6923076923076925
نهال,positive/low_proxy,6,26,4.333333333333333
پرتوقع,positive/low_proxy,9,20,2.2222222222222223
تربیت,positive/low_proxy,32,79,2.46875
برکه,positive/low_proxy,5,25,5.0
حنا,positive/low_proxy,30,84,2.8
همبر,positive/low_proxy,5,17,3.4
قدو,positive/low_proxy,2,10,5.0
کرچک,positive/low_proxy,2,20,10.0
اصلشو,positive/low_proxy,0,17,inf
ویرای,positive/low_proxy,5,20,4.0
نمی‌دان,positive/low_proxy,11,26,2.3636363636363638
شباه,positive/low_proxy,9,21,2.3333333333333335
آویزون,positive/low_proxy,27,55,2.037037037037037
اجرتون,positive/low_proxy,4,42,10.5
حالته,positive/low_proxy,5,14,2.8
شکم‌گنده,positive/low_proxy,3,18,6.0
دیانا,positive/low_proxy,1,17,17.0
نیکا,positive/low_proxy,0,16,inf
تمنا,positive/low_proxy,2,13,6.5
مرغه,positive/low_proxy,2,12,6.0
حبوب,positive/low_proxy,26,55,2.1153846153846154
بمال,positive/low_proxy,21,45,2.142857142857143
مرطوب‌کننده,positive/low_proxy,18,55,3.0555555555555554
انع,positive/low_proxy,5,25,5.0
چشاتو,positive/low_proxy,3,15,5.0
سردختر,positive/low_proxy,8,25,3.125
ابگوش,positive/low_proxy,6,27,4.5
ژنه,positive/low_proxy,3,19,6.333333333333333
ترتیب,positive/low_proxy,9,22,2.4444444444444446
حالیشون,positive/low_proxy,6,14,2.3333333333333335
نپو,positive/low_proxy,13,30,2.3076923076923075
اسرا,positive/low_proxy,2,32,16.0
آتنا,positive/low_proxy,3,20,6.666666666666667
صداق,positive/low_proxy,7,15,2.142857142857143
شناختن,positive/low_proxy,4,11,2.75
پریسا,positive/low_proxy,2,13,6.5
آبان,positive/low_proxy,2,13,6.5
چشما,positive/low_proxy,4,10,2.5
فلش,positive/low_proxy,8,20,2.5
تزی,positive/low_proxy,3,13,4.333333333333333
پرتغال,positive/low_proxy,11,23,2.090909090909091
دلنش,positive/low_proxy,4,12,3.0
ننوشت,positive/low_proxy,6,13,2.1666666666666665
اروپا,positive/low_proxy,11,25,2.272727272727273
بلایک,positive/low_proxy,2,24,12.0
محلشون,positive/low_proxy,5,13,2.6
یخی,positive/low_proxy,5,12,2.4
نوا,positive/low_proxy,1,10,10.0
سفکس,positive/low_proxy,13,29,2.230769230769231
صلاحتون,positive/low_proxy,1,10,10.0
ببینی,positive/low_proxy,10,23,2.3
بیش‌فعال,positive/low_proxy,18,40,2.2222222222222223
جنب,positive/low_proxy,7,15,2.142857142857143
اسمای,positive/low_proxy,7,25,3.5714285714285716
طا,positive/low_proxy,4,12,3.0
آیناز,positive/low_proxy,1,11,11.0
دیار,positive/low_proxy,1,29,29.0
وهم,positive/low_proxy,15,37,2.466666666666667
نوت,positive/low_proxy,7,16,2.2857142857142856
پرته,positive/low_proxy,8,20,2.5
دیس,positive/low_proxy,4,10,2.5
جوش‌شیر,positive/low_proxy,15,65,4.333333333333333
کابینت,positive/low_proxy,5,13,2.6
اجیل,positive/low_proxy,14,50,3.5714285714285716
کوی,positive/low_proxy,2,10,5.0
دنبالش,positive/low_proxy,4,12,3.0
بجو,positive/low_proxy,7,21,3.0
پسرن,positive/low_proxy,16,34,2.125
فیکه,positive/low_proxy,15,31,2.066666666666667
چهارماهگ,positive/low_proxy,8,22,2.75
همینجوریش,positive/low_proxy,4,10,2.5
سیما,positive/low_proxy,6,21,3.5
مچکر,positive/low_proxy,5,24,4.8
لطفتون,positive/low_proxy,3,14,4.666666666666667
عناب,positive/low_proxy,13,44,3.3846153846153846
آویشن,positive/low_proxy,15,45,3.0
پونه,positive/low_proxy,15,58,3.8666666666666667
ادامس,positive/low_proxy,2,15,7.5
بزنگ,positive/low_proxy,4,11,2.75
مراجع,positive/low_proxy,11,27,2.4545454545454546
مدیکور,positive/low_proxy,6,14,2.3333333333333335
اکتفا,positive/low_proxy,10,23,2.3
لزوم,positive/low_proxy,16,39,2.4375
عزیزج,positive/low_proxy,4,23,5.75
ترمیم,positive/low_proxy,6,13,2.1666666666666665
کلک,positive/low_proxy,10,21,2.1
آبرس,positive/low_proxy,17,54,3.176470588235294
نهه,positive/low_proxy,5,16,3.2
نمی‌پسند,positive/low_proxy,10,50,5.0
آبمیوه,positive/low_proxy,27,57,2.111111111111111
مبخورد,positive/low_proxy,2,12,6.0
هیجده,positive/low_proxy,8,20,2.5
نریزه,positive/low_proxy,6,16,2.6666666666666665
جانا,positive/low_proxy,0,24,inf
کارش,positive/low_proxy,5,14,2.8
نخاد,positive/low_proxy,10,22,2.2
سرمای,positive/low_proxy,9,19,2.111111111111111
جادوی,positive/low_proxy,3,10,3.3333333333333335
شازده,positive/low_proxy,0,10,inf
روتین,positive/low_proxy,4,10,2.5
ستای,positive/low_proxy,3,10,3.3333333333333335
دورو,positive/low_proxy,12,34,2.8333333333333335
لای,positive/low_proxy,13,31,2.3846153846153846
درکنار,positive/low_proxy,9,29,3.2222222222222223
پیاما,positive/low_proxy,8,18,2.25
میخر,positive/low_proxy,4,10,2.5
گردنب,positive/low_proxy,6,20,3.3333333333333335
بدوز,positive/low_proxy,12,43,3.5833333333333335
بعل,positive/low_proxy,13,29,2.230769230769231
خوبع,positive/low_proxy,5,22,4.4
لری,positive/low_proxy,2,15,7.5
کمیاب,positive/low_proxy,1,12,12.0
دهنشون,positive/low_proxy,11,31,2.8181818181818183
ام‌اس,positive/low_proxy,4,11,2.75
دوستاشو,positive/low_proxy,5,11,2.2
عیاد,positive/low_proxy,2,10,5.0
نیستاا,positive/low_proxy,4,11,2.75
کوبیده,positive/low_proxy,10,25,2.5
روشن‌فکر,positive/low_proxy,4,13,3.25
پسرمن,positive/low_proxy,10,27,2.7
ابمیوه,positive/low_proxy,17,36,2.1176470588235294
تمام‌شده,positive/low_proxy,5,13,2.6
مهمتره,positive/low_proxy,21,48,2.2857142857142856
پیاله,positive/low_proxy,6,13,2.1666666666666665
اصال,positive/low_proxy,2,13,6.5
هشتاد,positive/low_proxy,20,44,2.2
مامان‌بزرگ,positive/low_proxy,6,16,2.6666666666666665
هم‌نظر,positive/low_proxy,5,17,3.4
گنج,positive/low_proxy,2,13,6.5
سرک,positive/low_proxy,5,14,2.8
بوت,positive/low_proxy,6,13,2.1666666666666665
سلط,positive/low_proxy,4,10,2.5
نیاسینام,positive/low_proxy,8,18,2.25
بهره,positive/low_proxy,4,12,3.0
معجون,positive/low_proxy,5,24,4.8
صبا,positive/low_proxy,10,32,3.2
ارده,positive/low_proxy,15,31,2.066666666666667
بی‌شک,positive/low_proxy,6,13,2.1666666666666665
پور,positive/low_proxy,16,33,2.0625
ترد,positive/low_proxy,22,47,2.1363636363636362
پاک‌کن,positive/low_proxy,20,61,3.05
بپیچه,positive/low_proxy,6,13,2.1666666666666665
محور,positive/low_proxy,4,11,2.75
تاحدود,positive/low_proxy,3,11,3.6666666666666665
محشر,positive/low_proxy,5,13,2.6
آموزشگاه,positive/low_proxy,10,24,2.4
موثره,positive/low_proxy,26,72,2.769230769230769
افسانه,positive/low_proxy,6,23,3.8333333333333335
حشره,positive/low_proxy,3,10,3.3333333333333335
گاوزب,positive/low_proxy,3,13,4.333333333333333
رزمار,positive/low_proxy,5,17,3.4
مینا,positive/low_proxy,4,14,3.5
بچهامون,positive/low_proxy,0,10,inf
سنگینیه,positive/low_proxy,5,15,3.0
دلگر,positive/low_proxy,2,15,7.5
تصحیح,positive/low_proxy,2,14,7.0
تامیتون,positive/low_proxy,3,10,3.3333333333333335
شیکه,positive/low_proxy,5,34,6.8
باشخصی,positive/low_proxy,2,11,5.5
میزار,positive/low_proxy,2,13,6.5
راجبه,positive/low_proxy,7,16,2.2857142857142856
خربزه,positive/low_proxy,21,63,3.0
ناموسا,positive/low_proxy,4,10,2.5
اکستنشن,positive/low_proxy,7,20,2.857142857142857
سمانه,positive/low_proxy,4,13,3.25
شسته,positive/low_proxy,10,25,2.5
کیش,positive/low_proxy,6,15,2.5
آبپز,positive/low_proxy,16,35,2.1875
داشتنه,positive/low_proxy,6,13,2.1666666666666665
ناس,positive/low_proxy,4,14,3.5
سما,positive/low_proxy,7,16,2.2857142857142856
نخریدن,positive/low_proxy,6,17,2.8333333333333335
وقتتو,positive/low_proxy,6,22,3.6666666666666665
ابلیمو,positive/low_proxy,8,52,6.5
سدم,positive/low_proxy,6,14,2.3333333333333335
وااقعا,positive/low_proxy,5,11,2.2
رفیقش,positive/low_proxy,2,10,5.0
دوستانه,positive/low_proxy,10,36,3.6
پارن,positive/low_proxy,2,19,9.5
می‌بوس,positive/low_proxy,4,10,2.5
کراپ,positive/low_proxy,3,10,3.3333333333333335
درهرصور,positive/low_proxy,5,13,2.6
گوساله,positive/low_proxy,8,20,2.5
خواجه,positive/low_proxy,2,12,6.0
فرما,positive/low_proxy,1,14,14.0
ریاضی,positive/low_proxy,3,15,5.0
خیاب,positive/low_proxy,8,21,2.625
خواص,positive/low_proxy,10,34,3.4
فرهنگ‌ساز,positive/low_proxy,4,14,3.5
مقویه,positive/low_proxy,4,13,3.25
لالای,positive/low_proxy,3,11,3.6666666666666665
مسن,positive/low_proxy,7,19,2.7142857142857144
بختیار,positive/low_proxy,5,14,2.8
هیئ,positive/low_proxy,2,12,6.0
کالاندولا,positive/low_proxy,2,13,6.5
فیروز,positive/low_proxy,2,19,9.5
عطار,positive/low_proxy,42,99,2.357142857142857
بچسبون,positive/low_proxy,2,17,8.5
حرامه,positive/low_proxy,8,17,2.125
شربت,positive/low_proxy,13,34,2.6153846153846154
خس,positive/low_proxy,5,11,2.2
وتو,positive/low_proxy,6,17,2.8333333333333335
غد,positive/low_proxy,3,10,3.3333333333333335
اموزش,positive/low_proxy,7,21,3.0
وتم,positive/low_proxy,0,14,inf
سرمیره,positive/low_proxy,3,10,3.3333333333333335
اکثرن,positive/low_proxy,7,20,2.857142857142857
وسقط,positive/low_proxy,3,10,3.3333333333333335
۹۴,positive/low_proxy,11,28,2.5454545454545454
شکل‌گرفته,positive/low_proxy,6,17,2.8333333333333335
باگوش,positive/low_proxy,4,10,2.5
مطلقا,positive/low_proxy,4,16,4.0
تاجای,positive/low_proxy,8,23,2.875
وسیب,positive/low_proxy,0,11,inf
زیباییه,positive/low_proxy,3,17,5.666666666666667
لپ‌تاپ,positive/low_proxy,6,18,3.0
آتلیه,positive/low_proxy,14,36,2.5714285714285716
گوشتیه,positive/low_proxy,1,14,14.0
بامداد,positive/low_proxy,4,22,5.5
هری,positive/low_proxy,3,16,5.333333333333333
جفتش,positive/low_proxy,4,11,2.75
۱۳۵,positive/low_proxy,2,10,5.0
دروازه,positive/low_proxy,3,14,4.666666666666667
خاکشیر,positive/low_proxy,20,65,3.25
دانه,positive/low_proxy,12,29,2.4166666666666665
ببرید,positive/low_proxy,5,15,3.0
درونگر,positive/low_proxy,6,13,2.1666666666666665
بیشعورن,positive/low_proxy,2,16,8.0
شعار,positive/low_proxy,10,22,2.2
نیلا,positive/low_proxy,2,28,14.0
فلورا,positive/low_proxy,4,21,5.25
والامن,positive/low_proxy,4,11,2.75
صدف,positive/low_proxy,2,10,5.0
تقلید,positive/low_proxy,3,11,3.6666666666666665
ماهور,positive/low_proxy,5,15,3.0
آبغوره,positive/low_proxy,11,24,2.1818181818181817
مبشه,positive/low_proxy,12,28,2.3333333333333335
ایلیا,positive/low_proxy,9,35,3.888888888888889
ارمیا,positive/low_proxy,4,14,3.5
پهنه,positive/low_proxy,6,13,2.1666666666666665
نظراتتون,positive/low_proxy,6,20,3.3333333333333335
احک,positive/low_proxy,5,13,2.6
چاقاله,positive/low_proxy,2,19,9.5
خوابالو,positive/low_proxy,6,15,2.5
احترامه,positive/low_proxy,3,10,3.3333333333333335
کرمانشاه,positive/low_proxy,9,25,2.7777777777777777
۱۷۵,positive/low_proxy,5,30,6.0
توت,positive/low_proxy,5,29,5.8
اوهو,positive/low_proxy,11,31,2.8181818181818183
آیدا,positive/low_proxy,1,18,18.0
راهشو,positive/low_proxy,4,12,3.0
موندگار,positive/low_proxy,8,20,2.5
کارن,positive/low_proxy,8,26,3.25
ثابته,positive/low_proxy,6,15,2.5
فیبر,positive/low_proxy,8,27,3.375
گرم‌کن,positive/low_proxy,11,45,4.090909090909091
فکرمیکنن,positive/low_proxy,2,11,5.5
پولمون,positive/low_proxy,8,17,2.125
پیجتو,positive/low_proxy,1,10,10.0
بدد,positive/low_proxy,5,11,2.2
توراه,positive/low_proxy,4,10,2.5
نچسب,positive/low_proxy,4,14,3.5
گارانت,positive/low_proxy,3,10,3.3333333333333335
مردانه,positive/low_proxy,8,19,2.375
هاک,positive/low_proxy,1,13,13.0
جفتشو,positive/low_proxy,6,14,2.3333333333333335
دمبل,positive/low_proxy,1,13,13.0
اهال,positive/low_proxy,4,10,2.5
ریمو,positive/low_proxy,5,23,4.6
دوربین,positive/low_proxy,6,13,2.1666666666666665
عمله,positive/low_proxy,11,26,2.3636363636363638
همکل,positive/low_proxy,2,10,5.0
ارزونه,positive/low_proxy,4,20,5.0
تجمل,positive/low_proxy,3,15,5.0
رقصیدن,positive/low_proxy,3,10,3.3333333333333335
دربیا,positive/low_proxy,1,11,11.0
دوماهگ,positive/low_proxy,9,24,2.6666666666666665
قلوه,positive/low_proxy,5,18,3.6
هم‌وزن,positive/low_proxy,10,21,2.1
سرخ‌شده,positive/low_proxy,8,26,3.25
ریش‌ری,positive/low_proxy,4,13,3.25
شای,positive/low_proxy,4,12,3.0
آراد,positive/low_proxy,8,28,3.5
ازرو,positive/low_proxy,8,24,3.0
می‌پسند,positive/low_proxy,11,46,4.181818181818182
پاسخگوی,positive/low_proxy,1,22,22.0
گیسو,positive/low_proxy,6,23,3.8333333333333335
حورا,positive/low_proxy,1,17,17.0
توتاپیک,positive/low_proxy,5,11,2.2
هواز,positive/low_proxy,6,15,2.5
الزهرا,positive/low_proxy,5,16,3.2
وزار,positive/low_proxy,12,26,2.1666666666666665
نوی,positive/low_proxy,8,19,2.375
حنانه,positive/low_proxy,0,10,inf
چشمشو,positive/low_proxy,2,11,5.5
پخش‌کن,positive/low_proxy,1,13,13.0
خیلیاشون,positive/low_proxy,6,27,4.5
بقیشو,positive/low_proxy,15,32,2.1333333333333333
بی‌اعتماد,positive/low_proxy,7,15,2.142857142857143
پرپش,positive/low_proxy,7,16,2.2857142857142856
صدتومن,positive/low_proxy,3,16,5.333333333333333
صعود,positive/low_proxy,1,11,11.0
انح,positive/low_proxy,10,28,2.8
دمدم,positive/low_proxy,5,11,2.2
کلوتریمازول,positive/low_proxy,10,24,2.4
دنبا,positive/low_proxy,6,16,2.6666666666666665
استیل,positive/low_proxy,9,39,4.333333333333333
آت,positive/low_proxy,5,12,2.4
ترشیج,positive/low_proxy,12,28,2.3333333333333335
ژنش,positive/low_proxy,4,11,2.75
مقصرن,positive/low_proxy,3,10,3.3333333333333335
عکسش,positive/low_proxy,1,11,11.0
ذهنی,positive/low_proxy,5,14,2.8
متقابل,positive/low_proxy,8,23,2.875
۱۷۰۰,positive/low_proxy,5,13,2.6
آمریکا,positive/low_proxy,10,28,2.8
روانی,positive/low_proxy,8,19,2.375
ترمیم‌کننده,positive/low_proxy,10,29,2.9
خواهرت,positive/low_proxy,10,28,2.8
اناناس,positive/low_proxy,10,32,3.2
۶۹,positive/low_proxy,6,15,2.5
تورا,positive/low_proxy,5,12,2.4
برودک,positive/low_proxy,4,16,4.0
بوقلمون,positive/low_proxy,3,15,5.0
اوپرا,positive/low_proxy,2,15,7.5
وماه,positive/low_proxy,2,11,5.5
کالر,positive/low_proxy,37,124,3.3513513513513513
شیرو,positive/low_proxy,5,19,3.8
شهاد,positive/low_proxy,6,14,2.3333333333333335
یارا,positive/low_proxy,3,36,12.0
گیرشون,positive/low_proxy,1,12,12.0
انتخابه,positive/low_proxy,1,12,12.0
نظرمن,positive/low_proxy,3,20,6.666666666666667
اسکراب,positive/low_proxy,6,17,2.8333333333333335
زبر,positive/low_proxy,7,15,2.142857142857143
شکرگذار,positive/low_proxy,3,10,3.3333333333333335
محتوا,positive/low_proxy,6,13,2.1666666666666665
بارهنگ,positive/low_proxy,4,13,3.25
یچیزای,positive/low_proxy,4,13,3.25
خودشیفته,positive/low_proxy,6,24,4.0
بشرط,positive/low_proxy,1,12,12.0
واصلا,positive/low_proxy,7,19,2.7142857142857144
فراوان,positive/low_proxy,2,10,5.0
ابجد,positive/low_proxy,5,17,3.4
مرغو,positive/low_proxy,7,18,2.5714285714285716
۵۴,positive/low_proxy,10,22,2.2
فنجون,positive/low_proxy,3,15,5.0
چتد,positive/low_proxy,1,11,11.0
سنیشون,positive/low_proxy,5,14,2.8
قبولی,positive/low_proxy,4,11,2.75
شریعت,positive/low_proxy,2,15,7.5
بهشته,positive/low_proxy,5,14,2.8
پیداس,positive/low_proxy,4,10,2.5
پاشویه,positive/low_proxy,3,10,3.3333333333333335
میگو,positive/low_proxy,13,35,2.6923076923076925
پوره,positive/low_proxy,4,13,3.25
اکیه,positive/low_proxy,3,10,3.3333333333333335
همچی,positive/low_proxy,6,15,2.5
بورس,positive/low_proxy,1,14,14.0
شهریار,positive/low_proxy,6,18,3.0
دایرک,positive/low_proxy,5,11,2.2
قزو,positive/low_proxy,0,10,inf
رومون,positive/low_proxy,4,12,3.0
روحیات,positive/low_proxy,4,10,2.5
رشده,positive/low_proxy,3,13,4.333333333333333
کم‌حج,positive/low_proxy,2,10,5.0
هرسه,positive/low_proxy,6,14,2.3333333333333335
سالشع,positive/low_proxy,7,15,2.142857142857143
دلباز,positive/low_proxy,7,17,2.4285714285714284
مفید,positive/low_proxy,9,23,2.5555555555555554
رلم,positive/low_proxy,5,14,2.8
میگردن,positive/low_proxy,10,25,2.5
فنی,positive/low_proxy,12,27,2.25
ثنا,positive/low_proxy,6,16,2.6666666666666665
بی‌روح,positive/low_proxy,4,12,3.0
هانا,positive/low_proxy,7,34,4.857142857142857
حباب,positive/low_proxy,15,32,2.1333333333333333
هورمونه,positive/low_proxy,10,21,2.1
الله‌اکبر,positive/low_proxy,5,11,2.2
چیدن,positive/low_proxy,4,11,2.75
ممنوعی,positive/low_proxy,6,14,2.3333333333333335
ماتح,positive/low_proxy,1,11,11.0
متعجب,positive/low_proxy,5,11,2.2
کثیفن,positive/low_proxy,2,11,5.5
هویچ,positive/low_proxy,5,11,2.2
قصاب,positive/low_proxy,2,11,5.5
محمدوآله,positive/low_proxy,0,28,inf
تورک,positive/low_proxy,4,11,2.75
ذغال,positive/low_proxy,4,12,3.0
صحن,positive/low_proxy,1,11,11.0
آپار,positive/low_proxy,2,10,5.0
۱۶۳,positive/low_proxy,4,15,3.75
رادو,positive/low_proxy,1,14,14.0
سرباردار,positive/low_proxy,6,13,2.1666666666666665
آوا,positive/low_proxy,10,35,3.5
نعناع,positive/low_proxy,12,28,2.3333333333333335
غیرانتفاع,positive/low_proxy,6,14,2.3333333333333335
مشروط,positive/low_proxy,4,16,4.0
مجان,positive/low_proxy,6,17,2.8333333333333335
ورت,positive/low_proxy,2,12,6.0
بنظرمن,positive/low_proxy,6,26,4.333333333333333
هاسک,positive/low_proxy,2,16,8.0
سرگرمیه,positive/low_proxy,4,10,2.5
استاندارد,positive/low_proxy,9,20,2.2222222222222223
آلا,positive/low_proxy,13,65,5.0
الارز,positive/low_proxy,2,11,5.5
حسنه,positive/low_proxy,3,12,4.0
اسمیه,positive/low_proxy,4,16,4.0
می‌آ,positive/low_proxy,4,12,3.0
برود,positive/low_proxy,4,15,3.75
قدبل,positive/low_proxy,5,14,2.8
اجاز,positive/low_proxy,4,11,2.75
تیم,positive/low_proxy,5,13,2.6
مهوا,positive/low_proxy,9,33,3.6666666666666665
تسبیح,positive/low_proxy,7,27,3.857142857142857
سردی,positive/low_proxy,5,11,2.2
نن,positive/low_proxy,3,17,5.666666666666667
بادام‌زمین,positive/low_proxy,4,23,5.75
سامیار,positive/low_proxy,2,16,8.0
روژ,positive/low_proxy,19,45,2.3684210526315788
۶۵۰,positive/low_proxy,3,12,4.0
یوقتا,positive/low_proxy,3,14,4.666666666666667
جوجه‌کباب,positive/low_proxy,5,14,2.8
غذاتو,positive/low_proxy,7,24,3.4285714285714284
لیموتر,positive/low_proxy,4,16,4.0
جذابن,positive/low_proxy,1,11,11.0
یاه,positive/low_proxy,6,16,2.6666666666666665
لیموشیر,positive/low_proxy,2,12,6.0
۳۵۰۰,positive/low_proxy,6,15,2.5
اهاا,positive/low_proxy,9,27,3.0
سیف,positive/low_proxy,2,15,7.5
نمکه,positive/low_proxy,4,11,2.75
پیداکن,positive/low_proxy,7,23,3.2857142857142856
الت,positive/low_proxy,3,13,4.333333333333333
تعریفشو,positive/low_proxy,10,25,2.5
اورا,positive/low_proxy,1,33,33.0
نجوم,positive/low_proxy,2,11,5.5
افراط,positive/low_proxy,16,38,2.375
فوم,positive/low_proxy,3,13,4.333333333333333
شنبلیله,positive/low_proxy,10,26,2.6
داو,positive/low_proxy,0,15,inf
نواح,positive/low_proxy,2,10,5.0
۱۵۸,positive/low_proxy,3,10,3.3333333333333335
خرابکار,positive/low_proxy,6,14,2.3333333333333335
کاس,positive/low_proxy,1,10,10.0
جلد,positive/low_proxy,6,13,2.1666666666666665
سپیده,positive/low_proxy,2,13,6.5
بخارا,positive/low_proxy,5,14,2.8
تنبله,positive/low_proxy,4,15,3.75
بی‌سواد,positive/low_proxy,12,27,2.25
کاسن,positive/low_proxy,17,73,4.294117647058823
یمقدار,positive/low_proxy,4,10,2.5
ملکا,positive/low_proxy,2,14,7.0
اهدای,positive/low_proxy,24,51,2.125
کالباس,positive/low_proxy,10,22,2.2
دگه,positive/low_proxy,9,24,2.6666666666666665
ابن‌سینا,positive/low_proxy,5,25,5.0
حلما,positive/low_proxy,5,35,7.0
دریای,positive/low_proxy,2,10,5.0
بیشتریا,positive/low_proxy,4,16,4.0
استعل,positive/low_proxy,6,14,2.3333333333333335
سدنا,positive/low_proxy,0,24,inf
معنیشو,positive/low_proxy,4,12,3.0
پرسپولیس,positive/low_proxy,2,10,5.0
اردبیل,positive/low_proxy,3,17,5.666666666666667
مقنعه,positive/low_proxy,2,10,5.0
اقل,positive/low_proxy,5,16,3.2
وازل,positive/low_proxy,7,20,2.857142857142857
اسام,positive/low_proxy,10,45,4.5
نادره,positive/low_proxy,6,13,2.1666666666666665
ترانه,positive/low_proxy,6,18,3.0
خزه,positive/low_proxy,5,15,3.0
حب,positive/low_proxy,3,10,3.3333333333333335
نکر,positive/low_proxy,5,12,2.4
۱۲۳,positive/low_proxy,5,11,2.2
زاس,positive/low_proxy,6,14,2.3333333333333335
یک‌دفعه,positive/low_proxy,8,17,2.125
الج,positive/low_proxy,1,27,27.0
کارگرد,positive/low_proxy,1,11,11.0
استفاده‌شده,positive/low_proxy,5,13,2.6
لارج,positive/low_proxy,0,10,inf
الهیه,positive/low_proxy,3,10,3.3333333333333335
معنای,positive/low_proxy,3,12,4.0
استیک,positive/low_proxy,3,10,3.3333333333333335
کرل,positive/low_proxy,6,13,2.1666666666666665
ارزشه,positive/low_proxy,5,11,2.2
کیفیت,positive/low_proxy,9,21,2.3333333333333335
کانسیلر,positive/low_proxy,3,10,3.3333333333333335
مخمل,positive/low_proxy,4,10,2.5
امواج,positive/low_proxy,8,18,2.25
فیشیال,positive/low_proxy,5,15,3.0
اماما,positive/low_proxy,4,10,2.5
مارال,positive/low_proxy,3,13,4.333333333333333
دوستتون,positive/low_proxy,11,27,2.4545454545454546
میزاشتن,positive/low_proxy,8,17,2.125
سفال,positive/low_proxy,4,10,2.5
ملاکه,positive/low_proxy,3,10,3.3333333333333335
نصاب,positive/low_proxy,4,11,2.75
اپلیکیشن,positive/low_proxy,14,32,2.2857142857142856
غزل,positive/low_proxy,4,12,3.0
تستسترون,positive/low_proxy,3,11,3.6666666666666665
تارو,positive/low_proxy,4,11,2.75
آرگ,positive/low_proxy,2,11,5.5
سفارش,positive/low_proxy,4,10,2.5
توسای,positive/low_proxy,4,11,2.75
سالس,positive/low_proxy,3,11,3.6666666666666665
نل,positive/low_proxy,1,10,10.0
گرونیه,positive/low_proxy,6,13,2.1666666666666665
بچرخه,positive/low_proxy,14,39,2.7857142857142856
چرون,positive/low_proxy,5,11,2.2
یسنا,positive/low_proxy,8,22,2.75
فامیلی,positive/low_proxy,6,14,2.3333333333333335
بوشهر,positive/low_proxy,0,13,inf
نوتروژینا,positive/low_proxy,1,13,13.0
برع,positive/low_proxy,7,16,2.2857142857142856
مرسانا,positive/low_proxy,1,11,11.0
طالع,positive/low_proxy,5,18,3.6
ضریح,positive/low_proxy,6,22,3.6666666666666665
گلس,positive/low_proxy,1,13,13.0
لجم,positive/low_proxy,5,17,3.4
سیکلوژس,positive/low_proxy,5,13,2.6
حج,positive/low_proxy,6,14,2.3333333333333335
پویا,positive/low_proxy,4,15,3.75
وهزار,positive/low_proxy,4,10,2.5
عمرشون,positive/low_proxy,4,13,3.25
بنی,positive/low_proxy,7,25,3.5714285714285716
رزاق,positive/low_proxy,4,10,2.5
فلسف,positive/low_proxy,3,10,3.3333333333333335
شرکت,positive/low_proxy,15,35,2.3333333333333335
نرن,positive/low_proxy,5,14,2.8
دنیااومده,positive/low_proxy,4,10,2.5
فاقد,positive/low_proxy,10,21,2.1
رویال,positive/low_proxy,5,14,2.8
۸۳,positive/low_proxy,4,14,3.5
بهترینه,positive/low_proxy,10,24,2.4
کوال,positive/low_proxy,3,16,5.333333333333333
عقاید,positive/low_proxy,3,10,3.3333333333333335
تجربیات,positive/low_proxy,4,13,3.25
پروژه,positive/low_proxy,7,25,3.5714285714285716
بلوچ,positive/low_proxy,4,12,3.0
مشارک,positive/low_proxy,8,33,4.125
اجتماعیه,positive/low_proxy,5,12,2.4
یکجور,positive/low_proxy,3,11,3.6666666666666665
پولک,positive/low_proxy,5,11,2.2
یوگ,positive/low_proxy,3,12,4.0
مخلوط‌کن,positive/low_proxy,8,24,3.0
تکراریه,positive/low_proxy,2,13,6.5
صندوق,positive/low_proxy,7,17,2.4285714285714284
وشیرین,positive/low_proxy,5,13,2.6
زولبیا,positive/low_proxy,13,29,2.230769230769231
دوستیمو,positive/low_proxy,9,23,2.5555555555555554
غدا,positive/low_proxy,5,16,3.2
نامرتب,positive/low_proxy,4,15,3.75
آنیسا,positive/low_proxy,0,13,inf
برعکسش,positive/low_proxy,3,10,3.3333333333333335
تونر,positive/low_proxy,6,30,5.0
تناژ,positive/low_proxy,4,13,3.25
شب‌ادرار,positive/low_proxy,8,19,2.375
سیاهدونه,positive/low_proxy,11,33,3.0
خطرداره,positive/low_proxy,4,11,2.75
کتابخانه,positive/low_proxy,3,10,3.3333333333333335
منسج,positive/low_proxy,0,11,inf
کارمیکنه,positive/low_proxy,5,12,2.4
بابلیس,positive/low_proxy,1,10,10.0
کم‌مصرف,positive/low_proxy,2,12,6.0
مغرب,positive/low_proxy,11,61,5.545454545454546
ببعد,positive/low_proxy,9,25,2.7777777777777777
بچه‌گانه,positive/low_proxy,4,11,2.75
دلسا,positive/low_proxy,2,11,5.5
بادکتر,positive/low_proxy,2,11,5.5
ملیکا,positive/low_proxy,4,16,4.0
دلسوزه,positive/low_proxy,4,10,2.5
توکه,positive/low_proxy,6,16,2.6666666666666665
چیبگ,positive/low_proxy,3,10,3.3333333333333335
لاکتوف,positive/low_proxy,3,10,3.3333333333333335
سویق,positive/low_proxy,6,23,3.8333333333333335
رتینول,positive/low_proxy,1,12,12.0
کلاژن,positive/low_proxy,5,12,2.4
پاستوریزه,positive/low_proxy,12,27,2.25
کاله,positive/low_proxy,1,10,10.0
اعتدال,positive/low_proxy,4,17,4.25
دوکیلو,positive/low_proxy,6,18,3.0
قرصشو,positive/low_proxy,8,17,2.125
مابق,positive/low_proxy,6,13,2.1666666666666665
حجام,positive/low_proxy,6,20,3.3333333333333335
لبش,positive/low_proxy,5,11,2.2
اولیو,positive/low_proxy,4,10,2.5
می‌نویسن,positive/low_proxy,4,10,2.5
خرافات,positive/low_proxy,3,15,5.0
نمیرسن,positive/low_proxy,3,13,4.333333333333333
ثابت‌شده,positive/low_proxy,5,20,4.0
سکر,positive/low_proxy,3,12,4.0
هایلای,positive/low_proxy,9,19,2.111111111111111
نمیشوره,positive/low_proxy,2,10,5.0
دهانشویه,positive/low_proxy,1,17,17.0
نمیرسونه,positive/low_proxy,4,12,3.0
خرجا,positive/low_proxy,4,10,2.5
تسلط,positive/low_proxy,1,12,12.0
آپلود,positive/low_proxy,5,17,3.4
جوشانده,positive/low_proxy,2,11,5.5
مرموز,positive/low_proxy,2,10,5.0
قزص,positive/low_proxy,4,11,2.75
وتهوع,positive/low_proxy,1,10,10.0
خلا,positive/low_proxy,4,10,2.5
پوستو,positive/low_proxy,4,12,3.0
فیتنس,positive/low_proxy,3,10,3.3333333333333335
چیزیشون,positive/low_proxy,2,12,6.0
جوشونده,positive/low_proxy,12,25,2.0833333333333335
لیلا,positive/low_proxy,9,32,3.5555555555555554
چهارروز,positive/low_proxy,4,11,2.75
مرکب,positive/low_proxy,4,10,2.5
الانو,positive/low_proxy,4,11,2.75
تاثییر,positive/low_proxy,4,10,2.5
آبگر,positive/low_proxy,3,13,4.333333333333333
کلیک,positive/low_proxy,3,11,3.6666666666666665
اوا,positive/low_proxy,6,13,2.1666666666666665
تراش,positive/low_proxy,4,13,3.25
نیی,positive/low_proxy,4,11,2.75
۳۸۰,positive/low_proxy,4,10,2.5
ببینت,positive/low_proxy,4,11,2.75
نمی‌موند,positive/low_proxy,4,10,2.5
سرلاک,positive/low_proxy,2,15,7.5
کفای,positive/low_proxy,5,11,2.2
قاجار,positive/low_proxy,3,10,3.3333333333333335
جیوه,positive/low_proxy,9,25,2.7777777777777777
دایار,positive/low_proxy,1,10,10.0
افرا,positive/low_proxy,2,11,5.5
هانیه,positive/low_proxy,4,16,4.0
معادل,positive/low_proxy,6,13,2.1666666666666665
مردگ,positive/low_proxy,2,12,6.0
۱۴۶,positive/low_proxy,1,11,11.0
نلا,positive/low_proxy,2,11,5.5
فرود,positive/low_proxy,2,10,5.0
سورنا,positive/low_proxy,1,11,11.0
بی‌ضرر,positive/low_proxy,1,15,15.0
احراز,positive/low_proxy,2,10,5.0
هوله,positive/low_proxy,5,12,2.4
بالامیار,positive/low_proxy,4,10,2.5
موظف,positive/low_proxy,5,11,2.2
مختار,positive/low_proxy,6,15,2.5
ضحی,positive/low_proxy,1,23,23.0
بینیه,positive/low_proxy,5,11,2.2
ستیا,positive/low_proxy,0,10,inf
طیف,positive/low_proxy,1,14,14.0
کارتیر,positive/low_proxy,4,10,2.5
دقیقشو,positive/low_proxy,4,12,3.0
فککن,positive/low_proxy,4,10,2.5
ضرره,positive/low_proxy,9,25,2.7777777777777777
تراکن,positive/low_proxy,1,10,10.0
ملیتا,positive/low_proxy,3,12,4.0
درمانس,positive/low_proxy,0,14,inf
کدی,positive/low_proxy,1,10,10.0
ارده‌شیره,positive/low_proxy,1,11,11.0
بلیچینگ,positive/low_proxy,1,13,13.0
اسنوا,positive/low_proxy,3,12,4.0
رژگونه,positive/low_proxy,3,10,3.3333333333333335
بباف,positive/low_proxy,6,13,2.1666666666666665
بیوت,positive/low_proxy,5,13,2.6
همرنگ,positive/low_proxy,5,12,2.4
کرمان,positive/low_proxy,2,15,7.5
انا,positive/low_proxy,5,11,2.2
لیا,positive/low_proxy,5,26,5.2
کبو,positive/low_proxy,3,10,3.3333333333333335
ملور,positive/low_proxy,3,15,5.0
بیکارن,positive/low_proxy,5,11,2.2
اسکار,positive/low_proxy,2,14,7.0
راحیل,positive/low_proxy,0,11,inf
آلاء,positive/low_proxy,2,10,5.0
آرت,positive/low_proxy,2,14,7.0
بااب,positive/low_proxy,1,10,10.0
فروفور,positive/low_proxy,5,15,3.0
تاثیرشو,positive/low_proxy,6,15,2.5
شاهنامه,positive/low_proxy,4,11,2.75
کالابرگ,positive/low_proxy,5,11,2.2
همینای,positive/low_proxy,2,10,5.0
نیم‌تنه,positive/low_proxy,0,10,inf
باوا,positive/low_proxy,4,13,3.25
روگ,positive/low_proxy,7,18,2.5714285714285716
کارکرده,positive/low_proxy,4,10,2.5
رنگا,positive/low_proxy,4,12,3.0
فالوور,positive/low_proxy,1,11,11.0
بفرستد,positive/low_proxy,1,14,14.0
آمرز,positive/low_proxy,1,14,14.0
ملحق,positive/low_proxy,1,15,15.0
فاطمة,positive/low_proxy,1,15,15.0
المستودع,positive/low_proxy,0,20,inf
احاط,positive/low_proxy,0,20,inf
علمک,positive/low_proxy,1,20,20.0
فضیل,positive/low_proxy,1,13,13.0
السر,positive/low_proxy,0,15,inf
لطفاهر,positive/low_proxy,0,10,inf
۱۳۷۳,positive/low_proxy,2,14,7.0
فاعل,positive/low_proxy,3,13,4.333333333333333
موجوده,positive/low_proxy,1,10,10.0
سیم‌کار,positive/low_proxy,4,16,4.0
ویبره,positive/low_proxy,5,11,2.2
آرس,positive/low_proxy,0,10,inf
هیستام,positive/low_proxy,1,10,10.0
نجمیه,positive/low_proxy,3,10,3.3333333333333335
