unique_post_id,content,stress
thread_15925701_starter,خانما یکی دو هفته بود چند روز یکبار نبض زیر شکم یا بالای نافم حس میکردم فکر میکنم بچه بود الان نیست باید نگران باشم ؟,2.3703703703703702
359196232,"من هقته ۱۹ سرکلاژ کردم عزیزم ولی تا ۴۰ هفته دخترمو نگه داشتم. نترس دکتر راست میگه.
عمل ساده و سریعی هست بیهوشی داره
اصل کار استراحت و مراقبت بعد از عمله",1.0
352137919,"من ده ساله ش‌هر دارم دومی هم حامله م
برگردم عقب‌بازم زا همین شخص ازدواج میکنم
مشکلاتی هست نمیگم نیس بالا پایین خیلیی دازه ولی خانوم خونه خودتی مادر بچه های خودتی
از لحاظ جنسی فقط با یک نفری و اونم فقط‌با شماس و سالمه
ولی تا کی مجردی؟به هر موفقیتی هم برسی آخرش خونواده خودش میخواد ادم
درسم ت شدرفتم سر کار ازدولج کردم",1.6296296296296298
341449790,صددرصد کورتاژ راحتتره کمتر درد میکشی من تجربشو دارم بارداریم پوچ بود تو خونه سقط کردم چند روز درد کشیدم,1.6296296296296298
thread_14183128_starter,من تا الان ۱۳ کیلو اضافه کردم از ۶۸ شدم ۸۱ هفته بعد میخام برم دکتر میترسم کلی میخاد دعوام کنه حتما ک چرا اینقدر اضافه شدی چیکار کنم 🥲🥲💔بچها استرس میگیرم وقتی میرم رو ترازو از امروز هیچی نخورم یک هفته ینی بیشتر نمیشم,5.999999999999999
thread_11293496_جمره۲۲_1402/03/20 16:06,واقعا نه من هنوز آمادگی ندارم از زایمانم خیلی میترسم سزارین میخوام بشم یه موقع دل دردم شدید نشه ببرن طبیعی من سکته میکنم😂😂😂,4.37037037037037
406156014,ببین من کلا فاز خانمهای جوان را نمیدونم چرا دنبال روشهایی میگردن خودشون را عیب دار کنن،قرص، آمپول،آی یو دی،که چی همسراشون منی بریزن تو واژن،بابا برا خودتون ارزش قایل بشین یه بسته کاندوم بخرین2،3ماهی راحت استفاده کنین،من خودم تو اقدام فقط اجازه ورود منی به داخل واژن را دادم، به اصرار همسرم2ماهی قرص خوردم هم خودم معذب بودم هم شوهرم نپسندید بازم رفتیم سراغ  کاندوم,2.0
thread_17659719_starter,داروها همون همیشگی بودن . بعدش نمک خوردم خرما خوردم عسل حین دارو امروز استثنا خوردم . ولی هم چنان سر مال خودم نی انگار . گیج میزنم و سنگین شده فشارم خیلی افتاده,3.2592592592592595
341539949,مثلن چی خوردی عزیزم؟ مگه سونووپیش دکتربرای مراقبت بارداری نرفتی وگفتن چیزی نیس منم نمیدونسم اول نگران بودم رفتم دکترگف چچیزی نیس داروهات مال سرماخوردگی وامپول وسرم بودن  . نگران نباش جانم,2.0
thread_14374371_starter,"دوستان دوسال پیش رفتم خونه پدرم اینقدر اذیتم کردن خواهرم باهام حرف نمیزد پدرم باهام حرف نمیزد بلایی سرم اوردن ک ۲ ساله خونشون نرفتم تاپیکامو اگه بخونید میفهمید چطور حانواده ای دارم.
اونا سالی ۴ یا ۵ بار میان بابام حتی داخل خونه خودمم دعوام میکنه.
دوهفته پیش شوهرم کتکم زد پرده گوشم پاره شد و دوتا از دنده هام شکست من اصلا جریانو ب پدرم نگفتم بستری بودم پرسید چته گفتم سرم درد میکرده. الان عمم فوت شده و خانوادم از راه دور اومدن اینجا فاتحه خونی عمم راستش منم اینجا خانواده شوهرم تیکه میندازن همش میگن تو دوساله خونه بابات نرفتی اونا همش میان خونت.
از عید این سومین باره ک میان. خانوادم از فاتحه خونی برگشتن خونه ما پسرم منو هول داد یهو بابام برگشت گفت آینده پسرت معتاد میشه ادبت اشتباه بوده.
منم گفتم تو ب تربیت بچه من کاری نداشته باش برو خواهرمو ادب کن ۱۵ روز مجردی میره شمال تنهایی.
یهو خواهرم کلی بتوچه بتوچه بمن کرد.
بابامم بمن گفت پس توخوبی دوسپسراتو میاوردی خونه ؟
ب پهلوی شکسته حضرت زهرا من اینکاره نبودم بهم تهمت زد.
منم گفتم اومدید فاتحه خونی  پاشید برید همونجا  کی گفته خونه من بیایید اونام رفتن الان داغونم",8.999999999999998
thread_14495712_starter,داداشم ۱۰ سالشه ۲ روز موند خونمون برای اولین بار کسی خونمون مونده بود شوهرم یه کلمه حرف نمیزد همش اخم میکرد انواع فوش ها رو بهم میداد پیش اون دعوام میکرد ازاین عمدتا نداره امروز اوردیمش حالم بده از شوهرم متنفرم  طفلی دادشم از ترس‌ دستش تو سفره نمی‌رفت میگف سیرم بگین چه رفتاری آنجا م بدم,6.370370370370369
339096124,"یبار با یه ژیلت یبار مصرف برند متفاوت شیو کردم از اون موفع بدبخت شدم
به مدت خوب بود دوباره شروع شد",2.3703703703703702
413965477,"بنظرم بیشتر به رفتار و عملش دقت کن تا گفته هاش چون گاهی این جور حرفا فقط بازی لب هاشونه و هیچ محتوا و منظوری پشتش نیست....
اما خود ما خانم ها وقتی بگیم برام عزیزی یعنی برام قابل احترام هستی و آدم خوب میبینیمت",1.0
thread_18041515_starter,"کسی از نقشه کشی سردرمیاره بهم ایده بده؟
یه زمین داریم که ۱۱۰متر زیر بناش و بَر ۱۴متری داره و عمق تقریبا۱۳...
نمیدونم حیاط بغل درست کنیم یا پیلوت بدیم زیر خونه...
نور خونه خیلی کم میشه🥲",2.0
thread_17979520_starter,دلم نمیخاد طلاق بگیرم بدترین چیز دنیا اینه شوهرتو زندگیتو بخای شوهرت نخادت کسی که عاشقت بوده کلی خاطرات مسخره بازی عروسیپون چیکار کنم دارم دق میکنم مقصر همه چی منم شوهرم خیلی دوسم داشت آدم خیلی خوبی بود انقد بی محلی کردم بد دهنی کردم حرفای زشت زدم محبت نکردم آشپزی نکردم خیلی کارای بدی کردم ازم زده شد ۶ ماهه خونه پدرمم دارم التماس میکنم خودمو انداختم زمین پشیمونم میخام درست کنیم نمیخاد انداختم زمین پدر مادرمو خودمو پاشدم بعد ۶ ماه خودم رفتم خونم شهر دیگه گفت شب نیستم میبرمت فردا میام دنبالت قسم خورد منم باور کردم اومدم نیومد خستم خب قتل که نکردم پشیمونم بچگی کردم دوسش دارم مامانم اینا پاشدن دیروز رفتن پول دادن وکیل مهریه کارا رو کنه من نمیخام ۶ ماهه نزاشتم برن دیگه رفتن دیروز نتونستم جلوشونو بگیرم💔,7.74074074074074
408554508,آها من هفته هفتم میرم ششم تموم شد امروز معده خالی میشه کمی تهوع میگیره میگم چرا مثل بقیه نیستم فقط دلم هیچی نمیخاد,2.0
thread_13119720_starter,سلام، خانها راه حلی برای کاهش و رفع بی‌حالی‌های اوایل بارداری وجود داره؟ یودوفولیک، پرگناکیر، کندور و یا چی ؟ همش خوابم میاد و بی حالم.,2.0
411893671,واقعا نمیدونم من مشکلم خیلی حاده دو بار رفتم قرص گرفتم شوهرم اجازه نداد بخورم میگه باید با روانشناس حل بشه نه روانپزشک,4.259259259259259
thread_14568401_starter,"من الان ۹ هفته هستم
تقریبا ۱۰ روزه گاهی لکه بینی و گاهی خونریزی دارم در حدی که باید حتما نوار بهداشتی بذارم
سونو گرافی هم رفتم دو بار تو این ۱۰ روز گفتن مشکلی نیست
با اینکه شیاف پروژسترون هم روزی ۲ بار میذارم چرا خونریزیم قطع نمیشه؟",4.37037037037037
thread_17986541_starter,"سلام من یک سال و نیمه که ازدواج کردم شوهرم اوایل خیلی خسیس بود و دست بزن داشت تابستون 2ماه و خورده ای خونه بابام بودم دیگ میخواستم جدابشم اومد التماس و که تغییر کردم و فلان الان ۶ماهه که برگشتم خداییش خیلی تغییر کرده خسیس بازی درنمیاره دعواهامپن از هروز رسیده به ماهی یکبار اونم تو دوران pms من که حوصلم کمه شوهرمم کاسبه درامد مغازمونم کمه ینی درامدی نداریم و فشار زیاد روشه بجای اینکه درکم کنه تو این تایم بیشتر میره رومخم و دعوا میکنه دوباره کتک میزنه ولی نه بشدت قبل
قبلا کتک میزد بیرونمم میکرد اگرم نمیرفتم باهام یکماه قهر میموند اما الان این اخلاقشو کنار گذاشته دیگ قهر نمیکنه دعوام میگنه خودش میاد اشتی و منت کشی ولی همش بهم توی دعوا فوشای بد میده خیلی حرفای بد میزنه ک همش تو ذهنم مرور میشه هرچقدرم باارامش چندبن بار بش گفتم اینکارو نکن گفته چشم بعد حین دعوا یادش میره الانم میخواستم نگا فیلم کنم گفتم کنترل روبدع من نگا کنم گفتش نه من دارم فیلم میبینم از اونجاییم که من از فیلم جنگی بدم میاد گفتم خب باشه میرم تو اتاق باگوشی میبینم بعد باعصبانیت میگ ک میمیری فردا تکرارشوببینی حالم خیلی بده همش تحقیزم میکنه یکم سیاست بمن یاد بدین چند شبع خیلی ازش سرد شدم",7.370370370370369
375660979,خیرنبینن من زدم هیچی نداد گفت باید پنج نفر بیاری,1.7407407407407407
412846864,"درک نمیکنم خانوم هایی ک میرن سرکار و از خونه زندگی و شوهر میزنن و یه هزاری هم کمک نمیکنن و از شوهر پول هم میگیرن
پس براچی ازدواج کردید
زندگی مشترک اسمش روشه",2.0
296975563,بسلامتی، شب ها راحت میخوابی؟ من همش کلافه ام، شب سه چهاربار پا میشم، لباسمو در میارم دستشویی میرم…,4.0
324240499,بله مصرف کردم حدود شش ماه و خود دکترم قطع کرد باید سبک زندگیتو تغییر بدی مثلا نباید بعد یازده شب بیدار بمونی  خودت باید حواستو ندی به گذشته و تنفس دیافراگمی روزی بیست دقیقه داشته باشی ویتامین اینا بخور چون قرص اعصاب عوارض داره و خود دکترت اگه خوب باشه باید بهت ویتامین بنوسیه جلو عوارض قرصا رو بگیره اتفاقا من اگه بگن چند سال واقعا زندگی کزدی همون شش ماهی بود که قرص میخوردم بشدت پر انرژی بودم,1.6296296296296298
404072212,ای خدا بارداری چقدر دنگ و فنگ و استرس داره,5.0
thread_16557934_starter,"همش درد پریودی داشتم الان دیگه ندارم.
قبلا خم میشدم کمردرد میگرفتم
اصلا احساس می کنم پرانرژی شدم 😥
ولی هنوز سینه هام درد می کنه لکه بینی هم ندارم
خیلی ترسیدم
روزهای پر استرسی سر کار داشتم.
دور از جون علائم سقط هست؟
نوبت دکترم فرداست! کسی اطلاعات داره؟",5.7407407407407405
thread_12381492_starter,زندگیم تازه از یه بحران وحشتناک دراومده و حال منو شوهرم اصلا خوب نیس ولی من هی تراپی رفتم و بفکر خودم سعی کردم با سیاست باشم و زندگیمو جمع کنم شوهرم خیییلیی حسااسه و مشکلات زیادی داره ینی زندگی مشترکمون ب نابودی داشت میرفت بعد شوهرم راضی ب تراپی اومدن نبود و انگار من یه تنه داشتم تلاش میکردم ک خوبم نتیجه گرفته بودم همه چی داشت خوب پیش میرفت اون هرچی بد بود من خوب رفتار میکردم انقد تحمل کردم و خودداری کردم دم نزدم تا وقتی مادر شوهرم ی حرکتی کرد ک خیلییییی عصبانی شدم و انگار عین بمب منفجر شدم سر شوهرم بدو بیراه گفتم حرفاییی ک اصلا نبایدو زدم و شوهرم باز شد عین قدیم تلخ عصبی کم حرف سرد خسته شدم بخدا دیگه انگار حال ندارم مث قبل همش ادای حال خوبا رو دربیارم و هیچی ب روش نیارم چیکار کنم الانم با اشک می‌نویسم😭,7.74074074074074
409590379,عزیزم اینطور موردی دیدم طرف جدا شده ب همین دلیل شما بعد چن سال بعد اون قضیه هم ازدواج واسش اتفاق نیفتاده فقط خودشو از چشم اون پسر انداخته ک حتی اونم دیگ نرفت خاستگاریش,1.0
412147954,"چیکار کردی به این زودی ترکوندیش😂😂😂😂
با عرض معذرت ...... کرده اگه کاری هس خودش بره دمو دستگاش برداره مگه الکیه
چه بدم میاد پرررو پرررو میگن ببند بکن بریز دور",2.6296296296296293
413963266,"من الان متاهل هستم ولی تنها.
دوست دارم وقتی جدا شدم دیگه تا آخر عمر تنها باشم. کلاس زده شدم از این چیزا.
چند تا دوست، خواهرام، بچه و حیوون خونگی برام کافیه.",3.7407407407407405
401341224,"نه فعلا دارو نداده بهم
آز گلوکز ندادم هنوز
شما قند داشتین ؟
خوشم نمیاد استرس اضافه میدن ب خانوما باردار",2.9999999999999996
thread_8704641_دخترباهوش2000_1401/03/02 09:36,یا امام رضا دو بار اومدم دو فاصله چهار ماه چرا عشقمو ندادی بهم؟چرا دوستم نداره؟😭😭😭,3.3703703703703702
thread_6622308_منتظر_نی_نی۱۳۷۸_1400/03/16 15:15,"ان شاءالله
ولی فردا حتما میرم
هفته چندم تعیین جنسیت میشه؟؟؟؟",1.0
thread_8548681_starter,"اعتیاد پیدا کرده چکار میکنید؟؟
کسی که فکرشم نمیکردید اصلا شوکه بشید ندونید چکار کنید دلتون بخواد بمیرید
یعنی یه زندگی آروم و عاشقانه داشته باشید بعد اینجوری شه 😔😔😔
چکار میکردید ؟؟
هرچی میگم قبول نمیکنه که اعتیاد داره ولی من پیام دوستشو دیدم که گفت سیگاری من جا مونده تو ماشینت حواست باشه",7.111111111111111
331602745,"منم بدون دارو داشتم توی تخمدان چپ بود تخمدان راست کیست داشتم
یه سوال تخمدانی که کیست داره نمیتونه تخمک ازاد کنه؟
البته کیست ساده بود",2.0
thread_8147070_asalbanoosham_1400/11/25 13:28,من ۲۲ هفته حس کردم بچم هم توی سونوگرافی درشت بود,1.0
383196685,"میدونی دوتا زایمان دیگم همه چی روبراه بود شکر خدا
این فسقلی 😍ناخواسته بود و پسرم الان 15 ماهشه و شوهرم میگفت سقط کن
من گفتم نه
حالا امروز دکتر سونوگرافی خیلی منو ترسوند،اگه جوری بشه تا مدتها باید نیش و کنایه گوش کنم😞خدا به خیر بگذرونه",4.111111111111111
thread_11457979_tamin1828_1402/04/11 10:55,"منم تا ۱۲ هفته همینجوری بودم.
به زور میرفتم سرکار و میومدم خونه بعدش همش خواااااب بودم.
بعد از ۱۲ هفته یهو انرژیم برگشت",2.0
276974454,"همین راهو ادامه بده
و فقط از خانوادت فاصله بگیر
و تو بحثا و دعاهاتون شرکت نکن
اینطوری اعصابت راحت تره",1.0
thread_11092987_starter,"سلام عزیزان خوبید؟ توصیه هاتون برای هفته هفتم بارداری چیه؟
کی باید برم سونوی قلب؟
خطر سقط خدایی نکرده کی رفع میشه؟",2.9999999999999996
382609083,کمردردی ک همراه درد پریودی باشه و با استراحت خوب نشه باید پیگیری بشه,1.0
thread_18094265_starter,"١٢ هفته و ٦ روز بودم
اگر كسي بلده لطفا جنسيت رو بگه",1.0
thread_18144589_starter,کسی میدونه برا csc حتما باید مدرک لیسانس رو آزاد کرد؟برا مهندسی دانشگاه دولتی,1.0
thread_11509499_starter,خودتون زن داداشتون حامله بشه تا ۶ ماه نگه ناراحت نمیشین,1.6296296296296298
344961360,"در مورد دختر پسری چیزی نمیگم چون نظرم با شما کاملا مخالفه
سخت گفتی و تموم؟
پدرم داره در میاد
بچم انقد لجباز و شیطون هم هست که نگو ..فک کن در همین حین هم از پوشک گرفتمش..که هنوز هم کامل موفق نشدم
چهار پنج بار سخت مریض شد حتی الآنم مریضه..بد دارو.اصلا به هیچ روشی دارو نمیخوره بزور تو حلقش بریزیم بالا میاره  ...بعد من اصلا اهل ویار و اینا نبودم ...ویار کردم حالم از دستپخت خودم به هم میخورد ..هرچی میپختم یه قاشق دهنم میذاشتم حالم خراب میشد ...الان در وسط بازار شام زندگی میکنم انقد خونه زندگی شلوغه ....
دیگه با همه این شرایط ایشالا اول شهریور بدنیا میاد و بعدش میرم آیودی می‌ذارم و بچه تعطیل دیگه",6.7407407407407405
thread_10302290_starter,۷ هفته باردارم ویارم به شوهرمه دلم میسوزه براش حتی بوسم میکنه ب شکمم دست میزنه میخوام همونجا بالا بیارم,1.7407407407407407
thread_11200287_starter,"22 سالمه دو تا زایمان داشتم خیلی شکم و پهلو آوردم ، وزنمم ورفته رو 74
کلی اضافه وزن دارم ، با سویق لاغری نتیجه ای نگرفتم ، شما راهکار مطمئن ب جز باشگاه سراغ دارید ؟؟
تو رو خدا بگید
قدم ۱۶۳
وزن ۷۴ 😔😔😔",4.0
255812776,"سونو ان تی بیشتر مایع پشت گردن و تیغه بینی چک میشه
اما سونو انومالی بند به بند انگشتا و دانه به دانه اعضای داخلی مثل قلب و معده و مغز و مثانه کامل چک میشه
جفتش ضروری",1.0
thread_14965665_starter,من دو هفته پیش سونو دادم 5 هفته و دو روز بودم کیسه زرده و ساک هم بود 2 هفته زمان دادن برای قلب جنین و جنین شنبه نوبت داشتم برم برای قلبش سونو بگیرم امروز یهو بعداز جارو برقی زدن حس کردم ترشح دارم رفتم سرویس دیدم شورتم خونی شده  رنگ قرمز بود خیلی ترسیدم رفتم بیمارستان گفتن باید سونو بگیری بیرون هم همی جا تعطیل بود امروز تا شنبه گفت برو خونه استراحت کن اگه لخته با خونریزی شدید داری بیا بیمارستان من خودم شیاف خریدم یدونه مقعدی زدم یکم شکمم درد میکنه و همچنان لکه بینی دارم الان چیکار کنم,6.7407407407407405
thread_17840595_starter,چون توش بهرام افشاری میاد و دوباره اون کاربری که اسمشم یادم نیست بنده خدا بهرام افشاری رو خیلی دوست داشت همش دربارش تاپیک میزد دوباره میبینتش یادش میوفته دوباره کل سایت میشه بهرام افشاری و تاپیک هاش😂🤦🏻♀️,1.0
353431392,من ۱۱ هفته. من همسرم بیدارم می کنه قرصم رو می ده. من می خوابم. همسرم صبحانه حاضر می کنه منو بیدار می کنه. برای همین تهوع ندارم. اما آسپرین می خورم اونم شب یک ساعت حدودا قبل شام تهوع دارم.,1.0
thread_18139240_starter,"میخواستم برم حموم خواستم به شوهرم خبر بدم زنگ زد نگران نشه جواب ندادم
پبام دوست دانشگاهم و شوهرم کنارهم بود به دوستم پیام دادم اشتباهی 🤦🏼♀️😂نوشتم عشقم من میرم حمومم
اونم فکر کرده بود ک منظورم این سر کلاس انلاین حواست بهم باشه و نکته ها رو به منم بگو
نوشته باشه تو برو من حواسم هست😂😂اونقدرا هم باهم راحت نیستیم اخه😂😂بعد دیگ گفتم اشتباهی پیام دادم اونم کلی خندید
حالا نگه دختره گیجه🥲😂 ابروم رفت",2.6296296296296293
345878535,"من موضوع رو بزرگ نکردم اصلا این موضوع برای من مهم نیست
اما رفتارشون اصلا خوب نبود
من با ارامش جواب دادم ولی اخزشم اشکم دراومد باورت میشه؟
انقدر به من تیکه انداخت
که تو مثلا با این دوست بودی و حتما بقیه رو مجبور کردی ازدواج کنی",4.37037037037037
thread_16455691_starter,"مامانم شیش ماهشه و دهانه رحمتش یخرده پاره شده احتمال سقط بجه ها هست دکتر بهش گفته نباید تکون بخوری چون خیلی خطرناکه بعد حداقل باید تا ۷ ماه نگه داره ولی بازم خطرناکه چون دوقلو ان الان قراره برن اهواز  نمیدونم جی بزارن از اهواز تا آبادان دو ساعت راهه
از دیشب تا حالا دارم قرآن میخونم
هر چند من هیچ نگرانی ندارم چون این اولین بار یه که به امام حسین رو زدم و مطمئنم روسیاهم نمیکنه خدا هم هست
دیشب که با گریه التماس خدا و امام حسین کردم اصن الان یه آرامش عجیبی دارم ولی مامانم خیلی نگرانه
چه سوره ایی برای سلامتی مامانم و بچه ها بخونم",5.37037037037037
407977929,امروز ک حتما باید سونو انجام بدم واقعا دو هفتس خواب و خوراک ندارم یعنی ممکنه دو هفته دیگه فرصت بدن بهم اگ تشکیل نشده بود؟,6.7407407407407405
thread_15342149_starter,"از ۴ هفتگی همش حالت تهوع و استفراغ
هیچی نمی تونم بخورم
قرص ب ۶ ام خوبم نمیکنه
فقط دو روز قرص ضد تهوع ماشین زدگی خوردم
اونم دو روز  اثر کرد
همه می گن قرصا ضرر دارن
دکترم گفت بود
ولی منم نمی تونم چیزی بخورم
بچه ام ضعیف میشه
خودمم نابود شدم
۱۳ هفتمه
از کی قرص بخورم 😭🥺",7.370370370370369
thread_15506959_starter,"لطفاً یکی راهنمایی ام کنه
19 روز بعد از تخمک گذاری بتام 55 بود امروز",2.0
404521893,اوه تا دلت بخواد دیدم...زن عموی خودم ۳۸ سالگی بچه دار شد...اطرافم تا ۴۳ سالگی بچه آوردن...جدیداً یکی از فامیلا ۵۵ سالگی بچه دار شد.,1.0
thread_14708515_starter,"دلم گرفته
کنکور دارم بابام مارو ول کرده رفته داداشمم ی عوضیه هفت خط قبلا دلم ب مادرم خوش بود الان اونم ذره ای اهمیت نمیده بهم
از صبح فقط ی لقمه نون و پنیر خوردم حالم داره از گرینگی بهم میخوره بهش هم چیزی بگی حتی جوابتو نمیده هیچ غذایی درست نمیکنه اگر هم بکنه انقدر از سر باز میکنه ک حالت بهم میخوره
هیچکاری نمیتونم بکنم حتی گریههه چون سردرد میشم بعدش نمیتونم درس بخونم خیلی خیلی تنهاممم اوج تفریحم اینه اخر شباک درسم تموم شد بغضنو بشکنم گریه کنم بلکه اروم بشم
لطفا شما با بچه هاتون اینجوری تا نکنید اونا هیچکس ندارن جز شنا ....
ی بار هپ بهم گف من مرده زنده هیچکس برام دیگ مهم نیس خیلی جدی بود توی درد دل داشت میگف",7.111111111111111
331432035,با ان تی نمیشه صبرکن ۴ ماهه که شد برو دقیقشو بهت میگن .البته علائم بارداری هم مشخص میکنه,1.0
342272426,اره جدا هستن ناهمسانن از شما چی جدا هستن یا نه؟,1.0
383263226,جدا؟میتونم بپرسم چطوری بود شرایطتون؟تاچندماهی اینطوری بودین؟من چون بچه اولمه تجربه ای ندارم همش نگرانم و استرس میگیرم,4.7407407407407405
thread_14391419_mahshar666_1403/06/09 03:30,نه اتفاقا توی خانواده و فامیلمون هیچکدوم فراموشی نداشتن پیگیری کردم بابت این،ولی با مورد اول حرفت موافقم اره خودمو خیلی درگیر اونا کردم درصورتی که اونا اصلا براشون مهم نیست نبایدم باشه ،بازم ممنونم دوست من😘😘,2.3703703703703702
thread_18141430_starter,"سوال دارم
سلام خوشگلا
میخوام برم کلاس زبان
دلم نمیخواد مختلط باشه احساس راحتی نمیکنم
واس شما چجوری بود؟
نی نی یار تورو خدا تایید کن لطفاااا",1.3703703703703702
381927186,"من برای خود هیپوموتیزم سعی کردم بدنم خواب کنم
اما نمیتونم
حالت خلسه وارد بشم",1.6296296296296298
413968293,"نه نمیرم😂
یکی دوبار رفتم یک طرفش کامل کوهه یک طرف هم مسکن مهره و پر خونه اینقدر ساختمون اونجاست ادم قاطی میکنه
میگم با گوشیم فیلم بگیرم بعدا پلی کنم تا یادم نره 😂",1.6296296296296298
410104694,درد هم دارین انسداد روده مشکل باروری؟,1.6296296296296298
378330536,دو هفته ای ی بار میتونم بیام چون بلیط ها گرونه 🥺,2.6296296296296293
thread_8716736_دکتر0فاطمه0زرین_1401/03/04 07:20,"منم افسردگی دارم
تا اوت میکنه همش بغص گلومو میگیره تمام مشکلاتم یادم میان.
اینقدر خسته میشم انگار یکی دوتا دستامو با طناب بست و زدم که اینقدر خسته و کوفته ام.اصلا نای انجام هیچ کاری رو ندارم
از طرفی از درون آروم و قرار ندارم دلم میخواد بزنم بیرون برم جایی که هیچ آشنایی نباشه
خسته ام میخوام بخوابم اما خوابم نمیبره
افسردگی خیلی بده خییییلی😢😢😢😢",5.7407407407407405
320723237,کسی دستت ندیده که🥲🥲,1.0
286855836,"منم مث تو دیوونم‌کرده بود
تا هفته ۱۶ صبر کردم
بعد رفتم عصب کشی کردن و پانسمان
بعد زایمان میرم واسه پر کردن
کشیدن هم گفتن مشکلی نداره
ولی باید واستی ۳ ماهت کامل بشه
از هفته ۱۵ ب بعو",2.7407407407407405
thread_18071998_starter,"بچه ها من از طلاق خیلی میترسم نمیدونم چرااا
توروخدا کمکم کنید
ازدواج از اول با اصرار خانواده ها بود هر بار اذیتم میکردن از نظر اخلاقی خانوادش مثل دخالت و وسواس تمیزی و مستقل نبودن وابستگی مالی و عاطفی شدید
بار ها سعی کردم تموم کنم اطرافیان به نحوی گره زدن نذاشتن مخصوصا پدرم
من دختری ام ۳۲ساله خونه و ماشین لوکس یه درامد نرمالی دارم از طریق لیزر  یکم مغازه هم کار میکنم
کلا جایگاه اجتماعی خانوادم بالاست
قیافمم که همه میگن شبیه ترکایی و خوشگل و چشم رنگی هستی
اما من خیلی میترسم نمیتونم پیشش بخوابم  دارم عذاب میکشم هر کاری میکنم از طرفی بهش وابسته شدم از طرفی داره سنم بالا میره میترسم داغ بچه به دلم بمونه
با ده تا مشاور حرف زدم اما همشون میگن طلاق
همسرمم هر وقت میبینه من میخوام برم میشه بهترین مرد دنیا هر وقت مطمئن میشه هستم دوباره کار هاشو از سر میگره
من نمیخوام تنها بمونم خیلی میترسم چون میدونم من از هر مردی خوشم نمیاد😭نظرتون چیه؟؟بیشترین مشکلمم نداشتن جاذبه جنسی برام بود",7.74074074074074
thread_14528072_starter,"پدرمادرش با اینکه جوونن اما تا میبینن شوهرم سرگرم زندگی خودشه با کوچیک ترین بیماری خودشون رو بستری میکنن و از کاه کوه میسازن همش میگن ما خیلی عمرمون به این دنیا نیست همش از مرگ صحبت میکنن تا ترحم شوهرم رو بخرن و وقت و توجه بیشتری ازش بگیرن…
هربارم که این اتفاق میوفته زندگیه ما صحنه ی جنگ میشه چون کاملاااا توجهش صرف اونا میشه اصلا منو نمیبینه همش بهونه گیری میکنه دعوا راه میندازه…دو روزه از سرکارش مرخصی گرفته که با باباش بره باغشو ابیاری کنه،از سرکار میاد به من میگه خستم حال ندارم ولی سرویس خواهراش شده دائما میبره میاره…
با هر زبونی بهش میگم نمیفهمه
چیکار کنم درست شه دیگه واقعا خستم کرده
تا زندگیم میاد رنگ ارامش به خودش ببینه خونوادش نمیزارن از عمد هم اینکارو میکنن کاملا مشخصه یه حسادت نهفته دارن",6.7407407407407405
413724266,"شب نمون خونه مادرشوهر
کارها در حد معمول کمک کن نه کوزت شو نه دستت بزار رو دستت
هیچوقت در مورد شوهرت با مادر شوهرت درد دل نکن
هر ماری هم بکنی آخرش مادرشوهرته، خیلی صمیمی نشو
اگه چیزی گفتن که بهت برخورد، سکوت نکن و عصبی هم نشو با احترام کامل جواب بده
در جریان کاراتم قرارشون نده",1.0
413276977,میدونی چون همسرتم نازتو میکشه بخاطر اونه من اوایل چند بار قهر شدید کردم بار آخر نامزدم توجهی نکرد خودم ول کردم😂,2.0
400696003,"لعنت به پولی لعنتتتتتتت
بشر هر چی میکشه از بی پولیه",5.0
thread_17705291_starter,"درود
بچه ها من امروز با چهار روز تاخیر و آزمایش با عدد بتای 10 و بی بی چکهای هاله دار خونریزی کردم فعلا ک کمه ولی با دردهای پریودی
دکتر بهم قرص لتروزول و آمپول داده برای تخمک از روز سوم پریود.خواستم بدونم آیا من باردارم و برم دوباره آز بدم یا نیستم و داروها رو شروع کنم؟
دوماه پیش کیست داشتم ک برطرف شد ذخیره تخدانمم پایینه هفت دهم. همسرم واریکوسل خفیف داره
با این اوصاف چ کنم",4.37037037037037
thread_17397394_starter,"چون یبوستم با روزی ۸ لیوان اب ولرم و کره و روغن زیتونم حل نمیشه
نکنه سردی روده دارم😭😭
حاملم هیچی تاثیر نمیذاره بهم فک کنم از ویتامین دی هس
یه هفته تو اب زیاده روی کنم؟ تا درست شم
بعد پرخوری کنم تندتند دفع داشته باشم تا مدفوع نمونه یبوست بگیرم؟",3.3703703703703702
thread_17706265_starter,"شوهرم خونه داشت
شغل داشت ماشین داشت باغ داشت
وسایل خورد و خوراک خونه رو میخرید( ن با دست و دلبازی در حدی ک مثلا مرغ و برنج تو خونه باشه دیگ مثلا شیر ماست وسایل سالاد سبزی و میوه و تنقلات نمیخرید)
پول تو جیبی ماهانه بهم میداد مثلا در حد یه تومن ب پول الان ، اما غرغرم میکرد بابتش گاهی پیش اومد گریه کردم ک داد دیگ لباسمو مانتو خرجام با خودم بود .
بیرون نمیبردم با خانواده و دوستاش میرفت
من اکثرا تنها بودم
برای غذا خوردنم میرفت با دوستاشو خانوادش میخورد
دوست دختر داشت
مریض میشدم دکتر با زور و دعوا میبردم
خسیس بود
الان چندساله جدا شدم هیچ خاستگاری نداشتم
داداشم بهم میگه هیچکس تو رو نمیگیره دیگه
منم خانپادم ضعیفه قشر کارگریم پایین شهر خودمم بیکارم کارم هرجا میرم یا حقوقم کم میذن یا اذیت میکنن امروز فرذا میکنن نمیدن ترجیحم ک نرم سرکار خداقل ارامش داشته باشم بابامم اعتیاد داره
الانم پدر مادرم پیرن و فکر قدیمی و سنتی اجازه نمیدن بیرون و تفریح برم تنها یا با دوستی کسی نمیزارن ، خودشونن توان ندارن نمیام
ن تفریح دارم ن بیرون
وضع مالی بابام خوب نیست شرایط خورد و خوراکم مثل خونه شوهره
حتی ی تلوزیون ندارم بابام اجازه نمید کسی دست ب کنترل بزنع
ن تابستون اتاقم کولر داره
ن زمستون بخاری
اواره م تو سالن و تو اتاق مامانم
شوهرم اولویتش من نبودم
الانم اولویت هیچکس نیستم بمیرمم کسی براش مهم نیست
الانم مریض شم بابام دااااااد و فریاد میزاره ک بخاد ی قرص سرماخوردگی برام بخره حتی
ینی شرایطم هیچ فرقی نکرده
اون موقع ی سقف بالا سرم و ی تلوزیون و کولر بیشتر داشتم
الان نگرانم مامان بابام نباشن دور از جون شون پیرن چکنم
خودمم از مردا میترسم
دختر ساده و بی زبونیم حریف ادم بد و باسیاست نمیشم
۳۲ سالمه
خیلی خستم
دیگه نمی دونم چکار کنم",8.74074074074074
thread_11308009_starter,"دو روز دیگ میرم تو ۳۴ هفته خیلی بی حالم دیشب اصن نخابیدم خیلی بد بود فرض کنید ۲ ک خوابم برو ۴ بیدار شدم بعد ۵ . ۶ . ۹ وای اصن مرده بودم هم از درد کمرم و لگنم هعی می‌پریدم از خواب هم سرما خوردگیم گیج بودم اصن لبامم خشککک
تو این ساعات ک یخورده خوابم می‌برد خواب بدم دیدم 😐  همش فکر میکنم بچم میخاد بیاد",6.370370370370369
thread_16129988_starter,یه دکتر زنان لطفا معرفی کنین بهم که قبول کنه سزارین کنه.راستش بچه اولم طبیعی بود و مردم و زنده شدم دیگه نمیخوام تجربه اش کنم .کسی و سراغ دارین سزارین کنه و گیر نده که حتما طبیعی باید به دنیا بیاری؟,5.37037037037037
342013534,"کلا پسرا دیگه تن به ازدواج نمی‌دن دلیلش توقع بسیار بالای دخترا پول کم و احتمال طلب مهریه هست
بسیار دختر دم بخت مجرد دور وب من میبینم و بسیار پسرایی که از پول خرج کردن ناتوانند
الان یه تاپیک بزن ببین دخترا حاضرند بدون جشن وطلا و خرید عروسی فقط با عشق با یک آدم پاک با درآمد عادی زندگی کنند یا میریزن سرت میگن وا...ما ارزشمندیم",2.0
374820957,"🤣🤣🤣🤣🤣🤣🤣
زن دلیل شده رو قشنگ گفتی
پسر
عموی دامادمون یکی از قاضیای رده بالاست طوریکه پرونده شهرام جزایری هم زیر دستش بود ولی اینقدررررر ساده زیست و خاکی که نگو هم خودش هم خانمش بیان خونت اولین جایی که میبینن میشینن اصلا آدم شرمنده میشه تو روشون اینقدر که ساده خودمونی هستن هیچی هم از دار دنیا واموال دور خودش جمع نکرد فقط با حقوق کاریش زندگی کرد
ولی فامیل شما واقعا فرق داشته دیگه 🤣🤣🤣
حالا چرا اون لباس آورده جلو شما کوک زده😅😅",1.0
315483616,"باردار هستم سونو واژینال دادم هفته پنجم بارداری
دوستان کسی رفته سونو توده کیستیک به قطر ۴میلی متر  مشکوک به ساک حاملگی باید ۳هفته دیگه برم سونو شرایطش مثل من بوده باشه و همه چی اکی",2.3703703703703702
351399461,استارتر شما شوهرتو از تو اشغالی پیدا کردی اخه خیلی آشغاله 😑😑😐😐,2.0
400959905,"دوستم به خانمش میگفت بچه دوم ناخواسته رو نمیخام سقطش کن
خانمش هی لفتش داد چون میخاست بچه رو یه دختر ناز بود
الان باباش اینقد دوسش داره میگه اگه سقط میشد الان من جهنمی بودم",1.6296296296296298
thread_16485903_starter,"دوستان من از ۸ هفته طول سرویکس شکمی بود ۲۸
عمل سرکلاژ رفتم پیش یه دکتر دیگه  دکتر خودم انجام نداد
اون دکتره ازم سونو واژینال گرفت ۱۹ بود طول ، فقط دو روز بعد عمل خون ریزی داشتم ، دو هفته بعدشم احساس فشار داشتم الان بهترم
دکتر خودم که هر ماه ویزیت میشم گفت اگه درد و خون ریزی نداری استراحت نسبی داشته باش
سونو انومالی هم طول سرویکس  شکمی  کرد یکی زیاد شده بود
۲۸ بود
ی جورایی نیمه مطلقم ، مادرم پیشمه کارام می‌کنه
برا دستشویی و حمام و غذا بلند میشم میشینم
خونم ۱۰ تا پله داره ، اگه برم یکم بیرون اشکالی داره؟
اونایی که تجربه داشتن بگن استراحت نسبی یعنی چی با شرایط من",4.62962962962963
406828203,رفتم ۷ هفته ولی یکی شون نرمال نیست و کم هست ..بابت این نگرانم ..الان ۸ هفته و ۲ روزم ..دیگه سونوی بعدیم انتی هست تو ۱۴ بهمن,3.3703703703703702
thread_15407174_starter,"سلام مامانا
من بارداری دوممه و ۷ هفته و ۳ روزم
هفته پیش دکتر بودم فشارمو گرفت ۱۲/۸ بود گفت فشارت بالاس باید آسپرین بچه بخوری
من نخوردم آسپرینو از اونموقع هرروز فشارمو گرفتم معمولا ۱۰ رو ۸ این حدودا بود یکبارم ۱۱ روی ۸
حالا امشب غروب ۹ روی ۵ بود فشارم بعد یه دفعه تپش قلب گرفتم حالم یجوری شد فشارم شده بود ۱۱ رو ۸ یه دونه آسپرین خوردم
خطرناک نیست واسه جنین؟
اخه خیلییی کم لک هم داشتم که بخاطرش ۱ هفتس شیاف میزارم ترسیدم یه وقت باعث خونریزی بشه
اصلا فشار نرمال تو بارداری چنده؟ فشار ۱۰یا ۱۱ بالاس؟",5.37037037037037
thread_14467942_starter,"الان تو هفته 37 هستم و تصمیمم زایمان طبیعی هستش
ولی حتی یک روز دیگه هم نمیتونم صبر کنم
تمام جونم میخاره
بیشتر از یک ماهه خواب ندارم. تو شبانه روز کلا 2-3 ساعت میخوابم
انقدر کلافه ام که شب تا صبح فقط گریه میکنم
چیکار کنم زودتر دنیا بیاد
واقعا به غلط کردن افتادم",8.37037037037037
413382183,فهمیدم مغز من کارش از شست و شو گذشته باید از بیخ تعویض شه🙄,2.0
344145952,اونم باید بزنه حتما.  شهر ما هم واکسن نبود من رفتم مرکز استان بهداشت مرکزی اونحا زدم براش به عنوان مهمان. بعد شش سالگی دیگه هر ده سال ی بار میشه دوگانه بزرگسال هم هست,1.0
thread_15183213_starter,"دوستان من مرداد ماه سقط کردم، الان میخوام دوباره باردار بشم ولی خیلی میترسم بازم سقط بشه، دفعه قبل 8هفته بود قلبش تشکیل نشد خودش سقط شد خیلی عذاب داشتم، الان جرات نمیکنم اقدام کنم
رفتم دکتر گفت تو همه چیت نرماله، شوهرمو نوشت آزمایش اسپرم
بنظرتون از چی میتونه باشه؟بازم تکرار نشه؟😢",5.7407407407407405
thread_17798894_starter,"اول بارداری ۶۵ کیلو بودم حالا شدم ۸۱
من چجوری رژیم بگیرم بعدش اخه نمیخوام تپلکی بشم",2.9999999999999996
294428629,مگه همسرت از طرف خدا اومده.بخاطر حرف بی فکر اینقدر خودتو اذیت نکن.قوی باش و اعتماد به نفس داشته باش.عمر هر کسی دست خداست .صدقه بده و بسپرش به خدا.دختر دایی من بچهاش سقط میشدن .اینقدر رفت دکتر نتیجه نگرفت.دیگه دکتر رفتنو ول کرد.بعد یه مدت خود بخود بچهاش موندن و الان یه دختر و پسر داره.عمر دست خداست.,1.0
341981593,"سلام بله سه دوره استفاده کردم با همون اولی ریزش موهام قطع شد
الانم دارم چیزای دیگه استفاده میکنم و همچنان خوبه ریزش ندارم",1.0
thread_9825032_starter,"از صبح که جواب آزمایشمو گرفتم دارم از استرس میمیرم
فقط نگرانم جنین طوریش نشده باشه
کسی بوده با این شرایط؟فردا میرم دکتر
لطفا کسی میدونه کمکم کنه نمیدونم این عدد یعنی پرکاری یا کم کاری؟
اصلا چی میشه؟قابل درمانه؟رو جنین اثر نذاشته باشه تو این مدت😔سایت رو زیر و رو کردم سر درنیاوردم
۲۶هفته هستم",8.37037037037037
thread_11076444_starter,"سلام
من 18ام موعدم بوده و 21ام تیتر بتام 227 بود یعنی هفته چهارم، هنوزم زیر دلم درد دارم
دردش طبیعیه؟؟
از درد پریود کمتره ولی مثل همونه",2.3703703703703702
359146087,آخیش تا حدودی خیالم راحت شد حداقل یه نفر مثل خودم هست,1.3703703703703702
thread_12095304_starter,قبلاموهام‌صاف و لخت بود. ۴ماهه. شونه میکنم میبینم یه قسمت پشت گیره. خورده.  وا میکنم. چرب میکنم. اتو میکشم. حتی صاف میشه.  دباره فرداش میبینم فقط همون قسمتت. گره خورده. تواینن ۲۲سال سن همچین اتفاقی نمیفتاده به جایی. لباسی. چیزیم. نمیخوره. میگن. کار جن. به نظر شما چیه؟؟؟؟؟؟؟,2.9999999999999996
374268738,"من خیلی کم غذام خیلی کم حرفم ولی زیاد میخوابم
‌از ادمای کم خواب هم بدم میاد، یه جورایی فضولن و چشم و هم چشمیشون زیاده.  فک میکنن اگه بخوابن دنیارو آب میبره یا از چیزی بیخبر میمونن یا بقیه دارن تلاش میکنن به  جایی برسن، با خودشون میگن پس ما هم پاشیم.",1.6296296296296298
360528811,"نههه من شیر میدم بیشتر باید ورزش کنم تا رژیم سخت
البته ک رژیمم باید گرفت
چقد خوب ک کم کردی حس خوبیه🌹👍",1.0
359796571,"ای وای بچهههه🥺🥰 من عاشق بوی بچه امممم
مبارک باشه چقدم تپلیه🥺💙",1.0
thread_18144544_starter,"بگید همگییی
من خودم بیدار میشم فقط چای میخورم
میرم سراغ کارهام (جموجور کردن اتاقا) روشن کردن لباسشویی و شستوشو لباس
میوه میخورم
ناهار درست میکنم
میرقصمم
میرم کلاس یوگا
با دوستام حرف میزنم",1.0
329520064,دیشب کلا بی احتیاطی کردم یکم رو شیکم خوابیدم ولی میگن عیبی نداره تا اول ماه پنجم یا آخرای چهارم چون بچه تو شیکمه الان همون قسمت ک خوابیدم درد میکنه😭بنظرتون سونو ندم؟ بخاطر کیسه آب میترسم,4.37037037037037
275181801,تو دو سال پیش منی  انگار خودمو دیدم کنتر بخاری گرسنه و بی رمق  و دخترمم ک اون موقع ۳ سالش بود هی میگفت مامان پاشو من گشنمه ۰۰۰ولی من  یکم گمانم شرایطم سختر بود     😔😔😔💔,4.7407407407407405
413952156,ساتم من ده روز هست عمل کردم خیلی استرس داشتم که بینی بدتر بشه یا از اتاق عمل میترسیدم رفتم نظرات همه رو خوندم در موردش  و کلی تحقیق کردم در مورد دکترم و نمونه کاراش و الان خیلی راضیم اصلا هیچکدوم نه ترس داره نه درد داره و نه استرس,4.37037037037037
314881142,عزیزم شما چرا اینقد عصبی هستین هرکی بخواد نظرشو میگه دیگه چرا با کاربرا اینجوری صحبت میکنین,1.6296296296296298
399788574,ببخشید اینو میگم  . امروز ک همه آگاه هستن و علم بیشرفت کرده یعنی چی ناخواسته ؟؟؟یا خواست خدا!!!!!!!!! باید مراقبت کرد ک مجبور ب سقط نشد  سهل انگاری خودمون کجاش اسمش خواست خدا هست یا ناخواسته   . نه خواست خدا هست نه ناخواسته . الانم ک شده باید پای اشتباهشان وایسیم بزارید ب دنیا بیاد ن اشتباه رو اشتباه,2.6296296296296293
thread_18131684_starter,"من 21 سالم بود که به پسر خوشتیپ با اسم محمد اومد خواستگاریم
اون آشنامون بود ولی یکم دور من ازش خوشم اومد و باهم ازدواج کردیم اون دوست داشت عروسیمون باشکوه باشه اما تا وقتی من حرفشو تأیید میکردم میگفت نه ساده ولی اون میگفت میخوام چشم فامیلامون رو در بیاره چون ما خانواده ساده ای بودیم شب عروسیمون وقتی رسیدیم خونه خیلی آروم زمزمه کرد چشمای اکس ع.و.ض.ی.رو در آوردم آخیش حالا بعد از چند ماه شده طلاقش میدم بره من گفتم عزیزم شنیدم چی گفتی چرا میخوای طلاقم بدی یهو زد تو گوشم و منو پرت کرد گوشه خونه و وقتی اون خواب بود از خونه با همون لباس عروس که.و.ف.ت.ی فرار کردم تو راه یه ماشین وایستاد پسر داییم بود اون بهم اعتراف کرد از اولش عاشقم بود منم ازش بدم نمیومد خیلی خوشگل و خوش اخلاق بود باهم رفتیم بیرون و کلی گشتیم و برام لباس خرید تا دیگه تو اون لباس نباشم زمان طلاق که رسید محمد به من تهمت خیانت رو زد و من همچین رو توضیح دادم و اون روز کلی شکایت کردن به محمد و محمد 6 ماه افتاد زندان و من با پسر داییم ازدواج کردم و الان به دختر خوشگل به اسم پونه داریم😙",4.7407407407407405
thread_14347802_starter,"تو شهر غریب هستیم همه دوستام و همسایه ام شاغل آن دخترم کوچیکه ۲سال و نیم و همبازیش همیشه من بودم حالا ویار و تهوع و بد غذایی این روزهای من رمق برام نداشته که بتونم سرشو گرم کنم دوهفته خونه مامانم اینا بودم ولی خب باید برمیگشتم خونه همسرمم هم مغازه داره شبا تا ۱۰ مغازه میمونه
کم آوردم
شوهرمم تا هست خیلی کمک می‌کنه ولی خب بیشتر وقتها نیست
خیلی خسته شدم چه غلطی کردم باردار شدم به خدا یه دونه بچه بس بود",7.370370370370369
thread_6092049_ساحلییییی_1399/12/26 07:05,عالی بود👌امیدوارم هرچه زودتر حالتون بهبود پیداکنه و خوشی بیشتری نصیبتون بشه ..... لطفا شماهم با دل پاکتون برای من دعا کنید 🙏🏻🌺,1.0
thread_18006122_starter,سلام خانمامن یسالی رو مجبورشدیم تو محله پدرشوهرم ک همه هم ازقضا فامیل هستن خونه بگیریم حالا چن وقت پیش منو شوهرم دعواکردیم اونم کتکم زد منم قهراومدم خونه بابام حالا نمی دونم شوهرم پیش پدرش چ زری زده چیا گفته ک پدرشوهرم ک داییمم میشه برداشته ب همه زنای فامیل چ حرفای بدی ک نگفته ازاینکه لباس شوخرمو نمیشورم تااینکه هردوماه باهاش میخابم واینکه غذابراش درست نمیکنم😬😥خداازشون نگذره بخدامن بادوتا بچه همه سعی وتلاشمو کردم ک نقضی نذارم الان حرفم رو همه زبوناافتاده 😭هنوزم قهرم نزدیک یه ماهه,7.111111111111111
332209189,"نه جونم کامنت قبلی گفتم یجا قرار بود برای یه سرمایه گزاری که یکم کم داشتم دستبندمو بفروشم با اینکه طلا های دیگه ای هم داشتم و تنها طلامم نبود مامانم متوجه شد نزاشت پولو داد گفت طلاتو نگه دار
داداشم ماشینشو عوض میکرد و یه ماشین خیلی گرون خرید (میخام بگم که کلا ندار نیست که دل پدرمادرم براش بسوزه) مامانم چندتا تیکه طلاشو داد تا پولش کامل شه
بارها و بارها برادرام تو معاملات سنگین همدیگه پشت هم بودن و نزاشتن دنبال کمک از غریبه باشن
الحمدالله خداراشکر که این محبت  رو روزی دلامون کرده",1.0
380621872,"مممنونم عزیزم
چرا این نشستن این قدر خطرناکه
من این چند هفته هم دراز کشیدم و نشستم
نمیدونستم اینقدرخطرناکه؟
من فقط سعی کردم خیلی کم سرپا بایستم",3.3703703703703702
thread_12931667_starter,سلام خانوما، حدودپنج ماهه که زایمان کردم دردوران بارداری و بعدازبارداریم اصلانزدیکی نداشتم ، اصلاهم میل به رابطه ندارم درصورتیکه قبلااصلااینجوری نبودم، هیچ ترشحی ندارم ،دکترم رفتم یه پماددادکه بایدبااپلیکاتورزدکه اون اپلیکاتورهم اصلاواردواژنم نمیشه ،اصلاانگاربسته شدم،نمیدونم بایدچیکارکنم،اگه کسی میدونه راهنماییم کنه لطفا,2.9999999999999996
393852002,با پیشاب احتمال نداره؟ چون منی روم نریخت,2.3703703703703702
386949685,تا به دنیا بیاد از استرس میمیرم,7.370370370370369
413604549,"به نظر من بعد عقد باید بهتر بشند مشکل اینه بلد نیستیم
منم یا مشاوری که داشتم و تلفنی کمک گرفتم الان بهتر از عقد را تجربه کردم
خیلی کارش بیست بود",2.0
399251510,دعا کن برام دلم مثل سیر سرکه میجوشه الان بخام برم دکتر کسی نیست تعطیل کردن تا شنبه بمونممم میترسم هی میگم نکنه لوله ام بترکه 😭😭😭,6.999999999999999
thread_17761584_starter,"سلام خانوما من هفته سی و پنجم تقریبا از هفته ۲۹ درد کشاله ران داشتم ولی چند هفته ای هست خیلییی شدید شده مخصوصا پای چپ درد واژن و کمر درد هم دارم
اصلا نمیتونم پهلو به پهلو شم یا به سختی میتونم از جام بلند شممم😭😭 یکم سر پاشم احساس میکنم ناف و شکمم داره جر میخوره
کیا این درد هارو دارن .به نظرتون تا اخر هفته سی و هشت دووم میاارم؟یا از علایم زایمانه اینا تجربه دارین",6.7407407407407405
367102002,"سلام خوبی عزیزم
شانس ندارم که چهارشنبه ازمایش دادم گفتم  ببرم نشون دکتر بدم چون لکه داشتم جواب اومد بتام 123 بود هرکاری کردم منشی وقت نداد پنجشنبه اومدم دکتر میدونستم تا سونو نشم چیزی معلوم نیس گفتم خب دکتر خودش سونو داره گفتم سونو میکنه از شانش بدم برق مطب قط بود
دکتر گفت برو ی سونو اورژانسی پیدا کن
خلاصه سرتو درد نیارم چون میخواستم ی جای خوب سونو بدم واسه امروز س 11 و نیم وقت سونوگرافی واژینال دارم
محض اطمینان ی تیتر بتا هم دادم جوابش نیم ساعت دیگه میاد
من که چشمم آب نمیخوره بارداریه سالمی باشه بازم توکل بخدا",5.7407407407407405
269245719,"مرسی عزیزم
اون سقط شد
دوباره باردار شدم
شما هم نگران نباش میری سونو صدای قلبشو میشنوی",2.0
353751700,"نمیدونم شب قبلش اومد سمتم قبول نکردم ولی واقعا نمیتونم دست خودم نیست بعدش میخوام بدنمو با اسید بشورم انقدر که از خودم بدم میاد قبول کردم
هی فکر میکنم یعنی تقصیر من بوده بعد با خودم میگم خوب خودش باعث شد سرد بشم",5.7407407407407405
321275370,وای منم همین وزن رسیدم موقع زایمان. اورژانسی رفتیم بیمارستان درد طبیعی کشیدم بعد سزارین شدم اورژانسی از بالای ناف شکممو بریدن🥲,3.3703703703703702
391721883,"یه چیزی رم یادم رفت بگم
توی محله ما خیلی وقت پیش یه خانم دو تا دختر داشت ، بعد یه مدت متوجه میشه حاملست نکنه بچه سومش هم دختر بوده ، خیلی ناراحت بود همه چی رو میزد میشکست که من دختر نمیخوام ... بخاطر همین بچه هاش رو تو خونه گذاشت رفت بیمارستان سقط کنه ، بعد از سقط برگشته بود خونه و دیده بود دو تا دختراش همدیگه رو خفه کردن کشتن ، از بچه ایی که خدا بهش داده بود ناسپاسی کرد خدا سه تارم از دستش گرفت.....
و این چیزی که گفتم واقعا اتفاق افتاده  و همه توی محلمون هنوزم که هنوزه دربارش حرف میزنن",1.6296296296296298
371073953,فدات شم منم خیلی خوشحالم به شخصه از توهین کردن متنفرم و به نظرم اینکه باید گفتگوی صحیح با منطق وعقلانی باشه البته تو این مساله نمیشه از احساسات هم گذشت چون به قول شما دل هر انسانی به رحم میاد😔 ولی از لحاظ منطقی وقتی ما بخوایم بدترین کار رو در حق یک موجود انجام بدیم که قتلش هست باید یک دلیل ۱۰۰ درصد وقطعی داشته باشیم مثلا برای کسی که مرگ مغزی هست وبه دستگاه وصله چون صد درصد مرده دستگاه رو میکشن واون فرد عملا میمیره وکسی نمیگه چرا کشتیش در این مساله هم برای کشتن یک موجود باید دلیل ۱۰۰ درصد وجود داشته باشه یعنی اگر کسی بگی ۱۰۰‌درصد این بچه بدبخت میشه ونمیارمش که میشه مثل قضیه اون بیماری ها که تحت شرایطی اجازه داده شده ولی قربونت بشم این قضیه که اکثرا میگن شرایط نداریم ۱۰۰ درصد نیست واحتمالیه کسی میتونه قسم بخوره که این بچه ۱ درصد هم خوشبحت نخواهد شد؟ واقعا منطقی نیست من دلیل منطقی گفتم که عملی که ۱۰۰ درصد قبیحه دلیلی میخواد که ۱۰۰ درصد یا حداقل ۹۰ درصد یقینیه واین مساله جزئش نیست . البته گلم فکر نکنی من اینارو میگم ودیگه برام آینده اون مادر مهم نیس چون اکثر کسایی که باهاشون صحبت کردم بهشون قول دادم بعد زایمان هرکمکی از دستم بربیاد انجام بدم وخداییش بهشون حق میدم که سخته ولی بدون این سختی سختی نیست که نادیده گرفته بشه قطعا تاثیر خواهد داشت بازم ببخشید اذیتت کردم وزیاد حرف زدم خیلی خوشحالم از دوستی باشما😍 ان شالله که خدا کمکم کنه وعلم ناقصم رو بیشتر کنه تا بیشتر بفهمم و درک کنم چون ایمان دارم اونیکه خداوند صراحتا درموردش گفته و حکم داده به نفع ماست وخداوندهیچ وقت بد مارو نمیخواد این ماهستیم که بعضی چیزهارو نمیفهمیم یا بااختیار خودمون از خودمون سلب میکنیم😍قربونت بشم دوست مهربونم,1.6296296296296298
thread_14569073_starter,"باردارم و بشدت بدویار اصلا آب هم نمیتونم بخورم
الان چند روزه توی ادرارم رگه خونی هست.علتش چیه؟",5.37037037037037
thread_13878785_starter,سلام کسی هس ده روز قبل پریدی علائم داشته باشه و باردار باشه,1.3703703703703702
thread_13183148_کفگیرمادرشوهر_1402/12/16 22:46,دست و پا اینا دارن همه چیشون در حال کامل شدنه ک مثلا جنین پسر تو ۱۳ هفته مشخصه جنسیتش گاهی,1.0
thread_17968661_starter,"سلام لطفا اگر کسی شرایط منو داشته یا اطلاعی داره کمک کنه.
من ۳ماهه که ازدواج کردم.من ۱۲ بهمن روز چهارم پریودم رابطه داشتم ولی قرص اورژانسی خوردم ۱۸بهمن خونریزی کردم ۲۳بهمن بازم رابطه داشتم ولی ک.ا.ن.دوم پاره شد ولی انزال خارج بود بازم اورژانسی خوردم
میخواستم ببینم شانسی هست؟؟؟",4.37037037037037
411780406,اگه شرایط مالی خوبی نداری جدا نشو ولی اگه مستقلی جدا شو جوونیت حیف میشه,1.6296296296296298
412287017,داییم مرده بود مامانم تاکسی میگیره شوهر من میره بعد شماره شوهرمو میگیره میگه من تاکسی زیاد میگیرم برای کارای ختم اگر شما انجام میدید به شما بسپارم مثلا برید از شیرینی فروشی شیرینی بگیرید شوهرمم دلش سوخته داده پولم نمیگرفته بعدا با من اشنا شد منم باهاش میرفتممثلا تا سر بازار حالا شوهرم اون روز شانسی رفته بوده تاکسی گفته بزار یه دوری تو شهر بزنم بعدشم فقط ما زنگمیزدیم میومد اونموقع ترک تحصیل بود بعد شروع کرد درس خوندن و.... خوانوادشم مادرش یه فرشته ی واقعیه باباشم منو خیلی دوس داره خواهرشم بنده خدا خیلی ساکته کاری نداره اما دل نشینه خوانواده مذهبی و دل نشینی داشتن خدا حفظشون کنه,1.0
386769674,ببین بعد سقت حتما باید سونو بدی و من پیشنهاد میکنم بری سونوگرافی سروش چون خیلی با حوصله و دقیق انجام میده و تا الان خودم خیلی رفتم اونجا و راضی بودم,1.0
389951947,"ولش کن
چرا خودتو عذاب میدی
فک کن هم خونته
یا شریک کاری و....
دیگه براش حق همسری که مهر و همراهی هیت به جا نیار",1.0
335237949,"من اضافه وزنم از تو بیشتره،منم اولی ۳۰کیلو اضافه کردم
ولی توکل برخدا دیگ چاره نیس
تصمیم گرفتم هوا ک خوب بشه هرروز برم پیاده روی",2.3703703703703702
413943789,آبروتون رفت. خوب زن حسابی خودت کنترل میکردی عادی رفتار میکردی. نهایتش دیگه باهاشون رفت و آمد نمی کردید😶همیشه بدون اشتباه تر ازین که شوهرت نگاهش کرد و هیجان داشت و اون خانم قرتی بود ،اشتباه شما بود که نمیتونی اعصاب خودت کنترل کنی و جلوی دیگران شرایط و عادی جلوه بدی,2.0
thread_11550424_aradjoooooni_1402/04/23 10:28,"تازه اول راهی مدام براش از اینکه اول بارداری چقدر سخته بگو
از اطرافیانت داستان های حاملگیشونو که اولا چقدرسختی کشیدن اینکه خدایی نکرده ممکنه لک ببینی و چقدر احتمال سقط جنین توماه های اول بارداری بالا حرف بزن
شوهرمن عاشق دختره ازوقتی فهمیده بچمون دختره کلا دیگه بیشتراز قبل هوامو داره
الان خارج تهران باغ داربم میرفتیم هفته ای یکبار درختامونو اب میدادیم این هفته منو نبرد گفت گرمه گرمازده میشی جاده خطرناکه به مامانمم گفت مامانمم گفت بیابریم خونمون تنها نباشی شوهرت خودش بره بیاد
مخصوصا ازوقتی که تکونهاشو توشکمم حس میکنه کلا یه حس عجیبی پیدا کرده
واسه توام بعدازاینکه تکونهاشو دید و حس کرد سونو رفتی باخودت ببرش بزار ببینه جنین رو کلا عوض میشن",1.0
384777518,"خواهش میکنم
بازم خدا به بچم رحم کرد قرار بود دیرتر برم سونو خودم دوست داشتم جنسیتشو بفهمم زودتر رفتم که جون بچم نجات پیدا کرد
الان نزدیک ۴ماهشه کنارم خوابیده همشم انگشتش و میمکه😋",1.3703703703703702
thread_14683643_starter,"سلام
خانما تو کرج سونوگرافی خیلی خیلی معتبر که سونو واژینال برای طول سرویکس انجام بده سراغ دارین؟
من در عرض۲۴ساعت سه تا سونوگرافی مختلف رفتم هرکدوم یه عدد گفتن اونم با اختلاف زیاد ،یکی گفت۲۲،یکی گفت۳۲ یکی هم۳۶
هفته ی بعد باید دوباره برم چک کنم میخوام اینبار جای خوب برم",4.0
thread_14291285_starter,"منو نامزدم دیروز رابطه داشتیم ولی مایعش فقط با شکمم برخورد کرد
الان از دیشب کمرم و شکمم درد میکنه
چیکار کنم بنظرتون؟😭
حامله میشم یعنی ؟نمیخام که بشه بگین بهم تورو خدااا",5.37037037037037
386026087,اگه پسر نباشه 💔,2.0
386378001,"منم دوقلو هستم
من درک میکنم
امسال دهم شدیم واسه اولین بار فقط جای مدرسه ها مون عوض شد دق میکردم😭😭😭😭😭😭
واقعا سخته سرمو میذاشتم رو میز گریه میکردم سر همین افسردگی خیلیییییی شدیییییددددد گرفتم غرق خیالات شدم حواس پرتی کرفتمممم
تو که دیگه جای خود داری😭😭
ولی نکن اینکارو اسایشگاه نذار واقعا نذار دق میکنی
شرایطت خیلی بده خدا کمکت کنه واقعا:((((**",6.370370370370369
thread_16780368_starter,"۲۱خرداد پریود شدم۲۷ خرداد تموم شدم
بعدش۲۰ تیر پریود شدم۲۶ تیر تموم شدم
امروز۲۴ مرداده هنوز پریود نشدم
سیکل پریودمم یادم رفته
متاهلم  منی وارد واژنم نشده چون با کاندومه رابطه ولی قبل دخول معاشقه کردنی نمیدونم پیشاب وارد واژن شده یا نه",2.7407407407407405
341777940,من جسمم ضعیف شد و میترسیدم منو بزنن از یه طرف پدر و مادرم مسن هستن و نگرانم اتفاقی بیفته که کامل بیفتم دست داداشای بی رحمم. چندوقت پیش بخدا حس میکردم قلبم ترک خورد قشنگ حس میکردم از کجا... دردش و حتی زخمش و تپشای ناآرومش,7.111111111111111
294424542,۵ هفته دکتر گف جنین نیس بعد دو هفته رفتم ضربان قلبشم گذاشت و گف  ک همه جیز خوبه مشکلی نداری,1.6296296296296298
thread_6485839_yziba89_1400/02/26 02:06,حالا شايد اونم ي خورده زياد ناراحت شد و در ان واحد نتونسته تصميمي بگيره و سعي كرده ك تنها باشه و حرصش بخابه،،،،ما خودمون با يكي دعوا بكنيم حالا سر هرچي،،،،ي ديقه بزارن بيا كنارش بشين اينكارو نميكنيم،،،،،،به نظرم البته به همه چي يكم ديد مثبت اگر داشته باشيم زندگي خيلي اسونتر ميشه مخصوصا ما ها خيلي سخت ميگيريم مگه چقد زنده اييم كه دل همو بشكونيم,1.6296296296296298
thread_13186353_starter,درطول هفته ک همش ب یادشونید هیچی ولی چهارشنبه پنجشنبه میشه خیلی حالتون‌بد میشه همش بی تاب میشید و یه حسی دارین یا من اینجوریم خیلی حالم بده واقعا دلم میگیره تازه هی یادم از خاطرات بیشتر میاد الان یادم اومدم بابام خیلییی مطلوم و‌اروم بود همه کارا و‌تصمیمها بامامانم بود همیشه حرفش حرف مامانم بود بعد مامانم هرسال میرفت پول نو‌از بانک‌میگرفت میذاشت تو قران بابام‌بهمون عیدی میداد مامیدونستیم اصن بابام‌درجریان اینکارا نبوده ولی مامانم میگفت د‌وست دارم از باباتون از‌بزرگ‌خونمون عیدی بگیرید یا شگون میگفتیم‌ما باشیم به شوخی میگفت اصلا مرد خونم باید شگون باشه همیشه اینا یادم نبود و‌الان ک‌نزدیک‌عید یادم‌اومد قلبم‌درد میکنه از دلتنگی😭😭😭😭خدا بمیرم براش بیدمعرفت چرا رفت یعنی دلتنگمون‌نشده,3.7407407407407405
thread_9902946_starter,بچها ها این قرص خوردم کمرم آنقدر جوش های چرکی بدی زده حالم بهم مبخوره چیکار کنم بره,2.9999999999999996
413756359,"خوشگلم از من به شما نصیحت تو زندگی قناعتت اونقدر نباشه که از خودت ولذتتات وزندگیت بزنی مردا هیچ وقت متوجه اش نمیشن
پس بخور وبپوش وبگرد وزندگی کن تا روزی مثل امروز ناراحت نشی که فهمیده نشدی ومتوجه نشده",1.0
332200602,واقعا دلش  کوچیکه. میگه  بفهمم به خواهر برادرم کمک مالی کردن قیامت میکنم! حالا  برعکس  ما خواهر برادرا  خیلی هوای همو داریم  خیلییی.  خوشحالم  که انقد چشم و دلمون سیره . همیشه مامانم میگه کسی که از پولش به بقیه میبخشه خیلیییی دلش بزرگه  خدا  چند برابر بهش میده. واقعا هم تجربه ش کردم,1.0
thread_17947098_starter,"برای عید پارچه خریدم دادم خیاط برام کت و شلوار بدوزه زد حامله شدم😑
زنگ زدم خانم فلانی قربونت ندوز اصلا معلوم نیست هیکل من چه ریختی میخواد بشه تو عید گفت من پارچه ها رو بریدم خب. اعصابم خیلی خورده
5 تومن پول پارچه داده بودم الان 2 و نیم هم پول خیاط میخوام بدم واسه لباسی که اصلا معلوم نیست تنم بره یا نه
میگه تو عید نهایت 3 ماهته نترس اندازه ات میشه ولی من میترسم نشه
چرا اینطوری شده همه کارام",5.37037037037037
413421246,از چهارشنبه عصر شد من دکتر لین آخر هفته نبود دیگه به جز خودشم جرات رفتن جای دیگه ندارم,3.3703703703703702
thread_14883164_starter,"قرار بود بریم عروسی دوستش چندروز پیش گفت بریم فلان جا گفتم لازم نیست بریم الکی گفت پس عروسی هم لازم نیست بری.
امروزم هیچی بهم درمورد عروسی امشب نگفت یعنی نمی‌خواد منو ببره؟",3.3703703703703702
thread_7853973_آنا_anna_1400/10/05 22:54,عه..نکن اینکارا.. چون خوابه یهو سکته میکنه...منم قبلا اینکارو میکردم. فهمیدم تو خواب نباید شوک وارد کرد😬,1.0
306064222,"مادرمو خودم به زور گفتم توروخدا بیا ببین آخه چی گرفتم خوبا بده فردا یه نفر میاد میگه خودت بلد نبودی خواهر مادر که داشتی
اومد به خدا نیم ساعت نشد زنگ زد اومدن دنبالش میگم ماما مگه اینجا خونه نیست بیا بشین حالت خوب نیس دراز بکش یکم حرف بزنیم آخه میام اونجا خواهرم هست نمیشه حرف بزنیم عین خیالش نیست. بچه مم میگفتم دختر میشه با هم همصحبت میشیم ولی نشد.باز تنهام",3.7407407407407405
thread_8212426_صبا1397_1400/12/06 20:53,نگرانی الکی نداشته باش روتین کار هستش باید انجام بشه..... ناشتایی هم چون تو بارداری قند و تیروئید و.... باید چک بشه ومهم هم هستش,1.0
thread_17052719_starter,"سلام دوستان کسی بوده تو زمان بارداریش دیابت بارداری گرفته باشه؟
من متاسفانه از ماه سوم بارداری متوجه شدم دیابت بارداری دارم از ماه چهارم انسولین و شروع کردم داشت خوب کنترل میشد ولی نمیدونم چرا بعضی وقتا با وجود انسولین بالاست خیلی نگران نی نیمم🥲😔",5.37037037037037
385893033,قبلا تو تاپیک خودتون گفته بودم ...گفتید تاریخ هامون با هم یکیه..من ۲۲ اردیبهشت آخرین پریودم بود.بتام بعداز ۹ روز شد ۱۳۳ بعدش ۲۰۰ بعدش ۲۴۷...چون بتا بالا نرفت اینجوری گفتن,2.7407407407407405
thread_17310367_starter,سلام خانوما دوقلو باردارم بنظرتون با این اعلائم که میگم جنسیت بچه ها چیه من روز تخمک گذاری اقدام داشتم پاهام یخ میکنه حالت تهوع دارم ولی عوق نمیزنم بالا نمیارم شبا بیشتر حالت تهوع دارم و اینکه چون نمیتونم چیزی بخورم بیشتر حالت. تهوع میگیرم گاهی ترشح دارم بیشتر سردم میشه از بوی بعضی غذا بدم میاد و چیزای شیرین ولی چیزای شور و ترش بیشتر ترجیح میدم,1.7407407407407407
405468697,عزیزم حتما استفاده کن اولین بار سزارین شدی سخته منم مثل شما بچه اول استفاده نمیکردم ب دکترم گفتم خیلی درد دارم گفت حتما هر 6ساعت شیاف بزار بخدا اب رو آتیش حتما هم استراحت کن و تنها کاری که میکنی ب بچه شیر بده و تو خونه اروم آروم راه برو صاف رو برو اولش درد میکنه اما بعدش خودت متوجه میشی که چقدر بهتر شدی من تو خود بیمارستان ی پرستار دستمو گرفت گفت صاف صاف شو اولش پدرم در اومد اما بعدش دیدم بهترم هر چی بیشتر راه بری بخدا بهتره,2.0
thread_17844445_starter,سلام بچه ها ۱۴هفته باردارم ،جفتم پایین هسته دکتر گفته نزدیکی نکن اقام خیلی اصرار داره به نظرتون مقعدی مشکل داره یانه؟,3.3703703703703702
thread_14202403_starter,"سلام خانوما من باردارم دکتر بهم آسپرین داده روزی یدونه
ولی تو نت خیلی چیزای بدی نوشته الان میترسم بخورم",3.3703703703703702
400357793,"نمیدونم از کجا بفهمم عفونت هست
دکترم سونو کرده گفته خونریزی کردی بنظرت توی سونو عفونت مشخص نمیشد؟؟",2.9999999999999996
397874438,"قلبش تشکیل نشد مجبور شدم قرص بخورم ، خونریزی شدید همراه با اسهال و تعریق پیدا کردم آب بدنم کامل رفت بدنم دچار شوک شد، چشمام سیاهی میرفت گوشام کامل سوت میکشید، هیچی نمیفهمیدم سرم بشدت گیج میرفت،آخرم دکتر مجبور شد پنساژم کنه، همش یه طرف پنساژ یه طرف☹️☹️☹️
با چاقو و پنس بدون سِر کردن میفتن به جون رحمت،برش میدن با پنس میکشن بیرون ،اونجا دیگه جیغ میکشیدم.
به یه دکتر دیگه گفتم پنساژ شدم گفت چجوری تحمل کردی",8.0
402034256,"سلام عزیزم من دختردایی م شرایطش مثه شما بود ولی با سرم درمانی و مایعات و دلستر آب دور جنین نرمال شد
تو طب سنتی هم اینطوریه که با خوردن و خیساندن خرما تو آب ولرم و هر روز چند لیوان بخوری آب دور جنین نرمال میشه
إن شاءالله خدا کمکت کنه عزیزم",1.0
thread_15001182_starter,بینی ام مشکل ظاهری نداره تنفسم مشکل داره باید عمل کنم ولی به دکترم گفتم ظاهرشم یکم تغییر بده در حد طبیعی به نظرتون چطور میشه,2.0
thread_16824448_starter,"سلام دوستان یه چیزی خیلی داره اذیتم میکنه خیلی نیاز به همدردی شماها دارم تا یکم آروم شم
من داخل هفته ۱۸ ام بارداری هستم و متوجه شدن که ضربان قلب بچه و رشد اجزای داخلی بدنش با اختلال مواجه شده و باید سقط بشه اونم به روش القایی
خیلی از دردش میترسم بچه اولمم هست",7.111111111111111
thread_11075790_starter,"سلام بچه ها
امشب اصن انقدر بد ناراحتم و بغض کردم ک خدا میدونه
من 7ماهه باردارم
بارداری اولمم هست
بعد از 6سال ناباروری بلاخره باردار شدم
خدا رو شکر مشکل خاصی ام نداشتم و ندارم در طول بارداری
اما تو این هفت ماه مادر شوهرم و خواهر شوهرام حتی زنگم بهم نزدن ک احوال بپرسن
هیچ نگفتن دلت چیزی میخاد یا نه
شوهرم خیلی هوامو داشته تو این مدت
همش خانواده خودم بودن و شوهرم
خیلی از دستشون ناراحتم خیلی زیاد
بنظرتون چکار کنم جبران این مدت بشه؟
خودم میگم بچه دنیا اومد نمیزارم ببیننش
تا یکم جبران بشه و با هم صاف بشیم
بنظرتون درسته؟؟
حالا خواهر شوهر وسطیم نامزدی پسرشه امروز اومده بود خونمون پیش شوهرم ک دعوتش کنه برا نامزدی یه شهر دیگ
من خونه نبودم
بنظرتون شوهرم بره و کارش نداشته باشم کار درستی کردم یا نذارم بره؟؟
همسرم چیزی نمیگه میگه هرچی تو بگی
اگ بگی میرم نگی ام نمیرم
نمیدونم چ کنم 😔",5.7407407407407405
401655486,"سیکلام ۲۸ روزن معمولا
شهریور ۴ ام شدم ، مهر یکم ،مهر ۲۸ ام . شمام برام حساب میکنی؟
سابقه مشکلات زنانه فکرکنم ندارم",1.0
thread_16715072_starter,"سلام
من بتا دوبار تکرار کردم دوبرابر شده بود
1083 بود سونو مرد ولی ساک دیده نشد کفت هفته بعد بیا الانم استرس گرفتم که نکنه پوچ باشه اخه تنبلی تخمدانم دارم
هیچ علائمی هم ندارم
بارداری پوچ چطوریه؟؟علائمش چیه تو بارداریه پوچ هم بتا دوبرابر میشه؟؟
منو از نگرانی دربیارین لطفا",5.7407407407407405
thread_15147960_starter,"پنج شش سال پیش باردار بودم تجربه کردم قبلاً ولی
همش یادم رفته سختی هاش
الان تازه هشت میشم حالت تهوع شدید هیچی هم بالا نمی یارم  فقط تهوع داره دیونه ام می کنه همراه با ضعف شدید
شما کی بهتر شدی ازین وضع 🤕🤕🤮",5.7407407407407405
thread_6735816_mobi200_1400/04/04 12:06,"وای خیلی سخته استرس زایمان هم دارم دیگه بدتر😑
مامانم نمیزاره ددرو بخورم که پسر خواهرم بخاطر مصرف دارو عقب‌مونده ذهنی هست واسه همین حتی دمیترون هم نمیزارن بخورم😫",5.999999999999999
369410381,از این نونای خشک ک نون فانتزیا دارن بگیر بزار بالا سرت صبح قبل اینکه از جات بلندشی یکم بخور،من از حالت تهوع جونم درمیومد رب انار میخوردم خوب میشدم ،لیمو بو کن ،ولی باید صبرکنی تا ۱۶ هفته طول میکشه معمولا,1.3703703703703702
thread_16462737_starter,"سلام محسن خواهر زاده من یعنی من میشم خاله اش
متأسفانه ۲۴ سالشه و حتی دیپلم نتونست بگیره معدلش ۱۰ هیچ شغلی هم نداره پدر و مادرش ورشکست شدن و اون حالا میخواد بیاد خونه من با من زندگی کنه خرجشو من بدم بخوره و بخوابه و ماهواره ببینه
نظر شما چیه چی جوابشو بدم
من کارمندم مادرم خونه من زندگی میکنه",5.37037037037037
374583395,عزیزم اسی نگران نباش من بچه هام دوقلوان ده سال شونه وتو سونو ها همیشه دخترم خیلی ریزتراز پسرم بود و دکترا تو‌سونو میگفتن که سن دخترت کمتر از پسرته ولی تشخیص نمی‌دادن علت رو تا زمان سزارین که دکترم گفت بندناف دخترم دوتا گره داشته و مواد غذایی خیلی کم بهش میرسیده اما خدا خواست که بمونه با همون وضعیت نگران نباش خدا مواظب کوچولو ها هست,1.0
305176147,تا درست شدن کامل شرایط همسرتون هرگز بچه دار نشین. چرا؟ چون ممکنه کارتون به جدایی بکشه و آوردن یه موجود بی گناه این وسط اشتباه محضه! بعد هم هرگز به خیانت فکر نکن میدونم شرایط سختی داری و میخوای از همسرت انتقام بگیری اما بدون خیانت اون هم از نوع جن سی  خیلی خیلی زشته!!! با این کار هم خودت سرشکسته و افسرده میشی هم خانوادت(فرزند و پدر و مادر...) هرگز به این خفت تن نده.شما زنی پاک هستی و این از نظر من مهم ترین سرمایه یک زنه قدرش رو بدون.شاید همسرتون اختلال شخصیتی داره(مریض جن سی) درمانش کنید با مراجعه به اهل فن,1.6296296296296298
317674965,در دوران بارداری ، مصرف خیلی چیز های عادی ، غیر عادی میشه ، لذا باید تحت نظر طبیب باشه . اما شکاف لب و .. که نوشته ، همه داروها عوارضی می‌توانند داشته باشند و این قطعیت نداره و کم پیش میاد . اما در دوران حاملگی باید تحت نظر پزشک باشه حتی رژیم غذایی یا یک قرص ساده . چون عملا با دو تا بدن سر کار داریم که کلا فرق دارند,1.6296296296296298
413460722,"اره عزیزم
منم پارسال یه خواستگار سنتی داشتم تو جلسه ی اول رفت
فقط یک بار اومد خونمون واز نظر روحی خیلی آسیب دیدم
پدرم کلی سرکوفت زد که دیدی پسره چه جور فرار کردرفت
واسطه گفت پسره گفته من روم نشده نگاه دختره کنم
در کل دیگه نیمدن
من میگم خواستگار نداشتن خیلی بهتراز اینه که خواستگار داشته باشی ولی جور نشه
حداقل ناراحتی واعصاب خوردی نداری",4.111111111111111
thread_17707068_starter,"دیشب پاشدم نمازشب
خیلی ناراخت بودم از وضعیت زنذگیم ۵ ساله مطلقهم و تنها و...
تو قنوت نماز وتر از ته دل گریه کرذم گفتم خدایا اگ این سختی های زنذگیم تاوان گناهامه چرا نمیبخشیم
اگ حق  الناس چرا راضی شون نمیکنی
و.... این مدل حرفا
بعد دیگ سطل سطل اشک میریختم گفتم خدایا بکشم عجلمو برسون راحت شم و ارزو مرگ کردم از ته دل
بعد از نماز صب خابیدم
خاب دیدم یکی از اعضا خانواذم گفت معده م درد میکنه بردمش دکتر
اونجا ک رفتم خاهرمم بود فامیلامونم بودن انگار همه خبر داشتن باید بستری میشه فوری هم باید بستری میشه و الا دور از جونش خطز مرگ براش داشته
من فقط بی خبر بودم
بستری ش کردن رفتم پیشش خیلیی شدید درد داشت
صورتش از شدت درد عوض شده بود تیره ولاغر پیر شده بود خاستم دستشو بمالم اروم شه درد داشت دردش شذید شذ
رفتم شکمش بمالم گفت نکنننن شکم از داخل تکه تکه کرذی ودردش شدیدتر شد
گفتم نترس بزار ب دکتر بگم ب دکتر گفتم گفت ن از شدت درد فکر میکنه تکه تکه شده
تمام بدنش درد داشت
فامبلامون تو حیاط بیمارستان بودن
یکی از فامیلام ک مرد هست و فوت شذه بدون پیرهن با شلوار وایسادع بود تو خیاط (تو خابم زنده بود)
بعد رفتم ی چی انداختم رو سرم گریه گریه میگفتم امام زمان بهم برگردونش بهم ببخشش ازم نگیرش و داشتم هلاک میشدم
خوب شد برگشتیم خونه مون
میشه تعبیرش کرد ک اون شخص گناه کرذه و من دارم تاوان میدم و این جوابه این بود ک میکفتم خدا چرا نمبیخشیم اگ تاوان گناهمه این زندگیم ک تو نماز میگفتم
یا بی ربطه؟",7.111111111111111
320094015,"داداشم اومدنش پیش من کنسل بشه وخوب بشه حالش
مامانم واقعاداره روانینم میکنه من دوتابجه کوچیک دارم برادرم مشکل دوقطبی حاددارا یک ماه بیمارستان بستری بوده مامانم میگه وقتی مرخص دبیادخونت بمونه تامن کارای خونه خودموبکنم میخوادجابجابشه اخه...بعدمامانم یک ماه پیش میخواست خفه کنه سرهمین بیمارستان بستریش کردن حالامامانم واقعانمیفهمه من چجوری بایدازداداشم مراقبت کنم بااین وضعش میگه داروبخوره خوب میشه واقعا شاجای من بودیدقبول میکردید؟نمیترسیدید؟",8.37037037037037
thread_15776780_starter,"رابطه داشتیم ولی فک کنم پرده م پاره نشد
ماه های اخر دوران عقدمون هس
سریع از قرص اورژانسی استفاده کردم
الان حدودا دو هفته گذشته من خون قهوه ای داشتم ک تبدیل ب پریود شد بعد قط شد
امروز دوباره صب شرو شد خون ریزی الان قط شده
چمههه  بخاطر قرص اورژانسیه ینی؟؟",4.37037037037037
thread_13382485_starter,"سلام خانوما
من 6 ماه پیش سقط داشتم اونم دوقلو
بعد الان تازه فهمیدم 5 هفتمه واقعا میرم دستشویی گلاب به روتون میترسم دستشویی کنم چون دفعه پیش تو 6 ماهگی بخاطر همین دستشویی رفتن و زور زدن و اینکه طول دهانه رحمم پایین بود کیسه آیم اومد پایین و پاره شد. الان میرم دستشویی حس میکنم همزمان با مدفوع یه چیزی میاد تو واژنم یعنی سکته کردم دستشویی نکرده اومدم بیرون میخوام ببینم شما هم اینطوری بودین؟؟ برای درمان یبوست چیکار کنم؟؟",7.111111111111111
thread_17854715_starter,بچه ها من حاملم هفته۸ و شوهرم تک فرزنده و خانواده ش میدونن و وضع مالی خوبی دارن ما اپارتمان نشین هستیم و بنام مادرشوهرشنبه  هفته میش همسرم گف بیایید خونه بخریم ویلایی زنمم طلاهاش میفروشه بعد پدرش توروم نگده کرد گف میفروشی هرکار کنی باز خونه بخریم ب نام مادرشوهرمه من گفتم این چ حرفیه مگ من چنبره زدم رو اموالتون وگریه کردم گف ادم از قبل باید بگ  ودیگ ۵شنبه این هفته دعوت کردن فقط فردای بحث مادرشوهرم پیام داد خوبی ترسید ی چیم شده باشه چون همون شب میلرزیدم بعد اون دیگ خبری ازشون نشد ودعوتم نکردن بنطرتون منم الان بعد۸روز پیام بدم یانه,6.111111111111111
385603410,"استارتر ناراحت نشی خودت  نوشتی شوهرت بود و نبودش توی زندگی بی اثره .
نمیدونم والا
خب زندگی کن باهاش  ان شاءالله شابد معجزه شد و یه آدمی که سی چهل سال  به درد نخور بوده الان  درست بشه",1.0
thread_18136780_starter,"خودم همیشه یکی زاپاس دارم یکی در حال استفاده
چیزایی مث مایع ظرفشویی ، لباسشویی ،مایع دستشویی
شامپو و شامپو بدن و...
ی سریا ب اندازه مصرف سالانه خرید میکنن شما چطور؟",1.0
412508718,"زن داییم که سنی نداشت حتی ماهم نمیدونستیم که اینجوری شده یعنی مادربزرگم و مامانم و خالم اینا میدونستن ولی چیزی نگفتن به کسی ماهم بعدا فهمیدیم ولی بازم مشکلی نداشت کسی حتی من اصلا یادم نبود این دوتا رو الان تاپیکتو دیدم یادش افتادم
همشون یه سه چهار سال پیش ولی زن عموم بیشتر بود
این خط آخرم نفهمیدم چی نوشتی😂",1.0
thread_17694579_starter,"من طبیعی زایمان کردم ۹ روز پیش
هنوز میترسم بخیه هامو نگاه کنم میترسم اگه یوقت قیافه واژنم بد شده باشه افسرده شم🥲
خانومایی که طبیعییی زایمان کردن بگین شما واژنتوت بعد زایمان بازم مثل قبل شد یا از فرم افتاد ؟",4.0
332606419,"رو خودت کار
خونه شاید تا یه جایی مشکل داره اما بقیه‌ش خودتی
اکثرا همینیم ، روی خوبمون برای کساییه که پشیزی برامون ارزش قائل نیستن.",1.6296296296296298
thread_17990065_starter,"سلام خانوما
من باردارم سه ماهمه زیاد حالم خوب نیست و جون ندارم قبل از بارداری خیلی رو نظم بودم ولی الان اینطوری نیستم
دیشب گوشی شوهرم رو برداشتم دیدم توی اینستا روی استوری های یه دختری ریپلای کرده و یه بار از قیافه اش تعریف کرده یه بارم بهش گفته عزیزم دلم
ولی دختره کلا هیچ جوابی نداده بود و صفحه خالی بود
خیلی اعصابم خورده و ناراحتم
الان با این وضعیتم نمیتونم کاری کنم ولی نمیدونم به روش بیارم یا نه ؟
صبح که بلند شد و رفت من خواب بودم
اگه به روش بیارم صد در صد میخواد خودش رو بزنه به ناراحتی ولی حس میکنم بی فایده اس
چیکار کنم بگم یا نه اگه آره چطوری بگم",6.111111111111111
389769849,"قرص امنی هستش
امپولشم میزنن برای باردارا
نگران نباش
کلی ادم خوردن قبلا بچشونم بدنیا اومده
چیزی باشه ممنوع میشه کلا",1.0
366381981,"بچه ام که نیستن
تنها راهش اینه از هم دورشون کنی مثلا کلاس بفرستی حداقل یکیشونو جوری برنامه بریز اون یکی بیاد خونه اون بره کلاس
اینجوری وقتی ام بیان خسته آن احتمال دعوا کمتره
انرژیشونم خالی میشه
اونیکه پرخاشگرتره و بفرست ورزش
یا اگه نمیتونی ببر بیرون یکیشونو یا خونه مادربزرگی.خلاصه سعی کن دورشون کنی",1.6296296296296298
408551183,"رابطه محافظتنشده داشتم برای اولین بار و بعدش قرص اورژانسی مصرف کردم. حدود یک هفته بعد بهترتیب ترشح سفید، قهوهای، خونریزی چندروزه و بعد لکهبینی زرد داشتم که کمی بو داشت و بعد از حدود ۷ روز تقریباً قطع شد
. نفخ و احساس سفتی شکم دارم، بدون درد ولی تاحالا این شکلی نبوده که بگیم پریوده.
امروز یک نقطه ترشح سفید دیدم، واژن مرطوبتر از قبل شده و بوی خیلی بد شبیه مدفوع میدهد. نوک سینهها که قبلاً تو رفته بودند الان بیرونزدهتر و نرمتر شدهاند. بیبیچک روز ۱۱–۱۲ منفی بوده و قصد دارم روز ۲۰ صبح دوباره تست بزنم. سؤال اینه که با این علائم احتمال بارداری هست یا بیشتر به عوارض قرص اورژانسی یا عفونت میخوره؟",5.37037037037037
346198084,"جوشانده تخم شنبلیله برای دیابت خوبه
آش جو
نان جو
ماست و کدو سبز
باید قند ها حتی قندهای طبیعی و میوه کم بخوره یا حذف کنه
نشاسته ام کم بخوره
ورزش پیاده روی
عصاب آرام
داروهاشم بخوره به موقع
دیابت دروازه ای به سوی هزار مرضه چون اینا سیستم ایمنی بدنشون فوق العاده ضعیفه به خصوص اونا که مثل مادرت کنترل نمیکنن",1.0
400485584,"بله تهرانم برام نوشته سونو فردا ساعت ۴.۳۰ وقت دارم
ولی تا فردا چطوری صبر کنم دارم می میرم از نگرانی",5.7407407407407405
thread_14188064_starter,۵ هفته باردارم،سر بارداری قبلیم یه سری موضوعات اتفاقاتی افتاد که فوببا گرفتم احساس میکنم خیلی تنهام کسی نمیتونه کمکم کنه،حتی به یه مشاور هم زنگ زدم و مشکلاتم گفتم اونم یه سری چرت و پرت گفت،دیگع تصمیم گرفتم تا بزرگتر نشده سقطش کنم چون تو این دو هفته انقد فکر و خیال کردم مردم دیگه,7.111111111111111
thread_8548687_کمحرف_1401/02/06 08:08,بله نظر من هم حرف شما منطقیه.چون زنی که هم خونه کار میکنه هم منزل نمیتونه خوب زندگیشو اداره کنه از یه جا میلنگه نه میتونه به زندگیش اونجور که هست برسه نه به کارش.به نظر من استقلال مالی داشتن خوبه.اما هزینه و مخارج زن بر عهده مرد هست.من خیلی شنیدم زنعایی که خودشون کار میکنن و استقلال مالی دارن شوعرشون یه جا دیگه سرگرم یه زن دیگه شده و بچه داره.چون میبینه زنش نه توجهی بهش میکنه نه محتاج از لحاظ مالی هست,1.6296296296296298
thread_17200995_starter,من هفته چهارم بارداری ک ازمایش بتام ۳۸۰ بود بعد پنج روز پریود شدم رفتم سونو گف رحمت سالمه هیچی توش دیده نمیشه ب جز یه کیست خیلی خیلی کوچیک کمتر از دو میلی متر که ممکنه ساک حاملگی خیلی اولیه باشه امروز روز سوم پریودمه و رحمم تو سونو دیروز هیچی توش نبود میخوام بعد تمموم شدن دوره پریودم دوباره ازمایش بدم ببینم بتام اومده پایین یا نه اگه نیومد پایین برم دکتر زنان  و ی سوال اونایی ک سقط بارداری شیمیایی داشتن یعنی قبل اینکه ساک حاملگی کامل درست بشه سقط کردن تو دستشویی ب شکمشون فشار زیاد میومد؟ خیلی عذر میخوام من بخوام برم دستشویی انگار دل و روده ام میخواد از جا کنده بشه از دیروز اینطورم,5.7407407407407405
403585314,"برای زن باردار زیر ۹۰ باید باشه قند ناشتا
اره اگه با رژیم پایین نیاد باید انسولین بزنی",1.0
389824337,"اره شیر زیاد میخوره یعنی از اونه ؟
چرا آخه ؟ خب وقتی گریه می‌کنه چیکار کنم پس",2.7407407407407405
412807633,"منطقه شهرک نشینه و ساحت ساز زیاده و مهندس شهرداریم ازینایی که واقعا هیچی بارش نیس
برا پدرم نقشه کشید افتضااااح اتاق خوابارو گرد طراحی کرده بود کلییی خزاب کردیم و ساختیم از اول هزینه...
بخاطز همین میخوام خودمم یه تحقیقی داشته باشم",3.3703703703703702
331024504,"ممنونم
بخدا نمیدونم چی بگم از خوبیش همش میگم یعنی فرشته هاهم‌انقدر خوبن طوری بود ک‌حتی ینفر ک‌فقط سلام علیک‌کرده بود با بابام انقد گریه میکرد اخ خدا بمیرم‌براش وقتی یادم‌میاد چکاراک‌نمیکرد برامون ساعت۲نصف شب زنگش‌میزدیم‌بیاخونم دنبالم نه نمیگفت زود میومد غر نمیزد عاشق این بود همش خونشون‌باشیم 😭",1.7407407407407407
412966939,"اخخ چ بی ملاحضه 😣😣
خوب کردی
هرچی ادم سکوت کنه بدتر سوار ادم میشن",1.7407407407407407
thread_10374263_starter,من تو سه ماه سومم و از شانس خوبم برا اولین بار  چنتا تخم شپش پیدا کردم میگن برا خانمای باردار شامپو شیمیایی ضرر داره چند بار از روغن زیتون استفاده کردم فک نکنم شپش باشه ولی سرکه میگن تخم از بین میبره میخواستم ببینم کسی اطلاع داره ؟؟سرکه بزنم به پوست سرم برا جنین مشکل ایجاد میکنه؟؟😭😭,4.37037037037037
262644053,"آره از اول پریود
البته چون سقط داشتی میتونی بری دکتر که شاید واسه احتیاط برات شیاف بنویسه ولی سونو رو تا قبل ۸ هفته نرو
چون تا قبلش ممکنه هنوز قلب تشکیل نشده باشه و الکی استرس بگیری و غصه بخوری",1.0
410443365,"اره امکانش هست حتی تا 20 روز بعد انتقال
من یه بار اینجوری مثبت شدم
البته من سقط مکرر بودم از بین رفت
اول باید آرامش داشته باشی خیلی موثره
ان شاالله مثبت میشی",2.0
316792075,عزیزم من با آی وی اف باردارشدم و متاسفانه جنینم مشکل شدید مثانه و مجاری ادراری داره که مجوز سقط قانونی دادن و مطمئنا اصلا برام راحت نبوده,5.37037037037037
393205397,عزیزم منم ۲۴سالمه پسرم ۱۴ماهشه و من ناخاسته باردار شدم برای ما کاندوم پاره شد و من سریع قرص اورژانسی خپردم ولی اصلا اثر نکرد دوماهه زندگی نکردم همش عذاب وجدان فکر ب اینکه اون روزایی ک سخت بود شب بیداری ها گریه ها دوباره باید تجربه کنم اونم با  ی بچه کوچیک دوساله ک اونم بچه س چیزی نمیفهمه منو داره تا مرز مرگ و سکته میبره همش استرس دارم خاب ندارم زندگی ندارم واقعا و شوهرمنم گفته بود خودت تصمیم بگیر یا سقط‌کنی یا نگه داری من چندبار تا پای سقط رفتم ولی نتونستم ولی هنوزم باهاش کنار نبومدم من کلا دوتا بچه میخاستم ولی نه الان و وقتی بچم کوچیکه هنوز خودش بچش شیر میخوره پوشک میشه هیچ درکی از بچه دیگه نداره من میترسم واقعا نمیدونم میتونم این روزا رو بگذرونم یا ن خدا کمکم کنه امیدپارم از اینکه سقط نکردم پشیمون نشم خدایا کمکم کن😭😭😭😭,8.37037037037037
409855871,"جوابای غربالگری مبتنی بر آماره..یعنی اگرشما حتی یکی از اقوام درجه یکتون مشکل داشت صددرصد مثبت میشه.یااگ سیگاری باشی یاسنت بالاباشه یاازدواجتون فامیلی باشه احتمال مثبت شدنش میره بالا
من خودم پرسنل آزمایشگاهم و غربالگری ندادم ولی سلفری رفتم. تست خوب و مطمینیه وقطعا ارزش انجام دادنو داره",1.0
341488180,مرگ حقه بزرگوار. هیچی ندارن جالبه. نه خانواده من نه خانواده همسرم. دوتا بی پول و بی پشتوانه باهم ازدواج کردیم گفتیم زندگی مون رو می سازیم که تورم مارو ساخت. ما تا آخر عمرمون نمیتونیم امید داشته بتونیم وضعمون بهتر بشه. تا آخر عمر باید درجا بزنیم.,5.7407407407407405
258003322,دوست عزیز لطفاً این قضیه رو جدی بگیر و حتما دکتر برو.منم هفته ۳۵ دو روز لکه بینی داشتم و دچار زایمان زودرس شدم.با اینکه خیلی به ترشحات و علایم زایمان توجه کردم و سریع خودم رو رسوندم بیمارستان بچم مرده به دنیا اومد اما با خواست خدا با CPR برگشت.نمیخوام بترسونمت ولی یه nst برو بده فوری,3.6296296296296298
394084719,"من دو روز از موعدم گدشته
درد سینه دارم نوک سینه هامم تغیر کردن
کمر درد خفیف پایین کمرم
ضعف میره انگار کمرم اینجوری...",1.6296296296296298
382135597,بببن توی کانال بانوانش 60هزار عضو داره...خییییلی ها انجام دادن این دستور رو و پیام میدن که مدت هاست پریود نمی‌شدن بعد مصرف پریود شدن راحت...ضرری نداره...کار سختی نیست فقط چند تا دمنوش مثل رازیانه شوید و شنبلیله باید طبق دستوراون دکتر بخوری...,1.0
404040757,"من ۳۴ هفته زایمان کردم با اینکه دهانه رحمم ۴ سانت باز شده بود و بچه داشت طبیعی میومد ولی دکترم اجازه زایمان طبیعی نداد و دستور داد سریع بردن اتاق عمل و سزارین شدم
دکتر اگه دکتر باشه فکر همه جا رو میکنه ، اولین بارش نیست که با این اتفاق ها رو به رو میشه !",2.259259259259259
411324218,"سلام عزیزم به سلامتی بغل بگیرید شون
دکتر به شما نگفته بود ریداکت کنی؟ منم الان ۳قلو باردارم دکتر میگه باید حداقل یکی رو ریداکت کنی واقعا موندم چکارکنم دلم نمیاد اما میگه خیلی خطر داره
شما تهران هستی پیش کدوم دکتر بودی
ممنون میشم جواب بدی",6.370370370370369
thread_17779759_starter,"خدایا وکلای نسلz رو به راه راست هدایت کن😂😂 این پیامش...
ی جواب منطقی و خوب خودشم هنوز ترم یک حقوقه ومن دارم ارشدمومیگیرم:/ ونسل زد ام",1.0
350805729,"ن اخه چرا هدی ن مذهبیه ن امروزی
مثلا هدیه خیلی از هدی بهتره اگه اسم امروزی دوس نداری
ی اسم همیشه مد بزار ن یه چیز قدیمی و بی معنا",1.0
320713781,میگن جز نقص عضو نامه نمیدیم نمیدونم چیکار کنم دیروز همه جا رفتم و التماس کردم,5.37037037037037
320508220,"من یه دوره مصرف کردم
نه سونو نرفتم یه بار دیگه بتا دادم پایین نیومده بود گفتم چون درد و لک بینی ندارم بذارم هفته دیگه برم شاید یه چیزی مشخص شد",2.0
thread_13487860_starter,متن آهنگ:از جلو قلمبه ای از پشت قلمبه تر خود دلیل آهنگ گذاشتن اینه که مشتری جذب صدای قشنگش بشه آرامبخش باشه با این صداهای مبتذل هیچکس طرف مغازت نمیاد اگر مغازه دارید به این نکته دقت کنید هر صدایی رو تو مغازه پخش نکنید برکت میره,1.0
296923498,"اهاااا مرسی رفع ابهام کردید 😅
ادم قبل بارداری اخه از کجا بفهمه ژنش چطوریه !!",1.0
thread_14895852_starter,"چیکار میکنید چجوری‌میگذرونید من ی مدت حس‌میکنم‌واقهت افسردگی‌گرفتم‌خیای زندگی بهت م‌سخت‌میگذره همش بهش شک‌دارم اصن حالم خوب‌نیست کافیه ی باز‌جواب‌نده میمیرم‌زنده‌میشم
شب تا صب موقع رانندگی‌ هرلحظه ک بیکار میشم انقد فکر‌میکنم دیوونه شدم😭😭😭😭خیلی زیاد حالم بده خیلییی",6.111111111111111
257945178,چرا من پرسیدم از دکترم گفت برای فشار ضرر داره ولی برای رفع هوست یکی دو قاشق میتونی بخوری,1.0
thread_12564950_starter,سلام به همه ۶ هفته رفتم سنو گفت همه چی خوبه جنین ساک و حتی قلب هم داشت ولی دوهفته بعد که رفتم مقل دیروز گفت خانم قلبش از کار افتاده و تو همون ۶ هفته مونده  الان دارو هام قطع کردم وبی هنوز امید دارم میگم شاید اشتباه کرده باشن نمیتونم قبول کنم سقط سه خدا خودت کمکم کن,6.7407407407407405
thread_8894618_جییییگر_1401/04/03 15:23,به نکته خوبی اشاره کردی اخه منظم نبودم pCO بودم و خود به خود رفع شد دیدم تو سونو یه فولیکول ۱۸ نشون داد غالب دکتر گفت امکانش هست باردار بشی . بعدش خواستم بدونم اگه پریود نشم پس صد در صد یعنی حاملم,2.0
thread_8219616_starter,"وقت شیردادن ب بچم تهوع میگیرم شدید
ازچیه؟ ازاولین مکی ک میزنه تهوع میگیرم",2.6296296296296293
326220582,"عزیزم میشه توضیح بدی که سخت بود یا نه
چقدر طول کشید
دردش چجوری بود؟؟",1.3703703703703702
349290654,من بارداری قبلی اصلا با همسرم رابطه ندانستم هرگز از نیاز حرف نزد گفت اصلا بهش فکر نمیکنم ک دلم بخواد این همه ما سختی میکشیم یکمم باید درک کنن الانم ک باردارم باز همون وضعه این روزا تمام میشه ماندگار ک نیست،من با اینکه سز کردم شکمم و تخت تخت کردم ک نیم تنه همیشه تنم بود ما زنا قوی هستیم ب هر چی بخوایم میرسیم,2.6296296296296293
349289794,"عزیزم دلم،مامان خوشگل بیشترش رفته و کمش مونده
چشم به هم میزنی این چند هفته هم میگذره و نی نی و میگیری بغلت
وقتی صدای گریه ش بشنوی همه این سختیا یادت میره
بغلش کنی ،بوی تنش حس کنی کلی کیف میکنی
اولاش واقعا سخته اما کم کم یاد میگیری و قلق همه چی میاد دستت
وقتی مادر بشی دنیات یه شکل دیگه میشه ،اصلا انگار یه آدم دیگه میشی
نگران خیانت همسر هم نباش این افکار بریز دور و مطمئن باش شوهرت هم مثل شما منتظر ثمره عشقتون هست
انشالله صحیح و سالم بغل بگیریش",1.0
410134113,سونو امروز میگه ۸ هفته چون رشد بچه متوقف شده ولی در واقعیت ۶۲،۶۳ روزمه,2.3703703703703702
377482118,خب نداری دیگه نگران نباش کاچی درست کن بخوررحمت زودترجم میشه به کمرت هم زیادفشارنیار,1.0
407136048,بچه من گفتن کم وزنه و فشار شریان رحمی داشتم و خوب بچه تغذیه نمیشد خودمم ویار داشتم گوشت و کباب و ماهی اصلا نمیتونستم بخورم فقط تنها کاری کردم هرروز یه کاسه خوراک لوبیا و یه لیتر شیر میخوردم و با اینکه بچم یکهفتع زودتر بدنیا اومد ۳۶۰۰ بود وزنش,1.6296296296296298
thread_17451260_starter,سلام من از ۱۳ هفته دکتر بهم پرولتون داده تا ۱۹ هفته این امپول هفته ایی یکی زدم.امروز دکتر میگه منسوخ شده فقط شیاف ادامه بدیم.من چون سابقه کوتاه شدن دهانه رحم دارم بنظرتون چی کنم.نکنه پرولوتون تاثیر بدی روب جنین گذاشته باشه.؟؟دکترا آدمو عذاب میدن,5.7407407407407405
356412212,"استارتر الان با اینکه مشکل شما تهمت زدن اولیاست ولی مطمئن باش کاربرا یه بحث دیگه رو وا میکنن
اینجا نی نی سایته توقع حرف حساب نداشته باش",2.0
359751904,یبار که فشارمو گرفت پایین بود ولی نمیگه بهم چیکار کنم,2.0
316700304,نگران نباش معمولا تا زایمان کنی برسیش میکنن ان شاءالله  بچه رشد طبیعی  داشته باشه هیچی نیست یا تا زایمان میکنی از بین میره یا تا ۶ ماهگی از بین میره   فقط باید فک کنم یه اکو قلب جنین بدی و انومالی دقیق باید انجام بدی,1.0
thread_7225282_aynaz3676_1400/06/19 11:42,وای روح سرگردون چجوره سخته🥺🥺,1.6296296296296298
320634029,"دقیقا شرایط تورو داشتم گفتن برگرد خونه برگشتم با درد شدید ب خواسته ی خودم فرداش رفتم سونو و معاینه تا معاینه کردن معذرت میخوام متوجه شدن بچه خیلی وقته مدفوع کرده و داره میمیره
اورژانسی سز شدم
بچم تو آی سیو بود خدا دوباره بهم بخشیدش
خداازشون نگذره بیمارستان دولتی همینه
اما الان ب همه میگم گدایی کنید برید سزارین اختیاری حتماااا",5.259259259259259
thread_17279461_starter,"من 13 مهر پریود شدم
28 مهر رابطه بدون دخول داشتم و منی هم نزدیک واژنم ریخته نشد بعدشم رفتم دستشوئی چیزی نبود
نیم ساعت قبل رابطه ی تنسی 1ونیم
بعدشم دوساعت بعد  ی دونه دیگ تنسی 1ونیم
الان 5 روز پا درد و کمر درد و لگن درد شدید و سینه درد دارم
احتمال بارداری نیس؟؟",4.37037037037037
305127935,"داخل
، لکه کوچک و روشنی است که داخل
وجود دارد و با سونوگرافی دیده می‌شود و اغلب در بطن چپ
دیده می‌شود. باید توجه داشته باشید که این عارضه هیچ تاثیری در عملکرد
نخواهد داشت و در اغلب سونوگرافی‌های قبل از زایمان مشاهده می‌شود.",1.0
thread_14306709_starter,سلام من باردارم۱۸هفته ۵روزمه دیروز رفتم سونوگرافی آنومالی دکتر گفت توی کلیه چپش به اندازه۱/۷ورم خیفف وجود داره گفت نگران نباش رفع میشه سی دو هفتگی گفت برم سونو ببینم رفع شده یا نه وایی من خیلی استرس دارم تاحالا برا کسی پیش اومده,5.7407407407407405
thread_14651105_starter,"از دیشب واژنم نزدیک به دهانه رحم تیر می‌کشه
دردش شدید نیس مداوم هم نیست قطع و وصل میشه
طبیعیه؟
هفته هفتم",2.6296296296296293
382860609,"والا من دچار خونریزی شدم
رفتم گفتن قلبش میزنه دوباره سونو کردن گفتن مشکل جفت که پاییین
داروهم داده اندازه ۱۰ روز قرار برم حالا بعد این ده روز دوباره البته استراحت کردنم مهمه
زیر سه ماه البنه طبیعی جفت پایین باش من الان از سه ماه رد شدم ولی باز پایین",2.9999999999999996
337942326,ای بابا به من لانزوپرازول داده بود بعد کلی تحقیق و نگرانی زنگ زدم میگم این رو به همه میدی آخه تست روی انسان نشده گفت نخور😶اصلا مهم نیس واسشون😔 منم چیزی نخورم میمیرم,5.0
thread_7613212_nffff_1400/08/22 18:19,ما هم میدونیم خواهرم دوس پسر داره ۶ ساله باهمن ۵ ساله با هم میریم مسافرت و اینا مامان پسره هم میدونه با ابجیاش فقط باباش نمیدونه,1.0
410100403,"من چنین تجربه ای نداشتم .
ولی بعید میدونم بعد این همه وقت جای بخیه درد بگیره
بهتره یه معاینه بشید",1.0
413382620,"تپش قلب جنین رو که نمیشه حس کرد
حرکات خیلی ریز شبیه ترکیدن حباب یا لیز خوردن ماهی هست معمولا
والا یادم نمیاد اولین بار کی بود  با اینکه امسال بود",1.0
371304707,حق طلاق چیه؟حق تنصیف یه چیزی؟هنوز نرفته فکر طلاقین؟عقلتونو بکار بندازین...,2.0
346679829,"من استفاده کردم خیلی برام خوب بود سر سه روز التهاب و سوزشش و دردش رفت.
دو روز دیگه بزن.حتمن اثر میکنه",1.0
thread_18075029_starter,"سلام دوستان
من هفته ی پنجم و ۶ روز بارداری هستم
سه هفته هست که لکه بینی قهوه ای همراه با درد کم شکم دارم. یک روز دردم و لکه بینی بیشتر شد وقتی خسته میشم بیشتر میشه و بعدش باز کم میشه.
سن بارداریم توی سونو ۴ هفته از سن پریودیم کمتره
و هنوز صدای قلب سونو شنیده نشده
کسی با شرایط من بوده که بچش سقط نشده باشه.",5.7407407407407405
thread_18049840_starter,از چه محصولاتیش که خریدید راضی بودید,1.0
403769018,"خداروشکر
شاید حکمتی داشته
شما هم طبیعی اقدام کن هم ivf
من الان بهم میگن تخمک اهدایی بگیر.منی که مشکلی نداشتم.چون همسرم میتونه با ivf بچه دار بشه ولی تخمک که دیگه درست نمیشه
دنبال فرزندخواندگی هم هستیم
اگه نمیخوای مثل من تو این مسیرا بیفتی زودتر پیگیر ivf بشو",3.3703703703703702
384801328,"اون از رفلاکس معده و آب دهان زیاد می‌شده بوده
خیلی عذاب اوره منم داشتم",2.6296296296296293
407923106,"چند دیقه پیش منم همین تاپیکو زدم
یه لحظه حس کردم تاپیکیه که خودم زدم😑
منم دارم دیوونه میشم چت جی پی تی بالانمیاذ",2.9999999999999996
thread_13342745_starter,"من بخاطر قندم دارو ها میخوردم زیر نظر دکتر زنان
و یسری امپولا زدم
الان باردارم اصلا فک نمیکردم باردار شم این ماه هم اقدام دو بار بیشتر نبود هم اصلا فکرش نبودم
الان دکترم خارج از کشوره ۱۴ اردیبهشت منشیش گفت میاد😑😑😑
پروندمم دستشه ، اصلا یسری داروهارو من فراموش کردم چیا بود که برم به ی دکتر دیگه بگم شرایطمو و امپولارو
الان نمیدونم ادامه بدم دارو یا ن
تو نت فقط نوشته متفورمین و تا سه ماه ادامه بدید🤷🏻‍♀️🤷🏻‍♀️🤷🏻‍♀️🤷🏻‍♀️🤷🏻‍♀️🤷🏻‍♀️
گیر افتادم",5.37037037037037
thread_11697019_starter,"من ۱۹ سالمه
سره یه موضوع خیلی مسخره چنان محکم کوبید تو صورتم که چشمام و دماغو هنوز درد می کنه از دیشب تا حالا اونم تو خیابون تازه البته کسی نبود
بعد من چشمام درد گرفت دو لا شدم دو دستی جلو چشمام گرفتم چشام بسته بود
همین طور که دولا بودم محکم کوبید تو کمرم
دیگه دوسش ندارم 😢",6.111111111111111
412336471,من خودم تو این شرایط بودم مادرم از صبح تا شب میرفت سرکار مارو تنها میزاشت نه غذایی بود نه سرگرمی نه لباس درست حسابی داشتیم این بهترین کاره بچه ها غذا میخوان لباس میخوان ارامش میخوان جهنم که مادر پدر نباشه کاش مادرم منو خواهرامو میزاشت بهزیستی اگه تو این شرایط باشم خودمم قطعا همین کارو میکنم این بهترین راهه,4.0
thread_13509923_starter,من با قرص سقط کردم ۶ تا استفاده کردم دردم شدید شد رفتم بیمارستان دو تا ی دیگه رو بعد دو ساعت استفاده کردم الانم با وجود ۶ ساعت خونریزیم قطع شده و تب و لرز دارم چکار کنم,7.370370370370369
thread_17737387_starter,سلام دوستان کسی هست که اکوی قلب جنین گفته باشن مشکل داره ولی سقط نکرده و بچه سالم به دنیا اومده باشه؟اگه تو اطرافیانتون هم دیدین بی زحمت بگین ممنون,3.111111111111111
411962590,بابا مگه میخان بیان داخل کتکشون بزنن یجور میگی آرامش خانواده مهم نیست مگه ،کلا ده دقیقه بازدیده خب پول لازم شده میخاد بفروشه چکار کنه بنظرتون ؟دیگه چون خونه رو اجاره داده باید قیدشو بزنه ،اصلا منطقی نیست این مدل اذیت کردنا,2.9999999999999996
343769000,اگر تو آزمایشات نوشته نشده نخور عزیز حتی اگر دکتر تجویز کرده بارداری واقعا دوره حساسی هست دختر عموی منم اقدامی دکتر بش گفت زینک بخوره با اینکه کمبود زینک نداشت دوزشم ۱۵۰۰۰ بود مسموم شد، حالا باردار نبود چون مسومیت با زینک خیلی خطرناکه ممکنه باعث مرگ شه اگر حامله بود خدای ناکرده ممکن بود جفتشون بمیرن.,1.6296296296296298
347763620,نترس منم هفت ماهگی دچار افسردگی شدید شدم و همش همین فکرا که نکنه بچم طوریش بشه وکلی فکر دیگه بود ولی مصرف کردم و بچم سالم سالمه,2.9999999999999996
289478095,عزیزم حالا ما احتمالات و نظرمونو گفتیم ولی برای فهمیدن دلیل واقعیش که حتما باید بری دکتر اگه اذیتی و تکرار میشه هر سری,1.0
350906409,وقتی یا وزن ۱۲۰ کیلو باردار شد فرقی تو ظاهرش ایجاد شد؟ سونوگرافی میتونست یچه‌رو ببینه؟,1.0
322775660,"برات صلوات فرستادم ان شاالله  بارداریت به سلامتی باشه گلم...
اگه دوست داشتی برو این مطالبو بخون برای زیبایی و هوش و خوش اخلاق و خوش روزی بودن بچه و........ داره
اگه دقیق انجام بدی نتیجه صد در صدی میگیری .
دوستم پسر داره من دختر اون تو بارداریش بیشتر انجام داد و دقیق تر .. دختر من هرجا میرم ازش عکس میگیرن میگن وای چقدر قشنگه .. ولی وقتی با پسر دوستم هست همه توجه ها به اونه از دختر من خیلی قشنگتره
اگه میخوای بچت تو فامیل از همه نظر زیبایی و اخلاق و... تک باشه بخون و انجام بده .. فقط اونایی که می‌ترسی نخور مثل رازیانه و....❌️❌️❤️
فارغ از هر دین و باوری آدم دوست داره بچه های باهوش وسالم و خوبی داشته باشه ... که نه غصه دیر راه افتادنش یا دیر حرف زدنشو داشته باشه نه غصه ناله نفرین دیگران...🚫
اگه دوست داری بچه باهوش و خوش اخلاق و باایمان و زیبا داشته باشی این مطالبو بخون و انجام بده ❌❌❌
یادت باشه
شخصیت و اخلاق و ایمان و عقل و همه چی بچت به دست تو میخواد شکل بگیره... پس حسابی تلاش کن ..
توی حاملگی همه کارارو بکن بچت دنیا بیاد نصف راهو رفتی
یه مثال هست که میگه ذات بد نیکو نگردد چون که بنیادش بد است ... پس بنیاد بچتو عالی بساز .. وسعی کن تو اون نه ماه از گناه دوری کنی ....
غیبت ..تهمت...حسودی... دروغ.. یاهرچی که گناهه تو اون نه ماه دوری کن ازش 💓موفق باشین عزیز
https://www.ninisite.com/profile/forum/topic?topicId=10683214&slug=خانم-های-باردار-یاهرکی-در-آینده-میخواد-باردار-بشه-بدو-بیا&postId=308706153",1.0
267767458,"❖═▩ஜ••🍃🌸🍃••ஜ▩═❖
#ختم_شخصی
#بچه_دار_شدن
⚠️توجـــــــــــــــــــــــــــه⚠️
اگر مشکلتون مشابه مشکل این بنده خدا
هست میتونید از این ختم استفاده کنید❤️
🖊🌹ســـــــــــــــوال⤵️
سلام برای بچه دارشدن چی بخونم خیلی انتظار میکشم و خیلی ختم برداشتم ولی هنوز حاجت نگرفتم ممنون میشم ی ختم بگید معجزه بشه منم دامنم سبز بشه😔😔
🖊🌹جـــــــــــــــــواب⤵️
سلام علیکم
ختم ۲۲روزه بگیرید
⚠️سوره بقره ۲۸۶آیه دارد
هر روز ۱۳آیه میخونید
+آیه ۷۲نحل ۷۰مرتبه
و آیه ۳۲نور ۱۴مرتبه میخوانید
ختم هدیه کنید به حضرت علی و حضرت زهرا
ختم فوق العاده قوی و موثر است دریغ نفرمایید اگر حاجت گرفتید باید ادامه بدهید تا ۲۲روز✋🏻✋🏻✋🏻
🔻با منتشرڪردن پیامها ↯با لینک↯ درثواب آنها شریڪ شوید🔺
✒️ ★᭄°ْ🇯‌🇴‌🇮‌🇳°ْ↯↷↓
https://eitaa.com/joinchat/1359151313Ca784b55c77
•┈┈••✾•◈💠◈•✾••┈┈•",1.6296296296296298
thread_13738914_starter,"وای ت رو خدا استرس گرفتم دارم میمیرم اگر چند نفر الان نیان جوابمو ندن همینجا سکته میزنم واقعا دارم میگم سرم درد گرفته حس میکنم دارم سکته میکنم انقدر ترسیدم
۱۴ سالمه بعد من با چشپام کلا مشکل دارم همش دست میکنم توشون قی در بیارم یا خسته ان فشارشون میدم جیریق صدا میدن سر همینه ک الان چند وقته دو تا خط قهوه ای افتادن گوشه غده اشکیم الان چشم سمت راستم درد پیکرد فشار دادم صدا داد دیگه صدا نداد از اون موقع حس میکنم اب داره میاد بیورن طا چشمم بعد نفازولین انداختم قرمزیش ک ب خون میزد کمرنگ شد
الان دسن زدم حس میکنم چشم راستم از چشم چپم بیتشر رفته تو مثلا دست میزارم رو پلکم راس صافه ولی چپ برجستگی داره میشه بگید این چیه الان چشمم نکنه بیفته تو جمجمم بره تو سرم در بیادی ینی
عمل میخواد؟
التمساتون میکنم جواب بدید دکترم نیمبره مامانم حتی بهش میگم دست بزن میگه ب من ربطی نداره ت رو خدا اگر میبینید جوابمو بدید براتون کلی دعا پیکنم ت رو خدا جواب بدیدد",8.11111111111111
thread_15569844_starter,سلام دوستان میخوام تجربم رو بنویسم واستون من سقط داشتم دوتا دیگه بچه دار نمیشدم دوبار آی وی اف کردم سه بار آی یو آی چندین بار قرص خوردم ولی اصلا نتیجه نمیگرفتم شروع کردم به کرده نخل نر خوردن هم خودم هم شوهرم که اسپرماش ضعیف بودن گفتم دیگه من همه تلاشم رو کردم دیگه هیچ دکتری نمیرم بعد ۷ ماه یهو دیدم بدون هیچ دارویی باردار شدم و حس خیلی خوبیه گفتم با شما هم در میون بزارم که هیچ وقت قدرت خدا رو دست کم نگیرید,2.0
thread_16510280_starter,بچه ها من 33 هفتمه باردارم امروز رفتم بهداشت مراقبت داشتم بعد ضربان قلبمو گفت بالاعه 110 بود میگه هر وقت میای بالای 100 هستش و اصن طبیعی نیس و باید بری دکتر داخلی یا قلب چون خطرناکه کسی بوده عین من باشه واقعا خطرناکه چون تو گوگل نوشته بین 60 تا 100 باید باشه ولی تو بارداری 10 تا 20 بره بالا مشکلی نداره طبیعیه آیا دکتر نیازه برم,4.7407407407407405
396592260,وا همسایمون بیمه سلامته یک ماه پیش زایمان کرد بیمارستان دولتی البته سزارین هم بود شد۳۰۰هزار تومن کجایی مگه شما,1.6296296296296298
339967819,"همه اینارو بذار کنار قشنگ
صبح و شب توی ساعت مشخص بهش پدی لاکت بده حتما هم تو یخچال نگهداری کن باکتری زنده داره خراب میشه
شبا هم چند قاشق چایخوری نعناع نبات بده
و اینکه اگه شیر خودتو میخوره به غذاهایی که خودت میخوری دقت کن
من دوقلو داشتم خیلی عذاب کشیدم سر کولیک یه روز یکی میگرفت فرداش این یکی فقط گریه خیلی عذاب آخرش اینجور کنترل کردم",2.9999999999999996
385668599,دقیقاً به من گفتن سنت زیاده🥺🤕😔,2.3703703703703702
thread_17503602_starter,از غروب که جواب ازمایش ان تی مرحله ی اول سه ماهه ی اول رو بردم پیش دکتر و گفت باید حتما آمینو سنتز بشی دارم می میرم گفت به خاطر سنت که بالای 37ساله و همچنین ان تی ازمایش رو بالا زده تو سونو ان تی نرمال بود ولی ازمایشش ریسک زده باید حتما آمینو سنتز بشم لطفا هر چی اطلاعات دارین در این مورد بهم بگید چون تا دوهفته ی دیگه از ترس می میرم,7.111111111111111
412037409,"اوفففف دیگه دارم خل چل میشم یک لحظه به خودم فکر نمیکنم هی به فکر این بچه هام 😕
داشتم میگفتم اینا دنیا بیان حداقل ده سال دیگه اسم حاملگی رو نمیارم من غلط کردم😅",5.37037037037037
249384092,"من بتام 39999 بود هفت هفته بودم
گفت چن قلو هست یا مول
هیچکدوم نبود یه دخترگل بود.
اولش ترسیدم با این بتا گفتم حتمن خارج رحمی هست ولی اومدم اینجا دیدم تا 70000 هم بوده و یکی بوده بچه خیالم راحت شد",2.6296296296296293
308929912,"ماماها زایشگاه میگن ختم بارداری خداروشکر بچشم تکون میخوره توروخدا کسی تجربه داره بگه؟
بعد چندسال بچه دار شده سنشم بالاست توروخدا راهنمایی کنید😭😭😭😭😭",6.111111111111111
thread_16387430_starter,"دو روزه دارم از درد میمیرم دیشب رفتم اورژانس بخاطر درد کمر لگن و گهگاهی واژن
فرستادم سونو ضربان قلب جفت و کلیه ها همه چی خوب بود نه ترشحی دارم نه لکه بینی هفته ۱۷ و سه روزمه
درد امونم برده دکتر شیاف نداد یه سرم زد گف همچیت نرماله
دردش زده به مقعدم میشینمم درد میگیره میزنه پهلوها دهنم خشک میشه توروخدا کسی تجربه منو داشته بگه چیکار کنم دکتر میگه طبیعیه پس چرا دردش روز ب روز بیشتر میشه",7.370370370370369
381201065,"تفکر هزار و چهارصد ساله با دونسل دیگه درست نمیشه
سعدی به روزگاران مهری نشسته در دل
بیرون   نمیتوان  کرد   الا   به   روزگاران
.",1.0
369270210,پس چطور تو سونو هنوز ساک رو نشون میده 🥺,2.0
412778392,"الهیی 😔💔🙂🥺
نون خشک میخورن؟
نون خیس شده چطور؟
برنج خشک یا عدس خشک و جو دوسرپرک نمیدونم
میشه یا نه 🥲",2.6296296296296293
412365704,این درسته ولی به نظر شما اونی که پسر اه وپیف میکنه هم خیلی با کمالاته یه زن آزاد هست که پسر دوست داشته باشه یا دختر دلیل نمیشه که بقیه بریزن سرش ینی جوری شده اونی که بچش پسر سعی میکنه خوشحالیشو بروز نده,2.3703703703703702
288883327,"اشتباه کردم🤕
حالا امکان بارداری هست یا نه؟
اسپرمی خالی نشده توی واژن
اما میترسم تو ترشحات اسپرم وجود داشته باشه",3.7407407407407405
343404242,گریه میکرد میگفت مریضی بدی گرفتم آبروم میره هیچکس منو خونه اش راه نمیده...دوشنبه صبح ساعت ۵فوت کرد,2.6296296296296293
411672450,تجربه هماتوم ندارم عزیزم ولی من دهانه رحمم هفته ۲۳ باز شد هماتوم با استراحت برطرف میشه عزیزم تا جایی که میتونی رعایت کن,1.6296296296296298
401899114,آخه دو بارم خواب دیدم سقط کردم رفتم خاکشون کردم به یاد خوابم می‌افتم بیشتر حالم بد میشه,4.7407407407407405
397627489,"بله ان تی همینه
۱۲ هفته و ۳ روز میگن بهترین زمانشه
بعد با جواب سونو میری دکتر یه ازمایش مینویسه برات.
باید قبل از ۲۴ ساعت از سونو ازمایشو بدی.
یه حدودی میگن ولی دقیق نیست.
برای بیمه هم بپرس از چندجا ببین کجاها قرار داد دارن",1.0
408982773,ببین اگه زودبه زود میشه دردش یعنی آره آماده باش ولی نه اومد ول کرد چیزی نیست,1.0
thread_17590773_starter,من باردارم شنبه خدابخاد سرارین میشم.کل بارداریم خانوادم هیییچ خمایتی نکردن.ن اومدن کمکم ن اینکه اینکه یرام غذا فرستادن ن حداقل خوراکی میفرستادن.من بچه سومم..همونا هم کمکی نداشتن.دختر اولم مادرشوهر پیرم اومد شنبه بیمارستان.بعدی خدماتی پول دادیم اومد.الانم من کلی استرس کشبدم چون سزارین اورژانسی بابد بشم شرایطم سختتر میشه.با ی خدماتی صخبت کردم بتونه پول بدیم شب بیاد پیشم...کلی دلم گرفته ک خونوادم هیچوقت حمایت نکردن و پشتم نبودن.و حتی بدردم نخوردن.من چهار خواهر دارم.از اونا انتظاری نداشتم بدرد بخورن غیر ی نفر ک از شانس لهم مامانم بعد چهل سال خواست عمل واریس کنه دقیقا زمان زایمان منه و قرار بود بره پیش همین خواهرم ک ی جورای دلسورتر از بقیه هس,7.111111111111111
thread_17848952_starter,آبرسان دراماتیکالیش که بی رنگه،زردش نه، اونی که بی رنگه، محصولش تو شیشهس یا پلاستیکیه؟ لطفا هرکسی مطمئنه جواب بده,1.0
408497824,"من در هر دو بارداریم داشتم
الانم درد دارن اووف کی هفته ۲۳میاد🥴",2.9999999999999996
thread_17486203_starter,سلام من طبق تاریخ پریودیم ۹ هفتمه اما سنو رفته بودم ۲ هفته پیش گفت ۶ هفتست ساک حاملگی و کیسه زرد رویت شد اما جنین نبود بعد از دو هفته که میشه ۸ هفته رفتم سنو جنین بود اما ضربان نداشت . زد احتمال سقط فراموش شده هست و سنو رو باید ۵ روز دیگه تکرار کنم .کسی بوده شرایطه منو داشته باشه ضربان قلبه بچش اوکی شده باشه؟خونروزی و ترشح ندارم. حالت تهوع هم دارم هنوز .خیلی نگرانم,6.111111111111111
thread_13602365_starter,"شوهرم رفته خونش دیده داره بطری نوشانه و اشغالهای پلاستیکی و قوطی کنسرو و اینا رو از تو خونه اش جمع میکنه، شوهرم گفته میخوای چکار کنی؟ گفته میخوام بفروشم برم با پولش برای خودم گوشی بخرم😳😳شوهرمم هم رفتا 30 میلیون داده واسه اش گوشی خریده. حالا میگم جرا اینکار کردی؟ 3 ماه دیگه بچه مون دنیا میاد باید براش سیسمونی بخریم و پول بیمارستان بدیم. میگه سیسمونی رو که مادر تو باید بخره🤕🤕بچه رو هم طبیعی دنیا بیار، پول سزارین ندارم😭😭
من واقعا نمیدونم با این ادم چکار کنم. اینقدر حرص خوردم تگش قلب گرفتم",6.7407407407407405
thread_9273837_starter,"چی خوردین که خوب وزن گرفت
سمنو خوبه؟
چه خوراکی هایی خوبه روی هوشش هم تاثیر میزاره جز ماهی و امگا سه",1.0
348984910,ببین مادری درک میکنم ولی رو خودت کار کن دیگه پشتشو نگیری جلو پدرش بعدأ اصلأ هربلایی دلت خاست سر باباش دربیار ولی جلوی بچه هرگز ما همیشه از بابامون حساب بردیم همیشه احترامشو داشتیم قدرشو میدونستیم چون مامانم همیشه احترام میذاشت هیچوقت بابامون ب طرز فجیخی کتککمون میزد مامانم اصلأ دخالت نمیکرد اما بیچاره مامانم بهمون تو میگفت بابام خودشو مینداخت وسط ما هیچوقت ن از مامانمون ترسیدیم ن احترامی گذاشتیم ن قدرشو دونستیم,2.9999999999999996
thread_16582544_starter,دوستان دکتر برام قرص سایتوتک نوشت .چون سنم بالاس و گفت مشکل ژنتیکی داره باید سقط شه .دستورش داده .فقط،گفتم از شما بپرسم که اگه تجربه دارین چه چیزهایی همراش بخورم دردم کمتر باشه یا ازیت نشم .چکار کنم.,4.7407407407407405
thread_17140656_starter,خانوما من ۳ سال پیش متوجه شدم زیر شکمم دقیقا ردی ناحیه تناسلی سمت چپم یکم متورم شده رفتم دکتر زنان گفت سونو بده بعدش گفت چیزی نیست فتق  منم جدی نگرفتم الان درد دارم و اون تورم اومده پایین تر بین کشاله رونم و ناحیه تناسلی و سفت شده  رفتم سونو دادم دکتر سونو گفت ن فتق نیست گوشت اضافس,3.3703703703703702
thread_17823138_starter,"میگم تقریبا ۵روز بعد موعد بتا ۱۲۸/۵
کمه؟
امشب باید برم آزمایش دوم حتما باید ۴۸ساعت باشه
دوسه ساعت قبلش نمیشه؟",2.3703703703703702
thread_17790510_starter,سلام من ۷ هفته بودم رفتم سونو قلب نداشت گفت سقط کن من الان موندم چیکار کنم کارم شدع گریع کلی نذرو نیاز کردم 😞شما کمکم کنین چیکار کنم,6.7407407407407405
thread_9443994_starter,"سلام من تو هفته ۱۳ هستم
هر قدر تو می نی سایت گشتم همه اطلاعات و صحبت‌ها قدیمی بودن
دوست دارم این دوران تنها نباشم
چون خیلی وقتها نگرانی ها اذیتم می‌کنه مثل الان که از سلفری دارم و منتظرممممم",4.7407407407407405
325706786,"چه تلخ
متاسفم
خدا رحمتش کنه جایگاهش بهشت باشه
به بازماندگان صبر و اجر بده
براش قرآن و فاتحه و صلوات بفرست
نماز هدیه بخون
خیرات بده
دستش کوتاهه",1.0
356407157,من برای عقدم استرس داشتم سمبل طیب دم کردم که از استریک کم بشه. چون مقدارش زیاد بود صدام گرفت و در نیومد🤣🤣🤣,3.3703703703703702
396266542,"نه کمر و لگن داره جا باز میکنه.
اگه شدیدتر شد یا لکه بینی داشتی برو دکتر",1.0
342507977,توبه کن و به خدا قول بده دیگه تکرار نمیکنی و برو وضو بگیر برای عاقبت به خیری و سلامت روح و جسم جنینت پیش خدا دعا کن.خدا ارحم الراحمینه,1.0
thread_15738399_starter,"سلام من ۲۰ ام ماه قبل پریود شدم یه روز دیگه باید دوباره پریود بشم
من گاهی وقتا علایم خستگی و خواب الودگی دارم .کمرم تیر میکشه گاهی وقتا . غذا که بخورم نفخ شدید میکنم . یه دو سه باری هم حالت تهو داشتم ولی بالا نیوردم
ممکنه باردار باشم یا عادیه ؟؟؟؟",2.3703703703703702
thread_12481148_starter,"سلام خاهش میکنم کسایی ک تجربه دارن کمک کنن
من هفته ۸ فهمیدم باردارم قرص سایتوتک تهیه کردم و ده تا مصرف کردم واژینال و زیر زبانی
ک  چنتا لخته ازم دفع شد و فک کردم جنین هست نرفتم سونو بعد چن هفته رفتم  دیدم سقط نشده  هفته ۱۴  بودم
بعد ب ناچار  باز قرص سایتوتک تهیه کردم مصرف کردم  ده تا ب همون صورت این سری دیگ چیزی ازم دفع نشد  هفته ۱۵ هستم سونو  روتین انجام دادم گف ضربان قلب و اینا مایع اینا و حرکات جنین نرماله  با این بیس تا قرصی ک من‌مصرف کردم  بچه ناقص میشه خواهشن کسی ک تجربه داره ترو خدا بهم کمک کنید دارم از استرس میمیرم اگه کسی تجربه ای داره ب نظرتون با بیستا قرصی ک مصرف کردم صلاحه ب دنیا بیارمش اگ سالم بود خیلی پشیمونم بچه اولمه  خیلی استرس دارم خواهش میکنم کمک کنید",8.37037037037037
319600734,"از سایت یا اپلیکیشن سینما تیکت
فیلم و سینما رو انتخاب می کنی زمان ها و صندلی های خالی رو میاره
بعد هم یه کد میده که دم ورودی سینما باید کد رو تو دستگاه بزنی و بلیط رو بگیری",1.0
406318764,"بچش که داغونه، خودشم انگار تو جهنمه بیچاره
خدا به دادش برسه
پدر شریفش با سن بالا دستفروشی میکنه شرق تهران و نمیتونه بره خونه پدرش چون خواهرشم شوهرش مرده و با یه بچه اونجاس. داداششم عصبیه و بچشو کتک میزنه بره اونجا.
شوهرشم گفته اگه نره از خونش با چاقو....
چون قبلا مهریش رو بخشیده شوهرش پرو شده",2.259259259259259
266908403,وااای نگو . حالم خرابه دارم می میرم . سه روز قهریم رفته .  عقدیم هنوز خونه مشترک نداریم . پسفردا تولدشه موندم چیکار کنم . وقتی داشت میرفت گفتم من طلاقمو می گیرم این زندگی نیست اونم خیلی ترسید ولی ناراحت شد و رفت . منم حق طلاق دارم اللن هرلحظه فکر میکنم طلاقمو میخوام بگیرم . نمیدونم باید چیکار کنم هیچ عکس العملی نشون ندم واسه تولدش؟ یا چی؟,7.370370370370369
thread_12981137_starter,"سلام
دکتر دارو بهتون چیا داده؟ به من پماد موضعی کلوترمازول داده روزی دو بار. کم شده بود ولی دوباره که قطع کردم زیاد شده.
صبح ها که از خواب بیدار میشم مثل آب روان انگار ازم خارج میشم. شما هم اینجوری بودین؟ ولی خب بقیه روز اینجوری نیستم.
دکتر واسه شنبه نوبت داده",2.6296296296296293
377574643,من قبلا لاغر بودم بعد زایمانهام پوست اضافی نیاوردم ولییییی ترک پوستی🤧😫تا دلت بخواد,1.3703703703703702
346444451,من تهرانی نیستم از طرف محل کارم معرفی شدم یک هفته ای وقت دادن. تمام آزمایش ها هم همون روز انجام دادم چون باید برمیگشتم شهرم.,1.0
thread_15861502_starter,عزیزان برای اینکه راحتر سقط انجام بشه  چی میتونیم بخوریم,2.259259259259259
278412666,"الهی😍 خدا حفظش کنه
نمیدونم چرا عاشق اینجور کارا شدم چندوقتیه تازه باردار هم نیستم هنوز
یادتون هست کع خانوما توی تاپیکایی کع میزدید چیا میگفتن؟ چیزایی که جدید باشه",1.0
401016484,"من ۳ هفته تو ماه پنجم خونریزی پیدا کردم و استراحت مطلق شدم
والا مادرم و ۳ خواهرم تو شهر خودمونن فقط تلفنی احوالپرسی کردن
خودم پا میشدم غذا میپختم ظرف میشستج اما جارو هفته ای ی بار همسرم",5.37037037037037
thread_6236169_yaas1392_1400/01/20 20:40,"بارداری همینه بعد سونوی قلب استرس ان تی بعد انومالی بعد ازمایش دیابت و اینا بعد استرس زایمان
کلا همینه تازه اصل ماجرا بعد تولد بچه ست😑😂😂
خلاصه روزای روشن خداحافظ✋🏻😂😂",3.6296296296296298
403182267,پسر من نه میشه بهش دارو داد نه هم میزاره سرم بزنم ۴سالشه اصلا گیر افتادم همون شیافم دیشب کلی گریه کرد 😓,5.37037037037037
thread_12607907_بانوآبی_1402/09/21 22:25,غلط کرده دهن کجی کرده بهش بگو ادم ناحسابی بفهم این مرده که تایین می کنه بچه دختر باشه یا پسر نه زن چون زن دوتا آللxx داره که یکیش به بچه میده مردxyکه این yکه تایین می کنه پسر باشه اگه ژن xبده دختر می شه بعدم پسر چه گِلی می خواد به سرش بزنه که دختر نمی تونه,2.259259259259259
thread_17769815_starter,من تخمدان پلی کیستیک دارم. اخرین پریودم ۱۹ آذر بود. ۲۲ دی تا ۲۴ دی لکه های قهوه ای سبک و کم ازم ترشح شد. ۲۴ دی آزمایش بتا دادم و ۱۳/۹ بود. ۲۸ دی آزمایشو تکرار کردم و ۶۷/۷ بود.اما ۲۹ دی لکه های قهوه ای و قرمز ازم ترشح شد. رفتم دکتر سونو واژینال کرد گفت یه کیست میبینم  که الان خیلی ارزش صحبت نداره. دیواره رحم ضخامت مناسبی داره ک احتمال داخل رحمی بودن رو افزایش میده و اینکه چون فعلا اول بارداریه ساک بارداری قابل مشاهده نیست. بعد بهم شیاف پروژسترون داد که دوتا در روز استفاده کنم. ۱ بهمن ماه حجم خون کمی بیشتر شد و حساسیت سینم هم کم شد. ظهرش هم سه تا لخته سیاه اندازه نخود دفع کردم . بدون درد .۲ بهمن لکه بینیم دوباره سبک و قهوه ایه اما وقتی میرم دستشویی لخته های متصل و دراز مثل پریود دفع میکنم و بتام ۱۷۸ هست. عملا مثل پریودام کسی اینجوری نشده؟,4.0
thread_14822993_starter,"چقدر بدم میاد هر کی از راه میرسه بهمون میگه چرا بچه نمیارین؟ و شروع میکنه به نصیحت کردن
چرا فکر میکنن ما خودمون عقل نداریم و صلاح زندگیمونو نمیدونیم؟ چرا به ذهنشون خطور نمیکنه شاید کسی مشکل ناباروری داره اما نمیخواد دیگران بفهمن‌؟
جواب آدمای بی سواد و فضول رو چی بدم؟
تازه ما یکسال و نیمه عروسی کردیم یه سقط داشتم که نذاشتیم کسی بفهمه اما دیگران جوری بهمون بچه رو گوشزد میکنن انقد ۱۰ ساله ازدواج کردیم🥴",4.37037037037037
thread_17892579_starter,"مادرم وقتی نوزاد بودی گذاشت رفت بابامم معتاد
خواهر دوقلوی من نمیتونه راه بره مشکل ذهنی نداره
ولی خواهرم به شدت لجباز بد اخلاق کسی نمیتونه تحملش کنه
من براش کم نذاشتم اصلا تا دانشگاه بردمش کار پیدا کردم نکرد
دکتر بردمش چند صد میلیون همه زندگیمو فروختم خوب شده بود با عصا راه میزفت عاشق مرد متاهل شد خودکشی کرد از قبلم بدتر شد
مامانبزرگم فوت شده خواهرم الان اونجاست ولی موقته
بابام کمپ ترک اعتیاد خودم فرستادمش (چون معتاد بود تو خواستگاریم نیاوردمش خودش رفت ترک کنه)
بابام خونه داره زن دوم داره
من میدونم که از کمپ بیاد بیرون بمونه پیش زنش احتمالا نره سمت مواد
ولی زنش خواهرمو نگه نمیداره و طلاق میگیره و اگه طلاف بگیرن بابام باز از فرصت استغاده میکنه چون خونه خالی میوفتا دستش معتاد میشه
ولی خب خواهرمو چیکار کنم نمیره بهزیستی میگه وظیفتونه منو نگه دارین
درحالی که میدونم بابامم اونو نگه نمیداره وقتایی که اج میکنه عمدا دستشویی میکنه تو خونه جیغ میزنه
فقط دنبال شوهره میگه شما منو شوهر نمیدین
خلاصه من موندم نمیدونم باید چیکار کنم",8.999999999999998
334482053,"تو منو یاد خودم انداختی
واسه منم همینجور بود
تا هفته 30 همه چیز نرمال بود
هفته 32 که سونو دادم سیر به سمت IUGR زد
این نوشته همانا و شروع مکافات من همانا...
حتی IUGR ثابت شد و من هر روز سونوگرافی بودم
تهش گفتن رشدش تو 32 هفته متوقف شده...
بچه که به دنیا اومد حرفی که دکتر زد این بود که بچه کامله و شبیه IUGR ها نیست...",5.111111111111111
342459145,"سلام
سلام
از نی نی یار سوال کنین.
تاریخچه ی مرورگر رو پاک کنین و دوباره توی تماس با ما بگین.
دقیق همون گزینه رو باید بزنین و بگین.
اگر نشد فردا با niniyar_3 حرف بزنین.",1.0
359198355,"داداشم ۲.۵ سالش بود ختنه شد خیلی اذیت شد قبلش همش کرونا بود ترسدیم
ولی بچم خیلی اذیت شد تا دو روز جیش نکرد از ترس می‌ترسید
ولی یکی از فامیلامون زیر یک سالگی بردش ختنه‌اش کرد خیلی راحت بود
تازه زود تر هم خوب شد چون کوچیک تر بود
همین الان ببرش ولی پوشکش نکن زیرش پارچه و چی بنداز",2.0
387901847,"گاهی وقتا حس کلافگی و تنگی نفس و درد تو شکم دارم
پفففف انقذ میترسم از انقباض 🥲هنوز ۲۹هفتمه زود نیس آخه برا انقباض
باید تو طول روز بشمارم؟",5.37037037037037
368185435,"خبر بد دادن عزیزم😔
باید برم برای سقط 😭😭",4.481481481481481
339258407,"سلام دختر من با این مشکل به دنیا اومد
درز جلو پیشونی تو جنین‌ ینی وقتی حامله ای بچه تو رحم هست بسته میشه اسم اون درز هست متوپیک
اون باید باز باشه تا جمجمه رشد کنه،
اون که بسته میشه نمیزاره مغز از اونجا رشد کنه
و جمجمه یه حالت مثلث مانند و تیز مابین ابروها میشه عین قله
ولی خدا رو شکر این مشکل که یه ناهنجاری ژنتیک هست
راه‌حل درمانی داره
اونم عمل هست
عمل یک ساعته تحت بیهوشی یکی دو سانت بالای پیشونی رو باز کرده و درز رو باز میکنن
بعد کلاه فرم دهی میدهن که باید سر بچه بزاری بعد عمل
دور سر بچه های تریگونوسفالی کوچکتر از بقیه بچه ها و رشد دور سر هم کمتر از بقیه بچه ها هست
بازم هر سوالی داری بپرس",2.6296296296296293
thread_8731189_دخمل_احساس_1401/03/06 19:06,بی بی چک یک هفته باید بگزره بعد الان نشون نمی‌ده .‌‌‌‌‌‌‌اره خودمم حساسم ولی چه کنم واقعا نمیدونم,2.3703703703703702
331296218,نترس ن درد داره ن ترس راحته راحته,1.0
thread_13564036_starter,"به آسمان نگاه میکنم
نظاره گر رحمت الهی هستم...
کوه و کوهپایه همه سبز شدند...
چقدر بهار دیدنی شده...
ممکن است  در دل من هم میوه ای جوانه زده باشد؟
خداوندا فقط وفقط تو میدانی...
دلم گرفته است...
چه بگویم؟ از بی بی چکِ منفی که به من دهن کجی میکند؟
از دلدرد تهدید آمیزی که که هر بار پتکِ غم و غصه را محکم بر سرم میکوبد و اشک از چشمانم سرازیر میکند؟
از درد و کبودی بدنم که یاد آورِ زخم های انتظار و آمپول های فراوان است...
خدایا هوای دلم را داشته باش...
کمک کن مثبت شود
که اگر نشودمن چگونه از این همه غم قامت راست کنم
نمیتوانم😔",6.111111111111111
thread_6358267_starter,"سلام بچها
امروز خونه مادر شوهرم فقط ما افطاری دعوت بودیم و قبلش همسرم دقیقا ۲ تا ۳ ساعت قبل اذان میگفت بریم بریم
من بهش گفتم بزار یه ساعت بعد میریم خلاصه کلی کج خلقی کرد با من که ....دلایل الکی و پوچ
من هم گفتم باردارم الان وضعیتم فرق میکنه مثل قدیما نمیتونم بشینم اما انگار گوشش بدهکار نیست
بهم قول داد آخر شب ویاری ک کردم رو برام از بیرون بخره اما انکار ن انگار و باهم قرار گذاشتیم منو زودتر بیاره خونه چون من واقعا کمر درد اذیتم میکنه خونه خودم راحت ترم حتی خونه مادرم به زور میرم.
دوبااااره باد کرد و قیافه گرفت که چرا من زودتر از اون میرم حالا هم خودش خونه مادرشه گفته دیرتر میاد
من که برام مهم نیست اما موقع خدافظی دوبار ازش خداحافظی کردم جوابمو نداد منم عصبی شدم در رو محکم بستم بعد چند دقیقه زنگ زد هرچی دلش خواست بارم کرد منم ازش میترسم شب بیاد
اصلا نمیدونم چیکار کنم هر چقد ارامشمو حفظ میکنم بخاطر بچه م اما شوهرم اصلا متوجه نیست
شما یه راهکار بدید امشب چطور برخورد کنم
فعلا خودمو زدم ب خواب بنظرتون درسته اینکار؟",7.111111111111111
371075891,تروخدا بگین مردم از استرس,7.370370370370369
402712616,"همون متیل آرگون رو بخور
طناب زیاد بزن ،بپر بپر بکن ،پله زیاد بالا پایین برو ،سیاه دونه بخور ، دم نوش آویشن بخور
یه کاری کن که تو پریودت خونریزی بیشتر بشه",1.6296296296296298
368980273,عزیزم نکن تورو خدا نکن من چهارساله ارزو بچه دارم بخدا از دکترا ناامید شدم ی خارج رحمی خدا بهم داد ک 😭😭 خواهش میکنم نکن من حاضرم فرش زیر پامو بفروشم ی بچه سالم داشته باشمم خدا بهت داده مفت و مجانی من کلی پول خرج کردم الانم میگن ای وی اف کلی خرج کنم کلی برم بیام شایدد شاید بشه بخدا جیگرم اتیش میگیره بچه نوزاد یا زن حامله میبینم شوهر من برعکس شوهر تو مدام میگ میشه یعنی باردار ببینمت🥲🥲کلی لباس بچه خریدم ولییی خدا مارو لایق ندیده لایق مادری باش خواهش میکنم,5.7407407407407405
246934094,باید نزدیکش باشم نمیشه تنهاش گذاشت. مشکلای زیادی داره پسرم... چی بگم... 😔,4.111111111111111
288054383,دقیقا همینو بهش میگم... میگم تو قبلا این چیزا رو نمی‌خواستم الان چرا ولی برعکس هرشب میخوای میگه خودمم نمی‌دونم چند شده و شهوتم زده بالا و اصلا کاش یه قرص بود میخوردم و ... ولی همش الکی خودم حس میکنم دیدن این فیلم ها و حرف زدن راجب زن های دیگه آنقدر بهش مزه داده که همش دنبال  این رابطه ست...,3.7407407407407405
thread_12607907_starter,سلام بچها خیلی ناراحتم من یه دختر شش ساله داره امروزم سیزده هفته رفتم سونو ان تی گفتن هفتاد درصد دختره از ترس ناراحتی شوهرم گفتم دکتر گفته پسره ولی نتونستم تحمل کنم الان گفتم بهم گفتن دختره اگه بدونین چقدر و چند درجه تغیر کرد حتی بلند شد رفت یجا دیگه خوابید و همش گفت من دختر نمیخوام یکی داریم بسه چیکار کنم اروم بشه و کنار بیاد باهاش؟جالب اینجاست خانوادشونم کامل دخترزاهستن یجورایی ارثیه,5.111111111111111
thread_15938999_starter,"اینجا مامانی بوده بره مرکز ژنتیک کریمی نژاد و اونها بفرستندش پیش دکتر حقیقی برای آمنیوسنتز ؟ تجربه ای با دکتر حقیقی دارید؟
در ضمن مامانی بوده که آزمایش سلفری (NIPT) ش های ریسک باشه برای تریزومی ۱۸؟",2.7407407407407405
385312184,به خدا که مال من از هفته های اول درد داشتم بعد که بزرگ شدو از حالت بریج در اومد راحت شدم همه چیز هم برام نرمال بود وبارداری ناخواسته هم بود,2.0
thread_11470394_starter,"بچه ها میگم
آدم میشه یه ماه دانشگاه دولتی بخونه  و انصراف بده ؟
منظورم اینه مهر قثی بخونی بعد انصراف بدی
میشه ؟
پرسیدم بعضیا میگن نه حتنما باید  یه ترم بخونی کامل یاد انصراف بدی بعضیا میگن میشه ولی باید پنجاه میلیون بدی بعضیا میگن میشه ولی از کنکور‌محروم میشی
آخر یعنی چی
یعنی نمیشه مهر برم دانشگاه یه ماه بخونم بعد انصراف بدم ؟😥",2.7407407407407405
357874558,عزیزم شاید خانواده عوضیش جادو جنبلش کردن ،شوهر منم مثل شمر بود تا یه چیز می گفتم حمله می کرد ،تو بارداری بچم انقد وحشی بازی درآورد از ترسم دیگه حامله نشدم ،بعدها فهمیدم سحر کرده بودنمون ،با سوره بقره و قرآن و نماز ..الان خیلی بهتره ...البته اوایل که می خوندم بدتر شده بود چون موکل طلسم می خواد فشار بیاره که نخونی و ادامه ندی ...خدا نابودشون کنه اونایی که سحر می زنن من که حلال نمی کنم,4.7407407407407405
363817367,"نه دختره
الان دارم گریه میکنم از درد
وای خونم ترکیده
تک و تنهام یکی هم نیست دستم آب بده
دشویی هم نمیتونم برم باید کسی باشه زیر بغلمو بگیره بلندم کنه😭
نیم ساعت پیش رفتم دشویی دهنم صاف شد از درد",8.0
413420821,منظورم ثروتمنده  وگرنه داشتن کار خوب و خونه و ماشین خودم در توانم هست بگیرم( البته خونه کوچیک در حد مسکن مهر اینا میتونم بگیرم) و به کسی که اینهارو داشته باشه پولدار نمیگم. میخوام با کسی ازدواج کنم از خودم بالاتر باشه.,1.0
308273264,"اره قشنگم
نوشته حرکات و ضربان قلب نرمال و منظمه
قل سمت چپ تصویرت هم هست شکر خدا سالمه
اما متاسفانه اونیکی ضربان قلب نداره انگار
فوریییی برو دکتر زنان اصلا معطل نکنیاااا!
ببین تکلیف اونیکی قل چیه
خدایی نکرده اگر کلا ناقص باشه باید پیگیری کنی اونیکی اسیب نبینه
باید پیگیرش باشی",2.888888888888889
thread_16418751_starter,"اینجا مینویسم تا اگر کسی مشابه حال منو داره به دردش بخوره
من از پایان هفته ششم ویار و تهوع شدیدن شروع شد
به همراه سرگیجه
تهوع و سرگیجه خیلی خیلی شدید
که نه میتونستم چیزی بخورم نه یک قطره آب
و همش گریه میکردم و خوابیده بودم
چند روز گذشت حالم بدتر شد
وزن کم کردم
پوستم خشک شد …. ادامه دارد",7.370370370370369
325688654,"من سحر خیزم ۶ و نیم بیدار میشم
خونه خودمه و تنهام البته پدرم چند وقتیه فوت شده به مامانم زیاد سری میزنم
من کتاب شکرگزاری راندا برن رو همراه تمرین روزش انجام میدم
خیلی ارتعاشت خوب میشه
دوره های دکتر سیدمجتبی حورایی خیلی خوبه توی اینستا بزن پیششون میاد بایو پیجش شرایط ثبت نامش هست .کلا ارتعاشات خوب بفرست به خونه و زندگیت و ادمها حالت عالی میشه",1.0
412842019,"منم سر دختر اول قرص از درمانگاه دادن شیردهی بهش میگفتن فک کنم پریود نشدم یه ماه
هنوز اون لحظه که با گریه با بی بی چک اومدم تو اتاق یادمه شدن شیر به شیر ولی انقد خستمه هرکی از بچه اسم میبره حالم بد میشه
ولی ماشالا به روحیه ی شما خدا براتون حفظشون کنه",4.481481481481481
thread_12853035_starter,خانما من دیشب دخترداییم خونمون بود بعد جاتون خالی هوس لازانیا کرده بودم نمک غذارو اون زد وقتی اومدم بخورم دیدم شوره اما چون خیلی دلم میخواست و چیز دیگه ای نبود همونو خوردم کلا در طول روز زیاد نمک و چیزهای شور نمی‌خورم الان عذاب وجدان و استرس گرفتم آخه میگن بچه خفه میشه ۹ هفتمه,5.37037037037037
354054400,من ندادم همیشه هم برای توجیه خودم میگفتم قدیما که هیچکس به بچش نمیداد مگه چی شد نه خودم ویتامین خوردم نه به پسرم دادم هیچ چی,1.6296296296296298
274322446,"فکر میکردم عالی میشه این ماه ولی نبود
هرشب ترس از زلزله دارم
دو روزه دخترم آبله مرغون گرفته
از اونطرف هم خونه تکونیم مونده با وضعیت دخترم نمیتونم انجام بدم خیلی خستم کلا
کاش زودتر این ماه تموم شه",6.370370370370369
397698090,پسر هم هست وای ب حال من 😭,2.0
413975039,بله 75 متره اسفند تموم کردیم هزینه با توجه به مصالحی ک استفاده میکنی متغیره ولی از بعد جنگ هزینه ها سرسام آور رفته بالا دو سه برابر,1.3703703703703702
thread_15749264_starter,"من ۴ماهه پسرم ب دنیا اومده
قبل به دنیا اومدنش میدونستیم
ولی وقتی ب دنیا اومد
مردم و زنده شده
پشت سرش صاف بود
هر شب کارم شده بود گریه و اینکه بیام سایت مطالب تکراری رو بخونم تا شاید یکم اروم بشم
شاید این تاپیک دلگرمی بشه برای خیلیا",6.111111111111111
334602930,نه والا.من دوتا دارم دیگم با بارداری خداحافظی کردم....,1.0
357132305,پسرم برخورده وزنش زیاده هنوزم راه نمیره مشکلات مالی هم که همیشه هست اینکه خودمم باید محدود کنم به تو خونه موندن از خودم باید کامل دست بکشم و بقول دوستمون احتمال خیانت هم هست,6.7407407407407405
thread_14442049_starter,بچه ها تورو خدا بگین من الان ازاین بعد باید چه رفتاری داشته باشم من باردارم یک ماه و خوردی و بارداریم هم پرخطره با هزارتا قرص و امپول باردار شدم امروز رفتم خونه مادرشوهرم منو گذاشته پای گاز که غذا بپز خودشم هیچ کاری نداشت اگر کار داشت خب حرفی نبود واسه خودش چایی و میوه برد نشست جلو تلوزیون اینقدر دل درد و کمر دارم که نگو شدید ترهم شده الان نشسته بودیم یهو عمه شوهرم اومد من سلام کردم متوجه نشد دوباره سلام کردم گفت ببخشید شلوغه اینجا نفهمیدم منم گفتم خواهش میکنم متوجه شدم یه بار سلام دادم نشنیدید گفتم متوجه نشدید شما ببخشید ازاون مادر شوهرم میگه صدا این از ته چاه درمیاد و تیکه انداخت بهم دکترم گفته باماسک برو اگر جایی میری به زور ماسک منو کشیده پایین که ببینم ژلی چیزی نزده باشی به شوهرم گفتم پاشو بریم گفت چیشده منم تعریف کردم میگه حالا مگع چیشده و طرف مادرشو گرفت منم گفتم غلط میکنه اینجوری بامن حرف میزنه خسته شدم دیگه ازدستش اقا بامن قهرمیکنه که چرا به مادرم اینجور میگی,6.7407407407407405
274477548,"کلا تو بارداری کلی حس ها و دردهای مختلف تجربه میشه که ممکنه برای همه یکسان نباشه
مامان شدنت مبارک",1.0
thread_15488247_starter,عزیزان من تو آزمایش اول غربالگری های ریسک بودم و سنمم ۴۰ آزمایش سلفری دادم ریسک پایین داد ولی باز هم دکترم میگه ما سن ۴۰ می‌فرستیم آمنیو ولی با توجه به اینکه من هماتوم دارم میترسم سقط یا ......,5.37037037037037
336287996,خیلیم وزنم اوکی نیست ولی زیادیم بالانرفته وزن ۷۸باردارشدم الان ۸۶هستم دوونیم ماهم مونده تا زایمانم,1.0
thread_16537825_starter,الان ۱۶ هفته و ۳ روزمه آخرین سونو که دادم ۲۰ تیر بود که ۳ روز بعدش جنگ شد و بنا به دلایلی مجبور شدم تهران بمونم اما خدا می دونه که چقدر استرس کشیدم خونمونم جای حساسیه هر شب از غروب تا خود صبح با صدای انفجار و پدافند از خواب می پریدم و تپش قلب می گرفتم الانم که اون روزا تموم شده دائم استرس دارم و بهانه می گیرم و گریه می کنم دست خودم نیست افسرده و عصبی شدم,7.74074074074074
318805006,ینی احتمالش کمه و خیالم راحت باشه؟؟,2.3703703703703702
thread_13202486_starter,"تو غربالگری اول ریسکم بالاست.
ریسک سندروم دان 1 به 38
هفته ی پیش دکتر متخصص زنان رفتم، گفت به احتمال زیاد به خاطر سن، های ریسک زده. اما نمیشه ازش گذشت. باید حتما آمینتوسنتز انجام بدی.
حالا فردا میخوام برم، دکتر پرنالوژیست ببینم نظر اون چیه.
نمیدونم چرا از وقتی دیدم تو اینترنت با یک سوزن بزرگ این کاررو انجام میدن، خیلی ترسیدم.
جالبیش اینه اصلا آدم ترسویی نیستم. بیشتر مواقع مریض میشم، میگم به جای قرص، آمپول تجویز کنن.
اما همش میگم یعنی این سوزن به جنین نمیخوره.
کسانی که انجام دادن، نترسیدن؟ درد نداشت؟
بچشون سقط نشد خدای ناکرده؟
هزینش هم یک جور داره اذیتم میکنه.
دم عیدی، معلوم نیست چقدر پول بگیرن. کسی امسال انجام داده، بگه چقدر هزینش شد؟
دکتر میگفت اگه خدای ناکرده بچه مشکل داشته باشه، مجوز سقط رو فقط برای جواب آمینو که قطعی هست،میدن.
نمیتونم هم بزاری برای بعد عید، چون از وقت قانونی سقط میگذره.
خدایا خودت کمک کن، حالم بده سر این موضوع",7.111111111111111
thread_14842209_starter,"سلام خانوما ۱۵ هفته و دوروزمه فردا نوبت سرکلاژ دارم جفتم لولایینگ خیلی میترسم کسی تجربه داشته میشه لطفا کمکم کنید....
خطرناکِ؟
دکترم میگه سودش بیشتر از ضررشِ ولی بازم ترس تو وجودمه",5.37037037037037
thread_11082963_starter,سلام بچه ها خوبید من ۳ سال پیش زایمان طبیعی داشتم بچمم نزدیک ۴ کیلو بود الان نزدیکه ۱ ساله افتادگی مثانه گرفتم و امروز متوجه شدم بیشتر شده کیا اینجوری بودن آیا با جراحی خوب میشه؟تو نزدیکی با همسر مشکل ایجاد میکنه؟هرچی میدونید بگید😭😭,4.7407407407407405
411683224,"من فقط یه سوال برام پیش اومد که لباس زیر چرا باید پوشیده باشی؟
اصلا چجوری میشه با لباس زیر حتی بدون دخول😐😐😂",1.0
326292344,اگه بگی فرم شکمت چجوریه میتونم حدس بزنم . اگه مثل توپ شده و روبه جلو و نوک تیزه احتمالا پسر. اگه تو پهلوهاست دختر. اگه صورتت خیلی پف کرده دختر ،اگه پف نداری و صورتت خوشگلتره شده پسره😋 تجربیات خودم بود.😁,1.0
374922380,دختر من ۷ سالشه میگه بیا باهم حرف بزنیم دوست دارم باهاش حرف بزنم ولی حرفی ندارم بهم میگه از خاطرات بچگی حرف بزن ولی نمیتونم چیزی تعریف کنم بچگیش کلا نزدیک مادرشوهرم بودم ته همه ی خاطره هام تلخه به مسافرتامون فکر میکنم همش تلخه به تولدش نگاه میکنم تلخه پر از نیشه کنایه هایی که یادم میاد یا خیلی موارد دیگه حس بدیه میترسم بزرگتر که بشه از من زده بشه فکر کنه بهش اهمیت نمیدم,4.111111111111111
413257877,هیچ عیبی نداره هیچی همه چیش خوبه حتی تحصیلاتشم خوبه اخلاقشم مودبه با احترام من توی چند روز ویژگی بدی ندیدم ولی مشاوره هم رفتیم اونم تأیید کرد که خوبه برای هم مناسبین😔,2.0
thread_11151960_starter,"؟؟؟ در حدود 5 تومن
خانوادم نمیدن. از دوستام بگیرم؟ آخه خیلی صمیمی نیستیم. دنبال کار هم هستم ولی خب الان پول میخام",4.7407407407407405
thread_18139947_starter,"امیدوارم تایید شه
نی نی یار تایید کن
دو ماه با یکی چت میکردم به هدف آشنایی و رابطه تقریبا هر روزشو حرف میزدیم بیشتر اوقات هم خودش پیام میداد ولی مثلا دفعه اخری که حرف زدیم من اول پیام دادم الان چهار روزه خبری نیست ازش منم پیام ندادم بهش، پیام ندم و بیخیالش شم؟ اخه چرا یهو یه دفعه چیشد؟ هیچ بحث و دعوایی هم نداشتیم آخرین مکالمه مون هم گرم بود نسبتا",3.7407407407407405
396556283,"خب همین تومیدونی داری چه بلایی سرروحو روان اون بچه میاری تو فک کن خودت یه آدمی با حالت غیرنرمال ببینی نمیترسی ازش بعد تو فک کن مادرت باشه
برو خودتو درمون کن چرا دارین عذاب میکشین منم زود ازکوره درمیرم ولی وحشتناک نیستم من ازاینجاازتون ترسیدم چه برسه اون طفل معصوم توروخدابچتو نجات بده",2.6296296296296293
307304184,اصلا شبیه باردارای نی نی سایت نبودم که بخاطر خوردنی یاویارگریه کنم😕اگرچیزی هم هوس میکردم همون زمان نبودروزبعدش تهیه میکردم.,1.0
338558027,دست زدم ب شلوارم دستم کثیف شد ولی کم بود زیاد نبود,1.0
thread_17792227_starter,"کسی بوده دیر بی بی چکش مثبت شده باشه و پسر به دنیل آورده باشه..
منظورم اینه دیر یا زود معلوم شدن بارداری به جنسیت بچه ربط داره؟",1.0
thread_18071475_starter,"سونوی اول ۵هفته بودم رفتم همه چی اوکی
سونو دوم هشت هفته گفت جنین واضحی ندیدم
سونوی بعدی نه هفته گفت پوچه
البته تو هفت هفته متاسفانه یک قرص میزو استفاده کردم که خیلی پشیمونم...
الان تمام علائم حاملگی رو دارم ولی علائم سقط نه..",5.37037037037037
361750309,"بزار پسر قشنگت آروم باشه و همبازی فرشته ها
گریه شما نمیزاره آروم باشه
با گریه شما غمگینه
بخندید و به بچه های دیگه مهربونی کنید،بخصوص بچه های یتیم
اوت قدر شاد میشه که شک نکن بازتابش به زندگیت برمیگرده",1.6296296296296298
374174638,"قرص اهن میخورم .بقیه ویتامین ها و مکمل هارم مرتب میخورم.
۵ کیلو کم کردم .یعنی بدن خودم صفره .یعنی انگار هر چی میخورم با ذخیره ی کم بدن خودم همش میره برای بچه.",3.3703703703703702
412783999,"برو متخصص داخلی حتما داروهایی که میده استفاده کن نترس
خدایی نکرده بدتر بشی باید دازوهای قویتر استفاده کنی تب هم واسه جنین ضرر داره",1.0
399613370,"نوشتم پاکسازی و تقویت رحم،
همینطور ک میگی با ماساژ روغن‌زیتون  از روی پوست چندین لایه روی رحم تاثیر گذاشت، از طریق واژن هم میشه تاثیر گذاشت، چیز عجیبی نیست، و یک روش سنتی پر بازده هست، و هیچ خطری نداره",1.0
thread_16738104_starter,"فردا میخواستم آزمایش بدم
ولی امروز قرص پریورین خوردم
😭",2.9999999999999996
322657947,"عزیزم هی که نباید درد بکشی😬
من سر اولی اصلا نفهمیدن کی حامله شدم چه جوری گذشت و چطور بدنیا اومد
از بس که راحت بود
این دردا انگار جدید مد شده😂خودمم هر روز یه مدلم
انشاالله که بخیر میگذره برات
فقط ارامش داشته باش",2.0
407753234,"ای بابا خواهر
من آزمایش های مثل قند و تیرویید و چیزای روتین رو می رم انجام میدم، تامین اجتماعی نهایتا 10-15 درصدشو میده
الان فقط تکمیلی خوبه، داشته باشی آزمایش و سونو رو هم میده بهت",1.3703703703703702
thread_17417214_starter,"هفته ۹ هستم
همانوم ۴ سانتی دارم
سه هفته پیش ۹ میلی بوده
شیاف زدم ولی خب چون بچه کوچیک دارم خیلی استراحت نمیتونم بکنم",4.37037037037037
thread_16524989_starter,کسی دکتر زنان سمت شرق تهران سراغ داره ؟ خوب باشه لطفا راهنمایی کنید🫣,1.0
403416769,"نه عزیزم به چیزای بد اصلااااا فکر نکن اصلا
بگو هیچ اتفاقی نخواهد افتاد
از ترس برای خودت فکر و خیال نیار",1.0
359345321,"موفق باشی چون دانشجو شدی میگم م
ن تایپ فوری انجام میدم برای دانشجوها و معلما و اساتید و دانش آموزا نمونه کار هم زیاد دارم هزینه هم بعد تحویل فایل ازتون میگیرم قیمت خیلی مناسب هم میگیرم تایپ ساده اسلایدی 6 هزار میگیرم
من تابپ برگه امتحانی و طرح فرم درس و برنامه هفتگی و کلا انواع تایپ فرمول و جدول و شعر و همه چی انجام میدم هزینه بعد تحویل فایل به مشتری میگیرم و نمونه کار هم دارم خواستید بیاید ایتا یا روبیکا یا تلگرام نمونه کارامو واستون بفرستم دوستان خوبم من تایپ ورد و پاورپوینت و تبدیل فایل به پی دی اف با هزینه مناسب و دستمزد بعد انجام کار و تحویل فایل به شما گرفته میشود تایپ ساده اسلایدی ۶ هزار تومن میگیرم هر تایپی خواستید در خدمتم 🙏
آیدی ایتا:@khoday_mn2023
آیدی تلگرام:@banoay_a",1.0
thread_18141855_starter,"۱۵ سال ازم بزرگتره همش فکر میکنم وقتی من ۳۵ سالم شد اون نزدیک ۵۰ میشه 🫠🫠من خیلی دوسش دارم حس میکنم وقتم واسه زندگی کردم باهاش کمه
نمیخوام پیرر بشهه😭مثلا من وقتی ۶۵ سالم شد اون میشه ۸۰ 😭میخوام تو پیری هم کنارم باشه🥺به پیریم ک فکر میکنم میگم شاید دیگ اون نباشه 😭😭😭😭",3.7407407407407405
329832285,دل و دماغ نمیمونه برام برم😔...برای تعیین جنسیت میخواستیم حشن بگیریم گفتم هزینه ی جشن زیاد میشه بریم چندتا عکس بندازیم حالا الان میگه یبار رفتیم دیگ نمیام ولی اونموقع اصلا شکم نداشتم و معلوم نبود باردارم الان ماه اخرم,2.9999999999999996
402462036,اره از بدشانسیم حتی یه چرک خشک کن هم ندادن فقط استامینوفن اونم که فقط درد رو کم میکنه و هیچ کارایی برای خوب شدن نداره,2.9999999999999996
342401332,خانواده خودم با خانواده شوهرم چندان فرقی ندارن ولی وضع مالی خود شوهرم خیلی بهتر از خانواده خودم هست,1.0
312948718,نه من حرفی از بی پولی نزدم اصلا فقط گفتم راضی نیستم بعدش هم شوهرم خیلی لوسه و اخلاقاش دوست ندارم فقط سالمه اهل سیگار مشروب خیانت رفیق نبست,2.111111111111111
thread_16618648_starter,"دیروز رفتم دکتر گفت جفتت یکم پایینه..اومدم یکم خوابیدم بیدار شدنی حس کردم یکم شکمم درد میکنه و زیر شکمم سمت راست گاهی سوزن سوزن میشع انگار
الانم از خواب بیدار شدنی حس کردم زیر شکمم سمت راست سوزن سوزن میشه گاهی...الان دیگه دردی ندارم
یعتی علتش چیه؟ اینم بگم من استرس و فکر و خیال زیاد دارم سر چیزای چرت و پرت چون وسواس فکزی دارم",4.7407407407407405
thread_18114692_starter,"سلام دوستان من در غربالگری اول NB کوچیک بود دکتر گفت سلفری بدم
میخواستم بدونم چقدر سلفری مطمئنه؟ جوابش ۲۱  روز دیگه میاد اگر خوب باشه بازم نگرانم که خدای نکرده مشکل باشه",4.7407407407407405
355001607,نترس ولی حق داری من خودمم وحشت داشتم تو بارداریم از زایمان طبیعی هنوزم دارم,4.0
352498061,شرمنده ضرالمثل زورت ب خرنمیرسه چراپالون جرمیدی شوهرت ولش کن داخل این بحثای خاله زنکی نکشون فقط بگو خیلی حالم بدشد امروز خوشنگذشت ..... دفعه بعدی گف بریم بگو دلخورم مادرت کلی حرف بارم کرد نزدیک بود حالم بدتربشه این همه زحمت ب بادبره حرفو ب وقتش بکوب توصورت شوهرت البته اگ منطق داشته باشه نه الان الکی قهرکن اعصابش خرد بشه,2.259259259259259
407046659,"اره دکتر هم برام یکسری آزمایش چکاپ نوشته برای قند و اینا
فولیک اسید و یه مولتی ویتامین هم بهم داد گفت برو ۳هفته دیگه با آزمایش ها بیا برای سنو",1.0
378076815,"🔴 تاثیر مثبت سوابق پایه یازدهم به چه معناست و با تاثیر قطعی چه فرقی دارد؟!
🔹تاثیر مثبت معدل در کنکور یعنی نمرات پایه یازدهم تو نمره کل کنکورت اثر می‌ذاره، ولی فقط اگه به نفع نتیجه‌ت باشه!
🔹 مثلاً:
- اگه معدلت بالا باشه (مثلاً بالای ۱۸)، درصد تاثیرش میتونه رتبه‌ت رو بهتر کنه.
- اگه معدلت پایین باشه و کنکورت خوب باشه، تاثیر معدل یا کم می‌شه یا اصلاً لحاظ نمی‌کنه که ضررت نده.
🔹پس عملا میشه گفت تاثیر مثبت معدل، تاثیر چندانی نخواهد داشت و با فاقد تاثیر بودن معدل فرق زیادی نداره!
🔹چطور حساب می‌شه؟
نمرات نهایی رو با یه فرمول به نمره تراز تبدیل می‌کنن و با نمره کنکورت ترکیب می‌شه. اگه این ترکیب رتبه‌ت رو بهتر کنه، اعمال می‌شه (تاثیر مثبت)، وگرنه فقط نمره کنکورت حساب می‌شه.",1.0
399012940,"اصلا مهم نیست چی صداشون کنی
اسمشونو یه خانم و آقا بزار پشتش
ولی مامان و لابد گفتن هم اصلا اشکالی نداره درسته خیلیا میگن هیچکس پدرو مادرت نمیشه
اونا هم خودشون میدونن هرگز تو مثل بابا و مامان خودت باهاشون برخورد نمیکنی",1.0
413401287,چجوری داری خودتو بقیه رو قانع میکنی پس شمام زنت اگر یه روز رفت به خاطر کاری که باهاش کردی خیانت کرد با یه مرد قد بلند ناراحت نشی یه وقت به هرحال خیانت دیده دیگه اینجا که میگی مشکلی نداره,1.6296296296296298
332258927,بگو بیا اینو بخو....نه بگو حالم خوب نیست روزه ام خودت برو درست کن برا افطار منم بذار 😬,1.0
412843363,بزار بگم کامل برات رفتم بعد زایمان ۴۰ روزگی آمپول سه ماهه زدم افتادم خونریزی بعد یک ماه حون ی ال دی خوردم بازم خوب نشد رفتم زنان دوتا آمپول پروژسترون و ۲ بسته قرص پروژسترون زدم بعد اون یک یکساله نیم پریود نشدم نرفتم دکتر تا همین ماه پیش ۲۹ بعد دکتر زنان گفت برو سونو اگه رحمت زخیم شده باید عمل کنی منم رفتم سونو گفت که احتمال بارداری نمیدی گفتم نه بالا بارداری چیه وقتی پریود نشدم من خودمم نمیدونم چی شد اما شد دیگه 😔😔😔😔😔😔😔,4.37037037037037
392247138,"ترشح سینه هم داری؟؟؟
منم کم کاری دارم پرولاکتین بالا ولی جوش نمیزنم
کم کاریتو درمان کن پرولاکتین درست میشه",1.6296296296296298
thread_16053482_starter,"سلام
من دوتا بچه دارم خداروشکر عاشقانه دوستشون دارم
ولی سر هر دو بارداری سختی داشتم هم روحی هم جسمی
اینم بگم که از اول هم ما دوتا بچه می‌خواستیم
دیروز متوجه شدم باردارم  من بخاطر ورشکستگی مالی سه سال پیش که برامون اتفاق افتاد دچار استرس و اضطراب شدم و تحت درمان قرار گرفتم و تقریبا آخرای درمانم بود که دیروز فهمیدم باردارم سریع با پزشکم تماس گرفتم و دارو ها رو قطع کرد دو شبه از فکر و خیال خوابم نمی‌بره
به فکر سقطش نیستم چون در کمال ناباوری باردار شدم اصلا امکانش نبود ولی همش از خدا میخوام پوچ باشه یا قلبش تشکیل نشه یا هر چی نمیدونم اصلا حالم خوب نیست
کسی هست که بدون قضاوت کردن بتونه یکم بهم آرامش بده. من احساس میکنم این شرایط الانم بخاطر قضاوت کردن بی‌جای خودم هست یه نفر از اقوام فرزند سوم رو خواسته باردار شد و من کلی پیش خودم  گفتم سه تا میخواست چیکار به خودش هیچ وقت هیچی نگفتم
ولی احساس میکنم بخاطر قضاوت خودمه آخه خیلی منم منم کردم که من به هیچ عنوان سومی رو نمیارم من اصلا نمیخوام همش میگفتم من من من نمیدونستم اگه خدا بخواد ناممکن هم میشه
دو شبه دارم توبه میکنم التماس خدا میکنم میگم خودت برطرفش کن من توانش رو ندارم
چیکار کنم کمکم کنید",8.37037037037037
409893476,راستش انصد که نگران عوارض آمینو سنتز  رو دارم نگران جوابش نیستم چون ته دلم میدونم چیزی نیست اما برای اطمینان خاطر باید انجام بدم,2.9999999999999996
thread_12856876_starter,سلام من تویه هفته سیزدهم بارداری ابله مرغان گرفتم رفتم پیش دکتر زنان ام بهم فقط قرص آسیکلوویر داد گفت هر شیش ساعت دو تا باهم بخور منم ترسیدم فقط یکی می‌خوردم ولی خدارو شکر تویه شیش هفت روز حالم کامل خوب شد ولی همه بهم میگن خیلی خطرناکه تویه بارداری باعث کور شدن یا نقص جنین میشه به نظرتون چیکار کنم ببینم بچه ام سالمه تویه سونو انومالی 18هفته معلوم میشه یا نه کسی بوده تجربه شو داشته باشه لطفاً کمکم کنید خیلی استرس دارم و ناراحتم,5.999999999999999
thread_16423985_starter,من بچه سوم ناخواسته شد...تو این مدت خودم بسختی باهاش کنار اومدم.. واقعا نمی‌کشم شوهرم بی حوصله و عصبیه.همش میگه میخواستی جلوگیری قوی داشته باشی.من بچهام هفت و چهارساله هستن واقعا از دستشون کم اوردم خیلی ذیوونم کردن عصبیم کردن از نظر روحی و تنش های ک بهم وارد میشه خیلی خودم قوی نشون دادم ک سقط نکنن ولی واقعا داره تنش ها بین بچه ها و شوهرم بیشتر میشه.احساس ضعف میکنم انگار همه بار مسولیتشون با منه.فقط مالی شوهرم ساپورت می کنه ن عاطفی نه روحی روانی منو تو تنگنا گذاشته ...دلم مبخاد ذیکه سقط کنم تو یازده هفتم خستم انگار داره فشار روحی روم بیشتر میشه.میترسم اللن با قرص سقط کنم.نمیپدونم چیکار کنم😭,8.74074074074074
thread_16290434_starter,"خواهرم محل کارش عوض کرده
تو یه محله ای که اون محله مطب دکترا ست و بیمارستان ها اونجا هست
دوست پسر قبلیم خونه اش کجاست؟ همون محله
رستورانی هایی که همیشه باهم میرفتیم ؟ همون محله
من امروز کجا بودم؟ همون محله
رفتم دوتا قهوه
پیاده بخرم  با خواهرم بخوریم
چون تنها کافه ای بود که اون محله میشناختم
اون هم‌ اونجا بودم
دیدمشون داشتن سوار ماشین میشدن
بعد اصلا دختره نه قد و بالا داشت نه ریخت نه لباس پوشیدن بلد بود
بعد این عوضی هفته قبلی به من پیام میداد
الان اینطوری ام با خودم که تو خوشگل تری
تو چندسال ورزش میکنی هیکلت بهتر بود
ولی یه  حسادتی زیر پوستی کردم و حس میکنم و مثل بچه ایم که اسباب بازی مورد علاقه اشو دادن به بچه دیگه
خدایا میبینی که اون به هیچ جاش نیست
یکاری کن منم بی تفاو‌ت بشم🥲",3.6296296296296298
364864337,منم چند سال پیش همین شرایطم بود اصلا هم خودش سقط نشد رفتم بیمارستان دارو بهم دادن و بعد تمیز کردن تا کامل اثرش از بین رفت، من هفته 11 بودم,1.6296296296296298
thread_16949850_starter,سلام خانوما من فردا ۲۵ هفته ام شروع میشه دیشب یهو با معده درد شدید از خواب بیدار شدم و اسهال و استفراغ خونی داشتم همون موقع رفتم دکتر برام سونو آزمایش نوشت و همه چی خوب بود الان حدودا از ساعت دو بعدظهر یه تب خفیف دارم و حالت تهوع هم داشتم که متوکلپروامید داد دکتر اونو خوردم حالت تهوع خوب شد ولی اسهال شدید گرفتم الانم یه ساعتی هست بچه ام خیلی تکون میخوره خیلی نگرانم چیکار کنم,5.999999999999999
340387221,اره قلبش تشکیل شده بود… چهارشب پیش یه بی حالی عجیبی بهم دست داد که فکر کردم دارم میمیرم… از فرداش هم همه علایم رفت,4.62962962962963
408466833,"پسره
تحمل گلوكز نتونستم بدم بالا اوردم دوساعت بعد صبحانه فقط دادم  ازمايشگاه دادم
با دستگاه وقتي ميگيرم بالانشون ميده و استرس ميگيرم",3.7407407407407405
400970670,"نترس ازاستراحت
استراحت کن به خودت آرامش بده
حتما هم روزی شده ۵ دقیقه بامامانت حرف بزن هم خودت اروم میشی هم جنین ات
آخه جنین دختر زمانی که شما ،مادرتون برای خودت بارداربوده، در شکم مادرتون بوده(تخمک اش)  والان صدای مادرتون اون روهم آروم  میکنه،  یعنی اون دوتا همدیگه رومیشناسند ازقبل،
جنین پسر اینجوری نیست",1.0
413994031,خب الان که باز بخاطر کار شوهرت مجبوری برگردی پیش خانوادت؟بنظرم که باید سعی کنی زیاد درگیری نداشته باشی با مادرت اگر میخوای بری بمونی خونه ی پدریت,1.0
404149408,به نظرم فعلا زوده برای علایم ماها انقدر عذاب کشیدیم تو این راه که فقط می خوایم یه نشونه تو خودمون پیدا کنیم که به جواب مثبت نزدیکتر باشه ، انشالله که خدا برای هممون همون چیزی وکه دوست داریم خیر بدونه و مصلحتش تو مادر شدنمون باشه,3.3703703703703702
413389173,نمیگم بهم میزدی تقصیر خودته انقدر هول بودی باید حدااقل اشنایی رو طولانی تر میکردی که هم به شناخت دقیق تری برسی هم اونا فرصت داشته باشن اصلا برات انگشتر نشون بیارن,1.6296296296296298
thread_12906305_starter,سلام دوستای گلم میشه اگه دکتر خوب در این زمینه میشناسید بهم معرفی کنید ممنون میشم,1.0
thread_9736375_saberehhhhh_1401/09/02 13:48,"والامن سربچه اولم کلی حرص خوردم زنگ زدن گفتن آزمایش مشکل داره وفقط مادربایدبیادتاباهاش حرف بزنیم وجوابش روبهش بدیم
رفتم اونجادکترآزمایشگاه کلی پول گرفت وآخرم گفت سربچه بزرگه
بایدآمینوسنتزبدی .رفتم به دکترخودم نشون دادم ارجاعم دادبه یکی دیگه بعداز۳بارتکرارآزمایش گفتن بچه سالمه
ازاول هم زیادمشکل نداشته واگه مطابقت میدادن میفهمیدن ولی دکتره نه تنهانفهمیدتازه کلیم به من بارداراسترس داد",5.37037037037037
405452463,"بعد اصلا چرا این تایم شب ی گوشی باید انقد پشت سر هم زنگ بخوره
شاید ۱۰ بار کامل فقط زنگ خورده",2.9999999999999996
368961081,"جالب اینکه من همش کنارش بودم دلداری بدم
برگشته میگه تو بی دست و پایی همش چسبیدی به من",2.9999999999999996
thread_12416037_starter,خیلی عذاب وجدان دارم و تحت فشار روحی هستم,6.111111111111111
thread_16818818_starter,سلام کسی اطلاع داره چقدر زمان می‌بره من و همسرم به این نتیجه رسیدم که خودمون بچه دار نشیم ی بچه ب سرپرستی بگیریم,1.0
413987306,"من گفتم زن کالاس؟؟خودتو گول بزن ایرادی نداره
من بودم دقیقا همینو به داداشم میگفتم تا دست دختری رو که با من بوده نگیره بیاره تو خانواده",2.3703703703703702
thread_17805670_starter,خانوما من طبق برنامه ثبت پریودی الان چهار هفته و هفت روز هستم یعنی پنج هفته تمام ،دیروز رفتم دکترم سونو واژینال کرد تو مطب خودش گفت ساک بارداری رو مشاهده نمیکنم خیلی نگرانم کرد ولی گفت لوله هات رو بررسی کردم خارج رحمی نیست و... من الان چیکار کنم دوباره سونوگرافی برم؟,5.0
382291500,قرار بود مشاور زنگ بزنه هفته پیش بریم مشاوره، شوهرمم پیشش بودولی هیچ خبری نشد، منم روم نمیشه زنگ بزنم از مشاور بپرسم,2.9999999999999996
thread_17931149_starter,"من میخوام بدم بیرون مامانم همش میگه نه بیار حیاط خودممیشورم
میگه اونجا همه روباهممیشورن ی طوری میکنه دلم و هی حساس شدمکه اره نجس وتمیز همه روباهممیشورن چندشم میشه",3.7407407407407405
411949272,"والا همون دو نفری که میگی به منه 20 ساله میگن ترشیده و درسته ادم رو میخورن با حرفاشون
با یک تاپیک مطمئن باش نظرشون تغییر نمیکنه
بیشتر فقط خودمون اعصاب خودمون رو خورد میکنیم واقعا",4.37037037037037
397278149,خوب ،با دکترت هم صحبت کن ، زایمان طبیعی جوری که یک ساعت بعد سرپایی، من دور و برم مثلا عروس خالم پسر اولش رو طبیعی آورد خیلی راضی بود و بچه دوم که دوقلو هم بودن طبیعی آورد و راضی بود، میگم که به مادر و خانواده مادریت خیلی این مورد خیلی ربط داره,1.0
thread_16431277_starter,"من گفتم امسال بخاطر شرایط جنگ ای فیلم یادش میره مختارو پخش کنع
خخخ
۱۴سال تلوزیون داره مختارنشون میده",1.0
383135389,"اصلا یه وقتایی علاوه بر اینکه دست خودت نیست
اطرافیان راحت میتونن روت اثر بزارن
الان خیلی غصه ی پسرمو میخورم
برای آیندش ناراحتم",3.3703703703703702
thread_9207233_starter,"شماهم صبحها بی حالید؟حس هیچ کاری ندارید؟؟
من تازه اینجوری شدم
سردرد میگیریم و بدنم کوفته",2.9999999999999996
thread_17504974_starter,خواهرم ۲۰ کیلو با این دمنوش کم کردع,1.0
thread_15099650_starter,"من اومدم شهر شوهرم.اونجا زندگی می کنیم،هر دو کارمند هستیم الان من از دیشب سرما خوردم ظرفا همینجور نشسته موند اوایل یکم کمک می کرد ولی این روزا تا من بخوابم اونم میخوابه،با این حالم خونه رو مرتب کردم الانم نا ندارم غذا بپزم،یبوست شدید گرفتم
خانوادش که حال آدم نمیپرسن اینم بدتر از اونا تازه با این حالم رابطم میخواد از خودش و خانوادش بدم اومده به شدت،موندم چکار کنم تو این شهر غریب",6.7407407407407405
372919637,"خداروشکر عزیزم..
چون مادر من خیلییی رو این قضیه حساسه میگه باز با باز کبوترم با کبوتر...
ب خاطر همین من به دو تا خواستگارم که وضعیتشون خیلیی خوب بود جواب رد دادم..
پس تا الان هیچ مشکل و ناراحتی ای برات پیش نیومده درسته؟؟",1.7407407407407407
thread_15734029_starter,"نمیدونم چی بگم نمیتونم بمونم اینجا
تعدادمون خیلی زیاده هیچ کدوم از عموهام هم نمیرن
ما پدر مادرمون نوزادی جدا شدن
بابام معتاد بیکار
آبجیم نمیتونه راه بره و مشکل روانی داره انقدر که من از پس مه کارای روزانش برمیام نه اخلاقیش فقط از بالام حساب میبره به معنی واقعی از پسش برنمیام
سه تا عموی دیگم معتادن
یکیشون یه زن اورده از بر خیابون معتاده تو اتاق نگهش میداره مگه میشه چیزی گفت ؟ چاقو میکشع میزنه میشکنه
مگه میشه پلیس گفت مامانبزرگم نفرین کرده چند بار خواستم بگم
مامانبزرگم سرطانیه تازه شیمی درمانیاش تموم شده
من دیگه سوییت ۲۰ متری خونه همکارمو اجاره میخوام بکنم و برم تو خونه بگم رفتم مسعول خوابگاه (معلم رسمی هستم میگم انتقالم دادن چون مجردم)
وای عذاب وجدان داره خفم میکنه
نمیدونم دووم میارم یا نه
مامانجونم باهام نمیاد خیلی گفتم تو باشی خواهرمو شاید بتونم نگه دارم بیا بریم یه خونه بگیریم ول کن این خونه رو همینجوری
نمیاد میگه پسرام گشنه میمونن هنوزم براشون اشپزی میکنه",9.370370370370368
thread_17502823_starter,امروز روز ۳۱ دورمه و روز ۲ تاخیر پری ، عدد بتا ۴۲۰ بود ،دکتر میگه کمه😢کسی تجربه ای داره در این خصوص؟,5.0
398990761,شما بنده برگزیده خدایی 😅😅نق نزن دیگ چاقمو و ... قبلا تو یه تاپیک گفتی دارم وزن کم میکنم حالا من فکر کردم چقد چاقی خشبحالت خدایی اندام کلا ژنتیکیه اندام خوبم یه نعمته,1.6296296296296298
384329549,"یکماه؟ چ‌طولانی
اگ چیزی باشه عفونت میهش تو رحمت
بنظرم دکترتو عوض کن
معمولن ۲۴ساعت زایشگاه بستری میکنن ، تا پایان سقط طبیعی انجام بشه یا اگر نشه کورتاژ
حتمن دکترتو عوض کن، یا برو زایشگاه یک بیمارستان
پیش ماما نرو",2.259259259259259
371803967,"تخصصی لگن چه فرقی داره با اون که شما میگی
غیر تخصصی چی هست؟
برات صلوات فرستادم",1.0
401095096,آخه میگن باید همراه با تب و خارش درد باشه من این علائم ندارم فقط بو میاد ترشح هم ندارم,2.0
thread_15496846_starter,"الان روز نهم خونریزیمه
روز اول لخته های زیاد و بزرگ همراه درد دفع کردم
روزای بعد مث پریود سنگین بود
تا اینکه امروز ی چیزی اندازه گردو
کاملا سفت ازم دفع شد دقیقا رنگ گوشت بود و بسیار سفت
مطمئنم خون لخته نبود بنظرتون کامل دفع شده؟",4.0
332359105,"خاک تو سر خانواده بی غیرتت شاید ناراحت بشی از حرفم ولی وقتی مادرت مریضشد و تو خونه افتاد و حتی سلامم بهش نگردی میفهمه
بچشی دشمنش که نیستی
مرد غربیه دلش سوخت مادرت دلش نسوخت
میتونست بگه بریم دوتا بدل بخریم دادشت دهنشو ببنده هر وقت پول داشتی پس بده",2.9999999999999996
253589632,نه ژنتیک نبود.دویاره همون سندروم داون اینا رو بررسی کرده بود حتی فشار خودمم درصدشو زده بود که چقدر احتمال خطر داره برام.,2.0
397891785,حالا جدا از بحث من برا بارداری رفتم دکتر و ی ویزیت ۶میلیون در اومد با این که بیمه تکمیلی داشتیم همه داروها آزاد و خارجی به قول خودشون ..ما سالها درگیر بازار سیاه دارو هستیم یکیش همین واکسن کرونا که برا همه روشن شد,4.0
thread_15944050_starter,موهام دکلره شده بود ی ماهی هست. این رنگ دودیه تونیکا هست. چرا زدم نمیگیره 💔😭,2.6296296296296293
361606373,"برای اینکه قرارع عذاب الیم بکشم؟
نمیدونی چقدر سخت و طاقت فرساست
بیشتر از همه میدونی چی اذیتم میکنه اینکه نکنه با همه این بدبختیا و سختیا مادر خوبی هم نباشم اونقدر نتونم ظرف عاطفی بچه هامو پر کنم .....
نه من ادم بچه زیاد نیستم اصلا",6.7407407407407405
thread_17481838_starter,"خانما من انتقال جنین داشتم تازه دو روزه مثبت شدم امشب با شوهرم بحثم شد خیلی عصبی شدم داد زدم خودمو زدم.. یعنی جنین چی میشه
کسی بوده مثل من اما اتفاقی براش نیوفتاده باشه",7.111111111111111
thread_9892298_حنا70_1401/09/25 11:42,من هم دختره جفتم قدامی. از هفته های پایین حس میکردم گاهی واقعا نگران میشم از اینهمه تکون خوردن,3.3703703703703702
383400270,"من تستم با عدد ۸۰ مثبت شد
و مثل شما خارج و داخلیش معلوم نبود،هیچیش معلوم نبود نه ساکش نه خودش مثل سونوی ی آدم معمولی
بعداز ی مدت طولاتی ،تو سونو بچه دیده شده
از من احتمال خارج رحمی بودن دادن ولی خداروشکر نبود
این تجربه من بود اینم بگم من دوالی ۳ هفته پیش خونریزی داشتم ولی اون اولش نه",2.0
thread_13033480_starter,"هفته ۶ لکه بینی داشتم سونو رفتم گفت جفت خونریزی کرده هماتوم داری استراحت کن فقط
قلبشم تشکیل نشده بود گفت برو ۲ هفته دیگه بیا قلب و چک کنیم
دارم میمیرم از سرگیجه و بی حوصلگی
چقدر از اولش سخت شد😑",5.37037037037037
thread_12306808_starter,"بچه ها من 20هفتمه
از دیروز غرور واژنم داخلش تیر میکشه و ول میکنه
دلپیچه هم دارم
طبیعی یا نه؟
کیا داشتن؟",2.3703703703703702
thread_17027576_starter,خیلی شدید بدن دردم هفته هفت بارداریم رفتم دکتر قرص داد سوزن زد سرم وصل کرد انگار نه انگار انقد بدنم درد میکنه که همش گریه میکنم,6.370370370370369
thread_15855384_starter,"۲ هفته است کات کردیم
هر شب دارم با گزیه میخوابم
مشاورم میگه اشکال نداره سوگواری کن
ولی دوست دارم بدونم اونم مثل منه؟😭
نیم ساعت قبل کات کردن
بهم گفت عاشقتم
هیچکس برام مثل تو نیست
بخوام با یه آدم تا آخر عمرم اون بک نفر  تویی
بعد سر یه قضیه من نیم ساعت جیغ کشیدم داخل ماشینش
از جیغ خیلی بهم میریزه
قیلا گفت مامانم بچگی خیلی جیغ میکشیده حالم بهم میرزه از جیغ
گفت وقتی میدونستی از جیغ بدم میاذ چرا جیغ کشیدی ؟
کفتم از عمد
گفت تو دوست نداشتی و…
دیگه خل شد
کلی زنگ و پیام داد فرداش داد
که ازت متنفرم و دیگه  نمیخوام ببینمت
و از همه جا منو بلاکم کرد!
باورتون میشه؟
یعنی با یه جیغ کات کرد
احمق روانی
حالم ازش بهم میخوره
چرا تموم نمیشه
فراموشش کنم بهترین روز عمرم میشه",6.111111111111111
394695465,"الان گوگل نگا کردم درست جایی که زده عکس رگ سیاتیک هست خیلی میترسم
شما میتونی راه بری؟",4.0
thread_15328137_starter,سلام بچها من بعداز ۱۲سال باردارشدم الان هفته نهم بارداریم قلب جنین تشکیل شدولی الان هیچ حسی ندارم ونه حالت تهوعی ونه به غذایی هوس ندارم میشه بگین توخدا بالای ران سمت راستمم یه سوزشی داره ویه نقطه ازشم درد میکنه هپارین و شیاف پروژسترون هم استفاده میکنم کسی مثل من بوده,4.0
thread_10162254_مامان_نیماجوجه_1401/10/29 22:40,منم ۳ ماه پیش حال تورو داشتم ولی الان پشیمونم که درست حسابی نخوابیدم و استراحت نکردم و عجله کردم ۳ ماهه که نه خواب درستی دارم نه خوراک درستی دخترم ریفلاکس شدید داره یعنی واقعا پدرم دراومده انگار بار اوله دارم بچه بزرگ میکنم دارم روانی میشم تروخدا هرکی این پست رو دید دعا کنه رفلاکس دخترم خوب بشه خسته ام خیلی خسته,7.74074074074074
336152400,شهر ما که هست برای دختر عموم می گیرم می فرستم شهر دیگه آپتامیل پپتی ۲ با این که کمیابه ولی این جا پیدا کردیم براش.,1.0
362573396,"همه پشیمونم کردن ک شیشه ای نگیر
سفید میشه باشع ولی جنس شیشه ای ن",2.0
403941896,اگر دردش شدید نیست لکه بینی نداری حالت بد نیست طبیعیه. از هفته ۱۲ دیگه وارد مرحله جدید میشی علائمت کم کم تموم میشن رحم شروع میکنه بالا اومدن به سمت ناف شاید فشار میاره به نافت که درد میگیره ولی درکل تا درد شدیدی نبود یا درد منظمی نبود مثلا ۵ دقیقه بگیره ۱۰دقیقه ول کنه دوباره ۵ دقیقه بگیره این چرخه همینجوری ادامه داشته باشه غیر این عادیه هنوز کم کم حالت تهوعت کلا از بین میره همش گشنت میشه لگن درد و کمردردم اضاف میشه. تب و دلدرد شدید و لکه بینی داشتی علائم هشدارن پیگیری کن بقیش خوبه همه چی. انشاالله بسلامتی میگذرونی این روزارو❤️,1.0
389797509,"ولی دختر عموی من صورتش پر از لک شدالان نوه هم داره ولی هنوز پوستش همون طوره.
اتفاقا باید درمان کرد همه خوش شانس نیستن که بدون درمان خوب بشن.",1.0
thread_14312546_starter,"الهی همه پدر مادرا شاد باشن
الهی همه فرزندااا سالم و عاقبت بخیر باشن
صلوات
یا امام حسین طفلم قبل چهلم امام حسین راه بره دیگ
خسته شدم از نگرانی",4.111111111111111
403198264,"آب کیسه آب دقیقا مثل آب آبکیه ! اصلا شبیه ترشح نیست!
آبیه ک رنگش یه کمی به زرد و سبز روشن میزنه. شفافه کاملا.
بیشتر شبیه ادراره تا ترشح!",1.0
318369470,چقدددددددددددرررر ناشکری حالم بد شد از ناشکریت، همین ک ۳ تا بچه سالم داشته باشی جای شکر داره، بعدم خانوم خانوما خیلیا آرزوی ی بارداری سالم دارن بعد خدا دو تا فرشته تو دلت داره رشد میده ماشاالله ان تیت هم سالم بود چرا ناشکری میکنی؟,2.0
404604139,"🥴 اگه پایین تنش یه برجستگی روبه بالا داره پسمل روبه پایین دختر
ضربان قلب بالا 140 دختر پایین پسر",1.0
413944619,"سلام
اگر بعد از تعلیق خواستین برگردین قسمت ارتباط با ما بالا و پایین صفحه پیام بذارین.
پشتیبانی ⬅️ درخواست رفع تعلیق اکانت کاربری
https://www.ninisite.com/contactus
شماره موبایل یا ایمیلی که باهاش ثبت نام کرده بودین رو بدین
⚪️⚪️
@missmehrbano
@ازسارابپرس
💖",1.0
411426347,"به امید خدا
انشالله هر کس که در ارزوی بچه دار شدنه خدا بهش اولاد سالم صالح بده مادر شدن حق هر زنیه 🥲",1.0
392223843,با مازراتی امتحان می کنم ببینم چی میشه البته قبلش باید شوهر پولدار هم پیدا کنم,1.0
thread_18140121_starter,"سلام دوستان من برای عمل بینی پیش یکی از دکترهای معروف رفتم بهم گفتن نیاز به پروتز چونه هم دارم و همزمان با عمل بینی انجام میشه
کسی تجربه انجام این کارو داره؟اذیت کننده نیست؟و هر تجربه دیگه ای که دارین",2.0
359988790,"نعمت خداعه خیلیا آرزو دارن یدونه بچه داشته باشن حالا ناشکری میکنی؟
یکی از آشناهای نزدیکم موقع که فهمید بچش دختره خیلی ناراحت شد الان بچشو خیلی دوسداره ولی بچش آتروفی مغزیه میلونها پول دارو و امپولهای گرون میده ولی دکترا گفتن تا۵سالگی فلجه همیشه خودشو مقصر میدونه میگه اگه ناشکری نمیکردم بچم اینطور نمیشد",2.259259259259259
thread_9772735_radvin2222_1401/09/07 22:49,"اسی یکار میتونی بکنی
برو برات یه روانپزشک نامه بده ک پانیک‌ داری و نمیتونی طبیعی زایمان کنی سز میشی",1.6296296296296298
345557066,بله بعد موعد لکع بینی و دردش شرو شد,1.0
thread_9536090_starter,"باردارم و خیلی عصبی و پر خاشگر شدم
البته که این حالم بی دلیل نیست
مخصوصا وقتی یاد رفتارای خونواده شوهرم میفتم دلم میشکنه و بهم میریزم
کنترل زندگیم از دستم خارج شده
از طرفی میدونم چقدر واسه جنینم ضرر داره ولی واقعا دست خودم نیست و ناراحتم
چیکار کنم واقعا 😔",7.111111111111111
thread_13998018_رز_بنفش_1403/04/15 09:45,شالگردن بپوشه بگه گلوم درد میکنه.  البته باید قبلا اینکارو میکرد,1.0
thread_6512194_tanhaaaaaaam_1400/02/30 03:06,دقیقا منم اینو‌باخودم‌گفتم‌ ولی زنگ‌زدم و بش گفتم‌اونم بامن همدل بود خدایی هرکارخاستم برام‌کرد ک‌شوهرم دست ازاین کاراش برداره ولی شوهرم ادم‌نبود اینم بگم یکی دیگه ام بود ک‌باشوهرم بود ب اونم زنگ‌ زدم‌ولی اونم ازاوناش بود بم‌مگف ب‌شوهرت بگو‌خونه بگیره باهم زندگی‌کنیم ازاون‌دلم پره خدا لعنتش کنه ب خاک‌سیاه بشینه خدا سرهیشکی نیاره ب حق امام رضا,4.481481481481481
407332898,"به دلت بد راه نده
منم حس میکنم باردارم ولی نه جرات دارم است بدم ن آزمایش 🥲🥲🥲🥲",4.37037037037037
305592776,"برام دعا کن بعد ۷سال خدا بهم داد
دیگه تحمل ندارم از دیشبم دارم گریه میکنم",5.7407407407407405
326434741,"ترسیدم اشتباه کردم..اصلا شرایط بارداری رو ندارم خیلی هم مراقب بودیم😭۵قرص استفاده کردم ۳تازیرزبونی ۲تاداخل واژن
اصلا خونریزی ندارم.پریودهم دیگه نشدم. مجرای اداری خوبه ولی مجرای دیگه انگارک تنگ وسفت شده",6.111111111111111
thread_16162449_starter,من الان دوماه حامله ام رفتم دکتر گفتش کع من کم خونی شدید دارم درحد مینور و اگه شوهرم مینور باشه بچه اتون تالاسمی میشه وباید سقط بشه فردا جواب ازمایش همسرم میاد دعا کنید برام ک اونم مینور نباشه وگرنه هیچوقت نمیتونم بچه بیارم 😔😔,6.370370370370369
thread_15954402_starter,هفته ۳۵بارداری ام اندازه دو سرش با کمرش نمیخونه میگن دور سر ۳ الی ۴هفته بیشتره😭😭دکتر گفته احتمال ماکروسفالی هست.کسی چنین شرایطی داشته؟,5.7407407407407405
thread_16457132_starter,"سلام
من بعد از رابطه محافظت نشده بعد از پنج روز قرص اورژانسی ۱.۵ خوردم دوتاشو باهم خوردم
بعد ۲ روز سر تایم خودم پریود شدم و دوباره بعد از پنج روز پریود شدم ولی مثل همیشه نبود کمتر بود بعد از سه روز ترشح زرد داشتم و الان بعد از حدود پنجاه روز از پریود اولم هنوز پریود نشدم خیلی میترسم ممکنه باردار باشم؟؟؟",5.37037037037037
349112067,منم یسری امتحان کردم با اب واقعا خوب شد,1.0
400731311,"روز اول فکر کنم سرد میکردم
یه دستمال توی اب سرد میذاشتم بعد قشنگ میچلوندم بدون اب
میذاشتم روش
برا فرداشم همین با اب گرم
همیشه برا واکسن نیم ساعت قبلش استا میدادم",1.0
thread_12202655_starter,"سلام من۳۲ هفته و پنج روز رفتم سونو وزنش۱۸۸۰ بود در صورتی که واسه دخترم ۳۱ هفته و ۵ روز ۱۸۰۰ بود که با این حال دخترم ۲۹۰۰ بدنیا اومد
میخوام پسرم حداقل ۳ کیلو بشه دیگ دخترم خیلی لاغر بود بغل کردنش سخت بود اصلا
چی بخورم که وزن بگیره",2.6296296296296293
thread_18143402_starter,سلام برای مهاجرت نیاز به مشاوره دارم در شهر سبزوار شما کسیو میشناسین؟,1.0
thread_18038674_starter,"تاپیک قبلی نوشتم ، جاریم میگه میخام چند روز تنها باشم حالم بهتر شه یه مقدار فکر کنم
میگه نمیخام خانوادم بفهمن دعوامون شده ،برادرشوهرم ایشونو هل داده اینم بازوی اونو چنگ انداخته😑 میگه من شده کتک بخورم واینمیسم یکی منو بزنه کلا خیلی دختر زبون داریه دختر خوبیه اما از خودش دفاع میکنه البته اونم کتکش نزده فقط هولش داده
جاریم میگه بیام خونه شما دو سه روز ( تو یه مجتمع هستیم)
منم گفتم بخدا من تو مسائل شخصی برادر خودمم دخالت نمیکنم
الان مادرشوهرم از چشم من میبینه تو بیای اینجا شوهرمم اصلا موافق نیست
قرار شد همسرم به داداشش بگه دو سه روزی خونه نره ایشون خونه تنها باشه حالش بهتر شه ی مقدار فکر کنه
کلا من با همشون رودربایستی دارم رسمی هستم واسه همین موقع ها ک نخوایم تو کار هم دخالت کنیم
واقعا نمیخام قاطی ماجراهاشون شم",4.7407407407407405
thread_16345478_starter,"باردارم پسرم ۱۸ ماهشه دارم از شیر می گیرمش
در طول روز خوبه سیر باشه نق نمی زنه
برا خواب پدرمون دراورده
عادت داشت زی. سینه بخوابه
حالا هیچ جوری راضی نمیشه
سیرش می کنم
شیر خشک نمی خوره شیشه نمی گیره حتی تو خواب
شوهرم می چرخونه سر پا دو ساعت از کمر میوفته منم که نمی تونم
حس می کنم هیچ وقت حل نمیشه این مشکل
کم اوردم
چیکار کنم",6.111111111111111
thread_14116034_starter,"هفت هفته باردارم و امروز نتایج آزمایشم رو دکتر نگاه کرد و تیروئیدم ۳.۸۷بود بهم گفت لب مرزه و دو هفته بعد آزمایش رو تکرار کنم و بهم دارو بده
کسی تجربه ای داره در این مورد؟
آخه خیلی نگرانم",4.37037037037037
thread_14030200_starter,"سلام
من هفته ی ۸ بارداری هستم
منتهی جنین تو ۶ هفته مونده و قلبش ایست کرده و رشد نکرده
دکتر میگه باید بری بیمارستان دارو بگیری ولی اصلا نمیخوام برم چون دوتا بچه کوچک دارم
کسی میتونه راهنمایی کنه
چکار کنم که سقط بشه و باز شم ؟",5.999999999999999
351792283,خداراشکر ...طبیعیه ناراحت باشی اما غصه نخور دیگه بقول خودت همینکه خارج رحمی نیست یا بزرگ نشده بود که مجیور بشی دارو مصرف کنی و کورتاژ بشی خیلی جای شکرداره من تا۱۱.۱۲هفته داشتمش الکی و بعد باهزار دردسر و درد سقط کردم,2.9999999999999996
thread_7489230_starter,شکمم درد میکنه نه زیاد اما یک ساعته درد میکنه خونریزی صورتی کم رنگ هم دارم هفته قبل دو روز لک قهوه ای دیدم یعنی لانه گزینیم هفته قبل بود الان این خون و درد طبیعی. فردا برم دکتر با دارو میتونه جلو سقط و یگیره,3.7407407407407405
387746922,"تو ک عقل داری ب یه مرد ۷۰ ساله نمیگن پیرخرف اولا
دوما کسی ک ۷۰ سالشه دهه پنجاهی نیست
سوما ۵۷ یک ساله نه یک دهه
حالا‌معلوم شد کی عقل نداره جوجه؟؟؟؟؟؟؟",2.9999999999999996
thread_7215937_starter,"من ۱۵ روز پیش کرونا گرفتم هفته ۲۶ بودم و بستری شدم حدود هفت روز
از وقتی مرخص شدم احساس افسردگی خیلی شدید دارم
واقعا حالم بده اصلا حوصله هیچ چیز و هیچ کس رو ندارم
به زور فقط یه غذا درست میکنم و خیلی معدم هم اذیت شده و دائم نفخ دارم و درد معده
نمیدونم واقعا چیکار کنم",5.111111111111111
359454147,نه اونقدرام سخت نیس البته بدن هر کسی ی جوره ....من کسی رو ندارم بعد زایمان مراقبم باشه بخاطر همین طبیعی رو ترجیح میدم جون زود سرپا میشی,2.3703703703703702
thread_7141935_starter,"از روز چندم تا چند روز بخیه رو میشستین؟با چی
از رو چسب؟
چه‌وقتی چسب باز کنیم و بخیه بکشیم؟ آیا بعدش بازم میخواد شستشو بدی؟؟؟",1.3703703703703702
thread_14898948_starter,"از وقتی بدنیا اومده زندگیم از این رو ب اون رو شده
از بارداری سخت و کولیک و دلدرد و گریه های شبانه
یک و نیم ساله من خیلی داغون و حالم بده
دیگ دوسش ندارم
نمی دونم چشه واقعا همش میخواد تو بغل باشه
از وقتی بدنیا اومد ن پستونک نه روروعک نه کالسکه رو هیچ کدوم نموند کمرم رسما شکسته
هیچ کمکی ندارم شوهرمم کارش سنگین هرزگاهی کمک می کنه ولی این بچه اروم نمیشه
تو فکرمه ببرمش دکتر ولی نمیدونم چه دکتری
خواهشا کسی کمک و تجربه ای داره بگه
پسر اولم خیلی خوب بود فقط 6 ماه اذیت داشت این نه از تو شکمم بوده اذیت تا الان ک 15 کاهش داره میشه
دیگ بریدم رسما از دست این بچه",8.74074074074074
thread_18053475_starter,"من  باردارم قندم دو هفته پیش روی 99 بود دکتر گفت دو هفته مراقبت کن دوباره آزمایش بده
اینبار آزمایش ناشتا روی 86 بود با اینکه زیاد مراقب نبودم و چیزای شیرین هم خورده بودم
حالا کتون مثبت 1 توی آزمایش ادرارم هست میتونه نشونه دیابت باشه؟",2.3703703703703702
406373508,"جفت پایین فقط استراحت.مال من خلفی بود کلا.مال عروس ابجیم پایین بود بعد رفت بالا
برا من 36 هفته دنیا اومد.تو دستگاه هم نرفت خداروشکر
دلواپس نباش عزیزم
بسپار به خدا
من ت  حاملوی یه روزایی داشتم که مرده متحرک بودم.خدا باعث و بانیشو لعنت کنه.خودمو بچمو سپردم به خدا",3.7407407407407405
413989106,"بنویس ساعت چند میای
مثلا میگه ۴ میرسم
بعد برای ساعت چهار حاضر میشی مرتب تر و تمیز
داخل صحبتا باید طرز تفکر مستقل خودت رو حفظ کنی و به این راحتیا تحت تاثیر حرفاش قرار نگیری. وگرنه نه آوردن الکی اتفاقا باعث میشه ظالم بیشتر ظلم کنه. منطقی برخورد کن اگر رفتید خرید اون گفت فقط رنگ آبی رو باید برداری و لا غیر. اون موقع تو باید بگی نه من سبزش رو میخوام و سبز رو بخری. مبادا بگی نه اصلا نمیخرم! چون عادت میکنه که یا پیشنهادش رو قبول میکنی یا محروم میشی",1.0
413930494,"توقع نداری که بگه اره خواهرم دوست نداره پدرمم بهت بی احترامی میکنه؟همه مردا همینن اصلا این چیزا رو انتقال نده که فقط باعث میشه بیشتر حرص بخوری
خودت اگه موقعیتی پیش اومد تلافی کن هیچوقت هم پیش شوهرت بدشون رو نگو که ذهنیتش خراب بشه بعدا اگه یه جایی حق با تو هم باشه فکر کنه داری دشمنی میکنی",2.0
thread_12980644_starter,"خانوما من ویارم خیلی شدیده در حدی که آبم نمیتونم بخورم، پری روز رفتم زیر سرم آمپول دمیترونم بهم زدن اما فایده نداره ، خدا شاهده شاید باورتون نشه چهار پنج روز با یه پر خرما و یه قاشق آب میگذرونم، دیروز که حالم بد بود رفتم سوپرمارکت یهو رانی آناناس دیدم دلم خواست یکم خوردم بالا نیاوردم امروزم یه استکان خوردم انگار یه ذره قندم رو تنظیم کرد، اینکه میگن آناناس باعث سقط میشه راسته؟
من چی کار کنم پس😭😭😭
شوهرم هی سرکوفتم میزنه که تو هیچی نمیخوری بچه ناقص میشه، آخه مگه دست خودمه هر چی میخورم حتی یه قطره آب برمیگردونم",7.111111111111111
364656221,"عالی
ورم هم بعد یک هفته کامل می‌خوابه اصلا نگران نباش",1.0
thread_15622947_starter,دو ماه باردارم ده روز سرما خوردم اول گوشام کیپ شدن الان گوشام باز شدن ولی بینیم گرفته صب بیدار شدم نماز بخونم خوابم پرید از اینورم هی جیشم میگرفت دیشب و هیچ نخوابیدم اعصابم خورده خواستم غذا درست کنم پیاز داغ تفت دادم بوش خورد ب دماغم کلی عق زدم معدم درد گرفت الان شونم درد میکنه خسته شدم 😭,5.7407407407407405
408286174,"تاپیک قبلیت حذف شد نمیدونم نظرمو تونستی بخونی یانه
نمیدونم چه مشکلی برات پیش اومده که میخوای این کارو انجام بدی
زندگیا خیلی طاقت فرسا شدن
ولی بازم میگم به عنوان کسی که خودم این اشتباه و انجام دادم و چند ساله داریم چوب اون تصمیم اشتباهمون رو میخوریم،تو این اشتباه رو نکن
من خانواده خیلی سنتی دارم بخاطر همون تو دوران عقدم نتونستیم بچمونو نگهداریم،شرایط گرفتن عروسی و خونه رو هم نداشتیم
با کلی عذاب و گریه این کارو انجام دادم
ولی بعد گذشت چندسال همچنان پشیمونم،بعد اون دیگه هیچی تو زندگیمون درست پیش نرفت
همچنان داریم تاوان اون اشتباهمون رو میدیم
با اینکه الان خیلی دلمون بچه میخواد ولی خدا شرایطشو برامون اوکی نمیکنه
من 29سالمه و همسرم 30 سالشه
سنمون داره میره بالا و این شرایط خیلی عذابمون میده",6.7407407407407405
253589219,"بله بیمه تکمیلی هم دارم.
ولی دکتر خودش گفت که آزاد حساب میشه.منم کلا از استرس یادم رفت بپرسم مگه چی نوشتی. آخه حتی تو آنومالی هم سونو گرافی رو بیمه قبول میکنه فقط اون آزمایش خونش آزاده.",3.7407407407407405
407172979,"بخدا غذاشونم افتضاح بود اکثرا همسرم از بیرون میاورد
راستی اگر قصد طبیعی دارید با دکترتون حرف بزنید و پول بدید که خودش شخصا بالاسرتون باشه و بخیه و زیبایی اگر لازمه انجام بده که چند باره کاری نشه
اگرم خدای نکرده اجباری پیش اومد فورا تشخیص بده و سزارین کنه",1.6296296296296298
thread_18023581_starter,"رفتارهایی که تلنبار شده تو رابطم
تو طول روز بهم زنگ نمیزنه من بهش زنگ میزنم گوشیش رو جواب نمیده بعدش هم زنگ نمیزنه بگه چیکار داشتی یا پیام بده بگه چیکار داشتی(اکثر اوقات اینجوری شده)
پیامایی که بهش میدم رو ۷ ساعت تا ۹ ساعت بعد جواب میده من میدونم سرکاره صبر کردم درکش کردم ولی چند بار کنار مغازشون رد شدم ساعت ۹ اینا خلوته میتونه زنگ بزنه
۴ ماهه منو ندیده با اینکه تو یه شهریم و دو هفته یا سه هفته یه بار میریم تصویری و حتی من میگم بریم استانمون یه ساعت راهه همش و تاکسی میگیریم میریم همش میگه نمیدونم
مثلا من ایتا یا تلگرام پیامش میدم دو روز بعد یا سه روز بعد میاد فقط پیامک رو جواب میده
با خونوادش زیاد خوب نیست و خیلی خوب باهاشون رفتار نمیکنه اکثر اوقات
ببین وقتی بخوام اینکارا انجام بده برام هی باید بگم بریم تصویری بیا ایتا جواب پیامم رو بده یا زنگم بزن دیگه حالم داره از خودم بهم میخوره
ببین چقدر من صبر کردم که حالم بد شده روحم بهم ریخته همش استرس دارم همش حس میکنم نمیخاد باهام حرف بزنه و من زیادی ام در حالی که وارد بازی روانیش شدم هی خودم رو کوچیک و بی ارزش کردم هی اعتماد به نفسم اومد پایین در حالی که قبل از او اینجوری نبودم🥲
نمیدونمم چیکار کنم😭
نه سربازی رفته نه سرکار میره درسش هم ۱۱ ترمه طول داده نه ماشین نه خونه نه موتور
خواستگارمم شرایطش خوبه چیکار کنم
۲سال و ۱۰ ماهه بهش فرصت دادم",8.37037037037037
363728545,سلام عزیزم خوبی شما از این برند بین استار نتیجه ای دیدید؟؟ منم میخوام بگیرم ولی دودلم نمیدونم تاثیر داره یا نه چون خیلی لاغرم و میخوام تپل شه صورتم,1.3703703703703702
362394833,"دقیقاا
من همین اکسم دوست دختر داشت دیگ
بخدا با همشون رابطه جنسی داشت
طرف انقدر رااحت خودشو در اختیار یارو میزاره ک
وقتی با امثال ماها برخورد میکنن ک نمیخواییم رابطه داشته باشیم دیگ وقت صرف ما نمیکنن درجا میگن اسکولم مگه با تو بمونم وقتی دخترا ریختن ک راحت رابطه برقرار میکنن",2.6296296296296293
thread_15924742_starter,"سلام مامانا کسی بوده مثل من از سنو اول تا دومش که دوهفته بوده فقط ساک بارداری خالی دیده باشه و ساک هیچ رشدی نداشته باشه؟
دفعه دوم که رفتم سنو مث سنو اولم بود فقط یه کیسه زرده خیلی کوچیک هم اضافه شده بود ولی با این حال ساک بارداری هیچ تغییری نکرده بود
سنو دومی هفت هفته باید میبودم ولی رشدش توی چهار هفته و شش روز متوقف شده بود
کسی بوده شرایط منو داشته باشه بار سوم بره سنو و جنین و قلبش رو ببینه؟",5.37037037037037
412973833,ناراحت نباش تلاش هاتو بکن تا توهم بخری به شانس هم ربط نداره اون تصمیم و مسیرش با تو یکی نبوده,1.0
thread_15250810_starter,سلام دوستان ميشه كمكم كنيد من شوهر اصلا درك نداره كه من باردارم تا ٦سركاره بعد ساعت ٦ ام اينستا الانم بخاطر  يه بالشت الكي بأمن دعوا انداخته كلي حرف بدبهم گفته منم يكم جواب دادم بعد ديدم شكمم داره ميلرزه يه جور بد قشنگ احساس كردم بچه يه جور ميترسه ميلرزه شكمم اون حالت شد بنظرتون من چيكار كنم هر روز هر روز تو استرسم,8.37037037037037
289051453,اوایل بارداری که هنوز جفت تشکیل نشده بچه اصلاً با مادر ارتباط خونی نداره. نگران نباش,1.0
thread_17510926_starter,چیکار کنم توی ۲۶ هفته هستم وقتی دراز میکشم سمت چپ کمر از وسط تا پایین تیر میکشه زیرشکمم درد میگیره نتونستم از دردش بخوابم اصن ی طوره خاصیه زیاد درد نمیگیره خیلیی ولی بی طاقتی بهم دست میدع هر وری میشم خوب نمیشع چ کنم,5.0
408776030,گل من تو هفته ششم هم بازم امکان داره لک لانه گزینی باشه ؟ چون یه هفته پیش لک دیدم یه بار,2.3703703703703702
330365699,منم هنوز نزدم ولی ماه۸ و۹ میزنه دیگه🥵این خارجیا ژنشون خوبه شکمای گندشون اصلا ترک نداره,1.0
396453635,"خوبه صبر کرد
بمن گفتن قلب تشکیل تشده برو سقط کن
منم عین بجه کلاس اولیا سریع گوش کردم بحرف دکتر🥺البته الان ۱فرشته ی ناز دارم کلاس اوله",1.7407407407407407
thread_7161040_دخترکلاسیک_1400/06/09 15:21,اگه تو سه ماه اول ک دستگاه عصبی  و اعصاب شکل میگیره بخوری تاثیر داره تو ضریب هوشی برای آدم بالغ هم میگن خوبه اما بخش عمده هوش ارثی هست,1.0
thread_14516471_starter,خانوما ترو خدا دعا کنین این گره باز شه سه قلو باردارم ماه پنجم بارداریمه خیلی تو استرس و فشارم شبا دور از چشم بقییه ساعت ها گریه میکنم میدونم واسم خوب نیس اما شوهرم کارشو دو ماهی میشه از دست داده دیگه نمیتونه یه کار پیدا کنه سراغ هر کاری میره نمیشه نمیدونم چیکار کنم تو این وضعیتم چرا باید همچین اتفاقاتی بیفته 😮‍💨,8.74074074074074
337097968,"همینطور که یکی از خانما گفتن، بتا بده. مثلا همین فردا صبح. بتا نشون میده باردار بودی یا نه‌.
بعد اگر خودت بلد بودی بخونی و متوجه شدی منفیه که هیچ، اگر شک داشتی حتی میتونی تماس بگیری یه پزشک آنلاین، ماجرا رو براش شرح بدی.‌ و جواب بتات رو هم نشون بدی.
ولی اگر تازه سقط کردی، نگران نباش تا مدتی این چیزای عجیب غریب رو ممکنه ببینی، منظورم پریودهای عجیب، کم‌، یهو زیاد، از این چیزا.",1.0
339057073,جوری که علامت دادی احتمالا دفع شده، نگران نباش، اسراحت کن و فعالیت عجیب و غریب نداشته باش امیدوارم حالت بزودی خوب شه,1.0
thread_10142431_دلوووووووین_1401/10/27 17:16,بچه دوممه برا اولی اصلا خواب ب چشمم نمیومد ولی این نمیتونم چند دقیقه بیدار باشم انکار معتادم همش نعشه کردم خوابیدم۰۰😀,1.0
327626890,"سلام برای اینکه بتونم به سوالاتتون دقیق جواب بدم اینجا کپی شون کردم سوال اولتون متاسفانه واضح نیست
1- اینکه آیا کسی غربالگری سونو مجدد جای دیگه انجام داده ۱حتشو بدونه؟
2- اینکه آیا کسی بوده با این میزان ان تی در آمینو سالم باشه؟
3- اینکه آیا میشه بدون دستور پزشک سونو غربالگری داد؟
سوال 2 ببنید ان تی جنین شما بالاست که میتونه علامت سندرم هایی مثل تریزومی 21 یا ترنر باشه ولی فقط علامت هشدار دهنده است تشخیص نیست بله ممکنه امنیوسنتز بشید و ایشالا بچه سالم باشه این احتمالاته پس حتما امنیون بدید
3- بله میتونین برید مراکز سونوگرافی و درخواست سونو بدید کسی نمیتونه سونوتون رو انجام نده
ولی احتمال این که ان تی تغییر زیادی بکنه نیست چون دستگاه های سونو دقیق هستن
اگر میخواید تصویر سونوتون رو برای مرکز ما بفرستید تا دکتر بهتون بررسی کنن پاسخ بدن",1.0
359951405,حساس شدی اسی جونم. تازه اینکه رژیم برات سخته به خاطر همین استرس و فشارته. شما همون سالم خوری رو در پیش بگیر اگر میتونی نمیخواد الان به خودت فشار بیاری.آسیاب به نوبت.وزن کم کردن باشه برای بعد.الان بهتره رو حال و احوالت کار کنی عزیزم.ببین مشکل از کجا نشأت میگیره...کم کم دونه دونه حل کن تا حالت بهتر بشه🫂,1.3703703703703702
412539159,تو فک میکنی شکننده نیست ولی تو داری غرورشو له میکنه    وقتی غرورش شکست باید خودتو آماده کنی خواهرم,1.3703703703703702
400496364,منم ۲۲ برج ۲ این روزو تجربه کردم ۱۰ ۱۱ هفته بودم قبلش قلب داشت ولی لک صورتی خیلیییی کم رنگ دیدم فکر کردم ترشحه ولی بعدزود رفتم سونو گفتن قلبش ایست کرده ومن تا مرز جنون رفتم وگارم ب قرص ارام بخش رسید,7.74074074074074
376211384,خیلی از بارداریا ممکنه خطر ناک باشه و استراحت مطلق و رابطه ممنوعه ،دیگه شمام اینطوری شده مجبورین غیر قابل تحمل نیست اینم میگذره.جور دیگه بهم محبت کنید و.....,1.3703703703703702
355432325,حرف زدنش کاملا عادی بود ولی وقتی استرس میگرفت تا بیاد جمله رو بگه نفس نفس میزد ، نه اینکه کلمات رو تکرار کنه,1.3703703703703702
thread_12001379_starter,یه بچه ی یکساله دارم.خودمم شاغلم.خانوادمم پیشم نیستن .شوهرم دوس داشت زودتر دوباره باردار بشم ولی من راضی نبودم.و الان من دوباره باردار شدم در صورتیکه  اصلا راضی نبودم فعلا.گاهی میگم برم سقطش کنم بعد میگم گناه داره.الان بخاطر این موضوع با شوهرم حرف نمیزنم و هیچ حسی هم به بچه ی تو شکمم ندارم.,6.370370370370369
thread_18039553_starter,"خانما کی این دلدرد شییه به دلدرد پریودی دیگ تموم میشه 😢😢
من تازه حالت تهوع اومده سراغم
خواب بودم بیدار شدم عصری یه کیوی قاچ کردم خوردم همین خوردمش حالت تهوع اومد سراغم
نمیارم بالا اما کامل حس تهوع رو دارم",3.3703703703703702
374582947,خب برای منم همین حدود اختلاف دارن دکتر خلیل شریفی تو سونوگرافی صدری ازش متنفرم من با ذوق رفتم برای تعیین جنسیت ب من گفت این بچه ب درد نمیخوره رشد نمیکنه ریداکتش میکنن 😭😭😭,5.999999999999999
413968469,"هرطور خودت صلاح میدونی استارتر جان ولی فکر نمیکنم بتونه خوشبختت کنه نه خونه نه ماشین تازه با خانوادش هم زندگی میکنه باید به اوناهم کمک کنه حتما
حقوق معلمی مگه چقدره که با همه اینا بخواد خوشبختت کنه😑",2.0
thread_16483428_starter,"من درست روز اتمام پریودم رابطه داشتم و بدلیل ترس از بارداری ۲۴ ساعت بعد، قرص اورژانسی خوردم
دو هفته بعد از مصرف قرص تست بارداری دادم که منفی بود
دو ماه بعد هم بیبی چک استفاده کردم که اونم منفی بود
ولی سه ماهه هنوز پریود نشدم
دلیلش چی میتونه باشه؟",2.7407407407407405
356070629,من جفتم پرویاعه😑😑😑 از تو هم بدتره وضعم,2.9999999999999996
411766752,"اصلا شاید نباید تاپیک میزدم ولی بخدا الان ترندن  😂😂
لباس باکیفیت میخرم میمونه .
من اشتباه کردم تایپک زدم چون ی سریا خیلی گارد دارن
باید همون رگال اضافه کنم
بازم مرسی🥰",2.0
thread_13287301_عسلی۰۰_1403/01/03 15:15,چکار میکنی ؟ واقعا دیگه اعصاب نذاشته برام خیر ندیده روزه ام دست وپا از کاراش یخ میکنه,5.7407407407407405
thread_14285147_starter,دیشب اومده بودن خونمون و طبق معمول سینه هاشو انداخته بود کامل بیرون جلوی همه و بچه شیر میداد بعد اینکه بچه خوابید بازم سینه هاش همینجوری بیرون مونده بود تو ذهن بچه منم دیگه تحملم لبریز شد و گفتم سارا نکنه میخوای به ماهم شیر بدی جلوی شوهر سیب زمینیش و شوهرم گفتم اونم یهو قرمز شد و جا خورد پاشد گریه و رفتن منم گفتم بری که برنگردی,5.37037037037037
336588042,سلام عزیزم منم باردارم توو سونو گفتن یه پاش کلاب فوته شما بچتون درست شد پاش؟ من خیلی نگرانم,4.37037037037037
thread_17030125_starter,"سلام شبتون بخیر
من تازه ۶ هفته هستم و الان ۳ روزه لکه بینی صورتی و قهوه ای دارم
الانم درد دارم زیر دلم و کمرم و لگن درد خفیف مث پریودی داره
سونو رفتم نرمال بود همچی خداروشکر فقط گفت دو هفته دیگه برم برای تشکیل قلب چون هنوز چیزی مشهود نیست
ولی الان این علائم داره نگرانم میکنه.
کسی تجربه منو داشته؟
الانم نبض دارم تو کمرم و لگنم😭",5.37037037037037
thread_16797515_starter,اگر سوالی درباره بارداری و زنان دارین در خدمتم,1.0
thread_14989732_starter,"تمروز۳۵هفته و یک روز سونو دادم سه کیلو 😭😭
چکار کنم اینقدر رشد نکنه
دکتر میگه تا چهل هفته به ۴۳۰۰میرسه
من طبیعی هستم برام سخته
ای خدا هیچی هم نمی‌خورم در حد میوه و شیر و مختصر غذای خونه
بدون نمک و شکر
روانم بهم ریخته سرهرچیزی می‌خوام گریه کنم
کلافه شدم
چرا من زایمان نمیکنم
راه رفتن برام سخت شده",7.74074074074074
338400398,"عزیزم مگه من راضیم
خونواده منم باید بخرن کدوم دختری حاضر میشه مامان باباش بعد ی عمر خرج بچه بچشونو هم بده؟
کاش اینجا هم این رسم برانداز بشه وگرنه حداقل ۱۰۰ ملیون سیسمونی میخاد",4.37037037037037
thread_11658331_starter,داشتم فوتبال میدیدم تا ویکتور والدز درخشید از پشت تلویزیون بهش لبخند زدم افریطه گفت این به والدز نظر داده شوهرمو انداخت به جونم,2.111111111111111
thread_9686580_starter,ماه هشتم بارداری هستم. دایما فشارم پایینه.. هیارشور و آب نمک میخورم تا چند ساعت اوکیه باز افت میکنه...چ کنم؟ طبیعیه؟ شنیدم ماههای اخر فشار میره بالا نه پایین,2.3703703703703702
361147615,"منم یه پسر عمه دارم الان ۱۰ سالشه
هنوزم شب ادراری داره و دقیقا مثل آبجی تو خود بچه خیلی اذیته و خجالت میکشه ولی خب الهی شکر حداقل فامیل به روش نمیارن
ولی عمم از همون اولم اجازه نداد کسی جلو روش بگه و ناراحت بشه اگرم کسی گفت بهشون خیلی جدی می‌گفت که نگن
ولی مشکل پسر عمه ی عدم تکامل سیستم عصبی(اگه اشتباه نگفته باشم) برای مثانه که تو خواب بی اختیاری میگیره
یه مدتی یه قرصایی می خورد خوب شده بود ولی بعدا دیگه گیر نیومد حتی هلال احمرم نداشت
دیگه نمی دونم پیدا شد براش یا نه ولی دکتر بهش گفته بود ممکنه خوب بشی ممکنم هست هیچ وقت خوب نشی",1.0
284312259,ای جان😍🥺نگران نباش ایشالله هیچ اتفاقی نمیوفته امیدت به خدا مامان شدنت هم مبارک🌹🌹,1.0
thread_6337060_starter,ناخواسته از نامزد عقدی خودم حامله شده م، تا بهش خبر داده م رفته به مامانش گفته. اونا هم الان از من شاکی هستن که چرا حواسم نبوده. خواهر نامزدم امروز زنگ زد کلی اعصابمو خورد کرد. هنوز خانواده ی خودم نمیدونن. خیلی استرس میکشم.,7.370370370370369
thread_17349734_starter,به ی مناسبتی واسشون شیرینی بردیم حالا جعبه رو گرفت به همه تعارف کرد ب من که رسید منو رد کرد جعبه رو گرفت جلو جاریم که جفتم بود ! درحال حاظر هم مشکلی باهم نداریم خوبیم، بنظرتون منظور داشت یا حواسش نبوده آخه خیلی ضایع بود,3.3703703703703702
406039731,آره دقیقاً، با گذشت زمان ضربانش معمولاً میاد پایین و منظمتر میشه. انشاءالله آنتی هم که بری خیالت کامل راحت میشه 🌱,1.0
thread_9412914_فرشتهجان_1401/06/26 23:10,جدی ؟ ان شاالله که همینطور بشه دارم روزا رو میشمارم تا هفته هام پر بشه ..,1.3703703703703702
thread_14415787_starter,"سلام دوستان، من عضو نینی سایت شدم فقط برای اینکه تجربه تلخ منو و استرس های منو هیچ مامان دیگه ای الکی نکشه.
همه مون می دونیم که بیمارستان صارم خیلی معروفه و چون بیمارستان نزدیک خونمون هم بود برای غربالگری هام اونجا مراجعه کردم. از بی برنامگی و نوبت دادنشون که نگم براتون ساعت ۳ظهر به من وقت سونو دادن و ساعت ۱۱ شب نوبتم شد!!!! و طبعا ۱۲ شب آزمایش خون دادم که مسئولش چقد سر من نق زد که الان چه وقت غربالگریه ما فقط باید این تایم اورژانسی کار کنیم و...!!! یعنی این همه ساعت هم کمر ما داغون شد هم اعصابمون! من درباره دکتر سیما گیتی تو گوگل و همین نینی سایت سرچ کردم و چون همه تعریف کرده بودن این همه انتظارو به جون خریدم و پیش ایشون رفتم. اگر فقط دنبال اخلاق خوب هستین ایشون خیلی خوش اخلاقن. ولی تشخیص؟؟ ایشون کام بچه منو تو غربال دوم ندید کلا. روی کلیش هم عیب گذاشت و چند تا چیز دیگه! بخاطر تشخیص غلط ایشون من مجبور شدم سل فری و سونوهای دیگه بدم که هزینش هم اصلا کم نبود و بیمه نمیده که فدای سر بچم. ولی به خدا اون یک ماهی که طول کشید من جواب این هارو ببینم و به دکتر نشون بدم و بگن بچم سالمه من به خدا رسیدم. صارم نه آزمایشگاهش به درد می خوره نه سونوش از من به شما نصیحت جای بهتر برید و گول اسمشو نخورید تو مطب دکترم هم حرفش پیش اومد اکثرا تجربه خوبی از صارم نداشتن.",6.481481481481481
thread_10251910_starter,سلام وقتتون بخیر من پریودم نامنظمه تقریبا ولی خب هر ماه میشم ، من سیزدهمین روز پریودم که فک میکنم روز تخمک گذاریم بود اقدام یه بارداری داشتم که با امروز ۶ روز ار روز اقدام میگذره ، دو روز بعد از اقدام کمر درد و درد زیر شکم و تخمدانم شروع شدو از دیروزه ک خیلی تشنم میشه یهو گرسنم‌ میشه و گرمم میشه . ممکنه باردار شده باشم ؟,2.0
391218758,"ممنونم عزیزم از نظرت
دکترم گفته پایان ۱۸هفته برم سونو",1.0
thread_12958359_starter,سلام مامانا من ۱۸ سالمه تقریبا ۷ ماه پیش جنینم خود به خود سقط شد و الان پنج هفتمه علاعمم خیلی زیاده ۳ کیلو چاق شدم بوی عرقم خیلی زیاد شده و سینه هام خیلی بزرگ شده و میلم به همسرم کامل از بین رفته و رابطه جنسی برام خیلی دردناکه,2.9999999999999996
thread_14280070_starter,"سلام دوستان
من مامان یه پسر ماه 21ماهه هستم
که متاسفانه پسرم یک سری علامت هایی مبنی بر اتیسم داره
البته که هنوز تشخیصی نگرفته
من مدت زیادی رو تو شوک و افسردگی و نگرانی برای پسرم بودم طوری که نمیدونستم اصلا زنم مردم چیم؟اصلا نمیدونستم کجام همه ی روز درگیر سوگواری و اینترنت گردی برای پسرم بودم جوریکه اصلا متوجه نشدم که باردارم
و متاسفانه وقتی فهمیدم که 14هفته ام بود...
و اون مدت رو قرص اسپیرنولاکتون مصرف میکردم که بارداری باهاش ممنوعه
و مصیبت من دوتا شد
بعد از کلی دکتر رفتن درنهایت گفتن چون دختره خیلی خیالمون راحت تر میشه و تو غربالگری ام مشکلی نبود و دیده نشد
من خیلی دوست داشتم یه دخترم داشته باشم ولی دلم میخواست با برنامه ریزی باشه و ضمنا الان که پسرم کوچیکه و به کمک نیاز داره نمیخواستم
الان بیست و چند روزه فهمیدم و همش تو دوراهی سقط و نگه داشتن هستم
نگرانی هام یکی پسرمه که میترسم واقعا اتیسم باشه و دخترمم خدایی نکرده داشته باشه
البته ک میگن تو دخترا کمتره
و اون قرص اسپیرنولاکتون که یکی میگه رو دختر تاثیر نداره یکی میگه ممکنه داشته باشه و تا تولد صبر کن
خیلی حالم بده نمیتونم درست تصمیم بگیرم هرلحظه یه چیز میگم",8.74074074074074
268343330,"نوربخش خیلی باکلاسه یه اسم ساده هم بزار براش که آخرش با آ تموم شه
مث سما، نیکا، سما نوربخش خیییلی باکلاسههه",1.0
359403808,وا منم باور نکردم انقد برام تعجب آور بود حالا اسپرم تو حموم چیکارمیکنه اونم انقدی باشه ک بخواد باردار شه😬😬😬 از ی قطره دوقطره احتمالش شاید ۵ درصد باشه,1.0
thread_9824047_nazzzbanooo_1401/09/15 13:36,عزیزم منم خوابیدم همسرمو مادرم کارامو میکنن همسرم شبا غذامیپزه مادرم ظهرا ..جارو با همسرمه نظافتم مادرم سخته خیلی چاره ای فعلا نیست انشالله تمیزکاری بعد تولد بچها,2.4814814814814814
thread_18083880_starter,"سلام دوستان من هفته ۲۲ بارداری ام
از هفته ۱۹ زیر شکمم تکون حاشیه حس میکردم وقتی دراز میکردم مثل تلنگر بود تکون هاش اما از هفته ۲۲ که وارد شدم دیگه حس نکردم حتی یه روز خیلی نگران شدم رفتم بیمارستان صدای قلبش برام گذاشت گفت مشکلی نداره صداش اگه خیلی نگرانی باید سنو بدی
فعلا که تعطیلی ولی من خیلی نگرانم
کسی این تجربه داشته؟",4.7407407407407405
thread_18144570_starter,"چکارکنم اعتماد به نفس داشته باشم انگیزه داشته باشم شاد باشم کلا چجوری یه خانوم موفق باشم
ممنون میشم بگین",2.9999999999999996
thread_15380973_starter,خانوما این تست مثبته یا منفی؟,1.3703703703703702
338400867,دقیقا عزیزم مقصر اصلی خود خانوما هستن وقتی تو همین سایت بر میدارن مگن راست وظیفه خانواده دختره ما از اونا چه انتظاری داریم,1.3703703703703702
400704536,"😑😑😑😑😑😑
من گفتم دکتری؟؟؟
منظور حرفمو چپه متوجه شدی",2.9999999999999996
thread_14284258_starter,سلام کاربرای محترم من6هفته باردار بودم .ناخواسته بود .با 5عددقرص سایتوتک اقدام ب سقط جنین کردم .از دیشب ک قرص گذاشتم فقط چند ساعت لرز اسهال استفراغ و درد زیاد داشتم اما خونریزی خیلی کم در حد چند تا لخته خیلی کوچیک بود ..الان هم دارم کلی جوشونده میخورم ولی خبری از درد و خونریزی شدید نیست ..آیا جنین دفع شده یا ن ...میشه راهنمایی کنید چکار کنم,5.7407407407407405
384253292,"آزاد با دولتی فرقی نداره
دیگه اکثر رشته ها آینده نداره بنظر من نباید انقد به خودش سختی بده چون خبری نیست
باید جای وقت تلف کردن مهارت یاد بگیره که پس فردا با مدرک دانشگاهش کار گیرش نیومد حداقل مهارته رو داشته باشه گلیم خودشو از آب بکشه بیرون",1.3703703703703702
thread_16395518_behnam_59_1404/03/30 11:41,من یادمه از ۶ یا ۷ سالگی دیگه حتی پدرم هم به اندام خصوصیم نگاه نکرد. چرا شما اجازه نمیدین پسرتون حریم خصوصی داشته باشه؟ چرا فکر می کنید باید تا زمانی که بالغ نشده براش هیچ حریمی قایل نباشید؟ بچه گناه داره.,2.6296296296296293
387008305,خب اگه میلت زیاده ممکنه همین جوری بمونی یا بالاپایین بشه اون موقع براش تصمیم بگیر چیکار بکنی,1.0
thread_16528408_starter,دکتر خوب بینی گوشتی معرفی میکنین,1.0
393887594,"ن
ولی خب بخوام پیاده خودم برم جایی نمیتونم که زیاد وایسم
پادردوکمردردمیگیرم😩",3.6296296296296298
350127785,ن اصلا درد نداشتم چنتا هم امپول فشار برام زدن ولی تاثیری نداشت اخرش رفتم سزارین,2.6296296296296293
413948299,"نگفتی همکاره چی در مورد شوهرت میدونههه؟ این چیه که شوهرت انقدر به خاطرش داغ کرده؟؟؟؟؟ و میخواد به خاطرش طلاغت بده
بگو ببینم الان خونه به نامته؟؟؟؟؟ چیزی به نامت هست؟؟؟؟؟ برو قایمکی قانونی هست که اگه مرد خونه به نامت بزنه میتونه از نامت دربیاره حالا میدونم واسه شما چحوریه
ولی منطقی نیست بخواد تو رو  طلاق بده یه تصمیم جدی برا زندگیت بگیر اشتباه نکنی از ترس طلاق خونه رم تقدیمش کنی وقتی شوهرتو میشناسی انقدر همه چی رو نیا بهش بگو",2.0
406832881,"من هر دو رو تجربه کردم
بعد هر دو روش درد بدی داشتم از نظر میزان درد فرقی ندارن
من چند روز بعد بیحسی سردرد های بدی میگرفتم که میگفتن از عوارض بیحسیه
فقط بیحسی یه حسن داره که بچه اسیب نمیبینه",2.9999999999999996
thread_13408986_starter,"دوستان من ۲۱ سالمه و متاهلم ولی وضع مالی مون تعریفی نداره شوهرم تازه میخواد بره سربازی و کلا تو این شرایط فکر بچه رو نمیکردم ولی آزمایشم مثبت شد
میتونم قرص بگیرم ولی قلبم این تصمیمو نمیخواد
ازون طرف عقلم میگه چی الان تو زندگیت سرجاشه که بچه هم بیاد این وسط؟
ما بخاطر مشکلات مالی از اول زندگیمون یه سفر دونفره نرفتیم! مستاجر هم هستیم همش منتظرم صابخونه بندازه بیرون/ با این حال شوهرم بمن میگه مثبت اندیش باش امیدوار باش! اومدم اینجا چون نمیتونم به هیچ کسی بگم و نطرشو بخوام .. شما جای من بودید بچه رو نگه می داشتید ؟",7.111111111111111
389492546,والا نه دکتر گفت نخور کمی کنترلش کردم با سیر خوردن،شیرینی نخوردن،چیزای ترش خوردن,1.0
413721968,وقتی ادم خوبیه دوسش داری الکی الکی زندگیتو خراب نکن نگران تباش مامانتم خودکشی نخواهد کرد,1.6296296296296298
thread_17601028_starter,دیشب ما ساعت ۱۰ نیم از بیرون اومدیم شام بیرون بودیم بعدش همسرم گفت یه فیلم ببینیم زدیم انفرادی یکم خندیدیم امروز صاحبخونه زنگ زده میگه ساعت ۱۱ داشتین دعوا میکردین همسرم خشکش زد گفت والا داشتیم تلویزیون میدیدیم گفت نه داداش مادرشم پایین ماعن گفت نه اونا شنیدن یعنی چی میگه بیرونتون میکنم سرصدا دارین ما فقط دونفریم مگه میشه بیرونمون کنه با شب تلویزیون دیدن؟ بخدا منم گریه کردم دست راستم درد میکنه مچش و تکون نمیخوره از اعصاب هم اجاره رو به موقع دادیم نزاشتیم یه روز بگذره هم بهشون احترام گذاشتیم,7.370370370370369
413462402,نه همون ۲۰ روز هست. ایشون از روز اول از ذات و شخصیت من خیلی خوشش اومد و رابطه رو به سمت جدی شدن کشوند. البته چندین بار بابت اینکع ماشین دستش نیس عذرخاهی کرده ولیکن خب آدم حس جالبی نمیگیره کلا.,2.0
thread_15445133_starter,من این ماه سونوگرافی نرفتم چند ماه پیش رفتم روز ۱۱ فولیکول ۱۸ داشتم من چند ماهیه پریودیام متغییر شده از ۲۵ روز تا ۲۸ و ۳۵ روز به همین خاطر برام سخت بود تشخیص بوم کی تخمک گذاریمه و به طرز عجیبی درد تخمدان سریعا بعد اتمام پریودی در روز ۶ و ۷ داشتم و همون موقع یه اقدام داشتم و چند روزی شوهرم نبود و بهد دوبتره احساس کردم دارم له تخمک گذاری نزدیک میشم و شوهرم اومد و اقدام کردیم ولی کیت میزدم منفی میشد جللبه روز ۷ کیتم مثبت شد اما دو روز قبل و بعدش منفی خلاصه روز ۱۴ هم منفی شد و یکم تخمدان هام تیر کشیدن رو داشت و روز ۱۵ یا ۱۶ هم دوباره علائم تیر کشبون تخمدان رو داشتم و کیت زدم پر رنگ تر از قبل شد و منم دوبار  بعدش اقدام کردم الان از یخ طرف میگم شاید تخمک گذاریم هنوز نرسیده باشه و اقدتم کنم تارم رو از دست بدم از طرفی شنیدم اقدام زیاد مانع لانه گزینیا به نظرتون تا کی اقدام کنم ؟الان روز ۱۷ سونوگرافی ردن؟ اگه لقاح انجام شده لاشه میتونه تشخیص بده؟,4.7407407407407405
266906931,هه برام بهش مهم نیست بدختی منم اینجاس ک برم نمیتونم بمونم از ساعتی ک میرم تا ساعتی ک بیام گریه میکنم میدونم تچ دلش هیچی نیس ولی ب غرورم بر میخورع,5.7407407407407405
413976280,"بد اخلاق نباشه ..دست بزن نداشته باشه..خسیس نباشه ..اهل مشروب و دود و رفیق بازی نباشه..به خودت و خانواده ات احترام بزاره..بهت توجه کنه ..با درس خوندن و کار کردنت مشکل نداشته باشه..
همینا بادم بود فقط..",1.0
262649879,روي خود قرص نوشته مصرف پيشنهادي ٢عدد در روز دكتر من گفته بود يدونه😭,2.9999999999999996
370310239,بخور بابا هوس کردی طوری نیست،استرس که سمش بیشتره,1.3703703703703702
389059333,"چند نفر هم اومدن گفتن چون ما حامله شدیم جاریمون حامله شد 🤣🤣🤣🤣🤣
یعنی اندکی شعور برای ما قائل نیستن",2.0
401177095,"برنج واقعا نمیتونم نخورم دیگ
دور از جان اگر کارم با متفورمین و انسلپین بکشه برای بچه خطرناکه ؟, دکترم خیلی ترسوندم
یک ماه دیگ آزمایش گلوکز دارم آخه",4.37037037037037
307993037,"میگن امروز قبله بیرون رفتن یه ایت الکرسی میخونی با چهار قل و بعد نیت میکنی که یه وسیله ای میخری برای حاجت روایت اون وسیله ای که خریدی رو تا سال بعد استفاده نمیکنی اگه زودتر به حاجتت رسیدی ازش استفاده میکنی
مثلا مقنعه میخری به نیت رفتن به سرکار هروقت رفتی سرکار ازش استفاده میکنی
مثلا کیف پول یا طلا میخری به نیت افزایش رزق و روزی و.......",1.0
thread_14032585_starter,کسی می‌دونه قرص کمر بعد از سقط چجوری باید استفاده کنم؟ میخورن یا می‌بندن به کمر ؟ کلا بعد از سقط باید چکارایی کنم چجوری تقویت کنم خودمو لطفا هر چی می دونی بگید خیلی حالم بده روحی و جسمی😥,5.7407407407407405
thread_16098028_starter,"سلام من در هفته 5 بارداری هستم
دیروز خیلی بی حال بود در حدی وقتی وایمیستادم انگار پاهام میلرزید
چند دقیقه تپش قلب میگیرم چند دقیقه ضربان قلبم میاد پایین
صبح حس کردم لباسم مرطوب دیدم لک قوه ای غلیظ دارم
سینه ام خیلی درد میکنه در حدی که از خواب میپرم
تخمدان سمت چپم تیر درد ناک میکشه
دو رو  مانده به پری بتا دادم 109 بود به دکترم گفتم گفت 15 روز دیگه تکرارش کن
خیلی نگرانم
تجربه مشابه دارید
میتونید بهم کمک کنید
حالم خیلی بده",6.370370370370369
412744427,ای خدا خدا حفظش کنه دخترت حتما باید خواهر داشته باشه حیف پسر تک باشه مشکلی ندار,1.0
thread_14188354_starter,سلام به همگی دیروز رفتم سونو گرافی وزن جنین دختر ۲کیلو سیصد و هفتاد گرم بود وزنش خیلی کمه سزارینی هستم عفونت شدید واژن هم دارم که دکتر گفت همین عفونت باعت پاره گی کیسه آب می شود می ترسم تا تاریخ عمل که ۳۰ مرداد نکشم زودتر زایمان کنم بیایید بگید چی بخورم لا اقل تا ۳ کیلو برسه اگر برای درمان عفونت وازن راه حلی دارید بفرمایید,5.7407407407407405
thread_15939513_starter,سلام دوستان من ۶ هفتگی متوجه شدم قلب جنین تشکیل نشده و از ۱۶ فروردین خونریزی و درد دارم درحال سقطم دکترم فقط شیاف داده که هیچ تاثیری نداره دردم خیلی وحشتناکه خییلی کسی تجربه سقط داره من میتونم مسکن بخورم ؟,7.370370370370369
thread_8408022_mamandibba_1401/01/13 02:24,راجع بهش خوندم عزیزم نوشته بود اگر قبل از شکایت برای مهریه مال رو به نام کسی دیگه کرده باشه مشکلی نیست می‌تونه!! نصف اموال هم اگر بتونه عدم تمکین بگیره قانونش باطل میشه.. عدم تمکین هم کاری نداره خودش یکاری می‌تونه بکنه..مثلا شرایط رو آنقدر سخت کنه که من مجبور بشم برم، بعد عدم تمکین بگیره...همش تهدیداش همینه..,4.851851851851851
412311229,بخاطر تمکین چرا ولی از روی محبت و علاقه نباشه رابطه با کیفیت نخواهد بود و اذیت میشه ازلحاظ روحی و جسمی,1.0
330732392,"مادر عزیز بسپار به خدا،خدا خودش ازت مراقبت میکنه
سعی کن نگرانی هاتو کم کنی،به اتفاقای خوب و مثبت فکر کن و هر نگرانی داری به خدا بگو
من خودم سر یه موضوعی خیلی نگرانی داشتم قرآن باز کردم  این آیه رو دیدم که نترس و ناراحت نباش ما نجاتت میدهیم و واقعا کمکم کرد",1.3703703703703702
thread_16485128_starter,"از یه طرف برای وضع مملکتمون،
من۸سال بعد عروسیم تصمیم گرفتم باردار شم برای همین که فکر میکردم بدنیا آوردن بچه ظلمه در حقش،
نمیدونم چرا اشتباه کردم،
از یه طرفم شوهر الدنگم دیشب چاقو کشید روم گفت نمیفهمم بارداری اینا میزنم.
الانم رفته مسافرت.
اصلا نمیفهمم چرا شب سگ شده بود هی پاچمو میگفرفت،من ساعت۸یکی دوبار بهش زنگ زدم بپرسم اگه میری مسافرت کیفتو حاظر کنم،لباساتو جمع کنم میگفت نه فردا میرم اونم شاید(درست جواب نمیداد)،بعد یهو ۱۰شب امد گفت زود حاظر شو بیا پایین تورو بزارم خونه مامانت اینا بعد بیام خونه برم.
منم داشتم کیف خودمو جمع میکردم که چند روز خونه میزم خونه مامانم دیگه،اشغالارو جمع میکردم،…
بعد امد گفت چقدر لفتش میدی بیا دیگه از صبح چیکار میکردی،چرا لباسمو اتو نکردی و اینا.",8.74074074074074
thread_18091250_starter,سلام دوستان من هفته ۳۹ بارداری هستم ۲،۳ شبه زیر دلم درد میگیره و حالت پریودی دارم (کمر درد و درد شکم و رحم)که تو روز ساعتی یبار هست اما شبا یکم بیشتر میشه وقت زایمان سزارین دارم ۲هفته دیگه به نظرتون طبیعیه؟چون زایمان اولمه نمیتونم فرق درد کاذب با درد اصلی رو بدونم میشه اگه تجربشو داشتین بهم بگید چیکار کنم؟,3.7407407407407405
thread_12088170_starter,سلام دوستان دیروز مهمون داشتم ،از صبح ساعت ۸ بیدار شدم و مشغول اشپزی و ...ظهر شوهرم اومد بعد ۲ ساعت استراحت ازش خواستم کمکم کنه پا شد ،ولی شروع کرد به نق زدن و ...بعد گفت چقدر فلانی برات مهمه که داری براش خودکشی میکنی منم گفتم اتفاقا من اصلا اونو ادم حساب نمیکنم یه دختر بی ادب که حتی اداب معاشرت اولیه رو نمیدونه و ... بعد عصبانی شد و خاطر عروس عموش بهم چیز گفت،حالا جالبه ما اصلا باهاشون رفت و امد نداریم دفعه اول بود که می اومدن،ولی به خاطرش جبهه گرفت ،و جارو زد و طی کشید و هیچ کمکی بهم نداد ،خودم چهار مدل غذا ،سالاد و دسر و ...درست کردم به اضافه نظافت منزل ،باردارم و تا اخر شب واقعا هلاک شدم اخر شب  حتی یه تشکر خشک و خالی نکرد ،یه خسته نباشید ساده نگفت،  رختخواب پهن کرد و جدا خوابید و الانم قهره ،حالم بده ،دیشب هم خواب درست نداشتم ،چه برخوردی باهاش داشته باشم؟,7.111111111111111
413948492,"دست بزن داشت خیلی تلاش کردم نشد
دوسش دارم ولی عقلم میگه ادامه زندگی کار درستی نیست",6.111111111111111
413451433,میدونم،تا دو هفته تو دلم زنده اس،بعدش باید از بین ببرنش،عذابه بخدا,5.481481481481481
412446385,"چون روشون میدی انقد توجه میکنی میدونه دیگه بهش وابسته شدی و هیچجوره از دستت نمیده
باید سگ محلش کنی",1.0
338953276,"والا من پرستار کودک شدم طرف سرم کلاه گذاشت انگار
رو حساب یه بچه 4 ساله نرمال رفتم ولی بچه نه حرف بلده بزنه نه هیچی فقط جیغ میکشه تا منظورشو برسونه واقعا روحیه اشو دیگه ندارم
به نظرم خیلی مهمه قبلش به آدم دروغ نگن آدم بدونه قراره چیکار کنه یا با کی و چی طرفه
ولی خب هم مشکل مالی دارم هم نمیخوام به خونواده فشار بیارم و هم اینکه مشکل کمر دارم نتونستم برم کارمندی",6.7407407407407405
316544603,"خب اون تراپی رفتن فقط کوتاه اومدن تو بود درواقع سیاست نبود مشکلاتو یه تنه به دوش کشیدن و ناراحتی هارو تو خودت ریختن بود که اینجوری ادم به ی تلنگر میترکه  مثل حال تو و این کاملا طبیعیه
زمانی درسته که دوطرفه باشه تلاشتون",1.3703703703703702
413941834,"این چرا اینجوری حرف میزنه خب اگر مشکلی هست بگه😐😐
آخه اینم شد حرف که میگه هر وقت با خودم ازدواج کردی یا هر وقت با یکی دیگه خواستی ازدواج کنی میگم😬🤦♀️",2.6296296296296293
382300406,سلام عزیزم ببخشید شما پدرتون رو پیش کدوم دکتر عمل کردید مامانم چشمش اب مروارید داره باید عمل بشه خواهش میکنم راهنمایی کنید,2.0
thread_9936634_starter,بچه ها چکار کنم .خیلی اذیتم.غذا بخورم تلخ غذا هم نخورم تلخ.همش دلم میخواد ترشی بخورم.ضرر نداره ترشی .آخه خیلی میخورم,3.3703703703703702
351827225,وقتی تاپیک وزن بچه و لاغریش میبینم یاد خودم میفتم. فقط برای مامانهایی ک مث منن این تاپیک زدم ک الکی حرص نخورن برا این وروجک ها,1.3703703703703702
402330140,"انشاله برام بمونه
خیلی دو دلم
واقعا میترسم 3 تا سقط یه دوقلو بدنیا آوردم مردن
یه پسر دارم
از هر دردی میترسم",5.7407407407407405
384612553,"اللهم عجل لولیک الفرج 💚
یه گرفتاری دارم دعا کنید تا اخر این ماه به راحتی حل بشه
دلم نمیخواد با ناراحتی خودم یا کسی دیگه تموم بشه 🥲
و دعا برای اینکه مسیر زندگیم پیدا کنم و موقعیت خوبی سر راهم قرار بگیره
و سلامتی و طول عمر خانوادم لطفا 🩷",4.37037037037037
258001969,نه درد که ندارم ترشحات غیر عادیم نه,1.0
thread_8513836_starter,"بهداشت قطره اهن دادبرابچم گفت روزی نیم میلی لیتر شوهرم گفت اونابدردنمیخوره رفته سیدرال ورفته ولی روش نوشته روزی یه میلی لیتر
یه میلی بدم یانیم",2.3703703703703702
402479017,"عزیز دلم 🥺💚
منم سر اولی همینجوری بودم ولی دو سال دیگه یادت میره 😂
و بارداری دوم آسون تره من ۱۵ هفتم باورت میشه هیچی نفهمیدم فقط افت فشار گاهی وقتا
اوایل هم بی اشتها بودم همین",1.0
413979830,"نمیخوام بچه دار بشم! دکتد گفت ۳ ماه قبل بارداری بخور
الانم نمیخوام باردار بشم ولی نمیدونم بخورم یا نه،
بعدشم ببخشید قضاوت کنم و بعد قضاوت کنی فرقی تو رفتارت نداره. الان ویزیت های دکتر سرسام اوره . تو همین ماه ۳۰ تومن پول ازمایش کامل دادم . ۳ تا دکتر رفام هر گدوم ۱ تومن پول ویزیت جدا
یا شایدتو این ماه گره تو کار مالیم خورده . شاید الان توانشو ندادم ولی سال دیگه دارم، شاید و شاید های دیگه
خودتون و با ببخشید و حرف دلتون ارومنکنین
من نمیبخشم
اصلا ما بدبختیم ولی دلم بچه میخواد
مگه ادم نیستیم
فقط پولدارا ادمن
بیان بخورن و برن .... ای بابا",7.370370370370369
thread_16617776_starter,"خدا چقدر دلم گرفته 😭😢
ب همه ۳ تا ۴ سالم میدی بچه من باید  بدون دست باشه، 😭😭😭
الان ۱۱ سالشه خواهشا نیاید بگید چرا سونو  نشون نداد
چرا سقط نکردی
الان ۱۱ سالشه خیلی خوشگل و مهربون ولی دستش
تازه براش پروتز گذاشتیم الان هی اطرافیان  و فامیل تبریک میگن
اخه تبریک گفتن داره
کاش شعور مردم بالا میرفت از کسی نمیپرسیدن😔😔
ب بچه هاتون یاد بدید مسخره نکنن😭😭
البتع بزرگترا با سوالاتشون ادم و آزار میدن
چ روزای سختی گذروندم ازبس گریه کردم اشک چشمم خشک شد😭😭",5.7407407407407405
thread_15935462_starter,"خانم ها باردارم
خیلی سرفه میکنم
شکمم درد اومده
دیگه واقعا خسته ام یعنی هیچی نمی تونم مصرف؟",4.37037037037037
thread_17750155_starter,"دوستان من ۶ روز بعد از تاخیرم، بتام ۳۰۷ بود، ولی امپول hcg زده بودم و ۲۱ روز ازش میگذشت، فکر کنم باید بتای بالاتری میداشتم نه؟ فردا باید تکراش کنم ولی از غصه و فکر و خیال دارم دیوونه میشم، اولش هم علائم نداشتم الان یکم تهوع بیشتر شده، یعنی میشه فردا برم بتام دوبرابر شده باشه؟
چرا انقد پایین بوده، لک یا علائم بدی هم ندارم ولی خیلی نگرانم😔",6.370370370370369
413477587,ولی باید تایپ کنی جوابارو مثلا سوال میکنه توکلاس  باید مشارکت کنی داخل کلاسش ۱شنبه ساعت ۳ هست هزینه چقدر مد نظرداری,1.0
thread_17082705_starter,سلام باردارم هرچی فک میکنم ک نینی دنیا اومده باهاش بازی میکنم یهو یکی عطسه میکنه یعنی چی اون روزهم به اسم فک میکردم عطسه اومد دیشب کلی گریه کردم بخدا ناامیدشدم دیگه 🤕🤕🤕🥺🥺🥺🥺,4.62962962962963
thread_8914324_لیداخانوم۲۷_1401/04/06 17:49,"💟
نه اصلا توقع نباید داشت طرف تو این سن خونه بخره ...بحث اینه که استارتر میگه از،صبح تا شب کار میکنه و هیچ شدایطی واسه ازدواج نداره و ایشونم منتظره پدرو مادر کمک کنن...خوب جای،شک داره دیگه نداره ؟ پس پولاشو چکارمیکنه ؟اصلا شاید پدرو مادرش،در بچشون نمیبینن که زن و زندگی تشکیل بده ..",1.3703703703703702
334046938,"نترس حاملگی به این راحتیا نیست....😄😄😄
من خودم اوایل ازدواج ازاین استرس ها زیادکشیدم
حامله نیستی ☹️",1.3703703703703702
thread_11898756_starter,سلام کسی بوده بعد سقط با قرص فقط یه روز خونریزی داشته باشه من الان سه روزه قرص استفاده کردم و فقط همون روز اول دفع لخته داشتم زیاد بود و یه چیزی شبیه به لوبیا که بزرگ بود چون درد داشتم و ترسیده بودم اصلا نتونستم درست ببینم الان دو روزه هیچ خونریزی ندارم ولی امروز حالت تهوع داشتم و استفراغ کردم یعنی جنین سقط نشده خواهش میکنم کمک کنید راهنماییم کنید فردا میر سونو ولی تا فردا استرس منو میکشه,7.370370370370369
361505283,"مبارکت باشه
اره منم با ویلچر رفتم چون نمیشه بعدم چون شیر نداشتم اولش شیرخشک به بچه میدادم تا بعد چند وقت شیر خودمو دادم کم کم شیر خشک از بچم گرفت الان شیر خودمو میخوره البته من براش میدوشیدم چون او اوایل شیر مادر خیلی برای بچه خاصیت داره
بعدم پمپ درد اصلا تاثییری نداره برای من شیاف گذاشتن که اون بهتر بود منم راه میرفتم شکمم کار که کرد مرخص شدم",1.0
389478100,"چای گرم ( حلوا یا کاچی)
دستمال عروس هم خودت میدونی
قوری و استکان و نبات و‌اویشن ای چیزا هم بردار",1.0
393684968,"الان چن روزه ترشحات سفید هم دارم
یادم رفت از دکتر بپرسم برای چیه",1.3703703703703702
333122901,باید کاملا استراحت کنند دستشون رو اصلا بالا نبرن مثلا برای برداشتن چیزی از کابینت بالا زیر نظر دکتر باشن با رعایت کردن ریسک خطر رو پایین میارن,1.0
thread_12517813_starter,من چند ماه اقدام بودم نمیشدم یه بار دو هفته از موعودم گذشته بود یه خانمی گفت امروز بی بی بزن حسم میگه بارداری و اگر بودی در یک فضای عاشقانه و رمانتیک خبرش و به شوهرت بده منم همون روز زدم اصلااا امید نداشتم باردار باشم یهو دیدم عهههه دو تا خط پر رنگ افتاد انقدر ذوق زده شدم حرفای اون خانم و یادم رفت زرتی پریدم پشت در دسشویی (شوهرم دسشویی بود) در زدم گفتم بهروز بهروز من حامله ام نمیدونم فازم چی بودم نگفتم بدارم بیاد بیرون لاقل شانس مصخرف بیخود من اون روزم شوهرم اسهال شد انقدر تو دسشویی موند هی میگفتم چرا نمیاااای بیروووون اونم میگفت بابااا نمیتونم گیرم اینجا یه خورده بمون بعد نیم ساعت اومد بیرون منم همونجا نشستم  رو زمین پاشدم بغلش کردم دیدم بنده خدا شوهرم هی پیچ و تاب میخوره گفتم خوشحال نشدی یعنی؟؟؟واقعا که گفتم بابا بخدا خوشحالم فقط شرایطم اوکی نیست باید برگردم اون تو دوباره رفت دسشویی و اون شب تا دوازده شب هی اومد بیرون رفت تو اومد بیرون رفت خبر حاملگی من کلا تو اسهال اقا گم شد الانم انقدر حسرت میخورم چرا نذاشتم فرداش بگم و چرا شانس من دقیقا روزی که بی بی چکم مثبت شد این اسهال شد😒😒😒,1.3703703703703702
thread_7223763_zhoooan_1400/06/19 00:48,آفرین به تو اولین باره میبینم کسی از هفته ۳ میدونه بارداره.به خودت تلقین نکن این حس ها بیشترش بخاطر تلقینه سر خودتو گرم کن فعلا برای علائم و حالتهای بارداری خیلی زوده,1.0
403675514,فیبرو آدنوم نمیدونم چیه ولی منم همینطوری بودم تا زایمان که اصلا مشکلی نداشتم مامانم گفت چیزی نیست بعد زایمان و شیردهی یه ورم خیلی بدی کرد با درد رفتم دکتر گفت ماله غدد لنفاویه و جای نگرانی نیست سونو زیر بغلم نوشت برام که نشد برم و خودش خوب شد فقط بهش دست نزن,1.0
354408990,"نه بابا لکه بینی اینا هیچی
زندگی عادی مو نمیتونم ادامه بدم بخدا همه چیزم بهم ریخته دلم میخواد گریه کنم اما وسط گریه شوهرم میخندونتم
قهقه میزم چرا اینطوری شدم اخه",5.37037037037037
thread_13252844_starter,"چند سال پیش یعنی۱۵سالم میشد یکی محمود رده بود بعد خیلی اذیتم کرد هی می‌گفت منو دوست داشته باش فلان منم وابسته شدم اینم تا دید اینجوریه ازم درخواست میکرد من گفتم نمیتونم من ادمش نیستم اینم هی فحش میداد تحقیرم میکرد آخرش رفت با رفیقم باز اومد فحشم داد بعد  که رفیقمم ولش کرد اومد سراغ من خیلی رو داشت بلاکش کردم دوسال تو خونه حبس کرده بودم خودمو هی میگفتم خدایا جوابشو بده هیچچچ آخرشم از لج دو سال پیش عکسشو تو دو تا گروه دوستام پخش کردم😭😭😭
بچه ها سنم کم بود یعنی روز قیامت باید جواب پس بدم",4.7407407407407405
thread_14558202_starter,"درد پهلو و زیر شکم توی ماه اول طبیعیه؟
یهو تیر میکشه ول میکنه
۲ مهر میخوام برم وقت دکتر دارم زود تر برم همین فردا ؟
یه مقدار حالم بده دلم شور میزنه یخورده از دوساعت پیشه
یه مقدار شوهری بو میده اما در واقعیت بو نمیده بیچاره بهش گفتم صبح حمام بود باز رفته حمام بچه
هوس یه چیزی میکنم شدیددددد ها یعنی گریه میکنم ۱۰ دقیقه ای برام آماده میکنه بعد از بوش بدم میاد
چیزی در این باره ها واسه بارداری ننوشته بود تو کتابایی که خوندم",4.37037037037037
317264555,من تا هفته ۲۲ نزدیک ۲۳ احساسش نکردم از بس استرس داستم هرروز میرفتم بهداش فقد صدای قلبشو بشنوفم اروم بگیرم,5.111111111111111
326641897,"حدودا 8،9هفته
چون یادمه دوماهه بارداربودم که ازمایش نوشت و دید کم کار هس برام قرص نوشت. تا اخرین روز بارداری هم میخوردم. فقط باید دکتر برات دزش رو مشخص کنه با توجه به عدد تیروئید
من از عددش و اینا سردرنمیارم. فقط یادمه برا بچه اولم روزی نصفه قرص میخوردم
برا دومی روزی یکی",1.0
402737350,"اگه لکه بینی نداری سالمه
الان ۵هفته ای بری سونو هم میگن قلبش تشکیل نشده چون ۸هفته تشکیل میشه
ولی ۱۰۰ درصد سالمه نگران نباش
من خودم بارداری اولم سقط داشتم اصلا سقط به غذا نیست
خیلی رعایت میکردم
تا خدا نخواد برگی از درخت نمیفته",1.0
390836118,دیگه به خودتون و روابطتون بستگی داره. من با مادرشوهرم مشکلی ندارم کاری که انجامش برام سخت نباشه نمیگم چرا بقیه نمیان چرا بقیه نیستن و به من چه و مگه من کلفتم؟ فرضا تنها باشم میخوام یه غذا واسه خودم درست کنم، اونجا درست میکنم مادرشوهرمم بخوره.,1.0
412258679,قیامت کردم چند بار کتک میزنع قبلاً جوری زد با لگد به کمرم نمیتونستم بخوام از دردش,6.7407407407407405
thread_13293676_starter,دوستان من دو فرزند از هر دو جنس دارم  . دخترم ۱۵ سالشه و از شنیدن خبر بارداری من به شدت عصبی و تند خو شد . خودم هم مادر عصبی هستم و حتی دست بزن دارم هر چند خودم شرمندم  . ۶  هفته و خورده ای هستم و ناخواسته بار دارشدم . بین دو راهی سقط کردن و نکردن هستم . راهنماییم کنسد نه نصیحت . چون  رفتارم تو این دوران هم به شدت بد شده  وشب و روزم هم گریه است,7.74074074074074
thread_12233829_starter,"خانم ها من امروز رفتم سونو بر قلبش که امروز ۷ هفته و ۱ روزم بود ولی سونو گفت دفع شده
مگه میشه سقط شه بدپن درد و بدون لخته
چند روز پیش رفته بودم ساک بارداری و کیسه زرد بود گفت چند روز دیگه برو بر قلبش
که اونم امروز رفتم گفت هیچی نیست
تازه من از همون اول هفته چهارم روزی دوتا شیافم گذاشتم
چطوری با وجود شیاف نه درد داشتم نه لخته و جنین
مگه میشه کسی بوده مثل باشه
راحت بدون درد و بخته سقط کنه؟
من فقط چند روز خون ریزی داشتم که از پریودیم کمتر بود همین",5.7407407407407405
thread_17940385_starter,"اون نمیبینه شما شب تا صب بالاسر بچه بیدار بودی و نخوابیدی
میبینه زنش تا لنگ ظهر خوابه
اون نمیفهمه وقتی میاد خونه شما همه کاراتو نصفه ول میکنی که تایم بیشتری درکنارش باشی
فکر میکنه از صب ولچرخیدی الانم ک نشستی ور دلش درحالی ک رو گوشه ایفونتون خاک نشسته یا رو دیوار لکه!
درک نمیکنه وقتی شما میگی امروز نریم خونه مادرت یا خودمون دوتا بریم سفر میخوای بیشتر فضای دونفره داشته باشید بعد تمام شلوغیا و گرفتاریای چند هفته
برداشت میکنه ک شما مامانشو دوسنداری !
اون میگه خونه تمیز میخوام غذای خوشبو میخوام .اماده میکنی
ولی ذهنش بعد ی تایمی دیگه بوی غذا و خونه تمیز و نمیبینه . چون همیشه هستن دیگه
هی واسش تصویر شما با موهایه جمع شده و لباس گل گلی خونگی ک بو پیاز میده پلی میشه .....",3.6296296296296298
thread_13578285_starter,سلام من ١٦روزه كه تاخير داشتم روز ٨ ازمايش بتًا دادم تو يه ازمايشگاه بنام ٨٩١ شد از دومم تو يه ازمايشگاه ديگه ٣٥٧ شد همون روز ازمايش دكتر رفتم دكتر خودش دستگاه سنو داشت و گفت اندازش خوبه حالا نميدونم چقد دقيق بود همينجوري نشناخته رفتم پيشش اخه دكتر خودم همون روز كنسل كرد حالا خيلي بلاتكليفم نميدونم چي ميخواد بشه,4.7407407407407405
411591159,"من خواهرم برام انجام میده
خوبه موهام موج دار بود ولی پف الان صافه ولی شلاقی نیست انگار صافی طبیعی موهای خودمه به کف سرمم نچسبیده ولی خب زود به زود چرب میشه چون شامپو فری سولفات میزنم البته هفته ای یه بار هم معمولی میزنم که به خاطر چربی ریزش نگریم یه روز درمیون میرم حموم",1.0
thread_14704069_starter,"دوستان  من مرتکب حق الناس شدم طرف هم در دسترسمه که برم حلالیت بگیرم ولی نمیشه چون مطمئنم حقیقت رو بگم گند کاری در میاد بدجوری ب دردسترس میوفتم و تا ضربه نزنه ول نمیکنه و میترسم نفرین کنه چیکار کنم😭😭😭
( حق الناس درمورد تهمت آبرو و حق عدالت و.. اینا نیست اصلا )
درمورد ی چیزی دروغ گفتم و نقش بازی کردم
یکم طرف احساسی شده
مصلا ی مثال بزنم به طرف گفتم تورو میگیرم برا پسرخالم و...
چرتع ( حالا این نبودا مثال زدم چیکار کنم الان؟",4.7407407407407405
411993473,"ببین بستگی داره واقعا
هر کس تو یه سنی مورد خوب براش پیش میاد و امادگی ازدواج پیدا میکنه
من خودم ۲۰ سالگی واقعا اماده ی ازدواج نبودم از هیچ نظر
حتی معیارامم عوض شده",1.0
thread_16300821_starter,سلام دوستان..مشکل بزرگی واسم پیش اومده هر کس میتونه راهنمایی کنه..بچه سوم ناخواسته باردار شدم حدود یک ماهه...سونو گرافی داخلی انجام دادم قلب تشکیل نشده؛ همسرم اصرار به سقط داره و میگه من نمیتونم بیشتر از دو تا بچه رو تحمل کنم این وسط دندونم از قبل بارداری آبسه و عفونت شدید داشت و آنتی بیوتیک مصرف میکردم و الان توی بارداری کار دندانپزشوی نمیشه  کردو همسرم هم چند ساله مشکل خونی و همینطور کلیوی داره و تحت درمانه و انواع و اقسام داروها رو مصرف میکنه..الان من موندم با هزار جور فکر..اگه نگهش دارم و به خاطر عفونت دندان یا داروهای همسرم مشکلی داشته باشه چیکار باید بکنم..از طرفی سقط هم نمیتونم بهش فکر کنم..کمکم کنید,7.111111111111111
376609261,باید گرمی جات زیاد بخوری ،کشتی میگیری مگه یک شامپو بزن بیا بیرون هر دفعه که کیسه نمیکشن هر ۲ هفته یک بار,1.0
thread_10337204_starter,"بچه ها تو این فصل چه میوه ای جز سیب بخورم ک برا بچم خوب باشه؟راستی ویارمم پرتقاله چه تاثیری رو بچه داره؟
میگن‌ماه ۸ ماه زیبایی بچس تجربه ای چیزی دارین بگین لطفا",1.0
371616790,نه من نهایت چیزی که داشتم رو یکی کراش بودم چقدر اذیت شدم هی میگفتم کاشکی این دل لعنتیم اینجور نبود تا بالاخره ازین احساس آزاد شدم بموقش هرکس ادم‌دریت حسابی بود که دوستم داشت منم دربارش فکر میکنم اما مطمعنم پشیمون نمیشی البته به دیدگاه خودت بستگی داره  ولی تو سن کم این اشتباه فقط خودت و فرصتی که برای یادگرفتن داری ازت میگیره,2.0
thread_18138212_starter,"یکی از اکانت های نی نی سایتم رو به درخواست خودم تعلیق کردم چون فکر میکردم بعد از تعلیق تاپیک ها مخفی میشن ولی نشدن
حالا نی نی یار تعلیقش کرده ولی تاپیک ها هستن چیکار کنم",2.0
thread_14028894_starter,"سلام
دوستان کسی سابقه کیست کمپلکس سینه تو بارداری داشته؟؟
من هفته ۳۶بارداریم سابقه نداشتم،قبل از عید هم دکتر معاینه کرد گفت چیزی نیست ولی امروز سونو دادم گف سینه چپم یک کیست کمپلکس دیده شده و توصیه بیوپسی زده داخل سونو😰
هنوز سونو رو به دکتر نشون ندادم
کسی هست تجربه داشته باشه؟خیلی نگرانم😰
خودم فکر میکنم بخاطر بارداریمه",5.37037037037037
412937681,بزار شماره ننمو بدم برو ازون بپرس اخه برات سوال نمیشه من چرا باید شماره ننه خواستگارمو داشته باشم اونم نامزد نه خواستگار,2.6296296296296293
302707238,"بارداری قبلم سنم کم بود عقلم نمیرسید از اول تا اخرین روز مثل قبل بارداری رابطه داشتم.
حالا چرا تا ۱۳ هفته؟یعنی بعد اون باید تعطیل کنی؟",1.0
thread_14823867_starter,"باردارم و یه خواهر شوهر دارم از زمان عقد تا الان همش تنش داشته برام
بارداری خیلی سختی داشتم و سه ماه بیمارستان بستری بودم
نه هیچ کدومشون اومدن
ملا یه بار بهم زنگ زدن
ولی هر روز با شوهرم تلفنی حرف میزنن و علنا میگن اینکارایی که شوهرم برا من میکنه شوهرای اونا نمیکنن و رسما شوهرمو انگار میخواد به جون من بندازن واقعا نمیدونم باهاش چیکار کنم….😭",7.370370370370369
401338018,"دکتر زنان ؟؟
خدا هیرت بده یکم خیالم راحت شد",1.3703703703703702
367820028,من آبان  عقب انداختم و کلی درد و سفتی سینه داشتم آزمایش دادم بد بختانه فهمیدم باردارم 😪😪,3.3703703703703702
404922119,"دختر ایلان ماسک با پدرش قطع رابطه کرده که پولداره و نباید ایجوری باشه باید با همه یکسان باشه
یکی که باباش فقیره میگه باید پدرم پولدار باشه
یکی شوهر داره میگه من مجردی رو میخوام بچه دارا میگن اشتباه کردیم اونایی ک فرزند دار نشدن فرزند میخوان چرا از الانمون هیچ وقت راضی نیستیم چرا عادت کردیم همیشششه در حسرت باشیم
طرف خونش ویلایی میاد بیرون دلش باز شه خونه ویلایی رو میگه تنهایی دلگیری  اونی ک آپارتمانی میگه مجبورم برم پارک دوست دارم ویلایی باشه خونم راحت تو خونه خودم تفریح کنم پارک چیه شلوغه
مو فره لخت میکنه
لخته فر میکنه
چرا هیچوقت از خودمون راضی نیسیتممم چرااا",2.6296296296296293
393824514,من فکر میکنم مصرف فولیک اسید باعث شده این همه سقط زیاد بشه یا قلب جنین دیر تشکیل بشه یا اصلا نشه...من ۲۰ روز پیش سقط داشتم از سه‌ ماه قبل از بارداری مصرف فولیک اسید رو شروع کردم ولی اطرافیانم اونایی که ناخواسته باردار شدن هیچکدوم مشکلی نداشتن و بچه‌هاشونم سالم هستن.. فکرشو بکن طرف دوماهگی تازه متوجه شده بارداره و اصلا فولیک اسید مصرف نکرده یا زمان مادرامون کی اصلا فولیک اسیدی در کار بود؟من مامانم حتی سنوگرافی هم نرفته..حالا شما خودتو‌ نگران نکنی عزیزم من فقط خواستم نظرمو بگم,3.3703703703703702
400976400,شاید مثلا مساله ای میش بیاد و چند روز ذهنم رو درگیر کنه ولی اینکه حدودا۸ ماه هر روز و هر لحظه به فکرش باشم نه. تونستی راجع به موضوعی که اذیتت میکنه با کسی حرف بزنی؟ مثلا با همسر یا یه مشاور,1.0
thread_13014671_starter,"سلام ببخشید من ماه قبل ۴ام نزدیکی با جلوگیری طبیعی داشتم، ولی موعود پریودم ۱۱ ام بود ک ۱۳ام ازمایش بتا دادم و منفی بود ۱۶ ام بیبی زدم بازم منفی تا اینک ۱۷ ام با ۶ روز تاخیر پریود شدم.
حالا ای ب کنار ماه قبل ۱۷ ام پریود شدم،ولی این ماه امروز ۲۱ ام هس و هنوز پریود نشدم،احتمالش هس ا نزدیکی ماه قبل حامله شده باشم؟",2.7407407407407405
thread_13648135_starter,"بچه این سونو رو امروز۲۸ هفته و یک روزم بود انجام دادم همه چیش نرماله به جز Bpd  (قطر سر جنین)که اندازشو زده ۲۹ هفته و پنج روز ،خیلی نگران شدم تقریبا ده روز بزرگتر از سن بارداریمه فعلا به دکتر نشون ندادم هفته اینده وقت دارم
کلی استرس گرفتم کسی بوده اینجوری باشه",6.370370370370369
thread_12511452_starter,"سلام خانوما میشه کمکم کنید
از لحاظ روحی داغونم میشه با حرفاتون ارومم کنید
من  همه ازمایشای حاملگی خوب بود  تا اینکه سونو آنومالی شکاف لب رو برای جنینم تشخیص دادن من برای اطمینان سونوگزافی دیگه رفتم اونجا علام بر شکاف لب شکاف شدید کام رو هم گفتن دوباره پیش دکتر دیگه ای رفتم و دوباره همین تشخیصو دادن
خیلی گریه میکردم اما تصمیم به نگه داشتنش داشتم چون میگفتن عمل میشه
یه دکتر گفت آنومالی پیشرفته انجام بده اصولا اینجور بچه ها ناهنجاری دیگه ایم شاید داشته باشه
رفتم مشهد و سونو انومالی پیشرفته انجام دادم ازمایشگاه ژنتیک از بهترین سونوگرافیای مشهد
اونجا تشخیص دادن شکاف زیاد کام و لب دکتر کفت اینقدر زیاده ک نمونه این بچه بوده ۱۸ بار عمل شده و در اخر نتونسته صحبت کنه علاوه بر اون دو تا گوش جنین دو فرمه بود و اندام تناسلی مشکوک به دختر یا پسر بودن بود دکتر میگفت اصلا اندام تناسلیش رشد نکرده شاید هبچوقت نتونه ازدواج کنه بیضه داشت اما اندام تناسلی خیلی کوچیک دیده میشد
۵ دکتر بالای سرم بودن و همت نظراشون یکی بود همه گفتن نگه ندار بچه خیلی عذاب میکشه گفتن احتمال داره به دنیا بیاد مشکلات دیگه ای هم داشته باشه
منم توی ۲۴ هفته غیر قانونی سقط کردم وقتی دکتر بچه رو دیده بود گفته بود خیلی شکاف زیادی داره اصلا اندام تناسلی هم نداشت گفت میامدم به این دنیا کنار هم سن و سالاش خجالت میکشید مسخرش میکردن
الان از عذاب وجدان دارم مییمیرم بخدا بخاطر خودش اینکارو کردم ،خودش میدونست جونمو براش میدم شب و روز ندارم از نبودنش خدایااا من برای خودش اینکارو کردم من طاقت نبودنشو ندارم وقتی میامد به این نمیتونست حرف بزنه نمیتونست ازدواج کنه فرم گوشااش فرق میکرد همه باید زیر تیغ جراحی میبود عذاب میکشید ولی الان با خودم چجوری کنار بیام بچه بی گناهم",8.37037037037037
thread_14469573_starter,"ممکنه از حمله عصبی و ترس باشه؟
ساعت ۵ با صدای دعوای عموهام بیدار شدم خیلی ترسیده بودم چون قبلا هم سر ترس غش کرده بودم نرفتم از اتاق بیرون پشت در نشستم
بعدش اونا اروم شدن خوابم برد حالا از وقتی بیدار شدم دست و پای سمت راستم درد میکنه و بیحسه به حدی که پامو میکشم نمیتونم وزن بندازم انگار خواب رفته
یا از دیسک گردنمه؟
درست میشه؟",5.7407407407407405
356637183,میگن اگه تو طول زندگی همش با ادمای مختلف یا موقعیت های مختلف برخورد میکنی ولی همش یه مسئله ی تکراری داری ینی اینکه از اون امتحان نتونستی عبور کنی باید راه حلی پیدا کنی تا ازش رد شی,1.0
295985117,"آخ😭😭😭خدا نصیب کسی نکنه
اون صدای گریشو شنیده.تماس پوست با پوست داشته.دیدتش
اگه شیرش داده باشه خیلی براش داغش سنگین تره
به شوهرش سفارش کنید خیلی هواشو داشته باشه افسردگی نگیره بلایی سره خودش نیاره😔",1.6296296296296298
403445965,"ممنون سلامت باشین
ی علت کوتاهی قد بچها این سن برا بد غذا بودن شون ک خوب غذا نمیخورن رشدشون کم میشه
تو بلوغ جبران میشه نگران نباش.
برادر خودم تا ۱۰ سالگی روی نمودار متوسط بود بلند نبود اصلا چون لب ب گوشت نمیزد به شدت بد غذا و انقد لاغر بود همیشه مامانم غصه ش میخورد
تو بلوغ یهو اشتها خوب شد ماشالله الان ۱۸۵ قدش",1.0
thread_12852228_starter,"اماحانای نوبت اولمو دادم خیلی بد دادام فقط یکیش ۲۰ شدم همش نیم نمره غلط دارم
تازه این اخری ۱ نمره غلط نوشتم این معلما عقده ای ما هم که نمره نمیدن نمیدونم خدایا کمکن کنید حالم خیلی بدهههههه
یه هفته تعطیل بودم  هیچ کاری نکردم انگار رو هپروتم
ترو خدا کمکم کنید دوستم نمرش خیلی خوب شده  وای چیکار کنم😥😭",7.370370370370369
387727025,واسه شروع میشه از کارهای سبک و کم هزینه شروع کرد ولی در کل بنظرم شیرینی پزی و کارهای مرتبط با زیبایی خیلی زود بازده میدن اگه مهارتت خوب باشه بعد آموزش دیدن.. هم طرفدار داره هم نیاز جامعه اس,1.0
thread_10684999_starter,لاغری چ حس خوبیه از ۳اسفند  رژیم گرفتم از دکترم ۶کیلو و نیم وزن کم کردم البته‌ دوهفته پیش وزن شدم  الان نمیدونم کم کردم یانه، کیا با دکتر تغذیه کم کردن بیایین بگین تو چ مدت چقدر کم کردین,1.0
thread_12173353_starter,"آخر هفته ها میایم اینجا . خونه خودمون جای دیگه ست
خونه هم مال همسرمه
روشویی چکه می‌کنه راه پله پایین. همسرم بازش کرد چکه کرد بعد رفت بیرون مادرشوهر و پدرشوهر با طلبکاری اومدن گفتن چراااا بازش کردی منم گفتم من باز نکردم الان می‌بندم . دخترم دوباره یکم باز کرد بازم اومدن داد و بیداد
هززاررر بار به همسرم گفتم درستش کن درست نمیکنه دعوا و اعصاب خوردیشون برای کنه منم قر قراشونو باید تحمل کنم چی بگم به همسرم که متوجه بشه؟ جالبه خودشون به شوهرم گفتن بازش نکنید همسرم به من گفت حواست باشه باز نکنی اگر باز کردیم زود ببندی متوجه نمیشه باید درستش کنه پدر مادرش نمی‌گن درستش کن میگن باز نکنید",5.7407407407407405
374111348,عزیزم یه جمله خیلی می‌تونه کمکت کنه همیشه و تو هر لحظه با خودت تکرار کن ....این نیز بگذرد...چون میگذرد غمی نیست.... اینا شعار نیست اگه واقعا بهش توجه کنی دیروز گذشت امروزم داره میگذره بالاخره روزهای خوبم میاد هرکی تو دلش یه غمی داره امیدوارم همیشه و از این به بعد هر روزت بهتر از دیروزت باشه🌹,1.0
409751594,اره خیلی مخصوصا وقتی هیچ جایی نداری بری و مجبوری باز بشینی تو خونه 😔,2.7407407407407405
thread_9970026_starter,"من هفته 30بترداری ام و دکترم گفته زایمان زودرس دارم و از هفته 20امپول میزنم و و قرص میخورم. .میگه مطلق استراحت کن و خودتو حداقل تا34هفته برسون.
همش نگران وزن بچه هستم.
بنظرتون چیا بخورم توی این مدت ک انشالله وزنش خوب باشه.
و برام دعاکنید بچم تا آخر بمونه برام خیلی استرس دارم و نگرانم",6.7407407407407405
thread_18036897_starter,"من روز ۱۵انتقالم ازمایش بتا دادم و بالای هزار بود فردا باید برم برای تکرارش
از طرفی هم به شکمم دست میزنم سمت چپم یه احساس سنگینی دارم همش نگرانم نکنه خارج رحمی باشه
میشه اگه چیزی میدونین راهنماییم کنید خیلی استرس دارم",6.370370370370369
388342829,من نگرانم اون میگه نترس نمیشی اخع طبیعی امکان حامله شدن خیلیع اما اون میگه ن نمیشی,2.3703703703703702
284927360,"طبیعیه باید دورش بگذره من الان بچم ۶ماهشه رفلکس اولا شدید بود الان خیلی کم شده شاید یه بار تو روز اونم تو خواب
کولیک هم از ۴۰روزگی شروع شد تا وقتی اومد ۳ماه خیلی خوب شد دیگه اذیت نمیکنه
من دکتر بردمش دارو دادن ولی واقعیتش من خودم پرستارم هیچکدوم از داروهارو بهش ندادم از این ننی های قدیمی بستم تو خونه هر وقت گریه میکنه یا خوابش میاد که اذیت کنه میزارم تو اون بعد یا ربع تکون خوردن خواب میره راحتم به کارام میرسم",1.0
319796546,"سلام
من خیلی زیاد دل درد میشم
هفته ی دیگه نوبت سونو و دکتر دارم
از اول بارداری درد زیر دل زیاد داشتم
فک کنم باید طبیعی باشه
گاهی که خواب هستم فک میکنم پریودم و خوابیدم بعد یادم میاد باردارم",2.3703703703703702
thread_16113514_starter,"پسرمم  سه سال و نیم
نوزادم سه ماهه
بزرگ آرین اشتباه زندگیم بچه دوم بود خدا منو ببخشه ناشکری میکنم
خیللیی خخستم
پسر م خیلی حسادت می‌کنه لحظه ای نوزاد زمین بزارم میاد بالا سرش میگه میخاام بزنمش با دست و پا و وسیله پرت کردن و
لجباز و بهونه گیر شده شدید جیغ می‌کشه نوزاد می‌ترسه بیدار میشه
دست و پاشو می‌کشه میزنتش
جریت ندارم  یه لحظه بزارمش زمین میکشتش
انقد جیغ میده و بهونه میگیرره و برای هر چیز کوچکی مداااااااااممممم در حال نق. زدن غر زدن به من
منم مدام از زبون نوزاد باهاش حرف میزنم نوازش و محبت میکنم ولی فایده ندارد
چند روزه کم آوردم. یه مشت بهش میزنم جیغ میکشم
امروز تو فککر خودکشی. بودم ولی جرئت اونم ندارم
گاهی با مادرم و گاهی پدرش ببیرون می‌ره ولی وقتی خونس از حسادت و لجبازی هاش گریه میکنم چندین بار
خیلی خستم کاش بدون درد توی خاب میمردم امشب",9.370370370370368
thread_7978999_hejran1400_1400/10/27 14:21,"فردا 7 هفته و 7 روزت میشه، چهارشنبه میشه 8 فک. کنم، آره قلبش تشکیل شده حتما و ضربانم داره...
برنامه فرزند نیکو رو از بازار نصب کن تاریخ آخرین پریودی بزنی سن بارداری رو روز، ماه و هفته بهت میگه",1.0
thread_16251717_starter,کسی تجربه سفط با ذخیره تخمدان پایین داشته؟,1.0
thread_13950623_starter,سلام من ۴ روز درد دور ناف دارم اما خیلی خفیف بود زیاد حس نمیشد امروز شدید شد جوریکه راه رفتنی هی وستم رو شکمه دردش حالت تیزی تاره و میره ب سمت پایین دوذوز دیگه موعد پریودمه و درد سینه دارم علائم دیکه ندارم کسی میدونه چیه؟؟؟,2.7407407407407405
399456112,خوب ازمایش غربالگری هست و نتیجه اش صد در صد نیست فکر کنم باید امینو سنتز بشن,1.0
thread_13816473_starter,"الان بیبی چک زدم مثبت شد،چهارسال اقدام بودم نمیشد. تا بیخیال شدم شدم و دیگه نمیخواستم باردار شدم.
حالا یه حس عجیب با ترس و دلهره داره. کلی فکر و سوال تو ذهنم. چیکار کنم بچه ها 😞
کلا گیجم",4.37037037037037
382623880,"سلام عزیزم امروز تماس گرفتم گفتن جوابارو از 6/۵ عصر تا 9 شب می‌فرستیم
خانمه گغت اگر آماده نبود فردا صبح براتون پیگیری میکنم.شمام این آزمایشگاه آزمایش دادید؟",1.0
thread_14928367_starter,من هفته ده هستم امروز بیرون خیلی بودم سوار مترو اتوبوس اومدم خونه دیدم یه لک نارنجی روشرتمه و درد شدید کمر دارم خطرناکه؟,4.37037037037037
381314799,من گرفتم و عصای دستم بود عملا ،هم اینکه میتونستیم با همسرم شیر شبش و تا شیش ماهگی نوبتی کنیم تا من فشار صد در صد همه چیز رو دوشم نباشه مثلا دو بار من بیدار میشدم یه بار همسرم ،شیرم و خیلییی بیشتر کرد چون هورمون پرولاکتین و فعالیتش و بیشتر میکنه ، و شیر تو سینه ام نمیموند درد و التهاب ایجاد کنه میدوشیدم فریز میکردم تو پاکتای استریل برای غذای کمکیش یا وقتی نبودم,1.3703703703703702
364953826,"چه فرقی میکنه عزیزدلم
با دختری که ادم خوبیه وگرنه این مسائل که دست خودمون نیست",1.0
thread_12800806_starter,"سلام خانوما من تازه ماه پنجمم تموم شده ولی ورم خیلی شدید دارم هم صورت هم بدن
چنتا دکتر عوض کردم دکترای شهر های اطراف رفتم ازمایش های مختلف دادم ولی میگن مشکلی نداری
میشه شما از تجربه هاتون بگین",3.7407407407407405
thread_17728247_starter,"سلام مامانا
من هفتم پنج بارداری رفتم سونو فهمیدم هماتوم ۲۷میلی دارم شاغلم هستم ۱۵روز استعلاجی گرفتم و خونه موندم و شیاف خارجی استفاده کردم و هفته ۹سونو رفتم گفت اونی که نزدیک جنین هست کوچیک شده ۱۰ میلی شده ولی یه دونه دیگه پایین رحمت اضافه شده مجدد شیاف استفاده میکنم نگرانم
برای شما هم بیشتر شد؟",4.37037037037037
thread_17879450_starter,"دوتا بیبی چک مدیکورم  بعد نیم یا یک ساعت هاله انداختن تو تاپیک های فیلم هست
یک هفته پیش دوروز لکه بینی قهوه ای داشتم
دیروز صبح که دو روز تاخیر بودم رفتم آزمایش ۴/۱ بود
امروز کمردرد شدید گرفتم کمرم میخواست بشکنه
گفتم الان پریود میشم ولی بازم ترشح سفید داشتم
امشب روژان زدم منفی بود چیکار کنم
اگه باردارم چرا تستم و آزمایشم اینجوری بودن
اگه نیستم چرا پریود نمیشم و چرا لک دیدم و هاله انداخت",5.37037037037037
355924211,بعدا یه عمر باید گریه و ناله کنی برای بی قراری و استرس های بچت .. من به عنوان یه تجربه گرم .. که دچارشم ..,4.111111111111111
397643555,"منم یه دختر همسن دختر خودت دارم ولی انگار دیگه باردار نمیشم😔
لتروزول چطوری خوردی بعدش آمپول هم زدی؟",2.7407407407407405
thread_11764937_starter,"سه ماه مونده دوستاش بشه،کلماتو درست تلفظ نمیکنه،جمله سه حرفی میگه مثلا میگه مامان،پام گیر کرده،
البته به زبون خودش،تلفظاش خوب نیست به نظرتون خوب میشه؟مثلا میخواد بگه کوچولو میگه اوچولو،یا بجای می‌خوام میگه میقام،ممنون از نظرات ارزشمندتون ❤️",1.7407407407407407
327811114,ای بابا رستوران چی باغ رستوران بری یا هفته ای یک بار با خانواده اش درست کنید دورر هم بخورید و شاد باشید دوره ای تکرار بشه,1.0
392869186,برای همین نیاوردم دیگه واقعا منم قبلا مثل شما فکر میکردم کسی که خود کشی میکنه خنگه عقل نداره ولی وقتی یه روزی بفهمی فشار عصبی انقدررروته که اصلا کارهات و نمیفهمی اصلا یادت نمیاد چی شد به خدا تازه درک میکنم کسایی که خود کشی میکنندهیچی جز مردن جلو چشمشون نیست فکر میکنن همه چی تمومه,7.111111111111111
330759385,"دور از جونت عزیزم
گرچه خودم این روزا رو گذروندم همش گریه میکردم از استرس خواب نداشتم به بدترین چیزا فکر میکردم
از خدا میخوام نتیجه ازمایشت هم خوب باشه هم زود بیاد از نگرانی در بیای عزیزم
چون میدونم هرچی بهت بگم نگران نباش نمیشه خودم هم همین بودم",6.7407407407407405
thread_12083716_starter,توی بارداری میشه بدنسازی انجام داد؟اصلا به طور کلی توی بارداری و زمان اقدام چه ورزشایی میشه انجام داد؟البته مطمئن نیستم که باردار باشم ولی پریودیم چند روزی عقب افتاده.,1.3703703703703702
thread_12609082_starter,"نمیدونم چرا انق دارم آروم میخونم وای اصن باورم نمیشه انق طول کشیده من فصل ۶ جغرافیا و ۵ جغرافیا
دارم میخونم از ساعت ۶
درس پنج خوندم درس ۴ چهار صفحه مونده
بعد درس چهار تموم شد مرور کنم درس ۵ و استان شناسیم ۸ درس مونده
وایییی چرا انقد دارم طولش میدم 🥲😭",6.370370370370369
thread_13799384_starter,خانوما من ۲۵ هفته هستم.هفته پیش سونوی طول سرویکس دادم اوکی بود قبلا بچه م بریچ بود بعد ۳ هفته پیش سفالیک شده بود.دو روزه حس میکنم بچه تو واژنمه.حتی رو توالت فرنگی میشینم حس میکنم الان در میاد میزنه رو واژنم دردم میاد.ضربانشم دققققیققا روی واژنمه🥺 نگرانم,4.37037037037037
373981247,"سلام عزیزم
من دوتا دارم که به ثمر رسیدن
الان شغلای خوبی دارن و در جامعه باعث افتخارمن
اوایل چون یکسال و نیم فاصله داشتن سختی زیاد کشیدم
الان پشیمونم از اینکه چرا دوتا دیگه نیاوردم
حالا که سنم گذشته دیگه ونمیتونم بیارم احساس میکنم به بچه هام و خودم ظلم کردم. وقتی پیامبر می‌فرماید نوزادی که به دنیا میاد برای من از آنچه که خورشید بر آن میتابه عزیزتر، وقتی دختر رحمته، پسر نعمته
وقتی با هر شیر دادن به بچه گناهان مادر میریزه
وقتی با رسیدگی‌ به بچه کلی حسنه برات نوشته میشه
که از هزار بار نماز مستحبی و کارخیر دیگه بهتره
وقتی خدا لایق دونسته وبزرگترین کار دنیا که پرورش انسان هست به زن سپرده شده
وقتی خدا در قرآن می‌فرماید به خاطر فقر جلوی فرزند آوری رو نگیرین وبعدش می‌فرماید نحن نرزقکم ما روز یتان را می دهیم و کلی دلیل دیگه
وقتی در آخرت هم بابت فرزند آوری پاداش میگیری
پس فرزند داشتن کاری عقلانیه
به شعارهای الان گوش نده
سختی داره ولی وقتی بزرگ میشن و ما ناتوان میشیم چشممون به دره که یکی بیاد یه لیوان آب دستمون بده دکتر ببره غذای گرمی بزاره جلومون
باهامون با محبت رفتار کنه اینجاها که معلوم میشه تنهایی بد دردیه
ما که همیشه توانا و شنگول نمی مونیم پس از گوشت و خونمون سرمایه میاریم و به دادمون میرسن",2.3703703703703702
380197822,چرا باید دندونت و بکشی بعدا میخوای چیکار کنی بدون دندون ماه چندم بارداری هست من خودم باردارم دکتر بهم گفت فقط میخک از عطاری بخر قشنگ بکوب بزار لایه نازک  پنبه بهداشتی بزار روش قشنگ دردش و اروم میکنه من سه ماه سوم بارداری هستم و با نی آب میخوردم این مدت و با اون سمت هم غذا نخور تا بعد زایمانت بری عکس برداری و پر کنی اگه سه ماهه دوم بارداری هم هستی میتونی عصب کشی کنی بدون عکس گرفتن فقط,1.3703703703703702
thread_18050274_starter,بخدامن ماهی یبارم نمیرم ن شام میرم ن ناهار.امروز غروب رفتبم گفتبم یدقه بابچه هابریم پسرم کوچیکع عقلش هنونمیرسه چی خوبه چی بده میرفت ب تلوزیون دست میزد یا یچیز دیکه ای بابام بدش میادمن بخدا ازاول تااخربغلش کردم سرپا بودم تاخونه بیام ب دخترم م هشت سالشه گیرمیده مثلا داره شوخی میکنه بهش میگه توشبیه جن پری هستی چی بچه ای هست اخه اوردین .ساعت نه رفت اتاق گرفت خابید داماد هم پشمشم محل نکرد .بعدچجوری شوهرادم ادموسرزنش نکنه😔بخدا حاالا سه تا خواهرم دارم بدترن هرکدوم چهل پنجاه سالشونه یسال زایمان کردم نیومدن پیشم فقط زنگ میزنن اونم میگن مادوس نداریم باخانوادمون رفت امدذاشته باشیم,6.111111111111111
thread_17174375_starter,"مشاوره مدرسم کارشناسی ارشد روانشناسی بالینی داره
دعوام شد با خانوادم چون تو مدرسه دعوا کرده بودم با مدیر قبلی
بهم گفتن دیگه حق نداری به کسی پیام بری چه.... (مدیر قبلی)چه مشاور
منم به مشاور پیام دادم فکر نمی کردم شما انقدر خبرچین باشید،امروز رفتم مدرسه صدام زد گفت به جان بچه هام قسم من هیچ حرفی نزدم شیدا،دارم قسم می خورم،همین الان باید زنگ خانوادت بزنی گوشیتو بدی من ببینم من چی گفتم که خودم خبر ندارم چرا هنیشه من آش نخورده و دهن سوخته؟به خدا قسم من حرفی نزدم باید زنگ بزنی سریع(اخر قبول کرد زنگ نزنم)
بعد یادم اومد بابام اصلا نمیدونه امسال مشاور مدرسم عوض شده🤦‍♀️
مطمئنم چیزی نگفته چون چادریه و دختر شهید هست الکی قسم نمی خوره و چون خانوادم فقط حرفایی که به مشاور قبلی گفته بودم را میدونستن،نمی دونستن خودزنی می کنم
الان به نظرتون برم معذرت خواهی کنم؟روم نمیشه عیب نداره پیام بدم معذرت خواهی کنم؟",6.7407407407407405
thread_13477755_starter,دور اطرافتون پیش اومد یا برا خودتون یکی همش بکوب تو سرتون چرا پسر دار شدید دختر خوبه وقتی بدونه شما پسر دوست دارید,2.6296296296296293
thread_13688728_starter,من الان روز ۲۵ پریدم هستم یعنی سه روز مانده به پریدم و تست بتا دادم تیتر نه ها فقط تست گفتن حامله هستم و بی بی چکام مثبت میشن ولی لکه بینی دارم ترشحاتم گاهی قهوه ای مرده صورتی میاد زیر شکمم کمر و پاهام درد میک و انگار سنه و شکمم ورم داره به نظرتون داره سقط میشه یا خارج رحم یا چیکار کنم اخه میگن سونو وازینال اینا زود دادنش خوب نیس کمکم کنید و اینکه سه تا قبلا سقط و خارج رحمی دارم,6.111111111111111
376736430,"ممنون
کاری نداره خیلی راحته
شماهم میتونی حتما
من هنوز اضافه وزن دارم انشالله اینم کم کردم اقدام میکنم برای بارداری بعدی خدا کنه این دفعه دیگ دست خالی برنگردم🥲💔",2.111111111111111
412507035,"چرا لکه ننگ
مگه عیبه مگه کاری کردی که خجالت آور باشه
من زنداییم و زن عموم مطلقه بودن که شدن عروس خانوادمون زن عمومو انقد دوستش دارن همه انقد زن خوبیه زن داییم هم همینطور همه دوسش دارن اصلا کسی دیگه یادش نیست مطلقه بودن",1.0
347728976,منم الان این محدود شدن بخاطر مادر بودن رو بخاطر شوهرم و بچم تحمل میکنم،چون خیلی به من وابستن،منظور من اینه شما انقد حرص شوهر رو نخور قسمتت باشه خودش جور میشه،،،من قبل اینکه شوهرم بیاد خاستگاریم توی خواب دیدمش همه چیو دیدم و دقیقا دوماه بعد اومد خاستگاریم،شما هم قسمتت باشه جفتت پیدا میشه😊,2.7407407407407405
332302439,چقدر بچم گریه کرد شوهرم میگفت من شمارشو ندارم گفتم پس کی بهش پیام داده میخواد باهاش فلان کارو بکنه  خانواده دختره از اون تعصبیای افراطی هستن که بلا سر دخترشون میارن التماسم کرد گفت آبرومو نبر گفتم پس من چی بعد این همه سال غرورم به باد رفت   خیلی دلم میخواست آبروش ببرم,6.370370370370369
413985365,درد نداشتم فقط خیلی کلافه بودم مخصوصا تا ده روز اول چون تاچند روز اول ک تامپون تو بینیم بود بعدشم ک دراوردم نمیتونستم برم حموم منم پوست و مو هام جنسشون چربه وقتی نرم حموم کلافه و عصبی میشم,3.7407407407407405
thread_16050297_starter,من ماه قبل پریود نشدم، الان هم. نزدیکه موعد پریودمه، 8فروردین باید پریود میشدم، نشدم، الان یعنی دقیقا اگر باردار باشم 8هفته رو تموم کردم، ولی هیچ علایمی ندارم، کاملا عادی و معمولی، چند ماه قبل هم پریودم همینقدر عقب افتاد، ولی بعدش با لخته های بزرگ و زیاد و خونریزی شدید پریود شدم،اونموقع رفتم دکتر طب سنتی گفت رحم سرد داری، الان میترسم بیبی چک بدم، نمیخام بچه بیارم، بنظرتون ممکنه از سردی بدن باشه؟,4.7407407407407405
406840792,چرا واسه جنسیت میدن😭,2.0
thread_17488179_starter,"سلام . من باردارم و ۲۸ هفته مه تمام غربالگری ها و سل فری انجام دادم تا  الان نرمال بوده اما هفته ۲۸ سونو بهم گفت مغز رشد نکرده دور سر اندازه هفته ۲۱ هست و تشخیص میکروسفالی داده
دارم از غصه میمیرم کسی تجربه داشته ؟ گفت شاید حتی نتونی مجوز سقط بگیری! چی کار باید کنم",7.74074074074074
369126743,"انشاالله سالم و سلامت باشه هرچی خدا صلاح بدونه همون باشه آمین
اما سر پسرمم حامله بودم همین بودم
الان مشکلم این قضایا همسرمه که میبینه یکم بیشتر میخوابم یا حال ندارم همش لب لوچه اویزون میکنه",3.7407407407407405
337140229,من باشم توی همون شیردهی هم سیگار و قلیونو میذارم کنار.پزشکا میگن  مواد سمی سیگار وارد خون مادر و سپس شیر میشن.اما دیدم اطرافیانم توی شیر دهی قلیون و سیگار مصرف میکردن تا الان که علایمی در بچه هاشون ندیدم.اما میگن احتیاط شرط عقله,1.0
374376636,"الهی که همه چی بخیر بگذره عزیزم نگران نباش،دکتر دارو نداد بهت؟
استراحت مطلق
فعالیت سنگین نکن
تا جای ممکن در حالت نیمه نشسته یا خوابیده قرار بگیر.
مصرف نمک و کربوهیدرات‌های ساده (مثل نان سفید، برنج سفید، شیرینی‌ها) رو کاهش بده، چون باعث احتباس مایعات بشن.
مصرف پروتئین کافی (مرغ، ماهی، تخم‌مرغ، لبنیات کم‌چرب) و مایعات متعادل (نه زیاد و نه کم)
کنترل مداوم قند خون",1.0
thread_12584343_starter,"سلام وقت همگی بخیر من به تشخیص دکتر پنج هفته باردارم و در سونو واژینال هیچی مشاهده نکردن فقط ضخامت اندومتر ۱۵ میل بود و عدد بتام ۱۱۲ و پایین بود بنظرتون چقدر احتمال بارداری خارج رحم یا پوچ وجود داره
و اینکه دکترا میگن مثلا لقاح دیر صورت گرفته دقیقا یعنی چقدر چون من سه روز قبل تخمک گذاری نزدیکی داشتم و یک هفته بعد تخمک گذاری بنظرم بعد تخمک گذاری دیگه بی تاثیر بوده چون تخمک از بین رفته
و اینکه بارداری من کاملا نا خواسته و با پیشاب بوده
ممنون میشم راهنماییم کنین",4.7407407407407405
thread_16607506_starter,کاربری دیگمو میگم .اون شروع کرد و اون هم توهین کرد و من جواب دادم حالا چنان خودشو به قربت بازی زد اومدن منو تعلیق کردن😐😐😐😐,4.0
346576896,"این حرفت مثل اینه که بگی چون شرایط سخته دختر مدرسه ایم رو بکشم!
اون بچه زندست مثل همه ماها
استغفار کن و با خدا و امام زمان صحبت کن
برای امام زمان نامه بنویس وحرفای دلت رو ساده و راحت بنویس و هرچی لازم داری ازش بخواه و بعدم بگو هرکاری درسته خودتون برامون انجام بدین و بعدم بچت رو نذر امام زمان کن
نامه رو توی بیابون بنداز
شرایط برای هممون سخته خدایا به هممون کمک کن",2.9999999999999996
371274430,گل گاو زبان باید با احتیاط مصرف بشه برای کبد بشدت مضره,1.0
408107448,"اگه مراسم هست و شلوغه کلا سلام علیک نکن رد شو انگار ندیدیش ولی اگر مهمونیه یه دست ساده بده یه سلام بدون احوال پرسی
یکی از زن های مسن فامیل شوهرم پاشو از گلیمش بدجوری درازتر کرده بود ،  من دفعه بعد توی شلوغی وانمود کردم که نمیبینمش
ولی موقع خداحافظی چون همه رفته بودن و داشتم با بقیه دست میدادم تابلو بود با اون دست ندم یه دست دادم گفتم خداحافظ و توی چشمش نگاه هم نکردم یخچال ترین نوع ارتباط رو داشتم
اینطوری کسی هم نمیتونه حرفی بزنه توی جمع یه کم خود دار تر باشی و دست بدی حرفی هم از توش در نمیاد ولی اگه شلوغه سعی کن چشم تو چشم نشی و وانمود کن ندیدیش",2.3703703703703702
thread_17150968_starter,خیلی خیلی خستم از این زندگی دیگه نمیکشم بیزارم بخدا شوهر دارم ولی فک کنین اصلا وجود نداره واقعا هیچ وقت خونه نیست از سرکار که اومد میره ولگردی رفیق بازی تا اخر شب هر شب دعا میکنم این این بشر بمیره خیلی خستم ولی نمیمیره دعا کنین بمیره راحت شم‌ من😭😭,8.74074074074074
thread_7251471_asheghe_baran_1400/06/23 14:39,"اون عالم و آدم خیلی طرز فکرشون مشکل داشته یعنی چی مگه آیه نازل شده باید دوتا باشن بچه هات😐😕
خدارو چطور دیدی شاید در آینده درس خوندن آدم های مهمی شدن خودشون گلیم خودشونو از آب کشیدن بیرون نیاز ب پس انداز شمام نداشتن مثبت فکر کن وب آینده های دور فکر نکن اصلا
الان کلی آدم مستاجرن با عروس یا داماد
تازه ی جا خوندم دوتا خانواده ی آپارتمان اجاره کردن پس ببین از شما بدترم هست",1.0
thread_16715854_starter,"شوهرم رفته خیلی دور از من کار. حدود یک هفتس  برا همین خونه تنها نمیمونم پیش مامانم هستم
ازون روزه مامان شوهرمم مریضه
شوهرم دو روزه فهمیده و بکوب اسرار کرد ک برم دوسه روز ازش مراقبت کنم بهش گفتم مگع فقط من هستم این همه عروس و نوه و دختر...
بعد من بعد یک هفته امروز ی سر زدم دارم ناهار درس میکنم
بنظرتون چیکار کنم؟  نمیخام دوسه روز بمونم. هیچ لباسیم باخودم نیاوردم
بعد نمیدونم فردا صب برم یا همین امشب برم خونم 😑بعد شوهرمم بگه چرا بیشتر نموندی چی بگم",5.111111111111111
394197803,منم همینطوری بودم خیلی سخت و بد لود من تازه دوتا بچه دیگه داشتم ،فقط ب بدبختی ظرف مبشسنم ،و ناهار هم سوپ میزاشتم همش نمیتونسم واقعا سرپا دایسم انگار یکی انرژیمو گرفته بود من ی مرده متحذک شده بودم ،ولی الان حالم خیلی خوبه خداروشکر,3.4814814814814814
254941053,"سلام دقیقا شرایط مشابه منو پیدا کردی من سال ۹۶ تو ماه هشتم سنگ صفرا گرفتم
قرص اورسوداکسی کولیک اسید بعد هر وعده غذایی بخور
من تو همون بارداری دکتر گوارش بهم داد گفت ضرری برا بارداری هم نداره",1.0
405029161,"نمیدونم چرا هنوز امیدوارم؟ چون لکه بینی ام کمه
حرف های eshgh امیدوارم کرد
از یک طرف هم نمیخوام الکی امیدوار بشم",3.7407407407407405
412854555,"قبل از ازدواج هم اخلاق بد داشت ولی حداقل دست بزن نداشت
بعد. از عروسی مثل گاو وحشی شده",5.111111111111111
thread_14816405_starter,"مال من اینجوری نبود
مثل فیلما دعوا میکردیم اما اخر ولم کرد رفت با یکی دیگه
شاید چون خوشگل نیستم",3.4814814814814814
thread_13340909_starter,"الان  اونم با شیاف  یکم دردم اروم گرفته وقتی اثرش بره برمیگردم و ب خودم میپیچم💔 اومدم بگم برام صلوات بفزستید🥲 بچه سقط کردم باقرص 💔  ضربانش نمیزد🥲💔
خیلی درد کشیدم خیلیییی هیچوقت توعمرم همچین دردی نداشتم💔میگن وقتی درد میکشی خدا گناهاتو میبخشه راسته؟",7.74074074074074
389018432,برای من ۷ اردیبهشته میخواستم حساب کنم دقیقا کی باید برم ان تی,1.0
401998288,همون مقدار خون کافی هست اگر کافی نباشه دستگاه ارور میده . قندت برای بارداری بالا هست باید زیر ۹۰ باشه . برو دکتر . منم دیابت بارداری داشتم انسولین میزدم . برای بچه خوب نیست.,1.0
404138438,من دوبار باردار شدم اصلا آزمایش ندادم.فقط بی بی زدم.بعدش تا ۸ هفته صبر کردم سونوی قلب,1.0
thread_17990603_starter,"اگه آره ،چه برندی و چند روز در هفته ؟؟
آیا تاثیری دیدید ازش؟؟",1.0
361666311,"اونکه قطعا قبل تزریق با سونو بررسی میکنن که کجاست، این دکتر من بنده خدا قضیه رو معنوی کرده😂 منم دیگه گفتم اوکی
پیش خودم فکر کردم دکتره به هر حال، حتما دو روز از نظرش ضرری نداره، ولی امشب که اومدم خونه پشیمون شدم وقتی خطراتی که ممکنه داشته باشه رو خوندم",3.3703703703703702
thread_17539498_starter,"سلام به همگی
من  ۳۹ سالمه یه دختر دارم
همسرم همیشه بچه می خواست ولی من بخاطر یه سری مسائل مثل تفاهم نداشتن با همسرم یا خساست و ... حاضر به بارداری نبودم
واقعأ آمادگی بارداری مخصوصا توی این سنی که دارم نداشتم سن همسرم بالاست
من با وجود اینکه دارو می خوردم و جلو گیری می کردم باردار شدم دارم میمیرم نمیدونم چیکار کنم حالم خیلی خرابه
جدا از شرایطی که دارم به این فکر میکنم که اصلا می تونم یه بچه رو بزرگ کنم
از پوشک گرفتن . غذای مخصوص کودک . کلاس اولی شدنش و ... وقتی به اینا فکر می کنم دنیا سرم خراب میشه
خیلی شرایط روحی بدی دارم واقعأ موندم چیکار کنم",8.11111111111111
410280560,ینی از هفته دوم به این زودی این همه علائم,1.0
thread_17798248_starter,اولا شبا حالم بد میشد الان در طول روزم حالم بده همش انگار یه حالیم قبلنم افسردگی داشتم قرصم تقریبا قط کرده بود دکتر الان احساس میکنم افسردگی دارم شاید اونموقع هم حالم بهم میخورد هر چی میخورم حالم بهم میخوره دمیترون دوسه روز حالمو خوب کرد الان اونم تاثیر نداره یازده هفته ام حالت نهوع شدید میگیرم تپش قلب میگیرم نفسم بالا نمیاد,6.111111111111111
378704409,"عزیزم فردا برو دکتر دارو بده عفونتت بر طرف بشه
عفونت اگه خیلی زیاد و شدید باشه باعث پارگی کیسه اب میشه که اونم خودش باید خیلی سدید باشه و داستان داره
الکی نگران نباش
الانم که به لطف خدا ۳۱ هفته ای و هفتت امنه
نگران نباش",1.0
382584881,"طفلی مشکل کلیه داره مثل بچم
باهاش مهربون باش با هر دستی بدی با همون دست میگیری",1.7407407407407407
thread_18079551_starter,"سلامدوستان
من سونوی غربالگری اولمودادم . NT 1.77 بود CRl ۶۶
هنوز به دکتر نشون ندادم فکر کنم نرمال باشن آزمایشم جوابش چند روز بعد میاد. الان تونی نی سایت چشمم به یکی از خانوما افتاد که گفت هم سنش نرمال بود هم ازمایش و سونو ولی به خواست خودش سلفری داد متاسفانه سندروم داون بود و سقط کردن. ولی خب اینجوری همه چی خوبباشه از کجا بفهمیم این سلفری رو بدیم یا نه؟😞 انقدر استرس گرفتم میترسم حتی یکم خوشحالی کنم از اینکه بچمودیدم تو سونو و شکل بچه شده 😞",6.7407407407407405
412475104,"اگه طبع سرت سرده حتما از میخک و رزماری استفاده کن
من ی مدت استفاده کردم کلی بیبی هیر دراومد همه قسمتای سرم
ولی چون طبع بدنم گرمه و باهاش وحشتناک سر درد میشدم دیگه نتونستم ادامه بدم",1.3703703703703702
thread_14761518_starter,سلام خانما من خیلی نگرانم بعد ۳ تا سقط خدا خواست و باردار شدم الان ان تی بالا هست ۲،۲۱ ازمایش غربالگری هم دادم زده ریسک پرخطر دیشب سلفری دادم کسی بوده اینجور که هم ان تی بالا باشه هم ازمایش ریسک داشته باشه قلبم دهنمه از استرس دارم میمیرم تا دو هفته طاقت نمیارم  بگید شما دادین جوابش چی بوده؟؟مرسی ببخشید طولانی شد😓😓,8.74074074074074
364696754,"ن بابا کابینت ها رو جمع کن مرتب کن
خواستی فرش ها رو بده قالیشویی
وسایل اضافی و بدون مصرف رو بنداز دور خونه سبک شه
سرویس و حموم هم بسپار یکی بشوره همون اخرا😂",1.0
412470527,"تا سه سال با خودش میرفتم.چون پول دستم نمیداد ولی میرفتیم بازار میخرید برام.و براشم مهم بود بلند و پوشیده باشه
الانگاهی خودم میرم",1.7407407407407407
349734591,"یه تخمدان ندارم
اون تخمدانم که سالم هست لوله ش هیدروسالپنکس داره
و کلا تخمک با کیفیت ندارم نشد ivf کنم",3.7407407407407405
thread_17656048_starter,"سلام خانمها میشه هر کس تجربه داره من را از نگرانی دربیاره
من ۱۸ هفته هستم چند روزی بود که حرکات جنین را خیلی واضح به صورت ضربه زدن احساس میکردم از صبح تا شب کامل فعال بود و احساسش میکردم ولی الان سه روز و نیم هست هیچ حرکتی احساس نکردم
روز دوم هم رفتم زایشگاه صدای قلبش را شنیدم و گفتم نرماله ولی چرا حرکت نمیکنه درصورتی که قبلش اون قدر واضح ضربه میزد",5.111111111111111
377609135,فقط فولیک اسید و  ویتامین دی. با امپول هپارین,1.0
412009523,"برا خودم. هنوز نتونستم. وقت بزارم چ برسه همسر🤣🤣🤣🤣🤣
بله واقعا سخته مخصوصا اگه دست تنها بلشی",3.7407407407407405
345707550,"جمله ات دستوری بوده من اگه همسایمون اینجوری بهم میگفت بهش اب میدادم راضی هم بودم اما از لحنش ناراحت میشدم
مثلا بهتر بود این جمله رو بگی ( خانوم فلانی من الان مهمون دارم اما اب ندارم شما یکم اب داری بهم بدی؟  )  چون با این جمله میپرسیدی اگه راضی نبود هم نهایت به دروغ یا راست میگفت ندارم",1.3703703703703702
404561098,"دقیقا منم
فکر کن پارسال یک ماه بعد سزارینم واسه پسرم جشن گرفتم دقیقااا همون روز دیدم اندازه دو سه میلی متر از جای بخیم بتز شده شورتم خونی شده
به پهنااای صورت اشک میریختم فکر میکردم کار سنگین کردم استراحت نداشتم بخیم جوش نخورده
خلاصه هراسان رفتم بیمارستان معاینه شدم بهم گفتن بدنت داره نخ بخیه رو مثل یه جسم خارجی پس میزنه
تقریبا تا دو هفته هرسری یجاش باز میشد باید نخو در میاوردم از تو سوراخ
با یاداوریش دوباره حالم بد شد",6.370370370370369
thread_14899884_starter,"دخترم۶ماهش ی‌ماه  مریض شده ی هفتهدهم‌بستری شد خوب‌شد‌مرخص شد دقیقااااا دوروز بعدش کم‌کم علائمش برگشت الان ب اوجش رسیده مث‌روزی ک‌بستری شد بردمش دکتر دارو داد بهش همش میترسم باز یستری بشه😭😭😭
علائمش سرفه شدیدددد خس خس شدید سینه ابریزش بینی زیاد‌و‌با مخاط‌سبز گریه زیادددددد",6.481481481481481
401805497,"پرتقال شیرین بخور
توت خشک بخور
یه دونه خرما بخور
ازین بيسکوئيت های رژیمی بخور
برای قندت هم کدو زیاد بخور خیلی پایین میاره روی ماست رنده کن بریز روی سالادت",1.0
thread_12182197_starter,سلام حاملگی خارج رحمی دارم ویکیش سقط شد ولی یکی مونده توی لوله دعا کنید فردا بتام بیاد پایین و خودش دفع وجذب بشه,4.851851851851851
thread_9759365_starter,"ولی ازروز غربالگری از همون لحظه شوهرم بخاطر مامانش با من قهر کرده
مامانش و بابام و همه زنگ زدن تبریک گفتن منم جواب دادم آقا قهر کرده ک چرا رسمی جواب دادی
درصورتی ک بخدا با بابامم همون مدل حرف زدم ب نظر خودم خودمونی حرف زدم
صبح میره شب میاد منم تو خونه تنها اون موقع پیام دادم بهش
بازم حرف دوران عقد تکرار کرد گفت مامانم بیشتر از هرچیزی تو دنیا دوست دارم
منم گفتم من به بچم فکر میکنم تو بچسب به مامانت
بهم پیام داده منم به بچم و مامانم فکر میکنم ما دیگه ۳نفریم تو هم خوب باش تا ما دوست داشته باشیم
بعدم زنگ زده بچمو مثه یه شیر ازت میگیرم
اینقد امشب گریه کردم اینقد گریه کردم
هیچوقت فکر نمیکردم تو حاملگی به خاطر مامان فتنه ش اینطوری کنه باهام اینقد گریه کردم ک هم زیر دلم درد میکنه هم کمرم میترسم اتفاقی بیفته برای بچم خیلی ناراحتم",8.11111111111111
382438445,"من دو سال پیش تخمک کشی کردم چهل تومن  با دارو شد الانم هر موقع برم بذا انتقال ۱۵میگیره البته با بیمه ۸میگیره
دارو ها هم حدود سه تمن شده فعلا که",1.0
413988641,"پسرای اطراف ما هیچکدومشون نمیان جلو🥲
همیشه تو این فکر بودم اگر یکی بیاد پیشنهاد بده بهش چی بگم",1.3703703703703702
thread_16562012_starter,"من تو هفته ۹ هستم هنوز نرفتم سونو برای قلب جنین ولی خیلی استرس دارم قراره برم و همش ترس دارم بگن قلب تشکیل نشده میشه بگین علائم خاصی داره تشکیل نشدن قلب؟
من هیچ علائمی ندارم خداروشگر حالت تهوع هم ندارم",6.111111111111111
409300669,آره هنوز بریچ هست ولی ۳۱ خیلی جا برای چرخش داره هنوز. آخرای بارداری ممکنه بچرخه. من ۳۶ هفته خودش چرخید.,1.0
262539355,"اولا گلم من به موضوع ناراحتیت نخندیدم که سرم بیاد
دوما شما تو نی نی سایت یه چیزی شنیدی طرف میگه شوهرم خیانت کرد اینجا خانوما میگن بگو چیزی داره ب نامت کنه ک چیزی واسه اون زن دوم  نمونه و اقاهه سر براه بشه بمونه سر زندگیش
نه شما ک یه اسکرین پاک شده دیدی
غیر منطقیه حرفت و اشتباهم هست
چون یه جورایی ب همسرت فهموندی اگه فلان اشتباهو کردی برا جبرانش یه چیزی به نامش میزنی و ماجرا تمومه
خیلی بی سیاسیت و نسنجیده عمل کردی",2.0
thread_11615324_starter,"https://s8.uupload.ir/files/img_20230722_170735_635_zrvr.jpg
https://s8.uupload.ir/files/img_20230722_170735_635_zrvr.jpg
دوتا عکسی ک نشون میده هرچی تو بله چت میکنین راحت در اختیار کارمندای بله قرار داره 🥲🥲🤭🥲",2.6296296296296293
413974179,"ما حدود یک ماه تلفنی صحبت کردیم بعد حضوری همو دیدیم
من که نشستم تو ماشین خیلی معذب بودم و با اخم زل زده بودم به بیرون، با ترس و لرز ازم پرسید چیزی شده؟؟😂 بعد میخواست یخ من آب بشه شروع کرد توضیح دادن اسم خیابونا که اینجا کجاست و اسمش چیه ... انگار که تور لیدر بود قربونش برم 😂😂",2.0
thread_16478789_starter,"هفته باردارم
تو ازمایشم قند ناشتا۱۲تا بالابود
دیشب دیرخوابیدم گشنم بود قبل خواب یه لقمه خوردم
صبح که بیدارشدم بازم ضعف داشتم ولی چیزی نخوردم ترجیح دادم یکم دیگه دراز بکشم
که یهو چشمام شروع کرد به تارشدن و درعرض چنددقیقه دیگه جایی رو ندیدم
من قبلا سر میگرن اینطوری زیادشدم
ولی الان میگرن نبود
بعدشم سردرد گرفتم بزحمت پاشدم رفتم یه شکلات خوردم اومدم چشامو بستم
الان بهترم
کاردرستی کردم شکلات خوردم؟ با درنظرگرفتن اینکه افت قنده اینکارو کردم😢😢
بچه ها توروخدا برام دعاکنید اینروزا خیلی ضعیف شدم و دارم اذیت میشم",6.111111111111111
366383107,من دیدم ک یه نفر داره ظلم میکنه ب یه نفر دیگه اما چیزی نگفتم,1.3703703703703702
378026726,خداروشکر به دختر کوچولو منم دعا کنید سالم باشه 🥹🩷😑,1.3703703703703702
thread_15636683_starter,"من بچم تیر به دنیا میاد بعد ۳ ماهگی میخوام باز برگردم سرکار براش پرستار بگیرم کارم اشتباهه!!!
آخه خواهرم میگه تا ۱ سالگی بچه رو نباید گذاشت پیش کسی،ولی تو این شرایط اقتصادی مگه میشه کار نکرد اخه،البته شوهرم کاری نداره برم یا نه خودم میخوام",4.7407407407407405
325536984,رفتم فوق تخصص داخلی بهم یه قرص داد ولی بهم گفت چرا دیر اومدی تا سه ماهه اول جنین به تیروئید مادر نیاز داره قبلش هم اصلا تیروئید نداشتم,3.3703703703703702
393564447,"باز ۴۲ خوبه
من ۳۲😑",2.0
thread_12833855_starter,اسمم خیلی قدیمیه خیلی ‌ اصن دوستش ندارم وافعا جایی میزم اعتماد به نفس گفتن اسمم رو ندارم مخصوصا الان ک همه اسما جدید شده خیلی معذبم ۲۵ سالمه از بچگی همین بوده اسمم چیز دیگ عم صدام نمیکردم ولی چون مذهبیه میگن باید ادله کامل داشته باشی تا عوض کنن چ ادله ای آخه وقتی معنی سنگینی داره تازه خوب بیان نمیشه خیلی بد میگن تا ناقص حتی و تازه امروز یه کلیپ دیدم تو ایستنا یه شعر زشت یه بلاگر۷ براش درست کرده بود انگار ک پیر زن ۸۰ سال۶ باشه تو فیلم و سریالام همش نقش کنیز و کلفته 😑😑😑😑بعد همینا نمیزارن عوضش کنم آخه من آدم مذهبی هم نیستم قیافه ام اصلا با اسمم از اینجا تا منهتن فاصله داره بخدا 🥲🥲 فقظ چون مامانم مذهبیه من باید لین اسمو تحمل کنم ؟ اگ عوض کردن چی بزارم لنطرتون؟یه اسم با وقار,5.111111111111111
342714491,"من مشکل دهانه رحم دارم چن جا سونوگرافی خیلی خوب رفتم نفهمیدن
بعدش فقط ب این موضوع فکر میکنم ک چقد تشخیص اشتباه دادن ک بچه ها ناقص هستن و سقط کردن",4.37037037037037
406508753,"من تو بارداریم بخاطر عفونت ۴ ماه انواع چرک خشک کن بویژه آموکسیسیلین خوردم
تنها راه درمان درد دندان هم چرک خشک کنه، وگرنه مسکن موقته، بخودش بگو اینجا چیزی نپرسه حالا که پرسیده من بهترین راه رو دادم",1.6296296296296298
thread_16847163_starter,"خودش میخواست بره چون ما کسیو نداریم نه پدر نه مادر
مامانبزرگمم که نگهمون داشته بود تازه فوت شده
اللن کاراشو داریم پیگیری میکنیم
انگاری پشیمون شده میگه خونه اجازه کن اونم تنها نمیمونم یکیو پیدا کن باهام بمونه
نمیدونم چیکار کنم
بابام معتاد بیکار خواهرمو خونه بگیرم بابام میاد میمونه بدتر میشه
خودم نمیتونم نگه دارم دارم ازدواج میکنم
ازدواج نکنم نمیتونم از پس هزینه ها بر بیام مجبورم حداقل خودم مستقل بشم بتونم دستشو بگیرم
از این ناراحتم که مسخرم کرده شب و روزمو یکی کرد من میرم بهزیستی پیش همنوعان خودم دوست پیدا کنم
به زور قلبمو سنگ کردم با چه زجری رفتم دنبال کاراش
الان دم رفتنش پشیمون شده
بخدا که از اولش مسخرم کرده بوده منو میترسونده که ترحم کنم بهش
من هیچی براش کم نذاشتم ما دوقلوییم ولی برا این که حس کمبود نداشته باشه دانشگاه بردمش الانم میخواستم ارشد بخونه
کار ادمینی پیدا کردم
ولی همکاری نمیکنه باهام درسشم نمیخونه با چه عذابی پای پیاده اسنپ ویلچر میبرمش دانشگاه نمیخونه امتحانا و من میخونم بجاش
کارم نمیکنه
الانم من چجوری خونه اجاره کنم اونم تنها نمیمونه خانم تا بخوام سر بزنم بهش با این که از پس کارای شخصیش بر میاد من میتقل بارش اوردم فقط نمیتونه راه بره میگه باید همراه پیدا کنی تو خونه برام
شما بگین چیکار کنم
خواهش میکنم دعاتون میکنم",8.11111111111111
413969657,یه سال بخاطر شرایطمون تو یه واحد زندگی کردیم تو اون شرایط لطف بزرگی کردن بهمون که خونشون موندیم ولی همون یه سال باعث این شد که به خودشون اجازه دخالت بدن و هنوزم هنوز دست از دخالت برنداشتن,4.111111111111111
338371563,"فقط پروژسترون داد برای هماتوم
یه استامینوفن ساده هر۱۲ساعت برای درد
ولی فایده نداره
صبح ک میشه از شدت حالت تهوع و درد کلیه میپیچم به خودم تا شب
یکم شب دردش اروم میشه تا صبح دوباره همونجور
بدبختی بخاطر بارداری نمیتونم تحرک داشته باشم😭😭😭😭😭بعد چندسال خدا بهم بچه داد حالام اینجوری امتحانم میکنه😭😭😭😭😭",7.74074074074074
thread_12605973_starter,"هفته ۴۰ ام بچه دومم
دهانه رحم دوسانته
به هیچ روش ورزش گرمیجات دوش رابطه کوفت و زهرماری هم باز نمیشه حتی معاینات مکرر
وزن بچه داره میره هرروز بالاتر و من دیگه ب سختی نفسم بالا میاد از دردهای لگن و پا و کمر و ... ک نگم
بستری شدم دیشب اما دکترا گفتن تا هفته ۴۲ بازم صبرکن بعدبیا امپول فشار بزنیم
دیگه دلم میخواد بمیرم 😭😭 کاش یکی فشاری ک بم داره وارد میشه رو درک کنه
سزارینم ک اختیاریش خداتومنه
اختیاری ام نباشه  اگه رو ب موت نباشیم دکتر زیربارش نمیره
ازصبح فقط گریه کردم
بچه اصلا توسونو دیشب نچرخیده ب سمت لگن سرش تو پهلو راستمه",9.370370370370368
thread_16203262_starter,بچه ها زیر دلم سمت چپ از سر شب داره تیر می‌کشه میدونین دلیلش چیه؟اولین باره این دردو دارم قبلا یه دردی مثل کشیدگی داشتم که فهمیدم به خاطر رشد رحمه ولی الان دردم فرق می‌کنه استرس گرفتم تجربه ای دارید؟,4.7407407407407405
thread_12488568_starter,"چرا آنقدر خیانت زیاد شده هر جایی و که میبینم و می‌شنوم واقعا فقط دارن در مورد خیانت صحبت میکنند اینکه خانومی به همسر یا آقایی به همسرش خیانت کرده هیچ وقت فکر نمی‌کردم دور و اطرافم چنین اتفاقی بیافتد تا اینکه چند وقتی بود از یکی از دوستام خبر نداشتم امروز که زنگ زدم دیدم گرفته هست مثل همیشه نیست بعد که گفتم وی شده گفت شوهرم بهم خیانت کرده بعد چند وقت فهمیده می‌گفت شوهرم اول انکار کرده بعد که من چت هاش و با اون خانومه دیدم گفت آره باهاش رابطه دارم میگفت. چند وقتی هست که خیلی رفتارش تغییر کرده بود همش اذیت میکرد تازه متوجه شدم همه زیر سر اون زنی بوده که باهاش بهم خیانت کرده
آخرشم گفت همون بهتر که ازدواج نکردی چند اگه ازدواج میکردی مدام باید نگران خیانت نکردمش باشی 🤔🤔🤔",3.6296296296296298
399418579,باردارمو دانشجو ارشد زایمانممم یا بعد امتحاناس یا ممکنه وسط امتحانا باشه حالا من که زیاد اذیت نمیشم چون دو روز کلاس دارم ولی یکم کمر درد میگیری اگه سر کلاسا باشی با دکترت مشورت کن اگه اجازه داد برو ...اتفاقا استادی خانمم هم بجز اقایون درکم میکنن خیلی,2.111111111111111
326108264,"میدونم واسه من  دوران راهنمایی و دبیرستان تو عادت ماهانه همش اینطور نیومد ، ی بارم رفتم دکتر ، گفتم ی تیکه گوشت میاد همش، گفت لخته هستش ، امکان مداره چیز دیگه ای باشه.
الان شما گفتی یادم اومد خیلی این اتفاق واسم میوفتاد ، دقیقا مثل گوشت مانند بود",1.0
thread_18005594_starter,"علائمش خارشه
از کمرم شروع شد و به بازوم و الان ناحیه ی زیر بغلم میخاره و دستام و سینم که احتمال میدم داره به اونجام میرسه.
به دستام ک رسیده و داره میاد پایین .
رفتم دکتر ولی چون باردارم نمیشه قرص دارو بخورم ولی میترسم بزنه به انگشتام یا به صورتم .",4.37037037037037
thread_17579990_starter,کسی نمیدونه علتش چیه؟ دارو و درمان نداره؟  طبع بدن اگر سرد بشه  بهتر نمیشه؟  دو ساله یدفعه اینجوری شدم,2.7407407407407405
thread_12540786_starter,شرایط هم باب دلم نیست بیشتر فشار میات بهم,4.7407407407407405
315791219,فعلا از دکتر توکلی تونستم وقت بگیرم توکل کردیم به خدا انشالله که کمکمون میکنه تا الان که خیلی فکر و خیال کردیم شرایط منم سخته استراحت بارداری دارم و بچه ی کوچیک هم دارم این بارداریم هم خدا خواسته بود و ما با جون و دل با کلی سختی با کمک خدا تا ۳۱ هفته رسوندیم دیگه تا ببینیم چی میشه,6.111111111111111
thread_16902413_starter,"چرا وقتی ماشین عروس میبینم چند ساعت واسه خوشبختیش دعا می‌کنم از چی میتونه باشه🙃
میبینم یکی مغازه زده آب هندونه درس میکنه میفروشه واسه رزق روزیش دعا می‌کنم و قربون صدقش میرم…",1.0
375555874,خودمم قبلیم ۳۳ هفته دنیا اومد دو هفته دستگاه بود خودمم بک هفته ای سی یو.ناخواسته زود باردارشدم پسرم الان یکسال و نیمشه اینم الان دنیا بیاد واقعا خیلی شرایطم یخت میشه با بچه کوچیک میگم حداقل بمونم ۳۴ تموم بشه🥲😑,4.481481481481481
thread_16598160_starter,یکیتون بیاین چت کنیم درخواست بدید قبلا نی نی سایت خیلی کیف میداد دیگه اینجوری نیست🙁,1.7407407407407407
334566826,اره بندنافشودادم آزمایش خون لخته شده بود تواند ناف وبه بچه خون نرسید ماه هفته,2.111111111111111
thread_17592780_starter,خانومای گل به من تو ان تی گفت پسره آیا احتمال خطا هست,1.0
thread_13411628_starter,"همش حالت تهوع دارم یا بالا میارم نمیدونم چیکار کنم...
دکتر زنان هم نمیتونم برم تا ۸هفته که جواب ازمایش و سونو رو براش ببرم",4.7407407407407405
thread_15975147_starter,"جنبنم تو ۶هفته و سه روز صدای قلبشو‌گذاشت دکتر شنیدم ولی سه روز بعدش ک رفتم بخاطر یه لکه صورتی تو لباس زیرم دکتر گفت صدای قلبشو‌نمیشنوم دیکه دوتا هماتوم خلفی هم تشکیل شده، یعنی الان جنین من مرده؟ ازون روز یه هفته میگذره ولی نه درد دارم نه خونریزی نه علائم سقط
امکان داره جنینم زنده باشه اینا اشتباه نشنیده باشن؟
میترسم برم سونو، میگم یا قلب نداره خودش میفته یا داره و بزرگ میشه
اکه کسی مثل من بوده بیاد کمکم لطفا🥺🙏",6.481481481481481
375377822,واسه درد مقعد نبات و هیوسیون نمیخورن اینا واسه دلدرده,1.0
412920121,"درکت میکنم
ولی مامان منم تابستون نهم به دهم بهم میگفت زیستت رو شروع کن
حتی تابستونم خراب شد با اینکه خودشم دید سال نهم من چقدر درس خوندن واسه دبیرستان دانشگاه",3.111111111111111
347943397,عزیزم برا از جایی که معتبره روغن سیاه دانه بگیر و رحمتو بمال به سمت پایین و از عطاری عروس پشت پرده گل بنفشه تخم گشنیز نصف مشت هم اسفند زیره از هر کدوم یک مشت بگیری کافیه همه رو قاطی کن و روزی یک قاشق غذا خورری تو دولیوان آب بجوشون از اون دوتا لیوان باید یک لیوان بمونه با نبات بخور پریودتو زیاد می‌کنه تنبلی رو در مان می‌کنه عفونت کیست هر چی باشه میسوزه می‌بره ولی اگه نزدیک بودی و خودم رحمتو اصولی میمالیدم بهتر بود,1.0
thread_17705028_starter,"من هفت ماهه باردارم
گاهی بختک میگیرم و کلا استرسی شدم
بارها هم بهش گفتم وقتی بیدار میشم میبینم رو تخت نیستی استرس میگیرم لطفا جاتو عوض نکن
اما بازم بعضی شب ها میبینم میره تو هال میخوابه
میگه خر پف میکنی چیکار کنم نمیتونم بخوابم
الانم بحث کردیم باز
به نظر شما من حق دارم ناراحت بشم یا نه اون حق داره؟",5.481481481481481
thread_18025318_starter,رییسم متاهله ، شصت و اندی سالشه،بعد تا بمن میرسه همش از چهره و اندامم ایراد میگیره با اینکه باهاش رابطه ندارم ، تا اینکه با یدختر بیست ساله التن دوست شده، همش ازش تعریف میکنه ، منم فقط یکی دوبار گفتم اره بد نیست قیافش،خوشگله ک نگه حسودی و اینا ،یعنی گفتم بمن ربطی نداره،دختره هم ازش میکشه، چندروز پیش اومد عکسشو نشون داد گفتم عه فلان رستورانه گفت واییی تو از کجا اینقد قیافشو دیدی، حالا من اصلا رستورانو گفتم،درمورد قیافش فقط یچندباری گفتم شیه خانم فلانیه، با اینکه حقوقم اینجا بد نیست ولی دگ اصلا حس خوبی واسه کار کردن اینجا ندارم ،همش ازم میپرسه شماره معشوقشو دارم یا نه، دگ رفته رو اعصابم،سر کار دگ خیلی رسمی باهاش برخورد میکنم ولی میدونم با این برخورد خیلی سرد عذرمو میخاد تو فکرم خودم زودتر استعفا بدم ولی جایی هم کار پیدا نمیکنم,7.111111111111111
thread_17208716_starter,"حس میکنم چون پدر مادر ندارم مامانبزرگمم فوت کرد دارن سو استفاده میکنن
پسر خودشون شغل نداره
ماشین نداره ماشین باباشه
خونه هم که اونی که خودش داره ۶۰ متری قدیمیه اجاره داده
مغازشم اجاره داده بغیر این زمین یه زمین دیگه به نام داره
راضی هم نیست بفروشه
نامزدیم(عقد رسمی نشده)
پسر تک فرزند
از همون اول گفتن خونه میخریم باورتون نمیشه چند بار خونه دیدیم قرار بود با زمین معاوضه کنن
خونه باب میلمو پیدا کردیم همه چیزش عالی بود دوبلکس مستقل ترو تمیز لحظه اخر که یکم تو سند خونه و به نام زدن به مشکل خوردن همه چیزو کنسل کردن
طبقه پایین خونه مادرشوهرم ۱۲۰ متر دست مستاجر میگن بیاین اونجا
مخ نامزدمم زدن بیا زمینو میزنیم به نامت مغازه خودت هست این یکی مغازه هم به نامت
طبقه پایینو تعمیر کنیم بیاین
بعدا خواستین خونه میخرین
انقدر ناراحت شدم هیچی نگفتم
حتی مخالفت هم نکردم
چی بگم
من پدر مادر هم ندارم به عمم و شوهر عمم بگم مخالفت کنن خواستگاریمم با شوهر عمم بود
حس میکنم مسخرم کرده بودن این همه وقت
مگه من دیوونم
معلمم
ارشد دارم
دبیر تیزهوشانم
یکم بیشتر کار میکنم میرم خونه اجاره میکنم
درسته سخته من مستقل بشم خواهر معلولمو باید نگه دارم که میدونم از پسش بر نمیام
عموهای معتادم ولم نمیکنن ممکنه اذیتم کنن و تجاوزشون تکرار بشه
ولی هیچ وقت نمیرم با مامان باباش تو یه ساختمون
حاضرم بدبخت خانواده خودم باشم تا خانواده اون",8.74074074074074
thread_12689943_starter,من حدود 19روز که لکه بینی دارم دوبار رفتم دکتر سونو اول گفت شش هفته یک روز قلب داره ضربان هم داره دوهفته بعد گفت سونو انجام بدم دیروز انجام دادم گفت همون شش هفته دوروز بدون ضربان قلب رشد نکرده یعنی هیچ امیدی نیست,5.481481481481481
330998851,[QUOTE=330984813]هفته چهارم احتمالا خیلیت نیس عزیز من سقطش نکن بخدا اهش هم زندگیتو نابود میکنه هم خودتو وجدانت هیچوق ...[/QUOTE بنظرت وقتی این بچه از هیچ لحاظی تکمیل نشه باید چیکارکردی سال دیگ بچم میخواد بره مهد بااین گرونی ها شهریه مهد ها خرج بچه ی دیگه خونه اجاره ای من میتونم اونموقع چیکارکنم وقتی که دیروز رفتم آزمایش دادم شوهرم ده تا. کارت عابر بانکی رو زیر رو کرده تا پول داشته باشه چی وقتی ک هنو نتونسم یک لباس بخرم برای عیدی بچم,7.111111111111111
336667797,نه بابا چه خبره من تو بیمارستان خصوصی بودم سال 1400 زایمان کردم 600تومن گرفت الان نهایت 1500 بشه جدا از هزینه بیمارستان بود البته,1.0
412975094,"کجا سالم و سرحالن؟ همه پر از عقده کمبود
اینقدر تعداد بچه ها زیاد بود که تو هر کلاس درس باید ۳ نفره مینشستیم حالا سختیای دیگه به کنار، انگار خودمون میخاینچم تو بدبختی زندگی کنیم ، تو جاهای دیگه یا کشتی نیذن مسافرت چند ماهه ما اینجا هر لحظه یاید تنمون از جنگ بلرزه",5.111111111111111
404153572,"وقتی بتا رسید 2000 انگار روز موعد اینا بود چون من از یک هفته قبل موعد میدونستم
چهار پنج هفته",1.0
thread_16476188_مامان_دهه_هفتادی_1404/04/12 11:33,مسکن ملی ثبت نام کردیم.. زمین دادن با ی وام سیصد میلیونی ..حدود پونصد دیگ روش گذاشتیم خونه ساختیم,1.0
thread_13252859_starter,"خانما من مامانمو بابام هردو حقوق دارن با این حال منو شوهرم اصلاً راضی نبودیم خانوادم سیسمونی بخرن و بهشون گفتم خودمون می‌خریم اما مامانم قبول نکرد
چند روز پیش مامانم رفت یه گهواره خرید که دیگه تخت نخره چون ما یه خواب داریم ما هم کلی تشکر کردیم
امشب گفت تخت خریده و شوهرم کلی تشکر کرد
وقتی از ماشین دراوردیم که ببندیم دیدم داغونه و دست دوم فکر کنم از برنامه دیوار خریده
خیلی پیش شوهرم خجالت کشیدم
خلاصه شوهرم بستش و تشکر هم کرد
بنظرتون چکار کنم؟؟؟؟؟؟ اصلا دوست ندارم بچم وسایل دست دوم داشته باشه
بخدا اصلا توقع تخت خریدن نداشتیم همون گهواره کافی بود 😞",4.37037037037037
thread_14831228_starter,"من خیلی شدید از تنهایی میترسم
ازدواج خیلی چیزخاصیه ؟؟؟؟ خیلی خوبه ؟
وقتی میان نی نی سایت میبینم همجنسای خودم به دخترای مجرد که کمی سنشون زیاده خیلی دیدگاه بدی دارن میترسم
الان تو یه رابطه سمی موندم بخاطر ترس از تنهایی
میترسم تا آخر عمر مجرد بمونم
شما خانمای متاهل که میدونید زندگی مشترک جحوریه
نیاز به نصیحتتون دارم خیلی دارم اذیت میشم تو این رابطه اما میگم همین هست بازبهتر از تنهاییه",6.481481481481481
336525088,همسایه بالایی کفتر باز روزا خوابن شب اذیت میکنن ب غیر اون درآمد پایین محلمون بد نمیدونم چکا کنم,4.481481481481481
thread_13758742_starter,"قهر دارین وبی مطمبنین که بعدش آشتیه مطمئنم همین همسرتون دوروز نباشه دق میکنید از تنهایی
از تنهایی دارم دیوونه میشم عذر میخوام ولی خود .. هم دارم ولی همه چی جنسی نیست خیلی نیاز دارم یکی منو ببینه بهم محبت کنه و نوازشم کنه
ابن خود از گفتم بدونید که این کارو هم انجام میدم ولی همش اون نیست خیلی داغونم دارم میترکم از تنهایی",7.111111111111111
404095273,"مادرشوهر پدرشوهرم بعضی وقتا انگار جنی میشن زبونشون از تیغ بدتر میبره
تیکه میندازن رو بر میگردونن
خیلی یهو ها.با شوهرم و بچم خونشون بودیم با خواهرشوهرم و خانوادش نشسته بودن شوهرمم بود
جا نبود گفتم کنار پدرشوهرم خالی بود اونجا بشینم
نشستن من همانا تیکه انداختن پدرشوهر همانا
بچم داشت شیر خشک میخورد هی تیکه که تو حق شیر نداری زبون بسته و فلان
کلا ببخشید کونشو کرد طرف من رو به بقیه صحبت منم به بهونه گوشیم پا شدم از اونجا جوری ک زنش بفهمه گفتم حرفاتون تمومی نداره متوجه شدم اونم داره تیکه میندازه مثل شوهرش
رفتم گوشه نشستم شوهرمم اومد کنارم
شوهرمم ی ذره رفت تو قیاقه باهاشون
با جاریم گرم گرفت ( معمولا هر وقت بخوان لج منو در بیارن اونو تحویل میگیرن)
شام هر چی منو صدا زدن نرفتم
دیشب گفتن بیاین اونجا رفتیم خونه مادرم
همیشه اینطور نیستن یهو جنی میشن
انصافا منم بد نیستم باهاشون همیشه کنارمون نیستن هر وقت باشن گاهی اوقات غذا میبرم براشون
ولی واقعا دلم شکست از رفتارشون تصمیم گرفتم سرد بشم باهاشون
اگه شوهرم بذاره",6.111111111111111
413947040,"حتما باید سایز صفر بخری عزیزم
بچه بدنیا میاد حتی ۴ کیلو هم باشه سایز صفر باید بپوشه
کاپشن نمیخریدی بهتر بود حالا هم مبارکش باشه 😍
ولی کلا لباس زیاد نخریدی نگران نباش",1.0
thread_9803993_starter,سلام بچه های یه پیج هست پکیج زیبایی میده (رنگی شدن چشم ‌ بور شدن و سفید شدن ) میدونم الان پیش خودتون چی میگید ولی خواهشا اول کامل بخونید راجبش فکر کنید بعد جواب بدید پکیج زیبایی شامل تغذیه با میوه و سبزیجات و مدیتیشن هست درسته من میدونم که ژن تاثیرش از همه اینا بیشتره ولی خوب تغذیه و فکر هم تاثیر داره روی ژن این خانوم دخترش چشماش رنگی به نظر من امتحان کنید بد نیست,1.0
402914440,"اونا با زبون خودشون دارن فاصله رو درست میکنن دمشون گرم
تا میتونی پیش همسرت ناراحتیت و نشون بده بگو چون تو پدری من نباید طعم مادر شدن بچشم
بگو چرا باید اینقد راحت درباره قتل ی ادم حرف بزنن سقط بزرگترین گناهه چرا میخان بچم و بکشن تا نوه بزرگشون راحت باشه درنظرشون مگه تا حالا کم گذاشتم مگه کاری کردم
بگو اتفاقا بچه بیاد اون خاهر برادر دار میشه مجبتشون بهم بیشتر میشه",3.518518518518518
293514675,"عزیزم تلقین نکن ان شاالله که چیزی نیس اگر خیلی نگرانی یه دکتر برو از نگرانی دربیای
کلا تو بارداری استیک و گوشت نیم پز خورده نشه بهتره ولی نترس چیزی نیس",1.0
326945194,امروز ظهرم داداشم مهمون بخدا کمر درد دارم عصر میخوام برم دکتر,2.3703703703703702
thread_16822296_starter,"من بعد رابطه قرص اورژانسی خوردم
و ۱ ماه گذشت پریود نشدم آز و بیبی چک زدم منفی بود
اما فجیع تخمدان هام درد میگیره سینه هامو کمرم درد میکنن اما پریود نشدم چه کاری انجام بدم؟",3.3703703703703702
253590070,با توجه به اینکه هفته ۲۲ هستی من فکر میکنم همون ازمایش قند بارداریه که برا همه مینویسن تو هفته های ۲۲ تا ۲۴ دکترا که هیچی توضیح نمیدن واسه ادم ولی اگر اون باشه باید ناشتا بری برای ازمایش,1.3703703703703702
313522236,تیروئید بالا فقط باعث وزن بالای جنین میشه فکر نکنم مشکلی پیش بیاد با دارو هم کنترل میشه بعد زایمان هم از بین میره,1.0
319558046,ن من مادر نشدم ولی زن داییم رنگ کرد موهاشو برا دخترش هم مشکلی پیش نیومد,1.0
thread_10463942_یارا_۷۰_1401/12/08 14:58,"چرا اسم مهاجرت میاد من اشکم درمیاد؟؟؟؟
دلم نمیخواد برم ، خدایا پناه می‌بریم به خودت از وطنمون دورمون نکن",3.3703703703703702
407360931,چه ربطی داره ؟😑😭,1.6296296296296298
thread_13864345_starter,"دورازجونش خدانکنه
بیماری خونی داشنه ۸سال جنگید براش تموم زاروزندگیشو خرج دوادرمانش کرد و اخرشم فوت شده
با یه دختربچه که پدربزرگش نمیتونه یانمیخواد یاهرچی متقبل نمیشه که قیمش بشهو خودتون قیم میشید
برمیگردین ساختمون پدرتون طبقه پایین
۱۲ سال اونجا ماندگارمیشید
باوجود زیبایی و جوانی و خواستگارای زیااااااد و یکی دودلیل دیگه ازدواجم نکنید
حالا اصل مطلبش الانه
دخترتون بزرگ شده ۱۸ سالشه باروحیه خیلی حساس خیلی شبیه پدرشه ازنظراخلاقی
سرحرفای کوچیک دلش میشکنه همیشه پروفه مشکی میذاره و حال دپی داره
حالا دیشب خواهرتون ازدهنش درمیاد میگه شما ندارین خونه بخرین ازکجا بیارین یکتون گرو دوتونه
ازین حرف خواهرزادتون دلش بشکنه و گریه کنه و اسمس طوووووماری بفرسته بگه من کی و کجا ازتون درخواستی داشتم ک بهم میگی ندار شماها بامن همیشه همینجورید دلمو شکستید
من کم ازشماها نخوردم اینم روش و ازین قبیل شکایت ها....دیگه تمومه روابطمونو قط میکنم دلمو شکستی
حستون به خواهرزادتون چیه باوجود دوست داشتم قبلی زیااااد",1.6296296296296298
thread_16963527_starter,دوستان من میخام برم رشته عمران دانشگاه ازاد علوم انسانی خوندم ایا میتونم پاس کنم ریاضیش‌چقدسخته اینده کاریش واسم مهم نیس فقط مدکشومیخام بگیرم,2.0
thread_17218715_starter,"امروز روز سوم تأخیرم بود بتا دادم عددش 503 خوبه به نظرتون؟
نیاز به تکرار نیست؟",2.3703703703703702
374344414,رو اون هم میشینم دردش عذاب آوره کلا موندم چ غلطی کنم,5.37037037037037
thread_17946495_starter,چندساله در مرکز ناباروری ابن سینا گیر افتادیم متاسفانه کادر پذیرش بعضا رفتار بسیار بدی دارند و تند و غیرمودبانه جواب میدهند اما چیزی که بیش از همه ناراحت کننده است بی دقتی و سهل انگاری بعضی پزشکان است.  مثل خانم داودی مقدم در زمان ویزیت بارداری،  بیمار مدام در حال شوخی با همکارانش است تمرکز ندارد ازمایش و کارهای تشخیصی را فراموش می کند انجام دهد.  سونو دست و پا شکسته و زیر بک دقیقه انجام میدهد که تشخیص درستی هم ارائه نمیده و مدام میگه بار بعد بیا... در حالیکه در همان زمان ها تشخیص صحیح سایر مراکز موجود است. فیلم برای اینستا می گیرد و حتی ازمایش های اولیه را فراموش می کند بنویسد.  این سهل انگاری بازی با جان مادر و رویان کوچک و امید خانواده هاست.  کسانی که وقت پول و جوانی خود را صرف کرده اند. مدیریت این مرکز بهتر است نظارت بیشتری داشته باشد.  بارها داروخانه داروها را نصفه دادا یا اصلا نداده! واقعا کسی پاسخگو نیست؟,5.7407407407407405
thread_8209187_starter,"کلا ۲۵۰کیلومتر فاصله س..بعد ۳ماه اومدم باداداشم ب شوهرم مرخصی ندادن...
اصلا خوابم‌نمیبره ..بدون شوهرم حس بچه ی رو دارم ک بدون مادرش رفته جایی کلا بیقرارم... از خونمم با بغض اومدم😂😂شایدم از اثرات حاملگیه شمام‌همینجورین یا فقط منم",5.37037037037037
322408895,چه خوبی؟ پس چطوری بخونم؟ تو این دوماه ده کیلو اضافه شدم شدم ۸۱کیلو.  همین الان معدم داره میترکه.  تازه قبلش بهش میگم نیا سروقتم بذار یه ساعت بخونم.  یهو یکی از پشت شیشه میزنه پنجره میبینم شوهرمبرام بوس میفرسته سه دیقه بعد با سینی چای وشکلات اومده😐,4.62962962962963
thread_16522195_starter,ازخونه بیرونم کرد گفت دیگه نمیخوامت آبتون توی جوب نمیره بامادرم به بدترین شکل ممکن باهام رفتارکرد وردم کرد شهرمون پدرمادرم اومدن ومن برگشتم بازبه همون خونه ای که پرازاسترس ونگرانی وجنگ اعصاب بود خونه ای که وقتی کسی ناراحتم میکرد برادرم باهام درگیرمیشد وپدرم میزدتوسروصورت خودش مادرم بدتراتیش بیارمعرکه میشد شب وروزم گریه بود هرشب پیام میدادم بهش میخوام برگردم ولی دیگه فایده ای نداشت میدونستم دارم میرم توچه جهنمی که خونه پدرمه.دوسال دادگاهم طول کشید شبی که قراربودبرم محضر تاصبح توخونه قدم زدم انگارفرداصبح میخواستن دارَم بزنن.فرداصبح تومحضر  بانگاهم التماسش میکردم ولی ازسنگ بود میدونست چقد دوسش دارم طلاق صادرشد وبرگشتم خونه نزدیکای ظهربود که تلفن زنگ خورد بله  خواسگار بود,8.37037037037037
363393275,"باز خوبه ماشینتونو نمیگیرن ازتون
ماشین ما ک برادشوهرم میبره بعد یه هفته میاره
فوقش ما هفته ای نیم ساعت بتونیم سوار شیم🤣🤣",2.0
thread_16658719_starter,"خیلی وقت بود اصلا توی عمرم اینجور گریه نکرده بودم...
حالم خیلی بده
سه روزه زایمان کردم...امشب شوهرم براش کاری پیش اومد رفت...ساعتای شش و هفت صبح میاد...
مثل خر دلتنگشم اصلا نمیتونم اروم بگیرم...اصلا نمیفهمم چه مرگمه..
تازه چندوقت دیگه قراره پاشه بره کربلا
نه دلم میاد بهش بگم نرو نه بااین وضعیتی که از خودم میبینم میتونم تحمل کنم دوریشو...
حالم خیلی بده..
شایدم مال بهم ریختگی هورموناس هرچی که هست خوب نیستم اصلا نمیتونم بخوابم
همش تصور میکنم بلایی سرش اومده دور از جونش مرگشو تصور میکنم میشینم به گریه
دیوونه شدم",6.7407407407407405
262540230,راست میگی عزیزم ولی من شبا خیلی دیر میخابم خیلی شبا تا صب گوشیش تو دستم بوده اندازه منم از گوشی سر در نمیاره و وقتیم میاد خونه بهز گوشیشو چک میکنم همیشه این اولین بار بود ک همچین چیزی دیدم,3.7407407407407405
thread_9652473_starter,"سلام
من اخرین پریودم ۱۶مهر بود و انتظار داشتم ۱۴ آبان پریود بشم نشدم
من دوشنبه ینی یه روز بعد موعدم بتا دادم۳۳۰ بود و ۴۸ ساعت بعد تکرار کردم شده بود ۷۹۴
دکتر گفت بازهم‌پایینه شنبه تکرارش کن باید ب حدود ۲۰۰۰ تا ۲۵۰۰ برسه
لک بینی ندارم اما امروز درد تو سمت چپ شکمم دارم،امروز یکم کارهای خونه انجام دادم اما زیرشکمم درد دارم
البته خودم حس میکنم بدنم نیاز بیشتری ب استراحت داره... همش خسته ام و خوابم میاد
قبلا ضعف و گرسنگی داشتم اما امروز اصلا
فقط حس خستگی دارم
ب نظرتون طبیعیه؟",3.7407407407407405
405005979,خیلی با خانوادش رودربایستی داره من چرا خودمو بده کنم هیچی نگفتم ..گذاشتنم کنار وای به حال روزی که بخوام چیزی بگم,3.3703703703703702
thread_17737293_starter,نمیدونم جنین 6هفتم سقط شده یا نه به مدت 5روز کامل خونریزی و دفع لخته داشتم اما هنوزم نمیدونم که سقط شده یا نه اول خونریزی که رفتم چون سن بارداری کم بود ساک بارداری دیده نشد اینم گفت که شواهدی از بقایای بارداری وجود ندارد نمیدونم تکلیفم چیه کمرم از دیروزه دوباره دردهای مثل پریودی که بعدش فهمیدم باردارم داره,5.111111111111111
411890398,خوب چجور قانونی هست ، برای خانم ها ظرف میدادن هر جا میخواستی پر میکردی در این حد ، من برای ازدواج شوهرم یه دستشویی تو حیاط اونجا بود پر کرد داد تحویل جای نمونه من ، حتی یکسال پیش میخواستم عدم اعتیاد بگیرم برای جواز کسب شوهرم نمونه داد جای من، البته برای اقایون آدم هست داخل دستشویی، البته بقیه خانم ها میرفتند توالت خانم ها همونجا ، ولی هیچ کس چکشون نمیکرد که خودشون نمونه دادن یا کس دیگه، تو دستشویی یا بیرونش کسی نبود ، فقط میرفتی برگه عدم اعتیاد بگیری طبقه بالای دستشویی چک میکردن فرد خودش باشه ، دیگه چک نمیکردن ادامه ماجرا رو,1.0
319201384,"من فک نکنم سه هفتمم کامل شده باشه تازه شکم دارم
ولی دندونم واقعا درد میکنه یکیم نیست دوتا هستش😑",3.3703703703703702
thread_13565923_starter,"ماشینمون زو بهتر کنیم حدود دویست تومن دارم به جز سرویس عروسی و حلقه ام
بنظرتون بفروشم ماشین بهتر بخریم ؟به نام خودم بشه سا حیفه؟",2.3703703703703702
410600400,"همه این کارها رو چندین بار کردم الان چند روزه داره اوضاع مثل قبل میشه خدا رو شکر.
من بنده خدایی مهربونم
تنهام نمیذاره
اما از دست اینها خیلی نارحتم",3.3703703703703702
387451444,بنظر خودم کشیدگی عضلاته ولی خیلی درد می‌کنه😭,4.0
thread_10302862_starter,"سلام دچار مشکل شدم
یه چیزی همشتو خواب میاد هی حرف میزنه دیوونم کرده همشم یه حرفو تکرار میکنه سمت گوش راستم هی وز وز میکنه  با گریه بلند میشم کلی طول میکشه تا بفهمم کجا هستم یه بارم دیدمش باردارم هستم وسواسم کرده،میگن همزاد داری،کسی میتونه کمکم کنه",6.111111111111111
413938615,"ما که راضیی بودیم فقط باید هرروز مصرف کنی  روزی دوقاشق
تو اب حل میکردیم قبل نهار یبار و قبل شام
خواب اوره  میخوری میخوابی اتفاقا چاق میکنه همه متوجه میشن ۱ماه باید بخوری تاثیرشو ماه بعدش میبینی",1.0
404410569,"نوبتی کردن که پدر مادر تنها نمونن شوهرم با اینکه وسط هفته بعد سرکار میره سر میزنه اما آخر هفته بلید از صبح تا غروب بره پیششون
اصلا زمین گیر یا نیازمند کمک نیستن فقط دلشون میگیره",1.7407407407407407
375863458,انشاالله،ممنون ازت که وقت گذاشتی تایپ کردی راهنمایی کردی، بهترینا نصیب قلب مهربونت🌷🌼,1.0
413636591,"۷ سال پیش برای دخترم احتمال نداد
ولی دوستام بعضیاشون براشون احتمال داده بودن
برای این بارداریم هنوز سونو ندادم",1.0
thread_15121481_starter,"باردارم نمی‌تونم پروتین ‌صافی  اینا بکنم
چکار کنم که موهام صاف لخت بشه
؟",1.0
404055180,دکترم عوض کردم,1.0
thread_18106739_starter,"به نظرتون بده ؟ من نمیتونم طرف وهمون اول ببرم کافه معمولا هم میرم پسند نمیکنم سخت پسند نیستم مثلا قدشون از من کوتاهتره من برام مهمه از خودم بلندتر باشه خودم ۱۶۵ هستم معمولی
الان کافه رفتن کلی هزینه میخواد من دلم نمیاد اونروز یکی گفت بریم بیرون چیزی بخوریم هم ببینیم همو گفتم نه بیا پارک همو ببینیم بعد خوشمون اومد بعدا میریم زشته به نظرتون ؟؟؟",2.3703703703703702
thread_13038118_starter,"من۷ماه باردارم اصلا اصلا شرایط روحی خوبی ندارم پدرم‌و‌تازگی‌از دست دادم اصلا حوصله ندارم برم دانشگاه از طرفی تا باردارم بهتر‌واحد بگذرونم ک‌سال دیگ بابچه کوچک کمتر بشه برام ولی نه حوصله دانشگاه رفتن دارم هم اینکه واقعا اذیت میشم صندلی های دانشگاه سخته کمردرد میشم امروز ی کلاس و انقد هی  پاشدم راه رفتم که نتونستم بشینم بنظرتون اگه با استادا حرف بزنم از دکترم‌نامه استراحت بگیرم قبول‌میکنن کلاسارو‌نرم یانه هیچجوره نمییخوام مرخصی بگیرم
لعنت ب شرایطم اصلا حوصله هیچی حتی همین ک برم بااستادا حرف بزنممم ندارم😖😭 حس میکنم افسردگی‌گرفتم‌فقط دوست دارم دراز بکشم گریه کنم ولی بازم‌اروم‌نمیشم کل ۲۴ساعت۵ساعتم‌ نمییخواببم‌همش خستم ولی خوابم‌نمیبره تادیروقت همش فکرم مشغول‌همش دلتنگ بابامم😭",7.74074074074074
thread_13537479_starter,"ماه آخر بارداری ام
اونقدر درد دارم که حال هیچ کس و هیچ کاری و هیچ چیز و ندارم
همسرم اصلا و ابدا بهم توجهی نداره
قبلاً زیر دنده سمت چپم درد میکرد ک خوب شد
الان پهلوی چپم و زیر دنده راستم درد می‌کنه طوری که شبها نمیتونم بخوابم
نمیتونم زیلد بشینم
اینقدر به معده ام فشار وارد که حتی نمیتونم غذا بخورم یعنی همش حس میکنم سیرم
دستشویی ام برم اینقدر بهم فشار وارد
که دفع کامل ندارم
خسته شدم دیگه
چرا بچه آوردن اینقدر سخت
از طرفی نگران زایمانم با این همه درد سختی و رنج
حس میکنم جون زایمان کردن ندارم
خواب که برام آرزو شده نمیتونم درست حسابی بخابم
مدام درد دارم
دکتر رفتم بهم هیوسین و منیزیم ساشه ای
و شربت ملین داد
انگار نه انگار
دلم روحیه خوب میخاد دل داری میخاد همسرمم که رنگ پریده و پوست تیره دوران بارداریم و میبینم به جای درک بدتر ازم سرد شده 🥺",8.37037037037037
thread_16936006_starter,کلی نزر نیاز کردم حامله بشم و شدم رفتم دکتر گفت احتمالن دوقولو هستن خیلی استرس گرفتم که جنسیتشون چیه به یه خانمه زنگ زدم با قرآن کار می‌کنه بهم گفت جنسیشتون دختره جفتش خیلی ناراحت شدم دوس دارم هم پسر داشته باشم هم دختر ته دلم خالی شد دستام داره می‌لرزه تورخدا یه چی بگین آروم شم خدا منو ببخشه فقط بچه هام سالم باشن کافیه ولی کلی نزر کردم پسر دختر باشن این خانومه همیشه برا من راست میگه چیکار کنم نظر شما چیه,5.481481481481481
358663611,"اتفاقا وقت گرفتم شنبه برم پزشک زنان معاینه بشم
با یه دکتر هم مشورت کردم گفت آزمایش بتا رو یکبار دیگه تکرار کن دارن از ترس و استرس میمیرم خدا میدونه چقدر گریه کردم😔😔😔",6.7407407407407405
thread_14406030_starter,"بعد همون مادرشوهر پرش کرده زن باردار 9 ماهه رو الان به گریه انداخته چی باید گفت؟؟؟
به شوهرم گفتم از مامانت نمیگذرم آنقدر که میگه قناعت قناعت تو آنقدر خسیس شدی
منه باردارم 3 ماهه خونم گوشت ندارم تا حالا پرسیدن کم و کسری داری؟ شوهرم میگه از من پرسیدن من میگم اره میخرم از قصابی 🙄
خانوادش فکر میکنن من با ده تا دست میخورم اونا موندن 😭
دارم میمیرم از غصه...
شوهرم آنقدر خسیس شده حد نداره پاهام ورم کرده کفش نمیخره سوتین و میبینه کوچیک شده مسخره میکنه میگه ننداز میگم خب بریم بخریم میگه با تو هم نمیشه حرف زد هی بخریم بخریم 😭",7.74074074074074
326489967,شاید حساس شدی اره شاید بی منظوره صمیمیتش با داداشش زیاد بوده الان حس میکنه فاصله افتاده دلش میخواد ی وقتایی دوباره حس صمیمیت قبل و داشته باشه واسه همین نگفته بیای نه اینکه با تو مشکل داشته باشه,1.0
335714089,ای‌وای خواهرم تو چ دل پری داشتی انشالله هم مشکل تو هم مشکل من حل میشه از این چیزا انقد دیدم که حرفایی که گفتی همشون اشنا بود برام خدا زلیل کنه کسایی که همش دخالت مبکنن تو زندگیمون و همیشه با سیاست میان جلو منم نمیدونستم که خانواده شوهرم انقد خسیسن وگرنه باهاشون وصلت نمیکردم فکر میکردم دیگه راحت میشم انگار فقط از خونه بابام فرار کردم تا ب این پناه بیارم فک میکردم خوشبخت میشم نمیدونستم اینجوری الانم با بچه دیکه هیچ کاری نمیشه کرد شدم اسیر تا آخر عمر باید بسوزیم بسازیم لعنت بهشون,7.111111111111111
408846718,پسر ،همون سه هفته نشده بود که فهمیدم سینه هام هم درد میکرد هفته های اول,1.0
thread_16741859_starter,"سلام وقت شما بخیر لطفا اگر تجربه ای دراین زمینه دارید بفرمایید خیلی نگرانم
من تنبلی تخمدان دارم و تاریخ پریودم دقیق نیست ماه قبل شیش تیر پریود شدم پنج مرداد ازمایش بارداری دادم بتام 160 بود دکترم شک کرد به پوچ یا خارج رحمی و خواست تکرار کنم 72 ساعت بعد ازمایش اول شد 297 و پنج روز بعد ازمایش دوم  شد 581 روندش خیلی کنده سونوواژینال دادم پنج هفته و چند روز که نکنه خارج رحمیه و نبود خداروشکر ساک جای مناسبی بود گفت دو هفته دیگه بیا جنین مشخص نیست فعلا
خودم حس میکنم پوچ باشه
به نظر شما احتمال سالم بودنش هست؟",5.7407407407407405
262741341,وای منم شنبه میخوام برم سونو تشکیل قلب خیلی استرس دارم🥲,4.7407407407407405
394426954,همون سلفری کافیه بابا خداروشکر چیز خاصی هم نیست ریسکو زده یک به ۲۵۰ که برای شما یک به ۸۰۰ شده سلفری بده خیالت راحت میشهههه غربالگری دومم لازم نیست بدی استرس بکشی فقط یه دونه آلفا فیتو پروتئینو برو بده که هزینش ۳۰۰ ۴۰۰ میشه,1.0
407272704,"قطره شیر افزا میتونی از داروخانه بگیری، واینکه هرچی بچه کمتر شیر بخوره، شیر مادر زودتر خشک میشه،
درهرصورت با یه فوق تخصص کودک ماهر در ارتباط باش، تا بنیه بچه ت ضعیف نشه",1.0
thread_16036280_starter,"سلام دوستان
من 5 روز پیش رابطه داشتم و از پشت بود الان میترسم حامله باشم
بعد اونوقت زیر شکمم درد میکنه و 10 روز دیگ موقع پربودیمه
تست دادم منفی شد ولی خب میترسم چون منی همون پشت ریخته شد از دکتری پرسیدم گفت احتمال نداره با این شرایط حامله شی ولی سر گیجه دارم و زیر شکمم درد میکنه
میخام قرص اورژانسی بخورم میگن اگ بخوری ممکنه خونریزی کنی ولی اون خونریزیه مال پریوده یا قرص؟
میترسم بخورم خونریزی کنه ولی پریود نشم مثبت شه
اولین بیبی چکی ک زدم بعد 26 ساعت یه هاله خاکستری خیلیییی کمرنگ افتاد ولی امروزی رو. گرفتم کامل یه خط بود ولی دکتر گف الان هر چی بگیری حساب نیست",5.111111111111111
338458980,"این مشکل خیلی خانواده ها هست منجمله مادر خودم بیچاره با هفتادسال سن وملی درد و بیماری باید مادر پیر غرغروشو نگه داره کسی هم نمیاد ببرش همه راحتیشونو می‌خوان
من گفتم براش خونه وپرستار جدا بگیریم هر بچه ای یه سهمی بذاره پولش جور بشه",2.9999999999999996
374719687,"من سر دومی داشتم
جلوگیری هم میکردم ولی خب خواست خدا بود و الان تو شکممه
تقریبا یک روز قبل از موعد لکه میدیدم فکر میکردم پریود شدم ک بعدش قطع شد روز بعدش اومد دوباره قطع شد تا فزدا لکه های خیلی کم و نقطه نقطه ای بود بعدش کامل قطع شد و چیزی نیومد حدود 5 روز عقب انداختم بیبی زدم حاله کم رنگ افتاد  دو روز بعدش زدم پر رنگ شد آزمایش دادم مثبت بود",1.0
412740168,"اگه الان با این وضعیت بخوای جدا شی هرجا بشینه میگه دیدین میدونستم میخواد طلاق بگیره خداروشکر زرنگی کردم همه چیو زدم به اسم بقیه
متاسفانه هیچ راهی نداری باید با سیاست جلو بری اونم اگه جواب بده روش",2.259259259259259
393202611,استارتر منم این روزا را کشیدم دوتا داشتم نا خواسته باردار شدم حال مرگ داشتم غریب بودم بچه ها کوچیکه هیچ کدوم مدرسه هم نمیرفتن.قندوتیرویید داشتم.تا چندین ماه باهاش کنار نیومدم الان چهار سالشه اونقدر عزیزه که قابل گفتن نیست مرتب خودم شوهرم بابتش خداراشکر میکنیم,3.3703703703703702
413310666,"کانالای پر و کس ی چیزی نزاشتن که وصل باشه ؟
من تمام کارم بند تلگرامه 😭",2.111111111111111
401541697,چقدر سوال خوب و بجایی. کی حرف از تربیت زد  خب غریزه جنسی یه واقعیته که اگه از روی عقل و از روی حفظ آبرو و شرافت ازدواج کنی قطعا فقط برای همین مسأله اس. من هیچ کمبودی جز نیاز جنسی نداشتم و ازدواج کردم. از لحاظ مالی و‌خانوادکی از همسرم بهتر بودم به امید داشتن یه زندگی سالم و زناشویی کافی. متاسفانه همسرم سرد مزاج بود و من گرم مزاج.  من ۲۶سالم بود و حق خودمو نمی‌دونستم متاسفانه همش سرکوب میشدم و بلد نبودم نیازمو مطالبه کنم. همسرم مرتب شونه خالی میکرد  دعوا هامون شروع شد و بارها بخاطر همین موضوع دعوا کردیم من میگفتن تو مشکل داری اون می‌گفت من سالمم. خلاصه اینکه بعد از زایمان به شدت منم سرد شدم. قضیه برعکس شد. همسرم شروع به اعتراض کرد منم با پوست کلفت روبروش می ایستادم و میگفتم حقته. کلا بهت بگم ما ازدواج میکنیم ولی قبل از ازدواج از همه چیز حرف می‌زنیم جز اصل کاری. شما خجالت نکش و حتما این موضوع همون اول مطرح کن. به نظرم هیچ اشکالی نداره,4.111111111111111
325158821,وای من فکر کردم که قراره نه ماه غذا بهت بده.حق میدم بهت و کاملا درک میکنم.دو هفته واقعا چیزی نیست.اسمون به زمین نمیومد.به خدا اگه همسایه ما بودی هر روز بیشتر غذا درست میکردم به توام میدادم.اشکال نداره ناراحت نباش دیگه کاری نمیتونی بکنی,1.0
thread_13158430_starter,"من ۶ هفته بچه ام سقط شد
فردا میرم دکتر ببینم چی میگه اولش خیلی خونریزی داشتماما الان قطع شده۶ اسفند سقط شد۳۶ سالمه و بعد ۸.۹ ماه اقدام باردار شده بودم",3.7407407407407405
thread_17666523_starter,سلام دوستان من شوهرم دوماهه پیشم نیست قبل از اون تو اقدام بودم ماه اول که شوهرم رفت من هفت روز عقب انداختم است هام هاله میانداخت وبتام 12/5بود سه روز بعد از بتام پریود شدم و دوباره که آز دادم بنام 2/5بود و دکتر گفت حامله نیستی الان این ماه بیست روز عقب انداختم و سونو گرفتم روز 14تاخیر نه بچه بود نه کیست و هیچ مشکلی نبود بی بی چک زدم روز ششم منفی بود هنوزم پریود نشدم الان فقط یکی دوروزه پهلوی راستم یه درد کوچولو داره دیگه هیچ دردی ندارم میشه راهنمایی کنین چیکار کنم یه ساله اقدامم,4.7407407407407405
385382931,آخه دکتر خودم تهرانه من جنوبم بیمارستان تهران که آی وی اف کردم زنگ زوم  گفتن داروهات قطع کن داروهام هم مختص سقط مکرر هست مشکل انعقادی و ایمنی داشتم اما رفتم بیمارستان جنوب یه دکتر زنگ زدن و گفت فقط پروژسترون ادامه بده فعلا نمیتونیم بگیم خارج رحمی هست یا نیست چون با این تیتر چیزی مشخص نمیشه حالا موندم منی که داروهام برا مشکل انعقادی و ایمنی مهمه قطع شده و این دکتر جنوب که بیمارستان بهش زنگ زد گفت فقط همون شیاف بزنه اونارو نمیدونم باز ب تعطیلات خوردم نمیتونم زنگ بزنم بیمارستان تهران که آی وی اف کردم 🥲🥲🥲🥲,6.111111111111111
382780811,"می‌تونست خصوصی ازت بپرسم
ممکنه مخالفتشان رو می‌خوان عنوان کنند
به هر حال خودت بهتر میتونی این حس رو از خودشون بگیری که چه منظوری داشته
ممکن هم است عذرخواهی میکنم آدم نفهمی باشه که نسنجیده صحبت کردن عادتش باشه
اگر داماد شرایط خوبی داره میتونی بیشتر تامل کنی",1.0
310547458,"۱۴۰۱ دوازده تومن بود
البته با دکتر هماهنگ میشی اون دو تومن میگیره برات مینویسه سزارین هزینه بیمارستان ده تومن بود",1.0
355964555,شب اول قبر نکیر ومنکر میان .برای کسی که باخدا بوده آسونه و برای کسی که گناهکار بوده سخت,1.0
287876131,ن عادیه شکم داره جا باز میکنه نگران نباش,1.0
thread_17541071_starter,"سلام خانوما امروز آزمایش خون دادیم 4 هفته بود دکتر گفت با توجه به عدد بتا جنسیت بچه 80 درصد دختره
عدد بتا رو خودم فعلا ندیدم چون تلفنی جواب رو گفت
کسی از شما بوده که با آزمایش خون و حدس عدد بتا و ... جنسیت همونی که گفتن باشه؟",1.3703703703703702
411046837,"وای مرسیی بخدا هزاران هزار بوس بهت از همینجا
تو مصر باستان تعیین جنسیت نوزاد از روی ادرار مادرش انجام میشده ، یکم گندم و یکم جو جداگونه میکاشتن و ادرار خانوم باردار رو روی بذر ها میریختن و صبر میکردن ببینن کدوم زودتر جوونه میزنه
اگه گندم زودتر سبز میشده بچه دختر بوده
اگه جو زودتر سبز میشده پسر بوده",1.0
thread_8858733_starter,من تازه هفته هشتم بارداریم ولی بدجور ترس اومده تو بدنم ینی با یه صدای کوچیک یهو دلم میریزه یارزیر دلم تیر میکشه. نمیدونم باید چیکار کنم بعد که میترسمم خون  ابه میاد ازم یکم. کسی بوده لینجوری بوده چی خربه برام  خیلی داغوم,6.111111111111111
thread_14718368_starter,"سلام دوستان من به حساب پریود شش هفته و پنج روزم بود رقتم سونو بهم گفت ساک و کیسه زرده هست اما جننین نیست سن حاملگی ام پنج هفته و شش روژ گفت .گفت ده روز دیگ بیا سونو کنترلی ‌من هشت هفته شدم روژ نهم رقتم سونو .گفت چیزی ک من میبینم شش هفته و دوروزه قلبم نداره .از نظر من تموم شدش ‌بعد گفت دقیقا ده روز شد اومدی منم گفتم امروژ روژ نهمه گفت باید ده روژ میومدی .ولی وو برگه نوشته miss abortion
نظرتون چیه به نظرتون امیدی هست .
علائم خاصی هم ندارم .لکه بینی هم ندارم اینم یگم من ۲۶ ام مثلا باید پریود میشذم .لقاحم بین ۱۵ تا ۲۰ اتفاق افتاده",5.481481481481481
thread_14488234_starter,"خانومایی که تازه باردارن من شش هفتمه
شکمم خیلی درد میکنه انگار که پری میخواد بیاد اونطور درد میکنه و راه که میرم خیلی ترشح میاد
کمرم درد میکنه
همه حالتهای پریودی رو دارم نگرانم یعنی سقط میشه",5.111111111111111
392283087,"اره دختر عمه شو میخان
ولی بهونه الکی در میارن
اینکه محجبه نیستم
و پزشکی رو میگن خوب نی😐(بهونه الکی)",3.3703703703703702
386392534,نه از لباس بچه بدم میاد مامانم گفت چندتا لباس براش گرفتم نگاه کن تهوع گرفتم 🥲,2.0
thread_17533093_starter,کسی با این شرابط بوده که بچه اش به دنیا اومده باشه و مشکلی نداشته باشه؟,1.7407407407407407
thread_15186766_starter,"سلام من امروز قرص مصرف کردم خونریزی شدید شروع شد تقریبا زیاد بود
بعد یه چند تا تیکه اندازه ناخن لخته اومد
یه تیکه زرد رنگ ژله ای هم اومد
دسشویی که نشستم این ازم اومد بیرون اومدن برش دارم که جدا شد از هم
هر کی بدش میاد نیاد تورو خدا",4.37037037037037
255921942,"منم شرایط شمارو داشتم با یه بچه کوچیک که هنوز ۲ سالش نشده بود
ولی ۶ هفته سقط شد میدونم گناهه ولی خیلی خوشحال شدم قربون خدا برم",2.0
264122188,من واقعیت دکتر گفت تا سه ماه نداشته باش و ب همسرم نگفتم الآنم چارماهمه و رابطه داریم .اگر نگرانی پوزیشن هایی انتخاب کن ک عمیق نباشه و اینکه روش جلوگیری داشته باشین یا ک.ا.ندوم یا طبیعی میگن منی باعث میشه دهانه رحم باز بشه کسی ک میخاد طبیعی زایمان کنه میگن جلوگیری نکنه ک راحت بشه زایمانش البته ماه اخر,1.0
thread_8062253_starter,"کسی بوده ک پاپ اسمیرش مشکوک بوده باشه وتستhpvمنفی؟
خاهشاکسایی ک نمیدونن جوابای بی ربط ندن",2.7407407407407405
thread_6092049_nazli_jooon_1399/12/25 23:20,"عزیزدلم از ابراز علاقه نترس
حتی اینکه آدم رو رد کنه از بلاتکلیفی بهتره
( عاشقم گر نیستی ، لطفی بکن نفرت بورز بی تفاوت بودنت هر لحظه آبم میکند )
.......
من پسر همسایه مونو دوست داشتم که بابا هامون دوست بودن و خودشم از من ۷ سال بزرگتر هر لحظه ممکن بود بره بهشون بگه ،
اما تو ۱۸ سالگی ی دفتر برداشتم چند صحفه متن و نقاشی عاشقانه کشیدم
ی صحفه هم حرفامو زدم و گفتم من دوستدارم و مطمعنم اگه باهات باشم خوشبخت ترین خواهی شد چون کسی اندازه من دوست نداره
و همین باعث اشنایمون شد
چندماه اول دوسم نداشت حتی یکی دوبار بهم خیانت کرد
اما کم کم وابسته شد و عاشقم
و الان دقیقا ۲ سال و ۱ ماه و ۱۵ روزه که ازدواج کردیم
البته ۱ سال و ۸ ماه و ۹ روز هم دوست بودیم
سوالی داشتی در خدمتم",1.0
309505551,"جنگجوی درون
علاوه بر اینکه انگیزشیه شدید خیلیم آموزندس
من فیلم های انگیزشیو یکبار فقط میبینم ولی اینو خیییلی دیدم چون هربار که میبینم یه چیز جدیدی ازش یاد میگیرم
خیلی کمکت میکنه رو ذهنت کار کنی",1.0
thread_17964171_starter,آیا طبیعی قبلا اینطوری نبودم دو سه ماهی هست اینطوری شدم نظرتون چیه,2.0
335950553,"ازمایش امینوسنتز جنین رو از لحاظ ژنتیکی بررسی میکنه باگرفتن مایع امینوتیک از شکم مادر، من این ازمایش رو انجام دادم و مشخص شد که کروموزوم ۲۱ رو یکی بیشتر از حد نرمال داره، به عبارتی بچه بچای ۴۶ کروموزوم ۴۷ کروموزوم داره
البته هم دکتر پریتانولوژیست و هم دکتر ژنتیک ازمایشگاه که پیششون مشاوره شدیمگفتن دلیلش فقط و ففط تقسیم سلولی میتوز اشتباه هست و هیچگونه مشکل ژنتیکی ندارید
فقط اگر بارداری بعدیت امینوسنتز شدی و باز هم سندروم دان‌بود اونوقت مطمینا یا خودت یا همسرت نقص کروموزومی دارید! که اینم احتمالش بسیار کمه و شاید کمتر از ۵درصد!
البته احتمال سندروم دان هم ۱ در ۱۰۰۰ بود😭😭😭",3.4814814814814814
288153945,یه ذره این مردا سواد داشتن و اطلاعاتشون رو در مورد این مسائل بالا میبردن این مشکلات پیش نمی اومد خیلی ببخشید ابن مردا از زندگی مشترک و زن فقط بغل خوابی رو آموزش دیدن؟! عزیزم خودت رو سرزنش نکن این حالی که داری کاملا طبیعیه بخاطر شرایطی که توش هستی اونه که باید درک کنه بشین باهاش درموردش حرف بزن نه با گریه نه با دعوا خیلی منطقی و محکم,1.0
413228226,"اینجوری نیست که همیشه باشه که.چند وقت یبار عود میکنه.چندروز هست بعد دوباره خوب میشه.ممکنه توی بعضیا چندسال یبار.یا حتی اصلا عود نکنه.ولی هردفعه که عود میکنه از دفعه ی قبل ضعیف تر میشه.ولی همیشه توی بدن هست و قابل انتقاله
تعداد عود کردنش بستگی به سیستم ایمنی بدن داره",1.0
thread_16607522_starter,کاربری دیگمو میگم .اون شروع کرد و اون هم توهین کرد و من جواب دادم حالا چنان خودشو به قربت بازی زد اومدن منو تعلیق کردن😐😐😐😐,4.0
thread_13408817_starter,شاید از دعاهای شما این لجن بمیره خسته شدم,5.7407407407407405
thread_15684453_starter,امروز رفتم سونو واژینال طبق پریودی ۸هفته هستم اما سونو گفت ۶هفتم قلب تشکیل نشده و هفته آینده تکرار کن آخه چرا من دوبار سقط داشتم بخاطر تشکیل نشدن قلب چرا بار سوم دوباره تشکیل نشد😭,5.851851851851852
407524921,"عکسشو گذاشتم گفته منتشر بشه ....صبر کن تا بیاد
از این خوشگلتر شده بود یه کم بد افتاده 😅
فووووووووووق العاده شده بود ، فقط خب شکر خیلی کم زدم با این وجود قندم ناشتا امروز کمی بالا رفته بود ....خود آلو ممنوعه برای دیابت دیگ یه قاشق سر خالی شکر زدم تازه نه پُر
حتما حتما بذار نرم بشه آلو هات ، در حد له بشه ، کامل هم بذار جای بیفته ، شیرین هم کن ، یه ذره هم سیب پوره کن داخلش
با گوشت چرخی هم بذار
مطمعنم خوشت میاد
هنوز دوست دارم بخورم 😭",1.6296296296296298
thread_16668624_starter,"سلام دوستان لطفا هرکی میتونه کمکم کنه
من بعد تأخیر پریودیم تست زدم مثبت شد آز خون دادم که نشون داد باردارم
ده روز پیش افتادم به لکه بینی ولی درد نداشتم رفتم پیش یه دکتری گفت که خانم سقط کردی
اما شک کردم که سقط بدون درد هم مگه ممکنه
رفتم پیش یه دکتر دیگه سنو شکمی و واژینال انجام داد گفت که ۴ هفته و ۲ روزه بارداری دکترم برام شبی یه شیاف پروژسترون از واژینال داده الانم سه چهار روزه که لکه بینی تبدیل شده به خون ریزی شبیه پریودی
خیلی نگرانم نمیدونم عادیه یا نه
و اینکه آزمایش تیتر بتام واسه ۴ هفته شده ۸۳۰ آیا این عدد برای این سن خوبه یا نه",5.481481481481481
349440063,من خیلی تلاش کردم بخدا.از اول بارداریم بهش گفتم.گفتم تو فکر منو نکن من نمیذارم تو اذیت بشی از لحاظ جنسی،مراقب خودمم هستم اتفاقی نمیفته.خودش ازم فاصله میگیره تقصیر من چیه,4.7407407407407405
378887535,عزیزم تا خوب نشدی باردار نشو منم این حملات داشتم موقتی خوب شدم باردار شدم الان بچه امو داغون کردم از استرس خواهش میکنم تحت نظر روانشاس و روانپزشک باش و اطلاعاتت و از بارداری به اندازه نرمال ببر بالا بعد باردار شو تا مثل من اذیت نشی من همین امروز کلی زار زدم سر یک چیزی که استرس داشتم,7.111111111111111
334254329,خوب کاری کردی دیوار و پاک کردی. اصلا کاری به رفتار شوهرت نداشته باش، برای خودت ارزش قائل باش به تن و نفس خودت خیانت نکن. به بچت خیانت نکن. شخصیت خودتو عوض نکن هیچوقت به خاطر محبت نکردن شوهرت. موفق باشی عزیزم 🌱🌱,1.0
thread_17353407_starter,من ۲۴ شهریور آخرین پریودم بود شنبه رفتم سونو گفت سن ساک ۷ هفته و ۴ روز سن جنین ۶ هفته و یک روز ضربان قلب ۷۴ . دکتر سونو گفت هفته دیگه بیا دوباره سونو بده شاید جنین هنوز کوچیکه دکتر خودم که رفتم گفت خیلی ضربان قلبش پایین بهم شیاف و قرص داد گفت برو ده روز دیگه بیا گفتم یعنی سقط میشه گفت نه ما هنوز بهش امید داریم ولی خیلی بهش دل نبند . حالا هی به خودم دلداری می دم همین که قلب داشته خوبه کوچولو بوده هنوز ولی خیلی استرس دارم . دق میکنم تا یه هفته دیگه . چربی شکمیم زیاده یعتی تاثیر داره تو شنیدن تو صدای جنین . کسی تجربه نداره تو خودش ید اطرافیان,6.481481481481481
thread_12564933_کبوترصلح_1402/09/15 05:12,"میتونی پرستار شبانه روزی سالمند شی یه مدت
سخته ولی برای شروع چاره ای نیست اگر جایی نداری",1.6296296296296298
409972701,"خود کمخونی با ارثی فرق داره
من خودم مینورم ینی ارثی
آزمایش ازدواج دادیم شکر خدا همسرم مشکل نداشت
فعلا عروسی نکردیم بچه بیاد",1.0
thread_18118732_starter,میمیرم براش اینقدرررر ماهه😭😭😭🥲🥲 بادم براش در میره نفسم به جونش بستس🥲🥲😭😭😭,1.0
thread_15832348_starter,"دوستان 5 هفته و 2روزم
احساس خیسی بهم دست میده هی فکر میکنم ترشح یا خدایی نکرده لکه ای چیزی میاد اما دستمال میکشم خشکه
و اینکه چند روز اسهال گرفتم و دل پیچه
طبیعی هستن اینا؟
علائم خاصی دیگه ندارم گاهی سینه هام سنگین و سفت میشه گاهی شل",3.7407407407407405
407783381,عزیزم اتفاق بد تکرار نمیشه .....انشالله که فردا میری و همه چی عالیه بیا اینجا به منم بگو .....منم بی بی میزنم با فاصله یک ساعت هاله میندازه دو روز به پریود مه برام دعا کن,2.3703703703703702
413548803,"اولی قلبش تشکیل شد اما توی هشت هفته گی افتادم لکه بینی خونریری سقط شد دومی که با آی وی اف شدم اصلا قلب نداشت ..
الانم با آی وی اف باردارم ..هنوز سونوی قلب نرفتم",4.111111111111111
413948122,فاصله هم میگیرم میگه تو چرا با ما صمیمی نیستی ما تو رو مث دختر خودمون دوست داریم ولی تو کم رفت و امد میکنی😑,3.3703703703703702
406236529,من خیلی معده درد شدید میشم,3.7407407407407405
402118160,میدونم سخته خودمم دلم نمیخاد ولی من الان باید داروهای قوی بخورم بخاطر بارداریم نمیتونم ن عکس بگیرم ن داروهای قوی تر بخورم.,3.7407407407407405
413991219,"پارتنر کسیه که برای زندگی انتخابش میکنی و باهاش حس عشق و دوست داشته شدن رو تجربه میکنی و برای ایندتون برنامه ریزی میکنی و تلاش میکنی
خواستگار کسیه که تورو مثل یه میوه جدا کرده پسندیده و قراره برای به دست اوردنت پول خرج کنه",1.0
thread_16092036_starter,من ۵ هفته ام ۶ روزه لک میبینم دیشب یه لخته اندازه نخود دفع کردم از بعد اون ترشح خونی چسبناک دارم یعنی ممکنه سقط کنم؟ به دکترمم زنگ زدم گفت شیاف هر ۱۲ ساعت بردار اگه تا دو روز خوب نشدی برو بیمارستان تروخدا اگه کسی مثل من شده بگه الان نمی‌دونم سقط کردم یا نه بلاتکلیفم,6.111111111111111
253590597,"خداروشکر
نی نیت چیه عزیزم چرا تکون نمیخوره تو هفته ۲۲ باید تا حدودی حسش میکردی من هفته ۲۱ قشنگ حرکاتشو حس میکنم از ۱۸ هفتگی",1.0
402465728,"من وقتی بیبی چک گذاشتم یک هفته تاخیر داشتم
با تاریخ پریود  میشدم ۶ هفته و دکترم گفت ۲ هفته دیگ برو سونو قلب. ۸ هفته با تاریخ پریود ک رفتم تااااازه گفت جنین ۶ هفته است
یعنی دو هفته پیشش طبق تاریخ لقاح من چهار هفته بودم😂😂😂🤌🤌",1.0
364481657,واقعا چقدرتاپیکهای این شکلی زیاد شده حقشونه باردار باشن  وقتی میرن شلوارشون رو پیش پسر غریبه پایین میکشن تا درس عبرت برای بقیه شه,2.0
413218743,"بحث پختگی و اقتضای سنه دیگه
طرف تو ۱۷,۱۸سالگی هیجاناتش زیاده چون باید بره دنبال تجربه کردن و یاد گرفتن بیشتر و از طرفی هم چون بلوغ کمتری داره واسه همه چیز واکنش شدید تری نشون میده
ولی خب ادم سنش که بالاتر میره ارام تر میشه و منطقی تر دیگه واسه همه چیز واکنش شدیدی نشون نمیده
اما اینو با افسردگی اشتباه میگیرن
در حالی که افسردگی کاملا فرق داره",1.0
347156672,الان هر دو روز میرم آز میدم دستام همه کبوده سونو اینام که نگو هر هفته یا دوهفته میرم,4.0
405716550,همه اینجا میدونن من خانمم ثابت شده هم هستم شما نگران جنسیت من نباش اسمم ه همینه تغییر هم نمیکنه اگه مشکل داری به مدیر سایت شکایت کن 😂,2.0
402204178,"من کیست ۶  سانت داشتم متوجه نبودم
ولی خیلیم چاق نشدم
قدم ۱۶۷ مثلا وزنم همون ۶۰ ۶۲ شد نهایت",1.0
thread_17238423_starter,"بچه ها من شوهرم عاشق دختر بود خیلییی دوس داشت دختر باشه بچمون و تعیین جنسیت شد و بچم پسر شد
خودش خیلی خوشحال شد ولی مامانش اینا همش میگن کاش دخترشده بوده
شما بودین چی میگفتین خیلللی ناراحت میشم 😥",3.3703703703703702
thread_14412953_starter,"دوستان حساب قبلیم معلق شد بخاطر تاپیکیه زدم و بسته شد
میشه اینجا راهنماییم کنید لطفا
دوستان من هفت ماه پیش یه رابطه داشتم و خودم ترس از بارداری دارم رابطه از مقعد و محافظتی نبود و آقا حین رابطه چندبار به واژن برخورد داشت ولی دخول واژنی نبود
تو این هفت ماه من پریود شدم شیش روز کامل ولی سیکلم از اون مدت تغییر کرده همیشه سر 28 روز پریود میشدم الان شده 26 28 30 روزه و الان یک هفته سر معدم درد میکنه و حالت تهوع ببخشید وباد گلو هم دارم احتمال داره باردار باشم بارداری پنهان ؟
لاغر هم هستم کلا 41 کیلو و تغییر وزنی نداشتم تو این مدت میشه راهنمایی کنید خیلی ترسیدم",5.111111111111111
thread_17989073_starter,"بنظرتون ممکنه بدتر ریزش کنه موهام
موهام خشکه و یه کم وز خواستم پروتئین کنم از ریزش مو میترسم.قبلا کراتین کردم داغونم کرد دیگه گنجایش ندارم باز ببینم موهام میریزه",3.4814814814814814
404055089,دکترم عوض کردم,1.0
413972004,منم همین حسو دارم ۲۱ سالمم هست متاسفانه نه میشه خونه گرفت نه ازدواج کرد باید باهاشون تا ابد بسازیم,4.7407407407407405
thread_16141064_starter,"چندروز‌رژیم‌بثدین
جیا خذف بود براتون
چندکیلو‌وزن‌کم‌کردین
فست چندساعته بودین چندروز در هفته
بنظرتون‌اثر‌داشته",1.0
355019945,"سلام من ۹ هفته ام
اصلا تهوع مداوم و تنفر غذایی ندارم
فقط با بوی سیر و پیاز و یسری غذاها اوق میزنم
هیچ علائم اذیت کننده ای ندارم
جز اینکه بی اعصاب و بی حوصله ام
همه میگن خوش بحالت راحتی
ولی دیگه واقعا نگران میشم وقتی میبینم شماها اینقدر سختتونه
پس چرا من اینجوری نیستم😐😐😐",2.7407407407407405
thread_15296607_starter,"من‌ادم‌بشدت زیاد مقیدی بودم نماز اول‌وقتم ترک‌نمیشد وقتی پذرم‌فوت شد یجوری از خدا دلخور شدم قهر کردم دیگ‌نماز نخوندم بابام‌اومد خوابم بهم کفت نمازت بخون خیلییی مهمه اولین چیز اخرین چیز‌مهمترین چیز اینجا نماز فقط نمازمهمه بیدار ک شدم دقیقا داشتن اذان ظهر میگفتن همون لحظه نماز‌خوندم تا چندوقت نمازم میخوندم بعد یمدت باز نخوندم دیگ انکار نخوندنش برام عادت شد قبحش ریخته بود
هی یدوره میخوندم ی دوره نه چندروز تصمیم‌گرفتم‌حتما بخونم ک ی مشکلی پیش اومد نشد دوباره امروز که خوندم قسم خوردم دیک ترک‌نکنم الان پریود شدم اعصابم خورد شد پلم میخواست حداقل ی هفته بخونم ک دوباره عادت بشه برام😭😭",4.7407407407407405
325706321,خیلی دلتنگشم وقتی فکر میکنم پارسال چ ذوقی داشتم کیک درست کردیم رفتیم پیشش😭😭😭,1.7407407407407407
thread_11242037_starter,میگن اب پز کنی ۲ دقیقه خواصش میره خام‌خواص داره,1.0
thread_16169469_starter,"سلام خانوما کسی بوده با وجود تزریق سرم ivig و امپول انوکساپارین.قرص پردنیزولون و کپسول ساندیمون و...بازم جنینش سقط شده باشه؟
با وجود مصرف همه اینا بازم جنینم درست سره هفته ۱۰ ایست قلبی کرده دیگه نمیدونم چه خاکی بسر کنم😭
رحمم یکم دوشاخه ممکنه از اون باشه؟واقعا نمیدونم دیگه چخاکی بسرم بریزم درمونده شدم توروخدا اگه میدونید راهنماییم کنید😭😭😭",7.111111111111111
362760153,گناه داره وقتی پشیمون شده بابات هم زیاده روی کرده بنظرم ارتباط با خانوادت کم کن,1.0
thread_13478193_starter,خواب بودم داشتم خواب بد میدیدم بعد ی هو صدای شوهرم اومد ک داره صدام میزنه کامل توی گوشم صدام زد با مهربونی چشم باز کردم دیدم کسی نیس شوهرمم رفته سرکار،چنان قلبم داره میکوبه حس میکنم الان کنده میشه،قبلا هم بوده با صدای شوهرم اسممو صدا زدن این چیه ک تو گوشم حرف میزنه,4.851851851851851
376618423,سابقع خیانت داشته بعد میگی گفته عاشقتم؟چقد خودتونو میارین پایین قیدشو بزنن بابا,2.0
348090282,ظرفارو هم همیشه باید میشستم حتی یه سری مهمون داشتن یه عالمه ظرف بود منم زیاد وایمیستادم کف پاهام درد میگرفت چون خیلی اضافه وزن پیدا کرده بودم تو حاملگیم بعد قابلمه بزرگ کردن ظرفارو گذاشتن زمین که من بشینم بشورم دو هفته بعدش زاییدم در این حد،،بعد دختر خودش که حامله بود موقع مهمونی یه گوشه دراز میکشید,5.37037037037037
387953509,"منم لگن درد بدی دارم قسمت چپ
انگار اتیش میگیره توش مخصوصا موقع نشستن بلند شدن",3.3703703703703702
315642970,اگه کمتر بخوری چن کیلو لاغر میشی؟؟۶۴ کیلوااامممم. میخاممم۵۶بشممممم☹️😭😭😭,4.37037037037037
thread_7136669_mamy_reyhan72_1400/06/05 20:39,عزیزم نرو، اختیار زندگیت بذار دست خودت باشه تو دیگه مادر شدی باید محکم باشی، نذار برات تصمیم بگیرن. حتی نذار تو بچه داریت دخالت کنن، منم اوایل بچه م دنیا اومده بود تجربه نداشتم خیلی اذیتم کردن، این بچم بدنیا بیاد اگه دوباره حرفا و دخالتا ادامه داشته باشه دیگه رنگ منو بچمو نمیبینن,3.4814814814814814
thread_15470452_starter,قرص تاوانکس ۵۰۰..برای چی مصرف کردید؟,1.0
381577330,منم سر بارداری اول تا آخر ماه ششم ویار داشتم وزن کم می‌کردم و هیچی نمی‌خوردم وزن بچه هم خیلی کم بود ولی سه ماه آخر که بهتر شدم و خوردم زود وزن گرفت و با ۳۸۰۰ گرم دنیا اومد نگران نباش خوراکت خوب بشه وزن اضافه می‌کنه,1.7407407407407407
285475006,یعنی زایمان طبیعی نکردی؟ با وزن کم کردن گ.... نمیشه اگر خیلی عضلاتت شله برو باشگاه ورزش کگل هم شنیدم خوبه جراحی لازم نداری حساس شدی,1.0
379865792,"نمیدونم
هر وقت مخالفت کنم با حرفش  جواب فوشاش نمیدم و زورش میاد این طور با روانم بازی میکنه",5.111111111111111
thread_10368237_wetdh_1401/11/26 17:05,"وای نه ترو خدا من جات بودم براش همه چی ابی میگرفتم
برای دخترم از از جوراب بگیر تا کلاه همه چیش صورتی گرفتم باورت میشه اگه اینم دختر بشع بازم نمیتونم از سیسمونی دخترم استفاده کنم دلم میخواد دوباره همچی نو بخرم منو شوهرم هیجا نشده سر همین موضوع بحث داریم میگه فقط لباس جدید و حوله میخرم ولی من قانع نمیشم نمیدونم شاید پدرم برام کم گذاشت عقده شده تو دلم",3.3703703703703702
thread_18096858_starter,"سلام دوستان کم خونیم 11 تا 11ونیم هست امروز ازمایش ازدواج دادم نگرانم بنظرتون گیر میدن؟ پسر هم فک میکنم کم خونی نیس توروخدا جواب بدین نگرانم
MCV72 MCH22 مال من هموگلوبین همینطور ک گفتم  بین 11تا 11.5",4.37037037037037
thread_11421164_starter,"همیشه خشمگین و عصبی ام
کنترل خشم ندارم
همش دادو بیداد
متاسفانه دستم هرز شده با کسی دعوا کنم میزنم
خدا منو بکشه نمیشه دوکلمه باهام حرف زد
برای خودم متاسفم😭بچم ازم میترسه",7.74074074074074
thread_17145910_starter,دکترم گفته ۱۲قرص بزار زیر زبانی ۸تاشو گذاشتم درد دارم لرز دارم ولی لکه بینی خیلی کم دارم چسکار کنم دیگه جون ندارم چرا خونریزی نمیکنم,6.7407407407407405
thread_13190277_starter,کسی بوده بچه ها ک سلفری سندروم ترنر یا همون اختلال کروموزومی تشخیص داره باشن ولی بعدش امینو سنتز بده هیچی نباشه؟؟؟توروخداااا,4.111111111111111
413215750,چطور زیر اسمم زمان سنج هفته بیاد برای بارداری ؟همین نموداری که هفته هارو نشون میده زیر اسم پروفایلتون,1.0
320723072,"حرفات درسته
نمی‌دونم واقعا ازدواج به چیه...
تو همین نی نی سایت طرف اومد گفت ارشد دارم ، دکترا دارم، شاغل ،خوشگلم ، خانواده محترمی دارم ، ولی خواستگار درست و حسابی ندارم😑
بعد دوره ازدواج مامان من اینطور بود که دختر ماهی یدونه خاستگارو ‌‌‌‌‌‌‌‌‌‌‌حتماداشت
حالا بحث شوهر خواستن نیست ، بحث اینکه واقعا چه اتفاقی افتاده؟!😐😑😑😑",2.3703703703703702
399930724,چقدر شبیه هم ،واسه منم دومی تو ۵ هفته و ۵ روز متوقف شده بود گفتن قلب نداره،منم خیلی روحیم خراب شده سثط دومم شهریور بود خیلی سخت گذشت ،انشالله بزودی زود دوباره مامان بشیم و اینبار سالم بغلشون کنیم 💕,4.111111111111111
thread_14441712_starter,سلام خانوما .من تیرماه یه رابطه داشتم بعدش پِر شدم شروع کردم قرص ال دی خوردن تواون یک ماه صبحا اصلا حالم خوب نبود بعداز ۱۵روزنوک سینه هام به شدت دردمیکردو میسوخت تا این ک قرصم تموم شد بعداز۵روزپِرشدم .پر شدنای من ۵روزه بود ولی این سری سه روز شدم اونم لک به رنگ صورتی رنگ الان ۱۵،۱۶روزه میگذره کمر دردای شدید بی حالی ضعف خستگی زیر شکمم سمت چپ هی نبض احساس میکنم بنظرتون امکانش هست که باردارشدع باشم ؟؟؟؟,3.7407407407407405
403640111,"پس ببخشید اون هم در این روز فرخنده
آخه دیدگاه های دیگه رو ندیده بودم که مثل من گفته بودن و گر نه رنجوندن به دور از منه!😒",2.0
381257127,"وای سقط نگو
من ناخواسته سقط کردم ببین تا بیان ازم سونو بگیرن و معاینه و.... چند تا نوار عوض کردم دیگه اونقدر حالم بد بود کل خاندان همه میگفتن یلدا چی شده ما هم چون نخواستیم بفهمن گفتم کیست دارم
واقعا همین ک زنده ام تعجب میکنم",6.481481481481481
304365239,منم دوروزه باشوهرم قهرم اون هی زنگ میزنه من جواب نمی‌دم میدم دست پسرم باهاش حرف بزنه.😞,3.7407407407407405
365233322,من جای تو بودم طلاق نمیگرفتم یه مدت تنهایی میرفتم مشاوره شاید یه راهکاری بهم پیشنهاد بده,1.0
401177252,آره متاسفانه، لعنت به من، کیک و شیرینی خوردم این مدت، با شروع بارداری اصلا نمیتونم چای و نوشیدنی گرم رو بدن شیرینی بخورم,2.3703703703703702
381286077,"آره عوارضش ک هس.. اون ماسکا تاثیر داشت ؟
درکل دردش قابل تحمل بود عین پریودیه دردش یا نه",1.3703703703703702
thread_14558422_starter,سلام. من ۲۳ هفته اورژانسی سرکلاژ شدم....۱۰ روز استراحت کاملا مطلق بعد اونم خییلی کم کارای شخصی رو میکنم. ولی سرویس بهداشتیمون پله داره که با احتیاط میرم ... نمیتونم استراحت مطلق باشم چون یه کلاس اولی و یه ۳ ساله دارم.... دکتر فقط بهم شیاف داده شبی یه دونه الان چندروزه حرکت بچه کاااااملا پایینه حس میکنم اندازه‌ یه انگشت فاصله داره تا بیرون اومدن... و طی هفته گذشته گاهی ترشح سفید معمولیم داخلش اندازه یه مو و خییلی گم رگه خونی هست.... میشه اونایی که تجربه داشتید بگید که آمپول نیاز نبوده که دکتر نداده؟ خیلی نگرانم... یعنی تا چند هفته پیش میره؟,6.111111111111111
377391466,"دیگ دستشویی نرفتی؟
اگ رفتی و باز چیزی اومد بیرون شاید سقطه.
سقط بدون درد نداریم
حداقل یکم باید درد بکشی
شیاف پروژسترون بگو شوهرت بخره.
بهش بگو بره بیمارستان و از مامای شیفت بپرسه هر چند ساعت باید مصرف شه.
ب من گف هر 12 ساعت مقعدی.
واژینال هم میشه،ولی سوال کن.
یا زنگ بزن 115",1.3703703703703702
304747045,وای من الان تو ماه اول تحمل این دردای کوچیکو ندارم نمیدونم چجوری میخوام دردای اخرشو تحمل کنم میمیرم😔..خیلی میترسم,4.7407407407407405
310878866,"وا فکر کردم اشتباه نوشتی دو ماه
توی هر اقدام فقط 25% احتمال حاملگی هست ، تا یک سال هم باردار نشی کاملا طبیعیه انتظار چیو داری توی دو ماه ؟
اگه سنتون بالاست و عجله داری به شوهرت بگو بره یه آزمایش اسپرم بده اگر مشکل نداشت بدون هیچ گونه استرسی اقدام کنین
استرس عامل بسیار مهم ناباروریه",1.0
331257380,"خوب لب پارس دیگه یکمی ترسناکه ولی راه جلوگیری نداره
و بچه ای که ب لب شکری مبتلا میشه از هر نظر سالمخ یعنی حتی اگه سونو بگه جنین لب شکریه بازم نمیشه کاریش کرد تا دنیا بیاد و بعد جراحی کنن
امارش دقیق یادم نیس ولی یه ناهنجاری هست که مثلا از هر ۱۰۰۰جنین یکیش اینجوری میشه",1.3703703703703702
thread_16111913_starter,"تریاک فروش بوده  ده سال پیش و کنار گذاشته من الان فهمیدم
آیا این روی زندگی من انتخابم تاثیری داره ؟
نامزدم اصلا اهل دود نیست",3.111111111111111
thread_11853416_starter,"کیا از درد واژنو کشاله ران و کوفتگی کل شکم نمیتونن بخابن شبارو یعنی اسیر شدم بخدا راضی نیسم شب بشه تا خود صبح درد میکشم نمیدونمم از چیه درد زایمان یا بچه داره میاد پایین درد چه کوفتیه شب بیداری میکشم هرشب
۳۵هفتم...",7.370370370370369
355003114,"من اصفهان بیمارستان دولتی رفتم ولی خوب بود
قبلش بپرس ببین کدوم ماما و پرستارها خوبن،صحبت کن فقط همون یه نفر برای معاینه بیاد
به دکترت بگو حتما برای درد یه فکری بکنه،اکثر بیمارستان ها ماسک دارن برای درد،من چون اپیدورال بودم بهم ندادن
کیسه آبجوش هم خیلی دردو کم میکنه،یا خودت ببر یا بگو بهت بدن",1.0
409835725,فراموش که نکردم اما ادم جدیده خیلی تلاش میکنه خوشحالم کنه  و تمام چیزایی که با اون بودم نمیتونستم داشته باشمو با ادم جدید دارم,1.0
383174061,"کم کم عادت کردم و سعی کردم بابروز احساسات بیش از حدخودموعاشق نشون بدم درصورتیکه فقط عادت بود
ولی اونم بادرفت زیرپوستش فکر کردکیه ک من انقدر عاشقش شدم خیانت کرد
خدالعنتت کنه یادم ک میوفته نابود میشم الانم حس میکنم داره خیانت میکنه ولی نمیتونم مچشوبگیرم",5.481481481481481
thread_16844590_starter,خانوما من بیست هفتمه دیشب و چند بار دیگه متوجه شدم تو خواب غلت میزنم و درحالیکه روی شکم خوابیده بودم از خواب بیدارم شدم😥 از صبی از نگرانی دارم میمیرم نکنه له شده باشه یا خدایی نکرده دست و پاش زیر پهلوم اومده باشن چون وقتی بلند میشدم خیلی تکون میخورد😭😭,5.111111111111111
396874219,"واای دلم میخواد پوچ باشه😭
اصلا نمیتونم بهش فکر کنم  شرایط ما هم خوب نیست متأسفانه",4.481481481481481
thread_15171260_starter,من از اول تو سونو هام هم جنین سمت چپ بودالان اول هفت ماهم جنین بزرگ تر شده بازم سمت چپ حرکت دست و پا داره اما همش سمت چپ و ی چیز سفت نمیدونم سرشه توی نافمه من چهار روز درد شدید داشتم این عادیه ک سمت راست بدنم نمیاد ?با بزرگ شدنش درد من بیشتر میشه اینکه همش ی طرفه,4.111111111111111
412181144,"عزیزم خیلییییی بد شدم خیلی 😭😭😭😭😭
اخه ی تقطه ام نخوندم
نهایی شب امتخان فقط میخوندک",6.7407407407407405
thread_18097781_starter,"بچه ها دو عزیز دارم که بیمارن و محتاج شدید به دعاهاتونم
خواهش میکنم براشون دعا کنید منم شمارو دعا میکنم و به نیتتون زیارت عاشورا میخونم
خیر ببینید",3.8518518518518516
407849836,"برای بارداری
بخدا وسواس گرفتم دیگه
حتی نمیتدونم چجوری باید یه دکترخوب پیداکنم خودم اینجا زندگی نمیکردم اخه",4.111111111111111
thread_13792458_starter,"دختربزرگم کلاس اوله و می‌ره دوم امسال هر شب شب ادراری داره  می خوام پوشکش کنم مثلا پریشب قبل خواب رفت دستشویی یک ساعت و نیم بعدش رفتم بیدارش کنم دیدم خیسه خسته شدم و بیشتر از خودم خودش ناراحته
تمام کارها ک تو تاپیک های مشابه بوده خوندم مایعات و سردی نمیدم شب اما مشکل خواب سنگینشه یعنی شدید خوابش سنگینه یعنی تو بارداریم هم همش خواب بود اصلا نمی‌دونستم تکون خوردن بچه تا شش ماه و نیم چیه همش سونو بودم ببینم سالمه مثلا یبار بیدارش کردم بردم دستشویی لباسشو میگم بکش پایین تا بیدار شه خودش میگه باشه اما نمی‌کشه چند بار میگم آخر یا خیس می‌کنه یا من باید بکشم پایین تو روز هم خیس می کنه نمی دونم چی کار کنم سونوگرافی کردم مثانش ضعیف هست دکتر گفته تا نه سالگی خوب میشه میشه کمکم کنید",5.481481481481481
thread_15128442_starter,"من اهل شیرازم دیروز سنو بارداری دارم که دکتر گفت شیش هفته باردارم ولی قلبش هنوز تشکیل نشده دکتر گفت دوهفته دیگه بیا ولی من این بچمو نمیخوام چون از شوهرم که شیشه مصرف میکرد جداشدم تازع فهمیدم باردارم و بچه رو نمیتونم نگهدارم خودمو دیابت دارم وضعیت مالیم ضعیفه خودم هزارتا بدبختی دارم دکتر هم گفت ما سقط نمیکنیم غیر قانونیه الان سع تا قرص هس باید از انوری بخرم که خوراکیه که هر نیم ساعت باید بخورم ولی من تک تنها میترسم که بلایی سرم بیاد بیمارستانی نیس که منو قبول کنن مواظبم باشن برای سفط ؟, بخدا خیلی میترسم دارم اذییت میشم و خانوادمم نمیدونن باردارم اگه بفهمن بخدا منو میزنن میگن چرا ازش باردارشدی مادرم به شدت حساسه رو این قضیه من نمیدونم الان چیکار کنم",8.74074074074074
thread_16869355_starter,"پست قبلی عکسم نیومد
الان عکس میزارم ببینید واقعا قیاقم واقعا بد عنقه",1.3703703703703702
thread_17334488_starter,۸تاخیرم بتادادم ۱۴۴۶بوددو روزبعدمجددهمونجابتادادم اومدپایین شد۱۴۱۴دکترگفت احتمال خارج رحمه سونوواژینال دادم گفت ۲قلوهستن هردوهم داخل رحمن حالادکترمیگه امیدالکی نداشته باش چون بتات پایین اومده کسی تجربه مشابه من نداره؟همش تواستراحتم لک وخونریزی ندارم شیاف هم میزارم بنظورتوامیدی هست اصلارشدبکنن؟هفته دیگه بایدبرم سونوبراقلب,5.111111111111111
412024806,ای خدا بد دردیه هزینه های مطب ها ام خیلی زیاده خدایا ب دادم برس,4.7407407407407405
thread_12372025_zeinabmba_1402/08/14 11:12,"ممنون عزیزم
من الان سه هفته است که دارم عذاب میکشم
انشا...به حق اقا امام رضا بتونم به زندگیم برسم و ارو م بشم",5.7407407407407405
413878719,"هفته ۱۵بارداری عزیزم انشالله که خیر باشه من استرس گرفتم فقط
توی آزمایش زده up to30 یعنی پایین تر از ۳۰باید باشه عددم؟",3.7407407407407405
thread_17986662_starter,"سلام خانما
NTمن ۲.۳۴ هست ولی CRL۴۷.۹۵گفته مشکوک
ازمایش غربالگری دادم گفته کروموزوم ۱۳و۱۸و۲۱ درگیره و احتمال وجود مشکل هست گفتن باید برم ازمایش سلفری بدم
ایا کسی بوده تو این شرایط باشه
بچه الان سالمه یا ن باید سقط کنم",5.481481481481481
411884259,"مردا همینن هیچوقتم درست نمیشن
بابای من نصف شب با تلفن با صدای خیلی بلند صحبت میکنه
یا همه خوابیم لامپ روشن میکنه الکی الکی
یوقتاییم خوابش نمیبره تلویزیون روشن مییکنه نصف شب
کلا مردا تو خونه دیکتاتورن",3.3703703703703702
thread_12074977_پزشک_حاشیه_شهر_1402/06/29 19:27,"جالب کلی من ت  بارداری هوس هیچی نداشتم
تازه من تک و تنها تو شهر غریب بودم تو یه خونه تنها شبانه روزی",2.7407407407407405
332207223,"چرا بعضی از خانمها اینطور کامنت میزارن
آخه بچه دار شدن ایشون به شما چه ،مگه شماها می‌خواید خرجشو بدید ،جرات نیست یکی درد و دل کنه همه این جمله مسخره و تکراری تکرار میکنن پول نداری بچه نیار ....خواهشاً درست صحبت کنید ،ایشون مگه گفته لنگ نون شب ،
میگه خونه خریدم ،از مادرم طلا قرض گرفتم ،خوب کار برادر و مادرت واقعا بد بوده یعنی نمی تونست تا دو ماه صبر کنه ...الآنم غصه نخور اتفاقیه که افتاده بنظرم خانوادت فقط ارزش خودشون رو پایین آوردن کاملا حق داری ازشون ناراحت باشید .....",2.9999999999999996
thread_12057844_starter,پریروز با آمپول فشار زایمان کردم . بعد از ۷ ساعت درد طاقت فرسا بچه به دنیا اومد. بدترین درد دنیا بود. الان اصلا شیر ندارم بدم بچم همش شیر خشک. دلم خونه هیچی شیر نمیاد. زردی گرفته تو دستگاهه مک میزنه سیر نمیشه گریه میکنه. چیکار کنم شیرم زیاد شه؟,6.481481481481481
thread_8793837_starter,شوهرم یه شهر دیگست تا وقتیی من دردام شروع نشه نمیتونه بیاد منم اینور خیلی ناراحتم الانم زنگ زدم جواب نداد دیگه گریم میاد نمیدونید چی بخورم دردم بگیره😢,6.111111111111111
334602342,بابا محض سرگرمی...آدم دلش میخواد بدونه نه رو حسادت و...من خودم هم دختر دارم هم پسر.مگه باید حتما تاثیری تو زندگیم داشته باشه؟آدم از غریبه هم تو خیابون می‌پرسه بچت چیه که ذوق کنه,1.6296296296296298
thread_14523319_starter,"خدا خوشت میاد زجر بنده هاتو ببینی دوست داری؟
من تو نوزادی هم بهت بدی کرده بودم؟
حق بنده هاتو خورده بودم
من انقدر بد بودم که حق داشتن پدر مادر هم نداشتم؟
کاش فقط بدونم من کثافت چیکار کرده بودم کاش فقط یه کلمه جواب میداد یکی بهم یه کلمه دم نمیزدم گناهمو میدونستم اگه دم میزدم نامردم
چیکارت کردم که؟
خواهر دوقلویی هم که بهم دادی معلول
روز به روز داره دیوونه تر میشه
بیا مشکل بذار جلو پاهام بتونم حلش کنم اگه نکردم اگه نکردم بی شعورم
این چه کاریه من چیکار کنم پدر معتاد عم‌ها معتاد مادر ندیدمش مادربزرگ سرطانی خواهر معلول روانی
شما بگین من اون کارو بکنم درس بخون خوندم رتبه ۳۰۰
نه پول نداریم برو فرهنگیان
نه کمه برو با ۱۸ سال سنت بیشتر کار کن شاگرد درس بده
ارشد بخون ررتبه ۲۵
من کاری بوده از دستم بر بیاد نکنم؟؟؟
یکی جواب بده دارم دیوونه میشم",9.370370370370368
thread_15923125_starter,"لایف استایلمون شبیه باشه کسی هست تو گروه
یا حالا چادری هم نباشه اهل دود و دم و اینا نباشع🥲",1.3703703703703702
289123900,من خوردم بچه ام ۳۸ هفته با وزن ۳۷۰۰ ب دنیا آمد,1.0
385191973,من خودم این ماه از تست تخمک گذاری استفاده کردم سیکلم ۳۳ روزه هست و من ۲۵ سیکل کیتم نشون داد که تخمک گذاری دارم درست ۸ روز قبل پریود شدن ولی دکتر بهم گفت احتمال حاملگی پایینه و در کل نباید این زمان از سیکل تخمک گذاری باشه,1.3703703703703702
thread_18022336_starter,"بچه ها من با یکی حدود یک ماهه دارم اشنا میشم تلفنی بیشتر حرف میزنیم همچیش خوبه ولی یکی از چیزایی که خیلی تاکید و تکرار داشت این بود با دست و بغل و بوس و اینا مشکلی نداری که چون تو دوستی عادیه منم گفتم نهایتش همون بغل و بوس تازه بعد ۶ ماه یا یکسال اونم گفت چیییی بعد یکماه تو این مورد باهاش اختلاف دارم حس میکنم انگار فقط دنبال اینچیزاس به روشم اوردم گفتم تو انگار بیشتر دنبال ارتباط جسمی هستی تا شناخت طرف اونم گفت من دوس دارم طرف همچیش مال من باشه
تازه یبارم ازش پرسیدم هدفت از رابطه چیه گفت یکسال اول شناخت بعد تصمیم گرفته میشه که رابطه طولانی مدت و فاب باشه تا تهش باهم باشن یا نه حالا تهش ازدواج یا هرچی و تو این مدت طرفین بهم قول میدن عهد میبندن با هم باشن و بقیه پیشنهاد هارو رد کنن حالا شاید هم یه زمانی شرایط ازدواج پیش بیاد ولی تو اون زمان باید بهم قول بدن
و گفت گذشته طرف هم براش مهمه اگ دختر رابطه جنسی قبلا داشته باشه باهاش ازدواج نمیکنه فقط نهایت دوستی یکساله",4.111111111111111
353291062,"یا خدا خب چه کاریه
انقدر زنا خودشون رو اذیت میکنن تا ته آخه؟
حالا ظاهرش بد شکل شده درساش کنن یه چیزی دیگه تا اون ته و عمقش رو تنگ کنن
فردا خودشون عذاب میکشن درد و گریه موقع رابطه
لذتش برای شوهر",1.3703703703703702
347075759,"اصن از ماشینم زیاد استفاده نمیکنم مسافرت اینا که نمیرم جاهاییم که با خانواده میریم باغی باشه خریدی باشه خونه کسی بریم مهمونی باشه با ماشین مامانم یا بابام میریم
ماشین خودم فقط میرم سرکار و میام خونه که جمعا رفت و برگشت روزی کمتر از ۱۵ کیلومتر میوفته",1.0
386453795,"آره انشالله قطعا تشکیل شده
منم درد خفیف پریودی اومده سراغم🥲🥲🥲",2.0
thread_14694249_starter,سلام ببخشید تورو خدا اگ میشه جواب بدید خیلی استرس دارم دیشب رفتم سرویس بعد از ادرارم یه سری چیزای قهوه‌ی سیاه  و کوچولو اومدن بیرون خیلی ترسیدم امروز بازم این علائم تکرار شد باردارم ۱۰هفتمه بچه اولمه,5.7407407407407405
thread_15650564_starter,"این حکمت خدا بوده
فهمیدم شوهرم از بارداری من خوشحال نمیشه مردن و‌موندن من براش مهم نیست،اون‌ وقتی که بیمارستان زیر سرم بودم،وقتی که دکتر میرفتم‌و‌ازمایش میدادم ببینم سقط شده یا نه،کنارم که نبود هیچ،در فکر گیر دادن به چیزهای الکی مثل بی بی چک و قد پالتوی من و عیدی خواهراش بود.
مادرمو چی بگم.....چجور مادری هست
هیچ وقت مادری نکرد همراهم نبود
میدونستم اگه بهش بگم‌عکس العملش‌خوب نیست و‌دلسوزم نیست،میدونستم بدجنس عالمه و قراره تنها بمونم
اشتباه کردم بهش گفتم،برام چاره شد.دهنم هم پر خون شد به این نامادری نمیگم.دیگه من از این سخت تر نداشتم.
زخم زبون و بی رحمیاش بدتر حس بی کسی بهم میده.
من دیگه غلط کنم به بچه فکر کنم
خودم هنوز ضعیفم...من توان اینو ندارم یک تنه زندگی بچه رو تضمین کنم",7.74074074074074
383871675,الان چیکار کنم یعنی تو ۷ماهگی بزنم براش مشکلی پیش نمیاد یا اینکه فایده نداره,1.7407407407407407
413372707,"جه اخلاق بدی داشت؟
از من بدتر شد ۳ بار رفتم قهر و بار اخر شکایت هم کردم باز اومد گفت درست میشم و بریم دکتر
منتظرم ماه جدید نوبت دکتر بگیرم و اگر با دارو هم خوب نشد
دعوای بعدی دیگه مستقیم درخواست طلاق بدم خودم.",5.7407407407407405
391412201,"من اینقدر درد داشتم که موقع زایمان گفتم خدایا من و بکش راحتم کن.
اون عوضی میگفتن حلالت نمکنیم اینقدر داد میزنی ...
خدا به درد بی درمون گرفتارشون کنه امییین",8.11111111111111
thread_16822596_starter,"سلام
من اول ماه که پریودم تموم شد وسط سیکل بود رفتم مسافرت وقتی میخواستم لباس عوض کنم دیدم کل شلوار قهوه ای شده انگار پریود شدم بدون حتی یک ذره درد و حسی و کمردرد های شدید ۱۱ روز تاخیر دارم الان روز ۹ تاخیری بی بی خودکاری مدیکور زدم منفی شد و کمردرد های من همینجور ادامه داره و حالت تهو بعد از غذا",3.3703703703703702
413742859,"اولین باره که میشنوم والا🙄
خمیر دندون خودش زیاد استفاده کردنش باعث پوسیدگی دندون میشه",1.0
329768085,"هرکی ی دلیل
مثلا یکیشون دیروز سرکارش از رو پشت بوم میوفته
یکی ماشینش و تازه خریده بود زنگ زده مادرش اسپند بذار دارم میام تصادف کرد همون‌لحظه😭😭😭
یکی اتوبوس چپ شده مسافر بود
یکی خودکشی
یکی سرطان
واقعا نگران کننده",3.7407407407407405
thread_15109261_starter,"۳۰نفر اومده  بودن
ولی آخرین نفر من بودم منشی‌ها گفت که چون همسنمی من تورو به آقای دکتر معرفی میکنم
بعد رفتم مصاحبه با دکتر
خداحافظی کردم اومدم بیرون گفتن تا امشب خبر میدیم
ولی زنگ نزدن تاالان دیگه شانسی نیست حالم بده:(",3.7407407407407405
thread_16663424_starter,سلام خانمایی که تجربه سقط با سایتوتک دارن بگم چجوریه؟من زایمان اولم طبیعی بود بخاطر اینکه بیمارستان خیلی دستکاریم نکنن تا ۷سانت خونه بودم تحمل کردم رفتم بیمارستان تو دوساعت زایمان کردم میخوام بدونم شدتش مثل زایمان طبیعی میشه؟چن ساعت درد کشیدین تو سقط,2.7407407407407405
413640937,"امیدوارم ناراحت نشی
ولی خیلی آدم خامی و نا پخته هستی
به هر حال به وجه طرفت توجه کن
ازدواج الکی نیست باید همه جوانب در نظر بگیری",1.0
314202700,بله من هماتوم دارم و دکتر استراحت مطلق بهم داده .حتی دوماهه ادویه ام غذاهام نداره.هیچ غذای گرمی استفاده ندارم .دکترم میگه من تمام داروهای لازم رو بهت دادم دیگه موندنش با خداست .خستم,6.370370370370369
thread_18139342_starter,"توی تاپیک قبلیم یعنی همون تاپیکم که خیلی بازدید خورد صفحه 26 یه جواب کلی در جواب همه نظراتتون دادم
نظرات زیاد بود و نتونستم تک ب تک جواب بدم
مرسی از همگیتون❤️",1.0
394154541,۳ هفته دیگه تحمل کن.اره باید بخوری.برو خوش بو کننده منزل بگیر.خداروشکر اون روزام گذشت.حتی خیابوناهم بوی لجن میدادن,2.0
thread_18140343_starter,خانوما میشه برای حاجت رواییم یه صلوات بفرستین,1.0
thread_14851435_starter,"سلام من ۱۷هفته و یک روزم.چندروز بود حس میکردم یچی تکون میخوره.اما از دیروز یجوریم انگار شکمم گاهی یطرفی سفت شده
بعضی وقتا راست بعضی وقتا چپ
بعد دستم میزنم یذره فشارمیدم یکم درد میگیره
احساس کشش و گرفتگی دو طرف شکمم داره خصوصا چپ.
البته اینم بگم ک یبوستم و دیروز یکم موقع دسشویی ببخشید اذیت شدم و زور زدم کمی.همشم از دیروز پر نفخم
حالا این حرکات نفخه یا بچمه؟
زود نیس؟",2.648375282959044
362084284,"من چون قندم بالا بود دکترم گفت کلا قند حذف نوشابه ممنوع برنج یک نعلبکی نون یک کف دست.
گفت وعده هاتو بیشتر کن.
من از خوردن میوه زیاد قند گفتم.
میوه رو هم گفت روزی ۵تا مجاز هستی بخوری ولی هر وعده فقط یکی.مثلا الو یکی.سیب اگر بزرگ باشه نصفی",1.0942455856950815
thread_17191442_starter,"کشک و بادمجون خوردم و شدید دل درد شدم از ظهر تاالان...
عرق نعنا خوردم چایی نباتم خوردم خوب نمیشه کلافم بخدا.",4.202504980223006
294021307,ن من تنبلی شدید دارم,1.0942455856950815
thread_14284074_starter,"سلام باردارم اسم پسر اولیم امیرعلی نمیدونم اسم این یکی پسرم چی بزارم
خودم نظرم رو عرشیا هست و سبحان اگر نظر خاصی دارین بگین ممنون",1.0942455856950815
thread_15830721_starter,خانمها من سه ماهه باردارم و یک ماهه متاسفانه زگیل درآوردم دکترها میگن باید زایمان کنی بعد درمان انجام بدی کسی بوده توی شرایط من؟با وجود اینکه ضایعات خیلی کوچیکی دارم ولی اصلا راحت نیستیم ؛کسی تجربه داشته ۹ماه با همسرش رابطه نداشته باشه....😓,3.425440131591025
thread_12382342_starter,"خانمایی ک چندششون میشه لطفا از تاپیک خارج شن
خانما من الان ۱۲ روزه که توی اقدامم و یک روز در میون اقدام میکنم و پریروز  وقت تخمک گذاریم ولی کیت گزاشتم تخمک گذاریمو چک کنم منفی بود ولی پهلو و زر شکمم درد میکنه و شکمم خیلییی بزرگ شده
دکتر زنان رفتم ببینم عفونت نگرفتم یا چی گفت نه سالمی
فردام ازمایش دارم
سوالی که دارم ایا یک روز درمیون ک اقدام میکنم ب دلیل اینک رابطه زیاد شده بچه ضعیف نمیشه چون بدن پدر و مادر بعد هر رابطه ضعیف میشه و اینک ی سوال دیگم ک داشتم من بعد هر رابطه بعد از اقدام مایع منی از بدنم خارج میشه
این یعنی من مشکلی دارم؟ یا چی
اگر اسپرمی نباشه خب جنینی تشکیل نمیشه ک کلا هرسری اقدام میکنم این اتفاق میوفته ینی اقدامی ک کردم کلا الکی بوده؟",4.979569828854988
406311739,آخه جالبه روزایی که فیلش یاد هندستون میکنه میگه اینا چرا نمیخوابن شبایی هم که زود میخوابن میاد میبینه سوت کور میگه پیشیا چرا خوابیدن دلم گرفت خونه سوت کور به درد نمیخوره بچه نعمته دوقطبیا بخدا,1.8713104343270626
thread_17447645_starter,سلام عزیزان من الان هفته ۱۲ هستم هنوز غربالگری نرفتم ..خیلی نگران و پشیمونم و استرس دارم از شرایط جامعه از نمی‌دونم همه چی گیج شدم .‌اصلا نمی‌دونم کارم درست بود یا نه ..خدا منو ببخشه خدایا,6.53369952611895
395326905,"عکسای دونفره و گل و اینا اوکیه ولی کادوها واقعا؟
نامزدتم برای خودت اگر این کارو بکنه استوری کردنت براش مهم نیست
بنظرم میخواد تو چشم بقیه کنه",1.0942455856950815
thread_12054109_starter,قهر کرده ممکنه دل تنگم بشه؟!,1.0942455856950815
thread_13409606_starter,"دوستان هفت هفته ام،ضربان جنینم به مرور اومد پایین،اول ۱۰۱ بود بعد ۸۴ بعد ۶۰......😔
دکتر گفت یک هفته صبر کن شاید خودش سقط بشه،گفت از عطاری بپرس با دارو گیاهی سقط کنی بهتره، اگر نشد باید بستری بشی کورتاژ کنی،من بچه کوچیک دارم لحظه ای ازم دور میشه طاقت نمیاره،نمیتونم بستری بشم،میشه بهم بگین چه دارو گیاهی ای بهتره؟لطفا🙏",6.53369952611895
399017252,دو روز قبل موعد هم حس گرفتگی و درد داشتی کاشی من نتیجه بگیرم این ماه,1.8713104343270626
392719680,بله انشااللهخدا به من خواهر بده همه میگن داداش خوب نیست و واقعا عاشق خواهر هستم که باهاش برم استخر موهاشو شونه کنم دامن براش بدوزم چون عاشق خیاطی ام با هم کلی خوش بگذرونیم کیک درست کنیم و برای تولدش بهش چیزایی کیوت بدم یعنی اگه پسر باشه همه ارزو هام از دست میرن😩,1.8713104343270626
thread_15999404_starter,"چند وقت بود که قرار بود برم مژه ریسه ای و پنس و چسب بگیرم وسایل مژه تو خونه خودم برای خودم کاشت هیدن انجام بدم بلدم چون
بعد امشب اومد یک یکربی گذشت
دیدم یک پلاستیک اورد داد بهم باز کردم دیدم یک عالمه مژه ریسه ای گرفته با چسبو پنس
بعد برداشت گفت بلندترین سایز مژه شو برداشتم نمیدونم چسباش این قیمتا داشت من گرونترینشو برداشتم
منم بهش گفتم چرا یک سوال نمیپرسی این مارکش بدرد نمیخوره بعد گف عه مگه مارک داره نمیدونستم یادداشتاتو نگاه کردم دیدم ازینا نوشتی لازم داری منم گفتم سوپرایزت کنم
منم گفتم نمیخواد منو سوپرایز کنی وقتی ازین چیزا سر در نمیاری این همه مژه میخوام چیکار کنم بعد بهش برخورد گفت باشه حالا بگو چه مارکیه فردا برم عوضش کنم من عکسشو نشونش دادم
بعد باهام باد کرده فیس کرده واسه من😐😐😐😐😐",3.425440131591025
thread_18137764_starter,"از کل وسایل یه لوستر و یه رادیو به مامان من رسید
لوستر که از دست بابام ول شو رو زمین دوهزار تیکه شد
رادیو رو هم که شوهر من کوبیدش زمین خاکشیر شد
از این قدیمی لامپی ها بزرگ ها بود
عاشقش بودم",2.648375282959044
thread_7611913_سوفیام966_1400/08/22 13:53,12هفته رفتم گفتن 60درصد دختره. بله اولین بارداریمه,1.0942455856950815
302709082,انشالله خدا شفا بده عزیزم ولی اینرو بدون که درد بعد یک مدت عادی میشه شایدم بدنت قوی تر میشه من مفصل پام به خاطر مصرف دارو تخریب شد عمل کردم اما مفصلم عوض نکردم فقط مفصلم یک سوراخ زدن که بهتر خون رسانی بشه دکتر بیهوشی یک حرف خوبی بهم زد گفتم خیلی درد دارم گفت به دردت توجه نکن برو پیاده روی پات رو محکم فشار بده به زمین قدم بردار از دردش نترس واقعا همینطور شد الان ده سال رد شده و خیلی خوبم درصورتی که دکتر گفته بود مفصلت فقط ۵ سال کار میده برات,1.8713104343270626
400359635,"خیلی ممنون عزیزم 🥺🥺❤️🫂🌺
میخاام ایه الکرسی بخونم بلکه ارووم شم 🥺🥺🥺❤️
هر چی خدا بخاد",4.202504980223006
thread_18022617_starter,"سلام من آزمایشم مثبت بود اما با بتای ۹۲ و گفتن پایینه ۴ روز بعد ازمایشگاه دیگه بتام شد ۷۲ الان ۱۱ روز از موعد پریودم میگذره و اصلا لکه بینی نداشتم
دکتر گفت سقط خودبخودیه
ینی واقعا دیگه هیچ راهی نیست؟",5.756634677486968
thread_11417052_momy_deniz_1402/04/05 19:22,نه شوهر منم دست میزاره تکون نمیخوره فک کنم میترسه فعلا خودمم دست میزارم ساکت میشه ولی صدای شوهرمو میشنوه بیشتر تحرک داره,1.0942455856950815
333535080,"عزیزم بارداره؟
Afp اگه بارداره و نرمال نیست باید بره متخصص زنان
اگر هم باردار نیست مربوط بع کبد هست یه آزمایش وایران و آنزیم کبدی چک کنن و مراجعه به متخصص گوارش داشته باشن",1.0942455856950815
362296302,شبا قبل از خواب قفسه سینشو چرب کن با وازلین یا روغن زیتون ماشما بکش رو قفسه سینه اش یکم بهش اب ولرم بده برای بچه من معجزه میکنه سرفه اش بند میاد,1.0942455856950815
404737473,"آره کدوم شهرین شما اگهدشیرازی دکتر خوب معرفی کنم بهت یادم نیست چه داروهایی بود اتفاقا من اینقده حالم بد بود هر بچه ای تو فامیل دنیا میومد دخترم گریه میکرد تو هم باید بیاری که خدا خواست و شد
آره سومی خدا خواست خیلی هم اذیت شدم روش",2.648375282959044
thread_14084967_starter,"از اول بارداریم تا الان همش میومد بیرون روغن سیاه میزاشتم چرکشو خالی میکردم دردش خوب میشد ولی الان با اینکه پوستشم نازکه هرچی روغن سیاه میزنم سر باز نمیکنه انقدرم درد میکنه دارم میمیرم از درد نمیدونم چیکار کنم دیگه دارم دیوونه میشم 😭
شوهرم میگه بزار با سوزن سرشو باز کنم ولی میترسم بدتر دردش زیاد بشه
همه دردش هم بخاطر عفونتشه
میترسم تا زایمانم اذیتم کنه",7.31076437475093
411085354,"والا بابام سلیقش امروزی تره تا شوهرم که ازش کوچیکتره
تازه میگفت روسری هم باید بزنی من از شال خوشم نمیاد مال دخترای جلفه
قشنگ میخواست استایلمو شبیه مامانش کنه
اوایل کنارراومدم بعد یواش یواش محو شد",2.648375282959044
393082964,"منظورم اینه اون موقه بچه هات میشن عصای دستت
احساس تنهایی نمیکنی",1.0942455856950815
320098989,نه الان ندارم ولی ترشحات زرد رنگ دارم,1.0942455856950815
323837311,"نه راستش وقتشو ندارم کل تایمم با درس و اینا میگذره
اصلا شرایطم جوریه ک من نمیتونم با دوست و ...‌ وقت بگذرونم
کلا مشکل من ریشه ایه",4.202504980223006
thread_14033856_starter,"سلام بجه ها ظهر چهارشنبه تون بخیر ، خوب و خوش و سلامت باشید
یه مبلغی دلار تقد دارم میخوام بفروشم بزنم به زخم زندگی
ولی صرافی یا طلا فذوشی خوب نمیشناسم .
اصلا نمیدونم چطور باید این کارو انجام بدم .
راهنمایی چیزی ؟؟",3.425440131591025
thread_18019725_starter,سلام خانما اين مشكل خيلي روي زندگيم اعصاب روانم تاثير گذاشته من مادرم دارم يه سال نيم كه ازدواج كردم من قم زندگي ميكنم اون اهواز هر يه ماه اينجوري مياد خونمون چند هفته ميمونه موقعي كه مياد فقد دعوا درست ميكنه هي ميگه مثل فلاش شو مثل دختر فلان شو فقد مقايسه ميكنه اگه چيزي بين من شوهرم بشه هي دخالت ميكنه قبل سه ماه رفتيم خونشون يعني جونم در اورد همش پيش شوهرم همش تحقيرم ميكرد مثلا سر يه موضوع علكي ميپره ميگه تو ديگه گوه بخور يا ريدم ت دهنت از اين حرفا قبلش خواهر شوهرم برادر شوهرم با من شوهرم دعوا كرده بودن خواهر شوهرم بد جور منو زد بهاشون قطع ارطبات كرديم موقعي كه خونه مامانم بوديم مامانم پريد بدون هيچ دليلي به شوهرم ميگه ولش كن اينجا برو زن مونده برو خواهرت برادرت بگير اينو ول كن اينجا بعد باهم بحثمون شد مامانم جلوي شوهرم اومد منو زد اگه شوهرم نبود تيك پارم ميكرد. به شوهرم ميگه اين سابقش اينجوريه تو اگه مرد بودي ازش دفاع نميكردي قبل اينكه هم ازدواج كنم يعني جونم در اورده بود با كتک فحش يعني منو از موهام ميگرفت ميچرخيد توي خونه ازدواج كردم ازش خلاص شدم بعضي موقعا زنگم ميزنه هي ميگه اگه شوهرت تيكه پارت كنه حق نداري بياي خونه ما بدون دليل بعد قبل چند هفته كه اين حرفو زد گرفتم از همه جا بلاكش كردم نميدومم يكم عضاب وجدان دارم نميدونم چيكار كنم كمكم كنيد .,7.31076437475093
thread_12074977_starter,"اصلا بلد نیست چجوری رفتار کنه یه چیز دلم میخواد میگه باصه ولی نمیره بخره جونش نمیگیره تا مثلا فردا میخره که دیگ دلم نمیخواد
میگم کمرم درد میکنه حالت تهوع دارم اصلا جدی نمیگیره
امروز سرکار خیلییی کمرم درد میکرد مدیرم گفت برو خونه استراحت کن یه دکترم برو زنگ زدم شوهرم گفتم میتونی بیای دنبالم گفت نه مغازه ام منم دیگ نیومدم خونه
غروب اومدم خونه زنگ زدم بهش گفتم چرا نیومدی دنبالم شاید داشتم میمردم گفت نترس تو هیچیت نمیشه😔منم تلفنو قطع کردم ولی بعدشم زنگ نزد حالمو بپرسه حتی",5.756634677486968
308373646,اهان باشه دستت درد نکنه پس اسپری موبر پاریس با رایحه گل رز,1.0942455856950815
376164596,آخه از بیرون نگاه کنی شاید از نظر آدما بد به نظر بیای یا شاید بخاطر داد و بیداد تو مقصر بنظر بیای با اینکه مقصر نیستی,1.8713104343270626
410267376,"خوشحالم بابا
تنها علامتی که داشتم درد سینه هام بود
ولی الان چندروزه کوفته است بدنم",1.0942455856950815
thread_14387695_starter,"لکه بینی هم دارم دوروزه....خیلی میترسم نکنه خارج رحمی باشه....بهم شیاف داد
اخرین بار ۳۱تیر پریود شدم....۲۷مردادبتام ۱۶بود....۳۱مرداد ۱۶۴....دکتر گفت لقاح دیر تشکیل شده دیگه تکرار نکردم بتا رو.....
یعنی دیر تشکیل شده که ساک رو ندید سونو؟؟",4.979569828854988
373420324,"پس بهتره pgdانجام بدی.
اونم ازمایشگاه معتبر.
متاسفانه برخی ازمایشگاه های ژنتیک الان خوانش یک طرفه انجام میدن بخاطر هزینه و اون خطا داره.
ازمایشگاه خود دکتر فرهود خوبه. ازمایشگاه سعید هم قبلنا خوب بود.
شما اگه تهرانی قبل هر اقدامی، برو پیش دکتر فرهود.
فرهود پدر علم ژنتیک ایرانه.
دکتر نجات مهدیه هم جزو اساتید برتر هستن",1.0942455856950815
326376873,"من یه دختر پاک هستم
اما نه با اون توضیحاتی که دادی
به قول خودت از نوع کاملا اوپن
پس اون معیار هایی که گفتی رو ندارم
اما با این وجود با نظرت موافقم
بعضی مرد ها یه حس بدی میدن، حالا نمیدونم بخاطر حس ششم زنانه هست یا صرفا یه حس اشتباه و بی دلیل",1.0942455856950815
thread_17986997_starter,هفته شش بارداری هستم هنوز دکتر نرفتم میخوام برم بیمارستان صارم، فقط دکتر نیک نفس رو میشناسم که گفتن حالا حالا ها وقتش پره. کدوم دکترش خوب و مطمئنه؟,1.8713104343270626
thread_17884387_starter,"عروسی یکی از دوستامه بعد من واقعا هفت تومن بیشتر ندارم شما باشید میرین ؟
آخه دختر یکم اذیتم کرده ناراحتم ازش از طرفی میگم زشته دعوت کرده
پولم ندارم که لباس آنچنانی بگیرم و کادو و اینا ...
دارم برا کنکور هم میخونم ( تازه یکی دو روزه شروع کردم ۲۵ سالمه ریسکه باید امسال تمومش کنم میترسم برم وقتم گرفته بشه
نمیدونم چکار کنم 🥺
عروسیش نه اسفنده",5.756634677486968
thread_18061785_starter,"ده هفته اس باردارم،دیروز هی داشت دستوری با همسرم حرف میزد (باهاش قهریم) که فلان چیز برام بیار فلان کار بکن منم نتونستم بیخیال باشم شروع کردم داد و بیداد در حد ۵ دیقه اینا درگیری لفظی داشتیم منم راهمو برداشتم اومدم خونه نگران بچمم الان،خیلی سرچ کردم میگن چیزی نمیشه ولی استرس دارم( به چندتا درمونگاه و بیمارستان زنگ زدم گفتن که سونو تعطیله امروز منتظر فردا صبحم)
چون هم سابقه سقط بر اثر ایست قلبی دارم بیشتر استرس دارم",7.31076437475093
thread_16197390_starter,من خیلی کمال گرام و میگم اگه همه چیز کامل نباشه شروع نمیکنم و همیشه از اشتباه میترسم و خب تنبل هم کمی هستم چه دعایی چه سوره ای بخونم,4.202504980223006
thread_6972253_starter,بچه ها من تو هفته ۹ جنین از،بین رفته بودد دکتر گف برو قرص بخر سقط،کن خریدم قرص،استفاده کردم فقط،کمر درد و دل درد و اسهال گرفتم با تب و لرز ولی خون ازم نرفته بود ولی یه روز،قبل اینکه قرص استفاده کنم لباس زیرم خیلی خونی شده بود الان نمی دونم چکار کنم یعنی چی,6.53369952611895
408503532,"آره من تا 16هفته داشتم انگار پریود بودم
ولی خب به دکترم گفتم شیاف داد  و قرص دوفاستون چون استرسی بودم",1.8713104343270626
thread_18038870_starter,شوهرم بهم خیانت کرد چیکار کنم منم قهرم 20روز شد تازه فهمیدم خیانت کرده میخوام خودمو بچم بکشم چیکار کنم اشک چشام بند نمیات هر چی قرصه دارم میخورم ک تموم کنم,8.087829223382911
289837331,"هر وقت تو پریودی سردردهام طولانی میشه میفهمم کم خونیه
الانم چندین روزه سردردم و همش سردمه
قرص اهن شروع کردم فعلا تا ببینم چی میشه",1.8713104343270626
thread_18024130_starter,"خودش تیکه های منو میشماره چی خوردم چنتا خوردم
ب یکی یه لقمه از خونه بدم زود میگه نمتونم کسیو دعوت کنم همش میگ برنج تموم میسه یا چیزای دیگ خانواده خودشم چون ادم کثیفیه قط ارتباطن باهاش",4.979569828854988
413982686,اگه از الان اینجوری پشت خانوادش باشه بعداً تو زندگی مشترکتون دق میکنیااا....زیاد دیدم اطرافم. از الان جدی بشین صحبت کن باهاش بگو نباید اجازه بدی تو این مسائل دخالت کنن,1.8713104343270626
382026622,نمیخام دلتو خالی کنم ولی همسر منم بزنه بد هم میزنه ابرو ریزی هم میکنه اینا اعصابشون مشکل داره باز تربیتشون از ریشه مشکل دار تره. مردی ک دست بلند میکنه هیچوقت درست نمیشه من ۶ ساله زندگی میکنم هرکاری بگی کردم درست نشد تازه من براش بهترین بودم اینطوری... بعضی وقتا بدتر هم میشه خاهر شوهرمم شوهرش دست ب زن داره بعد ۱۶ سال زندگی هنوز میگیرتش ب باد کتک با سه تا بچه بهش فحش میده ابروشو همه جا برده مثل شوهر احمق من این مردایی ک میزنن هیچوقت درست نمیشن هیچوقت,7.31076437475093
290033911,منم امروز اینجوری شدم چیکار میکنی دردش آروم میشه عزیزم,2.648375282959044
thread_15779042_starter,"اون خودش بیکاره فکر میکنه منم بیکارم مثل خودش هروقت دلش میخواد یا زنگ میزنه یا خونمونه
از دستش اسایش ندارم
همین که گوشیمو برمیدارم اقا زنگ میزنه
الکی حرف میزنه واسم چیزی هم نداره واسه گفتن فقط بهک کیگه چکار میکنی چخبر تعریف کن حوصلشو ندارم بدم کیاد🤧🤧",4.979569828854988
411911063,کمر درد شدید گرفتم بعد خونه تکونی کارامم نصفه مونده،شما راه درمانی ندارید؟,4.979569828854988
thread_12728992_starter,کسی بوده با nt 6.1 بچش سالم به دنیا اومده باشه ؟؟,4.202504980223006
327798170,"جامو از شوهرم جدا نمیکردم تا راحت تر بخوابه در ازاش خواب بچمو تنظیم میکردم
برای زردیش یه فکری بردار اگر گروه خونیت مثبته
از نظر حنسی ما رابطمون اوکی بود شمابا نظر پزشک باید پیش بری قطعا
یه فعالیت مختصر ورزشی با نظر پزشکت داشته باش من فعالیتم کم بود به جای طبیعی سز اورزانسی شدم",1.0942455856950815
thread_8880238_starter,من ١٢ساله ازدواج كردم شوهرم به نظروسليقه خودش منوانتخاب كرد واينم بگم قبلايه ازدواج ناموفق داشته،من حدود٦سال بچه دارنشدم شوهرم خيلي بهم خيانت ميكردولي من فقط توپياماش ميديدم دعواميكردم گريه ميكردم هيچ اهميتي نداشت فقط عذرخواهي ميكردوميگفت آخرين بارم بودشيطان گولم زدمنم خل هم باورم ميشدالان پسرم٦سالشه تواينشش سال انگارمن خواب بودم 😔اصلافكرش هم نميكردم كه اين كاروميكنه،ماقبلاشمال زندگي ميكرديم شوهرم شماليه،چندماه پيش برايه كاررفت شمال تنهارفت وبرگشت،تاامروزعصرتوگوشيش رفتم توپياماديدم يه اسم سيوكرده خرمارب😕ديدم ساعت يازده ونيم شب پيام داده خوابي چراجواب نميدي اون طرف هم گفت تااومدم جواب بدم قطع كردي شوهرمن گفته بودبياواتساپ،عكس منوديدي پروفايلم ،اومدم شمال اون طرف گفت باعينك گرفتي چرا،طرف گفت توقراربودتوواتساپ عكس بفرستي چرانفرستادي گفت نيم ساعت ديگه بهت زنگ ميزنم شوهرم گفت نه اس بده طرف گفت نكنه زنت پيشت هست،يه مشت چرت وپرت بدردنخورديگه،به هم ريختم طوري كه شوهرم متوجه شد هرچي گفت چته گفتم هيچي ميخوام به روش نيارم تايه فكراساسي كنم چون تواين ١٢سال باهمه مشكلات جنگيدمو قهرنرفتم الان يه بچه دارم دلم نميخوادبرم قهربعددوباره برگردم يابايدبمونم ياكلابرم😣,7.31076437475093
thread_18137896_starter,"نی نی یار اینو تاییدش کن لطفا
چند روز هرچی تاپیک میزنم تایید نمیشه
@niniyar
ی خاستگار دارم
همدیگرو دیدیم
پسره موقعیتش خوبه  ظاهرش خوبه خونه و ماشینش اوکیه
خانوادشم گفتن اولین دختریه بهش نشون دادیم پسندیده
ب شدددت سخت پسند بوده
از ی خانواده اصیل هم هستن
تنها مشکلی ک هست
من ی ارتباط نصف و نیمه ی ۹ ساله با ی ادمی دارم
تو ارتباطمون حد و مرز داشتیم دیدارامون از دور بوده دست این ادمم بهم نخورده
دوسش دارم🥺 دوسمم فکر میکنم ک داره
فقط میگه شرایط جدی شدن  رو ندارم
چند روز پیشم بهش میگم ازدواج کنم چیکار میکنی؟ گفت ی سری چیزا رو باید از زندگیم بدونی یا وقتی که با خودم ازدواج کنی یا وقتی ک خواستی بری با یکی دیگه اردواج کنی
بعدم گفت با ازدواجت کنار میام ولی خیلی ناراحت میشم و عذاب میکشم
الان من باید چیکار کنم😭 خاستگارم ک خوبه رو باز رد کنم؟ تا کی خاستگار رد کنم بخاطرش
بعد اصلا چطوری ازدواج کنم
دلش نشکنه زندگیم خراب شه
موندم چیکار کنم اصلا😭",6.53369952611895
385926575,"دقیقا دعام همینه ک هرچیزی ک صلاحه اتفاق بیوفته
واقعا بابت اینکه الان متوجه شدن خداروشکر میکنم
ولی میخوام بدونم ممکنه تشخیص اشتباهی باشه؟ چون ن سابقه خانوادگی داریم ن ازدواجمون فامیلیه",2.648375282959044
thread_17716204_starter,در  پنج و شش هفته رفتم سونو . خوب بود همه چیز. لکهوهم گفت بعصیا دارن. لک قهوه ایه. پشت هم نمیاد. گاهی عست گاهی نه. شیاف هم کلا استفاده میکنم. ولی کلا شیاف ک میزارم حالت تهوع بد میشم. و دلپیچه میگیرم خواهشا راهنمایی کنید,3.425440131591025
267356554,"نگووو تروخدا😔
ینی چیشد؟",2.648375282959044
thread_14450109_starter,ما تهران زندگی میکنم خانواده هامون شهرستان ... خونه پدرم بودیم منو شوهزم بحثمون شد تو اتاق اونم اومد پیش مامانم اینا و خالم شروغ کرد غر زدن و دعوا کردن با من ... بعدش که رفت مادرم بهم گفت جلو فامیل ابروی مارو نبرید به این رفتارای شوهرت ‌.. منم اولش چیزی نگفتم الان تو ماشین توراه برگشت گفتم برای چی جلو فامیل ابرومو میبری مامانمم هم این حرفو  زد اینو گفتم جوش اورد حالا مامانت به من میگه ابروشو بردم من دیگ پامو خونتون نمیزارم و جواب سلامو هم ارزو به دلش میزارمو از این حرفا باهم بجث کردیم الان دیگ حرف نمیزنیم .. میگه من عصبیم دست خودم نیس نمیتونم اروم باشم ...,5.756634677486968
369217524,"دکتری که برای من آمینوسنتز انجام داد گفت یه نفر  با ان تی پنج هم جواب آزمایش آمینوسنتزش خوب بوده و بچه اش سالم بوده .
عزیزم به خدا توکل کن وآزمایش ها رو انجام بده",1.0942455856950815
404095009,شما هفتت مثل من ،من از اوایل بارداری تیر کشیدن زیر دلو داشتم ،استراحت کن واگر لکه دیدی پروژسترون مقعدی استفاده کن در ضمن شما باید سونوی ان تی هم می رفتی الان اونجا از سلامتش بهت می گفتن,1.0942455856950815
337288415,ای جانممممم چشام قلبی شد خدا بخاطر دل بزرگت هرچی میخوای بهترینشو بهت بده انشا....,1.0942455856950815
412385741,"به چند نفر میخوای بدی
؟
تو قم روزهای سهشنبه تو بلوار پیامبر اعظم پیاده روی هست که الویه خیلی مشتری داره سه پیازه با ترشی هم خوشمزه میشه
املت داغ هم میچسبه ولی سخته پخش کردنش
از این نون ساندویج کوچیکا بخر الویه درست کن با خیارشور و گوجه خیلی خوبه",1.0942455856950815
317870742,"دکترت برات ازمایش ننوشت؟!
من دوماه بعد زایمانم‌دوباره از دادم
حتما مراعات کن عزیزم نزار روت بمونه واقعا عذاب اوره",1.8713104343270626
thread_16698491_starter,سلام خانوما من هفته ۳۶ هستم دیشب یک چهارم کلونازپام خوردم البته دکتر روانپزشک داده بود در صورت بی خوتبی فقط یک چهارم خوردم دیگه هم انداختم دور چون گفتن تو بارداری نباید بخوری الان ترسیدم اون یک چهارم مشکلی ایجاد نکنه,4.202504980223006
393889015,"""اجرای ماده ۲۶ قانون حمایت از خانواده و جوانی جمعیت ""
در راستای"" اجرای ماده ۲۶ قانون حمایت از خانواده و جوانی جمعیت "" و با توجه به نامه شماره ۷۷۲/۵۰۰ مورخ ۲۸/۱۲/۱۴۰۰ معاون محترم آموزشی و دبیر شورای آموزش پزشکی و تخصصی وزارت با تقاضای دانشجویان باردار یا مادران دارای فرزند زیر سه سال جهت آموزش مجازی یا غیرحضوری برای گذراندن دروس نظری دوره تحصیل موافقت می‌گردد.
مدارک و اطلاعات مورد نیاز دانشجو:
تصویر سونوگرافی و آزمایش درصورت بارداری دانشجو
تصویر شناسنامه دانشجو و تصویر شناسنامه فرزند(درصورت داشتن فرزند زیر سه سال)
تصویر تأییدیه انتخاب واحد
نام و نام خانوادگی- نام رشته و مقطع تحصیلی- شماره دانشجویی- شماره ملی_ شماره تماس",1.0942455856950815
thread_13767873_starter,من تازه وارد هفته ۶ شدم از دیشب تهوع داشتم صبح بیدارشدم اصلا انگار حامله نیسم یعنی چهد ساعت قلبش زد و مرد؟؟؟آخه همشم احساس میکنم یه چیزی از وازنم میاد همش میخوان پرید بشم من سه تا توقف رشد ۰نین دارم اینم مرد یعنی؟؟حالت تهوع بارداری یکسره هست یا هی خیاد و میره؟؟؟,6.53369952611895
thread_15903584_starter,"سلام
من هفته پنجم بارداری هستم از وقتی فهمیدم باردارم لکه بینی قهوه ای داشتم چون تعطیلات بود تونستم ماما پیدا کنم بهم شیاف پروژسترون داد
مصرف کردم اما همچنان ادامه داشت اما خفیف
یه شب دیدم خیس شدم ببخشید شورتم خون بود
سریع رفتم بیمارستان گفتن تا فردا صبح سونو واژینال بشی
سونو دادم گفتن ک ساک بارداری و زرده مشاهده میشه
رفتم دکتر زنان همون شیاف رو گفت ادامه بده استراحت کن تا تشکیل قلب
لکه بینیم قطع نشد تا دیشب یکم لکه سیاه داشتم بجا قهوه ای و یکیش ببخشید یکم خون سفت سیاه اما کوچیک بود
نمی‌دونم الان سقط شده یا ن چون الان لکه بینیم بهتره ولی وقتی دیشب سیاه بود درد زیر دل داشتم
برم هم دکتر میترسم ضرر داشته باشه آخه تازه سونو دادم",6.53369952611895
thread_12826848_starter,سلام ی جا دیدم‌تو اینستا ماما میگف خیلیا جنینشون قلب تشکیل داده ولی تو ۹تا۱۲ماهگی ایست قلبی کرده جنین کیا اینجور بودن و چه دلیلی داشت ازاول علائم خاصی داشتن؟,3.425440131591025
thread_14476868_starter,آیادوستان تهرانی کسی هست پیش ایشون درمان شدا باشه,1.0942455856950815
394069836,"من زدم
هیچ عارضه‌ای هم نداشتم
یه روز فقط دستم احساس خشکی داشت
وگرنه تب و درد و اینا هیچی
به کسایی هم که میگند نزن گوش نده. فقط نظر دکتر متخصصتو ببین چیه. اگر فردا تو بیمارستان کزاز و عفونتاشو بگیری هیچکدوم اینا جوابگو نیستند و کنارت نیستند",1.0942455856950815
365037540,"واااا خدا نکرده چیزی بشه چی؟!
اصلا اهمیت نده بچه آورده وظیفشه با تو بیاد دکترو اینجور جاها دیگه تنهایی انگار از خونه بابامون آووردیم",2.648375282959044
thread_18138555_starter,"دوتا بودن اینقد جیغ میزدن مخصوصا صبح ها
هر دو سه روز یه بار باید قفس بشوری،،،، خیلی کثیف میکنن،،،،
اطرافشون دونه میریزه،،،،
وای خدایا شکرت بلاخره راحت شدم از دستشون",1.8713104343270626
366372497,"https://www.ninisite.com/user/4f459a31-4ca7-45c9-a6ec-0e07aad2f5ff/%D8%B3%D9%84%D8%A7%D9%85%D9%85%D9%85%D9%85%D9%85%D9%85%D9%85%D9%85%D9%85%D9%85%D9%85%D9%85%DA%86
بیا تاپیک آخرش خیلی باحاله😂",1.0942455856950815
409972976,🤕یه چیزی گفتن بیشتر نگران شدم تو آزمایش عقد بار اول که دادیم مشکل داشت بار دوم فرستادن جایی دیگه اون مشکل نداشت,4.202504980223006
411913737,"تو ایران اکثرا میگن سزارین اما در کشورهای پیشرفته اکثرا طرفدار طبیعی هستن
ورزش هایی که لازمه برای زایمان طبیعی انجام بده و خودتو اماده کن برای طبیعی ، اگه استانه ی تحمل دردت پایین نیست و میتونی زور بزنی ، قطعا طبیعی سگش شرف داره به سزارین",1.0942455856950815
412383763,نه دکتر من عذرا ازموده است .بزن گوگل کن نظرات رو بخون.من چهار ساله پیشش می رم.مادران هم می ره زایمان می کنه.والا چند تا اشنا داشتم اونجا زایمان کردن راضی بودن.چون دستگاه nicu و زردی نوراد و جراح نوزاد همه چی داره,1.0942455856950815
thread_17477486_starter,"رفته بودیم دیروز عروسی عروس هم دختر عممه عمم اینا خوب بودن اما منو
خواهرمم رفتیم همه فامیل جمع شده بودن بجز ما انقدر پیش بقیه خورد شدیم سر یه میز نشستیم تنهایی ما کسی رو نمیشناختیم هیچکس پیش ما نمیشست چون دور بودیم از عروس اینا یه زن عمومم اومد نشست بعدش اونم رفت پیش اونا حتی نگفت شمام بیاین بریم تنها نمونین اونام همشون سه تا میز بودین میرقصیدن و اینا ما تنها بودیم گریم گریم گرفت یهو وسط تالار",5.756634677486968
398547706,نفر سوم از ۲۵یا۳۰نفر که خیلی عالیه,1.0942455856950815
336320001,دل درد داره برای همین گریه می‌کنه و نمی تونه بخوابه. اون شربت رو میدی دلش آروم میشه می‌خوابه. برای زیر گردنشم هر روز تمیز کن با آب ولرم که شیر و کثیفی نباشه همین باعث قرمزی میشه.,1.0942455856950815
thread_12728995_starter,کسی بوده با nt 6.1 بچش سالم به دنیا اومده باشه ؟؟,4.202504980223006
326380032,"با بقیه ارتباطی نداشتم، هر بارم از یکی خوشم نیومده ک ببینم چخبره
با آدم های عادی، عادی و نرمالم
فقط از ی نفر خوشم اومده تا ب این سن، ک حس خوب و راحتی و آرامش بهم میده",1.0942455856950815
370926238,"ببین عزیزم همه جا خوب و بد هست .
ولی خب اکثرا دیدخوبی ندارن ...
مردم کره همشون ن ولی بیشترشون ظاهر بین و نژاد پرستن
ی نگا ب همین هدی نیکو و.. هم بندازی ک مهاجرت کردن، بهتر نحوه ی برخورد مردم کره رو باهاشون می بینی .
ولی خب بازم میگم همه جا خوب و بد داره ...با ی چوب نمیشه همه رو زد.",1.0942455856950815
288047505,تقصیر شماست از همون اول باهمچین اونی راه اوندی.دفعه اول که گفت دوستت باید جوری رفتار میکردی دیگه جرات نکنه.وقاحت تا به کجا.منت هم میراره😐😐😐😐,1.8713104343270626
362010333,تقصیر تو نبست عزیزم بخاطر شعور پایینه اطرافیانه من شیر نداشتم بعد هی هر جا میرفتم همه میگفتن شیر خشک ندیا شیر خودتو بده. فقط مامانم و همسرم میگفتن بچه داره هلاک میشه شیر خشک بده اینقد حس بدی داشتم بلاتکلیف بودم دیگه رفتم متخصص اطفال بهم گفت اصلن بچه رو اذیت نکن شیرت کمه بچه کمبود وزن داره حرف هیچ کسو گوش نده شیر خشک بده بچم جون گرفت هر وقت که یادم میاد تو گشنگی پسرمو ختنه کردم جیگرم اتیش میگیره,3.425440131591025
thread_17636671_starter,"من قبل همسرم عاشق یکی بودم واقعا عاشق و معشوق بودیم اون یه آهنگی میذاشت همیشه میگف تک تک کلماتش رو برا تو خوندن 😢💔
الان تو اینستا دیدم یادم افتاد رفتم دانلود کردم گوش میدم هم عذاب وجدان میگیرم بخاطر شوهرم
هم دلتنگ شدم😢💔",4.202504980223006
thread_16658558_starter,"از هشت هفته که فهمیدم باردارم افقی شدم تا الان که ۲۱ هفته هستم
سرکلاژ کردم دکتر گفت استراحت نسبی ، ولی همه میترسونن منو (طول سرویکس شکمی ۲۸)
ی جورایی بازم مطلقم...همش رو تختم در حد پلو پختن و سرویس و حموم از جام بلند میشم
کاش میشد یکم رفت بیرون
سرکلاژی هستید بیاید دردودل کنیم
دلم گرفته
همش میترسم بچه یه چیزش بشه تمام زحمت هام هدر بره
حرکت عاش زیاد بود ولی از دیشب حرکت نکرده",6.53369952611895
413508946,"اره دیگه ببینم همه چیزایی که دلم میخوادو انجام دادیم و بعدش عادی شد میارم
اگه هنوز چیزی بود که بخوایم تجربه کنیم دوتایی و تکراری نشد برام زندگیمون نمیارم",1.0942455856950815
369952334,"منم داشتم ولی دیگه هر روز زیارت عاشورا با صد لعن صد سلام میخونم
همش رفع شد ۳ سال دیگه هر روز میخونم",1.0942455856950815
345837983,"یه ماه پیش که بیبی چک زدم بعد یه ساعت هاله انداخت
ولی خب پریود میشم یکم خونم و روزام کمتره نسبت به قبلنا...ولی در کل واسه همین گفتم حتما اشتباه شده خیلی علائم بارداری دارم ولی بازم چون پریودم میشم میگم نه حتما اشتباهه یا دارم تلقین میکنم",2.648375282959044
400475368,"خب من چون مقاومت شریان داشتم تا ۲۸هفته هر دوهفته سونو میدادم بعد اون هفته ای یبار
یکی میبینی کلا ۵.۶ تا سونو بیشتر نمیده",1.0942455856950815
thread_18036347_starter,"انجامش خیلی درد داره؟
و حتما باید تو پریودی باشه ؟",1.8713104343270626
408391810,"والا هیچ حس خاصی نداشت
من حالم بد بود موقع کرونا سرفه و اینا میکردم
یک هفته ایی کشیدم تا خوب شدم
اون زمان مد بود ک معتادا نمیگیرن",1.0942455856950815
342318807,"من مدام نافم میفته گاهی اوقات بعد یک روز دوباره میفته و دوباره حالم خراب میشه و گاهی تا یک ماه هیچی نمیشه
معمولا تا لاغر هستیم همینجوریم
کارهایی که باعث افتادن ناف میشه نباید انجام بدیم
یه سوال بعد اینکه ناف رو جا انداختین توجه کردین که حالتون بهتر شده یا تغییری نکردین؟
اگر خوب شدین یعنی مشکل همینه",2.648375282959044
thread_15155765_starter,دیروز متوجه شدم روی ران پام نزدیک کشاله ران کبود ظده ویه لکه کوچیک هم روی زانوم کبود شده علتش چیه؟ آسپیرین استفاده میکنم و پلاکت خونمم نرماله,2.648375282959044
408267397,ن از ماه چهارم فک میکنم. سه ماه طول کشید تا اومد بالا. ویتامین دی کم کم میاد بالا,1.0942455856950815
thread_16181052_starter,"من انتقال جنین انجام دادم همسرم خونه کارهاشو انجام میده که به منم برسه. امروز حسابدار شرکتمون اومده بود خونه برای انجام کارهاشون بعد اینکه رفت همسرم اومد گفت فکر کنم سرماخورده منم گفتم میشه اینجا نمونی برو طبقه بالا چون میترسم سرما بخورم. با حالت قهر رفت بالا.
انتقال قبلیم سرماخوردم گفتم نمیخوام دوباره این اتفاق بیوفته",4.202504980223006
404755199,"سختم بود که خودمپاشم عوض کنم
من چون دیر بچه م شد و هعی دکتر میرفتم هزار تا دکتر منو دیده بود لیزرم رفتم لیزریم منو صد بار دید دیگه برام عادی بود بعدشم ب این فک کردم اینا روزی صد تا میبینن دیگه برا اونا عادیه",1.8713104343270626
398739858,چیزی نیست نگران نباش برای اطمینان با دکتر فردا تماس بگیر یا مراجعه کن,1.0942455856950815
412054537,نه خونه ای موند ن تکوندنی...ول کردم رفتم خونه مامانم عید خونم نیستم💔,4.202504980223006
405916777,من هفته ۲۶ بارداریمه و کمردرد پایین کمر مخصوصاً شبها اذیتم میکنه. بالش بین زانو خیلی کمک کرده، ممنون 🙏 فقط میخواستم بپرسم پیادهروی چقدرش خوبه؟ چون بعضی وقتا بعدش دردم بیشتر میشه,2.648375282959044
thread_17357376_starter,"سلام میشه یکی بیاد جواب منو بده،
من هفته ۹ بارداریم بشدت بد حالم و حالت تهوع داشتم و بی اشتها، ۳ روزه عین آدم عادی‌ هستم، دوبارم شدید بهم استرس وارد شد
ممکنه جنین رشدش توقف کرده باشه؟؟؟؟؟؟
واژنم بعد استرس داره درد میکنه",5.756634677486968
thread_13895649_starter,"سلام
دیشب خواب دیدم یکی از اقوام خییییلی دور ک فوت شدند
بهم هندوانه داد
تعبیرش چیه؟",1.0942455856950815
thread_10179382_atabizemestoon_1401/11/02 01:22,اینم بگم این مورد کم پیش میاد چون خیلی حواسم هست ولی خب یک نفر باشه که اعصاب مو. خرد کنه دیگه کنترلی ندارم دیروزم با پدرم این اتفاق افتاد و من از عذاب وجدان کل دیروز گریه کردم چون دل بابامو کشوندم و اشکش دراومد 😭😭😭☹️,5.756634677486968
thread_13098851_starter,"من  حدود یه سال و نیمی حامله نشدم و الان چهارماهه باردارم .و فهمیدم ک بچم دختره بخدا نمیخام ناشکری کنم ولی اصلا دست خودم نیست .من عاشق پسر بودم همش تو رویام پسر داشتم براش تو اینستا لباس سیو کرده بودم چند تا اسباب بازی پسرونه از قبل گرفته بودم چون خودم داداش ندارم و همیشع آرزوی داداش بزرگ داشتم خیلی دلم میخاست ک اولین بچم پسر باشه و از وقتی فهمیدم بچم دختره یجوریم خدا منو ببخشه ولی هیچ حسی بهش ندارم😔😔میدونم ناشکریه از خدا میخام ببخشدم و مهرشو ب دلم بندازه
کیا این حسو با فهمیدن جنسیت بچشون داشتن چکار کردن😭",4.202504980223006
thread_17888099_starter,"امروز ساعت 8:41 دقیقه بابام به من زنگ زد و من با پسرهای شیطون کوچولوم
بیرون بودم رفته بودیم کتابخانه عارف قزوینی که فهمیدم حاملممممم لیلیلیلیلیللیلیلیلیلی بچه ها دارم از ذوق میمیرم
باید چیکار کنم؟ 2 تا پسر اولم ivf بودن ولی دیشب برای اولین بار با شوهرم شیطونی کردیم
نمیدونستم که کاندوم لازم دارم و فرداش حامله شدم
خیلی خوشحال بودم که شوهرم وقتی فهمید منو کتکم زد ولی من بخشیدمش  و فرداش فهمیدم باید بچمو سقط کنم
چیکار کنم؟",4.979569828854988
thread_17717493_starter,خانوما رشد جنین تو ۹ هفته متوقف شده رفتم بیمارستان برای سقط ، پریروز سه بار هرسری ۲ تا قرص زیرزبونی ۲تا هم واژینال استفاده کردم اما نیفتاد ، فرداش هم لازم دوتا زیر زبونی دادن اما فک کنم کامل نیفتاده ، نمیخوام کورتاژ شم چیکار کنم ؟ این عکسه افتاد با کلی لخته,4.202504980223006
330073876,ترنسید من استفاده کردم البته دکتر تجویز کرد.خودمم آزاد بدون نسخه گرفتم.اگر شدید هست دکتر گفت هر۸ساعت بخور.ولی کم باشه ۱۲ساعت همراه با مفنامیک اسید بخور.ولی حتما برو دکتر .دکتر تجویز کنه بهتره.چون سقط کردی و مجددا قصد بارداری دارید.قضیه من فرق داشت من خونریزی داشتم .سقطم مربوط به هشت سال پیش بود که نوشتم تا چهل روز.ولی تجویز ترنسید مربوط به دو ماه پیش هست خودم مشکل رحمی دارم.,1.8713104343270626
thread_17311620_starter,سلام دوستان خواهر زاده ام همش پای ماهواره اس و افت شدید تحصیلی کرده معدلش ۱۰ شما بودین چه کمکی بهش میکردین؟,2.648375282959044
thread_17260088_starter,"خانما من ۱۷ هفته باردارم رحمم دوشاخ ان تی جفتم پایین بود ولی سونو ۱۶ هفته جفتم خلفی لترال چپ شده طول سرویکسم ان تی ۳۶ بود و ۱۶ هفته ۳۳ شده بود
امروز همش احساس حباب تو واژن دارم یا مثلا احساس میکنم یه چیزی از تو واژنم میخواد بیاد بیرون درد ندارم به نظرتون ممکن دهانه رحمم باز شده باشه ؟؟استراحتم نسبی شیاف هم ۱۲ ساعتی استفاده میکنم",4.202504980223006
413970098,"پس اینایی که به خاطر یه دختر خوشگل تر و خوش اندام تر ول میکنن یا خیانت میکنن حتمن عمه منن؟
شما اگه اینطوری ای خودتو به کل همجنسات نسبت نده :/
اکثرشون عقلشون تو چشمشونه و البت یجای دیگ",1.8713104343270626
thread_16558413_starter,"بنظرتون خطرناک نیست🥺😢خیلی ذهنم درگیره
من به کسی نگفتم باردارم
اون بنده خداهم نمیدونه٬ الانم نمیتونم برم ازخونشون
هفته ی ۱۱هستم😢",4.979569828854988
thread_17454787_starter,دیشب لک داشتم ولی الان هیچ لکی ندارم ولی کمی درد خفیف دارم که با استراحت خوب میشم به نظرتون سونو لازمم,2.648375282959044
thread_16000404_starter,خانوما من دو ماهی هست حس میکنم باردارم، نمیدونم چرا این حس اومد توی وجودم، برای خودم خنده دار بود میگفتم من پریود میشم اونم سر وقت،نه ویاری نه علائمی،  اسفند ماه یک هفته بعد از اتمام پریودیم رابطه داشتم که بعدش افتادم به خونریزی گفتم مثل اینکه هنوز دهانه رحمم بسته نشده که دیگه بعدش این اتفاق برام نیفتاد تا گذشت دوم فروردین پریود شدم تا ۱۰ ام که تموم شد و دو روز باقیمانده روزه ام رو هم گرفتم، و رابطه نداشتم تا۱۴ پریودیم که تقریبا ۱۶،۱۷ فروردین بوده بازم بعد رابطه خونریزی کردم لکه بینی نه هااا خونریزی که کم کم قطع شد یک روزه قطع شد الان ۲۷ ام فروردینه که با این خونریزی دوم به شک افتادم که نکنه من حامله باشم و فشار بهم اومده ولی مگه میشه منکه اقدام برای بارداری ندارم و پریود میشم ولی..... کم کم زیر شکمم حس نبض داشت میگفتم این یبوست شدم نفخ شکممه ولی همچنان ادامه داره یا امشب شلوار لی پوشیدم خیلی به زیر جای سزارینم فشار می اومد و زیپش رو باز گذاشتم دیگه به شک افتادم رفتم بی بی خریدم زدم سریع مثبت نشد بعد دو دقیقه خط کمرنگ انداخت,4.202504980223006
413954837,"حرف شما اشتباهه عزیزم
ما رو از این زندگی هایی ک مرد دنبال خوش گذرونی و بی توجهی به زنه
زنم دنبال خرج کردن و کندن پوست مرده رو فاکتور بگیر
ما دنبال ساختنیم
دوتا جوون تو این زمونه پر فساد باهم پیمان بستیم که باهم بسازیم
هر دو درک متقابل داریم
انقدر تو انتخابم وسواس بخرج دادم میدونم همچین مردی نیست
مگه ارزش زن به ایناست؟!
من وقتی جلو گیری میکنم تقریبا ماهانه ۱۵،۱۴ میلیون صرفه جویی میشه اینا تبدیل میشه به طلا سرمایه میشه واسه زندگیمون
اینطوری هم نیست قطره قطره جمع گردد وانگهی اقیانوس شود
ضمنا نگفتم هیچی نخره خرید مطلقا صفر باشه
گفتم یکم صرفه جویی کنیم
چون واقعا زیاده روی میکردیم
من کل حقوق اونو بریزم بپاشم تو ۵۰ سالگی نوه هامون نمیگن پس جوونیا چکار کردین کو پس انداز کو ثمره زندگیتون",2.648375282959044
thread_10774335_starter,من تو دوران دوستی فرستادمش لیزر به جز ساق پا و دست بقیه جاهاشو لیزر کرد الان که یک سال لیزر رفته و جواب گرفته و تو شارژه باید هر سه چهار ماه یه بار بره غر میزنه میگه هیچ شوهری لیزر نمیره فقط مجردا میرن لیزر، شوهر باید پشم داشته باشه هیی، با دعوا و کتک امروز فرستادمش‌ بره.,4.202504980223006
thread_17551417_starter,این روزا خیلی دلم برای اکسم تنگه تا چن ماه پیش ک باهم بودیم خیلی هم اوکی بودیم اما همش بهونه میاورد ک کات کنیم من هم هی بحثو عوض میکردم ولی دس بردار نبود ولی سره ی سو تفاهوم کوچیک بهم گفت تو ب من توجه نمیکنی و با دخترا لاس میزنی ولی خدا شاهده اشتباه فکر میکرد الان خیلی این روزا بهش فکر میکنم و دلم میخاد فقط ی زنگ بزنم فقط صداشو بشنوم ولی نمیدونم چیکار کنم,3.425440131591025
thread_14001705_starter,"سلام دوستان
من هفته 22 بارداری هستم تقريبا دو هفته ست  آبریزش دارم مثل آبه  بی رنگه ولی بوی ماهی میده
گاهی وسط ترشحم سفیده  اطرافش به اندازه یه سکه آبه میترسم نشتی کیسه آب باشه
خواهشا هر کی  میدونه کمکم کنه
خیلی استرس دارم",5.756634677486968
399783707,😞😞درکت میکنم سه ماهه شب و روزم یکیه,4.202504980223006
thread_13100396_starter,"هر کی این سوالتو جواب بده دو جلسه رایگان برنده میشه😁
If I ................................... a student , I would study 5 hours a day . ( to be )
If they arrived soon , we ................................... them in the station . ( to see )
The mechanic ................................... the car if he were free . ( to fix )
You shouldn't be so tired if you ................................... to bed earlier . ( to go )",1.0942455856950815
thread_16446104_starter,میگه بایدهمراهت بیام برا ماما ببینم مشکلت چیه بچدارنمیشی خیلی خستمه من میدونم مشکلم تنبلی تخمدان شدیدددد دارم وکیست,4.979569828854988
thread_14501261_starter,۷ ساله  حتی نامزد بودنی هم یه کیلو میوه نخرید یا یه شیرینی مامانم هر ۴ ماه یه بار میاد خونمون نزدیکیم ولی میگه نمیام  بعدش ما هر هفته میریم  روز اول خونه مادرشوهرم روز دوم خونه مادرم واسه مادرش اینا همچی میخره  چند روز پیش  مامانم اینا اومدن هر چی فکرشو کنید آورده بودن بعدش یه ساعت بعد رفتن  داداشمو دختر م نذاشت بره  برای اولین بار تو ۷ سال یه نفر آز خانواده من موندن خونمون داداشم ۱۰ سالشه  آز لحظه ای که رفتن  شوهرم اخم میکرد بچه رو دعوا میکرد میزد منو دعوا میکرد هر چی از دهنش در میومد حرف نمیزد فک کن موقع غذا خوردن من از گلوم پایین نمیرف چه برسه دادشم  داداشم اومده به مامانم اینا گفته اینا همش دعوا میکردن موندم بخدا موندم چه رفتاری نشون بدم,6.53369952611895
413971233,ببین عزیزم نظر خواستی بچه ها نظر دادن. توجیح کردن ما چه فایده ای داره، داری خودتو توجیح میکنی با این دلایل. درحالی که نظرات بقیه رو از بیرون هم شنیدی. تصمیم با خودته,1.0942455856950815
384787710,"واسه فردا نوبت سونو داشتم
طاقت نیاوردم امروز رفتم پیش ی دکتری ک سونو هم می‌کنه
گف بقایای زیادی داری و ساک بارداری چروکیده س
ی سونو بیرون انجام بده بیا برای کورتاژ",3.425440131591025
330405999,استرس نداشته باش ایشالا ک براتو بمونه و بسلامتی به دنیا بیاریش ولی اگ اتفاقی هم افتاد و بارداری اولته بعدش با همسرت برو آزمایش بده و معاینه شو چیزی نی,1.0942455856950815
331925440,تو تقویم چینی باید سنت به چینی حساب کنی.یعنی یکسال بزرگتر.تو بچه قبلیت کردی بیشتر سنتو ؟,1.0942455856950815
398346655,"ما ترکا یه روش عالی برای حنسیت داریم
کله گوسفند بگیذ حالا یا خودت یا مامانت یا هرکی تمیز کنه بعد وقتی بالا و پایین کله رو میخای از هم جدا کنید نیت کنید بچه فلانی که حامله هستش جیه اگه روی ته استخوان های فک گوشت باشه دختره اگه بدون گوشت باشه پسره رد خور نداره",1.0942455856950815
319420017,"برو پیش روانشناس ذهنتو آروم کن
تو باید علاوه بر جسمت روحت رو هم تقویت کنی فکر کن مثل دکتر زنان باید مرتب چکاپ بشی",1.0942455856950815
thread_17366836_starter,"دوستان کیا رفتن ؟, واقعا لازمه
ب دکترم گفتم این پیگیری های زیاد برام استرس میاره گفت باید بری میخامش
یه مقداری هم قند دارم
حالا هرچی باشه واقعا چ نیازیه حتما بریم ؟",4.979569828854988
344163685,اره واقعا اینو قبول دارم به خدا....حتی صبح تا ظهرم مغازه بود امروز... گفت عصر بریم بیرون شهر گفتم نه ببین تو در طول هفته خیلی خسته میشی بخواب سر شب بریم با هم یه قدمی بزنیم ....حالا من هی منتظر که بیدار شه اونم خر و پففففف منم واسه اولین بار بود تو این چند سال ذوق یه قدم زدن دو تایی رو داشتم ها که کور شد,2.648375282959044
thread_18047633_starter,"عید اول برا عروس لباس و این چیزا عیدی میارن
برا دامادم باید چیزی بخرن؟؟",1.0942455856950815
thread_14343479_starter,"تو ۱۸ هفته بودم که دو روز پیش سقط کردم امروز از صبح سینه هام شدیداً درد میکنن سفت شدن از یکیشون هم یه مایع آبکی خارج میشه.
یعنی بی نهایت درد دارن چی کار کنم؟",5.756634677486968
401043005,برا منم هم با سرفه هم باعطسه درد میگیره,1.8713104343270626
398843756,"اگه به دنیا میومد و یه عمر زجر میکشید خوب بود ؟
یه بنده خدایی رو‌ میشناسم طرف دو تا دختر داره ، دو تا پسر
سر دخترش مریض میشه بهش میگن بچه رو سقط کن .‌میگه نه حس میکنم و نگهش میدارم و دوسش دارم . بچه عقب مونده به دنیا میاد .. پسر بزرگه ناراحتی اعصاب میگیره . دختر بزرگه هم از خجالت این دختر با یه مردی ازدواج میکنه دیکتاتور و لجباز
پسر آخریش وضع مالیش خوبه . اما اونم با کسی ازدواج کرده که دختره از اول شرط و شروط کرده و تعهد گرفته که این حق نداره نه ریالی به اون خواهر برادر کمک کنه و نه حق داره ازشون نگه داری کنه . مادرشون الان ۷۰ سالشه میگه من بمیرم این بچه چی میشه
منظورم اینه به حکمت خدا تن بده . ایشالا بعدی سالم و تندرست برات بمونه و کیفشو کنی",1.8713104343270626
332300347,خب همون موقع حلقه هاتون میفروختین از مامانت پول نمیگرفتی من هیچ وقت به مامانم رو نمی‌زنم چون دقیقا همینجوریه چرا خودمو بی عزت کنم من الان حلقه ازدواجمو خودم فروختم دوست نداشتم چه اشکالی داره از یه لحاظم مامانت حق داشته چون طلا داده باید میخریدی دیگه شوهرت باید تهیه میکرد یا از جایی پول قرض میگرفت,1.8713104343270626
336287860,"اونی که میزنه شریان خودت هست داره خونرسانی میکنه
نه متاسفانه راهی نیست
استرس الکی به خودا نده",1.0942455856950815
thread_17705262_starter,تو موقع های اضطراری مثل عروسی وعقد خواهر یا برادرتون چیکار میکنید خرجارو مثلا هدیه وخرج اینا,2.648375282959044
404878355,"خدا بچه هاتو برات نگه داره
اینا با اینکاراشون پیری خودشونو سخت میکنن
خودشونم یه زمانی نیاز پیدا میکنن وقتی پیر شدن",1.0942455856950815
thread_15745888_starter,"شب  ساعت یک و نیم دو خوابیدم
بعد پنج بیدار شدم برای سحری بعد پنج و چهل دقیق خوابثدم بعر الان ماشدم دخترمو بفرستم مدرسه والا گیج خوابم 😒😒😒",3.425440131591025
344063920,وآسه من جنسیت فرق نداره فقط دوس دارم این یکی رو خدا برام حفظ کنه.دوبار دیگه باردار شدم تو همون یکی دو هفته اول بتا نرفت بالا سقط شد,2.648375282959044
369618834,از نظر من احتمالش یک هزارم هست به دوستت بگو استرس نگیره همین استرس پریودش رو عقب میندازه,1.0942455856950815
thread_15677024_starter,"سلام من ماه پیش 18بهمن پریود شدم و23پاک شدم
5 این ماه یعنی اسفند دوباره لکه دیدم ولی نه به شدت پریودی مثل لکه بینی بود بعد چند روز هنوز هم هست،وشدید دل درد دارم و دو طرف شکمم درد می‌کنه حالت تهوع دارم دوبار هم بالا آوردم
پریودم هم عقب نیفتاده است تست بزنم بیبی چک نشون میده؟؟
ممکنه باردار باشم دستگاه هم دارم ،خیلی میترسم ممنون میشم کمکم کنین",4.979569828854988
378844541,"تو که داری صدتا بیار
واقعا اول تاپیک باید بنویسم اگه قصد توهین و دل شکوندن دارین پست نزارین....
همتون تو همه روزای ماه جیبتون پره پره؟؟بالاخره کوه پول و دلار هم باشه یه روز خالی میشه، خداروشکر تا حالا کم نزاشتم واسه بچه اولم هم همینطور بری تو اتاقت انقدره ک لباس و اسباب بازی داره گم میشی توش، با اینکه پنج سالشه مرتب داروهای تقویتی خارجی میخرم براش، الانم اومدم سونو، یک جا هم ارزون تر میگرفتن ولی سونوش قدیمی بود اومدم پیش بهترین دکتر",4.979569828854988
thread_12490703_سالادباسس_1402/09/14 08:04,درکت میکنم .منم همین جوری بودم.حتی قبل دکتر از استرس گریم گرفت.ولی نگران نباش.همه چیا بسپار به دست خدا.الهی که دلت را شاد کنه,4.202504980223006
402397903,"خب پس چرا اومدی اینجا باز میپرسی؟
تاثیر نداره ! اون ک تاثیر داره ، خوردن شیرینی به صورت مداومه ک مقاومت به انسولین بالا میره و تنبلی رو تشدید میکنه !
ربطی به‌خوردن چندتا شیرینی بعد اقدام نداره ! 🤦🏻🤦🏻🤦🏻",1.8713104343270626
thread_14487444_starter,تازه رفتم تو ۴ ماه، تا وقتی که بیدار باشم حواسم هست که به پهلو باشم اما تو خواب به پشت می‌خوابم... اگه راه کاری هست بگید ممنون میشم 🙏🏻🌹,1.8713104343270626
thread_17360920_starter,خانما به نظرتون جنسیت چیه,1.0942455856950815
411672051,"خوبه... بهش بگو اگه دفعه دیگ یه جور سگ نشی پاچه طرفو نگیری و از جات تکون نخوری اسید میارم میریزم روتو😒😂
وقتی زنی برا خودش ارزش قائل نیس نباید بهش احترام گذاشت یه جور اخم و تخم کنه دیگه پیداش نشه اگرم مث شوهر من خیلی مردم داری براش مهمه که پاشه بره یه ور دیگه بشینه و به خودش سخت بگیره",2.648375282959044
342468044,"اون داروهارو‌میخوری توقع داری خوب شی؟
تو بیشتر ب محبت و توجه همسرت نیاز داری
وگردش ازخونه بزن بیزون بیمت خودتون باشید ن کسی زنگ بزنه ن شما بزنید براخودتون زندگی کنید بدون استرس و نگرانی خوب میشی",1.0942455856950815
thread_16155682_starter,"باردارم پسرم تو مدرسه گرفته،  خودمم گرفتم چیکاررر کنم
هیچکی نیست موهامو ببینه
تو رو خدا اگه کسی دچارش شده بگه چطوری از شرش خلاص بشم",4.979569828854988
324165329,قرص خونریزی زیادی داره،اخه ساکشن بیمارستان انجام نمیده و براشون هزینه داره،مگه تو مواقع ضروری اصلا بیمارستان راضی به ساکشن نمیشه،شش تا قرص میدن و دور از جون میگن اینقدر خون ازت بره که بچه بیوفته،بعدشم تا چند روز خونریزی داری،استفراغ و اسهال و دل درد داره،اما با ساکشن چیزی نمیفهمی،خواهرم پارسال با قرص سقط کرددور از جونش مرد و زنده شد،من ۸میلیون دادم مطب شخصی پیش متخصص ساکشن کردم،چون شاغلم و مرخصی ندارم،نتونستم بیمارستان برم,2.648375282959044
397359131,"ای بابا
حس میکنم الکیه
منم عمیقا حس میکنم دختره
ولی بازم توکل بر خدا",1.0942455856950815
411863647,دقیقااااا اههه حالم بد شد چقدر نابوده🤦🏻♀️🤦🏻♀️🤦🏻♀️🤦🏻♀️🤦🏻♀️,1.8713104343270626
278640704,"عزیز دلم تمام این دعواها و جروبحث ها رو ۹۹ درصد زن وشوهرها درزندگیهاشون تحربه کردند و تنها مختص زتدگی شما نیست .
بخصوص درشرایط بارداری شما که استراحت مطلق هستید و ناراحتیهاتون قطعا دو چندان هست و باعث مشکلات ببشتری در زنددگیتون شده .
خواستم بگم اصلا اصلا نگران بچتون نباشید بچه با دوتا دعوا و حرو بحث براش مشکلی پیش نمیاد وکاملا سالم و سلامت هست مگر اینکه خدای تکرده ضربه ای ..چیزی بهش وارد بشه که باعث سقط بشع ...
اما درمورد روابطتون با همسرتون این موضوع را برای خودتون جا  بندازید که ایشون شریک یک عمر زندگی وپدر فرزندتون‌هستند و خواهتد بود!
نه مادر یا پدرتون!
پس از این به بعد بیشترین بها و احترام را به ایشون بدید درمسائل زندگیتون اول نظر ایشون رو بپرسید و در مقابل خانوادتون هم احترام بیشتری براش قائل بشید تا خانوادتون هم بهشون احترام بگدارند و اجازه دخالت در امور زندگیتون را به هیچ کس هم خانواده خودتون و خانواده همسر ندید!
و نگذارید از مشکلاتتون با خبر بشن.
فقط با کمی احترام و درمواقع عصبانیت کنترل خودتون و سکوت میتونید قطعا ارامش را به خونتون برگردونید
آقایون معمولا کمتر نسبت به خانمها قادر به کنترل خودشون هستند در عصبانیت و حرفهای دلخور کننده مثل برو از خونه من و‌....نمیخوامت و....اینها زیادمیزنند که قطعا جدی نیست و ۵ دقیقه بعد هم پشبمون میشن.
پس بهتر شما با دانایی  ارامشتون رو خفظ کنید.
بعد خودشون قطعا از کارشون و حرفشون پشیمون میشن هرچند که غرورشون شاید این اجازه رو بهشون نده که مستقیما به پشبمونیشون اعتراف کنن و با عذرخواعی کنن.
اما با رفتارشون  معمولا نشون میدن !
پس عزیزم سعی کنید اولویت اولتون در زندگیتون فقط وفقط همسرتون باشه تا هم خودتون و هم نی نی تون به ارامش برسید.
مدتی امتحان کنید خودتون قطعا نتیحش رو خواهید دید عزیز دلم.
ببخشید طولاانی شد امیدوارم رندگیتون همیشه در ارامش باشه و فرزندتون هم صحیح و سالم در آغوش بگیرید
درپناه خدا🌹",1.0942455856950815
thread_17051218_starter,بچه ها شوهر من مغازه فنی داره من یه دوست دارم که بچه هامون فقط بازی میکنن باهم یبار رفته در مغازه شوهرم آبمیوه گیری داده درست کنه من خبر نداشتم بعدا فهمیدم اصلا به من نمیگه .حالا دیشب رفته مغازه شوهرم گفته یخچالم خراب شده بیا درست کن درصورتیکه شوهرش خونه نیست دیر وقت میاد اینارو من از پسرم شنیدم  کثافت نمیدونم چی تو ذهنشه دم به دقیقه می‌ره .,4.979569828854988
353866427,فکر نکنم چون عذاب وجدان میگیره,1.0942455856950815
thread_17656665_starter,سلام.من اول دی رفتم سونوشکمی،هفته۴ حاملگیم بود،الان دیروزرفتم سونوواژینال نوشته هفته۵نیم،مشکلی داره؟,2.648375282959044
344610585,"هیچوقت خشک موهاتو شونه نکن
شامپو رو به کف سرت ماساژ بده چنگ نزن و ساقه موهاتو نرم کننده یا کاندیشنر بزن و بعد همونجور شونه کن
بعدش بشور موهاتو با حوله نانو آب موهاتو بگیر بعد ژل مرطوب بزن بعدش با دیسپانسر خشک کن موهاتو
خیلی خوشگل میشن",1.0942455856950815
373741924,"اینا همون مرد های عقده ای زن ستیزن که کارزار سربازی دخترا رو امضا کردن
آخه دخترا چیکارت کردن انقد عقده داری؟؟؟؟
مشکلشون پوله بی پولن دخترا کنسلشون کردن عقده گرفتن",2.648375282959044
396989197,"من که هیچی
ببخشید بعضی وقتا ل،ا ،پ ،ا
می‌رفت
دیگه چاره چیه
منم طول سرویکسم از ۳۰ هفته اومد پایین واین
شما سرکلاژی؟",1.8713104343270626
thread_18017920_starter,"دو هفته ۵۰ خوردم
یک ماه ۱۰۰
الانم یک هفته اس ۱۵۰ میخورم ولی فقط باعث شده گریه ام کم شه",3.425440131591025
345800304,بابا با شوهراتون همچین برخورد میکنید که انگار حیوان دست آموز تون باید باشن...طرف متاهل هست خدایی آسمون سوراخ نشده ..چرا یه عدتون آنقدر نسبت ب شوهر ها ندید بدید میشید...بعد از ی جایی دیگه حوصله مرد و سرمیبرید ی میشینید اشک می‌ریزد که چرا شد این زندگیم🤔,1.8713104343270626
407978724,"عزیزم چند بار سقط داشتی؟؟
حتما مثله گذشته های من دکتری که تخصصش سقط باشه نرفتی و فقط دنبال دکتر زنان بودی درسته؟؟
منم سه تا سقط داشتم و استباهم این بود که همیشه میرفتم پیش دکترای نازایی
در صورتی که باید میرفتم دکتر سقط مکرر
تا اینکه تو اینترنت دکتر سقط مکرر عالی پیدا کردم و رفتم پیشش و خدا رو شکر جواب گرفتم
بعده سیزده سال و سه تا سقط خدا دخترمو با کمک دکتر عارفی بهم بخشید",2.648375282959044
305320665,"بلهههه
تازه یه چی دیگه ک اعصابمو خرد میکنه،میگم پیاز سفید میخام ،
نباشه ،پیاز نمیخوره
😤😫😫😫😫😫😫",3.425440131591025
thread_15039699_starter,"حاملم .
شوهرم یه آدم بی درکِ خود رایِ که جز حرف خودش ب حرف هیشکی بها نمیده
افسرده شدم
میگم ببرم بیرون میگه نه
خدا شاهده نشده یه بار خودش یه غذایی چیزی برام بخره بیاره
برای هر یه کیکی که برام خریده کلی التماس کردم
دیگه سرد شدم ازش
خیلی حالم بده
دو ساعت تمامه که یه گوشه دارم اشک میریزم و بچه ی توی شکمم جمع شده گوشه سمت راست شکمم
الهی بمیرم براش
اما واقعا دست خودم نیست
دیگه خستم
افسرده شدم مطمعنمممم
هیچ وقت خودش نفهمید .
بعدشم ک گفتم خودشو زد ب اون راه
هیچ چیزی و خودش برام تامین نکرد و برای تمامی داشته ها و خواسته هام بار ها خورد شدم و ساعت ها التماس کردم
باورتون نمیشه حتی برای ویار یه کیک💔
امشب دهیار ازم پرسید چته و من یه کلمه هم جوابشو ندادم . حتی یک کلمه
فقط بی صدا اشک ریختم
پنج دقیقه پرسید چته دیگه جواب ک ندادم ول کرد رفت پی الدنگ بازیاش و دیگه ندیدمش
ازش متنفرم",7.31076437475093
thread_18143976_starter,"سه تا فرش خریدم دونه ای ۴۹ قشنگه ها ۱۲۰۰ شانه  اما اونجایی که چیزای قشنگ تر داشت میگفت دونه ای ۶۰ ۷۰ اونقدر تو ماشین گریه کردم دارم میمیرم 😭😭😭 دوتا هم نامزدم خرید
این به کنار سرویس خوابم قرار شده امروز برم بدم پس یکی دیگه بخرم گفته بیارید پس چون رنگش ببخشید رنگ اسهال هست تا پنج صبح گریه میکردم بخاطرش چون مامانم مجبورم کرد و خودش فهمید چه اشتباهی کرده
بعد میزنهاری هم به اصرار خودم ۶ نفره مامانم میگفت۴ نفره ،مبل هم مینیمال که دوست داشتم خریدم اما پذیراییم وحشتناک بزرگه چجوری پرش کنم😭 مینیمال گرونه اما برای خونه های بزرگ میگن خوب نیست",5.756634677486968
thread_17702612_starter,سلام میشه کمک کنید، من شش هفته رفتم سونو گفتن قلب تشکیل نشده تا دو روز قبل حالت تهوع و بی اشتهایی و سنگینی و درد سینه داشتم ولی الان فقط یکم بی اشتهایی دارم و هیچ علایم دیگه ندارم کسی بوده شبیه من که بعداً قلب جنینش تشکیل شده و علایم نداشته؟خیلی نگرانم,4.979569828854988
302013232,"اره فکر کنم فقط همین درسته چون فامیل ماهم پسر داشت بینیش بزرگ شده بود
ولی من اصلا .... از همون یک هفته بعد بچمثبت شدن بیبی چکم تمام جوش های صورتم ک از دوران. بلوغ با هیچ درمانی نمی‌رفت ، ناپدید شد پوستم صاف و روشن شد و... ک همه میگفتن خوشگل شدی بچت پسره
ولی بینیم همون شکل قبل بارداری بود تا همین الان ک ۹ ماهمه",1.0942455856950815
380016103,منم تهرانیم خوب ذائقه آدما فرق داره نمیشه گذاشت به هوای چسی،همین دوستمون اگه بهش همون دختر پیتزاش رو بهش میداد میگفت من دوست ندارم تو بخور والا بهش برمیخورد میگن هر چی برای خودت نمیپسندی برای دیگران هم نپسند,1.0942455856950815
thread_16095364_starter,"خانما تو هفته هفتم بارداری ام
از هفته شش لخته خون قهوه ای داشتم
دوروز بیش لخته ها تموم شدن لکه بینی قهوه ای شروع شد از امروز صبح هم که کلا لکه بینی و دارم انگار اول پریودمه
رنگش یکم روشن‌تر شده نسبت به قبل
البته اصلا لباسای زیرم رو خیس نمی کنه فقط وقتی میرم دسشویی انگار خون ریزی دارم
درد شکم و پهلوهم دارم مثل درد پریودی
هنوز سونوی قلب رو نرفتم دکتر برام نوشته بود که ۴روز دیگه برم یعنی تو ۷هفته و و یک روز
شیاف پروژسترون رو همون اول لکه بینی بهم داده که ۲۴ ساعت یه دونه استفاده می کنم
امروز دکترم گفت که هر ۱۲ ساعت مصرف کنم و فردا برم سونو
الانم که ترشحاتم بیشتر شده خیلی میترسم من قبلا هم حاملگی پوچ داشتم ولی علائمم بااین دفعه خیلی متفاوت بود
کسی بوده مثل من ؟
لطفا جواب بدید
اگه تجربه ای دارید بگید
بنظرتون چه بلایی داره سرم میاد؟؟",5.756634677486968
397710897,عزیزم ، ایشالا به سلامتی تو بغل میگیری ش، یک بچه رو همه می‌خوان، حالا هم که تو نگهش داشتی، میاد همدمت میشه تو غربت ، منم غریبم ، الان خدا یک پسر بهم داده، خیلی شیرینه ، بهترین هدیه خداست، خوشحال باش و خودتو اذیت نکن، شوهرتم که بچه دوست داره خداروشکر,1.8713104343270626
400920350,اره سوزن بزار بانخش رو نبض دست چپت اگه رفت وبرگشتنی شد پسره اگه دایره وار میچرخید دختره برای من تجربه خوبی بود واقعا نتیجه داد,1.0942455856950815
thread_14672008_starter,"نیدونین که من پدر مادرمو ندیدم تو نوزادی جدا شدن بابامو عموهام معتادن
سه تا عمو‌ دارم هر سه طلاق گرفتن تو خونه ما میمونن البته من از نوزادی با مادربزرگ پدری زندگی میکنم ‌
مامانجونمم بیمار سرطانیه
یکی از عموهام یه پسر ۱۶ ساله داره که دست مادرشه الان مادر پسر عموم ازدواج کرده مثل این که پسر عموم سیگار میکشه
مدرسه هم نمیره میره کارگری
باباشم که بیکاره مواد و سیگارشو عموهای دیگم میدن تو خونه
حالا اسن شوهر جدید زن عموی سابقم پسر عمومو اورده بود دو خونمون که سیگار میکشه مدرسه نمیره پدرش نگهش داره
بنده خدا فکر میکرده الان پدرش یه مرد عادیه دیگه عمومو دید معتاد داغووون اصلا تو حال خودش نبود😂
پشیمون شد پرسید شغلت چیه عموم گفت شغل چیه؟ من هنوز بچم مامانم پول میده😂
مرده پسر عمومو برداشت رفت پشیمون شد
میخندم ولی جای تاسف داره واقعا
خانما ازدواج نکنین با همچین پسرایی",3.425440131591025
thread_14585161_starter,سلام خانوم کسی دکتری میشناسه تخصص اش پرینا لوتوژی باشه تومشهدممنون میشم بگین,1.0942455856950815
thread_17963985_starter,خانما کسی ای وی اف پیش خانم خشاوی انجام داده نتیجه چی بوده.   راضی بودیننننننن؟؟؟؟؟؟؟؟؟.,1.8713104343270626
thread_17914151_starter,"من قبل بارداریم کلا خیلی اهل دمنوش بودم، روزی یه ترکیب دمنوش درست میکردم میخوردم خیلی هم اهل نسکافه بودم..... مخصوصا دمنوش های آرامبخش مثل  گل گاوزبان و.... الان که اینارونمیشه خورد فقط یه چایی که اونم نمیچسبه واقعا ، مخصوصا باتهوعی که دارم
نوشیدنی های دیگم که شیرینه وقندداره  و درکل شیرینی جاتم میلم نمیره
شمابجزچای چی میخورین؟",1.8713104343270626
thread_16789567_starter,سلام مامانا من الان پنج ماهمه مدتی وقتی میشینم درد واژن و باسن میگیرم و وسط شکمم پایین درد میگیره هروز نیست.. سونو دادم کامل گفتن بچه مشکل نداره طول سرویکس هم عالی اما دکترم میگه اینا علائم زایمان زود رس کیا اینطوری بودن دکتره خیلی ترسوندم,4.202504980223006
413042956,"ببین مثلا آرایشگاه آن چنانی و فیلمبردار آنچنانی و چند مدل غذا و لباس عروس خاص و اینا ،نه،
یه چیز کوچیک و جمع و جور و ساده و مختصر
به نظرم،از هر چیزی،یه کوچولو باشه،بهتره،تا مثلا یه ماه عسل پاریس آدم بره،ولی یه جشن کوچیک نداشته باشه.
هم عروسی،هم ماه عسل ولی ساده و جمع و جور.",1.0942455856950815
thread_15637066_starter,"بچه ها من یه جلسه پیش یه روانپزشک رفتم و یه تعدادی ازمون ازم گرفت و بهم گفت اختلال اضطراب فراگیر شدید دارم
باید هجده هفته هفته ای یک جلسه برم پیش روانپزشک و دارو مصرف کنم
مشکلم اینجوریه که حتی وقتی اتفاق بدی هم نیوفتاده باشه، من توی ذهنم یچیزی واسه اضطراب میسازم
مثلا همین‌رلحظه که نشستم میگم اگه همین‌حالا پنج بار به دیوا نزنم داییم‌میمیره😐
یا میشینم سناریوهایی مثل بی خانمان شدن و ورشکست شدن واسه خودم میچینم و سرشون اضطراب بد میگیرم
یا مثلا کسانی که تاپیکای قبلی منو دیدن احتمالا میدونن من الان سه چهارماهه اضطراب بارداری شدید دارم
با وجود اینکه اصن رابطه نداشتم و از رو لباس زیر و شلوار و اینا فقط معاشقه بوده
بعد از اونم هر بار سر موعد پریود شدم مثل همیشه
اما همش حس میکنم درد و سوزش رحم و سوزش پهلو دارم یا فک میکنم شکمم بزرگ شده و یچی توش تکون میخوره و فکر میکنم بخاطر بارداریه
میرم چیزایی که راجب سقط جنینن رو میخونم یا میام همینجا رو میبینم که میگن تو بارداری پریود میشن
چیکار کنم؟ پول تراپیست خیلی زیاد درمیاد ندارم
واقعا دارم عذاب میکشم",5.756634677486968
403222694,"سلام من دقیقا توو این شرایطم
۸ ماهه باردارم سرکار میرم دلم کمک و یاری و همدلی میخواد
اما دریغ میکنن ازم
۴ ساله ازدواج کردم مادرم نیومده خونم تلفن هم نمیزنه همش فحش میده قهر میکنه
منم از قوی بودن خسته شدم",6.53369952611895
413954432,آزمایش ننوشت دکتر براش و همینجوری تجویز کرد متاسفانه منم نگرانم خصوصا که چند تا بیماری دیگه داره دخترم روی اونا تأثیر نذاره,3.425440131591025
407978532,خداشاهده دارم میگم این استرس از چیزی که داری جوش میزنی برات خطرناک تره اروم باش بابا...تو شش هفته خیلی انتظاراتت بالاعه... درست میشه خب؟ 🩷,1.0942455856950815
thread_16768790_starter,سلام من بارداری اولمه و 22 سالمه خیلی اطلاعات ندارم دو روز پیش بیبی چکم مثبت شد اینجور که خودم حساب کردم الان 4 هفته و 3 روزمه من ازمایشات قبل بارداری نرفتم و اسید فولیکم مصرف نکردم الان رفتم یه بسته گرفتم به نظرتون شروع کنم روزی یه دونه بخورم قصد دارم شنبه برم دکتر و این که اول بارداری چیکار کنم برم پیش متخصص یا برم بهداشت برای ازمایش خون و اینا,2.648375282959044
thread_13602884_starter,سلام خانما کسی مشکل بی خوابی شدید داشته خیلی افسرده شدم و بهم سخت میگذره به دکترم گفتم کلونوزپام دادم گفت دو هفته ای بخور که عادت نکنی خیلی نگرانم دیشب بعد یک هفته کفتم نخورم ببینم چی میشه باز تا الان بیدار بودم موندم چیکارکنم از ی طرف میترسم قرص ادامه بدم وابستش بشم و ضرر واسه بچه از ی طرف میگم بی خوابی من چقد میتونه به جنین اسیب برسونه😔,6.53369952611895
399153222,سلام منم آزمایشم در اوایل بارداری قندم۱۰۸بود‌مث شما چیکار کردین؟,1.8713104343270626
thread_13367002_starter,خانما من به هر دری زدم نشد قلبش تو ۶ هفته نمیزنه و دیروز دکترم گفت کنده شده و درست رسیده به دریچه رحمت داره میفته بخدا خسته شدم از درد خودم دلم شکسته کلی امیدوار شدم الانم نمیاد چند روزه خونریزی دارم دکتر گفت بذار طبیعی بیفته الان چیکار کنم؟ از زندگی موندم داغونم بخدا زعفران بخورم ؟ چیکار کنم🥺🥺🥺😭😭,7.31076437475093
403444721,"آره حتما.   چه بی خیالی خدایی.   یعنی چی؟
باید واسه خودت مهم باشه.     اگه شما بی اهمیت باشی.  اونهم دیگه براش مهم نیست.  و نتیجه.....",1.8713104343270626
337049933,"منم همینم
دارم سیزده هفته رو‌تموم میکنم اما حالم خوب نشده
اشتها ندارم هیچ غذای گرمی دوست ندارم ☹️🥲",3.425440131591025
thread_17787743_starter,من ۳ روز پیش رفتم سونو انتی که دقیقا اول ۱۲ هفته بودم crl زده ۵۳  و nt 1.78 زدم اینترنت نوشته nt بالاست نسبت به crl واسه ۳ شنبه نوبت دکتر دارم.تا اون موقع چیکار کنم خیلی استرس دارم.سونو که رفتم پیشش خیلی ماهر نیست شهرما همین یکیو داره برم شهر دیگه فردا سونو انتی بدم دوباره؟,5.756634677486968
374245737,"تقصیر خودمه تا پول تو کارتم هس نمیخرم
وقتی تموم شد ب یادش میوفتم
یکی دیگه خیلی خرج الکی میکنم
با دخترم میریم بیرون
هر روز تقریبا نزدیک 200 یا 300 براش خوراکی میخرم
دلم نمیاد بهش ن بگم",4.202504980223006
380382861,"واقعا حق داری ،دیگه کی از مادر عزیزتر،
منم اگه فاتح خونی عزیزام نیان منم نمیرم
اما برای اینکه شوهرم از جمع خانواده‌اش نیفته
میرم ولی با هدیه‌های ارزان قیمت یا اصلاً نمیدم",2.648375282959044
408627883,نمیدونم چیکار کنم شما بودید چیکار میکردین,2.648375282959044
368306370,خودمم خیلی به این فک میکنم ولی ایندشم که خیلی کاری از دستم براش برنمیاد هم هست باید در نظر گرفت. از طرفی هیچ دیدگاهی از تولد فرزند خودم ندارم نمیدونم اصلا چجوریه لحظه زایمان و بعدش از از نظر احساسی ؟ تا حالا بچه ای نداشتم و آیا اصلا باید احساسی تصمیم گرفت؟,3.425440131591025
406355020,"عزیزم میشه منو راهنمایی کنی؟
من از بعد تموم شدن پریودیم یعنی 11 دی اقدامم شروع کردم
تا 19دی ک تخمک گذاریم میشد
اما الانک 11روز مونده به پریودیم کمردرد دارم و نوک سینه درد دارم .. ینی علائم تخمک گذاری!!!
ممکنه همه تلاشام بی نتیجه باشه ینی؟",3.425440131591025
401085637,اصلا نمیزاره از عصر کلی باهاش صحبت کردم فقط فرار میکنه و گریه😢,3.425440131591025
thread_15897989_starter,بیبی چک زدم مثبت در اومد ولی پخش شد,1.8713104343270626
thread_9448722_قاصدک750_1401/07/12 11:14,دخمل دارم اوایل اسفند به دنیامیاد بعد 7سال نازایی و دوتا سقط.البته از زایمان میترسم😟,2.648375282959044
356412526,منم حرفم همینه،چرا تلاش های من نادیده گرفتن و الکی به دروغ گفتن،مدیرمون بهم گفت من گفتم خانم فلانی رو ما خوب میشناسیم اصلا اهل این حرفا نیست،ولی احساس سرشکستی دارم،اخه همکارم متوجه اعتراض اولیا شدن,4.979569828854988
thread_16662977_starter,یه پسر سه ساله دارم و دومی و باردارم و اینبار دوقلو شدن ویار شدید به خونم دارم و دلم فقططط خونه ی مامانمو میخواد حتی اونا میرن بیرن من نمیرم میمونم خونه و فقط درو دیوارو نگاه میکنم احساس افسردگی دارم امشب بزور شوهرم باز باید برگردم ونه ی خودم و خیلی ناراحتم😔,4.979569828854988
413549724,سلام عزیزم خیلی ممنون ، انشالله که خیلی خیلی زود به حق امام زمان باردار بشی و به نی نی سالم و صالح خدا بهت بده که بشه چراغ دلتون ، فقط خواهش میکنم به بارداری فکر نکن ازش دور شو راز باردار شدن من این بود که دیگه انتظار نداشتم باردار بشم واقعا بیخیالش شده بودم داشتم فقط به خودم توجه میکردم میدونم سخته ولی واقعا آرامش روان تنها کلید بارداری فکر و خیال و استرس تورو از خواستت دور میکنه امیدوارم خبر خوش بارداری تو همینجا بهم بدی عزیزم,1.8713104343270626
thread_13505236_starter,من تو بارداری اول دچار مسمومیت بارداری یا پره اکلامپسی شدم بچه خیلی زود بدنیا اومد و فشار خونی شدم...الا بعد دوسال و نیم باردار شدم دکتر گفت خانم چرا قبل بارداری مشورت نکردی چون هم وزنتون بالاست هم احتمال تکرار اون موضوعا زیاده میگن برا بار دوم مسمومیت بارداری خطرناکتره عوارضش حتی باعث مرگ میشه...الا قلب بچه تشکیل نشده میخوام سقط کنم دکتر اجازه نمیده...بچه ۶ هفته است...,6.53369952611895
257729451,به چه قیمتی💔💔💔💔💔,1.8713104343270626
411842700,"ببینید من یک املتی بلدم که تو تهران با قیمت ۵۰۰ میکنن تو پاچه ادم
گوجه و سیر اگه نمیدوستی پودر سیر یا پیاز بزن بعد فلفل و نمک اضافه بونوما
بعد تخم مرغ بزن بعد یکمم سبزی ریز شده برای خوش طعمی زیاد بریزی طعم سبزی میگیره🚶🏻♀️",1.0942455856950815
thread_7389673_مرغانه_1400/07/14 09:58,خواهش میکنم .فامیلامون که نمیدونن این خاک تو سرمن شده ولی خب من واقعا خیلی شکننده شدم این روزا،هرصبح که پامیشم توقع دارم موهام سفیدشده باشه ازبس غصه میخورم تکون میخورم منتظرم اب از پاهام بیاد پایین و کیسه اب باشه!,6.53369952611895
thread_15209699_starter,سلام خواهشا جواب بدین خیلی نگرانم. من امروز روز 31ام سیکلمه و متوجه شدم که باردارم، دیروز یدونه آمپول دگزامتازون تزریق کردم بخاطر سرماخوردگیم خبر نداشتم باردارم. دیدم نوشته بودن جنین لب شکری میشه.      کسی تجربه ای داره تو ماه اول دگزا زده باشه و این مشکل برای بچش پیش بیاد ؟,4.979569828854988
321773819,"حق داری عزیزم
خدا دلتو آروم کنه
این شتریه که دم در هر خونه ای میخوابه
همسرتون هم یه روزی پدر و مادرش رو از دست میده
کاش کمی درک کنیم
من برادرم یک هفته قبل نوروز فوت کرد
خانواده همسرم توقع داشتن من ریلکس برخورد کنم
بعد دو هفته باربرون برادرشوهرم بود
مادرشوهرم خیلی ریلکس تماس گرفت که پاشو بیا
متاسفانه درک نکردن بقیه خیلی بدِ
نجنگ با همسرت
چون درکت نمیکنه",3.425440131591025
thread_14493340_starter,"خانوما من تنبلی داشتم دکتر کابرگولین داد و متفورمین الان 3 هفتس پربود نشدم ولی بیبی زدم منفی بود
دوبار رابطه داشتم فقط😭😭
ب نظرتون برای هورمون هامه ک نشدم یا باردارم😭😭",3.425440131591025
thread_18138891_starter,"سلام بچه ها من چند سال پیش از یه نفر خوشم اومده بود
سر یه موضاعاتی دیگه ندیدمش ولی پیشنهاد مو بهش دادم
الان دیگه نمیبینمش ولی دوستشو میشناسم
بنظرتون به دوستش چی بگم",1.8713104343270626
412947090,"بگو خرجیشو تو قراره بدی فاز برمیداری دستور میدی
از کی تا حالا مادرشوهر دخالت میکنه تو بچه دار شدن
بگو لطف کن ی ده بسته پوشک با برند خوب بگیر چشم من میزام",2.648375282959044
413946638,"واااااااای منم میخوام اسلیو کنم ولی هزینه اش خیلی بالائه
بعدم از اینکه سوند وصل کنن وحشت دارم
از نمیشه هوشیاری بعد عملم میترسم میگن اون موقع مردم زیادی چرت و پرت میگن بعدا یادشون نمیاد🤭🤭🤣😢",3.425440131591025
thread_18141367_starter,"قبلا ۷روزه بودم چند ساله ۳روزه شدم  ازمایش و سونو دادم گفت نرماله همچی اما تا نرم دستشویی نمیفهمم پریودم اصلا هیچی رو نوار نیست
اندومترم ۷میل بود بنظرتون کمه؟",1.8713104343270626
thread_12610447_starter,"چهار تا دم عقد رفتم بعد متوجه شدم بهم زدم
یکیشون تیک های عصبی بدی داشت بخدا گفتم مهم نیست نزدیک عقد بخاطر اینکه جواب ازمایشش مثبت نشه قرص هاشو نخورده بود یه صداهای بدی میومد ازش بیرون
یکیشون متوجه شدم ژنتیکی مشکل دارن و ممکنه بچه منم در آینده مبتلا بشه
الان هم یدونه خواستگار دارم سه جلسه اومده خواستگاریم داخل خونمون و من جلسه سوم متوجه شدم میلنگه راه می‌ره و متاسفانه جلسه دوم پدرم متوجه شده بود اما از روی دلسوزیش بمن نگفت و فقط گفت لاغرها هیکلش خوب نیست ک من بهم بزنم و واقعا هیکلش بد نیست شاید الان بگین چرا جلسه سوم متوجه شدی بچه ها ما مذهبی هستیم و زیاد نمی‌تونستم جلوی مادرش نگاه راه رفتنش کنم ولی جلسه دوم شک کردم این یجور خاصی راه می‌ره این جلسه ک خوب نگاه کردم متوجه شدم که میلنگه و ازش پرسیدم خودش گفت منتظر بودم این سوال رو بپرسید خب مرد مومن چرا جلسه اول نگفتی اصلا چرا منتظر من موندی ک بپرسم الان موندم چطوری جواب رد بدم ک دلش هم نشکنه از طرفی هم ۲۴ سالمه خیلی نگرانم ک همین جوری مجرد بمونم",5.756634677486968
thread_18139885_starter,"سلامم
میدونید تیزهوشان انسانی چند نفر رو قبول میکنه؟",1.0942455856950815
thread_13079632_starter,"من همیشه دوست داشتم یه دختر داشته باشم دیگ نزارم بچه دار بشم.. همیشه از بچگی احساس تنهایی میکردم چون خواهر نداشتم و داداشام خیلی اذیتم میکردن همیشه دعوا،همیشه تنها تو اتاقم بود بعضی وقتا یک سال باهم قهر بودیم...وقتی ازدواج کردم راحت شدم حتی ارامش گرفتم دیگ زیاد عصبی نبودم
الان باردارم و بچم پسره از اوایل بارداری سعی کردم با این قضیه کنار بیام و به روی خودم نیارم اما هنوزم ته دلم میگم کاش دختر بود..یجورایی میترسم دوباره اتفاقای گذشتم تکرار شه😔پیش خودم میگم خودمو بدبخت کردم تازه زندگیم مثل ادم شده بود انقد درد میکشم الان میگم کاش دختر بود ارزش درد کشیدن داشت
البته اینا همش تو دلمه به کسی نگفتم و خیلی سعی کردم باهاش ارتباط بگیرم یه مدت خوبم ولی تا یذره اذیت میشم پشیمون میشم",6.53369952611895
383694798,"برای من پیش اومد و ناراحتم چرا دکتر نرفتم
گفتم خودش خوب میشه نفس تنگی و سرفه ی شدید منجر به زایمان زودرس شد",4.202504980223006
thread_17498121_starter,"سلام کسی بوده شرایطش مثل من باشه؟
با حساب پریودم امروز ۵هفته و ۴روزم
ولی سونو واژینال فقط ساک بارداری دید و اونم گفت ۴هفته ام و قطب جنینی و کیسه زرده بخاطر سن پایین بارداری رویت نشد
گفتن یه ۱۰روز دیگه سونو رو تکرار کنم
اینم بگم بتام یه روز بعد تاخیر ۹۷بود
۵روز تاخیر شد نزدیک ۴۰۰
کسی بوده اینطوری باشه و جنین و ضربانش بعد ۱۰روز دیده بشه؟خیلی حالم بده چرا اینجوری میشه اخه😭راستی دکتر خودم دسترسی نداشت یه جا دیگه رفتم گفت شیاف هر۱۲ ساعت بزنم تاثیری داره؟",5.756634677486968
thread_17665660_starter,"خانما من تازه هفته چهارم بارداری ام
و دکتر خودش ازم آزمایش گرفت و گفت بتا پایینه ممکنه تو یک هفته آینده به خونریزی بیفتی
شکم درد های خیلی بدی دارم و دو بار هم لکه خون اومده الان یعنی جنین داره سقط میشه؟
اگه تجربه ای دارید بگید",6.53369952611895
thread_12785738_starter,"سلام
من طبق پریود ۶ هفته و ۶ روز هستم
الان رفتم سونو میگه ۵ هفته و یک روز
فقط ساک ۱۰ میلیمتری هست
هیچی دیگه ندید
۱۰ روز اختلاف بین پریود و سونو غیرطبیعی نیست؟
چیکار کنم 😔",4.202504980223006
360039665,از مشاور راهنمایی بگیر، اینجا هرکسی بر اساس ویژگی های خودش تجربه کرده برای یکی رژیم خوبه برای یکی خوب نیست، چند کیلویی مگه؟,1.0942455856950815
373869226,"من خواهر کوچک ترم ازدواج کرد حتی
بعد خب خیلی اعتماد به نفسم پایین اومد و خجالتی شدم
کلا کسی ازم خوشش نمیاد
نمی‌دونم دلیلش چیههه
جلوهم بیان میان خواستگاری خونه و وسایلا نه خواستگاری دختر
منم از مجردی متنفرم هرکی میاد تو کی شوهر میکنی
اصلا تهران دیگه پسر خوب نیست اونا شهرستان من هر روز خدا خواستگار دارنن همشونم سنتی خیلی هم ازدواجاشون خوب در میاد
ببین اگر اینکه با یه شهرستانی ازدواج کنیم",5.756634677486968
398042046,"الان  شده خونریزی ولی زیاد شدید نیست اول صبح زیاده با شبا
دیشب چنان دردی گرفتم گفتم داره سقط میشه
ولی امروز دردم بهتر شده  نمیدونم چه کنم",4.979569828854988
thread_9761392_قومرداب_1401/09/06 09:21,آخی عزیزم..ناراحت نباش ویارت کم کم بر طرف میشه بچه خوبه وقتی بیاد درسته اولش سخته ولی بعد عادی میشه برات... کارمند هم هستی؟,1.0942455856950815
thread_17266990_starter,می‌خوام قوی باشم در برابر پانیک استرس من چند وقتیه ک  همش ی فکری اذیتم می‌کنه میترسونه منو کاری هم از دستم بر نمیاد انگار مغزم بهش عادت کرده هم صبح ک میشه چشم باز میکنم تا شب این بهم استرس میده چیکار کنم ک از سرم بیوفته اونم اینه ک همش میگه چرا ت دید جدا داری ت تنهایی ی حس غریب بهم میده ی حس ترس چیکار کنم اگر شما این طوری بودین چیکار میکردین؟ خب آدما دید جدا دارن همه ولی نمیدونم چرا مغزم گارد گرفته نسبت ب این موضوع ک هی میگه تو تنهایی کسی از چشمای تو دنیا رو نمی‌بینه وناخوذاگاه تمام تنم استرس میگیره خیلی بده حسش می‌خوام مبارزه کنم اما چطوری هر طور هم بگید خواستم ذهنم قانع کنم نشده الان چند هفته گذشته و من همش این طوریم باردارم هستم دارو نمی‌خوام بخورم,7.31076437475093
368153749,"نمیفهمن چه خبره
بخدا تا الان ۴۰ میلیون خرج کردم هنوزم هیچی
عکس رنگی رحم دردش خیلی زیاده
دکتر میگه سالمی
شوهرم عمل کرده روی شش تا قرص میخوره تا وقتی بچه دار شیم
ماهی سه میلیون قرصش میشه
قدر نمتی که خدا بهشون داده نمیفهمن",6.53369952611895
thread_12347755_starter,"۱۸ هفته و ۲ روز رفتم گفت پای راست کلاب فوت شدید و پای چپ کلاب فوت خفیف داره
روحیم بخاطر این موضوع از دست رفته...
البته تو سونوهای ان تی و انومالی و غربالگری اولم شکل دیگه ای نگفتن
کسی تجربه ای داشته ؟
نیاز هست برم آمینوسنتز یا سلفری انجام بدم؟گرچه دیره و نمیخوام سقط کنم ولی میترسم مشکل دیگه ای باشه",6.53369952611895
thread_10066266_starter,"سلام خانوما من امروز بازم رفتم آزمایش بتا دادم و سونوی بارداری.سونو که گفت هیچی تو رحمت نیست و هنوز در حد لانه گزینیه.
دیشب خیلی گریه کردم سه روزه با شوهرم سرسنگینیم
خیلی بچه دوس داره ولی من نمیخوامش علت اصلیشم مشکلات جسمی و بدویاری و بچه کوچیک و دست تنها بودنمه.قول داد اگه قلبش تشکیل نشده باشه بزاره سقط کنم ولی میدونم بعدش بیچارم میکنه.حالا دکتر گفت تو که چیزی تو رحمت نیس حتی دارو بخوری انقباضات برا رحمه و چیزی نیس که دفع بشه صبر کن تا دو هفته دیگه.خب تا اونموقع قلبش تشکیل میشه
من خیلی حالم بده لطفا اگه کسی میخواد حرف بی ربط بزنه از تاپیک من رد شه",7.31076437475093
381970182,"خداوند جوری با بنده ش تا میکنه که بنده ش بهش گمان داره!
چرا بجای ناامیدی و متهم کردن خداوند،یکبار عاشقونه بهش دل نمیدی و مطمئن نمیشی که دستت توی دستشه و رهات نمیکنه؟
ذهن تو بزرگترین دشمن توئه و کنترلتو بدست گرفته و داره نابودت میکنه،بزن توی دهن ذهنت و ساکتش کن،نشخوارهای فکریتو بریز دور و از ته دل به خداوند مهربون دلتو بسپر!
پاشو وضو بگیر و دو رکعت نماز بخون،باعشق سجده کن و بخدای مهربونت بگو درمونده شدم از همه جا،هیچکاری ازم برنمیاد،فقط تو واسم موندی،میدونم که قدرتمندی،میدونم دوستم داری و کمکم میکنی،خدایا تموم نگرانیهامو به خودت سپردم،واسم حلشون کن🦋",1.8713104343270626
370556287,"کار خوبی کردی دختر بخوایی برگردی بد ترین خیانت و در حق خودتو و بچت گردی واقعا می‌گم
آدم خیانت کار هیچوقت هیچوقت عوض نمیشه",1.0942455856950815
thread_9675131_حسناامیدم_1401/08/22 22:43,"اونکه گذشته رفته
با گریه و استرس الانت حتما آسیب میزنی جلوی خودتو بگیر
قرآن بخون برو سر سجاده با خدا دردو دل کن تا آروم بشی
استرس میدونم بده برای جنین",1.0942455856950815
thread_18018902_starter,"خانوما من سزارینم و دوماه مونده به زایمانم اواخر فروردینه زایمانم.
تو بارداری اولم اصلا همچین حسی رو تجربه نکردم ولی الان انگار حس میکنم بچه خیلی پایینه و ضربه هایی که میزنه نزدیک به وا.ژنم حس میکنم
انگار یه حس انقباض مانند داره همش حس میکنم الان بچه میزنه بیرون.
دیروز دکتر بودم هیچ سونو و معاینه خاصی انجام نداد خودمم یادم رفت این موضوع رو مطرح کنم یکی دو روز دیگه دوباره تایم داره دکترم که برم.
دارم از استرس سکته میکنم بنظرتون طبیعیه یا نه اینکه حس میکنم بچه خیلی پایینه و ضربه هاش سمت شکم نیست انگار سمت واژنمه😩
اسنرس گرفتم نکنه زود دنیا بیاد اخه تازه وارد هشت ماه شدم خیلی زووووده",7.31076437475093
342454532,"دیشب
پریشب
و..
مهمون داشتم
خستمه ..میفهمی خسته🤣
خب مرغ مزه دار کردم تا ببینم  یا جوجه یا آب پز و سرخ
نون بگیره همسرم خوراک مرغ و گوجه",1.8713104343270626
365423974,دقیقا وقتی صد تو برای بقیه میذاری توقع همدلی بیشتری داری منم دیگه هیچ وقت اون دختر گرم و با محبت سابق نمیشم,3.425440131591025
394046897,"در این مورد نمی گم. اما اسمی نیست که با تمسخر بگه «اسم دختر خودتم باشه میذاری؟...»
من خودم عاشق اسم سلما هستم. آلا هم واقعا زیباست.
سما هم اسم دختر خودمه
نمیگم که الزاما ام البنین بذارید 🙂",1.0942455856950815
383055415,"اگه آستانه تحمل دردت بالاست انجام بده
چون عمل دردناک و سختی هست",1.0942455856950815
405336502,منم بچه اولمه اکر خدا بخوادابانماه سقط داشتم دیکه بعد سقط پریود نشدم باردار شدم اصلا نمیدونم چند هفتمه بتا ۳۲۵بود خیییلی احساس ضعف و کرسنگی دارم و دلدرد پریودی سینه درد از دیشبم تخمدان چپم تا کشالع رونم تیر میشکه,3.425440131591025
331153499,"روشن و‌ابدار مگه هندونه اس
جدا ازی حرفا برای پوست روشن آب زیاد بخور میوه و سبزیجات شیرینجات و غذای فست فودی و چرب و گوشت خیلی کم بخور مایعات خیلی تو روشن کردن پوست تاثیر دار مواد شیمیایی همین کرم و چیزای اشغالی ب صورتت نزن ماست بذار رو صورتت شبا صورتتو هر شب و صب بشور یه ابرسان خوبم بزن ب صورتت من 38سالمه هیچ وقت کرم نمیزنم صورتمو عین ایینه صافه صورتم پوستتم روز ب روز روشنتر میشه با وحود سه تا زایمان ک کردم",1.0942455856950815
thread_15578009_starter,"بالای ابرو لکه محو روشن تر از پوستم افتاده در حد نیم درجه روشن تر از پوست هست و اون قسمت موهاش ریخته
کسی تو بارداری اینطور بوده لکه محو تقریبا روشن تر از پوست داشته باشه ؟",1.8713104343270626
413941725,هرکسی پوستش ی ژل خاص میخواد یا بدنش ی روغن خاص باید بری پیش متخصص با توجه ب پوستت برات ی ترکیب کنه بسازه مثل سلبریتی ها,1.0942455856950815
326391943,تو دعوا اگه مقصر خودتی حتما پاپیش بزار و عذرخواهی کن حتما براش یه کادو بگیر و یه یادداشت عاشقانه هم کنارش بزار اینجا عده ای میگن تو هم محل نده دوری کن اما بخدا که بیشتر زندگیا بخاطر لج و لجبازیه که خراب میشه,1.0942455856950815
thread_13621306_starter,"دوروز دیگه وقت سزارین دارم از دیروز عصربالای  کشاله ران سمت راستم تیرمیکشه شدید درد میگیره جوری که اصلا نمیتونم تکون بخورم سفت هم شده بود شب چرب کردم وقذص خوردم بهترشد تو خواب الان بیدارشدم سفتیش رفته ولی درد کمی کمترهست چیکارکنم طبیعیه یانه
الانم وقت ارایشگاه دارم خونمم فردا قراره کمکی بیاد بچینم",4.202504980223006
thread_14025896_starter,دیشب لکه بینی نارنجی داشتم نه معلوم بود خون بود نه معلوم بود نبود زرد پررنگ بود. و امروز لکه های قهوه ایی دارم و این دلم یکم درد میکنه و بالا دلم زیر سینم حس میکنم کامل گرفته  کمر دردم کم دارم درد زیاد نیست و اذیت کننده نیست ساک جنینو دید سونو ولی گفته ده روز دیگه برم برای سونو بعد,3.425440131591025
249430380,"یک دنیا ممنونم
به پشتوانه دلگرمی که دادین مراجعه کردم کلینیک شبانه روزی دندان پزشکی
دکترش گفت باید نامه از متخصص زنان بیاری تا ما پنی،سیلین تزریق کنیم التهاب فروکش کنه بتونی دهن باز کنی و چون هفته های آخری بهتری صبر کنی درمان پس از زایمان انجام بشه",1.8713104343270626
thread_13681327_starter,"کیا معجزه تشکیل قبل و دیدن
خانم ها طبق پریود الان۸هفتمه ولی سونو میگه ۶هفته و فقط ساک بارداری دیده میشه.
دکتر گفت ۱۰خرداد برم دوباره سونو که دیگه معلوم بشه
۴۰٪شانس داری
ترووخدااااا دعا کنین
از دیروز لکه بینی دارم چون رابطه داشتم .
یه سقط هم قبلا داشتم
دکترم امروز گفت ساک بارداری سالمه و برای خونریزی و لکه بینی هم شیاف و هپارین و ادامه بدم.",6.53369952611895
thread_15112662_starter,"۱۴ هفتهم
هیچی نمیخورم
جز پرتقال و چند لقمه غذا
چشمام گود شده زیرش😢
تهوعم تقریبا رفته بود اما باز یکم برگشته و قرص دمیترون میخورم دوباره روزی دوتا
و معدم اذیت میشه بعد غذا و هیچیو معدم نمیگیره😣
چیکار کنم بتونم چیزی بخورم و میلم بگیره و اشتهام باز شه",4.979569828854988
374922912,"نه اتفاقا من ۱۸سالگی مادر شدم خیلی با پسرم حرف میزنیم
دخترام هم همین طور با اینکه کوچیکن هنوز چلی زیاد حرف می زنیم
در کل آدم پر حرفی هستم کسی خونه نباشه الکی با یک حرف میزنم
فکم که نجنبه و حرف نزنم اعصابم بهم می ریزه
نوزادی پسرم یادمه با کریر می ذاشتم رو کابینت دستور پخت غذاهارو براش میگفتم ،خلاصه این قدر حرف میزنم که بچه هام مجبور میشن زود به حرف بیان",1.8713104343270626
thread_9052887_کاپو_چینو_1401/04/29 21:18,"خب قلبش اوکی بود
هماتومی چیزی نبود؟
باید بفهمی از چیه لکه بینی
کارسنگینی چیزی انجام دادی
بگو دکترت شاید عوض کرد شیافتو",1.0942455856950815
406823056,"نه برا من فقط یه ساک کوچولو تشکیل شده بود ک پایین تر از حد طبیعی بود
بدون هیچ دردی با خونریزی دفع شد",1.8713104343270626
thread_18138935_starter,"دوس پسرمه ک خواستگارمم هست
گاهی وقتا خیلی کم پیش میاد اینطوری بشه خیلی ناراحته به من نمیگه میگه میشه لطفا ازم نپرسی و شامشو میخوره زود میخوابه
کلا ناراحته فک کنم مشکل خانوادگیه
ولی بهم نمیگه باهامم حرف نمیزنه درد و دل کنه
فقط میگه بزار تو حال خودم باشم
عادیه؟؟؟؟؟؟؟",3.425440131591025
thread_6968946_starter,"باردارم وبچه اولم هست قبل بارداری یه ذره رعایت کردم که بچم پسربشه  چون کلا دیگه قصدباردارشدن نداشتم فقط یه پسرمیخاستم برای بسته شدن دهن خانواده همسرم تا سونی انتی که بهم گفت بچتون پسره و خودم وهمسرم خوشحال شدیم ولی وقتی سونوی بعدی رورفتم بهم گفت بچت دختره ,حالم دگرگون شد اصلا انتظارنداشتم حالا از اون روز ۱۳روز میگذره ومن حال خوبی ندارم همسرم همون روز اول به خوبی با قضیه برخورد کرد اما من همش ناارومم پسربچه هارو میببنم فقط بغض میکنم,لباسای نینم رو پسرونه گرفته بودم الان میبینمشون ....توروخداکمکم کنین تا حالم خوب بشه بیشترازاین شرمنده خدا و دخترم نشم توروخدا بهم تجربه هاتونو بگین تا خدا قهرش نگرفته ازم محتاج حرفاتونم",6.53369952611895
thread_9637429_starter,سلام بچه ها من ديروز سونو ان تي رفتم دكتر گفت بچت تو حالت درستش نخوابيده و از صبح تا شب مجبور شدم تو مطب منتظر بشينم كه 5بار سونو رو برام تكرار كرد و هر بار با دستگاه سونو فشار زيادي ميداد و ضربه هاي محكم ميزد تا بچم حركت كنه و خيلي دردم ميگرفتم امروز از صبح  ببخشيد از داخل واژنم تا جايي كه ني ني هست حس ميكنم يه سوزن بلند وارد ميكنن استراحت كردم يكم بهتر شده ولي ميترسم خطرناك باشه بنظرتون طبيعيه اين درد يا نه؟😕,5.756634677486968
thread_17604946_starter,مامانا ببخشید خیلی معذرت...من از واژنم ترشح آبگی رنگ شیری میریزه ببخشید انگار شیر از واژنم بیاد اونجوریه یا اگ ترشح میریزه انگار دورش آبه..یه هفته پیش رفتم سونوگرافی گفت آب دور بچه طبیعیه ولی من الان خیلی میترسم از کیسه آبم نباشه بنظرتون دوباره برم دکتر زنان سونو بنویسه یا اینکه طبیعیه کسی تا حالا اینجوری بوده؟!,4.979569828854988
363186005,ستاره جان من از موقعی که توی سایتی میشناسمت و تاپیک هات رو دنبال میکنم. و انقدر که دختر قوی هستی بهت افتخار میکنم. به نظرم بذار بیاد خواستگاری. اگر نخوادت که یه بهونه ای میاره نمیاد. اگر اومد شرایط رو دید  پشیمون شد هم که زودتر میشناسیش وقتت رو باهاش تلف نمیکنی. اگر با همه شرایط موند هم که چه بهتر,1.0942455856950815
thread_14802157_starter,سلام من یه سقط تو 18 هفته داشتم همه ازمایشات ایمنی انقادی و ژنتیکی هم انجام دادم و نرمال بودن، یه دکتر میگه باید واسه بارداری محض احتیاط اسپیرین و امپول استفاده کنی و یه دکتر دیگه میگه وقتی مشکل انعقادی نداری و ازمایشاتت نرماله نیازی نیست، الان من موندم چیکار کنم،میترسم دوست ندارم دیگه سقطا تجربه کنم,4.979569828854988
361239670,"صبح تو همون تخت هستی نون خشک یا نون سوخاری یا بیسکوییت بخور
بذار اسید معده رو بکشه
اینجوری تهوع کمتر میشه
من یکم همونجا مبموندم بعد نیم ساعت یک ساعت بلند میشدم  بهتر بودم
ولی همون لحظه بلند میشدم بالا آوردن حتمی",1.0942455856950815
404512828,به نظر من صبر کن چون ممکنه تا 8 هفته قلب تشکیل بشه بعد زود بری ببینی تشکیل نشده استرس میگیری و اینا اون استرس تو بارداری سمه واقعا یکم صبر کن با خیال راحت برو,1.0942455856950815
thread_11189321_روزاخانم_1402/03/07 02:23,"تا کی میخوای تو کانالای الکی بچرخی و بیخودی نتو حروم کنی
تواین کانال عضوشو تا بهت بگم باهمین گوشی تو دستت میتونی کسب درامد کنی و دستت توجیب خودت باشه سریع عضو شو ک تعدادمحدوده😍😍😍👇👇👇
https://rubika.ir/joing/ECEGEJAG0AKGXGMAPMHRYFINVHRAFVMQ",1.0942455856950815
347465549,"[QUOTE=347465243]تو شهر ما که هیچ کس مبتلا نشده خداروشکر[
خداروشکر
ان شاالله که شما هم موردی براتون پیش نیاد
میشه بپرسم کدوشهر و استانید؟",1.0942455856950815
290822978,"من تو سایتا جوابای متفاوت خوندم ، بعضی سایتا گفته بودن خوبه
بعضیا نه
اینه که سوال شد برام",1.8713104343270626
375780386,"ما شب تا صبح بازیم جدید اومدیم شهر کوچبک نمیدونم امشب چی میشه
بریم هوا یا نه",1.8713104343270626
261753547,من نزدیک ۱۷ هفته و ۵ روز عزیزم خب بهتره برید چون هم از تشکیل قلبش مطمئن میشید هم از این که خارج رحمی نیست و اینا اگه خارج رحمی نباشه و بدونید نیاز جدی نیست واسه قلبش من مادرم خودم حتی نمی دونست بارداره ۳ ماهه متوجه شد اون موقع هم موقع ان تی بود فقط رفت ان تی,1.0942455856950815
406832104,"بی حسی. هم عوارضش کمتره.
هم وقتی نی نی بدنیا میاد برات ارتباط پوست با پوست میگیرن.
وای نگم از اون لحظه که دلت نمیخواد هیچ وقت تموم شه 🥹",1.0942455856950815
thread_16318303_starter,"آیا کسی که رابطه دخول نداشته و حتی بدون دخول هم مایع منی نزدیک واژنش نریخته  قرص اورژانسی بخوره
سرموعد پریود میشه یا زودتر یا دیر تر
من گفته بودم اصلا ن دخول ن حتی سطحی رابطه نداشتم
فقط ی معاشقه بوده اونم یکم آلتش ترشح داشته و نمناک بوده  طوری نبوده ک خیلی باشه
شورت و شلوار جین پام بوده فقط یکم ب شکمم برخورد داشته و تاپم
قرص هم خوردم از ترس",4.202504980223006
335566278,"۲۱ ساله ازدواج کردم در خدمتم
ب نظرم خیلی یهویی جبران نکن
ب مرور
البته نخوندم چرا با همسرتون بد رفتار کردین",1.0942455856950815
thread_12626461_starter,باهاش وقتی پدری ۸ ماه ندونه زن و بچش زندن مردن گرسنن تشنن میخوام چیکار دلم شکسته راضی نیستم تا عمر دارم دیگه ببینمش خیلی دلمو شکسته حالا اونروز بعد ۸ ماه دیدم زنگ میزنه منم گذاشتم رد تماس تواین ۸ ماه چقدر زنگ زدیم وگوشبش خاموش بود چقدر اس دادیم الان واقعا دیگه به زندگی بدون اون عادت کردیم روزای سختمون گذشت میخواستم آبرومون نره کسی ندونه پدرم غیبش زده ولی وقتی دوست و دشمن آشنا همه فهمیدن دیگه اومدنش چه ارزشی داره مایه ننگه به یکی از آشناها گفته شب یلدا رو میخوام برم پیش خانوادم واقعا دیگه منتظرش نیستیم یلدارو مامانم میره شهر خودشون پیش مامان بزرگم ماهم میریم خونه پدرشوهرم ازالان ته دلم میلرزه که نیاد اونجا پیش اون همه آدم آبروم بره خودمم باردارم دفه قبل اونقدر خون جگرم کرد فشارخون بارداری گرفتم بچم ازدست دادم همسرم همش گفت همش تقصیر پدرته که انقدر گریه کردی و غصشون خوردی ولی الان به آرامش کامل رسیدم میترسیم بیاد بازم فشارم بره بالا دیگه میترسم از همه چی بعد ۸ سال دوستدارم بسلامتی بارداریمو بگذرونم بچم بگیرم بغلم 🥺,8.087829223382911
373913392,آره  عزیزم اوایلش شوکه شدم...بچه ی اولم هم بسیار بد واکنش نشون داد..اما الان دوسش دارم وقتی تکون میخوره دوسش خواهی داشت...تازه من خیلی ویارم فاجعه بود بعد تشخیص سقط دادن یه هفته استراحت مطلق تا بعد معلوم شد سونو اشتباه بوده ...این داستان سقط به نظرم گوشم رو پیچوند که ته دلم هم نگم نمیخواستم این لچه رو ...بم که گفتن یه هفته تمام گریه کردم...خدا برامون بد نمیخواد عزیزم,2.648375282959044
354205023,"خدا ازشون نگذره اگه واسه پول این کارارو میکنن
قشنگ حستو درک میکنم من روزی هزار بار میمردمو زنده میشدم از ناراحتی خیلی روزای بدی بود برای من
بخاطر همین استرسا اصلا خاطره خوبی از دوران بارداری برام نموند
به نظر من اگه وقت داری تا ۱۸ هفته اول سلفری بده اگه خدااااااایی نکرده گفت جوابش خوب نیسن بعدش برو آمینو
من شنیدم وقتی سلفری جوابش خوب نباشه خودشدن رایگان ازت آمینو میگیرن
ولی من میدونم تو هم دلت قرص باشه که بچت سالمه مطمئن باش",4.979569828854988
thread_15896690_starter,"انگار مسخرم میکردن🥲🥲 خب دکترم گفته استراحت مطلق کن دوهفته پیش لکه بینی داشتم به خاطر همون وسواسی شدم و اگه جایی هم برم آروم قدم برمیدارم خالم میگف خوبه هشت ماهت نیست
دیروز هم داشتم از حیاط مادربزرگم میومدم بیرون ی لحظه برگشتم پشتمو نگاه کنم دیدم دختر خالم ادامو درمیاره خالمم از خنده داشت غش میکرد
دختر خالم طلاق گرفته دارن از حسودی میترکن",4.979569828854988
thread_13794375_starter,"سلام من ۱۳ هفته باردارم و دکتر سنوگرافی م گفت نتیجه nt عالیه همچی خوبه
ولی دکتر زنانم آزمایش سل فری نوشته بود انجام دادم امروز جوابش اومده و کروموزم ۱۳ رو قرمز زده یعنی مثبته و باید هفته ۱۶ آمینوسنتز بدم که اگه اونم مثبت باشه باید برم سقط کنم
از استرس دارم میمیرم
بچه اولم تو ۲۰ هفته بخاطر دژنره شدن فیبروم سقط شد و این دومی هست.
کسی مشکل منو داشته؟
کسی جواب آزمایش سل فریش خطا داشته؟",8.087829223382911
thread_15011633_starter,"دلم داره دق میکنه حالم بده خیلی بده هسته شدم از بحث از دعوا از اشتباه پشت اشتباه
از حرفای تکراری
از حتی پشت هم تایپیک زدن راجب شوهرم نمیدونم چیکار کنم دیگه زورم نمیرسه دلم داره میترکه  شوهرم همه چیزش شده خونوادش شده مشروب خوردن شده
با دوستاش بیرون رفتن میگه حرف نزن میگه هیچی نگو خونوادش توهین میکنن  میگه تو دیونه ای تو روانی تو حساسی  تو گیر میدی
میگم  انقد نخولی با داداشت با دوستات مشروب بخوری  گوش نمیده
مثلا خواهرش منو ذره ذره اب کرد  هیچ کاری نکرد  هیچیییی
هیچ کاری برا من نمیکنه سر ی چیزی راجب خواهر زادش  گفتم  حق نداری انجام بدی بد اون انجام میداد گفتم  مگه من نگفته بودم فلان کارو نکن  چرا کردی مگه من ادم نیستم
برگشت بهم گفت    تو بگی  تو منطق نداری  من چرا باید انجام بدم
انقد عصبانی شدم انقد دلم شکست انقد گریه کردم دارم دق میکنم دارم میترکم
یعنی میدونه من حالم بده باز ب کاراش ادامه میده دارم سکته میکنم
من ب خاطر اینکه خونه بخریم یکیمونو بکنیم دوتا    عرپسی نگرفتم
همیشه سعی کردم زیاد خرج نکنم
تازه یکم ب نون نوای رسیده بعد ازدواج با من ب خدا فقط ی ماشین داش خالا خدا کمک کرد ماشین جدید خرید ی خونه کوچیک خرید کارشو گسترش داد
گفتم قبل ازدواج چرا نداشتی  چون خونوادت نبگفرتن و .. حالا امشب برگشته ب من میگه   خونوادم خوردن بخورن دلشون خواست بخورن
هر کاری دلم بخواد میکنم همینی که ک هس تو کسی نبودی
تو مگه چی کار کردی
تو یه روانی
حق حقوقتو میندازم جلوت
تو خوشی زده زیر دلت
این در حالیه که من ی طلا ندارم برا خودم
ی تولد برام نگرف درس درمون ی خونه خوب ندارم
ی دست لباس سعی میکنم مراعات کنم
وای خیلی سوختممم  خیلیییی  خیلییییی گفتم مگه تو برا من چیکار کردی من خونه بابام بدبخت ک نبودم   من بابام  همه کار برام کرد",8.087829223382911
thread_13975775_starter,سلام من ۳۵ روز بعد انتقال روز ۶ تیر رفتم سونو گفتن ساک حاملگی کوچیکه اما قلب انگار مشاهده شد. الانم لکه کوچیکی دیدم. ۱۶ ام هم دوباره سونو دارم. خیلی استرس دارم دوستان راهنمایی کنید خواهشا,5.756634677486968
thread_15146771_starter,"جوریم که نمیتونم تکون بخورم همه جام گرفته
بعد کلی تعطیلی امروزو گفتن مداراس باز
منم معلمم رفتم
بعد یه هفته کل مدرسه پکیجاش خاموش تازه روشن کرده بودیم ساعت ۸ برقا رفت همه موخدیم تو سرما نه اب نه گرما نه چایی هیچی نیس
بچه ها سرویس نمیتونن برن
از سرما دندونامون میخورد به هم باورتون نمیشه من ۲۳ ساله میلرزیدم همه سردی کرده بودن بچه ها دنبال دستشویی بودن
اصلا یه وضعی بود سه ساعت کامل تو هوای منفی موندیم
تو کلاس مداد نمیتونستن بگیرن دستشون
دیگه اهنگ گذاشتم پاشدن جنب و جوش کردن گرم شدن
بچه بودن یجوری بخیر گذشت
خودم انقدر سردم بود کل عضلات کمر و گردنم گرفته حتی نمیتونم راه برم چیکار کنم؟",5.756634677486968
413962006,"۱۹ سالمه ، تکذیب میکنممم
بعدم اینطور نمیشه دسته بندی بالاخره برای هر فردی یه عاشق وجود داره و تایپ یکی هست
بعدم عشق به نظرم اینطوری نیست یهویی پیش میاد و با خیلی از معیارات هم ممکنه متفاوت باشه",1.0942455856950815
322634731,بزرگمون 2ماه خدمت بود،، کوچکمون 6سالش💔💔💔,1.8713104343270626
301792935,عزیزم من اینجوری بودم الا ۳۶ هفتمه حالت تهوع نداشتم فقط میلم به غذا نمی کشید اصلا طعم غدارو نمیفهمیدم فقط ماست خیار دوست داشتم اولش هفته ۹ که رفتم دکتر گفت وزنت کمه باید بری پیش متخصیص تغذیه  قبلا ۴۵ بودم الان ۶۵م ناراحت نباش الانم دکتر میگیه خیلی وزنت بالا رفته شدید همه چی درست میشه,1.0942455856950815
thread_17993895_starter,"چه زندگی گندی میخواست برام بسازه
خطر از بیخ گوشم رد شد
خدایا شکرت
لطفا شب اول ماه رمضون برام دعا کنید یه پسر خوب سر راهم قرار بگیره",1.8713104343270626
282233944,اره واقعا من واسه خودم نمیخام کنجکاوم واسه تغذیه بارداری برای جنین اما خب همش باید با اراده خدا ثورت بگیرع تا خدا نخاد هرچی هم میخوام بخورم,1.0942455856950815
thread_10000140_chocolamilk83_1401/10/10 01:07,نمیدونیم دست خودمون نیست واقعا..‌اشتباه می‌کنی بیشتر هواش داشنه باش...خودش پشیمون میشه...از  طرف ی خردادی🙂,1.0942455856950815
thread_13473460_starter,"امروز رفتم واسه سونوی ان تی
با کلی استرس و شوق و ذوق
کلی ثانیه شماری کردم براش
ولی الان بعد ۱ ساعت انقد حالم بده ک میگم کاش همه ی اینا یه خواب بد باشه
چرا آخه اینطوری شد😭",6.53369952611895
407974252,"زایمان زودرس۳۵هفته رفت ان ای سیو با وزن عالی پرستارای بخش کم کاری کردن هنوزم ک هنوزه تو شوکم و نمیدونم چیشد
فقط دکتر گفت اگه توی خونه. زایمان میکردی الان بچت بغلت بود همین",6.53369952611895
396028101,"میبینی چقد گوگولیه🥺
مدیونی اگه حس چندش بهت دست بده🤣😂",1.0942455856950815
406713879,اتاقش رو چیدم فقط چندتا کار تزیینی نمدی گفتم درست کنم که اونم نت قط شد🤒🤒🤒,1.8713104343270626
thread_12365188_starter,"ینی هاااااا
نمیزاره ادم بخوابه
چه وضعشه خو",2.648375282959044
358583383,توروخدابرامنم بخون منم شوهرم ازم سردشده احتیاج به محبتش دارم ولی بهم محبت نمی کنه دست به تردعایی زدم براورده نشدنمیدونم شایدخدامیخوادمن عذاب بکشم اخه من کاری نکردم که بایدانقدزجربکشم چراشوهرم بایدبهم خیانت کنه بادخترابگرده پیام بده یارابطه داشته منی که زنش هستم مادردوتابچه هاش هستم ازم بایدسردبشه وسه ساله باهام هیچ رابطه ایی نبایدداشته باشه اخه این خدای کجاس که ببینه یعنی خدافقط برای ادمای بدخداست به مامیرسه دعاماروبراورده نمی کنه تاکی گریه کنم تاکی خداخداکنم بخداخسته شدم تحملم به پایان رسیده دیوونه شدم  افسرده شدم دلم میخواددست به خودکشی بزنم ولی به خاطردوتابچه هام اینکار نمی کنم خب اوناهم دارن ازناراحتی من عذاب می کشن همش بایداهنگای غمگین بزنم دلم نمیخوادهیچ کاری انجام بدم اصلاحوصله هیچکسی ندارم فقط دلم ازشوهرم محبت میخواد😭😭😭😭😭😭😭😭😭😭😭😭😭😭😭😭😭😭😭😭😭😭😭😭😭😭😭😭,8.087829223382911
thread_11702876_starter,شیش ماهه پیش اومدن خواستگاری وپسره وخونوادش همه چیز تموم و عالی بودن اولش همراه اون واسطه پسره ومادرش اومدن که ظهربود وپسره خیلی دوستم داشت سریع زنگ زدن ک شب بیایم وشب همشون باهم اومدن وفکرمیکردن دیگه کلا قبول کردیم بعد یه مدت باهم حرف میزدیم هی همه جواب میخواستن منم نمیتونستم جواب بدم پسرهم خیلی اصرارمیکرد که اخرسرپدرم رفت به واسطه گفت دخترم کلا میگه نه وبعدشیش ماه دوباره پسره دوهفته پیش پیام داد که اره نتونستم فراموشت کنم انقدرحرفای عاشقانه زد واینکه حتی حرف خریدواینا وتودستها باهم قرارمیزاشتیم همومیدیدم ومن دلمو کلا بهش باختم اونم خیلی عاشقم بودوهست بعد بهش گفتم حالا برو به خونوادت بگو رفت گفت وخواهرشم حتی باپدرمادرش حرف زدن ولی پدرمادرش گفتن یکبار نه اومده و اینکه هرچی سرنوشت پیش بیاد ولی مافعلا مخالفیم چون اونموقع گفتن نه مگه چه ایرادی بود بعد صداشونو شنیده که گفتن دختررو ازیت نکنه وابسته بشهو اینا بعدخواهرش بهش گفته که فعلاتااینااگه راضی بشن باهم حرف نزنین ازنظرعاطفی وابسترنشین ازاون روز دیگه باهم حرف نمیزنیم بهم گفت همچیو راستو ریس میکنم میام سمتت فقط یکبارپیام داددلم برات خیلی تنگ شده وناامید بود بنظرتون پدرمادرش حقدارن؟,5.756634677486968
thread_7541180_starter,تورو خدا اگه مادر بارداری اینجا هست واسه پدرم دعا فردا باید بریم سونوبگن هیچی نیست خواهش میکنم از ته دلتون براش دعا کنید 😭😭😭😭😭😭😭😔😔😔😔😔😔😔,6.53369952611895
400136830,"عزیزم تو هفته چند اینجوری شد؟
مایعات چی خوردن؟",1.0942455856950815
thread_13395685_starter,"من ۳۶ سالمه جواب غربالگری دومم هم اومده گفته یک به ۱۱۰ احتمال سندرم داون  ، حالا باید آمینو سنتز انجام بدم
بنظرتون این احتمال چقدر قویه
بچه چهارممه بقیه بچه هام سالمن خیلی نگرانم و اینکه الان ۱۹ هفتمه",5.756634677486968
thread_7338711_دخترمستقل_قوی_1400/07/06 01:37,دوست نداشتم متوجه بشم الکی سر بیکاری نگاه کردم,1.0942455856950815
387151701,"عزیزم   سن ات هم کم نیست  که اینقدر غیر عاقلانه رفتار میکنی
جسارتا  تو  این ۵  سال  هیچ  مورد مناسب برای شما نبود
که این  مرتیکه    دختر باز   که  ۵ سال  دوره هاش زده حالا محض تفریح برگشته     باز تو زندگی ات راه دادی؟؟؟؟
چرا اینقدر شان خودتون میا رید پایین
مرد  قحطه؟؟؟؟؟",1.8713104343270626
thread_13953294_starter,"سلام بچه ها من هفته ی چهارم سایتوتک خوردم الان هفته ی هفتم‌هستم و جنین سقط نشده ضربان‌هم‌داره الان
مجدد میتونم سایتوتک بخورم ؟؟؟ چجوری باید مصرف کنم ؟
هرکی وارده راهنمایی کنه
قضاوت نکنید خیلیییی گیرم وگرنه این‌کارو نمیکردم",6.53369952611895
412884297,کارما همینه تو همین دنیا میاد سراغت به یه نفر بدی کردم بعد ده سال جوابشو گرفتم,1.8713104343270626
401999547,من سه سال پیش انجام دادم پونصد دکتر گرفت احتمالا الان دو تومن خود دکتر می گیره هیچ آمادگی نمی خواد فقط مایعات بخور و از پله بالا نرو استراحت کامل انشاءالله سالمه ، ریسکت چنده؟,1.0942455856950815
408919896,بنظرم کارخوبی کردی حداقل تلاشتو کردی شاید اونم دلش بخواد برگرده,1.0942455856950815
413584725,"یا باید بری شهر دیگه و با اون شرایط دوری از خانواده کنار بیای
یا ۶ ماه ندیدنش رو واقعا فکر میکنم نمیتونی دووم بیاری",1.0942455856950815
365959999,یه کاغذ یه نخ یه حلقه ،یه خط عمودی و یه خط افقی رو کاغذ میکشی + اینجوری بزرگ بعد نخو از حلقه رد میکنی عین گردنبند،بعد حلقه رو که از نخ اویزون کردی به مرکز این خط عمودی و افقی نزدیک میکنی بدون حرکت میزاری رو مرکزش بعدش قبل هر سوالی که میخای بپرسی باید 2تا سوال بپرسی که بله رو نشونم بده بعد از مرکز دور میکنی و میبینی که بلع افقیه یا عمودی بعد بله که مشخص شد برای خیر میپرسی که خیر رو نشونم بده اونم مشخص شد برای مثال مشخص شد که بله افقیه و خیر عمودیه بعد دوباره حلقه رو میزاری رو مرکز بعد سوالتو میپرسی و بلندش میکنی حالا هعی باید تکرار کنی بله یا خیر لطفا پاسخ بده بله یا خیر لطفا پاسخ بده و جوابتو میگیری و اینکه قانون داره قانون یک پاک باشی هم ذهنت اروم باشه هم جسمت باشه قانون شماره 2 تو جمع انجام ندی قانون شماره 3 برای دیگران فضولی نکنی فقط حق سوالات اینده خودتو داری که بپرسی قانون شماره 4 با احترام بشینی,1.0942455856950815
thread_16453516_starter,باردارم  یک ماه ویار شدید داشتم و همش بالا میاوردم و چند بار بستری شدم یه شب با درد شکم شدید و تب ک تو هفته ده یازده بودم رفتم بیمارستان که فک کردم انقباض دارم و دارم سقط میکنم ولی خونریزی نداشتم ولی بعد گفتن ک مشکل یه چیز دیگس ک بعد آزمایشام گفتن مشکوکم ب پانکراتیت  بعد چهار روز زجری ک بهم دادن رضایت دادم گفتم میرم یک شهر دیگه ولی بعدش نرفتم خیلی بهم بد گذشت هر روز روزی دو سه بار انژیوکت میزدن  بهم در نیاوردم چون آمبولی میشد رگهای خونین بسته بچمیشد سرم نمی‌رفت  دستام همه سوراخ سوراخ شد چند بار از دزد زیاد غش میکردم ترسیدم و دیگه نرفتم علایمم برطرف شد اما نمی‌دونم آران که هفده هجده هستم هنوز نمی‌دونم پانکرات دارم یا نه چون پی شو نگرفتم آخه اینجا آزمایشگاه درست حسابی نداره یه روز منفی در میاد ی روز مثبت یه روز مشکوک ولی الان هر روز تقریبا بالا میارم نمی‌دونم بخاطر ویاره یا  مشکل پانکرات اما پرد شکم و تب ندارم,6.53369952611895
thread_16810736_starter,"رفیق صمیمیم که  با یه بچه فوت شد یا پدر بزرگم که عزیزترینم بود فوت شد
گریم نگرفت و ناراحت ام نشدم عادی بودم
الان دیگه خیلی بدتر شدم💔انگار آدم نیستم 😭
قبلا انقد با آدما مهربونم بودم به واسطه کارم که فروشندگی بود
الان از آدما فراری ام
حتی دیروز همه خانواده رفتن اطراف شهر اما من تنها موندم تا الان از خواب پاشدم
حس بدی به آدما دارم
دلم نمی‌خواد هیچ دوست و رفیقی داشته باشم
تلقین حسادت دارم وسواس فکری دارم سوی تو مغزم میگه فلانی از تو بهتره فلانی فروشش بیشتره دخل تو کنه
خدا مرگ بده بهم
چکار کنم 💔
متولد فروردین ۸۶ ام",6.53369952611895
387802319,"منم روی رون پاهام دارم ...
نمیدونم حس میکنم قشنگه انگار یه درخته با یه عالمه شاخه و ریشه
اگه دوستش نداری برو لیزر کن فک کنم خوبه",1.0942455856950815
thread_7639710_خوشگل_خانم__1400/08/27 13:05,"نمیدونم من زنگ زدم از دکتر ساینا بهم ایشونو معرفی کردن
نمیدونم عوض کنم یانه
میترسم عوض کنم یکی بدترش گیرم بیاد",2.648375282959044
327798159,دوست دارم از مسیر لذت ببرم با اینکه دقیقا شبیه دوران pms ام الان😑,1.8713104343270626
412447192,آخه چرا باید مقایسه کنید؟اینجا که چرت و پرت زیاد میگن،خیلیا بچه کوچیک دارن شب بیداری و کارای خونه توان نمیذاره،تازه خانم شاغل هم باشه دیگه له میشه آخر شب,2.648375282959044
411740502,"فقط احساسی بودنشو درست گفتی همش غلط بود.
الان اینا رو جدی میگفتی؟؟؟؟
من فک کردم ایسگا کردی همه رو
داداش ببخشید ولی تو خیلی تباهی...
منم بهت پیشنهاد میدم نزدیک هیچ دختری ک
نشو
ازدواجم نکن
همون بهتر نسل ادمایی با روحیات تو منقرض بشه",1.8713104343270626
thread_15409437_starter,دوستان من قرص ال دی بهم نمیسازه خیلی زیاد حالم بد میشه بخاطر همین دوره تخمک گذاریمو از طریق برنامه هرلایف چک میکنم ک بعدش بتونم رابطه داشته باشم ولی بازم حامله شدم با اینکه چهار روز بعد از دوره تخمک گذاری رابطه داشتیم الان نمیدونم چیکار کنم و چ روشی استفاده کنم یعنی کلا باید با کاندوم باشه همیشه؟! حتی روز های قبل پریود چون اینم یه هفته قبل پریودم بود ولی حامله شدم,4.979569828854988
thread_6492563_starter,"اصلا منظورم رابطه نیست
منظورم اینه ک دونفر ک بخوان مدت طولانی باهم باشن از هم خسته نمیشن شما چ احساسی دارید
من زندگیم اینطور شده",3.425440131591025
411856748,"ببین اون بیچاره تو کفه بهش حق بده نمیتونه بهت دست بزنه ولی جلوشم هستی نمیتونه جلو خودشو بگیره برا اونم سخته خب چون مثل ما نیستن اونا تحملش سخته براشون
توام هورمونات بهم ریخته واسه همین بدت میاد و رو مخته تقصیر اون بنده خدا نیس",1.8713104343270626
394805181,"ونم از دیشب هی پیام دوستت دارم
تا اخر عمر بمون کنارم
فقط مال خودمی...
هووو منم گفتم الان جاش نیست وسط دعوا احساسات قاطی نکن
چمیدونم میگه نرو بمون
نمیزارم جدا بشی میخوام باهات زندگی کنم",3.425440131591025
371118936,"من دوره باردارریم میترسیدم ابرسان بزنم . هیچی نمیزدم
چون چند جا دیدم یه ماده ای بود تو بعضی لوازم ها باعث لب شکری میشد😭",2.648375282959044
thread_18118008_starter,"با دعوت بود؟
سمت ما اینطوریه که همون شبی که خانواده عروس و فامیلاش دعوت میشن برای شام
به اصطلاح میرن که عروسو تحویل بدن
و عروس شب اونجا میمونه و با خانوادش بر نمیگرده خونه
میخوام بدونم عرفش دقیقا چیه؟",1.0942455856950815
thread_13147361_starter,بچها من تو هفته هفده کمرم و پهلوم گاهی درد میگیره و لگنم هم هر شب درد میگیره موقع خواب و همش این پهلو به اون پهلو میشم ..لگنم به پهلو که می‌خوابم انگار فشار زیاد روش باشه دردش خیلی زیاد میشه ..کیا این تجربه رو داشتن و بنظرتون خطریه یا نه؟؟؟؟,3.425440131591025
412723249,"متوجه کلاسش من نمیشم
یکی خلبانه یکی نجاره یکی پزشکه
یکی معمولی یکی تعهدی
هر کدوم انتخاب کردن کدوم مسیرو برن
کلاس خاصی نداره
انتخاب یارو همینه
طرف قبول کرده تعهدی باشه ولی پزشکی رو بخونه
بچه های دبیرستانی تو جو کنکور فقط قیاس میکنن
نه شخص تحصیل کرده",1.8713104343270626
thread_17487877_starter,"شیطنت میکنن
قوانین خونه رو به هیچجاشون حساب نمیکنن
من ادم با نظمی هستم راجع به خواب و خوراک و درس و ...
ولی از وقتی دومی دست و پا باز کرده و راه میره
دوتا شدن اصلا گوش نمیدن
الان خیلی وقته ما اعلام خواب کردیم هنوز بیدارن
دوتایی دنبال هم میکنن
کنتور برقم زدما تو تاریکی مطلقیم
ولی باز دنبال هم میکنن
حتی باباشون برخورد فوق جدی کرد بازم محل ندادن😑😐
یعنی الان من مادر نیستم در نقش پشمم🥲",5.756634677486968
362393685,اشتیاقی نمونده برا تشکیل زندگیشون نونخور اضاف کنن مشکل جنسیشونم سگ خورد یجور با پول حل میکنن😮‍💨,3.425440131591025
412781254,چرا بعد چندسال ولی شدید نبود و خیلی چیز ناجوری نبود منم خیلی وابستش بودم بعد ۷ ۸ سال شدید شد و همه چی مصرف کرد,2.648375282959044
342128495,"نترس یه دکتر خوب پیدا کن خیالت راحت باشه منم اول ترس زایمان داشتم الان که بچم سقط شد غمش برام سنگین تر از هر چیزیه
فقط سعی کن اروم باشی به تغذیت برسی ترس و استرس هیچی نداشته باشی اینهمه خانم زایمان کردن شما هم یکیش
الان هم که دعات گیراس لطفا برای دل شکسته منم دعا کن💚",4.202504980223006
363572316,"افرین باید همینطور بود
آدم باید هرطور که هست خودشو بپذیره و دوس داشته باشه",1.0942455856950815
409648563,"من قبل اینکه ازمایش بدم قرانو با کردمکه ببینم باردارم یا نه بعد ما مشکل داشتیم برای بچه دار شدن و کلی سختی کشیده بودیم
در کمال ناباوری دوبار برام ایه بچه اومد و بعد که ازمایش دادم یه هفته بعدش حدودا جواب مثبت شد و واقعا معجزه بود
مخصوصا دفعه دومش خیلی عجیب بود اخه بار اول که ایه بچه اومد برام فرداش باز اومدم قرانو بازکنم گفتم خدایا چطور ممکنه ما که نمیتونیم بچه دارشیم ابن همه مشکل داریم
بعد ایه ای که اومد خیلی عجیب بود جواب من بود
سوره ی مریم صفحه اول
خدا به حضرت عیسی گف ما به تو فرزند میخوایم بدیم حضرت عیسی گف خدایا اخه چطور من پیرم و همسرم نازاس چطور ممکنه و اینا و خدا در جواب گف خداوند اینطور اراده کرده که به تو فرزند بده و اراده خدا بر این هست
منم بارداریم عین معجزه بود باورم نمیشد",1.8713104343270626
323839059,من چند شب پیش چنان دردی کمرم و شکمم گرفت که نگو سریع رفتم کنار بخاری دراز کشیدم پتو هم کشیدم روم خوب شدم سرما زده بهت حتما,2.648375282959044
thread_16508756_starter,سلام بچه ها من همش مرتب سر تایم ۳۰ روز به سی روز پریود میشم و دهم باید پریود میشدم شب ۹ تیر رابطه داشتم و سر حساب فردا که پریود میشم رابطه محافظت نشده داشتم حالا ۷ روز گذشت و من پریود نشدم و فقط حالت تهوع کمر درد و زیر شکمم تیر میکشه بنظر شما هورمونام بهم ریختن یا باردار شدم؟؟؟,4.202504980223006
thread_12705455_starter,سلام دوستان جواب غربالگریم خیلی نگرانم کرده و دکتر گفته باید سل فری انجام بدی.به نظرتون مشکلی هست؟؟,4.979569828854988
391723321,"اگه بدونم حالش خوبه همه چی زو تحمل میکنم🥲
مرسی عزیزم که جواب دادی",4.202504980223006
314155102,"یکبار از ۹۵کیلو رسیدم۵۰کیلو  با رژیم کتوژنیک اما ریزش موهام زیاد شده بود ولش کردم اصولی نبود
الان ۷۷کیلوأم اما بدنسازی میرم شکمم دیگه آخراشه و بدنم فرم گرفته،فقط با حذف شکر و نون سفید",1.8713104343270626
404897024,"شوهرت مشخصه ترس داره که مشکل از خودش باشه😶
باهاش حرف بزن بگو همینطور که اگه مشکل از منه من تورو ول نمیکنم اگه از توهم باشه زندگی که با عشق ساختیم رو به خاطر بچه ول نمیکنم بره
ولی حداقل بفهمی مشکل از کجاست اینهمه دارو شیمیایی و عمل الکی رو انجام نمیدی",1.8713104343270626
407655593,"سلام وقت بخیر ببخشید میشه اگه اسنپ دارین وارد بشین داخل بخش سرمایه گذاری احراز هویت کنین کد دعوت منو بزنین ب جفتمون پول بده ممنون میشم
VrhhCDmxb
این کد دعوتمه",1.0942455856950815
thread_17502985_starter,"من هفته ۷بارداری هستم
لکه ببنی دارم و سابقه ۳سقط
امروز مدرسه بودم یا پشت میز بودم یا بلند میشدم کارم انجام میدادم
دنبالچه کمرم درد گرفت خیلی اذیت بودم امدم خونه استراحت کردم بهترم
کسی اینطور بوده
خیلی نگرانم",5.756634677486968
thread_17627299_starter,"چندین ماهه صدای ویبره گوشی تو خونمون میاد
با اینکه گوشی های خودمون کنارمون هست و هیچ نوتیفی نداره
صدای پیامک هم میاد
اگر گوشی کسی هم جا مونده باشه خونمون
باید سراغشو میگرفت
یا باید شارژش بلاخره تموم میشد
من آپارتمانم
اول فک کردم شاید از همسایه ها باشه صدا میپیچه
بعد دیدم تو اتاق ها هم ک هیچ دیوار مشترکی نداریم هم میاد
طبقه بالای من و بغل دستیم خونه ها خالیه
نمیدونم صدای ویبره از کجا میاد
الانم با همسرم بیدار بودیم شنیدیم
همش داره پیام میاد زنگ میخوره
در حالیکه هیچ همسایه ای خونه نیست",3.425440131591025
402931160,"حالم خوب شده بود ناشتا رسید ۸۴😭
دلم میسوزه بچه اومدم لگنم 😭 افتادم زمین الان",3.425440131591025
thread_16328855_starter,"بچه ها من دو سه روز قبل با کلی علائم بی بی چک زدم در جا مثبت شد دو خط صورتی افتاد از دیروز صب با درد شدید ب لکه بیتی افتادم تا اخر شب تبدیل شد ب خونریزی خفیف از امروز صب هم شده لکع بینی الانم دیگه قط شده.
ولی صب ی بی بی گذاشتم ی هاله خیلییی کمرنگ تر از اونروز افتاد ب زور میشه دید نظرتون چیع!!",4.979569828854988
254311996,آره طبیعیه. حالا من انگشتای دستمم سوزن سوزن میشه.استخون دستم درد میکنه.که میگن طبیعیه,1.8713104343270626
408772267,منم تقریبا با شما باردار شدم. نگران چیزی نباش. انشالله میریم ان تی و خبرهای خوش بعدی رو میشنویم.,1.0942455856950815
348213336,"اها پس کته اینجوریه😂🤦‍♂️
اره بخدا شانس ندارم
خاهرم زمین دارن برنج کاشتن رفتم واسع درو خودم تنها نزدیک ۱هکتار بود بخدا رفتم وسط مزرعه اینقدر بوش خوب بود گفتم کاشکی تموم نشه اصلا ی گونی بهمون داد من فقط هروقت درست کردیم آبشو خوردم خیلی خوب بود",1.8713104343270626
thread_13389828_starter,سلام خانوما امروز وارد ۳۲هفته شدم رفتم سونو داپلر گفت وزن بچه پایینه خون رسانی و اندازهاش خوبه ولی خیلی ریزه دوباره دوهفته دیگه باید سونو بدم چیکار کنم وزن بگیره خیلی نگرانم,4.979569828854988
379692557,"آن شاالله عزیزم
ن والا سر دخترام اصلا حالت تهوع نداشتم خیلی اشتهام خوب بود ولی الان نه سر دخترام موهای بدن و صورتم خیلییی کم بود ولی الان بیشتر شده دیگه نمیدونم حالا شایدم ربطی نداره",1.8713104343270626
thread_18139866_starter,"هیچ کس بهم حق نمیده ( طولانیه ولی تا آخر بخونید نه نصف نیمه )
همه بهم میگن بیچاره مریض خودت و درمان کن تو مریضی سکته میکنی آخر
هیچ کس درکم نمیکنه مشکلات من ب شدت ظاهر ساده دارن ولی وحشتناک
برادری که شیش سال از من کوچکتره از سن کم تا الان ک داره ۲۷ سالم میشه کتکم میزده اونم ن یه بار ن دو بار ن سه بار هزااااار بار
بی دلیل دائم تو خونه پیش غریبه مهمون ترشیده ترشیده میگفته مایه ننگ ترشیده
حرفی میزدم واکنشی نشون میدادم مثل یه حیوون هار حمله میکرد
سرم و میکوبید دیوار موهام و میکشید دور خونه و....
به بار من و خوابوند زمین به قدری سیلی زد که فکر کردم فکم شکسته یک هفته نمیتونستم غذا بخورم 😔
دائم تو خونه آروغ میرد از عمد سر سفره و...عمدا ب قدری ملچ ملوچ میکرد ک زهر مارم بشه و من همیشه همیشه همیشه غذام و میبردم اتاق میخوردم
دائم عمدا آدامس میجویید ۲۴ ساعته تا میومدم از اتاق بیرون پیش من با آدامس ملچ ملوچ میکرد ک حرصم بده
و تا کوچکترین واکنشی نشون میدادم حمله میکرد ....
( فکر نکنید اگه چیزی نمیکفتم تموم میکرد بیشتر از ده سال بود این کار و میکرد )
پدر مادر خواهرام که ازدواج کردن فامیل همه , همه میگفتن تقصیر هر دوتاتونه
ب من میگفتن تو هیچی نگو تو بزرگترین همه همینن تقصیر توعه ( حرفشون اینه چون دختر مجردی حقتع کتک بخوری حقته تحقیر بشی )
گناه من مجرد موندم بود
دلم برا خودم میسوزه ۲۷ سال تحمل کردم هیچ کس نگفت تو آدمی
تو حق داری از اتاق بیای بیرون
تو حق داری بشینی سر سفره غذا بخوری
تو حق داری نفس بکشی 💔
الآنم ازدواج نکردم یه خونه رهن کردم همون کوچه مادرم ( نمیزاشتن جای دور برم)
۳۰۰ رهن کامل با پول خودم هیچ کس کمکم نکرد 💔
@niniyar
لطفا تائید کن",8.087829223382911
338390919,عزیرمیزی هرکاری دکتر گفت بکن گفت بستری بستری شو گفت تو خونه هم ک باید بری بیمارستان برات قرص بزارن بری خونه وگرنه خطرناکه ایشالا جاش سبز بشه به زودی یه سوال علائم حاملگی از بین نرفت ای اواخر?من ۷ هفتممه امروز علائم خیلی کم شده میترسم منم ۶ ماه پیش توقف رشد و سقط داشتم,4.979569828854988
thread_14240538_starter,بچه ها شوهرم خییییلی نفهمه یه سره با بچم درگیر تکون میخوره دعواش میکنه..حالا دیشب داشتیم از مهمونی برمیگشتیم بچم تو ماشین خوابش برد درضمن ۵ سالشه ودختر ه بعد رسیدیم این گفت بیدارش کن نمیتونم بغلش کنم چون پله داریم منم بیدارش کردم بچم گریه میکرد میگفت خوابم میاد بغلم کنید اینم تو اون وضع دست بچه رو گرفته به زور میگه بیا پرتت کنم بیرون شبونه! منم نذاشتم خودم بغل کردم آوردم بالا نمیدونم بچم ترسیده بود یا چی حالش خیلی بد بود میگفت مامان نمیتونم نفس بکشم گلوم درد میکنه بغض گلوشون گرفته بود یه ساعتی حالش بد بود من کلی آیت الکرسی خوندم و ماساژ دادم تا آروم شد.....نفهمیم داشت بچه رو میکشت,6.53369952611895
thread_13215756_starter,3ماهم درحال تموم شدنه خیلی افسرده ام حوصله هیچ جا رفتن و ندارم دوست دارم شوهرم کنارم باشه تند تند زنگ بزنه احساس میکنم واسه اونم بی ارزش شدم خیلی احساس تنهایی و غم میکنم یه روز بدم یه روز خوب نمیدونم چه غلطی بکنم همش خوابم 😔😔😔,4.979569828854988
thread_17951622_starter,"یه بار رابطه با جلوگیری طبیعی روز ۱۸ پریودم(داخل سیکل تخمک گذاری ) داشتم و یکی هم روز ۲۵ پریودم
از فردای روزی که رابطه داشتم بی حال و بی رمقم گفتم شاید بخاطر کار زیاد باشه اما الان که ۳ روز تا پریودم هست دقیقا علائم حاملگی پسرم رو دارم و ته گلوم تلخه
پریودمم چند ماهی هست منظمه دقیقا
الانم پسرم دو سالشه و هنوز بهش شیر میدم
حالا به نظرتون با دوبار رابطه جلوگیری طبیعی، امکان بارداری هست؟",3.425440131591025
412637748,بچه اولم پسر قشنگم پارسال زایمان کردم۳۵هفته از دستش دادم فقط یکروز زنده بود🖤💔شکم دومم هست ان تی گفت دختره و عدد ان تیم یکم بالا بود خیلی نگرانم فردا نوبت پریناتالوژیست دارم سونو باید تکرار بشه و بعدش ازمایش سلفری😔,5.756634677486968
413963565,یادمه تو یه تاپیک خیلی داشتی فضولات انسانی میخوردی درباره خانوما تو یه خواجه ای هیچ کس خوشش نمیاد با یه خواجه که پسط سایت زنونه میلوله بره سر قرار,1.8713104343270626
thread_15184771_starter,"سلام خانوما .هفته ششم رفتم سنو وارژینال دادم جنین رویت شد اما قلب جنین رویت نشدم دکتر گفت ده  روز بعد بیا سنو بده .بنظرتون طبیعیه .
من دو بار سابقه سقط مکرر داشتم بخاطر تشکیل نشدن قلب. امپول اکسوپارین ۴۰۰۰ هم میزنم دور ناف و شبی ی قرص آس آ
کسی اینجور بوده ممنون راهنما کنید",4.979569828854988
413984834,"شب قبل اینکه بخوابی پماد اکنومیس بزن رو جوشات مواظب باش زیر چشمات نزنی بعد بخواب و اینکه نباید به این پماد نور بخوره چه نور خورشید چه لامپ چه نور گوشی صبح هم که از خواب بیدار شدی خیلی عادی صورتتو بشور
برای اینکه بهتر درموردش بدونی از شیخ گوگل هم بپرس😅
ولی من خودم همین کارو میکنم تاثیرش و دیدم واقعا...",1.0942455856950815
thread_16093272_starter,"سلام
من هفته 14 بارداریم و متاسفانه معدم داغون بوده داغون تر شده برا رفلاکس و سوزش قرص میخورم ولی سردی معدم نمیدونم چیکار کنم هرچی میخورم حالم بده و حتی آب نمیتونم بخورم و باید آب ولرم بخورم اگه چیز خنک هم بخورم معدم انگار یخ میشه
کسی تجربه داره کمکم کنه🥲",4.979569828854988
353475666,با روی خوش بگو واقعا دوست داری منم در مقابل خانواده تو همچین رفتاری داشته باشم ؟مگه بدی از خانوادت دیده ؟,1.0942455856950815
thread_17729109_starter,سلام خانمای گل من هفته دهم بارداریم بعد خب لباس حالت تهوع دارم خیلی دکتر قبلا برام قرص نوشت بود ولی مصرف کردم بهتر بودم تا ب این هفته رسیدم بدتر شدم دیروز که رفتم بهم  دمیترون ۴ و دیمن هیدرینات۵۰ و متوکلوپرامید و ویتامین B6باهم داد هم سرم قبلا ویتامین ب ۶ داده بود با دیمن هیدرینات۵۰ الان اینا را همه باهم بخورم ضرر نداره واس بچم,4.202504980223006
thread_9375288_starter,من قبل شنیدم,1.0942455856950815
336413503,ما عقد بودیم شوهرم گف زودتر کارامونو میکنیم ک بریم خونه خودمون ولی خب قبل از همه اینا بچه خیلی زود سقط شد,2.648375282959044
324241859,"آره خیلی ولی بعدش اینقدر فشارروم بود
از طرف همه مخصوصا شوهرم و خانوادش که چرا به بچه نمیرسی  هرروز دعوا سر غذا و وزن بچه
تا پای طلاق هم رفتیم چون شدهرم خیلی بداخلاقه خیلی
اینها منو از دخترم دور کرد ناخودآگاه احساس میکردم وزنه سنگینه دوی دلم
دوست داشتم چنددقیقه بدمش به کسی یکم آرامش بگیرم",7.31076437475093
thread_15265941_starter,هشت ماه که متوجه شدم hpv دارم ، ۳نوع تایپ پرخطر دارم ، بدون علائم ، خدا می‌دونه از کی تو بدنم بوده نمی‌دونستم ، اما به خاطر خیانت  شوهرم ، همش تو دعوا بودم و وقت نکردم درمان کنم ، فقط تونستم آزمایش هارو بدم الان برگشتم به زندگیم که متوجه شدم باردارم ، فکر کنم یه ماهم باشه ، خدا از سر شوهرم نگذره ، خیلی ترسیدم ، نمی‌دونم چیکار کنم ، فردا می‌خوام برم دکتر ، کسی بوده که تو بارداری اچ پی وی داشته باشه و به بچه ضرری نرسیده باشه ، تورو خدا راهنمایی کنید نمی‌دونم سقط کنم میترسم بچه بگیره,7.31076437475093
thread_14581489_starter,"با سلام
این موضوع رو واسه این مینویسم که خودمون درگیرش شدیم و ی مورد بسیار نادری هستش و میدونم که ممکنه واسه شما هم پیش بیاد و اطلاعات خیلی کمی راجع بهش هست و نگرانی بسیار زیادی ایجاد میکنه
دوس داشتم با این کار از نگرانی شما مادران و پدران کم کنم...
کیست ریه یا ccam یا cpam جز موضوعات بسیار نادر هستش که تشخیص اون ممکنه از سونو انومالی صورت بگیره یا حتی اواخر بارداری تشخص بدن و باعث نگرانی بشه
دوستان این مورد هیچ راه درمانی نداره(در دوران جنینی) و به هیچ عنوان اجازه سقط نمیدن
بنده وقتی با این موضوع مواجه شدم هر راهی شما بگید رفتم هر دکتر بگین رفتم از شمال تا جنوب کشور پیگیری کردم..
بهترین راه در برابر این مشکل اینه که شما زیر نظر پریناتولوژیست چکاپ بشین و نسبتی بدست میارن به اسم cvr که میشه نسبت حجم کیست به دور سر جنین این عدد اگر زیر ۱.۶ باشه جای نگرانی نیست واحتمال از بین رفتن جنین بسیار کم میشه اگر مشکل حاد باشه جنین تا هفته ۲۸ از بین میره درغیر اینصورت جنین بسلامت بدنیا میاد و پس از اون شما باید کارهای درمانی مورد نیاز رو شروع کنین که همون عمل جراحی میشه....حتما حتما ی اکو قلب جنین بگیرین و از سلامت قلب مطمئن بشید...
مورد ما به قدری کیست پیشرفت کرده بود که نسبت cvr ۱.۶ بودو کل فضای قفسه سینه رو گرفته بود و قلبت رو به سمت راست هدایت کرده بود بهمون میگفتن که با اولین نفس کوچولومون از بین میره و همه قطع امید کرده بودن و ما هر لحظه منتظر از بین رفتن کوچولومون بودیم ولی توکل کردیم و خداراشکر رشد کیست متوقف شدو الان کوچولومون حدود ۵ ماهه هستش ..
دوستان نگران نباشید و بسپارید بخدااا خودش ارحم الراحمین...",4.979569828854988
thread_12246092_nazninpoi_1402/07/24 17:26,"چرا یه هفته من ازمایش میدم فرداش جوابش میاد
وقتی نمیدونی عددش چنده خب ادم نمیدونه چ دوزی بخوره",2.648375282959044
392279952,"پسر زیر بیست و پنچ سال واقعا به درد هندل کردن یک رابطه لانگ نمیخوره
خیلی باید بلد رابطه باشه زندگی شوخی بردار نیست که عمرت سر بزرگ کردن پسر مردم بگذاری
نصیحت نیست گفتی نامزد ، اگه دوست پسر من کلا نظر نمی‌دادم با اینکه خودم تو رابطه بودم اما می‌دونم شاید تلخ باشه اما دوستان باتجربه تر می‌دونن نگران هستیم وگرنه زندگی تو خوب چه بد شکل ضرر می‌کنی یا نه",1.8713104343270626
379303630,"ای خدا ان شاالله دیگه برات تکرار نشه خیلی خاطره بدیه من هیچوقت یادم نرفت
بچه از پنج هفته توی سونو‌و واژینال مشخص میشه
من پنج هفته و خورده بود رفتم نشون داد",2.648375282959044
thread_13705206_starter,"من از تقریبا ۱۰ روز شایدم یک هفته قبل پریودم دل درد و کمر درد و ضعف تو رون پام دارم
همیشه نهایت یکی دو روز قبلش داشتم
دیروز هم موعدم بود کلی حالاتش را دارم ولی نمیاد لعنتی
دل درد و کمر درد بارداری از کی شروع میشه",3.425440131591025
thread_10275811_starter,چجوری خودتونو اروم میکنین،جوشونده ای هست باخوردنش اروم شد دوس ندارم قرص شیمیایی بخورم,4.202504980223006
412782773,"من بچه سومم خدا خواسته بود همممه دعوام کردن و مسخرم کردن جوری برخورد میکردن انگار خدای نکرده قبل عقد باردار شده بودم چقدر که دلم را شکسن خصوصا جنسیتش که معلوم شد و مثل بقیه بچه هام دختر بود دیگه همه تاکید که بچه را بکش اونم بچه ای که دیگه جنسیتشم معلوم شده هم درد و ضرر برای خودم هم اون طفل معصوم وااای اصلا نمیتونستم بهش فکر کنم
شب یلدا یک سالگیش را جشن گرفتیم.خوشحالم که به حرفشون گوش ندادم.تو هم نگهش دار من همیشه معتقدم بچه های خدا خواسته هدیه خدا هستن،انگاری یهویی خدا یه کادو میذاره بغلت😍هدیه را که پس نمی فرستن",4.202504980223006
thread_12084168_سقزیااااااا_1402/06/30 23:41,"ایشالا
همین کارو می‌کنم
باید منم از یه جایی شروع کنم دیگه",1.0942455856950815
359827197,"بچه دارم دوتا یکیش نوزاد
تاالان حتی ی درصد کوچیک‌شک‌نداشتم‌و‌نکردم
زیاد زیاد زیاد کنجکاوی کردم هیچی ندیدم
نمیتونم عاقلانه برخورد کنم
نمیتونمم سکوت کنم بزنم ب اون در
نمیتونمم حدا بشم
خدایا چیکار کنم واقعا چیکار کنم😭
همیشه جوری در برابر خیانتی ک‌از اطرافیان شنیدم برخورد کردم‌ک‌خط قرمز من بفهمم بدون ی ثانیه وقفه میرم و‌نمیمونم اللن بفهنه فهمیدم موندم میترسم جری تر بشه😣😣",7.31076437475093
335210420,"واقعاااا
چقد عمق بدبختیم رو احساس کردم
البته من مجردم
ولی وضع مالیمون بشدت بده ، شاید ۱ هفته بابام‌باید برا ۲ تومن کار کنه
هعی خدا",6.53369952611895
275183139,"🥺 ایشالا هیچوقت اون روزا برات دیگه تکرار نشه. حالا دلیلش هرچی میخاد بوده باشه دیگه بهش فکر هم نکن.
حال دلت همیشه خوش و عالی باشه خواهری ❤🌺",1.0942455856950815
402465675,"بچه اولم سریع رفتم ازمایش بی بی چک نزدم هفته۵ فهمیدم
بچه دومم بی بی زدم بعد ۱۰ زوز تاخیر هفته ۶ بود",1.0942455856950815
thread_13421264_starter,"دوستان من اول از همه بگم خیلی مایعات میخورم چون دکتر گفت آب دور جنینت نرمالِ اما یکم بیشتر باشه بهتره
ولی خب باید بگم هر نیم ساعت میرم سرویس و معذرت میخام ادرار هم دارم اینطور نیست ک فقط حس داشتن ادرار باشه..
یعنی واسه خوردن مایعاتِ مثلا ازدو شب تا نه صبح سه تا چهار بار میرم سرویس",1.8713104343270626
383220686,همه واکسن زدن و یعنی مقاومت بدنشو بیشتر شده و مرگ میر به صفر رسیده و علایمش هم کمتر شده  اینو هم بدونید وقتی یه ویروس به وجود بیاد نمیمیره ولی میشه کنترلش کرد که کسی نمیره یا اگه گرفت زیاد سختی نشکه و مثل یه سرماخوردگی عادی بسه ، الان خیلیا مبگیرن تو دنیا ولی اونایی که واکسن زدن مثل سرماخوردگی راحت ردش میکنن,1.0942455856950815
thread_16379824_starter,امروزم رفتم اکو قلب جنین گفت آریتمی داره هر ده روز یه بار باید برم از ساعت یک و نیم تا ده شب طول کشید چون چهار ساعتم مسیرمون بود رفت و برگشت بخدا نمیتونم همه زندگیمو فروختم خرج دکتر و دوا درمون کردم بخدا دارم له میشم چرا خدا باهام اینجوری می‌کنه حاضرم همه اعضای بدنمو بفروشم فقط یه بار این دکترا بگن سالمه اگه بچم چیزیش بشه چی اگه دور از جونش بمیره چی ای خدا دلم پره,8.087829223382911
thread_9640890_دل_ارام_خوش_بو_1401/08/17 21:51,"آدمو پشیمون میکنن. سایت نوشته سایت بارداری ممکنه یکی راجه ب عفونت اینام سوال داشته باشه... واقعا ناراحتم کردن بهم میگن حال ب هم زن.
😭",3.425440131591025
318719663,"بچه داداشمو گفتن جنین کوتوله ست.سالم بدنیا اومد
بچه خواهرشوهرمو گفتن سرش کوچیکه اونم سالم بدنیا اومد
بچه منو گفتن کم وزنه،وزنش ۳۲۰۰ شد که وزن خوبی واسه نوزاده
این موارد خیلی زیاده",1.0942455856950815
thread_8408022_mamandibba_1401/01/13 00:56,خدا تو دلیت رو حفظ کنه انشالله، می‌دونی..من خیلی ساده بودم این سالها حتی صد هزارتومان هم برای خودم پی انداز ندارم...اما مثل اینکه باید از این به بعد رویه ام رو عوض کنم، صداقت زیاد هم خوب نیست...😔,4.202504980223006
397921834,"نمیترسم کاری کنه میترسم که اونجا همیشگی نیاشم دکم کنه.
خوب کار دیگه ای هم هست برام
میترسم برم اونجا الکی موندگارم نباشم  یه کار دیگه رو هم اینور از دست بدم",4.979569828854988
400724477,دکترمم گف باید تو سونو ها بررسی بشی من چون اول بارداریم بود گفتم یه کاری کنم سقط شه بعدش گفتم با خدا چرا جدل کنم از کجا معلوم بعد از این خدا بهم بچه بده یا اگرم داد سالم باشه برا همون دیگه فکرو از سرم انداختم ولی نگرانیم هس بازم,4.202504980223006
378354377,منم فاصله بچه هام ۵سال شرایطم مث تو بود تازه منم مادر نداااااشتم هیچچچججج کمکی تک تنها بابیماری اهصاب بزرگش کردم خداسرشاهده الان دلسوزم همین دخترامن دومی اشکاجشمم پاک میکنه خیلیییی هم شیرین تازه بچه اول سخت بزرگ کردنش دومی خداشاهده نفهمیدم چحپری بزرگگگگ شد,4.979569828854988
336161298,"منم میشم اینجوری
احتمالا نمیخواستی کاری کنی جایی بری
من هروقت یه جا میخوام برم و خواب  میمونم اینطوری میشم حس میکنم شوهرم صدام میکنه یا با عصبانیت میاد خونه من ۲متر از خواب میپرم",3.425440131591025
307315849,برو بخواب دختر خوب . فکر هیچی نباش .عذاب نده بعدها میبینی سر چه چیزای الکی شب و روز تو سیاه کردی . زندگی خیلی بازی میده آدم رو . از الان تمرین کن جلوی هیچ‌کس کم میاری هم نشی تو یه دختره پاکی  .,1.0942455856950815
405025157,سلام ما مستاجر نیستیم ولی من قوانین این مورد رو میدونم صاحب ملک اولا حق تماس مستقیم جهت اذیت رو نداره باید با املاکی صحبت بکنه املاکی به شما زنگ بزنه دوما حق تهدید به بیرون کردن نداره ، بیرون کردن فقط با حکم شورای حل اختلاف هست که اونم بخاطر سر و صدا نمیدن یعنی تا پایان تاریخ قرارداد اون ملک شماست و حتی صاحب خانه حق اینو نداره زنگ در شما را بزنه چه برسه اینجور خط و نشان بکشه. با املاکی صحبت کنید اگر نتیجه نداد شکایت بابت مزاحمت بکنید ایشون محکوم میشه.,1.8713104343270626
412226455,"بخاطرش زندگی خودتو خراب نکن
خانواده شوهر ارزش ندارن که بخوای حالتو بخاطرشون بد کنی و بین خودتو شوهرت فاصله بندازی
اصلا بهش توجه نکن نه بدشو بگو پیش شوهرت
نه خوبشو
مادر آدمی هستش که هیچ جوره نمیتونی از زندگی شوهرت بیرونش کنی !
که اگه هم بشه و بتونی باید به وفا داری شوهرت شک کنی !",1.8713104343270626
330775486,تو ۵ ماه پیش منی🖤🥺😭😭😭,2.648375282959044
351380809,کمر درد که من از زایمان اولم باهام مونده دیگه عادت کردم بهش,2.648375282959044
thread_11266970_starter,"بچه ها همسرم الان بهم گفت که چند شب پیش رابطه ایی که داشتیم جلوگیری نکرده
یعنی در واقع خودم شک کردم که یه مدته. جلوگیری نمیکنه چون به شدت بچه دوست داره منم تازه بچم بدنیا اومده ۶ماهش هست
ازش دیشب پرسیدم اونم گفت  که جلوگیری نکرده
الان چه قرصی باید بخورم که جنین تشکیل نشه
چون من سریع باردار میشم",4.979569828854988
thread_9853569_starter,"میدونستین؟ ...
واسه من دکتر گفت هفته ای یه دونه بخور
بعدش ۱۵ روز یه دونه بعدش ماهی ی دونه",1.0942455856950815
408143916,"من همه علایمم ب دختر میخوره بجز همین فرم شکم،علایمم سردم میشه ب پهلوی راست میخوابم رشد موهای پاهام کم شده،هفته ۱۹ هستم اصلا ورم ندارم اشتهام زیاد نیس میوه رو بیشتر از غذا دوست دارم
علایم شما چی بود؟",1.0942455856950815
338604901,تو چرادخودتو سبک کردی پیام دادی پسرا بهشون بگی دوست دارم یا من چه میدونم به زن آینده تو حسودیم میشه فکر میکنن آسمون باز شده اون از بالا افتاده، پیگیرش نباش به نظرم با زبون بی زبونی و خیییلی غیر مستقیم خدافظی کرد 😬😬😬,1.8713104343270626
336616396,"خونریزی تون هرموقع تموم شد، حدودا سی تا سیو پنج روز بعد میشین،
نگران نباشین.
عزیژم‌یه سوال دارم شما که ۹هفته بودین، شکمتون نسبت به قبل بارداری تغییری هم کرده بود؟ بزرگ تر بشه و سفت بشه و درد داشته باشین و این چیزا؟؟",1.8713104343270626
368720379,من الان خودم قیافم بد نیست اما یبار جدا شدم واسه همین پشت سرم یه عالمه حرف هست اما اگه خدا برات بخاد شوهر میکنی میری این چیزا مهم نیست نگران نباش,2.648375282959044
412136285,"مرد ها بیشتر شناخته میشن چون خانم ها اهل حرف زدن هستن
تو هییییییچ زندگی مقصر تنها یک نفر نیست
تو هر موردی",1.0942455856950815
thread_16176651_starter,الان همش اعصابم داغونه و حس حالت تهوع دارم . اینا علائم چیه میخوام پریود بشم یا عوارض قرصه ؟,5.756634677486968
thread_16711536_starter,"امروز رفتیم دکتر و با مامان و بابام بودیم روی سه تا صندلی من وسط دوتاشون بودم و یه مرتیکه بود رو به روی من خیلی نگام می‌کرد و تموم نگاه‌اش با همون منظور و مفهومی بود که خودتون میدونید ،ما حدود چهل دقیقه اونجا بودیم و چهل دقیقا همین آدمه روبه روی من بود و من اصلا تو فاز نبودم و یهو سرمو آوردم بالا فهمیدم خیلی وقته داره نگام میکنه🫡😪
و مامانم که فهمید هیچی نگفت و فقد گفت اون نگا میکنه تو چرا نگاش میکنی ،میتونستی جاتو عوض کنی!!!! حتی یه کلمه هم مامانم به یارو نگفت💔💔
و بابامم کلا داشت فرم و اینجور چیزا پر می‌کرد و اصلا متوجه نشد!!!
دیدم این از مامان بابام به کتفشونم نیست خودم یچی به یارو بگم مامانم نزاشت دهنمو باز کنم!
تازه با مامانم ک حرف می‌زدم انگار طلبکارم بودن و هیچ نقشی نداشتن🥲🥲🥲🥲🥲",5.756634677486968
thread_15580518_starter,"من دیروز رفتم سونو گفت ساک بارداری هست ولی جنین نیست و زده برام ۶ هفته ۳ روز
آیا کسی بوده مثل من که بعد ی مدت رفتع باشه و قلب جنین تشکیل شده باشه
من بارداری قبلیمم پوچ بوده و خیلی نگرانم",4.979569828854988
thread_18050743_starter,دخترا از چه رفتاری از دوست پسرتون یا شوهرتون ببینید ازش دلسرد میشید جواب بدین میخام جنس مخالفمو بشناسم❤,1.0942455856950815
thread_13861438_starter,"سلام من یک هفته قبل پریودی رابطه داشتم با کاندوم. اولین رابطم بود. که از همون موقع تا فرداش یکم خون ریزی سبک داشتم بعدش دیگه قطع شد ولی ۳ روز بعدش پریود شدم زودتر از موقع. روز اول و دوم پریودی مثل همیشه لخته خون و اینها داشتم اما الان خونریزی ام خیلی خیلی کم شده. البته بیشتر وقت ها پریودی های سبک دارم.
میتونم باردار باشم؟",3.425440131591025
thread_14554560_starter,هفته۲۹ هستم دندونم شدید درد میکنه از درد زیاد گوشم هم درد میکنه همون دندونی  که دو سال پیش عصب کشی کرده بودم کسی بوده تو بارداری عصب کشی کرده باشه,5.756634677486968
412966401,"اره خیلییی پروعه و لجباز عوضی
میکفت باید بیای اینجا ی روز درمیون
باید خونه مادرت نری
باید صبح ب صبح زنگ بزنی ب من
خخخخخ
من هم یک کدوم ازین کارارو نکردم
سه ماه یبار میرم ب اصرار شوهرم دوساعت میایم
بقول شما حتی غذاشم نمیره پایین از بس شلخته و کثیفه
یکبارم من کلا دعوتش کردم در عرض یکسال و نیم ک ازدواج کردم",4.202504980223006
thread_14941512_starter,"من هفته ۱۶هستم
چرا احساس نمیکنم چیزی تو شکممه
خیلی میترسم بچه چیزیش شده باشه
اخه تا چند روز قبل چیزی مثل حباب و لیز ماهی تو شکمم احساس میکردم الان چند روزه اونم احساس نمیکنم
ممکنه بچه تو شکمم مرده باشه خیلی استرس دارم
راستی جفتمم پایینه استراحت مطلقم
شکم درد و کمر درد خفیف هم دارم",6.53369952611895
332201816,تو یاد گرفتی توقعاتت کم باشه و تو سری خور بار بیای عزیزم همه مثل شما نیستن و وظیفه پدر مادر تا وقتی زنده هستن مسئولیت پذیریه در قبال بچهاشون شما با این دیدگاه هیچ وقت بچه دار نشو,1.8713104343270626
thread_13761311_starter,"سلام دوستان عزیزم
من ۸ هفتگی رفتم دکتر خودم سونو کرد گفت ساک بارداری و کیسه زرده میبینم ولی جنین نمیبینم
حالا قراره فردا ۹هفته برم سونو جای دیگه
کسی بوده ۸هفته جنین ندیده باشن ولی ۹ هفته ببینن و قلب داشته باشه ؟
از استرس سقط و کورتاژ شدن دارم میمیرم😔",7.31076437475093
thread_11650928_ماه66_1402/05/05 04:19,"[QUOTE=302743269]میترسم بیشتر بره[/QUOTE
عزیزم برو بیمارستان برات در میارن خودت دست نزن خطرناکه خدای نکرده بیشتر می‌ره داخل گوشت",1.8713104343270626
320383353,واقعاااا سخته میفهممت من هفته پیش سقط کردم خدا فقط صبر بده بهمون,4.979569828854988
thread_9988587_todeliiiiii_1401/10/08 15:33,من درکنار آسنترا دو مدل دیگه هم قرص داشتم 😔,1.8713104343270626
thread_9345142_starter,"هفته ۳۷ ام دیروز تاحالا جای بخیه سزارین قبلیم خیلی درد میکنه وحشتناک😭چیکارش کنم؟
راسته که میگن جای بخیه هیچوووقت خوب نمیشه ها",5.756634677486968
thread_17993010_starter,"من دیروز معاینه تحریکی شدم
امروز صبح یه لخته ای ازم اومد که شیری و قهوه ای رنگ خونی بود نشونه قبل زایمانه؟",2.648375282959044
thread_13709651_starter,"من باردارم و دیروز سونو 18هفته دادم جنسیتو دختر گفت
بعد سونوگرافی شوهرم گفت بریم خونه مامانم ..اون سریعتررف من با اسانسور اومدم دیرترشد .من هنوز پشت در بودم کفشامو درمیاوردم، در نیمه باز بود.خاهرشوهرم پرسید چی بود شوهرمم گف دختره
خواهرش گف خااااک توسرت 😕😔
خیلی ناراحت شدم رفتم تو بعد با خنده سمت من گفت أااااه دختره؟
اصلا خاهرشوهرم بدنیست خیلی خوبه نمی‌دونم چرا اینجوری گف واقعا ناراحت شدم گفتم دعاکن سالم باشه لطفاً
خودشم دوتا دختر داره حالا
همش گریه میکنم سردردم",5.756634677486968
thread_16098136_starter,من پی سی او هستم شده دو سه ماه پریود نشم طبق معمول حدود یکماه و نیمه عقب انداختم سه هفته پیش برای اینکه پریود بشم و اینکه درد پریود شدید داشتم ب مدت سه چهار روز روزی سه لیوان چایی زعفرون خوردم که پریود بشم الان دو سه هفته ازش میگذره تست زدم فهمیدم باردارم ممکنه اتفاقی برای جنین افتاده باشه🥲,4.979569828854988
thread_18064046_starter,"برام دغدغه شده البته دوست دارم یادبگیرم و تمرین کنم اما نمیشه
من با مادربزرگ پدری بزرگ شدم مامانجون هیچ وقت حوصله نداشت نمیذاشت وارد آشپزخونه بشم
دقیقا یک هفته قبل فوتش نامزد کردم (عقدو نکه داشتم بعد عید)
جا برای زندگی بعد فوتش ندارم اومدم خونه عمم زندگی میکنم
اینجا هم معذبم نمیتونم آشپزی کنم شوهر عمم خوشش نمیاد از اینجا بودنم همیشه تو اتاقمم حتی سر میری که من باشم غذا نمیخوره
خلاصههه شاغل هم هستم
بعد ازدواج چیکار میخوام بکنم در حد یه برنج پختن هم نمیدونم
کاش مادرم بود
ولش کن
شما مامانا از تجربه هاتون بگین من چیکار کنم",5.756634677486968
thread_13622633_starter,"من الان هفته هفت رو تموم کدوم  و ضربان قلبش تا الان روئت نشده
دکتر میگه روند رشدشو میمینیم اگه نزد کورتاژ میکنم
نمیخوام کورتاژ بشم 😔",4.979569828854988
thread_16169689_starter,"بخذا خستم دیگع دعاکنین همچی درست بشه😭 دیگه بیشتر این نمیتونم دیگه صبر کنم دیگه از همجا بریدم . کل وجودم دردمبکنه از غم. چندساعته دارم گریه میکنم😭😭😭توروخذا دعاکنین حل بشه همچی .
شاید دعای شمارو در حقم شنید حال منم خوب شد😭
الهی هزچی میخواین خداهزاربرابرشو بهتون بدع",7.31076437475093
406619625,من که همش ادرارم میچکید تو لباس زیرم چون بچه فشار به مثانم میاره یا روزی چندبار شورت عوض میکنم یا پد میزارم جدیدا ترشح دارم پد بیشتر میزارم,1.0942455856950815
413783638,"🙂↔️😟😟😟
شوهرت هنوز همون حال قبلیه؟",1.0942455856950815
thread_16759143_starter,"سلام تا کی میتونن کربلا بمونن؟؟
روز اربعین همه باید برگردن؟",1.0942455856950815
383135467,چی بگم پول که به این راحتی به دست نمیاد تو یه روز راحت از دستم رفت,4.202504980223006
382072185,بعضیا نیان چرت و پرت بگن یوقت منم شرایط نبود ..۹ هفته هم رد شده بود با قرص سقط شد ..,1.8713104343270626
thread_15932652_starter,"بخاطر بارداری پوچ ختم بارداری اعلام شد
داروهامو قطع کردم به خونریزی بیوفتم حتی لکه بینیمم قطع شد نمیدونم چکار کنم نمی‌خواستم باز برم بیمارستان و قرص بخورم و ..
اونایی چه سقط کردین بخاطر بارداری پوچ چکار کردین؟ من الان طبق پریود باید ده هفتم باشه میگن بارداری پوچ خودش سقط میشه ولی مال من نه!!🥺",4.979569828854988
365194897,"آره
من ۴ هفته رفتم هیچی نبود ولی۶هفته و ۴قلبش تشکیل شده بود",1.0942455856950815
thread_17890361_starter,هفته ۳۹ بارداری هستم  واقعا تحمل ندارم  کل بدنم درد میکنه نمیتونم بخوابم 😩😩 میگفتن بچه دوم و دختر و زودتر زایمان میکنی ولی هنوز هیچ خبری نیست واقعا سخته دیگه 😭,5.756634677486968
381206204,اینطوری هر کدوم شرایط خاص داشتین و بهتر همدیگه رو درک میکنین بعد ها هم شرایط خانوادگیتون خدای نکرده باعث سر کوفت نمیشه، بنظرم رد نکن پدر مادرشم که اموالشون رو بنام پسرشون کردن درصورتیکه اگه پسر دیگه بود با والدین اصلی خودش تو این سن پسره هیچی نداشت,1.0942455856950815
326225459,"در کل از ماه دوم دیگه خودشو نشون میده کم کم
من ۴ ماه رفتم تازه بدنم داشت خوشفرم و سفت میشد ک دیگه ولش کردم بخاطر دیسک کمرم",1.8713104343270626
272894651,ن عزیزم من خودم رفتم دیدم مسکن ملی های رباط کریم رو داشتن در و پنجره میزدن مال ثبت نامی های ۹۹بود پرسیدم ازشون,1.0942455856950815
361936981,"اکثر مردهایی که شغلشون آزاده هم حسابگرن هم ساعت کاریشون اینطوره . هیچ جوره هم ازش نمی‌گذرن چون می‌گه من هرچقدر کار کنم درمیارم مثه کارمند نیست چند روزم مرخصی بگیره آخر ماه حقوقش سرجاشه.
واسه همین فکر نکنم خیلی بتونی کاری کنی در این مورد. خرج پسرش هم همینطور. بالاخره شما از اول ازدواج می‌دونستی شوهرت مسئول اونم هست.
با این حال باهاش حرف بزن و بگو که احتیاج داری ببشتر کنارتون باشه . برنامه سفر یا تفریح بچینید.
و بگو دست تنهایی با بچه کوچیک، اگه قبول کنه کمکی بگیری هفته ای یک بار بیاد کارهای خونه رو انجام بده . تو به خودت و بچه بیشتر برسی.",1.0942455856950815
thread_14652770_starter,"آقا من تو دوران مجردی وقتی که ازدواج نکرده بودم ی دختری رو گرفتم مسخره گفتم پسرم و باهم احساسی میحرفیدیم ولی بعد بهش گفتم گفت من خودمم فهمیده بودم شک کرده بودم بهت بعد آشتی کردیم تموم شد.. بعد دوباره من باز شینطتم گل کاش ب یکی رفتم گفتم من داداش دارم خیلی خوشگله آیدی دادم که برو این داداشمه  بعد رفت پیام داد عکس فیک براش فرستادم آقا بزاریم که این دختر ی دل نه صد دل عاشق برادر رویایی من شد  وقتی بهم گفت منم گفتم این داداش من عکس فیک برات فرستاده ها خودش نیست ولی خودش خوشگلتر از ایناس خلاصه بزاریم باز آشتی کردیم و رابطمون خوب شد بعد من عذاب وجدان گرفتم برگشتم کات کردم باهاش اولش ناراحت شد منم ب عنوان خواهرشوهر نصیحتش کردم بابا تو داداش منو ندیدی عاشقش شدی درسته من میگم از اینم خوشگل تره ولی تو که ندیدیش شاید دوسش نداشته باشی بعد عصبی شدم بهش گفتم خودمم ولی باز با من آشتی کرد  از داداش فیکم ولی هیچ ارتباطی نزاشتم مصلا با داداش فیک داشته باشه ..این جریان برا قبل ازدواجم بود و من کات کردم رفت...
اون موقع که مسخره بازی کرده بودم ۱۷ سالم بود
الان ۲۴ سالمه .. می‌ترسم سرمو بزارم بمیرم بدبخت بشم از ی چند نفری پرسیدم گفتن چون بچه بودی الان مهم نیست الان اونی که مسخرش گرفته بودم شاید الان ۲۶.۲۷ سالش باشه اون موقع ۱۹ سالش بود
(قابل توجه دوستان این مشکل برا خودم نیس نوه عموم گفته بزارم کمکش کنین)",1.8713104343270626
413539821,قلب تشکیل بشه تازه حالت تحوع شروع میشه ولی بعضی ها کلا ندارن من که مردم و زنده شدم کلا یه مرده تحرک بودم😞,3.425440131591025
307231754,همینطوری حتما دیگه میگفته مامانش میزده براش:(,1.0942455856950815
327399769,کاش واقعا یکیو داشتیم که توتنهایی باهاش حرف میزدیم.بغضی کع دارمو خیلی وقتا میش همسرم نمیتونم بروز کنم که اونم ناراحت نشه خفه میشم فقط 🥲,4.979569828854988
299797815,"دقیقا
ما هم 5ماهگی گفتیم
البته شوهرم میگفت نگیم فعلا به خانوادم
فقط مامانم اینا میدونستن از 3ماهگی...
بعدش خانواده شوهرم ناراحت شدن که چرا زودتر نگفتین
☹
شوهرم گفت خودمونم تا 3ماهگی نمیدونستیم
چی میگفتیم
ببخشین انگاری باید شب اقدامم به همه بگیم☹😂",1.8713104343270626
411859088,وای خدا ازین ادمایی که انقدر نگران حیوان ها هستن حیوان دوستن ؛مراقبن؛حواسشون هست؛ زیاد کنهههه ایشالااا نسلتون پر برکت باشههههه🥲🥲,1.0942455856950815
thread_10480822_starter,"سلام بچه ها کیا پانکچر شدن
من روز ۱۲ سیکل رفتم گفتن که ۸ تخمک داری با اندهزه های ۱۴.۱۷.۱۸.۱۸.۲۱.۲۲.۲۲.۲۳
اما روز خود پانکچر که ۱۵ سیکل بود همسرم از جنین شناس پرسید چند تا تخمک گرفتید ازش گفتن ۱۶ تا
از همسرمم دوبار نمونه گرفتم
هنوز کارت جنینم اماده نیست ولی نمیدونم چرا نگرانم
کسی بوده شرایطش مثل من بوده باشه",4.202504980223006
399980477,"سلام عزیزم
من توضیحات کامل از تجربه واکسن و گذاشتم تو تاپیکم
نگران نباش و میتونی بری تو بیمارستانی که دکتر زنانت  اونجا کار میکنه و   نسخه ای که برات نوشته و ببر ؛ اونجا تزریق میکنن برات قطعا",1.0942455856950815
thread_11900901_starter,"آیا کسی تجربه داره بتاش طبق دوبرابری در ۴۸ ساعت بالا نرفته باشه
من اولین بتای من ۲۰۰۰ بود با سه چهار روز تاخیر بعد پنج روز شد ۸۰۰۰ ولی بعد ده روز شد ۱۲۰۰۰
سونو دادم شش هفته و صفر روز گفت احتمال زیاد پوچ هست چون ساک بارداری بود ولی کیسه زرده و جنین نبود",4.202504980223006
396859053,یک جور عمل از طریق واژنه میری اتاق عمل بیهوشت میکنن ساک خالی رو خارج میکنن یکی دو روز حالت پریودی داری باید نوار بزاری بعدش اوکیه دکتر هم میگفت تا ۶ ماه بعد کورتاژ نباید بچه بیاری توی نت بزن مراقبت های بعد از کورتاژ کامل برات توضیح میده دردش هم در مقابل دردهای سقط صفره,1.0942455856950815
334354675,نه اصلا درد نداره الان اینجور شد چون حموم بودم اینجور نبود,1.0942455856950815
336099033,"امیدوارم
مطمینم خدا هواسش هست بهم من همیشه خداروبا خودم دیدم
همیشه همیشه
الانم مطمینم خواست خدا بهترینه برام هرچند بسیار برام سخته و کلی این مدت گریه کردم😔
من خواهرشوهرم یه مشکلی برام تو عقد درست کرد ۱ سال بعد عروسیم از همسرش جدا شد!
مادرشوهرم کلی اذیتم کرد الان خدا دوتا عروس بهش داده که حالشو جا اوردن و کلی از خانمی من پیش همسرم گفته که زن تو هرطوری رفتار کنه برارندشه و‌بهش میاد و‌….
همیشه به خدا گفتم من از حق خودم میگذرم و امیدوارم اگر جایی باعث ناراحتی بنده هات شدم تو هم از من بگذری",4.979569828854988
332295620,خلاصه اینکه رفتم الکی بهش گفتم یه زنه زنگ زد اسمت رو گفت دیدم ترسید,1.0942455856950815
thread_12800283_starter,"سلام به همه ی مادر های مهربانی که این متن رو می خونن
. من در آزمایش غربالگری اول ریسک بالا داشتم و اینجا تجربه ی خودم رو به اشتراک میزارم شاید بتوانم دل نگران مادری را آرام کرده باشم.
من در تاریخ ۲۰ اردیبهشت ۱۴۰۲ برای غربالگری اول در شهر زنجان اقدام کردم. خودم ۲۷ و همسرم ۲۹ ساله بودیم در خانواده ی هیچکدوم از ما شخصی مبتلا به سندرم دان وجود نداشت ولی عدد nt برابر ۱.۸۱ و ریسک سندرم دان 1:153شد. من و همسرم بعد از اینکه نتیجه ی آزمایش را خواندیم خیلی نگران و مضطرب شدیم . در مسیر به مطب چند تا دکتر خوب که میشناختیم زنگ زدیم تا به ما نوبت دهند ولی متاسفانه هیچکدام وقت خالی نداشتن.
از شدت نگرانی نمی توانستیم تا فردا صبر کنیم به اولین مطبی که وقت داشت رفتیم بدون اینکه شناختی از دکتر داشته باشیم. ایشان هم بعد از اینکه جواب آزمایش را دیدن بدون معطلی آزمایش سل فری یا nipt را برای من نوشتن و گفتن به آزمایشگاهی که در همان ساختمان بود بروم تا از من نمونه خون بگیرن و به تهران ارسال کنند. من هم به گفته ی دکتر عمل کردم و در همان ساختمان آزمایش سل فری انجام دادم. شخصی که نمونه خون می گرفت گفت این آزمایش خیلی مهم هست و چون به تهران ارسال میشه بنا بر احتیاط نمونه خون زیادی می گیریم. با اینکه سابقه ی کمخونی شدید هم داشتم ولی از سر ناچاری مجبور شدم از هر دو دستم نمونه خون با حجم بالا بدهم. ۵ میلیون هم هزینه ی آزمایش دادم و گفتن نتیجه ی آزمایش ۸ الی ۱۰ روز کاری مشخص می شود
۱۰ روز با استرس و گریه ی شبانه روزی سر کردیم ولی نتیجه ی آزمایش آماده نشد به آزمایشگاه زنگ زدیم آن ها گفتند که آزمایشگاه ژنتیک تهران اطلاع دادند که جوابدهی ها با تاخیر هستش و آخر هفته ی بعد نتیجه ی آزمایش مشخص می شود . دوباره یک هفته ی دیگر هم با گریه و نگرانی سپری شد ولی نتیجه ی آزمایش مشخص نشد. هر روز صبح که از خواب بیدار میشدم به آزمایشگاه زنگ میزدم و می گفتند که امروز نتیجه ی آزمایش نیامده شاید فردا تهران نتیجه ی آزمایش را ارسال کند. آخر سر مستقیم به آزمایشگاه ژنتیک تهران زنگ زدم متاسفانه هیچ کدام از بخش ها جواب قانع کننده نمی دادند مثلا میگفتند کیت های آزمایشگاهی که از آلمان به ایران میاد تو گمرک مونده و آزمایش ها با تاخیر انجام میشه یه داخلی دیگه رو می گرفتم می گفتن نمونه ها از دستگاه خارج نشده ، نمی دانیم نمونه خون شما کِی از دستگاه خارج میشه و.‌‌...
خلاصه نگران و سر در گم بودیم از طرفی غصه ی سلامتی بچه را داشتیم و از طرفی از آزمایشگاه ها کلافه بودیم.
هر روز به آزمایشگاه تهران و زنجان زنگ میزدیم و آن ها می گفتند تا آخر هفته ی بعد صبر کنید و...
یک ماه با دلهره و نگرانی سپری شد ولی جواب آزمایش نیامد. با یک متخصص مشورت کردیم و ایشان گفتند که بهتر است آزمایش آمینو سنتز انجام دهیم .
متاسفانه این آزمایش هم در زنجان وجود نداشت و نمونه در زنجان گرفته میشد و به آزمایشگاه ژنتیک تهران یا تبریز ارسال میشد‌
همسرم دیگر با انجام آزمایش در زنجان و ارسال آن به شهر دیگر موافق نبود و تصمیم گرفت خودمان به تبریز برویم.
در بیمارستان بین الملل تبریز نمونه آمینو سنتز دادیم و همسرم خودش نمونه را به یک آزمایشگاه ژنتیک در داخل شهر تبریز برد. برای آمینو سنتز هم چیزی حدود ۸ میلیون هزینه کردیم که فقط سندرم دان را بررسی میکرد و کیت تیروزومی های ۱۳ و ۱۸ در آزمایشگاه تبریز وجود نداشت این آزمایش هم دو هفته زمان لازم داشت تا نتیجه را مشخص کند باید دو هفته ی دیگر هم دندان روی جگر میگذاشتیم.
سن بارداری را که حساب کردم بعد از سپری شدن دو هفته فقط یک روز برای سقط قانونی وقت داشتیم که آن یک روز هم ۲ تیر بود که مصادف بود با جمعه ...انگار جای هیچ امیدی وجود نداشت . به همسرم می ‌گفتم ما همه ی تلاشمان را کردیم انگار در سرنوشت ما اینطور هست که یک کودک سندرم دان داشته باشیم ما همه ی تلاشمان را کردیم ولی انگارنمی توانیم این سرنوشت را تغییر دهیم.
از تبریز که برگشتیم چند روز بعد از آزمایشگاه زنجان زنگ زدن و گفتن که نتیجه ی آزمایش آمده بچه سالم وجنسیتش پسر است. همسرم گفت دیگر به جواب این آزمایش نمی توان اعتماد کرد چون نمونه خونی که برای آزمایش سل فری گرفته می شود باید در هوای آزاد بماند. خونی هم که یکماه در هوای آزاد مانده و بعد آزمایش روی آن انجام شده کیفیت لازم را ندارد و چه بسا از بین رفته است. دیگر ذوق بچه دار شدن در ما گم شده بود هر روز در نی نی سایت و سایت های مختلف در رابطه با سندرم دان مطالعه می کردم . بعد از دو هفته به آزمایشگاه ژنتیک تبریز زنگ زدیم و گفتن که بچه سالم است. ولی باز دلم آرام نشد و تا روز زایمان هم نگران بودم . ولی الان که این متن را برای شما می نویسم پسر کوچولوی من صحیح و سالم در بغلم خوابیده است .
می خواهم بگویم امیدتان را از دست ندهید اضطراب و ناراحتی شما نه تنها مشکلی را حل نمی کند بلکه اگر  جنین شما سالم هم باشد با این حجم از ناراحتی و استرس سلامتی آن به خطر می افتد ولی بیخیال هم نباشید و آزمایش های لازم را انجام دهید و حواستان هم به سن قانونی سقط باشد که نگذرد.",7.31076437475093
406026573,نگران نباش چیزی نشده اگر چیزی شده بود به خونریزی میفتادی یا درد شدید میگرفتی,1.0942455856950815
394087598,"من یکی از رشته های پیراپزشکی خوندم ،ازدواج کردم کردم به خاطر شیفتی بودن سرکار نرفتم
اگر معلم بودم شاید ادامه می دادم
معلمی خوبه کی میگه بده ولی حقوقش به اندازه میزان کارشه",1.8713104343270626
403595002,عزیزم نگران نباش بعضی سونوها الکی میگن یا دستگاشون خرابه من زیاد شنیدم ازاطرافیان برو پیش ی دکتر خوب و سونوکن,1.0942455856950815
thread_14671762_starter,"خانوما من دوهفته پیش شدید یکی از دندون هام متورم شد البته آبسه نداده بود از ریشه بود انگار
آنتی بیوتیک مصرف کردم تورمس خوابید الان اون سمت از دندوننم درست بالاش که زیر دماغم رو لثم یه تورم حس میکنم انقدر ترسیدیم 😔",3.425440131591025
thread_13929251_starter,"سلام خانما من هفته ۱۹ بارداری هستم و ۲ روز بود تب خفیف داشتم و از ظهری تبم رفته بالا و دونه ها از تو صورتم و گلوم و دهنم و بدنم ریختن بیرون.دکتر رفتم بهم دارو داد گفت آبله مرغان هست خیلی میترسم استرس دارم
کسی بوده ک تو سه ماه دوم بارداری گرفته باشه و مشکلی واسه بچش پیش نیومده باشه؟",5.756634677486968
313614369,خب اگه پزشکی و کار میکنی حتما خواستگارات هم دکتر باید باشن.خواهر شوهر من دانشجوی پزشکی بود با استادش ازدواج کرد,1.0942455856950815
328340973,بخدا خودمم توهمین فکربودم گفتم شایدمشکل شنوایی داره چندبارم ازش سوال کردم صدامو میشنوی و تست کردم وصدامو آروم کردم حتی خیلی آروم ولی کلک متوجه شد و خندید وبهم گفت چیا گفتم😃 فک نمیکنم شنواییش مشکل داشته باشه خودش تو یه عالم دیگه سیر میکنه انگار,1.8713104343270626
413849142,ب نظرم ۹۰درصد مواقع هم مردی ک کتک میزنه چون زن اونقدر زبون درازی میکنه که اون دیگه کتک میزنه تجربش داشتم اخه زبون درازی نکن کوتاه بیا سکوت کن اقتدار بده بهش احترام بزار دعوا نکن,1.0942455856950815
thread_14575472_starter,"مدرسه شروع نشده از بچه ها سرما خوردم البته معلمم😂
گوش درد گلو درد بدن درد
از دیروز بعد مدرسه کلا خوابم در حد سه چهار ساعت جمعا بیدار بودم
باز نمیتونم بیدار بشم
هعیییی خدا خوابالو بودنو از من بگیر😐",4.202504980223006
thread_10001805_سوسک_بالدار_1401/10/10 11:18,خییییلیییی بدههههه لعنتیییی😑😑😑😑 اصلا هم قابل کنترل نیست حالا تو هی بیا خودتو با فیلم سرگرم کن چشمت به فیلمه ذهنت اونطرفه😂😂😂😂,3.425440131591025
thread_15822124_starter,"پسرم تاهمین دوساعت پیش سرحال بازی میکرد و‌حالش خوب بود
یدفعه اومد کفت خیلی یبدن درد دارم اخ دارم میمیرم و دیدم بدنش گرم خوابید اللن تبش بالا خوابش نمیبره از تب
شیاف گذاشتم براش تب یکم‌اومد پایین قرص هم دادم بهش میترسم خیلی حالش بد بشه دحترم کوچیک بگیره ازش😭😭😭",5.756634677486968
408880935,"بارداری اول از ۸ هفته تا ۱۳
بارداری دوم از همون ۵ هفته که فهمیدم تا ۹ هفته که سقط شد هیچی نخوردم سمت آشپزخونه که اصلاااا نمیرفتم بوی مایع لباسشویی 🤢",2.648375282959044
411700075,"با مزه که نه ولی چند تا پسر بودن سر کوچمون اون وقتا که من راهنمایی بودم ،  هر وقت رد میشدم درباره مطب جراح بینی حرف میزدن
مکالمه هاشون خیلی حرص درار بود 😡😂",2.648375282959044
thread_16420108_starter,"سلام خانوما توروخدا کمک کنین
من باردارم ۶ هفتمه
دیرز سونوی واژینال شدم گفت یه خونریزی خفیف توی رحمت داری،قلب و ساک بارداری جنین هم تشکیل شده بود،عفونت قارچی هم داشتم،ولی هیچ لکه بینی و درد شدیدی نداشتم تا الان،حالا دکتر برام شیاف پروژسترون داده گفته هر شب بزار،برای عفونت هم یه شیاف واژینال داده،من خیلی میترسم برای اون خونریزی ک توی رحمم هست اخه ممکنه باعث سقط بشه،بعد یه سوال دیگ...دیشب ک شیافارو گذاشتم همزمان،از یکی دو ساعت بعدش هر چن وقت یبار آب رقیق بی رنگ و بی بو از واژنم خارج میشه،طبیعیه؟",5.756634677486968
319335275,"بهداشت ودکترهاانگاردست به دست هم دادن مادربارداررودورازجون دق مرگ کنند
محلشون نده فقط بخدابسپر
خودم باچشم خودم دیدم۴پزشک امضاکردن بچه عروس داییم سقط بشه الان ماشاءالله صحیح وسالم۶سالش هم تموم شد",2.648375282959044
thread_16064919_starter,من 12 روز تاخیر داشتم عدد بتام 117 بود دو روز بعد بتا دادم شد 118 رفتم دکتر دوباره بتا دادم شد 120 و سونو واژینال هم دادم و هیچی ندیدن چه خارج رحمی چه داخل فقط ضخامت آندومتر بالا رفته بود و 19 بود. حالا از دیروز ترشحات کم قهوه دارم نمی دونم داره سقط میشه یا چی! و اینکه سقط با این بتا پایین سخته یا نه مثل پریودی هست؟,4.979569828854988
thread_17559745_starter,"مامانا من یه دختر ۴سال و نیمه دارم
الان هفته هفتم بارداری دومم
سر بارداری دخترم پوستم خوب شده بود
حالت تهوع صبحگاهی داشتم
اشتهام کم شده بود و کلی وزن کم کردم
الان مدام گر گرفتگی دارم
پوستم شدیدا چرب شده و جوش و گرمی میزنم
گرممه و تنگی نفس دارم و حرکات نبض مانند در شکم از چند روز قبل از موعدم ولی نوک انگشتای پام یخه
بیبی چکم دیر مثبت شد و کمرنگ
با غروب آفتاب مخصوصا بعد از شام بیحال و خواب آلود میشم
و حالت تهوع میگیرم و رودل میکنم
چیزای شیرین دوست ندارم
ویارم گوشت بره بود ولی از مرغ بدم میاد
شکمم خیلی زود بزرگ شده البته خودمم شکم داشتم
ولی هر کی میبینه میفهمه باردارم
صورتم بیحال شده",2.648375282959044
thread_17002943_starter,"من تا ۳.۴ماهگی وزنم خوب میرفت بالا ولی الان ۲ماهه هر ماه که میرم در حد ۳۰۰گرم اضافه میشه
نمیدونم علتش میتونه این باشه که بخاطر اینکه رژیم قند شیرینجات دارم نمیخورم بالا نرفته چون قندم ۹۵بود ناشتا دکترم گفته باید رعایت کنم تا ازمایش دیابت بارداری بدم الانم ۲۳هفته هستم
قدم ۱۶۱ وزنم ۷۴ هست
بنظرتون خطرناکه اگه اضافه نکنم؟ وزن بچم فعلا خوبه مشکلی نیست",4.202504980223006
413338617,"مثبته عزیزم
من هیچ موقع پریود منظمی نداشتم
قبل پریود هم علائمی نداشتم این دفه روز ۳۰ ام سیکلم سینه درد داشتم و دلدرد از ذوق به همسرم گفتم پنتا بیبی چک بخره
سر ظهر بیبی زدم اول منفی بود بعد از نیم ساعت دیدم یه خط افتاده ک به زور با چشم بصیرت میشد دید
فردا صبحش هم زدم مثل شما کمرنگ بود
فرداش دوباره باز زدم و دیدم کمرنگه مطمئن شدم
ظهرش رفتم آزمایش
جوابش فرداش اومد و بتام ۲۲۳ بود😍😍",1.0942455856950815
353324171,"البته قبلش پیشنهاد میکنم بهش برینی بعد بلاک کنی
اینجوری دل هممون خنک میشه
قشنگ بهش برین بگو فک کردی همه عین ننت هستن کشته مرده ی شوهر باشن ؟ بعدم تو در حد و اندازه ای نیستی ک من به عنوان شوهر بخام روت فکر کنم
بعد بلاک کن",2.648375282959044
395286536,تو چهل هفته بودم،شنبه ها میرفتم پیش دکترم،هفته قبلش دکتر گفت اگه تا شنبه دنیا نیومد بیا پیشم،منم شنبه رفتم ولی جلو بیمارستان کیسه آبم سوراخ شد،رفتم بهش گفتم گفتی وزن بالای چهار کیلو رو سزارین میکنی،برام تو سونو وزن پسرمو زده بود ۴۱۶۰،دیگه همون موقع بردنم برا سزارین,1.0942455856950815
408898038,"مبارکباشه ایشالله سلامتی دنیا بیاد و بغل بگیریش
نمیدونم واقعا نمیدونم هرکاری میکنم نمیشه اصلا خیلی ذهنمدرگیر میشه حس میکنم هرچی میخوام فکر اینموضوع نباشم نمیشع اصلا شوهرم میگه چه بچه داشته باشی و چه نداشته باشی و نمیدونم هرچی من خودتومیخوام اصلا مهم نیست برامخودتو دوست دارم اصلا فکر نکن خودتو الکی پیر میکنی پس اونایی که ۱۵ سال بچه دار نشدن چی بگن ؟ چقدر غصه بخورنحتما حکمت توی کار خدا هست و اینا ولی من از داخل خیلی فکر میکنم و... از بس بچه دوست دارم مامانم بخاطر من ۷ تا بچه اورد چون من دوست داشتم خالا که ازدواج کردم میزنه تو سرش میگه خاک بر سرم چه اشتباهی کردم حالا خودم از خودم بچه میخوام خدا بهم نمیده 🥹💔 یه حکمتی هست میدونم اقدام داشتی چند بار در هقته داشتی و ؟ من حسم میگه واقعیت اینه که همسرم هر ۲ روز یبار شاید هر روز باید ببهشیدا ارضا بشه تا خوابش ببره و از این حرفا منمیگم بخاطر همینه کیفیت اسپرم پایین میاد نمیشه نمیدونم والا دکترم امروز گفت توو شوهرت هیچمشکلی ندارین و دارو های قویهم دادمبهت خب چرا حامله نمیشی برو سونو رنگی بده بعدش با سونوبرو پیش متخصصی ک معرفی کردم ببین اون چی میگه و از این حرفا حتی امپول همزدم یهدوره نمیدونم والا 🤷♀️",6.53369952611895
thread_17488300_starter,"سلام دوستان
۱۱هفتمه باردارم الان نزدیک دوهفته ای میشه همش خوابای بد میبینم چه ظهر چه شب هرموقع بخوابم خواب میبینم ،قبلا میخوابیدم اصلا خواب نمیدیدم
خوابای خیلی بد که با گریه از خواب میپرم و کلی استرس بهم وارد میشه و اینم بگم ک اصلا استرس ندارم و بدون استرس و آرامش میخوابم کسی دلیلش میدونه؟",4.979569828854988
thread_17568041_starter,"بعد تا رفتم گفت مجردی متاهلی؟ گفتم باردارم گف عه چند وقتته؟ گفتم نمیدونم تازه فهمیدم
ازمایشمو نشون دادم
گفت بیا سونو واژینال گف داخل رحمه بد بپوش بیا آماده شو بعد هی من داشتم میگفتم دلم درد میکنه کمرم هی تن تن میگف طبیعیه قرص مینویسم شیاف مینویسم تن تن  بعد گف ببخشیدا بچم دم مدرسس باید زود برم
انقد هول هولی بود حتی نذاشت بپرسم چند هفتم الان؟یا سوالای دیگ فقط گف هفته دیگ بیا برا تشکیل قلب یجوری بود اصن
گف زودتر بیا آخر وقت نیا عجله ای باشه حالا یکونیم ظهر بود /:
به نظرم همون میرفتم بیمارستان صارم بهتر بود اینو رفتم مثلا نزدیک باشه راحت بتونم صحبت کنم خلوت باشه بدتر شد
کلی علامت سوال تو مغزمه",4.202504980223006
371706573,نه والا کد ملی نخواستن از من حتی بعد سقط هم رفتم گفتم خودم با قرص سقط کردم حتی نپرسیدن چرا,1.0942455856950815
thread_16292255_starter,پارسال خواهر جاریم بچه چهارمیش رو باردار بود ک ماه نه یه هفته قبل عمل بچع سقط شد خیلی ناراحت بودن همشون گریه میکردن جاریم پیشم بود ناراحت بود گفتم حالا ک پیش اومده خدا اون سه تا بچشو براش نگه داره همینو گفتم بهم گف نمیفهمی این چیزا رو همسایمونم همین حرف تورو زد خدا سرش اورد😐🥺 بنظرتون حرفم بد بود حالا ک باردارم همش تو فکرشم😔😔,4.202504980223006
273542254,ببین عزیزم دیگه هر هفته‌ برا داماد و عروس اومدن زیاده تا کی میخواه هر هفته برید بالاخره شما بچه ها هم یه موقعی دیگه نمیرید,1.0942455856950815
345306929,مثلا مژه بکاری ابروهات بری ارایشگاه مدلش تغییر بدی جاهای خالی برات با متد جدید پر میکنن و حالت ابرو تغییر میکنه و تو یوتیوب مدل ارایش مناسب با صورتت ببینی,1.0942455856950815
413968504,عزیزم باید مسئولیت انتخاب خودتونو بپذیرین حتی اگه انتخابتون بهترین نبوده و از سر ناچاری بوده. الان میتوتی سر چادر بجنگی. ولی پدر شوهر رو کاریش نمیشه کرد فکر کنم,1.0942455856950815
348056220,"خیلی بیشتر احتیاط کن و اگه دیدی درست نشد جدا شو
تو دوران نامزدی اشتباه هست این رفتار ها
فیلم چیز که دیگ کلا اشتباه هست چه عقد چه نامزدی
نامزدی هم برای آشنایی هست باید درک کنه و تا عقد صبر کنه",1.0942455856950815
thread_12792804_starter,"درمورد یه چی تاپیک‌میزنی میگردن دنبال زیر بغل مار  به یه چی دیگه گیر میدن
تاپیک‌زدم درمورد چجوری‌میشه خیانت ی مردو‌فهمید یه‌روش تضمینی میگید بعد گفتم ک رفیق مجردی داره باهاشون‌میره کافه هیچکسسس به سوالم‌توجه‌نکرد همه گیر دادن چرا زن داره مجردی میره بابا حتما من بااین قضیه مشکل ندارم دیگه اگرم‌دارم‌الان اصلا سوال من یه چی دیگه بود
یادیروز‌تاپیک‌زدم‌دانشگاه ازم‌تقلب گرفتم ولی چون چادریم تونستم قایمش کنم بنظرتون برام دردسر میشه جون مدرکی ندارن ازم‌ اومدن میگن‌تاپیک‌قفل کن به جادریها توهین میشه یا میگن چون چادری نباید تقلب میکردی چرا قیمه هارو‌میریزن‌توماستا اصلا هرچی من سوالم‌یه چی دیگه بود اگ‌اطلاعی درمورد عنوان ندارین خب چیزی نگید انقدر سخته",3.425440131591025
thread_9824047_nazzzbanooo_1401/09/15 19:14,اوهوع توام عین منی پس ..خدابخیرکنه اووف😿😿😿,2.648375282959044
413033784,"خرج نمیکنه
شده دو هفته نون نخریده
ارزومه ی فروشگاه بریم غر نزنه و نذاره سرجاش
ی دس لباس نمیخره برام",5.756634677486968
thread_16430418_starter,سلام ترو خدا اگه میدونید یا تجربه دارید بگید خیلی شرایط بدی دارم سر جنسیت ی دختر ۸ساله دارم همسرم بچه خواست الان بار دارم ۷هفته هستم کلا علاعمم با دختر فرق داره اصلا حالت تهوع ندارم میام ب شوری و شیرینی سر درد شدید و سر گیجه دارم همسرم گرسنمه میشه عدد بتا ۱۵۰۰ بود ربطی داره ب جنسیت اگه میدونید ی کمک کنید دلم نمی‌خواد سقط کنم,5.756634677486968
343589927,باشه استرس براش سمه الان,1.0942455856950815
294442523,امیدوارم که توهم باشه🤦🏻‍♀️حالا تا ۱۰ تیر صبر میکنم ببینم چی میشه🤦🏻‍♀️ولی مطمئنم که جلوگیریمون اوکی بوده🤦🏻‍♀️♥️,2.648375282959044
357612732,سلام عزیزم دوبار با این قرص سقط داشتم یک پنج ماه و یک جفت دوقلو اولش ک باید خیلی تحرک داشت باشی مثل پریدن و طناب و این حرفا بعدش هیچ قرص مسکنی نباید استفاده کنی و زیر زبانیم بخاطر جذب بهترش و اینک حدودا خیلی بخاد طول بکش 10ساعت اونم با توجه ب نکات ک گفتم هرکسی یه جور بنده تب بالا داشتم و فشار و قند میاره پاایین,1.8713104343270626
339220218,یه مدت جوابشو نده،پیام نده،استوریم نزار، پسره پررو فکر کرده کیه، بعدم عزیزم پسری که بگه گذر زمان از اوناس که کیسای بهترتو باعث میشه بخاطرش از دست بدی فدات شم,1.8713104343270626
413555585,"هیچوقت از سر دلسوزی یا ترس از آینده نه با کسی بمون و نه به خاطر این دلایل از کسی جدا شو.
اگه میبینی مجموع شرایط طوری هست که زندگی موفقی نمیتونین داشته باشین، تمومش کن.
اگر هم میخوای ادامه بدی، شرایط آینده ت رو ببین و در نظر بگیر.",1.0942455856950815
387749534,پس پیشنهاد نمیکنم شلوغه مطب بری نوبت نمیده باید از تلگرام نوبت بگیری تو سناباد روبرو انتقال خون...چرا با دکتر خودت ادامه ندادی,1.0942455856950815
thread_11818127_starter,"خواهرشوهرم دیروز به حساب اولین روز قاعدگی که میشه ۸هفته رفته سونو دکی گفته ۵هفته و ۴روزی ساک و کیسه زرده هست
ولی رویان و ضربان نیست دو هفته دیگه بیا
اشکش دم مشکشه
این همه اختلاف بین تاریخ پریود و سونو طبیعی نیست؟",1.0942455856950815
405452381,دیوار مشترک با اپارتمان؟تنها راحت اینه صدای پیام پشت هم میاد بری پی صدا بیینی کدوم قسمت خونست,1.0942455856950815
thread_10322275_starter,میخواستم به یک نفر از عزیزان درخواست دوستی بدم گم کردمش,1.0942455856950815
290556092,"من چندسال شب و روز به این چیزا فکرمیکردم ولی یه دفعه گفتم گور بابای همشون ،دیگه اصلا برام مهم نیست
الان حالم خوبه",1.8713104343270626
277747503,"من ۵ هفته و ۴ روز داشتم که رفتم سونو پزشک گفت ساک بارداری پوچه
۸ هفته و ۴ روز رفتم باز هم پوچ بود
من شیاف استفاده کردم که جلوگیری می‌کنه از سقط
۱ هفته صبر کردم دفع نشد
فردا قراره سایتوتک استفاده کنم",2.648375282959044
thread_17409385_starter,"من امروز ۴ هفته و ۶ روزمه
رفتم دکتر سونو واژینال انجام داد گفت ساک حاملگی دیده نشد ولی ضخامت آندومتر ۱۴ دوباره ازمایش بده چون آزمایش بتام عددش پایین بود ۲۸۷ بود تقریبا ۵ روز پیش بتا دادم
امروز دوباره بتا دادم گفت بعدازظهر آماده میشه
استرس گرفتم",4.979569828854988
thread_13874574_starter,سلام حامله ام هفته ۹ ام تازه فهمیدم پرکاری تیروئید دارم ۰/۴ هست دکترم نیستش تا تاخر هفته اوایل حاملگی رفتم دکتر ببینم اصن حامله ام یا ن برام سانی فولیک نوشت یعنی ید+فولیک اسید تقریبن ۲۰روزه که خوردم الان خیلی میترسم ک خودم تیروئیدم پرکاره اون قرصم خوردم کسی میتونه راهنمایی کنه,4.979569828854988
362690595,شاید کمرت سس ات شوده دوباره کمر از عطاری بگیر بچسبون کمرت بهتر میشی یا زرده تخم مرغ خانگی خام  و شکر و کاکائو قاطی کن بخور صبح ها کلا خوب خوب میشی منم این کارهارو کردم خوب شودم اگر یک ماهه ادامه داشت,1.0942455856950815
thread_15152301_starter,سلام من حدود یک هفته پیش نزدیکی بدون پیشگیری داشتم و همون روز قرص ضد بارداری مصرف کردم و الان بعد از یک هفته هنوز پریود نشدم کمککک😭,4.979569828854988
346558171,پس باید بیمارستان بستری بشم من فک کردم تو مطب انجام میدن  درد داره ؟ بیهوش میکنن یا نه ؟ 😭,4.979569828854988
thread_18032675_starter,"باید ناشتا باشم یا ن؟ چند ساعت
و فقط خون و ادرار میگیرن؟",1.0942455856950815
404917986,کجات درد میکنه؟ از کی درد داری؟,1.0942455856950815
344900800,"مامان منم اینطوریه
البته پدرمادرم روتاشون بیس چاری به هم گیر سه پیچ میدن
حالا خوبه تو یجاییو داری بری
من باید چی بگم😑",3.425440131591025
315451309,"دوتاتون همدیگر رو دوست دارین ولی فعلا شرایط ازدواج نیست براتون
از کجا معلوم، شاید تو آینده بهم برسین و شرایطش پیش بیاد
آره خب رفتاراش قشنگ نبود ولی قابل جبرانه",1.0942455856950815
thread_17299325_starter,من هفته قبل که ۳۰ هفته م بود رفتم سونوی رشد که سونوگرافی گفت وزنش ۱/۵ وiugr و اینکه دور شکمش لاغر بود خیلی نگرانم دکترم گفت نهایت ۳۴ الی ۳۷ هفته نگهش میداریم وبعد زایمان حالام سونو داپلر نوشته برای چهارشنبه خیلی نگرانم میترسم از زایمان زودرس شما چیکار کردین برای وزنگیری جنین,5.756634677486968
413927642,"منم مثل تو هستم با فیزیوتراپی و بستن مداوم آتل در هنگام خواب واقعا خوب شدم،
البته صد در صد که خوب نمیشه،ولی درد و ... کنترل میشه،
منظورت سندروم تونل کارپال هست دیگه درسته ؟",1.0942455856950815
390082466,"خبری بود جمله
خانوادت  زیادی حساسن  .
شما هم نه  طرف شوهرت و بگیر نه خانوادت
که اختلاف و ناراحتی پیش نیاد
خانوادت چند روز به حاطر دخترشون کوتاه بیان ، شوهرتم خودش متوجه میشه  روشش و عوض میکنه",1.0942455856950815
341926103,بنظرت چیا بخرم؟ سه تا قابلمه سه تا ماهیتابه یه شیرجوش یه تابه گریل یه تابه فر خوبه؟ البته گرانیت و سرامیک کلا گرونه هم سرویس هاش هم جدا جدا,1.0942455856950815
thread_16308743_starter,"در حالی که خوراک و روتین زندگیم تنظیم‌
همه اینجوری شدن؟ یا من این مدلیم",1.8713104343270626
thread_16611375_starter,"۹ روز عقب انداختم
روز چهارم بی بی چک زدم منفی بود
دیروز آزمایش دادم بتام ۱۲۵,۸ ،ینی مثبته؟
امروز لک دیدم",2.648375282959044
411389808,"راستش عزیزم بعد دیپلم عاشق شدگ و ازدواج کردم
مشکلاتگ شروع شد
زندگی با مادرشوهر
جهاز ندادن بابام
بیمای افسردگی و وسواس
تحت نظر روانپزشک بودن
کلا از زندگی عادی دور بودم
اصلا وقت نکردم برم کاری یاد بگیرم
یا تخصص داشته باشم
الان اصلا نمیدونم چیکار کنم از کجا شروع کنم",5.756634677486968
thread_16080330_starter,"اول از خودم بگم که میشناسینم اکثرا ۲۴ سالمه پدر مادرم نوزادی جدا شدن مادرمو ندیدم دست مادربزرگ پدری بزرگ شدم بابام معتاد بیکار خونمون سه تا عموهام معتاد کلا بزهکارن معروف
خواهر دوقلوم معلول معلم رسمی هستم دبیر تیزهپشان ارشد و دومین لیسانسمو میخونم
خواستگارای قبلیم معمولا بخاطر شرایط خانوادگی جور نشد
یا خودم قصد ازدواج نداشتم یا خوب نیودن
این خواستگارم خانوادش خیلی خوبه پدرش سرهنگ عموها نظامی داییاش شهردار فرماندار
تک فرزند
مغازه و زمین میدونم به نامشه ولی خونه هم یکیشو اجارشو این میگیره چند تا خونه هست ماشین ولی یدونست دست همین یه ماشین ۷۰۰/۸۰۰ تومنی با جزئیات میگم سوتفاهم نشه
ولی خب کار نداره ترم اخر علوم آزمایشگاهیه
سه چهارسال پیش کارخونه عموش حسابدار بود بعد رفت شهر دیگه دانشگاه ۲۵ سالشه
اخلاقی خیلی خوبه اصلا رفتار غیر طبیعی نداره من اطرافم اتقدر ادم عجیب دیدم تازه میفهمم ادم نرمال یعنی چی
اهل دوست دود و دم نیست
همیشه با پسر عموهاشه
خانواده ها درجریانن هر دو طرف
مشکلم شغلشه ادامه بدم ارزش داره ؟",4.202504980223006
389106237,این کارها رو نکن. اگه بچه نیافتاد فقط با این زعفران و ... یه عمر بچه ات دردمند می کنی.  تو مادرش هستی باید از الان از بچه ات در برابر هر کسی که می خواد بهش آسیب بزنه محافظت کنی,1.0942455856950815
380079282,"مچکرم امیدوارم🥲
هرچند که بعد رابطه ۲۰ تایی بی بی زدم در زمانهای مختلف همه منفی شدن😅",1.8713104343270626
377609408,"دوفاستون خارجیه
ایرانیش دوفامد
من روزی 3تا دوفامد خوردم فایده نکرد
خونریزی کردم وحشتناک حتی 5رور بستری شدم شروع کردم دوفاستون خارجی روزی 3تا خوردم هر هشت ساعپ هماتوم خشک دفع کردم و بعدش ترشحات مثل اهنی که زنگ زده باشه دوهفته اینجور شدم و دوفاستون روزی 2کردم بعد قطع شد",3.425440131591025
thread_17438084_starter,"دکترم رفتم جز استامینوفن هیچی نداد
حالم خرابه
گلوم ورم کرده
سرفه های شدید دارم با خز خز سینه
گلومم میسوزه وقتی نفس میکشم
گوشام درد میکنه انگار هوا داخلشونه
انقد سرفه کردم تا الان ک مغزم تو سرم هی تکون میخوره
کمر درد شدید گرفتم با پا درد دقیقا مثل ادمایی که قطع نخاع شدن و تازه راه رفتن دوباره رو یاد گرفتن
نمیدونم چیکار کنم بهتر بشم 😭هیچی هم نمیتونم بخورم فقط اب چایی و دمنوش نهایتا بخورم",5.756634677486968
390543764,"وقتی همسرت نمیخواد و باهاش مشورت نکردی چرا اقدام میکنی؟؟
تاپیک قبلی نوشتی این ماه بارداری اقدام کردم؟؟",1.8713104343270626
thread_13611517_starter,"سلام بچه ها لطفااا کمک کنید خیلی استرس دارم
با نامزدم رابطه مقعدی داشتیم حالا خودش ک میگه مطمئنم منی نریخته رو واژنت ولی بازم شک داشتم
قرص اورژانسی ال خوردم
تازه فهمیدم تو تایم تخمک گذاری اثری نداره
الان ۱۰ روز گذشته موعد پریودیم برای ۲۵ امه این ماهه
استرس دارم چقدر امکان بارداری هس
متاهلا جواب بدید)))",6.53369952611895
thread_17193053_starter,"سلام کسی این رو تجربه کرده؟
توی زور زدن خیلی شدید سردرد گرفتید؟
من یکی دوبار اینجوری شدم، یکم سرچ کردم چیزای ترسناکی دیدم
رفتم پیش دکتری که میشناسمش ولی عمومیه
گفت تو باز به خودت پیله کردی
فشارمم گرفت گفت علائم دیگه شو که نداری
چیزیت نیست برو
حالا که روش حساس شدم هی احساس میکنم سردرد دارم
نمیدونم ینی برم متخصص یا نه
شما شدید تا حالا اینجوری؟",4.979569828854988
301030696,چقدر بعضیا راحت میگن بنداز .عزیزم اون دیگه بوجود اومده .تازه ازدواج کردین و تو دوران اشنایی و اوایل ازدواج اگه مرد لجبازی کنه و حرف زنو گوش نده با هم دعواشون میشه سعی کن با ارامش صحبت کنی باهاش,1.0942455856950815
thread_13907333_starter,"خانوما به نوار حساسیت کردم و شدیداً پوستم واکنش نشون داده
کسی هست اینجوری باشه؟ برای حساسیت چیکار میکنید؟ چی بزنم خوب شه؟
به جای نوار چی میشه استفاده کرد؟",3.425440131591025
404030175,رو نده به شوهرت تو این مورد مظلوم نباش شرعا دارم میگم اگه با نرمش و مدارا قانع نمیشه,1.0942455856950815
299048798,"عزبزم اروم باش اصلا ب این چیزا توجه نکن
چون سرنوشت خودته
مثل من نکن که فقط دوس داشتم از این موقعیت لعنتی بیام بیرون برم داشگاه و الان بیکارم
فقط فقط ببین خودت چی میخای آرزوت چیه
به هیچکسی حرفی نزن ولی کنکور بده باز سال دیگه ام کنکور بده
ولی آمادگی بده بهشون بگو که من الان چیزی نخوندم",3.425440131591025
thread_14798965_starter,غذا برای بارداری چی بخوریم؟ چه غذاهایی در بارداری مفید و مقوی هستند؟ و نمیزارن ضعیف بشیم؟؟؟,1.0942455856950815
340219139,"دو تا هم بچه دارم با یه یعالم کارای خونه
ولی بازم حوصلم سر میره
هیچی کار بیرون نمیشه روحیه ت عوض میشه",2.648375282959044
thread_15698699_starter,سلام خانوما اگه کسی ماه های اخیر سونوگرافی آنومالی داده ممنون میشم بگه هزینش چقدره و اینکه جقدر طول کشید؟,1.0942455856950815
thread_15849913_starter,"سلام
من این تجربه رو مینویسم برای اون دسته از مادرهای بارداری که نگران سلامت جنینشون هستن
من ۳۷ سال دارم و سال قبل فرزند دومم باردار شدم. با انجام آزمایش غربالگری مرحله اول عدد من های ریسک شد دکترم به من گفت نگران نباش بخاطر سن این عدد نشون داده آزمایش سلفری انجام بده تا خیالت راحت بشه، به اصرار خودم دکتر گفت برو آمینوسنتز. من برای اینکه هزینه کمتری پرداخت کنم بیمارستان اکبرآبادی انتخاب کردم هفته شونزده برای انجام آزمایش آماده شدم روی تخت دراز کشیدم ولی دکتر گفت تو سونوی خوبی داشتی این آزمایش درصد ریسک سقط داره پاشو برو سلفری انجام بده بعدا فهمیدم دکتر همون دکتر معتمد پزشکی قانونیه چون تا جایی که بتونن اجازه سقط نمیدن، چند روز بعد آزمایش خون سلفری انجام دادم، همینجور سن بارداری من بالاتر رفت، از آزمایشگاه نیلو تماس گرفتن و گفتن متاسفانه های ریسک در تریزومی ۲۱ هستید من فقط سه رو زمان داشتم، روز بعد اورژانسی در مطب خصوصی آمینوسنتز انجام دادم
دو‌روز بعد جواب آمینوسنتز هم سندروم داون تایید کرد به پزشکی قانونی مراجعه کردیم و مراحل معرفی
بیمارستان و سقط جنین انجام شد. تا هجده هفته و پنج‌روز مجوز سقط صادر میکنن بعدش باید جنین نگه دارید یا خدایی نکرده غیرقانونی انجام بدید. عزیزان اصلا تا زمانی که آمینوسنتز انجام ندادین بابت بیماری جنین نگران نباشید. درصد خطا در آزمایش خون وجود داره. برای همینه که خیلیا با هموم آزمایش غربالگری بهشون میگن ممکنه بچه مشکل داشته باشه ولی بچه سالم دنیا میاد، البته که خانواده های زیادی سراغ دارم که فقط غربالگریشون خوب بوده ظاهرا اما بچه سندروم داون متولد شده برای آمینوسنتز هزینه کنید و بیمارستان دولتی نرید. واقعا سقط کار سختیه روحیه شما رو داغون میکنه اگر میتونید بچه رو نگه دارید وگرنه مثل من هر لحظه حالتون بد و ناراحتید.",4.979569828854988
thread_10663500_starter,تقریبا یک سال  قبل از ازدواجم پدرم فوت شدند. توی خرید جهیزیه و برگزاری مراسم عقد خیلی مشکل داشتم. سختی های کارمندی رو هم داشتم. الان باردارم و دکتر بهم گفته سختی ها بهم فشار آوردند و الان با نوار مغزی تشخیص دادند که افسردگی دارم. بیشتر اوقات خوابم و همسرم گله میکنه. جمع گریز هستم و برای هیچکاری انگیزه ندارم. دکتر بهم گفتند که قرص مصرف کنم. اگر مصرف کنم ممکنه جنین مشکلاتی پیدا کنه و اگر استفاده نکنم ممکنه بعد از زایمان شدت افسردگیم هم افزایش پیدا کنه و در روابط مادر و فرزندیم مشکل بوجود بیاد. کسایی که سابقه افسردگی در بارداری رو دارند میتونند از تجربیاتشون بگند؟,5.756634677486968
381128540,دقیقا عین من دلم خیلی گرفته بود مخاطبینمو دیشب نگاه کردم ینفر هم باهاش بتونم درد و دل کنم😔,2.648375282959044
thread_14172599_starter,"تعلیق بودم نتونستم بیام درد دل کنم 😭😭😭😭
آخ مامانت بمیره برای اون قیافه خوشگلت دستای کوچولوت
قفسه سینه ش بالا پایین می‌رفت نفس می‌کشید
سینهام یکسره شیرمیریزه دخترم یعنی گشنته ؟کجا بیام دخترم که بهت شیربدم کاش بمیرم ببینمت
پیرشدم خدایا
سیسمونیش تواتاقشه خودش رفت خداچه خاکی توسرم کنم",6.53369952611895
thread_15874157_starter,"هفته دهمم
اوایل همراه ترشحاتم گاهی لک صورتی میدیدم که قطع و وصل میشد
مثلا سه رو نبود یه روز بود
اما از دیروز صب یسره شدم هی هم داره بدتر میشه
الان دیگه واضح صورتیه و به قرمز بیه لک هام وقتی میرم توالت
کلافه شدم نمیدونم چیکار کنم
کار خونه ام هم زیاده
نمیتونم که استراحت مطلق باشم
شانسمم دم عیده دکتر نیس",5.756634677486968
thread_18142166_starter,مخصوصا دوازدهم یجوری میکشه بالا که اگه کنکورت رو هم صد بزنی اینقدر نمیکشتت بالا بعد درجه سختیش نصف کنکور هم نیست . سکوی پرتاپه اونایی که میگن نباید باشه رو درک نمیکنم .تنها وجه مشترکشون اینه که هرکس واقعا درس خونده و درست تلاش کرده توش موفق میشه اینجوری نیست که هرکسی بتونه از پسش بربیاد.,1.8713104343270626
405738505,"مشکلت حاد نیست و ناباروری نداری که محبور باشی به این کار
یه سر بری مراکز ناباروری و مشکلات و درد سرهای ای وی اف رو بفهمی خدا رو شکر میکنی که مجبور نیستی این راه های پر دردسر و استرس رو بری .",1.0942455856950815
thread_11052815_starter,سلام بچه ها من هفته ۲۷ بارداری ام همش دلم میگیره و ناخوشم شرایط زندگیمم اونطور ک میخوام نیست و قبول دارم ولی دلم نمیخواد ایقد حالم بد باشه همش بغض دارم و دلگیرم خوابم کم شده چند روز هس اشتهامم خیلی کم شده فقط بخاطر نی نیم غذا میخورم و مکمل دلم میخواد گریه کنم همش در حال سرزنش کردن خودمم در صورتی ک میدونم کار بدی انجام ندادم همش خودمو اذیت میکنم,4.979569828854988
355164671,"ببخشید تو ان  تی متوجه شدین عدد ان تی هم بالا بود؟ جنین ندادین واسه ازمایش ؟
منم تازه سقط کردم بدلیل هیدروپس . الان نمیدونم چه آزمایشاتی بدم البته کاریوتایپ قبلا دادم اوکی بوده. ممکنه انعقادی و ایمنی باشه این بیماری ؟",4.202504980223006
412236985,افسردگی شدید و خیلی بدنم خسته است,3.425440131591025
thread_15616356_starter,"سلام مهربونا من باردارم دقیق نمیدونم ولی ۵ هفته میشه تقریبی.من زیرنظرپزشک بادارو باردارشدم.تیتربتا اولم ۲۶ ام بود۲۱۰ بعدی ۲۸ ام بود۵۳۰ وبعدی ۳۰ام ۱۴۸۰
من با بتا۵۳۰ دکترم منو سونو کرد و گفت ساک تشکیل نشده برو هفته دیگ بیا.اون وسطا حرفش گفت اگ یه موقع دردی خونریزی افتادی سریع به نزدیک ترین بیمارستان برو.حالا ازاون موقع همش استرس دارم نکنه پوچ باشه.امکانش هست؟؟",5.756634677486968
thread_10723964_starter,سلام بچه ها من یه عکس چسبیدگی رحم میخوام هرچقدم شده ازش میخرم من نمیخوام بچه دار شم ولی اسرار خنوادم منو کشته ۱۶ سالمه فقط,6.53369952611895
thread_7198508_starter,"دیشب خواب دیدم مامان بزرگم که فوت می‌کنه میبرنش جایی که دفنش کنن با ی شک زنده میشه ، یک هفته می‌ره بیمارستان بعدش دوباره فوت می‌کنه بعدش خودش خودش تکون میخوره به خالم میگم که مامانبزرگ زندس صداش کن ، صداش می‌کنه  مامانبزرگم میگه بله ! بعدش دکترا ک میان بالاسرش میگن با ی آمپول میشه کلا برشگردوند اما ی هفته باید بیهوش باشه ! بعد یک هفته میاد خونه دیگه هم هیچ دردی نداره (همه درد هاش آروم میشن)
این یعنی چی ؟ توی اینترنت زدم اما هیچیز درست و حسابی متوجه نشدم
میشه اگر کسی می‌دونه بهم بگه",1.0942455856950815
thread_14515733_starter,"بچه ها یه جنازه دیدم نصفش زیر برف بودتا دقت کنم ببینم چیه کلی زمان گذشت😭😭
زن حامله از گوشی به اینجور چیزا نگاه کنه چی میشه؟؟😭😭😭",3.425440131591025
thread_17496131_starter,"خیلی دارم عذاب میکشم کارم شده گریه اصلا نمیتونم قبول کنم
شرایط خیلی سختیو سپری میکنم
بچه ام سال دیگه اول دبستانه  و این یکی دوسه ماهه فکر مدرسه و درس بزرگه و خواب و خوراک دومی دیوانم میکنه
بچه اولم تنها بود نوزادیش مردم این چی میشه
کاش میشد یکاری کردکاش برمیگشتم به مهر",7.31076437475093
309054603,"هفته دوازده باید بری ان تی که از همون موقع هم میتونی ازمایش سلفری بدی برای من ۲۰رو طول کشید جوابش بیاد
البته اینم بگم اصلا کروموزم جنسیت بررسی نکرده بودن من دو قلو باردارم دکتر ازمایشگاه گفت احتمالا دختر ولی سونو جنسیت گفت جفتشم پسره",1.0942455856950815
thread_16239697_starter,دوستان من 19هفتع هستم رفتم سونو انومالی گفت دختره آیا ممکنه اشتباه باشه,1.0942455856950815
413503671,"خب من تاپیک هام پست نداشتن اکثرا
وقتی پست ندارن و دیگران کامنت نذاشته باشن خودت میتونی پاک کنی دیگه
اون سه نقطه رو میزنی و پاک میشه
چندتایی هم کامنت داشتم روزهای زوج 10 و نیم صبح تا 12 لینک تاپیک رو فرستادم پیوی نینی یار و پاک شد
البته من پشیمونم🥲فک نمیکردم دوباره برگردم",1.0942455856950815
thread_9499929_مامان_امیر؟؟؟؟_1401/07/21 20:36,"هیچ مردی از گله کردن و غر زدن خوشش نمیاد مخصوصا اگه در مورد خانوادش باشه.هرچی بیشتر بد خانوادشو بگی بیشتر از خودت دورش می‌کنی و به اونا نزدیک
علت اینکه تورو تنها میزاره و می‌ره پیش اونا اینه که باتو بهش خوش نمی‌گذره
نمیگم اصلا گله نکن و بریز تو خودت،ولی سیاست داشته باش چندتا از خوبیاشونو بگو بعد گله کن،یعنی من خوبیهاشونو میفهمم ولی این موردم هست
اگرم الان درجوابم بگی هیچ خوبی ندارن باور نمیکنم،چون اگه اینطور باشه پسرشونم لنگه خودشونه و لیاقت نداشته باهاش ازدواج کنی",1.0942455856950815
406365992,"من سیکلمه تقریبا ۲۸ یا ۲۹ روزه بود
دو سه روز بعد از پریودی که تموم میشد اقدام میکردم به صورت یک روز در میون. ولی خب من مکمل تقویتی ویتامین دی هم قبلش مصر میکردم دکتر برام نوشته بود",1.0942455856950815
thread_15881208_starter,خانم های باردار دکترتون بهتون چه مکمل هایی داده؟ من فقط کوالی فول میخورم، هفته ۱۱هستم,1.0942455856950815
thread_17705910_starter,سلام من تو شش هفته و چند روز شروع به خونریزی کردم امروز 5روزه خونریزی دارم و دفع لخته  و به چیز گوشت مانند.یه روز قبل خونریزی چون لکه بینی داشتم رفتم سونو گرافی واژینال کرد گفت که ساک بارداری نیست روز بعدش خوتزیزیم شروع شد هنوزم ادامه داره میخواستم ببینم کسی بوده اینجوری باشه و فکر کرده که جنین سقط شده اما سونو بعد رفته باشه جنین زنده بوده باشه تو رو خدا بگین من تا شهر نمیتونم برم روستام,6.53369952611895
thread_17946364_starter,"دوستم شونزده هفته هست الان سونی رفته بود قلب تشکیل شده بود
سونو ان تی هم رفته بود اوکی بود
دیروز لکه بینی پیدا کرده
رفته سونو گفته قلب بچه تا دوازده هفته میزده
الان یک ماه هست تو شکمش مرده
ساک بوده ولی قلب جنین دیگه نمیزده
امروز بیمارستان بستری شد
به نظرتون خیلی سقط درد داره؟!😭
با قرص هست
اگر نشد سون
هم اتاقی هاش میگفتن سون خییییلی درد داره ترسوندنش",3.425440131591025
353408482,عزیزم من یبار توی هفته هفت یا هشت خونریزی داشتم، یبارم فوق العاده شدید تو هفته دوازده که رفتم ان تی، با اینکه از همون اولم شیاف میذاشتم، آمپول آنوکساپارین میزدم هر روز، ولی شکر خدا الان کنارم خوابیده فرشته ی من، فقط من هر دفه خونریزی داشتم چندتا امپول پروژسترونم بهم میداد دکتر که یکیشو بلافاصله میزدم. شماهم تحت نظر باش، شیافتم میتونی دوازده ساعتی بذاری، الان که خونریزی داری، البته از دکترتم بپرس، به من اینجوری تجویز کرد. ایشالله که خیره عزیزم.,1.8713104343270626
thread_14241794_starter,"هفته ۲۷ بارداری هستم طول سرویکسم از ۴۰ شده ۳۶ خطرناکه؟؟؟؟؟؟
شما چندین؟ تجربه دارید؟",3.425440131591025
thread_18116830_starter,"منظورم وقتی که خونه هست.. فرض کنید از صلح تا شب اگه یه روز خونه باشه ، چقدر خودش سر صحبت رو باز میکنه ؟؟
میخوام بدونم کلا آقایون تو خونه اهل حرف زدن زیاد هستند یا نه فقط در موقع ضرورت ؟",1.8713104343270626
413924567,اینکارو کردم حتی چند وقت پیش خواستگار پیله داشتم دیگ مجبور شدیم بگیم بیان ک بهش ی نه بگیم ول کنن منم شب رفتم بیرون گفتم تولد دعوتم ک نمونم بابامم باهام اوکی بود گفت برو اینجوری بهشون برمیخوره دیگه نمیگن چیزی 😂🤦🏻♀️ولی واقعا بدم میاد ت سن 19 سالگی همش بهم میگه باید عروس شی,4.202504980223006
thread_17758485_starter,"کمرم و دلم درد میکنه روز ۱۱ ام هستم
سینه هام تازه از امروز حساس شدن
خیلی استرس گرفتم که چی میشه
نمیدونم این دردا بابت منفی بودنه یا مثبت🥲",5.756634677486968
352163516,مسخره که نه ولی یکی از آشناهای دورمون دعا نویس گفته بوده ش*اشتو بده شوهرت بخوره محبتتون زیاد میشه اینم انجام داده بوده شوهرش فهمیده بود طلاقش داد. قضیه مال 20_30 سال پیشه,1.0942455856950815
400927821,"من که در حد تجربیات خودم بلدم ولی به نظرم اگر سن بارداری شما حدود 5 هفته باشه ، دیدن ساک بارداری برای این سن بارداری خوبه.
انشالله به هشت هفته برسه نی نی و قلبش هم تشکیل شدن",1.0942455856950815
274705570,اره از من حساب نمیبره ب مادرم بگم با پسره اس یا نه...فقط میخوام جریان مدرسه رو نامحسوس بفهمونم نمیگم کار منم بوده,2.648375282959044
257900941,دکتر نگفت مشکلی برای بچه پیش میاد با این وضعیت؟ یعنی مثلا وزن بچه کم بشه یا ضعیف بشه خدای نکرده,1.8713104343270626
411747008,شما دخترها را فعلا کسی نمیگیره برای همین فشار عصبی بهتون وارد شده!کدوم پسر تعطیلی الان میاد با یک دختر ازدواج کنه!,1.0942455856950815
354471553,برای کسایی که خودشون اضافه وزن دارن نهایت ده کیلو مجازه. برای کسایی که اضافه وزن نداشتن تا ۱۵ کیلو. به نظرم شما خوبی. باز با دکترت صحبت کن.,1.0942455856950815
thread_8622569_همیشه_غمگین_1401/02/19 05:04,"به چه جرمی شکایتش کنم؟؟؟
اورژانس اجتمایی چکار میتونه برام بکنه؟
جایی داره که آدم بتونه زندگی کنه؟",5.756634677486968
413824818,اخه من همینطوری تاپیک امروز مو پاک کردم برای نینی یار لینک شو فرستادم پاک کرو برام,1.0942455856950815
323698148,چایی نبات با دارچین و زنجبیل،قبل و زمان پریودی خیلی اثر میکنه،سردیجات مثل خیار و کاهو اینا نخورید,1.0942455856950815
413403598,عزیزم من فقط میتونم توصیه کنم که به سقط قبلی فکر نکنی بابت تغذیه حتما دکترتون باید نظر بده من خودم اون قدری تند تند بچم وزن نمیگرفت حتی سونوگرافی میرفتم میگفتن جاش مثلا یکم پایین ولی خیلی خونسرد بودم و راستش تا شش ماهگی جز سیب د زیتون تقریبا هرچی میخوردم بالا میاوردم ویار خیلی بدی داشتم تا سه ماه که اون جنین خوشگلتون از خودتون تغذیه ش میگیره استراحت کن و ریلکس باش و چیزای سالم بخور,1.8713104343270626
thread_14758175_starter,"پس اینایی ک قبول میشن هرسال کیا هستن یعنی اونا سایت نمیان
دلم انگیزه انرژی مثبت میخوام برا ازمون‌اموزش پرورش
مگه میشه هیچکس قبول نشده باشه اینجا ک‌بهم‌بگه شدنیه",4.202504980223006
320772915,اره میخورم خیلی مراقبم، نگران دخترمم امروز انگار یکم بی حال شد کمتر لگد میزنه 🥺,3.425440131591025
413977167,باید ببینی واقعا شوره است یا پوسته ی سره. اگر شوره است چسبیده به سره یا نه رنگش چجوریه زرده یا سفید باید بررسی شه شوره عادیه یا درماتیت و قارچه,1.0942455856950815
412672708,خیانت کرد باز موندی گفت میرم با کس دیگه باز موندی اول خودت به خودت رحم کن,1.0942455856950815
thread_18104076_starter,بعد عروسی رفتیم خونه مادر شوهرم ،شوهرم دقیقا یه روز بعد عروسی اینقد سرد شده بود که از صب تا شب حتی دستش بهم نمیخورد نمیومد کنارم بشینه الان که اومدیم خونه ی جدا گرفتیم هم از وقتی بیدار میشه سرش تو گوشیه بعدشم میره بیرون از خونه تا اخر شب ۳۷ سالشه فک میکردم دیگه دوراشو زده دنبال رفیق بازی نیست نمیدونم چرا اینطور شده هر روز گریه میکنم 😭😭,5.756634677486968
366406849,هرچی دارو گیاهی خوردم جفت دفع نمیشه دردام خیلی شدید شده,5.756634677486968
thread_17507386_starter,سلام به همگی. من بیشتر از یه ماهه توی خونه هستم. توی خونه هم تا سرویس و قدم زدن تا آشپزخونه میرم. کل روز ، روی تختم. تا ماه آخر استراحتم.بیشتر از ۳ ماه دیگه اش مونده. خیلیییییی دلم میگیره . تا غروب تنهام. فامیل هم توی شهرمون ندارم. چند تا دوست دارم که هر کدوم اوایل یه بار بهم سر زدن و رفتن، انتظاری هم ازشون ندارم. تحمل روزا برام سخت شده. بعضی وقتا انقدر گریه میکنم بالشم خیس میشه. کتاب میخونم اونقدر فیلم دیدم که دیگه حالم بهم میخوره. واقعا به یه مرحله عذاب رسیدم. همش به خودم میگم تموم میشه ولی باز گریه ام میگیره. نمیدونم چه جوری بقیه اینقدر روحیه شون قویه و من ضعیفم. واقعا کم آوردم. کیا مثل من تنهان؟,6.53369952611895
thread_12705823_starter,وووی خیلی چندشه هر چی بگم کم گفتم.  تمام بلاهایی که سرم اورده بعد میگه دوست دارم و از دوست داشتنه.  ولی انقد این رفتارا رو شدیدا تکرار کرده تبدیل به یه آدم روانی شدم. هر وقت میبینمش دقیقا میدونم همین الان عکس العملش چیه و میخواد چکار کنه.  یه قیافه خیلی مظلوم هم داره ولی ملکه عذابم شده. دو ماهه درگیر امتحان و دانشگاهم.  قبلا هم همین رفتارای ازاردهنده داشت ولی به چشم اذیت نمیبینم.  اول اینکه تا کتاب باز میکنم یهو عین رادیو همین جور حرف میزنه.  انتر ول کن انقدحرف نزن.  من چطوری بخونم.  انقد حرف میزنی.  ینییک صفحه من نخوندم.  میاد طرفم شروع میکنه نوازش و محبت تو مخی.  من سیلی میرنم لگد میزنم اون بدتر لذت میبره. از دستش پامیشم تو سرما شال کلاه میکنم میرم تو ایوون بخونم.  میاد سراغم.  چقد قسمش میدم نیا ولی میاد.  دو دقیقه نگذشته باچای و شکلات میاد.  پنج دقیقه بعد چای بعدی ده دقیقه بعد نون پنیر خیار بار میکنه میاره برام 😭😭😭😭 تو مخ ولم کن.  تمام این کارا رو انقد تکرار کنه تمام از حفظم.  اخر ول میکنم کتاب میبندم میام تو خونه میشینم.  اونوقته ساکت و اروم میشینه سرجاش😐😐😐,7.31076437475093
380595775,چهار ماهه پیش بیمارستان خصوصی گنبد سزارین کردم با همه خرجا 15شد,1.0942455856950815
thread_6128613_starter,تعبیر خواب عصبانیت و فریاد زدن ولی کسی صدای مارو نشوه و اهمیتی نده یعنی چی؟,1.8713104343270626
411784860,نمیدونم استرس گرفتم به حساب پریودیم ۶هفته وچند روز بودم,4.979569828854988
359397260,خب ادمی که تورو بخادت هر کاری واست میکنه نمونشم همین امشب که شارژر برات اورده حتما اونم دلایل خودشو داره که به طور غیر مستقیم داره ابراز علاقه میکنه میخاد بیشتر بشناسدت و قصدشو جدی کنه توام فرصت داری واسه اشناییه بیشتر. یه مرد رو سالها هم بشناسی بازم کمه عجله نکن ولی بهش تیکه ننداز اگه میدونی خوبه و از همه لحاظ اوکیه بزار خودش بیاد جلو نه اینکه با حرف و تیکه بخای قصدشو بفهمی. چار روز دیگه میگه تو افتادی دنبالم وخودتو بهم چسبوندی پس ولش کن بزار زمان همه چیو بهت نشون بده تو همونجور که این یکسال عادی بودی همینطورم عادی پیش برو ببین چی میشه,1.0942455856950815
thread_14860315_starter,خانوما خیلی بد شدم تو این دوران حتی چنباری میخوام خودم بکشم فکرای بد میاد تو سرم همش میگم ما ک میخوایم بمیریم چرا زندگی می‌کنیم همش برا اطرافیانم میترسم از کار خونه متنفر شدم راهکارتون چیه ؟,6.53369952611895
282398573,نبودم اما بعدزایمان دردم کمتر شد با اینکه سز بودم,1.0942455856950815
336987957,من چکاپ اولیه بارداری که دادم قندم ۱۰۰ بود دکتر متفورمین داد بهم گفت بعد یک ماه تکرار کن که اومده بود ۸۱ ولی دکتر گفت باید ادامه بدی,1.0942455856950815
thread_13661129_starter,من الان هفته ۶ هستم دکتر بهم گفت پشت جفت لخته خون داری از خیلیا پرسیدم گفتن که نشانه جنین پسر ایا واقعا راسته میشه بهم بگید من ۲ تا دختر دارم وخیلی دوست دارم که این پسر باشه سر دخترام اصلا لخته خون نداشتم,1.8713104343270626
thread_6485839_ziba1380_1400/02/26 01:55,استرس دارم 😑,3.425440131591025
thread_18082368_starter,سلام خوبین من یه دختر دارم و الان باردارم خیییلی دوس دارم پسر باشه و از هر دو جنس داشته باشم اما دیروز سونو ان تی رفتم کلی نگاه کرد گفت مشخص نیست درست ولی احتمالا دختره دوازده هفته و یک روز بودم  راستش یجورایی تو ذوقم خورد چقد رعایت کردم برای پسرزایی نمیخوام کسی جبهه بگیره چون یه دختر داشتم دلم میخواد این یکی جنس مخالفش باشه و دیگه با این شرایط سخت آدم جز دوتا بچه بیشتر نمیخواد دیگه 🥲 و اینکه با جوش شیرین امتحان کردم روز تخمک گذاری اقدام کردم خلاصه خیلی حتی نیت کردم اسمش رو محمد بذارم قبلش قرص فولوکونازول خوردم بنظرتون ممکنه سونو ان تی درصد خطا داشته باشه هر چند سر بچه اولم ان تی احتمالش رو درست داد,2.648375282959044
403155257,"ممنون عزیزم امیدوارم همه چشم انتظارا بچه شونو بغل بگیرن
روزی که جواب آزمایش گرفتم جوری شکر کردم که هیچوقت اینطوری از داشتن چیزی خوشحال نبودم خدا کمکم کنه",1.0942455856950815
thread_17912536_starter,سلام دوستان وقتتون بخیر من ۷ماه اقدام کردم به بارداری این ماه روز ۱۳ سیکلم ببخشید بعد رابطه ترشح خونی اومد دیگ دردام شروع شد بعد روز ۱۵ سیکلم بعد ادرارم خون صورتی یکم اومد بعدش درد داشتم رفتم سونو ضخامت اندومترم ۱۷ بود گفتن مشکوک به بارداری روز ۲۳ سیکلم یعنی ۶ روز قبل موعدم لکه بینی داشتم خیلی زیاد منم ببخشید گفتم پریود شدم بعد دوباره روز ۲۶ سیکلم رفتم سونو واژینال گفت ضخامت اندومتر ۱۲ است ی سونوگرافی دیگ دکترم امپول پروژسترون زد برام ۲تا گفت پریود شدی برگرد امروز موعدم فقط لکه بینی دارم بنظرتون باردار نیستم دیگ؟,3.425440131591025
thread_17342853_starter,"از ده هفته درد لگن و دنبالچه و دهانه رحم و واژن و بین رونام شروع شد ، به طوری که میلنگم و نمیتونم درست پاشم از جام یا خم میشم دردم بیشتر میشه
از اونورم نمیتونم استراحت مطلق باشم بچم کوچیکه کسی نیست ازم مراقبت کنه خونه خودمم
دکتر سونو کرد طول سرویکس عالیه (۴۰ هستش) و دهانه رحم حتی رو به باز شدن هم نیست
اما بخاطر دردم شبی یدونه شیاف پروژسترون ۴۰۰ داد و استراحت نسبی
من میتونم به ۳۸ هفته برسم؟😔
بچمم دختره
الان ۱۴ هفته و ۲ روزمه
خونمم پله داره برای دستشویی رفتن مجبورم پله بالا و پایین کنم",6.53369952611895
thread_14348409_starter,"خانوما لطفا بگید برای تهوع و استفراغ اوایل حاملگی چی خوبه
من ۸ هفتمه تا امروز کم بود حالت تهوعم و اشتها نداشتم
ولی ۲ . ۳ روزه بیشتر شده و امونمو بریده هیییچی نمیتونم بخورم از بوی همه چی حالم بد میشه چندبار بالا اوردم
چی خوبه من بخورم؟ قرصی چیزیم میشناسین؟
😭😭😭",5.756634677486968
thread_15866397_starter,"۲۵ ساله
ترم اخر دانشجو آزمایشگاه
دوتا خونه داره ماشین داره مغازه داره (خانواده دادن)
اهل کار کردن هست تابستونا تو کارخونه عموش حسابدار
ویلاشونو هم اجاره میده درامد داره که اینا مهم نیس
اخلاقش خوبه ادم نرمالیه رفتارای عجیب نداره کم خودم چون تو خانوادم ادم عصبی و بیمار زیاد تعجب میکنم از نظر روانی سالمه اهل دود و دم و مشروب نیس ظاهری خوبه
پدرش سرهنگ بازنشستست و جانباز (پدرشم بهیار بودن دوران خدمت)
تک فرزند
عموها نظامی
داییش شهردار
خودمم معلم رسمی هستم و ارشد ۲۴ سالمه
من پدر مادرم حدا شدن پدرم اعتیاد داره عموهامم همینطور
خواهر دوقلوم معلول
با خانواده پدری بزرگ شدیم
شغل نداره چیکارش کنم
شما قبول میکردین؟",3.425440131591025
thread_17599397_starter,من باردارم دیروز به شدت کل بدنم درد میکرد مخصوصا زیر دلم به زور تحمل کردم تا موقعی که همسرم اومد رفتیم دکتر ما قبلا سونو رفته بودیم گفته بودن بچه یدونست الان میگن دوتاست چیکار کنم🥺😭تو شوکم اصلا🥺😭,5.756634677486968
thread_16237920_starter,بچه ها مگه اوایلش زیر شکم درد ایجاد میشه؟دقیقا مثل درد پریود؟😭😭وای فک کنم حاملم.ی بار تستم منفی شد.نکنه حاملم.۲ماه پریود نشدم ولی در کل پریودام نامیزون.زیر شکم درد شدیدی داشتم ی مدت.فک میکردم میخوام بشم.دیشب یکم خون دیدم گفتم شدم اما نشدم.واااای نگید ک اینا نشونه حاملگی تازه دل پیچه هم دارم😭😭خاک ب سرم شد,5.756634677486968
thread_15343421_starter,ما 8ماهه ازدواج کردیم خونه مادرشوهرم زندگی میکنیم چند روز پیش فهمیدم باردار هستم و ب شوهرم گفتم گفت که باید بچه رو سقط کنی وگرنه من میرم جایی ک نتونی پیدام کنی خودت بمون با بچت نمی‌دونم چیکار کنم من شوهرمو خیلی دوست دارم😭,7.31076437475093
thread_18074583_starter,"۶ ماهه عقد کردیم
و قهریم ۱۰ روزه چندمین قهر طولانیمونه همیشه یا خودم میرفتم یا خانوادهامون اشتیمون میدادن
اینبار میخوام همینجوری ولش کنم تا وقتی که خودش بیاد .. اومد اومد نیومدم به درک دیگه جیکار کنم خسته ام کرده ..
بنظرتون تصمیمم خوبه؟",5.756634677486968
thread_7662245_starter,"روم نمیشه ازکسی حتادکترم بپرسم خاهشااگه میخاین توهین کنیدتاپیکوترک کنید
چندروزبعدسزارین رابطه داشتید
خونریزی داره بعدش؟",3.425440131591025
413538102,منم همین حسو دارم ،بچگی ی جوجه داشتم مرغ شد خییییلی تپل و بزرگ شد اخر باغ فامیلمون ول کردیم,1.0942455856950815
339505767,انقدر بدم میاد از این آدما که هیچی نیستن و هیچی ندارن و خودشون رو دست بالا میگیرن دلم میخواد با تریلی از روشون رد بشم,3.425440131591025
380894236,چیزخاصی نیست نگران نباش حتمابروسونووتاپیک هماتوم وجفت پایین منوبخون اونجاگفتم چیکارکنی,1.0942455856950815
thread_8548681_mamiari4_1401/02/06 08:04,من با مشروب و سیگار مشکلی ندارم ولی مخدر خط قرمزمه‌. حتی کم و تفریحی رو هم تحمل نمی‌کنم‌,1.0942455856950815
373449486,"ببین من تو خونه رو ترجیح میدم
ولی نمی تونم بهت بگم تو هم همین کار رو انجام بده ممکنه خونریزی‌ها زیاد بشه جوری که عواقب داشته باشه و از طرفی هم تو بیمارستان سخت تره هم درد زایمان داره و اخرش هم حتما کورتاژ میشی
باز هر جور دکترت نظرش هست",1.0942455856950815
thread_11457979_حنا_دختری_در_رختخواب_1402/04/11 14:21,"من رفتم سونو تشکیل قلب کاش به این زودی نمیرفتم چون کلی هزینه کردم و کلی تو نوبت بودم و اذیت شدم اخرشم گفت هنوز خیلی کوچیکه نمیتونم ببینمش ۱۰ روز دیگه بیا
تو هم الان فقط برو قرص بگیر نمیخواد الکی سونو کنی که اخرشم بگن برو بعدا بیا
من رفتم قرص یدفولیک هر روز باید بخورم میخوام قرصB6 هم شروع کنم رو ویار تاثیر داره ولی تو بری قطعا یدفولیک بهت میدن سونو اگه نوشت به این زودی نرو من حرف خواهرام گوش ندادم رفتم پشیمون شدم
به دکتر بگو یه موقعی میخوای بری سونو که صد درصد تشکیل شده باشه ن این که بری بعد بگه بعدا دوباره بیا",2.648375282959044
406549156,پناه بر خدا همونی که بهت دادتشون مواظبشونم هست استرس نداشته باش پزشکی خیلی پیشرفته اس با چندتا جراحی حل میشه,1.0942455856950815
353750307,چرا عذاب وجدان کار اون درست نبوده,1.0942455856950815
406295958,خودم ته دلم فکر میکنم پسره،ولی این ضربان به شک انداخت،فعلا که حالم خوبه،شما سونو شش هفته یادتونه ضربان جنینتون چند بود؟,1.8713104343270626
thread_15697127_starter,"من 43 سالمە
تازە  فهمیدم باردارم
با  شوهرم هم  دعوام  شدە
این  ماە  همش  دعوا   کردیم
نمیدونم  چکار  کنم توی  این   سن😭😭
مگە  حوصله   بچه  دارممممم؟؟؟",6.53369952611895
378708110,رابطه کامل نیود اصلا عزیزم ببخشید میگم ریخته شد رو شورتم زیرش از ترس فرداش خوردم که اینجوری شد عقدیم میترسم,4.202504980223006
thread_7225282_0dayana0_1400/06/19 11:42,"ن اول میری ی جایی با بقیع
بعدش ک روز قیامت شد بعد از اون میری جهنم🥺",1.0942455856950815
284071614,بخدا نمیدونم چی بگم ،بنظرم باید دکتر خودش تایید کنه و اجازه بده دیگه ،ان شاالله بسلامتی زایمان کنه,1.0942455856950815
335798890,"مگه از ۱۶ هفته تا ۱۸ هفته نیست؟
به موقع برو دیگه",1.0942455856950815
thread_16666595_starter,"۶ ماهه اقدام بودم و حالا هم پوچ شد .تا دیروز خونریزی در حد پریودی داشتم .دکتر هم گفت خودش داره سقط میشه و گویا دیگه مثل قبلا قرص نمیدن داروخانه ها .باید حتما بری بیمارستان
دیروز یه زعفران غلیظ خوردم بعدش یکم خونریزی دو تا لخته خون و بند اومد
میترسم نرفته باشه و چسبندگی بگیرم
تازه عکس رنگی انجام داده بودم🥲",5.756634677486968
409549931,"به سلامتی عزیزم
شما هم هماتوم داشتین؟
آسپرین رو تا کی باید مصرف کرد
بخاطر هماتومم داده
شما جنسیتشو کی فهمیدین غربالگری اول؟",1.8713104343270626
thread_16321538_starter,"خانواده ای ندارم بی کس کارم کسی نیست حداقل نیم ساعت نگهش داره استراحت کنم
شوهرمم از ۵ صبح تا ۱۱ شب سرکاره
پسرم خیلی اذیت میکنه مدام گیر میده یا الکی صدام میزنه ن تی وی میبینه ن بازی میکنه با اسباب بازی هاش
دیوونه شدم نگید ببرش بیرون ک بیرون یک ساعت دوساعت کل روز نمیتونم بیرون باشم",7.31076437475093
274805847,"من ازبچگی ازلمس شدن بدم میاد
خانواده هم میدونن الانم فقط همسرم حق داره لمسم کنه
یکی از فوبیا هام همین لمس شدن تو بارداری و اوایل زایمانه که هر کسی به خودش اجازه میده دست بزنه به سینت",3.425440131591025
thread_18040866_starter,"هی میگه اون چیه این چیه تند نرید صدا پاتون میره پایین ، بلند صدا نکنید ، دست نزن ، اینجا چرا کثیفه ، همه ش حواسم باید باشه بچه ها خراب کاری نکنن .میگه حواست باشه بچه اسهال نگیرش پوشاک یه تومان شده.دخترمم داستانهای خودش و داره حرف گوش نکنه، باید با دقت حرف بزنی بهش بر نخوره سر و صدا نکنه.
فقط دلم ی پسرم خوشه دو سالشه.
بنده خدا جرات ندارم سر سفره یکم با قاشق میخوره بریزه
مشاوره هم گفته هر وقت شوهرت حرفی زد چیزی نگو دعوا نشه ، چون عصبیه.
حرفای مشاوره تاثیر داره میدونم ولی تحمل شوهرم و ندارم.
دخترم که خونه رو داغووووون میکنه صبح تمیز کردن اتاقش و ظهر کلا ریخته بود به هم.
احساس میکنم دارم روانی میشم.
خیلی خود خوری میکنم.
از نظر تمیزی هم یکم دستم کنده دیگه میخوام صبح زود پاشم.
عصبانیتم و سر پسرم خراب کردم. دستش و تند گرفتم گفتم بتمرگ.
باهاش خیلی مراقبت حرف میزنم خیلی ناراحتم اینجوری خوابید.
الان دارم گریه میکنم.",7.31076437475093
411926442,"میگم که اوایل نوزاد بود بیدار نمیشد بعداز اینکه بهداشت گفت خودم بیدارش کردم اونم عادت کرد،بعداز پنج ماهگی هم شروع کردم کمش کردم چندماه طول کشید،ده ماهگی یه وعده آخر شب شیر خشک دادم
بله کلا سال اول دوم خیلی سخته",1.8713104343270626
thread_17257089_starter,"سلام
من ماه چهار بارداری بودم ک فهمیدم باردارم
چون کلا پریودیم منظم نبود نفهمیدم
بعد الان چون آزمایش Nt
رو نتونستم انجام بدم ی خورده نگرانم
آزمایش انومالی سلامت جنین اوکی بود
پزشک میگ همه چی اوکیه
ولی چون تو اینستا کلیپهای زیادی میبینم ی خورده نگرانم
ن خودم ن همسرم مشکل ژنتیک و نداریم نمیدونم حالا
آزمایشی هست ک از اون طریق سلامت جنین بیشتر مطمئن شم🥲",3.425440131591025
413393830,"دوران عقد اینه وای حالی بخوای بری سر خونه زندگیت
دوران عقد معمولا ابراز علاقه ها بیشتره 😑",1.0942455856950815
thread_16840915_starter,"بعد اینکه دیروز رفتم آز دادم و بنا زده بود ۴. شب خونریزیم شروع شد. نسبتا سنگین بوده. پایین کمرم گاه به گاه درد می کنه و سرم هم. سرم درد می کنه و سنگینه.
خیلی ضعف دارم. فردا از متخصص وقت گرفتم
ولی استرس دارم خارج از رحم بوده باشه
نمی دونم برم اورژانس الان یا نه",6.53369952611895
383171368,امیدوارم طوری نباشه🥲,1.8713104343270626
380739627,نه اگه ماما یا متخصص خوب انجام بده حرفه و ای و اصولی مشکلی پیش نمیاد یه متخصص زنان و زایمان که آشناهم هست پیشش انجام داده خودش الان دوتا بچه داره گفت کارش خیلی خوب و اصولی هست,1.0942455856950815
thread_16247461_starter,خجالت میکشم برام میخرن😔😔😔وضع مالی شون خداروشکر خوبه ولی نمی‌دونم چرا خجالت زدم برای جهاز سختم نبود,2.648375282959044
thread_17990487_starter,"رفت لیزر کرد؟
من پر موعم چ کنم الان حالم از خودم بهم میخوره😂
کسی بوده مث من مثلا بخواد چند روز مونده ب زایمان بره لیزر",1.8713104343270626
thread_18058797_starter,یک روز با شوهرم سر فیلم بحث شدیم روانشناس آنلاین زنگ زدیم اومد به شوهرم گفت دستت رو بزار روقرآن که دیگه فیلم بد نگاه نمیکنی؟بنظرتون کارش درست بوده؟ شوهرم ناراحت شده,2.648375282959044
413370263,"۵ ماه خب چیزی نیست واقعا واسه منم ال جیه بعد از ۳ سال دیدم تمیز نمیشوره جوری که خیلی ببخشید پیراهنا بوی عرق میموند روش
قرص جرم گیر کالگون خریدم گذاشتم رو کتان پلاس جرم گیری کردم درست شد بعدشم هر ۴،۵ ماه جرم گیری کردم اصولش اینه که ماشین هر ۶۰ بار شستشو جرم گیری بشه
حالا یه جرم گیری کن ببین درست میشه یا نه
پایینشم باز کن تمیز کن حتما",1.0942455856950815
408768669,"بله
یکی از اقوامم سالم هست
چون یه سقط داشت
ترسید و دیگه اجاره ای بچه دار شد",1.0942455856950815
374379315,"من یه مدت داشتم استرس مو حل کردم درست شد
الان شاید سالی دوسه بار بگیره",2.648375282959044
411897766,"خیلی بی حاشیه ام
اون موقع حامله بودم و خیلی میومدم سایت و پلاس بودم
بعد از تولد بچه هام دیگه وقت نداشتم
الان هم وقت های بیکاری تو اداره گاهی میام
نظرات چالشی هم نمی دم و آروم و آسته می چرخم",1.0942455856950815
409094641,"هماتوم یا جذب میشه یا با خونریزی دفع میشه.
کاش فقط استراحت میکردی تا زمان سونو قلب که از وضعیت جنین مطمئن بشی بعد دارو مصرف کنی
چون اگه جنین تشکیل نشه با داروهایی که مصرف کردی دفع شدنش اذیتت میکنه وممکن سخت باشه",1.0942455856950815
289278586,واقعا، من حس میکردم بوی پوست بدن شوهرمو میفهمم، تمام زندگیمو دادم برام شستن، فکر میکردم فرش بوده، رو تختی بوده ،روی بالشتا ییا همه رو خواهرام اومدن برام شستن,3.425440131591025
384946864,"الان شما ادعا کردن تو ایران باید کشته شه ولی این ادعا درست نیست...
یکی احکامی برای مرتد ها وجود داره که تو کشور ما هم اجرا نمیشه اما کسی که کافره که کشته نمیشه",1.0942455856950815
thread_17986545_starter,"سلام شب همگی بخیر
بنده سرپرست بخش ای از بیمارستان هستم( پرستارم )
چون سابقم تقریبا زیاده ( نزدیک ۱۷ سال ) کارکنان میان مشکلشون به من میگند ..
تو تاپیک های قبل گفتم ، نگهبان بیمارستان از کارشناس بیهوشی خوشش اومده بود ، پسر چشم پاک و خوبی هست اما مالی چون سنش کمه حدود ۲۶ ضعیف ی پراید دارد . خلاصه من به همکارم گفتم ، تا گفتم امر خیره با خنده گفت اگه داداشت هست با اجازه بزرگ تر ها بله بعد خندیدم .. و تا شنید نگهبان گفت من بابام جنازمم دستش نمیده ( حدود ۲۲ سالشه )
منم ب نگهبان گفتم قصد ازدواج نداره و تموم کردم موضوع رو .
دیدم امروز همکارم اومده میگه مامان ( منو مامان صدا میکنن ) ازت ناراحتم ، گفتم چرا ؟؟
گفت تو که میدونی من داداشت دوست دارم چرا هیچ کاری نمیکنی ؟؟؟
چرا ب جا داداشت میری ب ای من خواستگار پیدا میکنی😑😑
منم گفتم تو لیاقتت بیشتر  انقدر اصراز کرد گفتم ولی با داداشم صحبت میکنم بهت خبر میدم😑
الان پیام داده میگه یادت نره ها😑",1.8713104343270626
thread_12618321_starter,"شوهرم دیشب گفت دوسه روز دیگه با فلانی و فلانی ۳ تایی میریم باغ فلان دوستم
من ناراحت شدم اخم و تخم کردم
گفت بخدا کاری نمیکنم اصلا فکر نکن دارم تورو میپیچونم
بخدا دارم راستشو میگم بهت وگرنه اصلا نمیگفتم که دارم کجا میرم
امروزم گفت عهه امروز بازی بود با رفیقم میخواستیم بریم استادیوم حیف نشد رفیقم خانومش سالگرد یکی از اقوامشه رفته خانومشو برده خونه فامیلش
تو گوشیشم هیچی نیست
اینستاتلگرام نداره
یه روبیکاره که اونم قایمکی پیویشو دارم اونجا هم چیز مشکوکی نبود
ولی یه شب یکی از پیامکاشو پاک کرد
نمیدونم میترسم",4.202504980223006
324259214,"شما چه علائمی داشتین ؟
من سینه هام حساس شده و کمی کمردرد دارم گاهی وقتا هم یهد واغ میشم و یه کوچولو حالت تهوع",1.0942455856950815
thread_18114739_starter,"یه دختری که خانواده اش پولدار خسیسن همش دعوا و حرص و طمع دارن و دنبال اینن پول جمع کنن بااینکه همین الانش چند تا مغازه خونه ماشین زمین دارن باز دست نمیکشن و همش مشکلات خانوادگی داره
دختره از یکی خوشش میومده که پسره هول به تمام معنی ست توی فامیل هم به کسی محل نمیده و خواستگارای فامیل رد میکنه
دانشجوی پزشکیه و درسخونه چهره ای از نظر بقیه متوسط رو به بالاست
به نظرتون هیچکس پیدا میشه این دختر یه روزی دوست داشته باشه؟  یه روز ارامش و بدون جنگ و دعوا توی خونه تجربه نکرده تاحالا...",1.8713104343270626
352931641,"وای عزیز منم خارش سینه دارم گفتم چون داره شیر میافته اینجوره
حتی سوزش هم دارم",1.0942455856950815
413940760,"عزیزم اگه شر به پا نکنی فردا بدتر بهت تهمت میزنن
تو شهرستان ما همین شد دختره هی جواب نداد هی جواب نداد اخر گفتن حتما یه غلطی کرده ساکت مونده",1.8713104343270626
251560308,خوب ک نمیشه هیچ،کمر دردم داری😐جای بخیه هم تا اخر عمر بی حسه,1.8713104343270626
342415425,"همین علائم شکا
میل جنسیم بالا پایین میشه
علاقت به خرید
۱۰ دوازده روز افسرده  ده دواز ده روز خوووب
هی می چرخه این افسردگی و حال خوب ....",1.8713104343270626
270778770,"من خودمم دست کمی ندارم.
سقط مکررم تا الان کلیییی دارو مصرف کردم تا اینجا چ چیزا ک پشت سر نذاشتم!هر روز ی فکر میاد تو سرم!
ولی میگم خدا بعد اینهمه سال معجزه نشون داده بهم،چرا این روزای قشنگو تلخش کنم؟مطمئنم ناامیدم نمیکنه",4.979569828854988
376847705,"به نظرم باید محکم وایسی و بهش بگی که این رفتاراش داره اذیتت می‌کنه اگه اینجوری ادامه بده کم‌کم حس بدی به رابطه‌تون پیدا می‌کنی باید یه تعادل بین دو تا خانواده باشه نه اینکه همیشه فقط خونه‌ی اونا برید یه بار که آروم شدی بشین باهاش حرف بزن و ببین اصلاً دلیل این کارش چیه چون این حرکتش کاملاً غیرمنطقی و یک‌طرفه‌
س",1.0942455856950815
thread_16396195_starter,بچه ها توروخدا اگه کسی میتونه راهنماییم کنه نظرشو‌ بگه من هفته ۷ هستم کلا از قبل اینکه بفهمم باردارم یا حتی ماه قبلترش همش حس میکنم فوری سرما میخورم دور سینه ام چه جلو چ پشت فوری  میگیره گاهی گرفتگی حس میکنم که پشتم درد میکنه حتی تا شونه خیلی رو مخمه یکی میگه از معده و ترش کردنه یکی میگه از ستون فقرات و عضلاته البته چربیمم بالا بوده قبلا شایدم از اونه کسی اگه تجربه داشته ممنون میشم راهنمایی کنه,2.648375282959044
383942900,"امروز با لباس سرکارم منتظر تاکسی بودم
یهو یه پسر از توی ماشینش گفت خوشتیپ
حس کردم خیلی زشت
اصلا واکنشی نشون ندادم🫤",1.8713104343270626
402312472,"اسی منم رفتم بهم گفتم قندت بالاس برو دو روز بستری شو
گفتم بچه کوچیک دارم نمیتونم بمونم امضا گرفتن اومدم خونه قندمو کنترل کنم
والا تو هفته بعد رفتم نتها قندم پایین نیومده بود بلکه وزنمم بالا نرفته بود ی هفته الکی ب خودم سختی دادم گشنگی دادم
اخر سر ول کردم کم میخورم قند اینا
اخه مگه میشه زنه حامله هیچی نخوره والا ک من ضعف میکنم
معذرت میخام تو اون ی هفته من کلن ی بار مدفوع کردم 😐",4.202504980223006
335257267,بله من با همین علایم فهمیدم باردارم نصفه شب با تهوع بیدار، میشدم,1.0942455856950815
340997716,"کناره گیری کنم بیشتر دعوام میکنه
با تهدیدم میکنه هرجیزی مه برای عروسیت کرفتمو بهت نمیدم….",4.979569828854988
thread_15002430_starter,"دیابت بارداری باعث افزایش حرکات جنین میشه ؟؟ خیلی برای من تکون میخوره یعنی یسره بیداره انگار. میتونه بخاطر دیابت باشه ؟ دیروز سونو داپلر هم کردم همه چی خوب بود
ممنون میشم بگین",1.8713104343270626
thread_17511477_starter,سلام دوستان من اصلا قرص ٱمگا3 نخوردم الان ماه آخر بارداری هستم تاثیری داره این ی ماه آخر و بخورم؟,1.0942455856950815
thread_14136554_starter,"خانوما واقعا فلج کننده هست این درد خوابیدنم معضل شده راه رفتنم همینطور اصلا نمیتونم زیاد سرپا باشم
خیلی ببخشید انگار استخوان شرمگاهی از داخل درد داره
واقعا اذیتم حتی نمیتونم آشپزی کنم 🥺 بیست و پنج هفتم
میترسم دردا با من بمونه",4.979569828854988
thread_18004859_starter,"؟؟؟؟
از نظر ظاهریا باید شبیه هم باشن؟ دیدین زنوشوهر. اصلا شبیه نباشن قیافه و ایناشون یکیشون خیلی بهتر باشه؟",1.0942455856950815
thread_18050457_starter,"تابستون باردار بود گف میخوام سقط کنم هرچی گفتیم نکن اینکارو گناهه پشیمون میشی گف سقط نکنم خودمو میکشم نمیتونم باید سقط شه
اینکارو کرد بعدش افسردگی کامل ک بچمو میخوام چرا بچمون انداختم و این حرفا الان شدید افسرده شده شبام خوابش نمیبره دکتر بردیم قرص داد اثر نکرد
چیکار کنیم یادش بره",3.425440131591025
389488854,"خب پس همینه
بچه دچار افسردگی شده احتمال خیلی زیاد
بنظرم با تراپیست خوب مشورت کنن
وقت بیشتری باهاش بگذرونن و …",1.0942455856950815
356959186,شنیدم خیلی درد وخونریزی داره,1.0942455856950815
381814979,"ممکنه اثر داشته باشه حتی روی زیبایی و پوست و موی جنینم اثر داره، البته که ژنتیک حرف اول و میزنه
ولی سعی کنین وقتی تصمیم میگیرین بجه دار شین از لحاظ خواب و خوراک خودتون و بچه رو تامین کنین، استرس نداشته باشین",1.0942455856950815
329147474,"خیلی سخته خیلیی سخته خیلییی سخت😭😭😭
من توخونه با شوهرم‌شوخی میکنم‌میگم‌میخندم‌ ولی شب که همه خوابن انقدر اشک‌میریزم‌ک
وقتی میره سرکار پسرم‌مدرسه انقدر گریه میکنم حالم‌از تظاهر بهم‌میخوره دلم‌میخواد ی مدت نباشن تنها باشم توخونه فقط بخوابم دلم‌میخواد یمدت زندگی نمنم روزمرگی نداشته باشم استرس حذف دانشکام نباشه هیچی نباشه",7.31076437475093
350410455,"دکتر ازمایشگاه گفت اگر خیلی بره بالا یا از اول بالا باشه و روند صعودی تند داشته باشه احتمال دو قلویی یا بچه درشت هست
من طبیعی باردار شدم البته پلی کیستیک بودم دو دوره پروژسترون برلی تنظیم پریودی خوردم فقط که ماه سوم باردار شدم",1.0942455856950815
thread_18139787_starter,"شما چجوری به خودتون اجازه میدین به یکی بگین ازدواج بکنه یا نکنه بچه دار بشه یا نشه؟اصلا بیماری زمینه ای داره نقص ژنتیکی داره هرچی هست به خودش مربوطه به شما چه اخه؟؟ لابد چون میبنین خودتون سالمین ولی ازدواجتون جور نمیشه حسادت میکنین به یکی که شرایطشو داره 🤓( درمورد تاپیکای ک درمورد خواهرم و خواستگارش زدم)
من فقط منظورم این بود ک خواهرم هنوز سنی نداره ممکنه خیلی بهتر از این شرایط گیرش بیاد وگرنه اون اقا پسر هم حق ازدواج و تشکیل زندگی داره ( چون پسره معلمه و حقوقش پایینه خواهرمم شاغل نیست تو این شرایط گفتم شاید زندگیشون سخت بشه)
محض اطلاعتون امروز دارن میرن دیت😁💕 و خواهرم علاوه بر ایشون سه تا خواستگار دیگه هم داره همشون عالی و تحصیل کرده و کاملا سالم خوشتیپ  خدا اراده کنه و به یکی نظر کنه تقدیرشو قشنگ بنویسه کل جهان تلاش کنن نمیتونن جلوشو بگیرن",1.8713104343270626
thread_13790145_starter,اوایل لکه بینیم کم بود الان بیشتر شده رفتم دکتر آمپول و شیاف داد ولی بازم لکه بینیم قطع نشده و گاهی زیر دلم درد خفیف حس میکنم بارداری قبلم پوچ بود سقط شد خیلی نگرانم هنوز سونو قلب نرفتم هفته ام پایینه اگه تجربه دارید لطفا راهنمایی کنید خیلی استرس دارم😭,5.756634677486968
340078109,"اگر ویار داشته باشی واقعا سخته. من چهار ماه مردم از ویار. حتی از اب هم حالم بد میشد. الانم که تو هفت ماهم بازم از خیلی چیزا بدم میاد و بو ها اذیتم میکنه و بعضی غذا ها رو نمیتونم بخورم.
اما کسی که ویار نداشته باشه یا خفیف باشه بهترین دورانه. حس میکنی یه موجود کوچولو تو بدنته و داری تغذیه اش میکنی و تکون میخوره. حس خیلی خوبیه.",3.425440131591025
360306796,دردت به جانم. الهی غم نبینی. همیشه سلامت باشی عزیزدلم.,1.0942455856950815
thread_10613318_starter,خانوما توروخدا راهنماییم کنین دارم میمیرم😭من دو س روز بعد از اتمام پریودیم را×بطه داشتم با شوهرم.ناخاسته اون مایه وارد بدنم شد دوتا قرص اورژانسی خوردم و از همون شب قرص ال دی میخورم اما دکتر گف با وجود اینا بازم میشه حامله شد و تغیراتی توم ایجاد شده ببخشید مثل یبوست خستگی افسردگی(این از قکر اینکه حامله باشم)تکرر ادرار افزایش گاز معده خلق و خومم عوض شده یعنی امکان داره باردار باشم؟😭😭,5.756634677486968
thread_7611872_انی_1400/08/22 13:47,بشین سرجات من بدبخت شدم بچه ام شش ماهه بدنیا امد مثل من نباش بچه ام زنده موند ولی دوبار عمل شبکیه چشم شد چون نارس بدنیا امد روی چشماش لکه قرنیه افتاده و تنبلی داره و من هر روز خودمو لعنت میکنم که چرا بیشتر مراقب نبودم افسوس که پشیمانی سودی نداره اما تو هنوز فرصت داری به خودتو بچه ات رحم کن,5.756634677486968
thread_15859444_starter,"۲۵ ساله
ترم اخر دانشجو آزمایشگاه
دوتا خونه داره ماشین داره مغازه داره (خانواده دادن)
اهل کار کردن هست تابستونا تو کارخونه عموش حسابدار
ویلاشونو هم اجاره میده درامد داره که اینا مهم نیس
اخلاقش خوبه ادم نرمالیه رفتارای عجیب نداره کم خودم چون تو خانوادم ادم عصبی و بیمار زیاد تعجب میکنم از نظر روانی سالمه اهل دود و دم و مشروب نیس ظاهری خوبه
پدرش سرهنگ بازنشستست و جانباز (پدرشم بهیار بودن دوران خدمت)
تک فرزند
عموها نظامی
داییش شهردار
خودمم معلم رسمی هستم و ارشد ۲۴ سالمه
من پدر مادرم حدا شدن پدرم اعتیاد داره عموهامم همینطور
خواهر دوقلوم معلول
با خانواده پدری بزرگ شدیم
شغل نداره چیکارش کنم
شما قبول میکردین؟",2.648375282959044
thread_17220586_starter,سلام من فردا قراره سرکلاژم رو باز کنم تا الان استراحت مطلق بودم چون قراره زایمان طبیعی کنم بعدش باید ورزش و پیاده روی شروع کنم یا هنوز استراحت کنم؟,1.0942455856950815
thread_15148253_starter,"جواب ازمایش غربالگریم اومده
سونوگرافی همه چی خوب بود عدد ان تی ۱.۸۴ بود
ان بی هم دیده شده بود
ولی توی این آزمایش سندروم دان رو مثبت زده عددشم ۱.۲۵۰ هست چیکار کنم دارم سکته میکنم بقران
مامانم و شوهرم و خودم از گریه کور شدیم توروخدا بگید چیکار کنم",7.31076437475093
316549231,عزیزم یادمه یه روزی توبدترین شرایط ممکن بودم و هیچ امیدی نبودچندسال سختی و درنهایت یه نور درخشید وسط ظلمات زندگیم همه چی عوض شد ورق برگشت و‌اولین جمله ای که زمزمه کردم این بود قطعا بعدازهرسختی اسونی هست فقط صبر لازمه صبر سخته ولی اخرش خوشه,1.8713104343270626
thread_17534706_starter,سلام خانوما من روز هشتم از انتقال جنینم میگذره ای وی اف کردم دیروز دو تا تست زدم یکیش حساسیتش بالا تره یکیش نواریه که حساسیت کمتری داره امروز از اون تست نواری دوباره زدم ولی هالش اصلا پررنگ تر نشده دقیقا مثل دیروز نگران شدم میتونین ببینین نظرتونو بگین.(اون تست نواری برای تخمک گذاری نیست),3.425440131591025
403923183,😕واقعا از این بابت درکت میکنم و ان شاءلله که دیگه این روزا تکرار نشه برامون,1.8713104343270626
319269949,"دوست دارم بیشتر کمک کنم ولی نمیدونم بهترین روش کدومه فقط چیزی که تجربه کردم اینه همیشه کار های آروم و آهسته کم کم سبب میشه آدم تغییر کنه..
bitd.org  یک انجمنه مشاوره رایگانه ببینید اونا میتونن راه خوبی پیشنهادبدن که در بلند مدت اثر بگیرید؟.
موفق باشید ان شا ء الله",1.0942455856950815
309799849,"دوست گلم یک هفته خیلی زوده باید دوهفته دیگه بری
که هی بهت نگن برو و بیا استرس بگیریاما اگه درد یا لکه بینی داشتی زودتر برو",1.0942455856950815
413972718,"من عاشق رشته های توانبخشی هستم راستش گفتار درمانی نه ولی بینایی شنوایی و فیزیوتراپی رو خیلییی دوست دارم اما خب گفتار درمانی هم خوبه اگه سعی کنی برند بشی و مطب بزنی هم ت بهزیستی اینجاها کار کنی
من خودم ترجیحم بین فرهنگیان و رشته های علوم پزشکی رشته های علوم پزشکیه قطعااا بنظرم کار بدی نکردی",1.0942455856950815
382773659,نگران نباش .من زندادشم بار دار بود مثل تو بود  حالت تهوع بسیار شدید داشت تازه دارو هم میخورد نمیدونم برا چی ولی زیر نظر دکتر بود .هزارتا فکر میکرد نکنه این مریضی داشته باشه بعد بچه به دنیا بیاد این فکرت تموم میشه .خرما بخور شیر انجیر اینا وزن بچه رو خوب می‌کنه .,1.0942455856950815
thread_13296066_starter,"۳۹ هفته شش روزم ی ساعتی میشه زیر شکمم سوزش داره خیلی شدید
کمرم با شکم هم ی پیچ میده خوب میشه باز دوباره میگیره
میتونه علایم زایمان باشه البته شکمم داره خودشو سفت میکنه لطفاً کمکم کنید خیلی نگرانم",4.202504980223006
thread_12691114_starter,"بخش اطفال،بعد خواستم انژیوکت بزنم نتونستم رگش رو بگیرم ،با اینکه روزی صدتا رگ میگیرم حرفه ای ،
اینم رگش بد نبود.شاید استرس گرفتم چون فامیل بود.اونا هم مدام میگفتن اشکال نداره ولی حس تحقیر بهم دست داده حس میکنم اونا فکر میکنن من بلد نیستم.
حس بدی دارم 😓😓😓",4.979569828854988
407216276,"🔻حقوق تا ۴۰ میلیون تومان از پرداخت مالیات معاف شد
یوسفی، سخنگوی کمیسیون تلفیق بودجه ۱۴۰۵:
🔹کمیسیون در این جلسه، سقف معافیت مالیاتبردرآمد سالانه حقوقبگیران - کارمندان و کارگران - بخش دولتی و خصوصی را مشخص کرد.
🔹با همراهی و پیشنهاد دولت و همراهی مجلس و اعضای کمیسیون تلفیق، مصوبه شد، حقوق تا ۴۰ میلیون تومان از پرداخت مالیات معاف شود.
کمیسیون تلفیق در شش پلکان معافیتهای حقوقبگیران در سال ۱۴۰۵ را مشخص کرد:
🔹حقوق تا ۴۰ میلیون تومان معاف از مالیات
🔹حقوق از ۴۰ میلیون تا ۸۰ میلیون ۱۰ درصد مالیات
🔹حقوق از ۸۰ میلیون تا ۱۰۰ میلیون ۱۵ درصد مالیات
🔹حقوق از ۱۰۰ میلیون تا ۱۲۰ میلیون ۲۰ درصد مالیات
🔹حقوق از ۱۲۰ میلیون تا ۱۴۰ میلیون ۲۵ درصد مالیات
🔹حقوق بالاتر از ۱۴۰ میلیون ۳۰ درصد مالیات پرداخت خواهد کرد./ خانه ملت
❗️اینجا اخبار مُهم رو زودتر ببین!👇
@
akhbaremohem_ir",1.0942455856950815
405733667,"این بار گذشته سعی کن برای آینده مراقبت کنی خودتو تو محیط های متشنج اینجوری قرار ندی
حالا با یک بار هم چیزی نمیشه",1.0942455856950815
401541839,"عزیزم توکلت به خدا باشه انشالله که چیزی نیست
خواهرم تجربه مشابه داشت دقیق یادم نیست ولی انگار جنسن رشد نمیکرد لکه بینی داشت رفت دکتر گفته بود تا یه هفته یا ردش میکنه یا خودش سقط میشه
سقط شد ولی خداروشکر دوباره باردار شد نگران نباش ایشالا اتفاق بدی نمیوفته",1.0942455856950815
384785733,به منم تو ان تی نگفتن حتی ۱۴ هفته هم معلوم نشد ۱۶ هفته معلوم شد پسره,1.0942455856950815
412374271,"کی گفته خانه داری کلفتیه چه حرف بی منطق و زشتی
مگه فقط باید برای دیگران کار کرد و خدمت کرد..زن برای دل خودش خونه رو تمیز میکنه آشپزی میکنه و ..",1.8713104343270626
411733694,"وای منم یبار قابلمه مرغم از یخچال بیرون مونده بود کار پیش اومد از خونه رفتیم تقریبا تا یک هفته .تابستون.اشپزخونه با نور مستقیم خورشید گرررررررم
برگشتم در قابلمه رو که باز کردم بشورم پر کرم بود.وای بوش وحشتنااااااااک بود
۵ تا نایلون تو در تو گذاشتم ریختم توش بدون اینکه شوهرم بفهمه رفتم انداختم سطل آشغال سر کوچه
اما دیگه نتونستم از اون قابلمه استفاده کنم",1.8713104343270626
364585085,بعد زایمان مدتی فلج شده بودم زیر بغلمو میگرفتن راه میرفتم الانم بعضی وقتا شدید درد میکنه سعی میکنم با استراحت بهترش کنم یه بار هیچ کس نبود خونه داشتم کار می‌کردم یهو دردی گرفت وسط حیاط افتادم هیچ کس نبود بلندم کنه اخه خدارو صدا زدم بعد از چند دقیقه یواش یواش خودمو رسوندم به سالن,4.202504980223006
thread_10165795_starter,"بچه ها هفته ی ۸ هستم.
دکترم بهم گفت عفونت شدید ادرار داری قرص سفیکسیم۲۰۰ داده
عفونت واژن هم دارم بهش گفتم ولی نمیدونم چرا برای اون بهم دارویی نداد، کلا از وقتی باردار شدم ترشحاتم خیلی زیاده ، بعد ی مقدار ترشحاتم قبلا پنیری زرد بود الان از دیروزه میبینم سبزه😰
تو خونه لباس زیر نمیپوشم، بیرون ک‌میپوشم وقتی در میارم میبینم یکم نم داره . بعد صبحا از خواب بیدار میشم میبینم لای پام خیسه. کسی مث‌من بوده؟؟
خیلی نگرانم",3.425440131591025
thread_13486505_starter,مامانا پسرم گریه میکرد بعد شیر خوردنم بالا میاورد ...دکتر بخاطر گریه اش شربت گریپ واتر داده تا اونو بش میدم یه دقیقه نشده  بیحال میشه میخوابه چیکار کنم انگار بیهوشه نگرانم چیکار کنم ...زیر گردنشم انکار سوخته چه پمادی بزنم؟؟,4.202504980223006
389959435,من7هفته با قرص سایتوتک سقط داشتم ساعت های آخر ک میخاستی بیفته دقیقا درد زایمان داشتم و خیلی درد کشیدم,3.425440131591025
297716783,"اگر میخوای خوابت رو تنظیم کنی
نیم ساعت نیم ساعت درستش کن
اگه الان سه شب میخوابی
فردا سعی کن دو و نیم بخوابی
شب بعدش ۲ بخواب
صبح هم همینجوری کم کم  پیش برو چون یهویی نمیشه اگه یهویی بخوای درست کنی ممکنه یهویی هم خراب بشه
مثلا از مطالعه روزی نیم ساعت شروع کن بعد ها براش وقت معینی رو در نظر بگیر",1.0942455856950815
405298334,"بستگی به بدنت و روحیه ات داره زایمان طبیعی موقع زایمان درد زیادی رو باید تحمل کنی ولی خب من ترجیحم بود دردزیادی رو تحمل کنم حداقل شکمم پاره نشه آستانه تحمل دردم خوبه ، خیلیها بهم میگن صبوری
ولی برای هرکسی نمیتونم بگم زایمان طبیعی چون درد خیلی زیادی رو باید تحمل کنی ولی بعد زایمان راحتی دردسرای سزارین رو نداری
مثلا کسایی رو میدیدم که با شروع درد زایمان طبیعی به دکترشون میگفتن منو ببر سزارین چون درد زایمان طبیعی وحشتناکه ولی دکتر بهشون کمک میکرد طبیعی زایمان میکردن بعد زایمان که میدیدمشون راحت چهارزانو نشسته بودن و شیر میدادن و خوشحال و خندان ولی من باید خیلی از بخیه های سزارینم مراقبت میکردم چون سزارین عمل سنگینیه و ۷ لایه شکمت پاره میشه تا جوش بخوره باید خیلی مراقبت کنی کسایی دیدم که مراقبت نکرده بودن بخیه شون عفونت کرد یا بخیه باز شده بود
بعد دوتا زایمان طبیعیم راحت به بچه هام میرسیدم ولی بعد زایمان سزارینم به خاطر بخیه هام مجبور بودم مراقبت کنم و نمیتونستم زیاد فعالیت کنم و مامانم و همسرم خیلی کمک میکردن
من با اینکه زایمان سزارینم هم سبک بود و درد آنچنانی نداشتم و هرکی منو میدید تعجب میکرد میگفت چقدر دکترت دستش سبک بوده چه زود سرپا شدی ولی بازم انتخابم زایمان طبیعیه",1.8713104343270626
thread_14819825_starter,سلام خانوما کسی اینجا دیابت داره؟؟؟من از قبل بارداری پیش دیابت داشتم الان ناشتاهام عالیه۲۶هفتم اما دو ساعته هام بین۱۲۰تا۱۵۰میشه ۳یا۴باری از۱۷۰تا۱۸۰شده اکو قلب جنین رفتم سالم بود غربالگری هامم سالم بود دکتر غددم فعلا رژیم تجویز کرده و دارو نداده بنظرتون بچم سالم میشه توروخدا جواب بدین نگرانم چیکار کنم وقت ویزیت غددم۲۸این ماه هستش بنظرتون زودتر برم پیشش؟چیکار کنم دارم از نگرانی میمیرم مثلا الان دو ساعت بعد شام۱۴۷بود😔دکتر میگه باید کمتر از۱۲۰باشن اما نمیشه💔,5.756634677486968
thread_17989125_starter,"بخلطر اینکه واسشون خواستگار پولدار پیدا شه
الهی خدا لعنتشون کنع که بین اون بچه ای که فقیر و اونی که پولداره فرق میذارن",2.648375282959044
337560029,عزیزم بهترین راه ساکتو جمع کن برو بیمارستان ابمیوه کیک بخور خرما جون بگیری پیش بخش زایمان بمون اگ دردات شدید شدهر دو دقه برو داخل والا قبلش بیرون بمون قدم برن,1.0942455856950815
thread_17353637_starter,"تو هفته نهم. اول سه ماه
دلم بستنی سنتی میخواد اما اینجا همه بستنی فروشیا با شیر گاومیش درست میکنن بستنی، بخورم اشکال داره؟",1.0942455856950815
thread_17929835_starter,"سلام خوشگلا
امروز رفتم سونو دادم ۸ هفتمه
ضربان قلبش ۱۶۷
بچم چیه به نظرتون ؟
کسی بلد از سون. بگه جنسیتش چیه",1.0942455856950815
thread_16144796_starter,سلام بچه ها من دو هفته پشت سر هم پریود شدم و اخرین پریودمم هفته پیش بود ک سه روز و نصفی طول کشید و الان بی بی چک زد اولش یکی شد بعد دوساعت دو خط شد بنظر شما باردارم؟,1.8713104343270626
382055377,یکی از آناهای ما باغ به نام مادرش کرد. یه سال بعد پسر کوچیکه می خواست مهاجرت کنه مادره باغ رو کرد ارث و به اون داداشه هم سهم داد. کیف کردم من,1.0942455856950815
309631640,دکتر اشتباه کرده به نظرم.احتمالا ۱۹ هفته ای عددد درسته چون ۱۸ هفته عدد ان بی ۴و نیمه نرمالش,1.0942455856950815
335711187,"خب خودت داری میگی کادو
کادو و هدیه رو که زورکی نمیگیرن
من تاپیکای شما رو خوندم انگار از هول حلیم افتادی تو دیگ ولی دیدی نخیر خبری نیست اینجا، میدونم الان دیگه بارداری و کاریش نمیشه کرد اما شما باید دوره آشنایی ازدواجتون دقت میکردی که داری با کی ازدواج میکنی و بعدشم قبل بچه دار شدن تصمیتو واسه زندگیت میگرفتی، اینم مینویسم واسه دخترای مجرد که دوره آشنایی داشته باشن و دقت کنن
نه اینکه حالا با بچه شکمت روزا غصه اموال پدر شوهر و شوهرتو بخوری، اون بچه هیچ ربطی بهش نداره بین شما چی میگذره خودتو کنترل کن",1.0942455856950815
335689739,"مرسی عزیزم غم نبینی
گلم من دقیقا روزای مراسم پدرم فهمیدم باردارم و به قول همه انگار خدا روح بابام تو وجود من قرار داده و من دوست دارم اونو زنده نگه دارم
خواهرام مبگن تو همیشه اسم دختر و پسر انتخاب کرده بودی اگه میخای شناسنامه اسم بابا بزار ولی صداش نکن چون ما جیگرمون له میشه ...اسم بابام خیلی امروزی عربزم اگه از اون لحاظ میگی قدیمی نیس .ولی خوب توکل بر خدا میکنم و چون نیت کردم از خدا خواستم یه دختر دارم ۱پسز بهم بده و اون موقع که بابام رفت بهم داد گفتم خدایا پس پسر بشه و روح بابام تو وجودم باشه 🥺",2.648375282959044
thread_18139912_starter,شمام برای رسیدن ب حاجتم نفری ی صلوات بفرستید,1.0942455856950815
394694425,من از سال 98ی امپول زدن..بعد کل پام بی حس شد...دکتر دکتر..گفتن رگ سیاتیک درگیر کرده...بخدا هنوز پام بی حسه..یعنی سوزن بزن هرکار بکنی من نمیفهمم انگار از خودم نیس,3.425440131591025
329037562,"غلط کردهههه مرتیکه
تا مرد نشده بود حق نداشت زن بگیرع مگ الکیه
هرد
وقت بهت گفت برو ی بار سلیطه بازی درار ک این رفتارشو بزاره کنار
مرگ یبار شیون یبار جیغ بزن بگو خودمو میکشم تورم میکشم غش کن ظرف بشکون بگو دیگ حق نداری اینو بگیییی مگرنه میرم گوشه خیابون داد میزنم شوهرم بیغیرتهههه
خلاصه منم شوهرم چندبار گفت برو از خونه من بیرون دهنشو سرویس کردم
دیگ‌از این غلطا نمیکنه تازه من بیرونش میکنم",3.425440131591025
thread_13008679_starter,اعصابم خیلی خورده، خیلی دردسره انتقال عکس از ایفون به کامپیوتر..تو رو خدا راهکار بدید اینهمه عکسو چطپری بریزم؟😭😭😭خودم از ایفون متنفرم کادوی تولدم بوده وگرنه صد سال سمتش نمیرفتم,4.202504980223006
thread_16051992_starter,"سلام خانوما. من تو هفته ۱۷ بارداری هستم ای وی اف کردم   ان تی با انومالی.  هر دو طول سرویکسم و  ۲۹ نشون دادن  البته با سونو شکمی. دکترم گف. باید سر کلاژ بشی منم انجام. دادم الان سه روز سر کلاژ کردم. روز اول هیچ دردی حس نکردم روز دوم ک مرخص شدم. چون راه خونمون با ماشین ۲ ساعت راه بود. بعد رسیدم لکه بینی داشتم. شیاف زدم استراحت کردم امروز ک روز سوم هست لکه بینی خیلی کم. دارم ولی درد پرویودی. زیر شکم. دارم  اینا خطرناکه یا طبیعیه.
لطفا. کسی سر کلاژ کرده.  راهنماییم کنه **",3.425440131591025
365904132,من هر چی میخورم حالت تهوع دارم. مشکل اصلیم با آبه. اصلا نمیتونستم طرف آب برم. چایی که انقدر عاشقش بودم حتی اسمشو میارم تهوع میگیرم. کلا این مدت بدنم خشک شد انقدر آب نخوردم,3.425440131591025
thread_17766584_starter,سلام خانمای باردار شما چه ضد آفتاب شوینده و ابرسانی توی بارداری استفاده کردید یا میکنیو میشه راهنمایی کنید,1.0942455856950815
390500151,"نمیدونم امروز اولین بار بود حالم انقدر بد بود تنهام بودم نشد دکتر عمومیم برم حتی
هی ب توصیه بقیه چیزایی ک فشار میاد پایین خوردم فعلا خوب نشم تا فردا میرم دکتر حالا من اخر ۵ ماهم تازه فشارم شروع شده قبلشم همش فشارم پایین بود",3.425440131591025
393079635,گلم خیلیا با قرص و کاندوم و اینا بازم حامله میشن نه ما گناه داریم نه اونا نمیدونم این دنیا بی عدالتیش تقصیر کیه ولی باید از همون شاکی باشیم ناراحت نباش این بنده خدا منظوری نداشت اتفاقا می‌گفت این بچه باید سهم کسی میبود که میخواستش,1.8713104343270626
thread_6215359_عمردرسکوت_1400/01/17 11:52,خواهش میکنم عزیزم امیدوارم تونسته باشم کمکی کرده باشم درضمن اصلا نگران نباش همه ی پزشکا تحصیل کردن اگه خدای نکرده بخواد مشکلی پیش بیادزیر دست اون متخصص با 30 سال سابقه هم پیش میاد امیدت فقط به خدای بزرگ باشه.,1.0942455856950815
thread_16311060_starter,سلام بچه ها من سیکل پریودیم ۳۱ روزه اس و امروز روز ۱۶ پریودیم هستش و از سیزدهم پریودیم نزدیکی داشتم و پونزدهم و شانزدهم و اینکه امروز از کیت تخمک هم استفاده کردم دو خط بود،من باید هر شب انجام بدم نزدیکی رو یا یک شب در میان,1.0942455856950815
thread_17041365_starter,"سلام دوستان من تازه عضو نینی سایت شدم
من بعد 13روزتاخیر پریود شدم  روز جمعه ولی دو روز طول کشید و دو روز هم لکه بود همش تهوع و سردرد و سرگیجه دارم نسبت به غذا هم اشتهام کم شده نسبت به قبل خیلی هم خستم شکم و کمر درد هم گاهی دارم ممکنه باردار باشم و این پریود نبودیعنی اگه بیبی چک بزنم نشون میده کسی اینجوری بوده",1.8713104343270626
thread_17463958_starter,"من با ۳۵ سال ازدواج دوممه و هفت ماهه عروسی‌کردم
همسرم هم ازدواج دومشه ولی اون یه پسر کوچیک داره که با ما زندکی میکنه و من از چشمام بیشتر مراقبشم البته خب بدقلقی هایی داره چون اخرهفته ها میره پیش مادرش و اون یکم‌روش تاثیر‌منفی میزاره بامن بد میشه
خلاصه من یک هفته اس فهمیدم باردارم و چون کلا پریودیام نامنظم بود ناخاسته شد بارداریم نمیخواستم
از دیشب که خانواده همسرم مطلع شدن پدرهمسرم عصبی شده گفته باید سقطش کنید ینی چی پس بچه خودت چی میشه میخواد پسرتو بیرون کنه اره؟ اگه دنیاش اوردین خونه ما پا نزنید نوه ی ماهم بیارین ما خودمون بزرگش میکنیم تو لیاقت نداری تو‌پدر خوبی نیستی
(جالبه تا قبل اینکه بدونن من باردارم منو میپرستیدن که اره تو خیلی خوبی مهربونی از نوه ی ما نگهداری میکنی بعد یهو اینجوری)
همسرمم گفته بدرک نمیایم
الانم مگه میایم شما زور میکنید بیاین
ما گناه نمیکنیم بخاطر دلخوشی شما
اینم بگم من شهر غریب ازدواج کردم تنهام و خانوادم شهر دیگه ای هستن",5.756634677486968
411662374,ببینید من تحقیق کردم گفته شده که طوری درست نشده که بدن عادت کنه صرفا باید در زمان درست و قبل تخمکگذاری مصرف کنید شما ببخشید چندم سیکل بوده؟؟,1.0942455856950815
413067630,"من دوتا دارم
خدا حفظشون کنه برام
عاشقشونم
ولی با عقل الانم درک نمیکنم اصلا چرا دوتا اصلا چرا بچه
ولی بچه خیلی شیرینه
یهترین تجربه عمرم بود
همونقدر که خوبه سختم هست",2.648375282959044
366359016,"خیلی بهش گفتم گفتم قول میدم تا ابد بین منو تو بمونه برو
میگه ن اگه برم فکر میکنم روانیگ و بدتر میشم
هرچی بهش گفتگ خو تو اگه سرما بخوری میری دکتر ک خوب بشی حالا هم ذهنت مریضه برو ک خوب بشی میگه ن",1.8713104343270626
308144587,"من حتی نون داغم هم راضیم
نون و پیاز میخوام 😭",1.0942455856950815
thread_10542869_starter,باردارم و پنج ماهمه بچمم تکون درست وحسابی ای نمیخوره که خیالم راحت باشه از سلامتش با شوهرم دعوای شدید داشتم بعدم شوهرم و مادرم درگیر شدن و خیلی داد و بیداد کردن همه بدنم میلرزید و کلی گریه کردم استراحت مطلق هم هستم مثلا ولی کلا بلند شدم و وسایلم جمع کردم که برم و یک هفتس دعوا دارم باشوهرم خیلی نگران سلامت بچمم دست خودم نیست شوهرم همش ازارم میده با هربهانه ای دعوا درست میکنه خونه مادرمم نمیتونم برم به دلایلی و جای دیگه ای ندارم لطفا بگید شما تجربه دعوایی که بهتون استرس و  ناراحتی زیادی در بارداری وارد کنه داشتین و ایا به بچه اسیبی زده؟,7.31076437475093
thread_17475934_starter,تا سه روز بعد زایمان شیر نمیومد تو سینه ام ما هم این چند روز شیر خشک ندادیم بهش فقط تلاش میکردیم سینه مو بمکه، نمی مکید ، زردی داشت شوهرم برد آزمایش گرفتن دکتر گفته بود حتما بیارین بستری کنین ، ولی عصر که رفته بود جوابو بگیره یه دکتر دیگه گفته بود فرقی نداره دستگاه هم ببرید خونه همون کارو میکنه ، ما هم دستگاه آوردیم ، درست حسابی هم نتونسته بودم بهش شیر بدم بعد دو روز  بردیم متخصص اطفال فوری گفت بستری کنین گفت سه روزه بچه رو گرسنه نگه داشتین ، بستری کردن گفتن زردیش از ۱۴ شده ۲۴ ، بدنش کم آب شده شدید ، نیم کیلو وزن کم کرده بود ، سه روز بستری کردن با سرنگ بهش شیر میدادیم هرچی اونجا آموزش دادن شیر بدم بهش منم طبق همون حرفا شیر میدادم ولی کلی جیغ می کشید و سینه رو نمی گرفت ، دو سه تا مک میزد و ول می‌کرد گریه میکرد ، امروز هم که آوردیم خونه باز حس میکنم زردیش بیشتر شده دیگه نه سینه میگیره نه شیشه شیر ، شیر خشک درست میکنم میدم تو شیشه اصلا مک نمیزنه از ظهر فقط خوابه تو خواب شیر میدیم بهش کمتر از یه ساعت بیدار شده فقط ، چیکار کنم چه خاکی سرم بریزم دیگه دارم می میرم یه هفته ست با شکم پاره اسیر بیمارستان هام,8.087829223382911
thread_17925465_starter,"رابطه داشتم ولی درحد چند سانیه رفت ببخشید رک میگم فقط چند ثانیه دمه واژن بود بعد حدود نیم الی 1 ساعت قرص اورژانسی خوردم یدونه
بعد پریودم 7 روز بعد شروع شد مث پریود عادی فقط 4 روز بیشتر طول نکشید ولی زیاد بود
میترسم باردار باشم تروخدا یکی بگه دارم از استرس میمیرم نامزدم
میگن با پیشتاپ ولی من قبل ارضا شدن اصلا دخول نبوده یکی کمک کنه لطفاً",6.53369952611895
thread_18061678_starter,"خانواده شوهرم خیلی اذیتم کردن و باوجودی ک دورم همیشه پشتم حرف و حدیثه! چندین باره جراحی میشم میوفتم کنج خونه اصلا خبر نمیگیرن تازگیا فهمیدم ک مادرشوهرم هرجا میشینه میگه پشیمونیم اینو با اینهمه درد ومرض برا پسرمون گرفتیم !!! حالا خوبه فامیل نزدیکم هستیم غریبه نبودم ک نشناسن خودشون اومدن بابام مخالف بود بزور بخدا راضیش کردن حالا شدم ادم پر درد ومرض!!!!!!
بابامم این چیزا به گوشش میخوره ب شدت عصبیه میگه عید ک برم شهرمون یه حال اساسی ازشون میگیرم نمیدونم چیکارکنم چجور جلوشو بگیرم شوهرم پشتم نیس دعواهم بشه سریع میچسبه ب خانوادش😔
اینو بگم ک بی دلیل باهام بد شدن تازه از من خیلی بزرگترن چه خواهرشوهر چه بقیشون.... خانوادگی دنبال به هم زدن زندگی پسراشونن این وسط من فعلا سوژه ام",6.53369952611895
378026681,خداروشکر به دختر کوچولو منم دعا کنید سالم باشه 🥹🩷😑,1.0942455856950815
thread_18089157_starter,"من هفته ۱۶ هستم ،مشکلی ندارم،لکه بینی و...ندارم
سرویکس طولش ۴۸ هست وضعیت جنین قدامی و بریچ فکر کنم دیگه هرچی لازم بود گفتم 😬
میتونم نزدیکی باشم یا نه؟
از دکترم روم نمیشه بپرسم حقیقتا 😅",1.0942455856950815
358526430,مرسی امیدوارم مال شما هم بسلامتی سپری بشه برا همه . اره سوزش معده انقد بده ک تموم مجاری گوارشیم داغ میشه 🤕 هفته ۲۹ ام‌گلم,1.8713104343270626
thread_11548790_فرییییناززز_1402/04/23 01:03,"اره اولی رو که استرس داشتم ولی واسه دومی فعلا که قصد ندارم بینم خدا چی‌میخاد
چون میدونی همش احتماله صددرصد که نیست مثلا سر داداشم به مامانم گفتن بچت سندروم دان هست باید سقطش کنی مامانم نکرد و الانم خداراشکر داداشم سالم سالمه انقدرررر استرس وارد کردن به مامانم خیلی گریه کرد اولش بعد فهمید تا به خیلیا اینو گفتم",1.8713104343270626
354460840,مردا وقتی میبینن خانواده پشت آدم نیست اینجوری ب خودشون اجازه میدن کتک بزنن و اذیت کنن😔,1.8713104343270626
thread_16744956_starter,من چند وقته دنبال بچه دارشدنم نمیشد الان حس میکنم حاملم بی بی زدم مثبته حالا صبح برم آزمایش بدم فقط به چیزیه که من الان موقعیت درستی ندارم کلی چک داریم اجاره خونه عقب مونده شوهرم کار نداره نمی‌دونم چکار کنم از وقتی دیدم مثبت شده حالم بده گریه میکنم میترسم شوهرم میگه درست میشه ولی من میترسم الان چکار کنم تو این شرایط برای این چیزی که چندساله منتظرم ولی حالا چرا آخه 😭😭😭میترسم نتونم تامین کنم,7.31076437475093
346375157,اوووو تا دو ماه بعدش هم بوده؟؟؟وای خدایاااا چطوری تحمل میکردین؟؟؟ چیکار میکردین بهتر میشدین؟؟؟,1.8713104343270626
413488999,"مجردم
اول از همه وضیعت شغلی و خانوادگی خیلی برام مهمه ک شغلش ام بی ربط به تحصیلات نیست دیگه یعنی آدمی و میخوام شغل مناسب داشته باشه باشه ن آزاد و شرکت و اینا
نمیدونم چ جوری بگم حداقل دیگه ی کارمند ساده باشه با تحصیلات معمولی و متوسط
بعد خب قیافه و اخلاق اینکه آدم لجبازی نباشه پر احترام باشه خیلی مغرور نباشه بعدا تو زندگیم به مشکل بخورم
حرف همو بفهمیم ظاهر و آراستگی تیپش
در آخرم من واقعا خانواده شلوغ دوست دارم همین 😂🤦🏻♀",1.0942455856950815
thread_11521204_starter,"سلام خانما اقایون خو ب هستین بنده یک مشکلی تو زندگیم پیدا کردم اصلا نمیدونم چیکار کنم . به دخترم تعرض شده هر چی هم ازش میپرسیم میگه هیچی  یادم نمیاد تنها چیزی که یادش میاد اینکه به ی پودر تو مهمونی دست زده من کلی سرچ کردم به این مطلب رسیدم
https://worldevents.ir/substance-narcotic-spirit-devil/
به نظرتون می تونه حقیقت  داشته باشه ؟ تو ایران می تونه تو دسترس قرار بگیره ؟ لطفا جواب بدین من یک مادرم اگه همسرم بفهمه حتما منو میکشه تنها چیزی که میخوام بدونم حقیقته لطفا کمکم کنید.",7.31076437475093
thread_14752993_starter,"من سه هفته اس. باردارم امشب سایتوتک مصرف کردم ۶تا ۳تا واژینال سه تا خوراکی
بعد گفته بود زیر یون بزاری من اشتباه خوردم.
وولی طبق دستورش این بود یدونه زیر زبون یدونه واژن
هر بیست دقیقه ولی الان علائمی ندارم کمکم کنید 😑",5.756634677486968
thread_18063879_starter,"دختراتون رو چندماهگی ازشیرگرفتین
دخترم ۱۸ماهش ی هفتس شروع کردم خیلی اذیت میشه حسابی لاغر شده
شما چه رسمایی دارن برای ازشیرگرفتن بچه",4.979569828854988
388574425,عزیزم  منم برا پسر دومم سه دست لباس بیشتر نخریدم.با ی حوله حمام و ی پتو دور پیش. مال بچه اولم هست از اونا استفاده میکنم.نیاز نیست الکی هزینه کنی.گهواره هم از بچه خواهرمه.رنگش نارنجیه.چ ایرادی داره,1.0942455856950815
thread_17428074_starter,"خیلییییی تعجب کردم ، دخترش الان ۸ سالشه
دوستان من قندم مقداری بالاست ، خیلی نه ، اما دکترم گفت اگر رعایت نکنی هی بالاتر می‌ره و بهم گفته لب ب هیچی هیچی نزنی !
من اوایل یه ذره صبحانه عسل خوردم دیدم قندم یه کم بالا رفت گذاشتم کنار الان کم شده
خودم تقریبا لاغر شدم ، اصلا وزن اضافه نکردم
۲۳ هفته هستم
لب به هیچ شیرینی نمی‌زنم ، خرما شیرینی طبیعی هم دکتر گفت ممنوعه
حالا خواهر همسرم گفت منم دکتر شهر خودمون دقیقا همین نظرو داد و منم حسابی لاغر شده بودم
بعد گفت یه دکتر فوق تخصص داخل قم بهم معرفی کردن رفتم اون به دکتر خودم بد و بیراه گفته که چرا انقد منع کرده برای مغز بچه ت بده ! بعد گفته همه چی بخورم بهت انسولین میدم
و گفت از ۵ ماهگی رژیم گذاشتم کنار همه چیز خوردم و در عوض انسولین زدم ، بعد من که قندم پایین تره بهم گفت شاید با همون متفرومین جواب بده ....
حالا نگران شدم نکنه هیچ شیرینی حتی خرما هیچی نمی‌خورم واقعا بد ا باشه
خوااااااااااااااهشاً جواب بدین",5.756634677486968
381205248,"میشه اسم داروت رو بهم بگی من ویتامین ب 6 روم بی اثر هست 😔
دمیترون هم باعث میشه یبوست بگیرم 😢",3.425440131591025
thread_17752461_starter,خواب دیدم روی پای ایشون نشستم صورتشون معلوم نبود یک خانم دیگه هم کارمون بود انگار مادرشان بودن وحی جالبی بود همین از خواب بیدار شدم فک کنم چون ذهنم درگیر بوده خواب دیدم چون خواب ظهر تعبیری ندارها درسته؟,1.8713104343270626
360794991,"خونش باید ضدعفونی بشه
مبلش ، سرویس هاش جاهایی که رفت و آمد داشته اگر زخمش خورده باشه خطرناکه
انتقال شاید از راه تنفس نداشته باشه ولی پوستی و از زخم رو نمیدونم چجوریه باید از پزشک بپرسی مشکل ساز نشه
اگر به پزشک دسترسی ندارین یک هفته دیگه هم صبر کن خیالت راحت بشه",1.8713104343270626
thread_13784977_starter,"اخه هرکاری میکنم بهم گیر میده این همه ادم تو خونه هست فقط به من گیر میده
گوشی دستمه گیر میده
تو اتاقم گیر میده
دسشویی میرم گیر میده
لیوان برمیدارم اب بخورم گیر میده
همشم به خاطر اینکه سنم زیاده این خواستگار بیریخت رد کردم رفته",5.756634677486968
408708781,اره عدسی ترشک لواشک میوه های قرمز ببین اناز برای بعضیا یبوسته برای من نه برای من پرتقال یبوست میاره زیاد نشین یکی با شیرینی یکی با کمپوت یکی با عدسی هرکسی بدنش یه ویز جواب میده ولی ملین زیاد دیدی ماه اخر روزای اخر ملین میخورن زیادی نخور زایمان میاره دور از جون غذاتو الان کم کن با میوه خودتو سیر کن بدنت ریست بشه دفع کنی دیگه سبک کن رژیم نه بخور میوه بیشتر بخر بزار هفده هفته یا هجده رد کنی تا جاش محکم بسه یبوست بعدا سخت تره من از پشتم قسنک خون اومد استراحت مطلق شدم پیاده روی نکن بخواب از بچت چیزی واجب تر نیست,1.8713104343270626
320634086,"الان زمونه ای شده که باید بچه ای که خودت حامله شدی و ۹ ماه حملش کردی رو بخری ازشون
هیچ راه دیگه ای نداره",2.648375282959044
256748376,"بچه هات چی بودن؟
من دندون درد گرفتم 😭😭",3.425440131591025
thread_16174801_starter,"به حساب تاریخ اخرین پریودم باید ۶ هفته و پنج روز میبودم
اما دیروز رفتم سونو گفت ۵ هفته و ۰ روز
بتامم ۳۹۱۴
لکه بینی دارم سه روزه
کیسه زرده هم دیده نشد ساک هم پنج میل و نسبتا نامنظم
کسی تجربه ای داره برام میمونه یا نه؟",6.53369952611895
341185772,سلام دوستم قبول باشه‌....میشه واسه منم دعا کنی منم منتظر دومی هستم چندساله🥺 و یه تجربه تلخ هم دارم ماه پیش دعا میکنی هم‌حالم‌خوب شه که بتونم باز اقدام کنم و همینکه بازم باردار بشم,4.202504980223006
413720613,چون عقد مشکی بودی اکه رنگ خوبی پیدا کردی که به صورتت میومد رنگ هم قشنگه. دیدم گاهی عروس با رنگ کردن موهاش بی نهایت جذاب شده. ببین با کدوم خوشکل تری و دوسش داری,1.0942455856950815
thread_15024695_starter,"خوبی داشتم حس میکردم هست هنوز نمبدونم ب جوری بودم خوشحال بودم الان غن دنیا اونذ رو‌دلم هی میگم دیگ تکرار نمبشه لعنتی همون‌لحظه گوشی زنگ خورد بیدار شدم😭😭😭😭😭
قشنگ لحظه های همیشگی‌هادی زندگیمون‌برام تداعی شدیاده ترین لحظه ها
توخواب داشت برا ی چی اصرار میکرد مامانم مث‌همیشه‌با حرص صداش میزد😭😭😭چی میشد هرشب توخوابم‌بود انقد دلتنگ نباشم😭",5.756634677486968
thread_17548253_starter,"من به نیابتتون یک جز قرآن میخونم شما هم درحد توان توی ختم صلواتی که هدیه به امام حسینهو برای حاجتروایی هست شرکت کنید.
🏵🌼🏵🌼هر تعدادصلوات میتونین بفرستین بگین و همینجا بهم بگین🌼🏵🌼🏵
ممکنه حجم پیامها بالا بره و نتونم جواب همه دوستان رو بدم همینجا ازتون معذرت میخوام اما اگر لایک کردم پیامتون رو بدونین ب نیابتتون میخونم
به امید حاجتروایی همه دوستان
برای اشخاصی که سری قبل شرکت کردن خوندم انشالله خدا هم حاجت اون عزیزان و هم کسایی که برای این جزخوانی شرکت میکنه رو بده میخوام",1.0942455856950815
thread_13844752_starter,"۲۰روز زایمان کرده بودم یدفعه خونریزی خیلییی شدید افتادم با دفع لخته رفتم زایشگاه بعد سونو فهمیدن بقایا مونده دوروز بستری شدم گفتن دفع شده ولی بهم گفت اگ خونریزیم بیش از حد شد دوباره برم بیمارستان من تاامروز که۴۱روزه همش خونریزی دارم ولی در حد کمتراز پریودی گفتن تا۴۰روز خونریزی از دیشب بجا تموم بشه خیلی بیشتر شده مثل پریودی دقیقا
برم بیمارستان",5.756634677486968
411966316,"عزیز دلم خیلی متاسف شدم
روحشون شاد باشه
می دونم خیلی سخته از دست دادن مادر
این طور که فهمیدم الان سه ماهه فوت کردند
ولی خب ادم بعد از مدتی باید به زندگی عادیش برگرده
سوگواری از نظر روانشناسی مراحلی داره که باید طی کنی تو هر کدوم از مراحلش که بمونی آسیبای جدی می بینی
تو قراره بعدها مادر بشی یا چون معلم هستی با بچه های زیادی در تماسی و به غیر از اون ما وظیفه داریم از جسم و روح خودمون مواظبت کنیم
سعی کن درباره مراحل سوگ تحقیق کنی و اون مراحل رو طی کنی و توی انکار نمونی",1.0942455856950815
326686027,هفته ۱۲ ازمایش دادم ۳ بود دیگه ندادم تا ۲۳ که دیدم رفته بالا نگران شدم ولی دکترم گف ۶ اصلا خطرناک برای جنین نیس برای خودت خطرناک خودت اذیت میشی,3.425440131591025
368909539,خدا کنه زودتر سشنبه بشه من برم دکتر ببینه😭😭😭بخدا نمیتونم چیزی بخورم از استرس بچمم تو شکمم همش لگد میزنه😭😭,7.31076437475093
390461433,اونم بیشتر اجبار بود برام..سنم کم بود مجبورم کردن من تازه ۲۲ ام..۲۰ سالگی عقد کردم,4.202504980223006
thread_15720488_starter,"حداقل دارو داره  یا خوب میشدم یا میمردم
این روده تحریک پذیر چه کوفتیه از هزار تا سرطان بدتره و بدیش اینه درمانم نداره  نمیدونم  من نه عصبیم ن استرسی خیلی ریلکسم  این  چ‌بلاییی بود سرم نازل شد یکساله که اون ادم سابق نیستم بهم ریختم ضعغ دارم  یروز اسهالم  یروز دفع  ندارم  همش شکمم صدا میده پدرم دراومد بقران
علائم روده تحریک پذیر دارم  دکتر گوارش چند روز دیگه میرم خدا خدا میکنم روده تحریک پذیر  نباشه  هرکوفتی بخاد باشه سرطان معده روده باشه  یا  میمیرم  یا سالم میشم  نه مثل  کوفتی  تااخر عمر ول  کن نباشه
ینی هیچ راهی  برای درمان این لعنتی  وجود ندارع؟",6.53369952611895
372780950,"اره بچه اش ۱۵سالشه الان
نگران نباش اولا که انشاالله نمیکیری
دوم اگه حتی یه تب ساده داشتی سریع همون روز برو متخصص بیماری عفونی
من درست قبل اینکه بفهمم باردارم با فرد مبتلا بودم و دکتر گفت سه ماه اول خطرناک تاکید کرد تا تب کردم برم پیشش
شما خطر نداره اما احتمالا میشه با دارو کنترل کرد اذیت نشی",1.0942455856950815
thread_13557048_starter,سلام دوستان من دیروز پلو میگو خوردم سبزیش،گشنیز و شنبلیله بود امروزم سوپ خوردم همون سبزی توش بود ،میگن باعث سقط میشه ،چیکار کنم نگرانم خخیلی,4.979569828854988
395805471,"من  سونو پایان شش ماهگی یعنی ۲۴ هفته و چند روز رو  تازه انجام دادم
الان حالم تقریبا خوبه  ولی از لحاظ روحی خیلی حساس شدم خیلی بیشتر از قبل ناراحت میشم و گریه میکنم
اصلا وزن اضافه نکردم شکمم یکم بزرگ شده  فقط وقتایی که نفخ میکنم خیلی دلم و پهلو هام درد میگیره
چون فیبروم دارم هرزگاهی زیر دلم بد تیر میکشه
همش هم تکرر ادرار دارم",4.202504980223006
349657259,"متوسط و شدید
۹ سالش بود ، زیبا و تمیز و خوشبو
ولی اوتیسم بود ، اصلا با بچه ها ارتباط نمی‌گرفت،  جمله در حد دو کلمه ، میگفت آب میخوری ، آب بخور . یعنی آب میخورم",1.0942455856950815
thread_16303045_starter,خانم های خرم آبادی ببخشید سونوگرافی آراد بهتره یا سپنتا ؟,1.0942455856950815
413731884,"۳ تومن خیلی زیاده چون چیزی نیست که تموم بشه تا یک سال هرماه هستش بعدشم هست حالا با فاصله زمانی بیشتر
فک کنم دیگه نهایتا فول بادی کامل۲ باشه
و اینکه به هیچ عنوان نباید ترک کنی اگه مرتب جلساتتو بری کم کم موهات کمرنگ میشه
تا جلسه ی سه یا چهار میگی به به چه خوب موهام ریخته بعد یهو با قدرت برمیگردن موها اونجا نترس روندش همینه دوباره از جلسه پنجم اینا اوکی میشه
هر جلسه ام درجه مبره بالا تر و بهتر نتیجه میگیری
لیزر که میری فک نکن قراره یه روز یه مو هم تو بدنت نباشه
هست اما تو دیگه نیاز نیست هر روز ژیلت به دست باشی چون اگرم موهات دربیاد کرکی و کمرنگه و دیده نمیشه و راحتی همون هرماه قبل لیزرت یه شیو ساده میکنی",1.0942455856950815
408794434,"رنگ وروم زرد شده
حالت تهوع زیاد ندارم
عاشق ترشی و شورییم
میل جنسیم زیاد شده",1.0942455856950815
thread_13467002_starter,سلام بچه ها من سه ماه از زایمانم میگذره .....دکتر نرفتم افسردگی حاد شده.....الان دکتر بهم گفته باید بستری بشی .... اصلا نمیتونم به سر وضع خودم و کارای روزمره برسم از داروی اعصاب میترسم ....خونم ترک کردم....توروخدا اگه کسی بوده بهم بگه.....دکتر گفت دارو تو دست خودت نمی‌دم...چون افکار خودکشی داشتم.....داروها خطرناک نیست.....کسی بوده استفاده کرده باشه یا بستری شده باشه راهنمایی کنید,7.31076437475093
thread_15089633_starter,"دکتریه که اصلا سواد نداره و فقط داره الکی خودشو خوب جلوه میده تو اینستاش زده ک یه نفر یه نفر میفرسته داخل اتاق ولی ۳نفری میرن داخل بیشتر بلاگری میکنه تا دکتری
،رفته بودم پیششون چون باردار شده بودم و سابقه خارج از رحمی داشتم ،۳ بار منو برد و اورد هی میگفت عجله نکن زوده جنین تشکیل شه بهش میگفتم خون ریزی دارم میخندید میگفت عدد بتات نشون دهنده اینه ک خارج رحمی نیستی هی عدد بتام بالا میرفت ک اخر دید جنینی تو رحم نیست منو فرستاد بیرون سونوگرافی !!!قشنگ با جونم بازی کرد بلهههه خارج رحمی شده بودم و هی عدد بتا میرفت بالا منم ک استرس تمام وجودمو گرفته بود قبل اینکه برم سونو بدم بهش گفتم خانم دکتر اگه خارج رحمی باشم امپول میزنین گفت اره گلم نگران نباش ولی وقتی با سونو اومدم گفت بمن ربطی نداره حتی اسم امپولی ک احتیاج هستو بهم نداد گفت خودت بنویس بمن ربطی نداره بنویسم بورو بیمارستان ،،،قشنگ بهم دروغ گفت...منو با اون حالم بیخیال شد و گف بفرمایید بیرون خیلی دروغ گو  هستن و بیسواد فقط عاشق بلاگری و نمایشه سنگ دل ترین دکتر ندا اصغر زادست که هیچی حالیش نیست و تشخیص درستی نداره تا بارداریت اکیه باهات خوبه در غیر این صورت مشکلتو نمیتونه حل کنه",6.53369952611895
thread_16565171_starter,منو نامزدم دوساله عقدیم و رابطه کامل داريم اما چون شهرمون از هم فاصله داره دیر ب دیر همو میبینیم من هر بار نامزدم میاد استرس ح ا م ل ه  شدن دارم الان قراره بازم بیاد بهش گفتم من میترسم اینبار باردار بشم فلان برگشت بهم گفت گوه میخوری حامله بشی منم ناراحت شدم قط کزدم کلا رو بچه خیلی حساسه اما اگر طوری بشه تقصیر من نیس ک 🥲😓😭قهر کنم باهاش ؟بیاد برا اشتی چی بگم بهش؟ یبار فک کردم حاملم میخاست بیاد منو ببره دکتر سقطش کنم😭😭 اما خداروشكر نبودم,6.53369952611895
thread_17707547_starter,سلام من 6 هفته بودم که جنین سقط شد خونریزی داشتم و خودش سقط شد حتی قلبش هم تشکیل شده بود. یک ماه پیش 30 آذر. الان میخوام بدونم کی میتونم اقدام کنم برای بارداری بعدی 40 سالمه ضخامت رحمم 14 هست,4.202504980223006
thread_15618892_starter,سلام خانوما من هفته 20 هستم  از دیروز زیر دلم کشیدگی داشت و درد میکرد تا الانم ادامه داره.اصلا لک بینی اینا هم ندارم. الانم همش سردمه و کمی تهوع دارم.مثانمم توو فشاره موقع ادرار هم  مثانم درد میگیره. بنظرتون علایم سرماخوردگیه؟,4.202504980223006
338011055,شما تو شهرتون چجوری خرید میکردید؟؟فقط همون نفری ۲۲۰رو خرید میکنید؟,1.0942455856950815
thread_14536564_starter,با توجه به اینکه آزمایش غربالگری اول خوب شده بود با توجه به عدد سن بالای چهل، برای اطمینان خاطر آزمایش سل فری دادم که نتیجه برای تروزومی های ۱۳،۱۸و ۲۱ ریسک پایین شد و خداروشکر منفی اما متاسفانه برای کروموزومهای جنسیتی xxy/xyyریسک بالا زده، کسی مثه من بوده ممنون میشم راهنمایی کنید و اینکه آیا احتمال خطا هست از طرفی که دقت برای کروموزمهای جنسیتی در آزمایش سل فری ۷۰درصد هستش،  می‌تونه آزمایش آمنیوسنتز  که دقتش بالاتره جواب منفی رو بده؟؟,5.756634677486968
thread_17639323_starter,من سرکلاژ کردم دکتر بهم گفته استراحت مطلق باش یک هفته هست اومدم خونه بابام خدایی همه جوره بهم میرسن خب قائدتا شوهرمم میاد.ولی خیلی بی شعوره با خودش نمیگه اینا دارن محبت میکنن اگه یه بار غذا حاظری بود یا غذا اضافه شب قبل بود چیزی نیست دائم بهم غذا می زنه.خونشون اینجوریه غذاشون اینجوریه چرا داداشت اینکارو کرد بخدا خسته شدم دکتر گفته استرس برات سمه همش حال بد بهم میده بگین چه کار کنم مامان خودشم یکبار تعارف نکرده بیا دوروز اینجا بمون چه کار کنم حالشو بگیرم,6.53369952611895
thread_7225277_منتظرتم_فرزندم_1400/06/19 11:39,"صبح زود نه
یچیزی که میخورم مخصوصا بعد ناهار حتما حالم بد میشه😣",2.648375282959044
396567976,دختر اینقدر تو نت نچرخ الکی به خودت استرس نده. به خدا دیروز هم بهتر گفتم ریسک دختر منم همین بود. و علاوه بر اون  آن تی هم یه بود و در یوتوب اموالی دو تا کیست تو مغز جنین بود. و سوراخ قلبی هم داشت و به کلیه اش هیدرونفروز بود  که همه این علامتها نشانه های بچه های سندرومی بود ریسکم هم یک به بیست بود ولی آمینو شدم جوابش اوکی بود و دخترم هم الان شش سالشه تو مدرسه هست خیلی باهوش شیطون و همه مشکلاتی هم که داشت خود به خود رفع شد تا یکسالگی,1.8713104343270626
272964892,"اب بدن بچه منم تو ازمابش نشون داد خیلی پایینهچکار کنم پدرم دراومده ، بخدا ده روزه اسیرم ، اولش ۳ روز و شب تب شدید داشت بعد زد به گلو و الانم دو روزه اسهال استفراغ گلاب به روتون
ی شبم اورژانس بیمارستان بستری بود بخش تخت خالی نداشتن بستری نکردن فرستادن خونه ، گفتن فقط مایعات بده ، هیچی نمیخورع اشتهاش صفر شده چکار کنم خاهشا کسی میدونه جواب بده ، بحق حضرت زینب حاجت روا بشید",7.31076437475093
365039360,"من خواستگاری همینجوری داشتم رد کردم
خودشم باعث شد , قشنگ از بالا ب پایین نگاه می‌کرد",1.8713104343270626
390687621,تازه این هفته وقت ثبت‌نام دادن مدارکش خیلی وقته تکمیل چی میگید من خودم همینجوری استرسی هستم شماهم بیشتر میکنید استرسمو,5.756634677486968
362087673,خوش بحالت حداقل بهت گفتن قرص اهن بخور من روزی ۴بار میگفتن خون بدم به مدت یک هفته و قرص اهنم همون یدونه بود کمخونی شدید گرفتم اما نگفتن قرص اهن و بیشتر کن؛نوزادمم با کمبود اهن دنیا اومد خدادازشون نگذره,4.979569828854988
thread_14955659_starter,سلام ،لطفاً اگه میشه کمکم کنید هفته ۳۱بارداری هستم و دچار اضطراب و استرس شدید شدم و وسواس فکری هم گرفتم نمیدونم اصلا چی درسته چی غلط ،نگرانم‌ خیلی که بچم بخاطر این آسیب ببینه. همش در حال گریه کردنم و کاری نمیتونم انجام بدم مثل قبل ،انگار ذهنم قفل کرده ، برام دعا کنید و اگه راهکاری دارید که بشه به حالت قبل برگشت بگید.,8.087829223382911
264123022,"من درد های شدید داشتم اما بعد هشت هفته بهتر شد دکترم گفت کم کم قطش کن با این که بی خطره هرچی مصرف نشن اینا بهتره منم یه شب در میونش کردم و قط .اما خوبه بچرو سفت می‌کنه .من ۱۳هفته ام الان
خیلی مواظب خودت باش عزیزم",1.8713104343270626
389360265,دکشنبه باید ۵ هفته و ۶ روز میشد ۵دهفته و ۴ روز بود,2.648375282959044
345364070,😂😂😂😂 عجب منم دوسال رفتم روانپزشک هیچ کاری نکرد و تجربشو دارم ، اضافه وزن ،تنبلی، کثیفی بی خوصلگی افسردگی بی تفاوتی 😉😉😉😉😉 آخرشم خودمو تغییر دادم و خیلی خوشحالم ازین موضوع  ، استارتر عزیزم هم قطعا میتونه خودشو تغییر بده و اجازه نده افکار و افراد منفی بیشترین ازین روش نفوذ کنن 😘😘😘,1.0942455856950815
342606592,ببین من خودم یه مدت حال روحیم افتصاح بود دیگه به مرگ‌فکر میکردم رفتم دکتر روانپزشک قرص داد بدون این که بخوابم حال روحیم عالی شد .مادر منم ناراحتی روحیش مثل شماست تهوع بیاستهایی ضعف بدن استرس و اظطراب علاوه برهمه اینها مادر من پانیک هم داره زمان برد تا خوب بشه ولی تحت نظر روانپزشک بود .الانم اگر ناراحتی روحی براش پیش بیاد همه این علائم تا چند وقت درگیرش میکنه .,1.8713104343270626
343170051,من ۶ هفته سه روز رفتم قلب تشکیل شد گفت دیگه نیا ضرر داره اخه ی بارم سقط داشت ک ضربان قلب اون موقع پایین بود ایست قلبی کرد,3.425440131591025
337523607,[QUOTE=337523570]حتما برو دکتر یه سرویس بگیر برو [/Q حالم خیلی بده هم دل درد دارم هم خون ریزی دید هم سرماخوردم,5.756634677486968
402492603,"من بیمه ندارم
هر ویزیت دکتر ۴۰۰. هر بار دارو میگیرم حول و حوش ۱۵۰۰ درمیاد
سونوی قلب ۱ تومن دادم. ان تی ۱۸۰۰. آنومالی ۲۲۰۰. آزمایش اولیه هم فکر کنم ۲ تومن شد
بیمارستان سینا میخوام برم که میگن سزارین ۲۵ میگیره ولی اتاق خصوصی و پمپ درد هم میخوام نمیدونم چند میشه",4.202504980223006
379860845,من هفته قبل چهارشنبه تو ۵هفته سقط کردم اولش مث پریود بعد۱۲ ساعت یکم شدید تر شد دلدردام سنوگرافی هم گف اصلا چیزی نمیبینم دکتر گفت هفته دیگه یه آزمایش بتا بده گفتم شنبه میدم,4.202504980223006
287338581,"تربیتها فرق داره مادر خودم دختراشو کوبید ب پسراش بها داد الان زندگی هرکدوممون ی رنگه
جای بحث داره
دخترعموی بدبختم بخاطر بچش از مهرش و شوهر معتاد و خانواده آشغالش رد شد و خدا رو شکر ی ازدواج خوب کرد
با آدم عوضی نمیشه درافتاد
کسی ک بچش ابزارش بشه خطرناکه
شوهرمن بچه ۱ ماهمو گذاشت رو تخت گریه میکرد درو بست و گفت نمیزارم ببینیش نمیتونی تصور کنی چ حال بدیه خونریزی شدید اذیتهای چند روزه خانواده شوهر نفهمی شوهر بی کسی شیرم خشک شد از بس درد کشیدم
حرف نیست وقتی تمام سلولهای بدنت درد بکشن ضعیف میشی",7.31076437475093
344195999,"عزیزم خوشحال باشید و خدارو شکر کنید.
بعد هم اینکه همیشه گفتن جنسیت تو حدود دوازده هفته مشخص نیست. حالا احتمال میدن که دختر یا پسره. باید تا ۱۸ هفته صبر می کردید عزیزم.",1.0942455856950815
407595997,سونوی ان تی حتما باید همراه با آزمایش باشه ،ولی سونوی انومالی فقط سونوگرافی داره احتیاج به ازمایش نیست من هم چندروز پیش انومالی انجام دادم ،مگر این که دکتر صلاح بدونه ومشکوک باشه که ازمایش سلفری یا امینوسنتز بده,1.0942455856950815
412206442,"منم چهارشنبه جواب ازمایشم مثبت شد به دختر دو سال و نیم دارم
اولش خیلی ناراحت شدم حتی بفکر انداختنش افتادن اما فرداش رفتم دکتر گفت بتات پایینه شاید خارج رحمی باشه
الان خیلی ناراحت و نگرانم که نباشه",6.53369952611895
344569507,یه دوستم داغونه دو ماهه پسری که ۱۳ سال با هم دوست بودن ولش کرده یعنی تو ابن ۱۳ شال مردا یکم هم وابسته و عاشق نمیشن,1.8713104343270626
thread_13165351_starter,بچها حالم بده😔 اخرین پریودم نوزد دی  گفتن ساک خالیه شاید پوچ باشه یک هفته دیگه بیا سونو  . سونوم واژینال بود,5.756634677486968
thread_16479773_بانوی،ایرانی_1404/04/12 21:38,اگه مشکلی بود دکتر میگف .. عزیزم تو دوران پر استرس بارداری اول از همه با دکترت مشورت کن ... اینایی هم ک گفتی فک میکنم طبیعی باشه,1.8713104343270626
thread_11622877_فریبابهاری_1402/05/01 15:05,فقط من میتونم بگم اولین بارداریم خیلی هیجان انگیز بود . و دومیش خیلی استرسی و عصبی بودم .,4.979569828854988
thread_13401210_starter,"با توافق هم باردارشدم بچه سوممو.بعداینکه فهمیددختره یهو سردشد بداخلاقی کرد( دوتاپسرداریم) البته همزمان بایه ضرر مالی بزرگش هم بود این رفتار.میگفت سقط کن و رواعصابم میرفت. اینقدراذیت کرد که زنگ زدم داداشش گفتم تقصیراون یکی داداشتونه که پرش میکنه.داداشش هم نصیحتش کرد که رفتارات درست نیست وبهترشد به مرور. اون دادششم که فکرمیکردم پرش میکنه ظاهرانقشی نداشت تو ماجراتازه کلی نصیحتش کرده بود که قدر بدون زنه که فداکاری میکنه توبچه دارشدن وبدنش خراب میشه ودختررحمته و....
حالا من ازشوهرم کینه دارم که بچه دارشدنی روکه دوتامون روش توافق داشتیم باعث آبروریزی پیش این واون کرد انگار که اصلا دوست نداره ومن وادارش کردم وسواستفاده کردم ازش.
خیلی ناراحتم ازرفتارش",6.53369952611895
thread_17959744_starter,سلام لطفا اگه کسی میدونه راهنماییم کنه چرا کیت تخمک گذاری زدم روز ده سیکلم فقط خط کنترل افتاد روز ۱۱ خط کنترل افتاد با خط حاله ایی کم رنگ حالا امروز که روز ۱۲ سیکلم خط کنترل افتاد با خط حاله خیلییی کم رنک تر از دیروز ..۲۸ روزه هست سیکلم,3.425440131591025
thread_11258649_starter,"بچه ها توی گلیکولیز
کی اکسایش میابه؟
بگین که قند مونو فسفاته میشه
قند اکسایش میابه و میشه اسید",1.0942455856950815
336087701,"فولیک اسید رو من بخاطر مشکل جنین خودم که آنسفال بود گفتم.
آره سندروم داون اتفاقیه انگار و اگه ارث باشه میرسه معمولا.",1.8713104343270626
378970321,"تو همون دوران۶تا دندون کشیدم دخترم بغلم بود از پله ها اومدم  لیز خوردم چندتا پله با کمر افتادم پایین بچه بغل ،
عکس رادیولوژی گرفتم پسر بزرگم سی تی اسکن داشت کنارش بودم چون بچه بود سی تی شد و کلی کارهای دیگه که برا یه خانم باردار ممنوعه
همه میگن این بچه معجزه س
بقول دکتر می‌گفت بلایی بوده تو سر این بچه نیورده باشی تو بارداری؟
به این اعتقاد اوردم که میگه گر نگه دار من آن است که من میدانم شیشه را در بغل سنگ نگه میدارد",1.8713104343270626
372245412,من قندم ۹۷ بود و تا اخر بارداری رژیم بودم و هردوهفته آزمایش دادم ، یکبارم ۱۱۰ شد که بهم متفورمین دادن حدود دو هفته خوردم و دکتر قطع کرد دوباره همون حدود ۹۰ بود البته با رژیم . من خیلی خیلی رعایت میکردم ، وزن بچم هم ۲۷۰۰ شد.,1.8713104343270626
thread_17902031_starter,دوستان من ۳۵ هفته ام ، من دیروز صبح بعد صبحانه ساعت ۱۱ که رفتم دستشویی ، لکه قهوهای سه سانتی دیدم بعد رفتم بیرون خرید کنم بعد ساعت ۱۲ رفتم دیدم کل نوار بهداشتیم پر شده از لکه قهوهای مایل به قرمز خلاصه رفتم بیمارستان چکاپ کرد گفت خوبه و جفت هم جاش خوبه بعد اومدم خونه ، از ظهر تا شب فقط یک یا دوبار لکه خیلی کوچیک قهوهای دیدم ولی امروز صبح رفتم دستشویی ازم ی لخته خون قهوهای خارج شد دوباره ظهر هم یک لکه قهوهای رو نوارم دیدم ، الان چرا این لکه بینی ها قطع نمیشه ، استراحت هم داشتم فقط یکم کار خونه کردم در حد خیلی کم ، نگرانم,5.756634677486968
thread_6517426_ظهــرتابســتانى_1400/02/31 00:18,"رابطه نه اشكال نداره فقط تند و شديد نبايد باشه و مشكلى نبايد داشته باشى
منى ريخته نشه چون دهانه رحم رو نرم ميكنه و باز ميشه
ارضا شدن هم مثل مورد اول اگر مشكلى نداشته باشى اشكالى نداره
اما اما اما تحريك نوك سينه بشدت خطر داره لطفا ٩ ماه به هيچ وجه سينه رو تحريك نكنيد",1.0942455856950815
thread_15246176_starter,"خانما لطفا کمک کنید  ۲۰ روزه عروسی کردم من یک هفته هست پریودیم تموم شده و اقدام ب بارداری دارم
بعد از اتمام پریودیم ۲بار رابطه داشتم و از دیروز دل درد و کمردرد شدید دارم و رفتم دکتر بهم قرص کلسیم و ویتامین داد با امپول پروژسترون  و قرص واژینال
تخمک گذاری  از چندروز ک پاک میشی شروع میشه؟
و علائم بارداری چیه",4.979569828854988
thread_13296066_پرنده__غربت_1403/01/04 23:58,الان باید حتماً برم بیمارستان یا منتظر بمونم دردام بیشتر میشه آخه میترسم اونجا اذیتم نکنن بچه اولمه,5.756634677486968
345845297,"ما همیشه درست میکنیم آلبالو ها رو پاک کن بشور
بعد بریز توی شیشه برای هر کدوم دو تا سه قاشق شکر بریز
سر شیشه ها رو ببند بهم بزن
داخل یه قابلمه بذار آب بریز که آب بیاد رو شیشه ها
بعد بذار روی اجاق از موقع جوشیدن بذار یه ربع بمونه
بعد بیار بیرون و روی درشون بذار ۱۲ ساعت بمونه یعنی برعکس زیرش پارچه سفید بذار که اگه نشتی داره بفهمی
اینا رو میتونی یک سال نگهداری بدون فریزر
مثلا انباری و اینا فقط آفتاب نباشه",1.0942455856950815
399140688,سلام عزیزم بهتره بری پبش پزشک،اما اگه شرایط رفتن نداری شیاف پروژسترون هر 8 ساعت یکی قرص دوامدار روزی یکی آمپول پروژسترون هم بزن به دوستم دکتر گفته بود دوتاش تو یه سرنگ باشه بعد به باسن بزم.اگه قرص آسپرین و آمپول انکسوپارین استفاده می کنی تا قطع کامل خونریزی قطع کن.احتمالا شما هماتوم داری و دارهٔ جذب میشه زرشک جعفری و هویج و ادویه جات اصلا نخور.همش استراحت فقط برای دستشویی بلند شو.چند روز خ.نریزی حموم نرو اگه رفتی 5 دقیقه ای و نشسته باش,1.0942455856950815
411721787,"منم همینطور
امیدوارم همینقدر که انرژی منفی رو جذب میکنی توی فقر و بدبختی عمرت بگذره و روز به روز با دیدن خوشبختی دیگران بیشتر عذاب بکشی و همیشه از دیگران پایین تر باشی خدانگهدار",3.425440131591025
391244285,"پس الان داری ۶ هفته رو تکمیل میکنی ..
ان شاءالله دوقلوه .. یه بارداری مولار هم شنیدم اخه بتا زیادی بالا میره.. برای همین گفتم چرا سونو رو زودتر ننوشته بازم دکتر بهتر میدونه
موعدت باید کی میبود ؟",1.8713104343270626
thread_12689123_starter,من بارداریمو ۵ ماهگی اعلام کردم چون میدونستم و میشناختم خانواده مو میدونستم بفهمن از هیچ کاری دریغ نمیکنن اونم مجبور شدم از طریق یکی از اشناها که فهمیده بود از طرف بهداشت وگرنه تا ۷ ماهگی نمیگفتم...دوروز بعدش از هیچ ازاری در حقم دریغ نکردن خدا میدونه ۳ ماه چ بلایی سرم اوردن چقد به حد جنون رسیدم در مقابلشون زار زدم گفتم یکم درکم کنین بسه از این کارا دست بزارین من باردارم دارم درد میکشم اما بدتر و بدتر کردن...داداشم چندسالیه با پدر و مادرم قهره باهم حرف نمیزنن بماند چقد دوران مجردی و عقد و عروسیم زجر کشیدم چون داداشم هیچکدوم رو نیومد الان مامانم میدونه باردارم حساسم زنگ زده گریه مبکنه که دلم تنگ شده و بابات نمیزاره برم ببینمش بخدا میدونم اونم مادره بخدا منم زجر کمی نکشیدم اما شرایط من خیلی فرق داره شهر غریبم تنهام ماهایی اخرمه باید استراحت کنم ارامش داشته باشم اما فقط پیش من میگه پیش خواهرام نمیگه خیلی دلم گرفته کاش دلم از سنگ بود مطمئنم تا شب حالم خرابه دیگه,8.087829223382911
thread_17922937_starter,"سلام خانم های باردار عزیز
خواستم نظرم راجع به سونوگرافی دکتر شاکری در یک کلمه بگم افتضاح و تشخیص اشتباه. من برای غربالگری اول پیش ایشون رفتم و خیلی صریح گفتند جنین کلاب فوت داره. من حتی نمیدونستم کلاب فوت چیه که بعد سرچ کردم همون پاچنبری. و از اون روز به بعد تمام زندگی من شده بود گریه های زیاد و استرس و فکرهای عجیب برای سقط بچه!!! برای سونوی بعدی پیش دکتر صدری رفتم که کلاب فوت رد کردند و گفتند اصلا تو سه ماه اول نمیشه تشخیص داد. من تجربه خیلی بدی دارم ازش که حتی احتمال هم نگفت و خیلی مطمئن گفت بچم کلاب فوت داره. با اینکه دکترهای دیگه کلاب فوت رد کردند من باز میترسیدم وخداروشکر خدا یه پسر قشنگ و سالم بهم داد. خواستم به مامانا بگم اگه اونجا رفتین اصلا حرفهاشون رو جدی نگیرین و به خودتون استرس ندین. تمام روزهای قشنگ بارداری رو با استرس تمام گذروندم با خاطر حرفهای اون دکتر بیسواد و مدعی که حتی شعور صحبت کردن درست با خانم باردار رو نداره. با حرفهای اون دکتر احمق، فکر سقط بچه دسته گل و سالم و زیبامو داشتم که خدا کمک کرد و بهم توان داد تا صبور باشم ولی اشکهای که ریختم رو یادم نمیره
تا جاییکه امکان داره اصلا اونجا برای غربالگری نرین",6.53369952611895
385177848,مرسی گلم شوهرم امشب می‌گفت نمیشه درخواست بدیم هفت ماهه به دنیا بیارنش سزارین 😢اونم بدبخت خسته شده از استرس,2.648375282959044
360307064,"منم رفتم پیشش مهربون بود ...........موقع گرفتن آمینو هم کلی دعام کرد
ان شاءالله برا شما هم چیزی نیست به امید خدا خوشحال میشین
برا سونو کاش پیش دکتر مصباحی می‌رفتی حتی از دکتر فرشچیان هم کار بلد تره",1.0942455856950815
thread_9761611___قاصدک___1401/09/06 10:25,"من فکر میکنم برای هر خانومی متفاوت باشه
مثلا من سر دخترم از مرغ و گوشت خیلی بدم میومد تا ۵ ماهگی و عاشق ترشیحات بودم
سر پسرم عاشق دوغ و ماست و خیار و چیزای شیرین بودم
ولی خیلی خانوما هستن همین حالتهای من رو برعکسش رو داشتن
باید از مادر خودت بپرسی هر دخاری با مادرش میره
من مادرم دچار استفراغ نمیشد من و خواهرم هم دوتامون به مادرم رفتیم",1.0942455856950815
thread_15972289_starter,سلام .قبلش میخواستم برم آزمایش هورمون پروژسترون اما حامله شدم نشد.گفتم میمونه اما هماتوم ٧٠ درصد ساک باریاری رو پر کرده بود ٢ هفته شدید خونریزی داشتم.چون میخواستم ivf کنم قبلش هر روز آسپرین خورده بودم مشکل انعقاد خون هم داشتم.روزی که ٩ هفته افتاد به همسرم نشون دادم اون هم انداخت تو الکل چه حس قشنگی بود گشنگی مدام وقتی میچرخیدم شکمم میکشید چون اون اونجا بود.لیاقت مادر شدن نداشتم خدا ازم گرفت.چند سال منتظر این لحظه بودم.الان هم خونریزی ناشی از خوردن آسپرین دارم بند نمیاد رفتم قرص کا و آهن گرفتم کمی جمع کرد این خونریزی رو بهرحال خواستم درد دل کنم و تجربه تلخ باردارشدنم رو بگم,7.31076437475093
370640903,آره والا منم همینجوری ام 😭😭😭 چرا نمیگذره ؟؟؟؟؟,3.425440131591025
410580228,"اصلا چرا وقتی ای وی اف میکنید بیبی میزنید؟
دوست دارید استرس داشته باشید
حتی اگر مثبت میشد هم قابل اعتماد نبود
عزیزم شما روز ۱۴ باید تیتر بتا بدید",1.0942455856950815
363791726,"😐 الان میخوای با معرف ازدواج کنی؟
زمانی منسوخ شد که الان ادما با وجود دوست داشتن هم به تفاهم نمیرسن وای با اینکه ندیده نشناخته و بدون عشق باشه",1.0942455856950815
332231690,"[QUOTE=332231562]پریروز گفت میرم بیرون میوه بخرم گفتم با اسنپ سفارش میدم همش اصرار داشت بره بیرون گفتم منم میام قبول ...[/QUOT
رد یاب شنود از اینا هم بلد نیستی",1.0942455856950815
406224712,چی بگم والا خودمم استرس 🥲🥲🥲🥲🥲,4.202504980223006
thread_14951347_starter,"سلام دوستان
من از دوازده هفته مشخص شد مقاومت شریان رحمی دارم
18 هفته که سونو رفتم گفت ، یه هفته رشد جنین عقب و مورد احتمال iugr هستی ، کسی بوده شرایط منو داشته و تونسته وزن بچه رو به حالت نرمال برگردونه و  جنینش iugr نشه ؟
همه‌ی آزمایشاتم خوب بوده سل فری موردی نبوده ، پیش پریناتولوژیست رفتم ، شبی دو تا اسپرین ، و انوکساپارین مصرف می‌کنم
میشه منو از این همه دلهره با راهنمایی هاتون کمک کنید",5.756634677486968
thread_15853695_starter,امروز رفتم سونو ان تی بچه هام سالمن فقط گف تخمدانات بیش از حد نرمال بزرگن و فولیکول بزرگ دارن بنظرتون خطرناکه کسی تجربه همچین چیزی داشته؟,4.202504980223006
412335244,"ولی ببین من خودم هیچ وقت مامان تمیزی نداشتم
شلخته و داغون اکثرا صبحا خواب میموند
هنوزم همونجور
گاهی میرم خونشون ده روز طول میکشه یکم تمیز کنم
ولی از اون موقع یاد کرفتم هیچ وقت شلخته نباشم
ب هر حال هر کس ی روزی از دنیا میره قرار نیس ک تمیز نباشیم ک مثلا پامون درد نگیره یا دستمون درد میگیره",2.648375282959044
thread_6092049_mamanhanie_1399/12/25 22:48,گفتم خودم امتحانت کردم به اسم سارا خلاصه بهم ثابت کرد که اون شماره مال اون نبوده و بعد ها فهمیدم من از اول اشتباهی شماره دوست داداشمو برداشته بودم 😏,1.0942455856950815
278343497,من هفته ۳۴ اب دورش کم شد دو روز اب خوردم فقط اب میتونه تامینش کنه ولی تاثیر نکرد و اورژانسی سز صدم,3.425440131591025
thread_18109766_starter,"من ۵ اسفند پریود شدم ۱۱ اسفند پاک شدم
۸فروردین جواب ازمایشم مثبت شد تیتر بتا ۲۸۷ زده بود بین ۳تا۴هفته
۱۵ فروردین رفتم دکتر حساب کرد گفت ۵ هفته و ۴روزشه
منو نفرستاد سونو تا ۳۱ فروردین که به حساب خودم ۷هفته ۶ روزشه  سونو می گه ۶ هفته ۱ یا ۲روزشه
قلبش تشکیل نشده می شه راهنماییم کنید لطفا
تو سونو زده رحم به صورت ۲ شاخ هست",6.53369952611895
355737512,من هنوز درد دارم و پریود نشدم 😔😔,4.202504980223006
397551803,رشته اس حفظیه؟ چند ساعت باید وقت گذاشت 15 ای چیزی گرفت؟ خیلی ها میگن مفهومی درسته!؟ از کجا بفهمم حفطیاتم خوبه یا بد؟,2.648375282959044
392279684,اقا چقدر فضوله خبر میاره برات حتما خبرم میبره ..راضی نیستن خانوادش فایده نداره خودشم دهنم لقه,4.202504980223006
377779748,خب شما تو خونه کارهای سبکتو انجام بدی،بیشتر از ۵ دیقه پیاده روی میکنی،کافی هست به نظرم براتون،بخصوص شما که کیس ای وی اف هستین،بیشتر باید مراقب باشین,1.0942455856950815
thread_18102462_starter,چند ماه دیگه عروسیمه ولی من هنوز هیچ گوهی نشدم خسته ام خیلی خسته ام 😭😭😭😭💔,6.53369952611895
410072573,۸ تا صلوات به نیت اسمش😭 گره گشایی,2.648375282959044
401934903,وای خیلی بده منم داشتم اخرای بارداری انسولین میزدم باایکن ۱۰۵بود .ولی نخورمراعات کن قند خیلی بده بالاباشه ممکنه بچه بگیره وزایمان زودرس هم ممکنع منم خیلی اذیت شدم ولی گذشت,2.648375282959044
thread_18138674_starter,"سلام دوستان من حسابدارم و منو تو لیست بیمه کارمند رد کردن
بنظرتون واسه سابقه بیمم مشکل پیش میاد؟؟ خاهشل اگه کسی اطلاع داره ممنون میشم کمکم کنه",3.425440131591025
thread_15506923_starter,"تقریبا 19 روز از روز تخمک گذاریم میگذره
و امروز آزمایش دادم بتام 55 بود
خواهش میکنم کمکم کنید من فکرامو کردم میخوام بندازمش میشه راهنمایی ام کنید
با توجه به بتای پایین الان میشه با دارو و دم نوش توی خونه سقط کرد؟",4.202504980223006
thread_14199169_starter,سلام،ما خیلی خیلی نگرانیم میشه لطفاً جواب بدین؟خواهرم توی ۱۸ هفته رفت اکوی قلب جنین و دکتر گفت که سوراخ سه میلی متری VSD(بین بطنی) اگه تجربه و اطلاعات دارین،میشه لطفاً از تجربیاتتون و وضعیت فرزندتون یا کسایی که میشناسید و شرایطش و اینکه چیکار کردین بگین بهم،ممنون میشم:),4.202504980223006
413187512,"منم ناخواسته باردار شدم یادمه اون زمان خیلی غصه میخوردم فقط شانسی که اوردم دانشگاها مجازی شد واگرنه نمیدونم چیکار میخواستم بکنم بعدشم که به دنیا اومد کلا مامانم نگه میداشت بچه رو
درکل کمکی نداشته باشی سخته بچه
ولی در کل یه چیزی که میخواستم بهت بگم اینه که اگر خودت اراده ات قوی باشه  هر چیزی شدنیه",3.425440131591025
349635116,اخه برای خواهرم توی یک هفته از ۹۴ رسید به ۷۶ ولی اون تقریبا هر وعده فقط نون جو با پنیر میخورد همین,1.0942455856950815
thread_18076023_starter,"من از مهر ارتودنسی کردم دندونام مشکل خاصی نداشتن ولی میخواستم صاف و قشنگ بشن نه تنها هیچ تغییری توشون اتفاق نیوفتاده بلکه دکتر احمق کاری کرد یکی از دندونای جلوم بیاد پایین تر از اون یکی بهش گفتم گفت اخر کارتراشش میدم
میدونم گه قراره یه گندددددد دیگه بزنههه
سیم دندونام رو هم درست کات نزده لثمو زخم کرده و در اومد کلا
دلم میخواد برم ابروشو ببرم و کلی جیغ بزنم از بس حرصمو در اورده
قرار نبود پیش این دندونامو درست کنم ولی دخترعموم اصرار کرد بریم پیش این گاوبحعی۸عزحفط۸عطخفطحفط۸۵😭😭😭",6.53369952611895
thread_16334573_starter,"خانوما رنگ بدون آمونیاک خریدم
به نظرتون ماه نه میتونم بزارم؟",1.8713104343270626
412843154,برای من کاملا برعکس بود 😑,1.0942455856950815
thread_13512626_starter,رابطه فقط سه بار داشتیم جونم دراومد کارم گریه س به شوهرم فقط فوحش میدادم بدترین روزای عمرم شد از دردش مردم زنده شدم شوهرم ۲۴ سالشه دوسال اختلاف سنیمونه دکتر نرفتن آزمایش ادرار اینا دادم عفونت دارم ولی خیلی کم همیچی عادی سنوگرافی دادم همیچی نرمال بود ۴ روز بیشتره رابطه نداریم چیکار کنم خیلی درد دارم هرچی بی حسی زدم فایده نداشت,6.53369952611895
thread_10162254_زندگی_خییلی_قشنگه_1401/10/29 22:44,"طبیعی بخوای خب تا 40 هفته باید صبر کنی هرموقع دردت گرفت زایمان میکنی
ولی سزارین دکتر خودش تاریخ مشخص میکنه معمولا 38 هفته اینا بچه رو درمیارن دیگه",1.0942455856950815
thread_15480139_starter,"اول بگم من یه پسر۸ ساله دارم و تا این دفعه سابقه سقط نداشتم
من ۱۹ آذر آخرین موعد پری بوده
۲۰ دی که بی بی گذاشتم منفی بود بعد از چهار روز دوباره بی بی چک گذاشتم هاله افتاد و بتام ۳۶ بود
بعد سه روز مجدد بتا دادم ۱۴۹ بود
بعد ۱۰ روز لک قهوه ای دیدم و بتام ۲۷۰ بود
درد نداشتم
سونو واژینال دادم گفت هیچی تو رحم و بیرونش نیست
بتا رو تکرار کن
منم با این نشونه ها احساس کردم خارج رحمی هست
فرداش رفتم خونه مامانم زرشک و زعفرون خوردم نصف شب با درد خیلی شدید سه تا تیکه مثل جگر دفع کردم
الان می‌خوام بدونم خارج رحمی بوده یا سقط
تجربه شما چیه",4.202504980223006
thread_16612778_starter,کم خونی داره، و هر بار میخواد آزمایش بده میگه من هیچ مشکلی ندارم، با اینکه مشخص میشه کم خونی داره ولی میگه من هیچ مشکلی ندارم، نمیخواد اون مشکلی که داره رو به زبون بیاره، فکر میکنه اگه بگه آبروش میره، اصلا به فکر بچه نیست، فقط میخواد شکم خودش سیر باشه، دکتر دارو هم داده برای رفع کم خونی ولی بعضی موقع ها استفاده نمیکنه، واقعا تا حالا همچین کسی رو تو زندگیم ندیده بودم,4.979569828854988
thread_11651384_starter,دوستان من تازه باردار شدم، ولی از اینکه تا ساعت ۶ و نیم هر روز میرم سر کار و خیلی وقت ها اضافه کاری هستیم و خیلی وقت ها هم تعطیلات میریم سر کار، خیلی نگران بچه ام هستم. نکنه یه مادر خسته و فرسوده داشته باشه؟,5.756634677486968
339229282,"یه خانومی میگف تو این هفته ها مغز بچه در حال رشده طبیعیه سرو بزرگتر نشون بده
تو ماه هشت و نه که خود جنین وزن میگیره نرمال میشه سر و بدنش ولی خب خیلی حالم بد شد واقعا همش میگم نکنه موردی داره بچم😞😞😞",4.979569828854988
396025156,"منم همینطور
پسر من میره پیش دبستانی
خودم رو کشتم برای انتخاب مدرسه
الانم مثل شما دنبال یه ایرادی از مدرسه هستم
بعدم بچه من اینجوریه که مثلا پارک نمیاد میگه حتما باید دوستهام باشن به خدا یه مدت طولانی همش داشتم منت مامانهای دوستهاش رو میکشیدم که بیان بریم پارک دیگه از خودم بدم میومد
دیگه یه ماهه این کار رو نکردم دیروز اینقدر ناراحت بودم گفتم این بچه چقدر با دوستهاش بهش خوش می‌گذشت ولی جور نشد دیگه
و کلا مثل شما همش فکر میکنم به اندازه کافی بهش خوش نمیگذره",5.756634677486968
402460515,"منم پانزده هفته رفته بودم گفت احتمال خیلی زیادددد پسر نمیدونم راست یا دروغ
حالا شما صبر کن تا هجده هفته",1.0942455856950815
thread_15999387_starter,"چند وقت بود که قرار بود برم مژه ریسه ای و پنس و چسب بگیرم وسایل مژه تو خونه خودم برای خودم کاشت هیدن انجام بدم بلدم چون
بعد امشب اومد یک یکربی گذشت
دیدم یک پلاستیک اورد داد بهم باز کردم دیدم یک عالمه مژه ریسه ای گرفته با چسبو پنس
بعد برداشت گفت بلندترین سایز مژه شو برداشتم نمیدونم چسباش این قیمتا داشت من گرونترینشو برداشتم
منم بهش گفتم چرا یک سوال نمیپرسی این مارکش بدرد نمیخوره بعد گف عه مگه مارک داره نمیدونستم  یادداشتاتو نگاه کردم دیدم ازینا نوشتی لازم داری منم گفتم سوپرایزت کنم
منم گفتم نمیخواد منو سوپرایز کنی وقتی ازین چیزا سر در نمیاری این همه مژه میخوام چیکار کنم بعد بهش برخورد گفت باشه حالا بگو چه مارکیه فردا برم عوضش کنم من عکسشو نشونش دادم
بعد باهام باد کرده فیس کرده واسه من😐😐😐😐😐",4.202504980223006
406219986,"عزیزم سالمه دیگه چرا شک میکنی ۲ هفته دیگه بری میبینی همه چی نرماله
گهواره هم ی بار حذف و نصب کن شاید درست شد",1.0942455856950815
thread_16848781_starter,"میخواست بره بهزیستی الان پشیمون شده
خودش میخواست بره چون ما کسیو نداریم نه پدر نه مادر
مامانبزرگمم که نگهمون داشته بود تازه فوت شده
اللن کاراشو داریم پیگیری میکنیم
انگاری پشیمون شده میگه خونه اجازه کن اونم تنها نمیمونم یکیو پیدا کن باهام بمونه
نمیدونم چیکار کنم
بابام معتاد بیکار خواهرمو خونه بگیرم بابام میاد میمونه بدتر میشه
خودم نمیتونم نگه دارم دارم ازدواج میکنم
ازدواج نکنم نمیتونم از پس هزینه ها بر بیام مجبورم حداقل خودم مستقل بشم بتونم دستشو بگیرم
از این ناراحتم که مسخرم کرده شب و روزمو یکی کرد من میرم بهزیستی پیش همنوعان خودم دوست پیدا کنم
به زور قلبمو سنگ کردم با چه زجری رفتم دنبال کاراش
الان دم رفتنش پشیمون شده
بخدا که از اولش مسخرم کرده بوده منو میترسونده که ترحم کنم بهش
من هیچی براش کم نذاشتم ما دوقلوییم ولی برا این که حس کمبود نداشته باشه دانشگاه بردمش الانم میخواستم ارشد بخونه
کار ادمینی پیدا کردم
ولی همکاری نمیکنه باهام درسشم نمیخونه با چه عذابی پای پیاده اسنپ ویلچر میبرمش دانشگاه نمیخونه امتحانا و من میخونم بجاش
کارم نمیکنه
الانم من چجوری خونه اجاره کنم اونم تنها نمیمونه خانم تا بخوام سر بزنم بهش با این که از پس کارای شخصیش بر میاد من میتقل بارش اوردم فقط نمیتونه راه بره میگه باید همراه پیدا کنی تو خونه برام
شما بگین چیکار کنم
خواهش میکنم دعاتون میکنم",7.31076437475093
401100440,"من علایمو از دست ندادم.
یعنی تهوع واستفراغ رو داشتم فقط از علایم.خیلی زیاد ساعتی یبار بالا می اوردم
ولی ماه اول و دوم پنج کیلو وزن کم کردم
تا جاییکه قرار بود برم بستری شم
که با دارو ضد تهوع یکم بهتر شدم
تا سه چهار شکمم دیده نمیشد اصلن",4.202504980223006
397305724,برای گلو دردت نشاسته درست کن با عسل بخور خیلی خوبه,1.0942455856950815
413717869,"خونه کوچیک بخرید اجاره بدید دوباره پس انداز کنید خونه عوض کنید بزرگتر بخرید
همیشه پله پله قدم بردار
به نظرم به هیچ کسی هم نگید شاید بهتون بگن از اینجا پاشید
بچه هم شما تازه ۱ساله ازدواج کردید ۲سال دیگه بچه دار بشید اگه میخواید زودتر  بچه دار بشید مقدار پس اندازتون کم میشه چون بچه خرج داره
ولی حتما خونه کوچیک بخرید
منم میگفتم باید وضع مالیمون خوب بشه بچه توی رفاه باشه بعد از ۱۴ سال لچه دار شدیم بچم کاملا رفاه داره هر چی فکر کنی بهترین مارک حتی خونه و ماشین بهترینشو
شیرخشک ، پوشک ، ویزیت چکاپ ماهانه دکتر ، مولتی و .. ماهانه ۱۰میلیون میشه اگه خدایی نکرده مریض بشه دارو و بیمارستان و... که خیلی بیشتر از این حرفا پوشک شده ۶۷۰ تومن هفته ای ۲تا باید بخری
لباس و اسباب بازی جداگانه",1.8713104343270626
thread_17960549_starter,سلام خوبین وقت بخیر عزیزان من تاپیک قبلیم تست بیبی چک مو گذاشتم مثبت بود دیروز موعدم بود باز تست زدم مثبت بود آزمایش بتا دادم جوابش بیست هشتم میاد قبل بارداریم هم یه ماما برام آزمایش چکاپ و سونو رحم تخمدان نوشته بود که آزمایش چکاپ همه چی اوکی بود فقط تییروید داشتم سونو هم وقتش بیست و هفتمه میخوام یه متخصص زنان زایمان خوب برم پیش دکتر نسرین اشعریین نوبت گرفتم تازه قم اومدم کسیو نمی شناسم کسی تجربه داشته پیش ایشون ؟؟؟ هزینه ویزیتش چقدر ؟؟؟؟؟ بعد اینکه برای تییرویید کم کارم راه چاره هست 😑 بچه طوریش نشه خود دکتر قرص میده ؟ ببخشید طولانی شد,3.425440131591025
388940593,من یه تاپیک زدم گفتم کنکوریا دم کنکور اعصاب خودتو با فکر اینکه قلانی سهمبه داره اینا خورد نکنین ۱۵ تا بازدید خورو کلا می نی یار ترکوند منم تعلیق کرد ی هفته حالا چند روط قبل عاشورا تاسوعا یه شب سایتو نبستن خیلی وضع ناجور شد ده تا تاپیک نی نب یار تگ کردم نبود ک نبود,4.202504980223006
393522769,اتفاقا همینو بهش گفتم که مثل خاله زنکا وسیلهاتو جمع وردی رفتی گفت چرا بهم گفتی خاله زنک بلاکم کرد عوضی,4.202504980223006
320218244,"توام سخت وزن میگرفتی؟یا فقط اشتها نداشتی؟
چون من سخت وزن میگیرم و هرچی سعی میکنم بیشتر بخورم میبینم جواب نمیده ول میکنم بیخیال میشم",3.425440131591025
thread_18033787_starter,"من 26 یه رابطه ی محافظت نشده داشتم و 29 یدونه قرص اورژانسی تنسی با دوز ۱/۵ خوردم
و 3 اسفند یه رابطه ی محافظت نشده ی دیگه داشتم و امروز دوباره دوتا قرص اووسیژ 0/75 باهم خوردم
رابطه هامم هر دوتاشون بدون دخول بوده و با شک اینکه نکنه پیش آب رو و/ا/ژ/ن ریخته باشه و از ترس خوردم
حتی مایع منی هم تو اون ناحیه تخلیه نشده
حالا همش دل نگرانم نکنه پریودیم دیر بشه و یا پریود نشم یا اگه بشم خیلی شدید باشه
کلا میترسم نکنه مریض بشم یا حالم خیلی بد بشه
لطفا اگه تجربه ی مشابه داشتید یا ماما و پزشک هستید راهنماییم کنید چی قراره به سرم بیاد",4.979569828854988
thread_18001047_starter,"دیشب خاستگاری اومدن
من متولد ۸۳ هستم
پسره متولد ۷۱
پسر دوم خونوادست
شغلشم ۵ ساله تو نمایشگاه داییش ماشین میفروشه
ظاهری ن میشه گفت زیبا ن زشت معمولیه خوبه چهرش
زمین مسکونی بنام خودش داره وسطای شهر ک باید خونه بسازه فعلا خونه نداره (گفت بعد عروسی خونرو شرو میکنه بساخت پایینشم نمایشگا مبخواد باز کنه)
ماشین پژو پارس داره
حدود ۱۰۰ گرم طلا برا عروسی داره طلاهای عروسیش اوکیه
۷۰۰،۸۰۰ هم پول دستشه ک گفت میخواد برا پدرش ماشین بگیره
از ۷،۸ نفر قابل اعتماد هم پرسجو کردیم خیلی تعریفشو کردن گفتن پسر خیلی خوب و با اخلاقیه ،اهل نماز اهل کار
بنظر شما چطوره اختلاف سنی مهمه ؟؟؟
اطرافتون اینجور زوج دارین؟ الان زندگیشون چطوره
نمیدونم چیکار کنم والا
میشه خواهرانه راهنماییم کنین 🙏🏻
پ ن(کاربریمو همراه با خواهرم استفاده میکنم یوخت سوال نشه باتوجه ب تاپیک اول )",2.648375282959044
thread_12997161_starter,"سلام به دوستان
من هفته ۱۳ بارداریم و رفتم سونو غربالگری و متاسفانه میزان ان تی ۴.۳ با درصد ۹۹.۹ درصد برا جنینم زد و کلا ناامیدم کردو گفت که باید آمینو انجام بدی . خیلی بالاست. نمیدونم چی باید کنم .
چندتا از دوستایی که شرایط من رو دارن سوال داشتم:
اینکه آیا کسی غربالگری سونو مجدد جای دیگه انجام داده ۱حتشو بدونه؟
اینکه آیا کسی بوده با این میزان ان تی در آمینو سالم باشه؟
اینکه آیا میشه بدون دستور پزشک سونو غربالگری داد؟",5.756634677486968
413985879,"دوباره تایپ میکنم
عزیزم منم توی دوران نوجوونیم خیلی مشکل داشتم
از وسواسای ذهنی و بحث با بزرگترا تا دغدغه های درسی
وقتی یه تایم طولانی بگذره آدم معمولا خاطرات خوبو بیشتر یادش میاد تا بد
مطمئن باش این دوران سخت برات میگذره و روزای قشنگی هنوز مونده که تجربشون کنی
@niniyar
تایید بشه لطفا",2.648375282959044
287342049,"زن و شوهر باید با هم دوست باشن.‌کمک هم باشن
ازدواج برا راحت تر شدن زندگیه نه برا زجر کشیدن
ماجرای آدمایی مث شما واقعا ناراحت کننده اس
منو شوهرم مث رفیق می مونیم باهم. گاهی دعوا و بحث داریم که البته خیلی حرصمو درمیاره، ولی در کل کمک هم هستیم. بنظر من خانما باید ذره ذره شوهراشونو اونطور که میخوان تربیت کنن",1.8713104343270626
350003809,من کم کم دچار افسردگی شدم، وقتی یه خودم اومدم دیدم همه ی وقتم برای بچه هاست و اصلا هیچگونه تفریح و کاری که خودمو خوشحال کنه ندارم، از همه ی دوستام دور شدم جایی نمیرم والانم شدن سه تا وبا سه تا بچه ی کوجیک ادم ترجیح میده تو خونه ی خودش بشینه,5.756634677486968
359826195,"من نمیدونم واقعا در چ حد 😭😭😭اصن نمیتونم کنار بیام اصن نمیتونم اروم بشم الان فقط دارم میمیرم اگ یقین بشه برام چی
هرکار میکنم باز نمیتونم جلو‌خودم‌بگیرم‌ ک نگردم پیگیری نکنم
هی میخوام‌خودم‌دلخوش کنم کثلا بادوستاش زیاد میره بیرون‌ولی اصلا نشده جایی ک‌میره مشکوک‌بشم زنگ‌بزنم جواب نده
محبتش کم‌نشده",6.53369952611895
thread_15084278_starter,"🥗آشپزی باعث تشویق خلاقیت و ارتقاء اعتماد به نفس می شود
روشی برای رفع عادت بد غذایی کودک و همینطور یک مهارت ضروری زندگی .👧🧑
🌿در آشپزی
🔻صبر 🔻تمرکز 🔻ریاضی
🔻ترتیب گذاری را یاد می گیرید.
در این کانال با بیش ۱۰۰۰ رسپی از غذای ایرانی 👩‍🍳، سوپ و آش 🥣، کیک و شیرینی🍰 ، دسر و غذای کودک🍨👩‍🦲 ، و غذاهای بین المللی🍱 آموزش ببینین و تمرین کنید🙏
لینک کانال 👇👇
🍎https://eitaa.com/joinchat/184222253C46b0db0173🍎",1.0942455856950815
328671398,"دولتی های معمولی اینقدر نمیدن ولی بعصی سازمانها چرا. مثلا به برادر من گفته بودن بیا دارایی. گفته بود حقوقت تو حکم کمه ولی پرداختی های دیگه بهت میدیم. البته الان حقدقش خیلی بهتره.
نعمولا شرکتهای خصوصی بهتر از دولتیه
البته شاید ایشون کنار کارش پروژه میگیره. منم خودم دانشگاه درس میدم گاهی کارهای دیگه هم انجام میدم",1.0942455856950815
thread_12739318_starter,"سلام خانوما من اوایل هفته پنج بارداری هستم، امروز در حد دو قطره لکه بینی داشتم، (اصلا خونریزی و لک نداشتم تا امروز)...عصر رفتم دکتر معاینه واژینال و معاینه شکمی کرد، ساک بارداری مشخص شد ولی چیزی داخلش دیده نشد...د‌کتر گقت فعلا کوچیکه برای سونو زوده....
ازمایش بتا هم دادم مجدد نسبت به ۴ روز قبل ۷ برابر شده بود
دکتر بهم شیاف پروژسترون داد استفاده کنم
بنظرتون لکه بینی خطرناکه؟؟
چرا هیچی تو شاک حاملگی مشخص نبود😔😔
خیلی استرس دارم
لطفا هرکسی تجربه داره بهم بگه",5.756634677486968
267365382,سالم باشی عزیزم.. حواست باشه چون به بچه شیر میدی. باید روحیت خوب باشه.. شیر ناراحتی و بیحالی و یا ترس و غصه برا بچه خوب نیست.. ان شاالله خدا همه کارها رو درست کنه..,1.0942455856950815
366988563,"نمیدونم
اخه من پریود شدم ی هفته بعدش تستم مثبت شد بتا هم 123 بود
میگم شاید بخاطر احتمال خارج رحمی باشه",2.648375282959044
326108608,نه بیبی چک ده روز بعد از تشکیل نطفه نشون میده سونو رفتم هفته پیش گفت 4 هفته ای تا الانم 4 روز گذشته,1.0942455856950815
276962686,"یه بار که کتک خوردی و آثارش مشخصه یا شاهد داری از در و همسایه
خلاصه میتونی ثابت کنی ، زنگ بزن اورژانس اجتماعی بیان شاید کاری تونستن برات بکنن ، بترسوننشون تعهد بگیرن ...",1.0942455856950815
311579346,"سلام عزیزم خوبی؟
شما که لیزر میرفتیم و باردار شدین
تو دوران بارداری موهاتون برگشت؟؟
منم خیلی لیزر رفتم الانم تو شارژم و تو اقدامم و متاسفانه بسیارررر پرمو
استرس دارم واس لیزر رفتنم حیف نشه!شما در چه وضعیتی هستی؟
امیدوارم ببینین",3.425440131591025
273384140,وای مگه بچه قراره با ادم چیکار کنه 😐,1.0942455856950815
374583080,نه عزیزم جنین پسر رشدش خوبه جنین دختر یکهفته تا ده روز اختلاف هفته داره وزنش هم کمتره,1.0942455856950815
413315584,"خداروشکر که تنفسی عالیه
من دو هفته اس که عمل کردم نمیتونم کامل از بینی نفس بکشم
اینقد دهنم باز مونده لب و گلوم خشک خشک میشه؟
شما بعد چندوقت راحت از بینی نفش کشیدید؟",3.425440131591025
297972679,"اسطوره خدوس بخور گل گاو زبون دم کن بخور
یکم به این فکر کن اگر کسی این رفتار و باهات بکنه چقدر ناراحت میشی
و مشاوره هم برو ریشه این اخلاص و پیدا کن و حذفش کن
انشالله که سالم و سلامت باشی عزیزم",1.0942455856950815
413708945,"ببین گلم تو الان میتونی بری از طرف به خاطر اسیب روحی شکایت کنی علاوه بر این تلاش کن تغییری بکنی که اینقدر فوق العاده بشی که انگشت به دهن بمونه کاری کن که باعث بشه از تعجب شاخ در بیاره
میتونی این کار رو بکنی اگه این کار رو کردی حتما جواب مبیگیری",1.0942455856950815
thread_12087647_میناالسلطنه_1402/06/31 15:19,"مرسی از وقتی که گذاشتی عزیزم ، واقعا آروم شدم.
میدونی من قبلش همش در حال فعالیت بودم،  الان همش باید دراز کش باشم . شوهرمم بیشتر سرکاره ، خونه خودمم نیستم. همش حوصلم سرمیره، دو هفته اس اصلا بیرون رو ندیدم. خیلی از کارهامم نکردم. خیلی شاکرم که بچه سالمه و میتونم با استراحت حتی یه هفته ام شده بیشتر تو شکمم نگهش دارم ، اما چون فعالیتم خیلی کم شده از نظر روحی تکرار روزها خستم  کرده",4.202504980223006
thread_14770123_starter,"همه دوستتون دارن ، بهتون توجه میکنن، دست به سیاه و سفید نمیزنن، پیش شوهراشون عزیزتر میشن،
یه نی نی ناز تو شکم 😚🤤
شما چجوری بودین یا هستین خوش میگذره؟",1.0942455856950815
359816527,نوب با توجه با عدد تیروید ‌و پرکار و‌کم‌کار بودنش دارو‌ میدن.یه متخصص غدد یا داخلی هم تونستی برو,1.0942455856950815
332238331,خوب کردی عزیزم حرف منم نابجا بود مشکلات خودت برات کافیه،بنظرم یکاری کن شرایط برا خودت و بچت راحت بشه اگه خانوادت حمایتت میکنن برو پیش اونا ،فک نمیکنم اخلاق شوهرت درست بشه مگه پیر بشه پدر منم اینجوری بود الان درست شده.,1.0942455856950815
thread_15793205_starter,بیاین تاپیک قبلیم نمی‌فهمم چرا,1.0942455856950815
380943887,"گلایه کنم خدااا
چیو‌ میخوای ثابت کنی؟
پدر معتاد به درد نخور
مادر نیست
خواهر معلول
چی از جونم میخوای
چرا منو‌ خلق کردی
مگه من چیکارت کرده بودم
نمیفهمم",7.31076437475093
345836452,"ببین حالا نمیشه گفت که همش مال لانه گزینی هست اما کلا رحم و واژن تو بارداری حجمش پر خون میشه و شما چون تو سیکل ای وی اف داروهای هورمونی مصرفی کردی ببشتر در معرض این عوارض هستی.
مثلا بخوام خودمو برات مثال بزنم من ماه پیش یکم رازیانه خوردم لک قهوه ای دیدم دیگه نخوردم قطع شد . یه هورمون ساده گیاهی بافت رحمم رو تغییر داد
الان شما همه شرایطت نرماله فقط یکم لک کمرنگ داری که شبیه خون مونده هست هزار و یک دلیل داره حتما ممکنه یه زخم یا التهاب  کوچیک باشه . زیر نظر دکتر باش و بهش اعتماد کن. سعی کن حواستو پرت کنی ایشالا که به سلامتی این دوران رو بگذرونی",1.0942455856950815
375020315,آره پوست بدن تنگ باشه لاغرتر باشه همه بدن تیکه تیکه میشه سینه ها ترک حتی بالاتر سینه کنار بغل زانو همه جا همه جا کشیده و ترک میشه,1.0942455856950815
thread_13320928_starter,شش هفتگی رفته بودم جنین بود نبض کمی داشت دکتر برای اینکه مطمعن بشه  گفتش دوباره برو سونو رفتم بچه داخل کیسه اب کوچک شده بود گفتن داره جذب میشه و باید سقط کنی  و نبضم نداره.. مگه همچین چیزی میشه😭😭😭😭خداااااا,6.53369952611895
thread_8880277_خواهرشوهر_نی_نی_یار_1401/05/14 01:30,من بردارم ۱۲ ساله ازدواج کرده یعنی بهت بگم تینقد زنشو دوس داشت زنش گففت خواهر و مادرتو ولکن این قبول کرد خلاصه نمیزاشت با ما رفتا امد کنه اگه مادرم ب بردارم ی زنگ میزد ی دعوایی راه مینداخت برادرم واسه خونه خرید میکنه میگه چرا زیاد خرید میکنی همش ب داداشم میگه تو بچه ی گدا گشنه ایی  اجازه نمیده برادرم مادرمو سوار ماشینش کنه تو این ۱۲ سال ما شتید یکی دوباره شام رفتیم خونش فقط عید ب هید میریم ده دقیقه میشینیم میاییم خلاصه الان جدیدا داداشم هی دوس دختر دوس دختر میکنه بهم میگه دوس دخترم سلام رسوند دوس دخترم اینو میگه من ب شوخی مییگیرم ولی حس میکنم راست میگه نمیدونم چیکار کنم حس بدی دارم درسته زنداداشم بهمون خوبی نکرد خیلی تو خانوادمون دعوا انداخت ولی دلم ی جوریه  بنظرت چیکار کنم ب داداشم چی بگم,4.979569828854988
365642084,"آره تشکیل شده امروز دقیقا 8 هفته و 2 روزمه
ولی گفتن جنین قلب نداره",3.425440131591025
thread_18144275_starter,"نی نی یار لطفا سریع تایید کن
@niniyar
رقص کمک میکنه به لاغری روزی نیم ساعت برقصم؟البته در کنارش رژیم کالری شماری هم دارم
۱۵کیلو اضاف دارم",1.8713104343270626
332095470,"واسه چیز های دیگه ام حاجت میده گلم نیت گن
ودعا کن
مثلا خودم ۲۰ هزار تا ب نیت اینکه خونمون رو عوض کنیم گفتم ک الحمد لله جابجا شدیم
من یقین دارم خداوند صدای ما رو میشنوه
ولی برای بچه ب سرعت جواب میده",1.0942455856950815
thread_13919253_starter,"کیا چنتا سقط داشتن دلیلشم متوقف شدن رشد جنین توی ماههای اول بوده؟
اگه مشکلت اینه بیا راهنماییت کنم چون خودم ۷سال پیش این مشکلو داشتمو دنبال درمان رفتم و نتیجه گرفتم",1.0942455856950815
412950681,"ن شاید ی نفر اصلا شیر نداشته باشه شاید بچه سینه مادرو نگیره
یکی از اشناها بعد شیش ماه سینش عفونت کرد نتونست شیر بده
هزارتا احتمال هست و اطرافیان من به بچه هاشون شیر خشک ایرانی ندادن.چون پزشک گفته اگه استطاعت دارین اون خیلی غنی تره",1.0942455856950815
379570523,نه عفونت ندارم یا کلیه هام درد نمیگیره من فقط درد زیر شکم دارم و گاهی کمرم درد میکنه  برام سونو نوشت ک هفته آینده انجام بدم,2.648375282959044
thread_17365273_starter,سلام خانوما لکه بینی لانه گزینی تا چند روز طبیعیه؟؟!,1.8713104343270626
thread_17572090_starter,"دوستان ی نظر برام میدین؟من دوماه پیش سقط داشتم و بعداز یکبار پریود الان حامله ام/بتا حاملگی قبلی خیلی بد بالا میرفت مثلا 39 بود شد 84 بعد شد 125 بعد 125 بعداز 4 روز شد 275 و ی این کندی و سقط شد مثلا اون 125 بعداز یک هفته تاخیرم بود
الان اینبار ی روز قبل موعد بتا 164/2 بود .تقریبا 47 ساعت بعد یعنی یک روز تاخیر شد 330/1
بنظرتون اوکیه روند رشدش؟",4.202504980223006
thread_16105928_starter,سلام خانوما من یک ماه پیش اقدام داشتم و یک هفته قبل از موعد بی بی چک و بتا مثبت شد عدد بتا ۱۰۰ بود و دکترم گفت دوهفته دیگه بیا یا لقاح دیر بوده ضعیفه یا مشکوکی به خارج رحمی اگر درد داشتی برو بیمارستان دور روز دیگه موعد پریودمه میخاستم ببینم اگه دو روز دیگه بتا و بی بی چک بزنم درسته تا کی باید صبر کنم,4.202504980223006
thread_16894277_starter,سلام ،من باید اول این ماه پریود میشدم اما فقط چن بار لکه دیدم و تمام ،و از اونموقع یکی دوبار سرگیجه بد داشتم ،الانم چن روز تخمدان سمت راستم تیر میکشه میزنه ب پام ،گاهی خوب میشه و بعد دوباره درد میگیره ،واحساس سنگینی میکنم اون سمتم ،بنظرتون ممکنه بارداری خارج رحم باشه ؟ کسی اینجوری بوده و باردار بوده 🥲,3.425440131591025
thread_16097466_starter,"۲۸ هفتمه
تو ۲۶ هفتگی رفتم سونو گفتن وزن جنین خیلی کم ۷۸۶ گ
سه هفته دیگه گفتن  بیا سونو جنین
من بعد عروسیم بلا فاصله
از همون دوران نامزدی عفونت گرفتم البته جدی نگرفتم
موند موقعی که نمی دونستم باردارم پاپ اسپمیر دادم
که فک کنم واسه عفونت چیزی نشون نداد بود
تا اینکه این ماه علائمشو نشون داد سوزش خارش
دکترمم حساس دارو ننوشت
تو نت خوندم زنانی که دوران بارداری عفونت دارن با وزن
کم جنینشو دنیا میاد
از طرفی احتمال کوری هست .
یعنی وزن جنینم بخاطره این کم ؟
شکمم به هفت ماه ها نمی خوره😭
امروز میخوام بل جوش شیرین درمان کنم خودمو",5.756634677486968
258280572,تغذیه واقعا چیز بیخودیه اگه پسر میخوای یا دختر قطعی می رفتی پزشک ژنتیک تا ایکس ها رو از ایقرق ها جدا میکرد وگرنه اخه چیزای گرم یا سرد چه ربطی دارن,1.8713104343270626
298843947,شیاف پرژسترول. بخر بزار. دردت اروم میشه. بچه جاش سفت میشه. خون ریزیم نمیکنی.    دردام که داری. خوندم. موقع پریودت باشه اگه میگن رحم. خبر نداره خودش. بارداره  فقط. طبق عادت. درد پریودی میاد,1.0942455856950815
400899170,"خدا مادرت رو رحمت کنه
مبارک باشه برو طلا فروشی چند مدل دستت کن ببین کدوم به دستت میاد
اینجوری شاید مدلی بگن که اصلا به دستت نیاد",1.0942455856950815
thread_15195485_starter,"من سه ماه پیش سر هشت هفته سقط شد بچم 😭
الان این ماه باز دارو استفاده کردم حس میکنم باردارم چند روز موعدم اما کمررررر درد بیش از حد شدید دل درد   دارم آخه من دیسک کمر هم دارم چ خاکی تو‌سرم کنم برام دعا کنید دارم سکته میکنم",7.31076437475093
403718234,خودمم این سری سلفری دادم.عددمم از دو بالاتر بود بچمم سالمه خداروشکر.سری قبل هم اول ماه هفت با زایمان زودرس بچه قشنگمو از دست دادم.این سری دلم روشن بود و همچنان روشنه .نگران نباااااش,1.8713104343270626
thread_17342656_starter,"سلام یه هفته هس سرکلاژ کردم دو روز درد پریود دارم و تو واژنم احساس نبض دارم طبیعی هست؟
و سوال بعدی ۱۹ هفته سرکلاژ شدم با طول سرویکس ۲۶ الان ۲۰ هفته هستن موقع سرکلاژ دکتر گفت دهانه رحمت باز بود
بنظرتون با این اوضاع چند هفته میرسونم",4.202504980223006
375643715,اجتماعی هستم،با همه بگو بخند میکنم اونا بامن دردودل میکنن من گوش میکنم فقط دوس ندارم من از دردام بگم براشون دوس دارم همیشه با فاصله باشم با آدما,1.8713104343270626
thread_16623266_starter,"حالم خیلی بده
بیشتر برای شوهرم و پسرم ناراحتم
توروخدا برام دعا کنید معجزه بشه و بمونه
بتام ۱۲۵,۸ بود بعد دوروز شد ۵۸,۶
دکتر گف داره سقط میشه😭اینجام همه همینو میگم😭
مگه واسه خدا کاری داره؟چی میشه بمونه😭😭😭",6.53369952611895
365109080,"اینجا هر کی یک نظر میده
من که خودم اطلاعات زیادی درباره ی این دو رشته ندارم
خودت باید بری تحقیقات لازم رو انجام بدی
و با کسایی صحبت کنی که در این قضایا تخصص بیشتری دارن
تا بتونی تصمیم درست برای آینده ات بگیری",1.0942455856950815
thread_15434157_starter,حامله نمیشم چیکار کنم خیلی حالم بده,4.202504980223006
thread_8569951_مامان_بارانا15_1401/02/10 00:25,منم سر زایمان یکی اذیتم کرد ماهه بعد خدا جوابش رو داد.واقعا خدا رو حس کردم اون روز,1.8713104343270626
thread_16671988_starter,من هفته نهم بارداریم .ولی خیلی اضافه وزن پیدا کردم و شکمم خیلی بزرگ شده به خاطر ورم معده و نفخ شبیه هفت ماهه ها شدم .هر لباسی میپوشم افتضاح میشم .چکار کنم  نفخ کمتر بشه و وزنم بیاد پایین .کسی تجربه داره .رعایت میکنم .ولی استعداد چاقی دارم به خاطر شرایط خونه نشین شدم  وزنم رفته بالا,4.202504980223006
thread_17680469_starter,عکس بذارم 🥺 میگن نوزاد رنگ چشمش عوض میشه  شیش ماه تا یک سال,1.0942455856950815
thread_12942965_starter,دوستان من تیروئیدم کم کار بوده که ناخواسته باردار شدم از هفته شیش تازه دارم قرص مصرف میکنم تیروئیدم ۹و خورده ایه دارم میمیرم از استرس.از استرس زیاد دل درد گرفتم همه میگن سه ماهه اول باید تیروئید نرمال باشه وگرنه رو‌هوش بچه تاثیر منفی می‌زاره کسی مثل من بوده؟ من قبل بارداری اصلا دارو مصرف نکردم,7.31076437475093
389874378,نت لعنتی حالمو خررااب کرد😭😭,3.425440131591025
408616722,"اره خداروشکر دخترم خیلی خواهر میخواست
منتها چون خودم فقط دو تا بچه میخواستم دوست داشتم از هر دوجنس داشته باشم
از این ناراحتم که این همه هزینه کردم وقت گذاشتم اخرش بدون نتیجه شد
بازم شکر راضیم به رضای خدا",3.425440131591025
thread_12031111_starter,سلام من دکترم بدون اینکه ازش بپرسم گفت یکباردرهفته نزدیکی داشته باشیدو قرص هات روبخوروازاین توصیه ها.منم به شوهرم گفتم اول قبول کرد.الان همین۳روز که رد میشه از رابطمون میگه رابطه داشته باشیم.منم دوست دارم هر۵،۶روزیکبارباشه.ولی روزپنجم دیگه قهرمیکنه باهام وتا5روز هم قهرمیکنه و نمیادبرای آشتی.بعد غر میزنه که من۱۰روزه رابطه ندارم خب خودش هر۵روز یکبارقهرمیکنه وقهرش رو۵روز طول میده.اینجوری همون۵،۶روز انجام میدیم.آخه غذامیلم نمیبره همش گشنمه وانگار مثل مریض هام دلم نمیخادمثل اوایل ازدواج تندتندرابطه داشته باشیم.دوست دارم همون هفته ای یکبار باشه.حق باکیه؟درضمن توی دعواها فوش میده و وسیله پرت میکنه و من دلم راضی نمیشه خودم پاپیش بذارم برای آشتی.آخه بااینکه میدونه زن حامله روحیه اش حساسه باز فوش میده و بددهنی میکنه و...,6.53369952611895
thread_10602523_starter,میخام گوشی بخرم حداقل ۴ سال دستم باشه و خوب باشه چی بگیرم بنظرشما,1.0942455856950815
412406148,باید با دخترت صحبت کنی، نه راننده سرویس. اگه خدایی نکرده پرت میشد میخواستی چیکار کنی.,1.0942455856950815
373316591,"انشالله که از قلب و چیز دیگه نیست😬 امیدوارم قطع بشه صداش کلافم کردع
یه هفته دیگه نوبت دکتر دارم برم ببینم چی میگه",4.202504980223006
383572257,نه عمرا بتونم باهاش خوب بشم نمیدونی امشب اشک منو جلو خانوادم درآورد😔😔😔,4.979569828854988
401636590,من دو تا آقا رو میشناسم جنسیت رو میگن و درست درمیاد سری بچه اولم گفتن پسر هر دو درست بود سری دوم من دوست داشتم دختر باشه اونا گفتن پسر باز زنگ زدم یه ماه دیگه بازم گفتن پسر آخرشم پسر شد,1.0942455856950815
thread_12690442_starter,"عنوان
27
بازدید
| 0 پست
سلام دوستان.من با همسرم ۲ هفته قبل رابطه داشتیم چن روز پشت هم‌.و جلوگیری هم طببعی بوده‌‌.پریودمم تازه تموم شده بود.الان پنج شش روز بود حالت تهوع داشتم.امروز صبح هم از خواب بیدار شدم یه خونریزی خیلی شدید کردم لخته خون بود‌.بعد سه چهار ساعت هم خونریزی تقریبا قطع شد‌.و خیلی کمتر شد.ممکنه سقط بوده باشه؟",4.202504980223006
413972383,"اللّهُمَّ صَلِّ عَلی مُحَمَّدٍ وَالِ مُحَمَّدٍ وَ عَجِّلْ فَرَجَهُم✨
✨اَللّهُمَّ صَلِّ عَلی مُحَمَّدٍ وَالِ مُحَمَّدٍ وَ عَجِّلْ فَرَجَهُم✨
✨اَللّهُمَّ صَلِّ عَلی مُحَمَّدٍ وَالِ مُحَمَّدٍ وَ عَجِّلْ فَرَجَ
هُم✨
اللّهُمَّ صَلِّ عَلی مُحَمَّدٍ وَالِ مُحَمَّدٍ وَ عَجِّلْ فَرَجَهُم✨
✨اَللّهُمَّ صَلِّ عَلی مُحَمَّدٍ وَالِ مُحَمَّدٍ وَ عَجِّلْ فَرَجَهُم✨
✨اَللّهُمَّ صَلِّ عَلی مُحَمَّدٍ وَالِ مُحَمَّدٍ وَ عَجِّلْ فَرَجَهُم✨",1.0942455856950815
402274003,"انقد سرطان زیاد شده کلا وحشت دارم
ماه قبلم اینطور شده بودم یه هفته طول کشید تا درست شه
ولی واقعا اون موقع فلفل خورده بودم
اما دیروز درصد فلفل خیلی کم بود",4.979569828854988
thread_17789336_starter,سلام من سقط کردم با خونریزی شدید که بیهوش شدم و ونو به بیمارستان رسوندن هموگلوبین خونم هشت بود و سونو گرفتن یه تیکه بقایای سه سانتی مونده و چون حالم خیلی بد بود دکتر گفت کورتاژ نمیکنم هموگلوبین خون پایینه و برام دارو نوشت من الان سرگیجه و تپش قلب دارم و میخاستم بدونم اون بقایای سه سانتی دفع میشه یانه ،الان دل درد و خونریزی هم ندارم خیلی کم درحد پریودی سبک,5.756634677486968
307812556,از شدت ترس و استرس میترسم اتفاقی برا بچم بیافته چرا اخه اینجوری میکنن خانما زندگی داریم اخه ما الان من طلاق بگیرم تنهایی با ی بچه ؟,7.31076437475093
403676979,شاید غدد لنفاویت تحریک شده منم یکی دوبار زیر بغلم باد کرد یه هفته ای خودش دوباره رفت تو اصولا بخاطر عفونت خفیف توی بدنت اینجوری میشه اگر یک هفته بیشتر شد برو دکتر البته چون بارداری میخوای زودتر بری دکتر بگی بهتره,1.0942455856950815
339961250,"بعضیا تا دو ماه بعضی تا چهار با شش ماه اینجوری آن
باید دوره اش بگذره
شیرخوذت میدی چیزای نفاخ نخور",1.0942455856950815
374717461,عه شکر خدا آخه من سر بارداری اولمم فرستادم آزمایش مینور بدم اینقد استرس دادن آخرش گفتن ندارم تا سه ماه اول یدوفولیک خوردم بعدش قرص آهن اما بچم بدنیا اومد اینقدر لاغر که دکتر گفت تیرویید نداری سه روزم بخاطر تنفسش رفت دستگاه هنوزم ضعیفه بچم برا این گفتم اول آزمایش بدم که گفت دکتر مینور هستم اما زنان گفت نه نیستم دارو داد اومدم بالا حالا امروز دکتر رفتم باز گفت زیاده یدوفولیک بخور,4.979569828854988
thread_10075915_starter,"سلام
من تو ۱۱ هفتگی شش روز رفتم پیش سونوگرافی دکتر صدری برای ان تی و از جنسیت هیچی نپرسیدم خودش گفت دختره
گفتم قطعی هست گفت نه دیگه ما ۷۰ تا ۸۰ درصد احتمال میدیم یعنی از هر ۱۰ نفر ۲ تا ۳ نفر معمولا اشتباه میشه
ولی معمولا درست میگیم و همونی که گفتیم میشه
امروز تو ۱۳ هفتگی رفتم سونو دکتر شاکری تا سونو گذاشت با اینکه بچه روی شکم خوابیده بود گفت پسره
چندبار پرسیدم که مطمئنی گفت اره مگه به من شک داری
والا الان موندم",2.648375282959044
412804020,من سه ساله دارم کار میکنم باورت میشه تاحالا همچین چیزی ک شما میگی ندیدم تو همکارام؟ یکی از یکی با مسئولیت تر و کار درست تر و با وجدان تر من مریضو ب چشم عزیز خودم میبینم و براش کار انجام میدم,1.0942455856950815
412983855,"الان ۲۵ سالمه.. آره مجردم.. خداروشکر شغل بهتری دستو پا کردم.. یه پراید دارم که با پول خودم خریدم😅
موقعیت مناسب پیش بیاد ازدواج میکنم فعلن کیس مورد نظرمو نداشتم برای ازدواج",1.0942455856950815
thread_11073524_starter,"توی ماه هفتم بارداریم
شدیدا اعصابم بهم ریخته و پریشونم ولی مدام آهنگ ملایم گوش میکنم و خودمو از همه اونهایی که عصبیم میکنن دور میکنم وقتمو اونجوری که حالمو خوب میکنه میگذرونم
ولی بازم از درون حالم روبراه نیست و سریع عصبی میشم
شاید بیشترشم با پسرم چون خیلی شیطنت داره
حالا این وسط همسرم اینو میدونه و اینم خوب میدونه مامانم هم یکی از همونایی هست که گاهی شدیدا بهمم میریزه…
ولی جدیداً تا وقت گیر میاره هی پشت سر مامانم و دوتا خواهرم از کاراشون میگه که مثلا امروز زنگ زده فلان خواسته رو داشته یا دیروز دیدنی فلان رفتارو داشته زشت بوده و‌ناراحتم کردن هی نق نق میکنه تا اعصابمو بهم بریزه
امشب دیگه اونقدرررر بهم ریخته منو یکساعته نشستم گریه کردن
چیکار کنم بنظرتون؟
طبیعی حالم واقعا چطور کنترلش کنم؟
با همسرم حرف زدم بهش گفتم از دیگران چیزی نگیم مشکلات رو پشت در بزاریم گلگی نکنیم ولی گاهی عجیب میشه",7.31076437475093
316519104,"اصلا اتاق داری بهشون بدی؟ رختخواب و وسیله و ...
چرا با هم میان خووووو
برای کریسمس میان؟ اگه بچه دارن که بیشتر از دو هفته که نمیتونن بمونن. بچه هاشون باید برن مدرسه",2.648375282959044
374244690,"ینی این ماه میخاستم قابلمه جدید بخرم
قابلمه هام خراب شدن ک نشد
ینی هر ماه میگم فلان چیزو بخرم ولی نمیشه
شماها چجوری مدیریت میکنید ?",4.202504980223006
252781771,"میگذره
من میگم این ادما روز قیامت جواب منو بدن ...
من مهر پارسال بی بی چکم مثبت شده بود ولی دفع شد همینجوری
اینبار گفتم برم دکتر بعد برام شیاف نوشت نتونستم مصرف کنم چون تنها بودم گفتم امپول میزنم
بعد من به پشت نمیتونستم دیگه دراز بکشم اینقد که جای امپولا درد میکرد ...
بعد اینجوری پشت سر من حرف زدن
اشکال نداره من ک حلال نمیکنم و اون‌دنیا قاضی ما خداست ...",4.979569828854988
400991624,پسرم منم چشمش قرمز شده یعنی تا آخر عمرش میمونه😢,3.425440131591025
323206077,فداتشم عزیزم اره وزنشون تاالان ک خوبه...عزیییزم مبارکککک باشه 🥰😍😘😍😘چقد خوووشحال شدم برات اصلا نمیخواد نگران باشی هیچی نمیشه ایشالاه ک ب سلامتی نینیتو بغل کنی...عزیزم مرسی مهربونم..چشمم حتمااا..والا همین الانشم انقباض زیاد دارم دل پیچه و ایناهم دارم ببینم زایمان میره برا کی,2.648375282959044
408334212,"یه هفته آیین نامس ۱۲ جلسه شهری هر روز
نگران نباش اکثرا صفر صفرن",1.0942455856950815
thread_13540922_starter,"دوستان بنظرتون بجز روزهای طلایی امکان بارداری هست؟
شوهرم کارش جوریه شهرمون نیست میره ۴_۵روز بعدش میا میبینی این روزها گذشتن بعد میگن تو نازایی 😑",4.202504980223006
409509676,"دوتا بچم کنارم خوابن
دوتا سوره خوندم
وسایل ناهارم آماده سازی کردم
....
اومدم نی تی سایت
البته ساده زیستم
غذاهای قدیمی درست میکنم
با فست فود وسرخ کردنی وخوردن سردیجات مخالفم
چون مغز را سرد میکنه
نوشخوار ذهنی نیاره
استرس میارن
حتما رعایت کن تو بارداری
خون سازها را هم بخور",1.0942455856950815
thread_12564933_starter,"شوهر من دست بزن داره من هفت سال باهاش دارم زندگی میکنم کسی رو ندارم ازم حکایت کنه و تو برداریم ازش کتک می‌خورم و همیشه منو تحقیر مکنه من بچه نمخاستم و اون همه چیز به زور ازم می گیره حتی بچه دار شدن به حرفش گوش نکنم کتکم میزنه و تحقیرم مکنه
الان دیگه احساس میکنم به خودکشی فک می کنم",8.087829223382911
332184383,"ای ننه
ان شاء الله صحیح و سالم به دنیا بیادددددد🥲🫂💙
من نینی خیلییییییی دوس>>>>>>>>>>>>",1.0942455856950815
thread_15589360_starter,"اقا من چیکار کنم ویارم شدید هرچی میخورم حالم بهم میخوره خب
خانواده هم یه سره استرس میدن بچه وزن نمی گیره عین اسکلت برقی شدی
انگار دست منه خبببب
چیکار کنم😰😖",5.756634677486968
404338167,"من بابد۶هفته باشم ولی۴هفته ام
البته اگر باشه ... تازه من تو سونوم فعمبدم میوم یک ونیم سلنتی هم ذارم",1.8713104343270626
thread_18117088_starter,شمع خاموش شد، اما تصویر آخرین شعله هنوز جواب را میگوید.,1.0942455856950815
thread_17596461_starter,"خانوما طبیعی یا سزارین؟
بارداری اولمه
من احساس میکنم واژ.نم خیلی تنگه حتی موقع رابطه درد دارم کمی و همش فکر میکنم چجوری بچه میخواداز اونجا بیاد بیرون خدایی نکرده گیر نکنه😓 الان ۲۰هفته ام فکرم درگیر شده در رابطه با سز هم شهرستان هستم اینجا فقط ی بیمارستان دولتی هست ک افتضاحه و فقط ی دکتر اینجا سز اختیاری با زیر میزی انجام میده .یکی از اقوام چند وقت پیش سز اختیاری کرده بود اینجا حدود ۵۰ یا ۶۰ میلیون تمام شده براش اگر بخام این همه هزینه کنم خب قطعا برم مشهد بهتر نیست؟ کدوم بیمارستان خوبه دیگ هزینش نهایت همین مقدار بشه
برا زایمان طبیعی هم الان هوا سرده زمستونه نمیشه زیاد تو این هوا برم پیاده روی",6.53369952611895
413973132,بخاطر بچتون قرار نیست خودتو نابود کنی اون بچه خیلی راحت میشه با مشاور کودک این قضیه براش حل بشه,1.0942455856950815
413386115,خب به هر حال غریزه ی هر آدمی اینه مولد باشه،با هر سختی ای که داره،من خودم از بارداری و بجه داری به شدت میترسم ولی خب که چی؟بالاخره که باید بچه بیارم,4.202504980223006
382416407,آره عزیزم من همسرم پزشکه میگن علایم کروناست یه هفته تا ده روز فقط باید مایعات زیاد بخوری و استراحت کنی و آب نمک غلیظ قرقره کنی ...,1.0942455856950815
380447413,"واسه منم دعا کنید 🥺 💔 😭 😭
خیلی سر در گمم 😮‍💨",4.979569828854988
397405759,وای دیگه نمیتونم با هر قسمت ی لیتر گریه,1.8713104343270626
thread_16697013_starter,خانوما هفته هشت بارداری هستم از دیروز درد دمبالچه دارم که اروم نمیشه خیلی نگرانم میتونه نشونه بدی باشه خیلی نگرانم فعالیتی هم نداشتم اصن یا دارز کشیدم یا نشستم 😭,4.979569828854988
thread_17218284_starter,"من هفته ۲۴ هستم، ۴ روزه خیلی شدید درد معده پیدا کردم، خودشم دردم میاد و می‌ره ،اون لحظه تقریبا ۱۰ ثانیه طول می‌کشه ک من فقط زمین رو چنگ میزنم، الان حتی وقتی میخندم دردم میاد، این معده درد برای باردارییه؟
آخه بارداری های قبلیم نداشتم، این سومه
رفتم درمانگاه گفتن ویروسه، سرم زدن هییییچ فرقی نکرد ، روز ب روز هم بدتر میشه ، ب پشتم زده، زیر سینه هام
ناگفته نماند یدونه ساندویچ خوردم ، از اون ب بعد اینحوری شدم، اما تا الان باید رد میشد اگ از اون بود. فردا میشه ۵ روز، فقط گریه ام میگیره",6.53369952611895
337922327,حتما برو دکتر گلم با ۱۰ تا لیوان اب حل نمیشه نگران نباش برو دکتر شاید. یه داروی چیزی.  برات بنویسه,1.0942455856950815
thread_16417661_starter,"زیر شکمم درد دارم جوری ک میرم سرویس بم فشار میاد
احساس سنگینی دارم زیر دلم",3.425440131591025
thread_7639710_mikal780890_1400/08/27 13:08,من میخواستم برم پیش قطره سامانی واسه هورمونام زنگ میزنم جواب نمیدن یکی دیگه گفت انگار منیشه گفته از ۱۳اذر اینا مطب باز میشه منم عجله دارم مجبور شدم از پروین حق پرست وقت بگیرم برا دوشنبه حالادودلم,3.425440131591025
thread_16356977_starter,"خانوما من هفته پیش رفتم سونوگرافی بچه خوب بود و هماتوم به حجم ۷سی سی داشتم و الان وارد ۹هفته شدم ترشح قهوه ای تیره دارم این بابت چیه ؟
بد بخاطر اینکه یه شب خونریزی کردم دکتر قرص اسپرین و امپول انوکساپارین برام قطع کرد و امروز تاریخی بود گفت لکه بینی اگه نداشتی شروعشون کن دوباره ولی دارم🥲چیکار کنم بنظرتون برای بچه مشکلی پیش نمیاد",5.756634677486968
thread_11293496_starter,"من ماه ششم هستم.
شکمم درد میکنه گاهی.
بعد دکتر میپرسه انقباض داری؟بااینکه زایمان داشتم یادم نمیاد چجوری بود.
انقد همه جام درد داره دیگه دردارو قاتی کردم.
هم کمردرد دارم هم شکم درد .
وقتی چیزای نفاخ میخورم یه جوری میپیچم به خودم که انگار جونم دارع درمیاد.
دو روزم هست شکمم مثل سنگ میشه گرد و محکم درد نداره اما سفتیش میترسونتم.
خدایا این سه ماهم زود تموم بشه راحت شم.همش تو استرسم",6.53369952611895
384670219,خداتو شکر کن که محبت میکنه من فک کردم مثل شوهر مامانم ظلم میکنه,1.0942455856950815
347873229,با انتقام چیزی در این دنیا درست نمیشه.....تنها با گذشت و گذشتن همه چیز درست میشه....,1.0942455856950815
412150072,"زندگیشونو نابود میکنن درسته ولی واس زنی ک دوسش دارن همش ترس و دلهره دارن.فک میکنن هستییی همیشه
اما وقتی بفهمه این تو بمیری دیگ از اون تو بمیریا نیس😉بدجور میترسه",1.8713104343270626
383571284,"خب بیشتر اذیتش میکنی اون فک میکنه سرد شدی میلی بهش نداری
برو پیشش بزار اصلا بهت محبت کنه بالاخره اونم درک میکنه رابطه الان نمیشه داشت
تازه اگههههه درخواست کردم اونوقت تو میتونی باهاش دعوا کنی اون موقع تو دیگه حرفی برا گفتن داری و حق باهاته",1.0942455856950815
349548098,عزیزم براساس تجربه میگم . اصلا و ابدا امکان بارداری نیست خیالت راحت باشه اگر باکره هستی که به هیچ عنوان باردار نیستی اگر هم باکره نیستی بازم امکانش نیست بدون دخول و اینکه آب داخل واژن بره باردار بشی. به خاطر استرس اینجوری شدی منم این بلا سرم اومد شب و روز خواب نداشتم انقدر استرس داشتم الکی الکی زعفرون خوردم ولی بعد ۱ ماه که پریودم عقب افتاده بود پریود شدم,5.756634677486968
thread_17446016_starter,"ی پسر دو ساله دارم
سر بارداری اولم دستش تنگ بود بخاطر ساخت خونمون و زیاد بهم نرسید ینی هیچ چیز مقوی و خوبی نخوردم و بدنم کلا تحلیل رفت.و یبار بهش زنگ زدم گفتم دلم چیفلکس و شیر میخواد(ازین بیسکویتایی که میریزن تو شیر) برگشت گفت توام دیگه شورشو در آوردی،درحالی که چیزی اگرم ویار میکردم سعی میکردم نگم و به خودم فشار میوردم تا یادم بره دلم فلان خوراکی رو میخواد،بعد اون حرفش گفتم نخر بخری لب نمیزنم اینو که گفتم کلی عصبی شد و داد و بیداد کرد.
بگذریم
سر دومی هم الان چهار ماهمه دیگه خونه ساختیم و اومدیم توش و دستش اونقدری تنگ نیست که نتونه یه خوراکی بخزه برام.
الان گفتم میای خونه برام بستنی و چیپس بخر خیلی دلم میخواد یه هوف کرد و گفت باشه.خرید اورد من اتاق رو تخت بودم گفتم بیار برام گفت میزارم رو کابینت خودت بیا بردار و رفت بیرون.ینی زحمت نداد که اونارو بده بمن و منو یا این حالم بلند کرد.
بعد از دوستام میشنوم که چقدر شوهراشون هواشونو داشتن تو بارداری هم از نظر خورد و خوراک هم کمک تو کار منزل.خاله همسرم تعریف میکرد سر باردارییش هوس هندونه کرده بود و فصلش نبود شوهرش کل شهرو زیرو رو کرد و هندونه پیدا کرد براش
خیلی دلم میگیره اینارو میشنوم ولی با من هیچ وقت همچین رفتارایی نشد.
شوهرم در کل مرد بد خلقی نیست ولی نمیدونم چرا سر بارداریم اصلا درکم نمیکنه.جالب اینجاست که اون اصرار کرد بچه دوم بیاریم و اصلا من نمیخواستم ولی رفناراش خیلی دلمو میشکونه.شوهرای شما چطور بودن سر بارداریتون؟",5.756634677486968
413929889,"برای اسهال لوپرامید عالیه فوری بند میارع
برا دلدرد ناشی از اسهال هیوسین
و رفع حالت تهوع متوکلروپرامید
اگه ادامه دار شد دکتر برین
هرچند خودم ی ماهه درگیرم هتوز دکتر نرفتم",1.8713104343270626
thread_17280421_starter,با وجود بی بی منفی در شب پانزدهم انتقال ایا بازهم امیدی هست.,3.425440131591025
390686927,گوشیمو نمی‌برم تو دستشویی🤢🤢🤢,1.0942455856950815
thread_11641483_starter,"من وقتی خونم مهمون میاد از هیچیش بدم نمیاد جزاینکه بیان از توالت فرنگی من استفاده کنن ،الان داداشم اومده ازش استفاده کرده من جونم دراومد تا انقد شستمش با وایتکس و فرچه ولی بازم یه حس بیمارگونه بهم میگه کثیفه
بابا ازتوالت معمولی استفاده کن تو که تو خونت معمولیه توالتت 😭😭😭
کلا هرکی بیاد همینن هرکی بره دستشویی حسکنم از فرنگی استفاده کرده خودمو هلاک میکنم حتی یه قطره ابم نباید هیچ جاش باشه
من الان وسواسم یا بد دل؟
چیکار کنم اگه وسواسع من از ادمای وسواسی و بیمارگونه بدم میاد خودم دوجارش شدم انگار 😢",6.53369952611895
thread_18062434_starter,"راستش نمیدونم چیکار کنم
به فکر اینم برممشاوره
شرایط خودم خیلی سخته پدر مادرم نوزادی جدا شدن با خانواده پدری بزرگ شدم بابام معتاد بیکار خواهر دوقلوم معلول مامانبزرگم که درگیر سرطان شد من با اصرار اطرافیان نامزدمو قبول کردم بیاد خواستگاری
حالا بعد چند ماه اشنایی دقیقا بعد بله برون مامانبزرگم فوت شد
عقدو نگه داشتم واسه بعد عید
شرایطم سخته خونه عمم زندگی میکنم اینجا شوهر عمم هم راضی نیست
خلاصه مشخصه دیگه من علاقه ای نداشتم از اول بهش
فقط شرایط خانوادگیش خوب بود
تک فرزند
علوم آزمایشگاهی خونده
دوتا خونش اجارست (کوچیکن) مغازش اجارست زمین داره
همه رو باباش داده درآمدش از همین اجاره هاست و تو داروخونه تکنسین هستش
پدرش سرهنگ خانواده به شدت نامداری هستند عموش فرماندار داییش شهردار
خودش یه خونه هم تو استان داره (اون شهری که دانشجو بود)
مشکلم شغلشه درست حسابی نیست اعصابمو خورد کرده بخدا زیاد خواه نیستم ولی شغلش موقته درست حقوق نمیگیره یه ماه میدن چند ماه نمیدن هی میگن نیرو نمیخوایم درت میاریم
خونه برامون خریده نشده زمین باید بذاره فروش میگه بعد عید بمون گرون بشه
باید چند تیکه دیگه طلا بگیره هی میگه این ماه اون ماه
نمیدونم انقدر این روزا فکر کردم به آینده ازش سرد شدم
من خودم معلمم همزمان ارشد میخونم ایسانس دوم میخونم هرروز شاگرد دارم
این یدونه میره داروخونه میاد خستست همش دعوا دارم بره دنبال یه کار درست دیگه خسته شدم",7.31076437475093
thread_7251471_پديده2020240_1400/06/23 14:26,"همین به زحمت نمیندازه مانع پیشرفتتونه
دو نفری کار کنید
قناعت لازم رو بکنید
پس انداز کنید
طلا بخر جمع کن و بعدها بفروش
اگر توان قسط داشته باشید وام خونه اولی بگیرید از بانک مسکن",1.0942455856950815
thread_8354667_kajal63_1401/01/02 13:39,[QUOTE=231039374]منم دچار حملات پانیک میشم البته قبل از باردار شدن اوکی شد و مشکلی نداشتم ولی چن وقت پیش دوباره شروع ...[/QUOTEعزیزم تو سه ماه اول بارداری تهوع رو با چی کنترل میکردی چون تهوع خودش استارت زننده پانیکه؟,2.648375282959044
274321937,مسخره.فردا شب هم تولدمه😑💔,1.8713104343270626
thread_16509795_starter,سلام‌۱۴‌هفته‌بارداری ام. ولی‌همچنان‌ویاردارم‌واقعاَخسته شدم,3.425440131591025
thread_12937930_starter,"تو تاپیک قبلی گفتم که رشدش کم بود و ..
نیم ساعت پیش خونریزیم شروع شد الان بینهایت دزد دارم جوری که به گریه افتادم
کسی تجربه داره بگه الان چیکار کنم 😔😔",7.31076437475093
362463733,"از داخل میسوزه؟ یه دردی شبیه سوزش داخلی و برق گرفتگیه؟
هر دو سینه یا یکیشه واسه شما؟
من سمت چپیه
میگم اگر از بارداری باشه باید دوتاش این علامتو داشته باشه نه آخه یکیش😢",3.425440131591025
thread_13083921_babre_maghroor_1402/12/01 23:58,منم یک ماهه نمیدونم چرا جفت سینه هام سمت زیر بغل خیلی درد داره توی دوتاشم یچیزی مثل گردوی سفت هست که دست میزنم بهش خیلی درد داره,4.202504980223006
413757936,"چ اصراری داری حالا
اگ خواستگار داری و نمیتونی صبر کن خب جدا شو ازش و شوهر کن
من و همسرم بعد از ۵ سال دوستی عروسی کردیم",1.0942455856950815
352780792,یه هفته صبر کن زیره سیاه هم دم کن بخور ،  پیاده روی و بالا و پایین کن خودش میافته,1.0942455856950815
thread_14509584_starter,"از بس حرصی شد
تازه گفتم من اصلا مرد لات و هیکلی میپسندم
شما فرهیخته و زیادی چهارچوب دار هستید",3.425440131591025
thread_17735641_starter,سلام این تاپیک رو زدم اگه کسی دنبالش بود به راحتی پیدا کنه امروز دکتر که برام نسخه نوشت همون موقع گقت گیر نمیاد زنگ زد به دوست خودش تو داروخانه اونم گفت فقط آزاد میدن اونم ۲میلیون و ۲۵۰ هزار کلی منت گذاشت که برات میتونم ۲۴ ساعت بذارم کنار منم رفتم یه داروخانه داشت زد تو سیستم  گفت با بیمه تامین اجتماعی ۱۲۰۰ تا ۱۳۰۰ باید خودت بدی بقیشو بیمه میده پول همراهم نبود آمدم خونه همون موقع گفتم بزار اسنپ داروخانه رو امتحان کنم ثبت کنم چون کد رهگیری داشتم که حداقل داروخانه های اطرافم که دارن رو پیدا کنم ثبت کردم در کمال تعجب این دارو رو خریدم ۲۰۰ تومن تازه کلا با بیمه تامین اجتماعی تو سایت تامین من دیدم ۱۳۰ هزار تومن سهم من بوده اسنپ نزدیک ۶۰ تومن برای حق فنی و این چیرا گرفته کلا ۳۵ هم ارسال دادم یک ساعته رسید چک کردم اصل بود مشکلی نداشت هنوز خودم باورم نمیشه خواستم تاپیک بزنم اگه کسی دنبالش بود سرش کلاه نره باور نکنید میگن بدون بیمه نمیدن و این حرفا انگار شیاد زیاده,1.8713104343270626
thread_14489390_starter,دیروز مامانم اینا بعد ۴ ماه اومدن خونه ما بعدش دخترم گریه کرد مامانم داداشمو گذاش موند اونام خونه ما بودنی اخمش به راه بود رفتن دادشم موند همش بچه شوهرم میبینه میترسه میشینه پیش اون هر چی از دهنش در میاد به من میگه  این عادت رو نداره خمش اخم میکنه مرتیکه دخترمو دعوا میکنه داداشم میگه آله بمیرم همش دعوات میکنه دستش تو سفره نمیره بچه ۱۰ ساله از ساعت ۸و نیم رفته فوتبال نیومده هی,5.756634677486968
272963433,"۸ سالش تب داشته برده دکتر
دکتر واسش امپول زده درجا تشنج کرد و ایست قلبی 😞",3.425440131591025
thread_16590181_starter,"سلام وقتتون بخیر
من ماه قبل ۲۳ خرداد ماهیانه شده بودم این ماه تاخیر داشتم ...۲۵ تیر شب تست دادم منفی شد ولی ۲۶ تیر صبح ناشتا تست دادم دوتا خط افتاد یکی پررنگ یکی کمرنگ
ولی همون ۲۶ تیر شب پریود شدم اولش کم بود بعد حدود یک روز شدید شدم بعد باز کم شدم
الان نمی‌دونم چرا ۲تا خط افتاده بود ؟بنظرتون ممکنه باردار بوده باشم",3.425440131591025
thread_16274388_starter,"سلام خانما
من ماهه پیش با۱۰روزتاخیرپریودشدم بخاطرتنبلی تخمدان وکیست خیلی وقتاچندروزاینوراونورمیشداهمیت ندادم اقدامم نداشتیم به بارداری شک نکردم تااینکه دیدم پریودم مثل قبل نیست همیشه باخونریزی زیادپریودمیشدم اینباردوروزاول ردخون تونوارداشتم روزدوم دردشدیدی زیردلم گرفت وبه پشتم میزدجوریکه نفسم بالانمیومددوساعت دردخیلی شدیدداشتم  وبعدخونریزی زیادشدشب دوم تنگی نفس شدیدگرفتم وبعداز۶روزخونریزیم ظهرتموم شدولی دوباره شبش ردخون رولباس زیرم دیدم ۱۱روزخونریزی داشتم رفتم متخصص زنان ازمایش بارداری وسونوی واژینال نوشت جواب ازمایش مثبت بودولی عددبتاکم بود۱۷۰سونوی واژینالم نه خارج ازرحم نه داخل هیچ ساکی دیده نشددوباره ۴۸ساعت بعدرفتم آزمایش عددبتاشده بود۲۹۶
من همچنان خونریزی دارم الان حدود۱۶روزه ودکترچندروزپیش بهم گفت اگه عددبتازیادشده باشه باید۱۰روزبعددوباره بری سونوواژینال، تانوبت سونوم یک هفته مونده بایددیروز آزمایشم روتکرارمیکردم امادیدم وقتی سونونرفتم بی فایده ست گفتم سونووازمایش روباهم بدم وببرم دکترنشون بدم،حالاسوالم اینه میشه عددبتابالاباشه ولی بارداری درکارنباشه یاخارج رحمی باشه وتوسونوواژینال دیده نشه خیلی میترسم خارج رحمی باشه ودیرمتوجه بشم یااینکه همون موقع که دردشدیدگرفتم سقط شده باشه؟! تعدادهموگلوبین وگلبول قرمزوسفیدخونم پایین اومده بودولی دکترهیچ سرم ودارویی ننوشت وهمچنان خونریزی دارم صبحاخوابالودگی شدیددارمپ۰ تاعصرواینکه همسرم اصلابچه نمیخوادچون دوتاداریم خودمم شرایط جسمیم طوری نیست بتونم دوباره بچه دارشم لطفااگرتجربه ای داریدراهنماییم کنید
خیلی استرس دارم",7.31076437475093
thread_6421102_هستی1993_1400/02/16 04:35,ما حتی یکبار هم از برادرمون نپرسیدیم که چی خریدین چقد خریدین یا کی خرید،خودشون دو نفر انسان بالغن  و درموردش تصمیم گرفتن و خدا شاهده حتی یکبار همچین حرفی نه به عروسمون زدیم و نه حتی پرسیدیم چون اصلاً به ما ربطی نداره.انقد که من زن داداشمو باهاش راحتم و دوسش دارم با خواهرم نیستم ولی با این وجود حتی یکبار نه من و نه خانوادم اجازه به خودمون نمیدیم که وارد حریم زندگیشون بشیم.,1.0942455856950815
thread_14282120_starter,"سلام من دوروزه سقط کردم . داخل بیمارستان که خودش خود ب خود اومد . دکتر گفت چیزی که من میبینم ی چیز کاملی هست که ازت دفع شده ... ولی بازم سونو کرد گفت ی تیکه کوچیک مونده که خودش دفع میشه . کلی دارو ب سرمم تزریق کرد و گفت گرمی بخور .
وقتی اومدم خونه دیگه خونریزی چندانی ندارم.  در حد چند قطره ... طبیعیه ؟ ینی دفع میشه؟",4.979569828854988
thread_12811887_starter,سلام من دوقلو باردار شدم با کمک آمپول الان آن تی یکی از بچهام ۳.۲بوده کسی هست تجربشو داشته باشه,3.425440131591025
thread_6215718_قورمه؛سبزی_1400/01/17 12:55,"من خومه کسی کار نمیکنم و کسی هم نمیزارم خونم کار کنه
تنها وظیفم اینه که بشقابمو بردارم بزارم اشپزخونه
اگه از نظرتون هتل رفتم پس میگم اونجا هتله
من خونه خودمم ظرف نمیشورم چه برست به مادر شوهر 😂",1.0942455856950815
thread_17827738_starter,"چقدر آدم میتونه بی درک و بیشعور باشه
تا کی میخواید هم جنس خودتونو سرزنش کنید یه نگاه به زندگی و شوهرش نندازین
برداشته تایپک زده زیست ناقص و عدم سلامت بودن بهتر از زندگی نکردنه آدم نباید سقط کنه حق زندگی داره
اینا حتی یه روز نداری رو نکشیدن
شرط میبندم نمیدونن
نمیدونن وقتی پدر و مادرت پول تو دست ندارن و تو باید الکی بگی فلان کار نمیکنم فلان جا نمیرم نیاز ندارم
وقتی چشمات ضعیف بشه بجای اینکه نگران چشمت باشی نگران پول عینک باشی
سر سفره کم غذا برداشتن پدر و مادرو ندیدی اینکه توهم باقی مونده از غذات بزاری تا بقیه بخورن
اینکه تولد دوستات نری که پول کادو نداری
اینکه بقیه سالم و سلامت زندگی و بازی میکنن ولی تو مشکل داری و همش استرس داری حالا میگی زیست ناقص بهتر از زندگی نکردنه؟ با چه عقلی اینو میگی میدونی سلامتی چه نعمتیه که بعضی ها ازشون دریغ شده
فقط همینو بلدین فتوا بدید اجازه سقط هرکی دست خودشه لابد صلاح اون جنین در این بوده تا زندگی بدتری رو تجربه کنه کلا تعطیله مغزتون بفکر گناه سقط اید بفکر گناه اون ظلمی که در حق بچه میکنند نیستید
خیلیا شوهر معتاد دست بزن دار متجاوز دارن تو فقط داری سقط کردن زنه رو میبینی تازه میگن خدا چرا نمیزنه به کمرش
بسه این همه سرزنش تا کی میخواید هم جنس خودتونو سرزنش کنید",4.979569828854988
thread_16749635_starter,سلام بچه ها من هفته ۱۴بارداری هستم امروز سر یه چیز بیخود با مادرم بحثم شد خیلی عصبانی شدم و ضربان قلبم رفت بالا، حالا نگرانم بچه چیزیش نشده باشه😢,4.979569828854988
thread_13649585_starter,"من الان هفت ماهمه این بهم ریختگی هورمون کی میخواد تمام بشه کارم شده گریه و زاری بی دلیل
😭💔
کیا اینجورین راه حلی نیست؟؟",4.979569828854988
thread_14647294_starter,سلام بچه ها مادرشوهرم زنگ زده که بیام پیشت چندباری گفتم نه تنها راحت ترم اوایل بارداریمه و اینکه میاد اینجا فقط میشینه و دستور میده توباید مثل حمال براش کار کنی میاد میره سریخچال ببینه چی خریدیم چی نخریدیم یا تواتاق خوابا چیزی اضافه نشده باشه توخونه وسیله اضافه نشده باشه همیشه هم میگه باهات بیام دکتر برای فضولی میپیچونمش من واقعا حساسم به بو غذا و خوده غذا حالمم افتضاح بده چندبارم زبونی گفتم نیا و اومده دست به سیاه و سفیدم نمیزنه فقط میشینه براش کار کنی اگر شرایطم مساعد بود باز حرفی نبود ولی الانا واقعا ازبس بالا میارم جونی برام نمیمونه الانم میترسم بیاد چون زنگ زده بیام پیشت بهش گفتم نه ولی اونه دیگه بدترمیکنه لج منو دراره اگه اومد چکار کنم واقعا باحرفا و کاراش ناراحتم میکنه توکارام دخالت میکنه تویخچال سرک میکشه ببینه پسرش چی خریده چی نخریده اگه بیاد چی کار کنم,6.53369952611895
393035117,ای جانم من خودم سالهاست تواین مسیرم ودرکت میکنم عزیزم ...الهی که قدمش پرازخیر و برکت باشه . بارداری راحت و بدون دردسری هم داشته باشی و به موقع و سلامت به دنیا بیان😍 خدا بهت پاداش همه صبوری ها و عذاب هات را داده,1.0942455856950815
thread_15133349_starter,پدر بزرگم ۵روز تو کماس قبل هم نیاز به مراقبت های ویژه داشت که مامان خود من ۴روز از هفته رو میرفت برای نگهداریش ،الان ۵روز کار مادرم گریس یا دمق نشسته یجا دیگه عصابم نمیکشه حس میکنم محکم نیست باید محکم باشه،،خود من کلی مشکل دارم،سر ماه  پسرم آیله گرفت بخاطر بارداری مجبور شدم ازش جدا بشم مدرسه هم نرفت از درس عقب افتاد،اون هفته ام مدرسه آنلاین شد خودم بستری بودم نشد انلاین بشه اینم وضعیت این هفنه  همش آنلایت ۵حرف عقبه اعصابم خورده ،خودم معلوم نیست با این  وضعیت آبله مرغان بچم چی بشه شرایط چی بشه حالم خوب نیست از وقتی از بیمارستان اومدم تنهام انتظار دارم مامانم محکم باشه یکم وقتی میبینم یا در حال گریس یا دمق نشسته یجا اعصابم خورد میشه بیشتر دلم میگیره بنظرتون من پر توقعم,7.31076437475093
thread_14336386_starter,سلام مامان ۹هفته هستم کیست لوتئال سمت چپ دارم ازدبروز لکه بینی افتادم قلب بچه ام تشکیل شده این لکه بینی میتونه واسه همین‌کیست باشه,3.425440131591025
thread_16163229_starter,"کمک لازم دارم
شوهرم حس میکنم هیچ ارزشی برام قائل نیست
کارمند شرکتیه از این مدلا که حقوقشون کمه و زیاد نیس و در سال یکی دو ماه حقوق ندارن
بیرون میریم در حد خودمون تفریح داریم قسط هم ماهی حدود ۷ تومن داریم
اما مادرشوهرم ماهی ۵ تومن به شوهرم میده
ولی باز همسرم همیشه بی پوله
و هیچ وقت به من پول نداده و هیچ ماهیانه ای ندارم
البته هزینه دکتر و اگر خرجی داشته باشم یا چیزی بخوام میخره اما شعورش نمیرسه در ماه بهم پولی بده
واقعا این موضوع خیلی ازارم میده
شغلشم جوریه که میتونه در کنارش اسنپ یا چیز دیگه کار کنه اما دریغ میکنه
و زندگیمون بیشتر رو مادرش و خانواده من میچرخه
مادر شوهرم بیشتر غذایی و میوه ای و اینجور چیزا رسیدگی میکنه(هروزم بریم خونش چیزی نمیگه و حداقل در هفته سه الی چهار هفته مهمونشیم یا غذا میفرسته)و پدر منم در حد سبزیجات و برنج و خونه و وسایل
البته ما اول زندگی یه خونه گرون و خوب شهر خوب خریدیم و همونم خیلی بهمون فشار اورد
الانم همسرم اصلا به خودش زحمت نمیده بفکر کار دوم باشه یا درامدشو بیشتر کنه و منو در مضیقه قرار میده
واقعا دلم شکسته و گاهی حسرت زندگی بقیه رو میخورم و نگران اینده بچم نیستم چون صدقه سر پدر و مادرم و مادرشوهرم مشکلی نداره اما خودم این وسط دارم میسوزم و میسازم
و حسرت همه چی رو دلم مونده و صدام در نمیاد
امشب برا اولین بار به همسرم گفتم تو برا من ارزش قائل نیستی",6.53369952611895
354184282,برا منم همچین اتفاقی افتاد برو تاپیکم بخون یه سری گفتن امکان نداره و این حرفا...زنگ زدم پشتیبانی قبول نکردن گفتن خودتون برداشتید اخرش شوهرم زنگ زد داد و بیداد کرد و شماره راننده که برا تحویل به ما زنگ زده بود داشتم به اونم پیام داد تهدید کرد که شکایت میکنه .نهایتا دو روز بعد ۱۵۰۰ ملیونمون ریختن .دیجی خیلی هر دمبیل شده قبلا خوب بود من دیگه خرید نمیکنم,3.425440131591025
382584969,"اینا خصوصیات ی بچه سالم ۵ساله هست مخصوصا پسر بچه
خب الکی رو بچه عنگ‌ میچسبونی.
چرا خانواده شوهرت خوشحال نیستین از حاملگی. یا خانوادت پشتت نیستن. شاید اشکال از خودته",1.0942455856950815
thread_16611548_starter,الان پنج شیش روز از پریود نشدنم میگذره رفتم تست دادم مثبت بود الان شوهرم میگه ن از لحاظ مالی ن از لحاظ شرایط روحی فکری پذیرش بچه داشتن رو ندارم منم همینطورم میگه زعفرون بخور رفع بشه نمیدونم چیکار کنم از خدا هم میترسم قهرش بگیره بنظرتون چیکار کنم,6.53369952611895
thread_9499929_starter,"از وقتی ازدواج کردم خانواده همسرم برام هیچ کاری نکردن حتی احترام هم نمیذارن من همیشه ناراحت میشدم ولی شوهرم همیشه طرف خانوادش رو میگیره و من اولویتش نبودم حتی به خاطر خانوادش حاضر بود منو ناراحت کنه الان هم که حامله هستم و در طول حاملگی عمل سنگ کلیه انجام دادم اما باز هم من رو تنها میذاره و میره و فقط برای خوردن و استراحت میاد خونه…
قلبم رو خیلی شکسته ولی نمی‌دونم چرا ازش انتظار دارم حداقل دلم میخواست الان که در سخت ترین شرایط زندگیم هستم همسرم کمی منو درک کنه
بنظرتون چیکار کنم که اذیت نشم،خیلی باهاش حرف زدم ولی درست نمیشه حرف زدن اصلا فایده نداره
یه بار درد و دل میکردم و از ترسم از زایمان باهاش حرف می زدم برگشت بهم گفت مگه تو اولین زنی هستی که بچه به دنیا میاره
یا وقتی درد دارم فک میکنه بهونه میکنم
بعضی کارهاش رو هم از من مخفی میکنه",7.31076437475093
thread_15361633_starter,"کسی با این قرص سقط داشته؟
حتما باید ساک حاملگی تشکیل بشه بعد مصرف بشه؟
چجوری مصرف میشه؟
میشه تنها تو خونه انجام بدم؟",3.425440131591025
thread_17656049_starter,"سلام کسی بوده ک ضربان قلب جنینش بیشتر از ۱۵۰ بوده باشه و جنسیتش پسر باشه؟؟
اخه میگن اگر پسر باشه قلبش زیر ۱۴۰ و اگر بیشتر از ۱۴۰ باشه دختره",1.0942455856950815
295933469,اره درد های آخر ممتد نیست چند ثانیه درد شدید چند ثانیه تنفس اینم حکمت خداست . اونا هم میگن کی زور بزنی که نفس عمیق بگیری .,1.0942455856950815
342259337,"د کتر های خوب و مطمئن برو جاهای خیلی معتبر
ا گر همه گفتن مشکل داره سقط کن
نا زاحت نباش خدا کنه هیچ چیز نباشه همین استرس واسه جنین بده
و لی اگر دکتر گفت حتما سقط سقط کن خدا نکرده ۱ عمر ۱ بچه مریض زجر نکشه
خد ا رحم کنه به همه حا مله ها سا لم‌با شن",1.0942455856950815
403239014,"دوسش دارم ولی عاشقش نیستم
زیاد حوصله حرف زدنو ندارم
خداشاهده تا حالا سر جمع فک کنم ۳ بار اومده بدون گل
همیشه واسم یه شاخه میاره یبار گلگی کرد که ذوق نمیکنی واسه گل اواردنم
در این حد بی احساس و بی ذوقم
همین الانم شیفته زنگ زد گفتم من برم بخوابم قطع کردم",1.8713104343270626
thread_14240547_starter,بچه ها شوهرم خییییلی نفهمه یه سره با بچم درگیر تکون میخوره دعواش میکنه..حالا دیشب داشتیم از مهمونی برمیگشتیم بچم تو ماشین خوابش برد درضمن ۵ سالشه ودختر ه بعد رسیدیم این گفت بیدارش کن نمیتونم بغلش کنم چون پله داریم منم بیدارش کردم بچم گریه میکرد میگفت خوابم میاد بغلم کنید اینم تو اون وضع دست بچه رو گرفته به زور میگه بیا پرتت کنم بیرون شبونه! منم نذاشتم خودم بغل کردم آوردم بالا نمیدونم بچم ترسیده بود یا چی حالش خیلی بد بود میگفت مامان نمیتونم نفس بکشم گلوم درد میکنه بغض گلوشون گرفته بود یه ساعتی حالش بد بود من کلی آیت الکرسی خوندم و ماساژ دادم تا آروم شد.....نفهمیم داشت بچه رو میکشت,7.31076437475093
413173949,وای خداکنه اخه زیر دلم درد میکرد کمرم خیلی درد میکنه دیگه تو شک افتادم گفتم تست بدم,3.425440131591025
thread_8411183_aroseshonam_1401/01/13 21:14,واااای شروع شد من شیر میدم ب بچم روزه نمیگیرم ولی برا شوهرم باید درست کنم,2.648375282959044
thread_18045684_starter,"بچه ها تو رو خدا جواب بدین
کسی بوده عدد سلفری اش به مرز نزدیک باشه؟
مرز 2/80 هست
عدد من 2/70
جواب low risk هست",4.202504980223006
403376602,تونستی هرر وز از حالت خبر بده شاید برای بقیه مفید باشیم .رفتی سونو حتما خبر بده من پنج شنبه میرم یه سونو بشم میشم هفته شش ببینم قلب تشکیل شده چون یکسری ازمایش نوشت گفت اینو باید بعد از تشکیل قلب جنین بری انجام بدی,1.8713104343270626
thread_10130873_سلما1372_1401/10/26 08:51,"منم تو شرایط شما هستم. میخواستم دومی و برم دولتی اما اطرافیانم میگفتن ریسک نکن تا چندوقت قبل که خواهرشوهرم گفت اگه زمان تولد برای خودت یا بچه نیاز به تجهیزات و رسیدگی باشه میخوای چیکار کنی تو دولتی به هیچی اعتبار نیست. و واقعا هم درست گفت چون داشتیم تو شهرمون.
دیگه تصمیمم قطعی شد که برم خصوصی",4.202504980223006
thread_7839876_starter,تهوع بارداری امونمو بریده، دمیترون، امپول ب 6،سیرابی،قلوه همرو ب زور خوردم بازم تهوع دارم چی بلدید بگید تازه دوماهمه، روزی یک لیوان چای با زنجبیل تازه ایرادنداره؟ میگن زیادش خوب نیست,5.756634677486968
thread_15552012_starter,سلام خانما من باید ساک حاملگیو دفع کنم چن روز گرمی خوردم از دیشب یهو ی درد خیلی شدید گرفتم رفتم سرویس ی لخته خون  دفع یکم بزرگ دفع کردم و بعد اون دردم اروم شد یعنی همون بود؟؟,5.756634677486968
375167887,برو بهزیستی مشکلت رو بگو. واقعا مادرت چطور تونست دو تا دختر رو اونم یکی معلول به حال خود رها کنه خودش بره دنبال خوش گذرونیش. لعنت به هر چی قاچاقچی مواده,2.648375282959044
380905300,"نه درد لگن که فرق میکنه گلم درد لگن مثل زمان پریودی کل محیط چهار بست رو درگیر میکنه چهار بست منظورم درد انتهای کمر ، قسمت زیر شکم و خود لگنت
دنبال راهی هم نباش که بهتر بشه با وزن جنین که زیاد میشه و کیسه آب دردش هم بیشتره مگر اینکه استراحت کنی",1.0942455856950815
thread_12804932_starter,سلام. من امروز ده هفته و یک روزمه رفتم سونو گفتن جنین تو هشت هفته و دو روز ایست قلبی کرده. گفتن برو خونه اگه تا شنبه سقط نشد بیا بیمارستان. کسی تجربه داره؟ من از دردش خیلی وحشت دارم . دارم دق میکنم.,7.31076437475093
thread_18016126_starter,الان یه ساله که از عروسیمون میگذره اما نمیدونم چرا حس میکنم یه جورایی انگار علاقم بهش کمتر شده. انگار حرف مشترک باهاش ندارم بزنم. همش حرفی هم باشه روزمرگیه. دلم میخواست همیشه حرفای عمیقتر بتونم باهاش بزنم. خیلی هم اهل ابراز علاقه نیست. دلم میخواست یه آدم عاشق پیشه تر باشه. مثلا بهش میگم بریم پیاده روی حال نداره. کمتر میاد باهام. خیلی توقعم از ازدواج بیشتر بود. خیلی خورده تو ذوقم. شما چطوری هستین؟ آیا ازدواج واقعا همینه؟,4.202504980223006
407275081,حالا ما هم که نمیگیم بقول همسرم که اینطوری نمیخوان مسئولیتی پای خودشون باشه تا روز زایمان یه جمله امیدوار کننده نمیزنند همش توهول وهراس نگه میدارن آدمو 😣,4.979569828854988
347458272,بنظرم ، بستگی به رقبا و رشته . ظرفیت شهرت داره . معدلت پایین هست ولی دلیل نمیشه قبول نشی ( حداقل رو داری) . در کل به نظرم اگر مصاحبت خوب باشه 60 درصد قبولی,1.0942455856950815
349283853,ببین حق داری ناراحت بشی ولی وقتی ی نفر اینقدر باهات غریبه اس شما هم سعی کن درگیرش نشی ....,1.0942455856950815
390856879,خیلی سخته خیلی😭😭😭,4.202504980223006
thread_10168513_starter,ممنون میشم تجربیاتتون رو بگین که همه استفاده ببریم واسه سفید شدن پوست جنین یا باهوش و زرنگ شدنش ، واسه محکم شدن استخوانهاش ، پر مو شدن جنین چی استفاده کنیم  ممنون از همگی 😊❤,1.0942455856950815
407162803,من هیچ علائمی ندارم از همین ميترسم فقط گاهی درد پریودی که اونم میره ...دیشب یکم حالت تهوع داشتم نمیدونم تلقینه یا واقعی! سینه درد هم اصلا ندارم 😥,3.425440131591025
279401520,چه پروو شدن مردم😑,1.8713104343270626
410878077,"سهم هر کدومتون از سود چطوره
هر کدوم چه قدر برای مثلا خرید یا اجاره مغازه پول دادین و...",1.0942455856950815
400875746,ببین عزیزم چون اگه خدایی نکرده بچه ناهنجاری و مشکل داشته باشه فقط تا هفته ی ۱۸ اجازه سقط میده پزشک قانونی. وگرنه ازون هفته بگذره مثلا هفته ی ۲۰ باشی بری و خدایی نکرده مشکل داشته باشه جنین اجازه سقط نمیدن و تو میمونی و یه بچه مشکل دار.,1.0942455856950815
374143105,خبر داره چون وقتی صدای قلبشو شنیدم رفتم خونه گریه کردم گفتم توبه خدایا منو ببخش که میخواستم سقطش کنم بهشم گفتم دیگه با دنیا عوضش نمیکنم ناشکری نمیکنم دوسش دارم,2.648375282959044
341487265,مام رو پای خودمون ایستادیم که اوضاعم ن اینه و این همه سختی و استرس تحمل میکنیم.,5.756634677486968
413893112,ببین تخم مرغ بوی فوق العاده بدی میگیره خود ماهی اگه تازه نباشه بوی زهم میده تخم مرغ میزنن انسجام بگیر جاش سیب زمینی دوتا متوسط بردار رنده کن ابشو بگیر با اب پیاز بریز توش راستی سیر توش رنده کنی بهتر از اینکه پودر سیر استفاده کنی چون بوش میپیچه تو خونه اگه جنوبی میخوای شنبیله بریز توش فلفل دلمه ای سبزم دلخواهه ترجیح تو خورد کن حسابی بزار خوردشه اگه اب داشت ابشو بگیر که وا نره تو ماهیتابه,1.0942455856950815
318458841,عزیزم من بی اشتها شدم یهو با حالت تهوع ترشحاتم کم بود پریود هم تاخیر افتاد ولی شک نکردم گفتم لابد عقب افتاده کمر درد هم داشتم با علائم پریودی بی بی چک رو حدودا ۲۰روز بعد تاخیری زدم مثبت شد چند روز بعد هم آزمایش دادم,1.8713104343270626
thread_17522883_starter,"سلام شش هفته  خورده ای ام
رفتم سونو  قلبش 124 در دیقه 3 میلی متره
از حالت های خودم بگم
اول صبح حالت تهوع دارم اگه زود صبحانه نخورم حالم بد میشه ولی صبحونه ای که خودم دلم میخواد بخورم رو دلمو میگیره ولی زود گشنم میشه
یه قرص ضد تهوع هم میندازم
چیزای شیرین میخورم حالم خوب میشه
شکلات خور نیستم ولی تو جیبم پر شکلات یکم ضعف میکنم شکلات میخورم
خیلی ضعف میکنم
انگار معدم به چاه وصله هرچی میخورم احساس کرسنگی دارم کنارش ولی دلم نمیخواد چیزی بخورم
عاشق غذاهای ساده ام
نون پنیر لیقوان با چای شیرین پای ثابت صبحونمه
تخم مرغ اپز سیب زمینی ابپز دوست دارم
غذاهای ابکی دوست دارم مثله عدسی آش دوغ آش رشته
من قبلا به این غذاها نگاه نمیکردم
من عاشق ذرت مکزیکی بودم
همسرم خرید به زور داشتم میخوردم
اسم گوشت کباب پیاز سیر میاد حالم بد میشه
هر ماه لیزر میرم   بعد تموم شدن عادتم رفتم لیزر این ماه انقدر بدنم  موهاش ضخیم شده بود که فک کردم  اوپراتورم بده
قبلا  نازگتر درمیومد  این بار ضخیم تر دراومده انگار با ژیلت زدی😐
بین میوه ها هوس البالو میکنم کلا از قبل دوسش دارم
موزم بدم نمیاد
از شرینی خوشم نمی اومد قبلا خیلی خلی کم میخورم الانم همونم شاید پانزده درصد علاقمند تر شدم",2.648375282959044
thread_16975290_starter,"امروز،شوهرم تو راه با یکی سر رانندگی دعواش شد طرف زد دستشو شکست دست شوهرمو منم حاملم اورد منو گڋاشت خونه خودش رفت عکس بگیره از دستش منم اودم ساندویچ خوردم الان  گفتم برو بمیر  دارم تنهایی برمیگردم خونه پیاده
چقد بعد ازدواج ادم تنهاس حس میکنم هیچ جا ندارم برم
دارما ولی نمیدونم چرا دوس ندارم برم چه حس مزخرفیه",6.53369952611895
351632037,لطف کردین ابجیجون که باهام به اشتراک گذاشتی،حق با شماست باید استرس رو کنار بگذارم هفته ۲۸ بارداری هستم ولی به دلیل اینکه شرایط خاصی دارم این استرس میاد سراغم,4.979569828854988
thread_17738682_starter,من تخمدان پلی کیستیم دارم. آخرین پرودم ۱۹ آذر ۱۴۰۴ بود. ۲۲ دی ماه ۱۴۰۴ لکه بینی قهوه ای خفیف داشتم. تا ۲۴ دی ادامه داشت اما ۲۴ دی تموم شد. رفتم آزمایش بتام ۱۳/۹ بود. دوباره ۲۸ دی رفتم آزمایش بتام ۶۷ بود.امروز ینی  ۲۹ دی ماه دوباره دچاره لکه بینی قهوه ای و گاهی قرمز شدم. رفتم دکتر شیاف پروژسترون نوشت. گفت دیواره رحم ضخیمه اما برا دیده شدن بچه خیلی زوده. چرا خونریزی کردم؟ هیچ توضیحی نداد.,3.425440131591025
413983169,"بعد از ۶ ساعت خوابیدم
خودش گفت تا ۶ ساعت سرت و پایین نندازید منم ننداختم اتفاقا خونه خواهرمم بودیم 😢
الان میشه کاری کرد زودتر اثرش بره؟؟؟",2.648375282959044
thread_16434027_starter,"مامان
تو‌که نمیای به دیدنم داری جامو با بچه هات پر میکنی
تو چند تا بچه داری ولی من یدونه مامان دارم که تاحالا ندیدمش
اگه بمیرم میای سر خاکم؟
اون‌ موقع میای به دیدنم؟
همون‌ موقع که اومدی جوری صدام بزنی بفهمم مامانم اومده آخه من که تاحالا ندیدمت نمیشناسمت
میدونم حالت خوبه زندگی خودتو داری نظم خودتو داری
ولی اون موقع دیگه دردسر نیستم که برات بیای سر بزنی بری باشه؟
نمیدونم شایدم منو بادت نمیاد ۲۴ سالم داره میشه و احتمالا یادت نیاد
ولی حداقل اعلامیه ترحیممو که دیدی یادم میوفتی
فامیلای مشترک زیادن بهت خبر میدن
من منتظرت میمونما..
مامان دخترت دیگه نمیتونه
نمیتونم ببینم خواهر معلولمو بذارن بهزیستی
نمیتونم ببینم مامانجون داره میره
ما دیگه کسیو نداریم
میخوام برم بغل خدا
دیگه مامانجونو جواب کردن حتی بمیرمم نمیتونه بیاد سر مزارم
تو بیای منو بی مادر نذاری
نمیدونم از خدا چی بخوام
چجوری بخوام",7.31076437475093
356407833,"اون بنده خدا هم  عجله ای درست کرد که نپخته شده بود میخواست زود بیاد بعد موز هم اورده بود
موز سیب زمینی 😁 اون دختر خیلی به دلم نشسته بود حیف شد عشق اولش برگشت اونم رفت دنبال عشق اولش",1.0942455856950815
308584320,"بهتر از روانپزشکه که!
با همون فاصله زمانی که باید به روانپزشکت مراجعه کنی میتونی به اون هم مراجعه کنی.
بعد روانپزشک درمانت نمیکنه متأسفانه، ولی روانشناس چرا...",1.0942455856950815
328882623,سلام عزیزم میشه بگی دکتر چه دارویی بهت داد که بقایا دفع کردی؟ منم دوماهه بقایا دارم با پریودی دفع نمیشه. دارو هم فقط دوفاستون برام مینویسه😢,3.425440131591025
413686743,"من خیلی همه چی رو ارزون ترین گرفتم
لباسم حدود ۲۲ اینا آرایشگاه با رنگ مو ۲۰
آتلیه سر عکس های خام و چاپ اذیتمون کرد فکر کنم حدودا ۳۰ تومن شد چون هی به بهانه های مختلف پول میگرفت",2.648375282959044
thread_18141394_starter,سلام دخترا خرم آباد لرستان زندگی میکنم امسال ۱۸سالم میشه بینیم گوشتیه خیلی رفته تو مخم عملش کنم از یطرف خالم و دختر خالم خرم آباد.عمل کردن بینی ها شون کامل برگشت هیچ تغییری نکردن خواهش میکنم دکتر خوب معرفی کنید که بینیم برنگرده استان های اطراف میتونم برم کرمانشاه تهران اصفهان نزدیک باشه,3.425440131591025
393050114,"دقیقا مثل منی
غصه همه رو میخورم به داد همه رسیدم برای همه بودم، چقدر از خود گذشتگی کردم... تازه آخر سر هم شدم آدم بده ک رو اعصاب همه راه میره‌ و همه ازم به بدی یاد میکنند 🤣",4.202504980223006
thread_15366720_starter,"سلام من هفته ۷ام بارداری ام کاملا بی اشتها و بی حالم  اصلا میل به غذا ندارم از همه ی غذاها حالم بهم میخوره
راه کارتون چیه خیلی کلافه ام نمیدونم چیکار کنم ؟
تجربه دومم هس بچه اولم پسر بود اصلا ابنجور نبودم خیلی راحت بودم اما این بار خیلی حالم بده
بنظرتون جنسیت هم میتونه تاثیر گذار باشه؟",4.202504980223006
thread_18138955_starter,"😭😭دیگه خسته شدم امروز رفتم دکتر یهو پرستاره تا رفتم منو دیدبلند جلو همه گفت یکی از لاغری نمیدونه چیکار کنه یکیم اینقدر گنده و چاقه نمیدونیم چطور نگاش کنیم
اومدم دیدم دور پهلو هام ۶ سانت اضافه شده تو یک ماه میترسم دیگه رسیده باشم ۹۰ کیلو  خستم دوباره شروع کنم😔😔",5.756634677486968
393066621,"هیچ مردی مثلش نیست
بچه ننه و وابسته شدید به مادرش
البته مامانش هم خیلی روش سلطه داره
روز و شب و وقت و بی وقت زنگ و کنترل از راه دور
همین امشب بخاطر مادرش دعوای شدید کرد باهام.
منم سپردم به خدا فقط",5.756634677486968
thread_14772948_starter,"زنگ زدم به دکتر آسمان که دوسال دیگه نمیتونم ببرمش تهران پیشش
آسمان(خواهر دوقلوی معلولمه)
براش گفتم از حال و روزمون گفتم چقدر آسمان داغون شده همه میخوان بذارنش بهزیستی
بهم گفت الان من بیشتر از آسمان نگران خودتم حس میکنم آسمان بره نمیتونی تحمل کنی
آسمان میمونه آسایشگاه ولی تو دووم نمیاری
انگار حرفایی که درون خودم قایمشون‌کرده بودمو بهم گفت
از وقتی شنیدم حالم خیلی بد شده گریم بند نمیاد
میدونم بعد آسمان دیگه نمیتونم سرپا بشم
کسی رو هم ندارم راهی رو هم ندارم‌
بهم میگه بیارش مرخصی نمیتونم بگیرم مدیرم اذیتیه
تنهایی زورمم به آسمان نمیرسه همیشه عمم باهام میومد الان دیگه شوهرش نمیذاره دست تنها با اتوبوس چجوری برم از شهرستان تهران زورم نمیرسه منم همسن آسمانم دیگه نمیتونم تکونش بدم سوار اتوبوس منم اسنپ مطب
اوووف ذهنم پره",8.087829223382911
314634379,"برقیات رو با پارچه بپیچ بزار جعبه لازم نیست حتما جعبه خودش باشه پارچه اگه نداری از لباس هایی که قدیمی شده میتونی استفاده کنی .
روی تک تک جعبه ها بنویس چیه ولی اگه از کارگرهات مطمین نیست لازم نیست مثلا  بنویسی چرخ گوشت بنویس چ خ ،
یا امیوه گیری یا هرچی دیگه مخففش رو بنویس
اخه بعضی کارگرها متاسفانه روی جعبه رو میخونن با ارزشش باشه یه جوری میپیچونن ،
ولی من حتی ریزتزین وسیله هامم کارتون کردم روشون نوشتم خورده ریز ، نوشتم سفره و عیره اینطوری برا باز کردنشون راحت بودم",1.0942455856950815
410829783,"چه ربطی داره
هرکی بد صحبت کرد باید فحاشی کنیم
میتونیم از ادبیات بهتری استفاده کنیم تا طرف شرمنده بشه
شما که معلم هستی باید بهتر بدونی
میتونی بهشون بگی عزیزم ما درامد بالایی که فکر میکنید نداریم دیگه خودتون اوضاع میدونید چجوریه و چقد گرونیه
نه این بهشون کودن بگی",1.0942455856950815
274674125,"همه اینا بستگی به خودت داره
یه نفر میتونه کنترل کنه و در روز یک ساعت گوشی دستش بگیره یه نفر تا یه صدا از گوشیش درمیاد سرگرم اون میشه دیگه
کتابخونه هم یبار امتحان کن اگر تونستی درس بخونی برو خب یا با یک دوستی که خرخونه بریز رو هم برید باهم بخونید اینجور رفقا اینجا به درد میخورن باعث میشه تو هم راه بیوفتی
جا نزدن این وسط هم خیلی مهمه",1.0942455856950815
thread_14274029_starter,"رابطه بدون دخول و حتی اب به واژنت نریخته باشه
امکانش هست اب روی کمر ریخته شده بالای کمر ممکنه ؟؟",1.8713104343270626
397069057,"چقد بد دهنی کردی
اینهمه توهین کردی
مودب و مهربون صحبت تا حرفت بهتر شنیده بشه
بنده خدا کلی قسم خورده میدم. نگفته که نمیدم. گفته الان ندارم هر موقع داشتم میدم. ولی تو فقط توهین کردی.
رفتنت خونه بابات اشتباه بوده. الان خودت برگردی هم اشتباهه. حالا که رفتی بشین تا بیاد دنبالت. ولی اگر اومد ادا در نیار برو باهاش",1.0942455856950815
thread_17612899_starter,سوم زمان پریودیم بود که شدم دیدم پریودیم رنگ قهوه ای و آبکی هستش بعدش دیدم صورتی و یکم قرمزه و یکم لخته خیلی کوچکی اومد بعدش امروز دیدم کلا قهوه ای و آبکی میاد الان ۵ روزه میاد بعد بیبی چک زدم امروز دیدم مثبته یعنی بارداری خارج رحمی دارم یک هفتش پاها و کمر و پلو هام خیلی درد میکنه الان من ۳ هفته بود اقدام به بارداری کرده بودم که بیبی زدم مثبت شد,3.425440131591025
thread_17822848_starter,"اینجا هست هفته و ۴ روزه و الان هفته ۱۱ هستم حدستون چیه واسه جنسیت
اشتهام زیاد شده مثل فیل ، همه چی میخورم ، معدم میسوزه ، حس تهوع دارم اما بالا نیاوردم تا الان ، زبانم تلخ مثل زهر مار و شور میشه بعضی موقع ها",1.8713104343270626
thread_17321819_starter,مامانم توی استراحت مطلق بارداری و بعد زایمانم خیلی کمکم کرده میخوایم برای تشکر ازش بهش کادو بدیم ولی ایده ای نداریم,1.0942455856950815
398042327,"اره ببین من از اولش درد داشتم حتی میخوابیدم بیمارستان مسکن میکیرم ولی برا من بخاطر کسیت و فیبرومامم هست که زیاد دارم بزرگ شدن
ولی درد طبیعییه لمه بینی و خون ریزی اوایلش خیلی خطر ناک نی دلیلش هماتومه ک اکثرا دارن و زیر نظر باشی دارو بگیری چیزی نمیشه و اینکه استراحت کن
راه زیادی در پیش داری هر ماهش ی چیز جدید میاد برا هر کدومش نمیخواد اینجوری نکران ش
چیزی نمیشه مراقب باش فقط",1.8713104343270626
411860604,"به هیچ وجه یادم نمیاد چند بود
این مدل درد ها طبیعیه توی بارداری هر دردی توی بارداری اگر با استراحت کردن خوب میشه یعنی هیچی نیست و طبیعیه
این استرسی که تو داری باعث میشه بدنت اکسی توسین ترشح کنه این همون هورمونی هست که موقع زایمان ترشح میشه و باعث میشه زایمان کنی هر هیجان اضافه ای این هورمون رو ترشح میکنه
دیگه تصمیم با خودته میخوای به این استرس ادامه بدی یا ندی
من که میگم بی خیال شو و همه چیز رو بسپر به خدا
صلوات خاصه حضرت زهرا رو زیاد بفرست برای حفظ جنین هست
انار زیاد بخور
نشاسته توی آب حل کن بخور اینا کمک میکنن به بقای بارداری",1.0942455856950815
369896253,"خیلی خیلی ممنونم از اینکه جواب دادین، میشه خصوصی بهتون پیام بدم من تمام بدنم پر از استرسه و در مورد سرکلاژ  و مدل استراحت مطلق
سوال دارم ، اگه براتون مقدوره درخواست دوستیم رو قبول کنید، خدا انشالله بچه هاتون‌ رو براتون نگه داره",6.53369952611895
thread_16508652_starter,"رابطه فاب داشتم عاشق هم بودیم
اون حتی منو بیشتر دوست داشت
سر یه موضوع کوچیکی کات کردم تمومش کردم
بعد دو ماه و نیم خودم بک زدم امروز …
دلم واسه صداش لک زده بود💔
کار داشت گفت بهت زنگ میزنم ولی نزد💔💔💔",2.648375282959044
393234221,"اقا من زندگیم مث توعه دقیقا اما خدا خیرت بده خیلی خندیدم انگار حرفای شوهرم ک نمیزنه را شوهرت مبزنه نمبدونی چن روز چن روز میره سفر با رفیقاش فقط ب جرم اینکه من بچه دارم و یکم بیش فعاله همش میگهذکاریع سفرم اما دروغه
اونجا خیلی خندیدم که شوهرت گفته این بچه سومی سند ازادیمه😆😆😆😆 خدا ازشون نگذره ولی خیلی خنده دار هم تعریف کردی",3.425440131591025
328060012,"ماه های آخر تو تایم طولانی
وگرنه شما برای زایمان میری به پشت میخابی بهت ان اس تی و وصل میکن من ۱۸ساعت در اون حالت بودم تا تکون میخوردم می‌گفتن دستگاه قطع میشه نکن",1.8713104343270626
335595192,بهم نگفت هماتوم دارم هفته پیش سونو دادم 😢,2.648375282959044
thread_17892325_starter,"الان رفت
راحت شدیم",1.0942455856950815
411511566,"اره ولی تازگیا مشکل ن عوظ پیدا کرده یا خیلی زود انزال شده
شرمندع انقد واضح توضیح دادم",1.8713104343270626
409196165,"من دو روز بعد 19 بود یک هفته بعد شد 200 گفتن خارج رحمیه
الان 13 سال گذشته وخارج رحمیم کلاس ششم
اتفاقا بارداری راحتی داشتم دکترم میگفت به خاطر اینه که هورمون هات پایینه ویار و اینها نداری",1.0942455856950815
292475344,منم داشتم.الانم هنوز دارم😓شربت نشاسته روی آب سرد درست کن فعلا بخور هم برا قلب جنین خوبه هم برا لکه بینی,1.8713104343270626
thread_13172362_starter,"اولين باري كه لكه قهوه اي تيره داشتم دعوا كرده بوديم
الانم ديروز شماره دختر ديدم تو كوشيش دست خودم نبود خيلي عصبي شدم كريه كردم اولش لكه بيني شروع شد الان مثل  خون قرمز تيره حت موقع ادرار ازم خون مياد لكه لكه سقط كردم حس ميكنم",6.53369952611895
372027636,"من سه اذر آمپول پروژسترون زدم. ده اذر درد لگنم شروع شد. سه بار سونوکردم. تو اخرین سونوم گفتن لخته داری
هزارتا دکتر رفتم
یکی از معروفترینها بهم سایتوتک داد
بقیه گفتن هیستروسکوپی
ولی از عفونت چیزی نگفتن",4.979569828854988
thread_6044069_درانتظاربارداری_1399/12/17 23:39,وای منم داغونم. استرس تنها شدن رو دارم. از تنهایی بشدددت میترسم. هرروز از اینکه حالم بد بشه میترسم. چندوقته خونمون نرفتم خونه مادرمم.. قبلا عاشق تنهایی بودم شوهرم صبح تا شب نبودش اصلا برام مهم نبود الان 1 ثانیه تنها بشم تپش قلبم میره بالا چشمام سیاهی میره. همش هم توهم اینو دارم که الان بیهوش میشم 😔😔😔😔,6.53369952611895
385334614,"مبارکتون باشه
واقعا آشپزی با ظرف و ظروف نو کیف میده
تشکر در زندگی مشترک باید دو جانبه باشه
مثلا ایشون برای خونه خرید کردند شما هم تشکر کنی نه اینکه بگی وظیفه بوده!!
اگر شما تشکر می کنی و ایشون نه خب حق دارید گله مند باشید
ولی اگر معتقدید که ایشون وظیفه دارند و نیازی به تشکر نیست دیگه کم لطفی شما هست
در نهایت هم آقایون در زمینه ظرف و ظروف عموما درکشون مثل خانم ها نیست و اغلب فکر می کنند هزینه اضافی هست و همون قبلی ها مگه چه ایرادی داشتند؟!!!!",1.0942455856950815
327325093,"بدتر که دکتر زحمت نکشید بیاد سونو کنه. دخترم را پنج هفته و شش روزش بود صدا قلبشو دکتر شنید. البته دکترش استاد دانشگاه بود و خیلی ماهر. حیف رفت خارج.
اینم انتظار داشتم همینطور زود باشه یهو خیلی ترسیدم",3.425440131591025
thread_16189089_starter,من ۱۱ هفته و ۲ روزمه.چند وقته عطسه کنم یا بخندم.سمت راست شکمم درد میگیره.انگار که یکی نیشگون بگیره.اونجوری.سریع هم آزاد میشه.آیا مشکلی هست؟میخوام ۱۲ هفته که تموم شد برم ان تی.نمیخوام به این زودی برم,1.8713104343270626
362535255,"عزیزم سه قلو بارداری ریسک نکن.حتما برو از پشت گوشی که نمیشه فهمید شما چته.الان برو اورژانس بیمارستان قسمت مامایی.دستگاه وصل میکنن ۲۰ دقیقه به شکمت ببینن انقباض داری یا نه
من اصلا درد نداشتم ولی انقباضای زایمانی داشتم بستری شدم و بچرو نذاشتن بیاد تا وقتش",1.0942455856950815
411859738,اسی ی چیزی بگم ک خیالت راحت بشه منم عین تو بدم میومد کسی دست ب بالا تنم بزنه شوهرمم دست میزد دلم میخواست بزنم تو دهنش الان برعکس شدم همش میگم بخارون ماساژ بده اینا,1.0942455856950815
342713435,"بچه دیگه کامل شده و نمیشه سقط کرد
باید زودتر اقدام میکردی
این دیگه عملا میشه قتل چون زنده بدنیا میاد 😐",1.0942455856950815
thread_17388940_starter,سلام دوستان باردارم‌ هفته شش هستم سه روز پیش رفتم سونو گفتن ساک بارداری دیده نمیشه دیروز لخته خون دیدم رفتم اورژانس سونو واژینال همونو باز گفت ازمایش خونم دادم بتام ۷۷۱بود امروز کلا خونریزی داشتم رقیق و قرمز روشن خیلی استرس دارم میشه راهنمایی کنین,6.53369952611895
thread_16215830_starter,من کارتم پیشم نبود استعلام بگیرم,1.0942455856950815
thread_15605316_starter,سلام میخواستم از تجربه آمینیوسنتز سال گذشته خودم به دلیل بالا بودن ریسک سندرم داون برای نوزادم برای کسانی که ممکنه این اتفاق براشون پیش بیاد بگم، از اینکه چقدر ترسیدم و استرس کشیدم، ترس از داشتن فرزندی بیمار یک طرف ترس از آمینیوسنتز و عوارض و خطرات اون برای جنین طرف دیگه، میخواستم به مادر های عزیز بگم که نمیدونم به چه دلیل آزمایش های غربالگری خطای بالایی دارند ولی اگر مثل من ناچار به آمینیوسنتز شدید نترسید درد که نداره و سعی کنید یکی دو روز استراحت داشته باشید که کیسه آب پاره نشه، برای من روز های وحشتناکی بود و ۲ ماه گریه کردم ولی الان به لطف خدا لبخند آقا پسرم تمام اون روز ها رو جبران میکنه,7.31076437475093
413274657,الان هفته پنجی احتمالا جنین و قلب رو نمیبینن بمون هفته بعد برو,1.0942455856950815
402308238,تا حدودی درکت میکنم یجورایی منم پاسوز خانوادش شدم ولی اونا ک یه انگل جامعه هستن عزیز ترن اینو خود شوهرمم میدونه ولی خب قبلا چون همه مادر مادر میکردن سرشون عین کبک کرده بودن زیر برف من الان روشنشون کردم مخصوصا شوهرم دیگه این اون خوشی و پرنسسی قبلو نداره همین رفتار و حرفهایی ک چون مادر هرچی میگه درسته تا ابد تو پاسوز بشو ولی من ن سرجام تکون نمی‌خورم ازتون سواری میگیرم تازه ذوقم داشتن و وظیفه میدونستن موندم وظیفه پدر و مادرا فقط اون شب زیر پتو هست والا شوهر من از وقتی خودشو جنسیت خودشو شناخته کار کرده و پولش دست اینا بوده کلا ده ساله پولش دست خودشه ک همونم هرچی ضرر مالی کردیم این چندسال نصفش اینا باعثشن نزدیک چهل سالشه نصف بیشتر عمرش سواری داده,5.756634677486968
384018503,"بماند:) درکل دختر دوس دارم باهاش مث یه رفیق باشم عقده ای بزرگ نمیکنم
بچه اول دختر باشه ینی شوهرت خیلی دوس داره 😂ولی اگ پسر باشه ینی تو بیشتر شوهرت دوس داری",1.0942455856950815
367005337,کاملا شکل همن تو‌عکس این طوره شکل اونه که میگی کاذب اخه من خیلی تا حالا استفاده کردم بد ا سالم هاله نمینداخت مینداختا اما از اونا که باید زیر نور ببینی و هی چپا راستش کنی دیگه امید به خدا,1.8713104343270626
thread_15083603_starter,"سی هفته باردارم
حس کردم شرتم خیس شد رفتم بیمارستان اب دور جنین خوب بود ولی نه ضربان قلبش خوب بود نه حرکت میکرد 😭
انقدر حالم بده احتمال نود درصد فردا نامه بستری بهم میده دکترم
همش نگران دخترمم که من بستری بشم شوهرم خوب بهش رسیدگی میکنه یا نه 😭تازه هم از پوشک گرفتمش
الهی من بمیرم براش
احساس میکنم خیلی ظلم بزرگی بهش کردم 😭
دعا کنین برام تو رو خدا که بیاریم نکنن",7.31076437475093
thread_12416037_12345maha_1402/08/21 13:29,"ناشکری ام نکن خدابخشنده اس اما فکر نمیکنم ناشکری رو به راحتی بگذره پس با این روحیه به روح روان بچه ات آسیب نزن اون نعمته خودتو برای اومدنش آماده کن و مثل خانواده خوشحال باش
هر فشار روحی توی بارداری به اون بچه آسیب می‌زنه گناه داره",1.0942455856950815
thread_16293089_starter,لطفا ااااا هرکه میدونه بدادم برسه هه کمکککک این جوابم هست  گفتن مینوره و کم خونیش متوسطه منو شوهرم خفیف هستیم میترسم مشکل داشته با ب نظرتون سالم هه باسط کنممم🥺🥺,7.31076437475093
thread_17977029_starter,"این کیست چجور کیستی هست؟
و اینکه اون تیتراژ و سونوگرافی که پیشنهاد شده برای چیه؟
بستری شدن هم لازمه برای اون؟",1.8713104343270626
409484863,خب تو که آستانه تحمل دردت پایینه احتمالا و امادگی زایمان طبیعی هم نداری و میترسی چرا سزارین رو انتخاب نکردی؟,1.0942455856950815
thread_16278250_starter,"دوسال عقد یه پسری بودم
هرجوری که بگید کنارش بودم
از نظر مالی از نظر اخلاقی مزخرف بود اصلاحش کردم
از نظر اعتقادی صفر بود اصلاحش کردم
مالی وضعیت داغونی داشت باعث پیشرفتش شدم
تروما و زخم هاش رو دونه دونه داشتم حل میکردم
از نظر مالی تو درمانی که مثل دوران خوشی و عشق و حاله جوری کنارش بودم انگار ده ساله زنشم
خانوادش هم خیلیییی داغون از اینا که انگار بچه دادن بغلم بزرگ کنم تازه طلب کار هم بودن همیشه هرباری میرفتیم خونه مادر و خواهرش داستان میشد اذیت میکردن
خلاصه اینا رو گفتم بگم دارم جدا میشم بعد دوسال فرصت دادن بخشید بارهاااااا اشتباهات بد و وحشتناکی دارم جدا میشم کاملا محترمانه ازش خواستم ازهم توافقی جدا بشیم چون نمی‌تونیم کنار هم باشیم و...
الان چندین ماه هست که لج کرده و نمیاد
منم برای فشار آوردن مهریه گذاشتم اجرا
بهش گفتم بیا جدا بشیم هیوییییی نمی‌خوام مهریه همه رو میبخشم نیومد
ولی الان رفته درخواست فسخ نکاح داده
چرا؟؟؟؟ چون گفته زنم موقع عقد باکره نبوده و کردن تو پاچم مثلا :)
درحالی که من پنج ماه بعد رفتم نامه سلامت گرفتم اطلاع داشت
حتی الان هم باکره ام
ولی دلم از اینکارش خیلی گرفته ؛ درست دارم جدا میشم ولی هنوزم به چشم پناهگاه مبدیدمش :)
اینکه چنین کاری باهام کرده به زن خودش تهمت ناپاکی زده داره نابودم می‌کنه
کاش دوسال بهش فرصت نمیدادم :)",7.31076437475093
343414833,خوب ایشون بچرو قبول کرده الان بابامباید ی کاری کنه یا طلاقش بده برگرده ب مامانم یا ب مانانم پول بده ک بچرو نگه داره مامانمم سنی نداره ۴۸سالشه میگه من برم از کجا خرجشو درارم,4.202504980223006
353590045,اصلا نکن زندایی منم تو بارداری مخصوصا هفته ۳۵بارداری دکلره کرد متأسفانه فشارش خیلی زیاد شده بود بچه توشکمش خفه شد,1.0942455856950815
thread_9298538_2222mahsa_1401/06/07 02:14,دلدرد ندارم فقط وقتی به پهلو میخوابم کمرم درد میکنه از وقتی اومدم تو ماه هفتم اینجور شدم که میگن طبیعیه بخاطر تنگ شدن جای بچه و سنگین شدنش داره به کمرم فشار میاد,1.0942455856950815
thread_12033101_starter,سلام توروخدا کمکم کنید دیروز سونوی انومالی داشتم بچه تو موقعیت خوبی قرار نمیگرفت چندین بار چک کرد نتونست دکتر حالا فردا واسم ام ار ای از مغز جنین نوشته گفته اگه خوب نبود باید سقطش کنم دارم میمیرم تازه داشتم تکون خوردناشو حس میکردم,8.087829223382911
thread_15340992_starter,"با ایمیلم اکانت لینکدین فیک دارم برنامه شو حذف کردم
اون گزینه مزینه هاشم زدم واسه حریم و اسنا
بنظرتون ممکنه بازم بفهمه یکی داره نامحسوس چکش میکنه😂؟",1.8713104343270626
thread_17525260_starter,"من ۱۰هفته هستم
حالت تهوع اصلا ندارم و نداشتم،،،همه چی میتونم بخورم هم شوری هم ترشی و شیرینی کلا همه چی
از همون اول شکم در اوردم ک پایینه شکمم و بزرگ،،نافم هم افتادس،، شبا بزور و دیر خوابم میبره و کلا کم خوابم
سینه هام اوایل سرش قرمز بود ولی الان تیره شدن
بنظرتون چیه؟
راستی جنین سمت راستم هم بود و ضربان قلب ۶هفته و ۴روز رفتم ۱۲۵",1.8713104343270626
363282102,"فدات.
همین الان راحت حرفاتو بزن راجب همه چی طرفو بسنج.
من یه بار از یه خواستگارم پرسیدم اگر تو ترافیک گیر کنی چیکار میکنی.
گفت خیلی عصبی میشم به هر دری میزنم ک ازش خلاص شم.
بعدش گفت این سفیدی تو موهامو میبینی چون خیلی عجولم.
کیسی بود ک اگر جواب مثبت میدادم همه فامیل تا یه عمر حسرت زندگیمو میخوردن ولی با این یه جملش فهمیدم اگر جواب مثبت بدم سر سال باید بستری بشم تيمارستان از دستش",1.0942455856950815
330759091,"ببین خود من تا جواب سلفری بیاد داغون شدم
نه سابقه نداشتم ولی چون از قبل متوجه شدم بودم ممکنه سلفری نیاز باشه به دکتر گفته بودم دوتا نسخه نوشته بود
همچین که جواب سونو را گرفتم و عدد انتی بالا بود یه راست رفتم برای سلفری
ولی دکتر من گفت با عدد بالاتر از این هم بچه سالم دنیا اومده",5.756634677486968
306439267,"من شیشه اونت گرفتم
میشه بگید چکارا کردید شیشه گرفت
یچم شیشه رو مک نمیزنه میجوعه😁گازش میگیره",1.0942455856950815
thread_9808501_starter,۱۸ هفته باردارم. شکمم باد کرده نسبت به قبلاً، اما وقتی دراز می‌کشم و دست می‌زنم بهش، انگار سمت راست شکم بالاتر و سفت‌تره. یعنی بچه سمت راسته؟,1.0942455856950815
375502428,"بستگی داره اگه نرمال باشه
قلب، ان تی، انومالی، رشد، یه سون هم برا وزن دور سر اون اواخر",1.0942455856950815
413602066,هم شما مقصری هم شوهرت ! هر دوتاتون مقصرید !! منم متنفرم از بوی کله پاچه ولی وقتی نامزدم و خانواده ش با ذوق دارن میخورن منم کنارشون میشینم با لبخند و حس خوب همراهی شون میکنم ! از غذا نمیخورم ولی با احترام سر سفره کنارشون میشینم یا غذای دیگه ای میخورم کنارشون ولی تنهاشون نمیزارم ! تنها نمیرم توی اتاق بشینم !!! رفتار شوهرت زشت بود ولی اگه شما رعایت میکردی محترم کنارشون میرفتی مینشستی اینجوری رفتار نمیکرد,1.0942455856950815
409026200,من7سال پیش سرکلاژ کردم .فقط از پله بالا و پایین رفتن وبلند کردن چیزای سنگین واستفاده از توالت ایرانی رو برام ممنون کرده بودن,1.0942455856950815
380971259,"ما یک نفر داشتیم بند ناف جنین دور گردنش بود و بدنیا اومد و مشکلی نداشت. همیشه هم به پهلو می خوابید و رعایت میکرد. هنوز دلیلش معلوم نیست.
نگران نباشید. اگر موضوع مهمی بود تا الان بچه رو سزارین کرده بودن کنارتون بود. وقتی دکتر چیزی نگفته پس مهم نیست",1.0942455856950815
353773064,"بتای من خوب بالا میرفت و هر ۲ روز ۲ برابر میشد
تو اینترنت درباره بارداری پوچ خوندم یه چیزایی نوشته بود که من اصلن نداشتم اونا رو
امیدوارم فردا جواب سوالامو بگیرم",2.648375282959044
thread_15409968_starter,"سلام
تو هفته ۵ بارداری هستم و هنوز جنین و قلب تشکیل نشده...دکتر  گفته دو هفته دیگه بیا برای صدای قلب....که متاسفانه دیروز به مدت ۴الی ۵ ساعت خونریزی شدید قرمز روشن داشتم و وقتی دستشویی رفتم دو تا لخته بزرگ سیاه دفع کردم....که مجدد رفتم دکتر گفتن ساک هست احتمالا پشت جفت خونریزی کردی و دکتر دیگه بهم امیدواری نداده و گفته پنجاه پنجاهه استراحت مطق و آمپول و شیاف داده...کسی بوده تجربه مشابه داشته باشه لطفاً کمکم کنین خیلی نگرانم...آیا بااین وضعیت صدای قلب بچه تشکیل میشه؟",7.31076437475093
262385462,من سه ساله ریزش موی شدید دارم،که رفتم دکتر سونو دادم مشخص شد فیبروم دارم،فک کنم بخاطر فیبرومس،,1.8713104343270626
406011598,"من هیچی نداشتم تهوع و درد و هیچی
راحت بودم مثل وقتایی که باردار نبودم
کلا یه بار استفراغ کردن
فقط وقتی سرد میشد نوک سینه هام درد میگرفت
ماه ۹ یه کم پاهام ورم کرده بود
کلا هم خیلی خوابممیومد",1.0942455856950815
thread_11099636_starter,"وزنتونم بگین
من ۵۲
دور شکم ۸۰
خیلی شکم دارم😭😭😭😭😭😭😭😭",3.425440131591025
thread_11508674_شاهپسرمی_1402/04/17 23:00,"وای خدا مگه دختر بده بخدا پسر دختر فرق نداره
من خودم دوتا پسر دارم عاشق دخترم الان باردارم انقد نذر نیاز کردم برم بگه دختر
دستت رو سرمن
اصلا بد بدلت نده برا دختر ارزش قائل شو برات مهم نباشه چی میخان چی میگن اون بچه تو وبه کسی ربط نداره",1.0942455856950815
thread_18110663_starter,سلام بچها، کسی هفته اول بارداری ، درد تخمدان سمت راست داشته ؟و سردرد . کدوم قسمت سرتون ؟,1.0942455856950815
413486926,آره ولی کم نشستم داخل جوشش شیرین روز اقدام یکمی وارد رحمم کردم نمیدونم همون نسشتن کافیه و نباید وارد رحمم میکردم نمیدونم تنها کاری که سرخود انجام دادم همین بود که وارد رحمم کردم,2.648375282959044
390099006,"خیلی بده متاسفم... من ۹ و ۱۰ هفته بهتر شدم تهوعم.... کم کم ایشالا بهتر شی
ولی ورم میمونه
میگن دختره که اینطوری هستی؟شما دختر دیگه دارید اینطو میشه جدا؟",1.0942455856950815
370557608,طلاق بگیرخودتو راحت کن پس فردا با این کاراش ایدز گرفت یا زگیل شماهم درخطری بعدمیشه اش نخورده و دهن سوخته دوست من ۳۳سالشه طلاق گرفت بچم داره میگه تازه فهمیدم زندگی یعنی چی راحت شدم الانم یه پسر اومده خاستگاریش,1.0942455856950815
thread_17754234_starter,شنیدم بارداری دوم راحت تر میشه برای من سر اولی تا چارماه بالا میاوردم و ویارم بد بود سر این یکی هم حالم بد بود ولی نه انداره اولی حالا چند روزه هی بهتر دارم میشم در حالی که معدم و سرم داغونم کرده بودن تمروز کاملا خوبم... هنوز صدا قلبشو نشنبدم واقعا نگرانم💔,4.979569828854988
349541242,"خیلی نگرانم اولی سرچ کردم زده حمله قلبی 😭😭
تو رو خدا برام دعا کنید",5.756634677486968
335699290,با چه روشی سقط کردی؟,1.0942455856950815
340256671,"نه عزیزم دمیترون هیچ مشکلی نداره
من اطرافم خیلی از دوستام و فامیلم مصرف کردن ولی خداروشکر بچه هاشون کاملا سالمه
بنظرم دمیترون رو با خیال راحت استفاده کن نگران نباش
درمورد زنجبیل هم یادته گفتم دکترم بهم من کپسول زینتوما داد؟ کپسول زینتوما همون زنجبیل هست وقتی بازش کنی میبینی توش پر از زنجبیله ولی برای من هیچی جز متوکلوپرامید تاثیر نداشت",1.0942455856950815
thread_16617040_starter,"من استراحت مطلق شدم مامانم یکماه پرستاری ازم می‌کنه ، همش میگه کاش زودتر بگذره ، یکم برنامه ت عوض کن شب تا دیر وقت بیدار نمون صبح زود بیدار بشیم من برنامه زندگیم بهم ریخته ، من خودم الان همش احساس گناه میکنم که مزاحمشم اما وقتی اینجوری میگه واقعا دارم دیونه میشم چی بهش بگم که دیگه پرستاریم نکنه هم اینکه من ناراحتش نکنم آجر این مدت پرستاری کردنش زیر سوال نره ،خیلی حالم بده خیلی افسردگی گرفتم
میشه راهنماییم کنید",7.31076437475093
thread_18061182_starter,چرا هر کاری کردم تهوعم خوبنشد,3.425440131591025
thread_11758445_starter,"کمتر دوماه دیگه دارم...
سر یه چیزی دعواشون شد بابام شروع کرد مامانمو زدن ،منم از طبقه بالا جیغ کشیدم و خودمو رسوندم پایین
انقد گریه و عر زدم تا دیگه نزدش
الان نگرانم رو بچه اثر بزاره و همیشه استرسی و گریالود باشه
تو دوران حاملگی فقط همین یبار اتفاق افتاد و همش در این حالت نبودم ،ممنکه تاثیر بزاره؟؟؟",6.53369952611895
thread_16680789_starter,"من ۲۳ خرداد سقط قانونی کردم با قرص داخل بیمارستان
تا ۲۰ روز خونریزی داشتم  بعد قطع شد
تا ۳۶ روز از سقط  ۲۹ تیر پریود شدم تا ۷ روز عادی
حالا چند روز از پریودم میگذره ولی ترشح قهوه ای دارم و کامل پاک نشدم
روز زایمانم بچه با کیسه و جفت با هم زایمان کردم کامل خارج شد بعدش هم چند بار داخل رحم خالی کرد ماما
خیلی اذیت شدم
بعد چون جنگ بود سونو نبود یکبار رفتم سونو شکمی بود حدودی گفت معلوم نیست ولی انگار بقایا داری
سوالم اینه ترشح قهوه‌ای ربطی به بقایا داره ؟؟؟؟ درد و تب و لرز ندارم بو هم نمیده",4.979569828854988
thread_6489092_ارزوجان_1400/02/26 16:37,دوس پسرم ک بود برام گریهههههههه کرد😂,1.0942455856950815
thread_7389673_مرغانه_1400/07/15 01:17,هیچکدوم ،ترشح سینه وانقباض دارم وگرنه بچه خداروشکر مشکلی نداشت تو سونویی که همین پریروز دادم،قرص وامپول پروژسترون داد.امپول ریه نداد،اخه یه خانمه هم هفته من بهش داده بودن واسه اون میگم,1.8713104343270626
thread_7286272_starter,کسی اینجا کادر درمان هست تو رو خدا بیاد یه سوال دارم,2.648375282959044
304208581,متخصص واجبه برای سونو نوشتن آزمایش نوشتن دست آخر هم زایمان اگه مشکلی توی بارداری پیش بیاد بستری میکنه بهداشت برای یه چکاپ های ساده برو,1.0942455856950815
thread_8880277_miniyator6c_1401/05/14 01:45,"الهی بمیرم براپدرم بهم گفت گفتم خدایا براخودم هیچی نمیخوام هیچی فقط دخترمو نجات بده
من احمق جرات طلاق ندارم بخدا نمیدونم چمه 😓ازشوهرم وخونوادش میترسم چندبارتاپای طلاق رفتیم میگف حسرت دیدن بچه هاروبه دلت میزارم واقعا هم اینکارومیکنه جاریمو طلاق دادن خون به جیگرش کردن هیچی بش ندادن قاضی دادگاه اشناشون بود هرغلطی خواستن کردن
من نگران بچه هامم 😭۲۳سالمه ولی به اندازه یه زن ۶۰ساله پیرشدم",8.087829223382911
thread_17917179_starter,بچها هفته۱۰بارداری هستم اسپرین مصرف میکنم اشتباهی امشب دوتا اسپرین خوردم یادم رفته بود که خوردم خاک تو سرم یکی دیگه دوباره خوردم بنظرتون اشکال داره 😭نگران بچمم دارم میمیرم نکنه مشکلی پیش بیاد خدای نکرده,7.31076437475093
267730400,آخه تو ۹ روز خیلی عجیبه من ۵ این ماه اقدام کردم چند روز پیش بی بی م مثبت شد بخاژر کلومفین یک دارم و دردام خیلی زیاده طوری که نمیتونم زیاد سر پاوایستم,2.648375282959044
thread_17535297_starter,من میخوام سزارین اختیاری انجام بدم.. خیلی میترسم به هیچ وجه دلم نمیخواد درد زایمان بکشم...به هر دری که میشد زدیم و ۲۰ میلیون جور کردیم زیر میزی دادیم به دکتر تا سزارین اختیاری بشم و درد نکشم..حالا دکتر شکممو معاینه کرد گفت شکمت خیلی سفته بچت خودشو یه گوشه جمع کرده یه طرف شکمت قلمبه شده تو سزارین ۳۸ هفته برمیداریم ولی شاید بچت زود به دنیا بیاد و اگه زودتر از ۳۸ هفته دردت بگیره شاید تا برسی بیمارستان سر بچه بیاد بیرون مجبور شی طبیعی زایمان کنی..بعد گرفتن ۲۰ میلیون زیرمیزی بابت سزارین اختیاری این حرفارو گفت..الان ۳۶ هفته و ۳ روزمه کاش بچم ۲ هفته دیگه هم بهم فرصت بده.. الان من چیکار کنم نمیخوام درد بکشم ولی آخه اگه زودتر از ۳۸ هفته دردم بگیره چی؟ سزارین اختیاری میکنن منو؟.. گفت اگه زودتر از ۳۸ هم برداریم بچه رو شاید بره تو دستگاه با هزینه های زیاد,7.31076437475093
388929829,"اولش یکم ترس داری بعدش عادی میشه واست
باید خیلی مواظب باشی
من بچه اولم رو ۱۶ سالگی ب دنیا اوردم اولین حمومش رو خودم بردم",1.0942455856950815
thread_18138463_starter,کسی بوده چند ماه پربود نشده باشه ولی بعد باردار بشه؟ولی سن جنین کم باشه,1.8713104343270626
thread_18021875_starter,هر دو همو بخوان بعد مادر پسره واسش یکیو در نظر بگیره ازدواج کنه پسره بعد ازدواج به دختره برگشته همون دخترب که خودش میخواست دوسش داشت  و مادرش مخالف بود,1.0942455856950815
321046406,همش‌مبگم‌خدایا کاش خواب باشم‌کاش بیدار بشم بخدا روزای بدون بابام‌و‌نمیتونم تحمل کنم 😭😭,4.979569828854988
353277521,آره چند هفته پیش که رفتم واسه سونوی قلب گفت همه چی عالیه قلبش هم میزد ۴شنبه هفته بعدم بایستی برم ان تی کوچکترین مشکلی نداشتم یهو بعد اون همه پیاده روی و پله بالا پایین کردن اینجور شدم,2.648375282959044
344369267,"وای عزیزم چه مادری. مادر منم خیلی علاقه داشت ما خواهرا ازدواج کنیم  اصلا هم به خوشبخت شدنمون نگاه نکرد 😞😞😞😞😞😞😞😞😞😞😞😞
ان شاء الله  خوشبخترین بشی",2.648375282959044
thread_18009078_starter,سلام دوستای عزیزم من الان بارداری م یازده هفته هست هفته پنجم لکه بینی داشتح دکترم گفت شبا شیاف پروژسترون بزار بعد هفته  هشتم باز بخاطر لکه بینی دکترم گفت صبح و شب شیاف بزار دو روز قبل باز کمی لکه بینی و دل درد بردم دکتر گفت سه روز آمپول پروژسترون و شیافم بزار امروز اخرین امپول زدم لکه بینی ندارم ولی کمی لکه بینی و واژنم کمی تیر میکشه گاهی نگرانم نمیدونم آمپول نزنم مشکلی پیش بیاد نهم نوبت سونو nt دارم ..کسی تجربه داشته خیلی دلهره دارم,4.979569828854988
thread_16434483_starter,"مامان
تو‌که نمیای به دیدنم داری جامو با بچه هات پر میکنی
تو چند تا بچه داری ولی من یدونه مامان دارم که تاحالا ندیدمش
اگه بمیرم میای سر خاکم؟
اون‌ موقع میای به دیدنم؟
همون‌ موقع که اومدی جوری صدام بزنی بفهمم مامانم اومده آخه من که تاحالا ندیدمت نمیشناسمت
میدونم حالت خوبه زندگی خودتو داری نظم خودتو داری
ولی اون موقع دیگه دردسر نیستم که برات بیای سر بزنی بری باشه؟
نمیدونم شایدم منو بادت نمیاد ۲۴ سالم داره میشه و احتمالا یادت نیاد
ولی حداقل اعلامیه ترحیممو که دیدی یادم میوفتی
فامیلای مشترک زیادن بهت خبر میدن
من منتظرت میمونما..
مامان دخترت دیگه نمیتونه
نمیتونم ببینم خواهر معلولمو بذارن بهزیستی
نمیتونم ببینم مامانجون داره میره
ما دیگه کسیو نداریم
میخوام برم بغل خدا
دیگه مامانجونو جواب کردن حتی بمیرمم نمیتونه بیاد سر مزارم
تو بیای منو بی مادر نذاری
نمیدونم از خدا چی بخوام
چجوری بخوام",7.31076437475093
306073100,"باز خوبه اونا هستن
خدا یه چیزی میگیره یه چیزی میده
ببین کدوم شهری
اگه تهرانی برات آدرس بده برات غذا درست کنم بفرستم
یا اینکه یکی از اطرافیان هست غذای خونگی درست می‌کنه میفروشه من بارداریم‌ مامانم ازم دور بود ویار میکردم از اون می‌خریدم مطمئنه",1.0942455856950815
thread_13318563_starter,کاش این تعطیلات زود تموم شه سونو گفته هفته ۶ و یک روزه همچنان ترشحات قهوه ای دارم با ترس میرم wc🥺 فقط اون وقت زباد میشه دکترم بعد تعطیلات میاد چندتا دکتر دره پیت که رفتم گفت ساک خالیه دارو میدیم سقط بشه نتونستم قبول کنم شکر خدا سالمه و قلبش'میزنه شیاف و استراحت مطلق دارم,5.756634677486968
thread_17971556_starter,الان یک استکان گل گاو زبون خوردم . نمی دونستم نیاید خوزد . دل درد شدم . چیکار کنم . چیزی میشه ینی ؟,4.202504980223006
thread_17816976_starter,۱۲ هقته باردارم شوهرم شغلش اینکه ۱۵ روز توی ماه خونه نیست اومدم خونه مامانم ولی از شانس از پدر شانس نیاوردم از بچگی کتکم میزد آرزوم شوهر کردن بود برم از این خونه از الان باردارم استراحت هماتوم دارم شوهرم سرکار اومدم خونه مامانم اوف بابام چقد غرغر میکنه میگه شوهر دادم بره یکی دیگ رو هم برداشته آورده خورش اضافی بود کلی فهش نفرین سیاه بخت بشی دیگ دیونه شدم بش گریه کردم,7.31076437475093
285393542,"نباید بترسی آخرش هیچیه پس سعی کن بجنگی واسه آرزوهات واسه زندگیت هر کاری از دستبرمیاد بکن برا اینکه راضیشون کنی ازدواج نکنی من جای تو بودم یه جوری آفتابه برمیداشتم به خانوادم میدونم میترسی ولی آخرش قراره کلی کتک بخوری از جون بیافتی همین یا برین به پسره هرجور میتونی تا پا پس بکشه نکن این کارو ناموسن اگه هیچ کاری نکنی یا نخوای هیچ کاری بکنی و فقط بگی خدا کمکم کن هیچ اتفاقی قرار نیس بیافته و بدتر بگا میری و چشتو باز میکنی میبینی سر سفره ی عقدی پس در نتیجه خودتم اینو خواستی
ولی یه حدکتی بزن تلاش کن اگه نشد حتی مستقل شو برو خوابگاه بمون کار کن
اگه میترسی پس باید یا ازدواج بدون عشق و علاقه با کسی که نمیخوایش بکنی یا اینکه خودتو تموم کنی",1.8713104343270626
413488935,اشتبام همینا بوده با جاریم صمیمی شدم و یبارم خیلی بد یاهم بحث کردیم البته شوهرمم سمت من بود,2.648375282959044
358996742,ازدواج امر مقدسیه، خدا ادمی را افریده که با وصلت با جنس مخالف  به آرامش برسه اگه خواستگار و شرایطشو داری و طرف آدم خوبیه، درنگ نکن، دو نفر با یه ازدواج دین و روانشون ایمن میشن,1.0942455856950815
359962909,"خب باس استرس نداشته باشی وگرنه باردار نمیشی
عفونت هم چیزی نیست با ی سری پمادوقرص حل میشه",1.0942455856950815
thread_12453565_starter,"احساس میکنم دوسش ندارم
همش دعا میکنم نیاد
نمیدونم چرا این فکرای بد عذاب وجدان ولم نمیکنن
ای خدا چرا من اروم نمیشم
تو رو خدا اگه کسی تجربه داره بگه
این بچه سومه و ناخواسته
بخاطر ناخواسته بودن نیست
یه حس گناه نمیزاره زندگیمو بکنم و اروم باشم و از بارداریم لذت ببرم",5.756634677486968
thread_13030195_starter,"من تا الان هم روزی یدونه اندانسترون میخورم برای تهوع، البته دیگه بالا نمیارم خداروشکر
ولی سه ماهه اول بخاطر تهوع شدید ۶ ۷ کیلو وزن کم کردم
امروز که وزن کردم دیدم ثابته وزنم
به نظر شما طبیعیه؟",2.648375282959044
328150191,من الان هشت هفتمه هفته پنجم بمدت ۵روز ترشح قهوه ای داشتم که باشیاف رفع شد الان توی این هفته دوروزه دوباره ترشح ابکی زرد دارم بنطرتون شماهایی که سقط کردین این علامت سقطه یا پوچی,4.202504980223006
413981431,بخوای هر رشته ای بری صددرصد نمره درسای مهم اون رشته مهمه...الان میخوای بری تجربی باید علوم و ریاضیت بالا ۱۵ باشه که رشته تجربی بیاری..حالا هفتم و بیخیال دیگه گذشت نهم از همه مهمتره تلاش کن اونو بالا ۱۶ بگیری شکنکن تجربی و میاری معدل هم بله تاثیر داره,1.0942455856950815
thread_13884102_starter,سلام عزیزای دلم خواستم یه چیزی بگم من الان ماه هفت بارداری ان یه چیزای چرتی میخونم خدا میدونه چرا میاین الکی به خانمای باردار پیشنهاد میدین واقعا نمیترسین من دکترم گفته عرق کاسنی نخور بعد الکی میایت مییگن سفید و میکنه و زردی نگیری فقط از دکتر باید بپرسی ن مردم عادی الکی پیشنهاد ندین بنده خدا شاید بعد چند سال باردار شده بایه حرف شما الکی حرف میزنین یا الکی زردالو میگین من دکترم میگه گوگل و اینا ول کن هرچیزو کمش خوبه اما جیگر گوسفند سعی کن صبح بخوری نیاز به عرق کاسنی نیست ممنون میشم به اینا گوش کنین,3.425440131591025
thread_18041718_starter,تو کوچه یه پسر بچه پنج ساله زبون درآورد گفتم پسر جون نکن یه حرف بدی زدی یه کار زشتیم کرد😭😭😭😭🥲🥲,2.648375282959044
thread_12444504_starter,"سلام بچه ها.یه سوال دارم میشه کمکم کنید.
امروز یه رابطه کنترل نشده داشتم تقریبا.
۴ تا قرص ال دی خوردم
۴ تا هم ۱۲ ساعت بعد باید بخورم.
میخواستم بدونم بعد از اینکه ۸ تا مصرف کردم قرصارو باید ادامه بدم دوباره‌؟",3.425440131591025
thread_13489381_starter,"هفته پیش مادر شوهرم زنگ زد دختر ۱۱ سالشو بیاره خونه ما خودش بره شمال
بعد شوهرم گفت نه و اینا چون عادت کردههه هر هفته کارش شده این بچه رو میذاره میره بچشم به شدت بی ادبب ب شدت منزوی به شدت حاضر جواب کافیه یه چیزی بگی بهش
بعد الان قهر بود شوهرم دیشب  گفت ب مامانم زنگ بزن از دلش در بیار منم گفتم نه و اینا حسابیی کتک کاری کردیم بخاطر اون مادرشوهر عفریتم
منم زنگ زدم صبح هرچی از دهنش در اومد بهم گفت منم هی سعی میکردم ارومش کنم هیییی بیشتر میگفت نفرین میکرد بی ادبی میکرد عجیببب اصلا
بعد شوهرم بخاطر همین ادم دیروز دعوا کرد با من اصلا بدم اومد از شوهرم",6.53369952611895
398842174,علائمت میخوره اگزما باشه منم اینجوری بودم باید کمتر توآب وخاک بزنی من خیاطی میکنم با بعضی از پارچه ها هم  اینجوری میشد دیگه انواع پمادا امتحان کردم همین ان ان جواب میداد ودر آخر یه پماد ساختنی خریدم فعلا چن ماهیه خوب شده,1.0942455856950815
397535312,بخدا هست مغازه انقدر دوره اگر بخوام برم نیم ساعت رفت نیم ساعت برگشتم میشه یک ساعت کلاسم تموم میشه,2.648375282959044
thread_16947350_starter,"روحشون شاد باشه
من نقریبا نزدیک ب دوسال بابام ازدست دادم سال اول واقعا حالم بد بود اصلا اروم قرار نداشتم ی چندماه اول مردم زنده شدم بتونم بخوابم شبا چشام‌ و ک‌رو‌هم‌میذاشتم لحظه خبردادن فوت بابام لحظه های تشیع جنازه همه از اهنم میگذشت رسما داشتم دیوونه میشدم
الان ۲۰روز ی عزیز دیگ از دست دادم واقعا حالم بده واقعا حالم بده ی لحظه خاطراتمون از ذهنم نمیره لحظه خبری ک‌دادن فکرم‌همش پیش خانمش و‌بچه های کوچیک اصن اروم قرار ندارن حالم واقعا بده بدتراز اینکه هرکار میکنم قلبم داره انیش میگیره ولی ی قطره اشکم نمیاد نمیدونم چرا ولی این گریه نمردنم بدتر عصبیم میکنه
منی ک هربار ب بابام فکر‌میکردم کلی گریه میکردم اصن نمیتونم گریه کنم
انکار دوباره افتادم تو روزای عزای بابام حالم بهم میخوره از این روزا😭",6.53369952611895
thread_17974892_starter,"من نوزذه سالمه منو کشونده باهاش برم خرید پیاده تو زاه مدام تعریف رفیقای پولدارشو به من میکرد که متاسفم برات که تو مثل اونا نیستی ی رفیق پولدار کارخونه دار داره بخدا نوکریشو میکنه بخاطر اون اومده بالاشهر نزدیک دو میلیارد پول داده ی خونه کهنه قدیمی کوچیک گرفتع که نزدیک اون باشه اون رفیقم اینقدرررر خسیسه که خدامیدونه فقط پولداره هزار تونمنم بهش تو رهن خونه کمک نکزذه این فقط کلفتیشو میکنه بچه ها من پدر و مادرم از هم جدا شدن اصلا پدرم شهر ما نیس من از کلاس پنجم ابتدایی تا دوازدهم باور کنین روزانه سه ساعت پیاده روی راه مدرسمو میکردم تو دل ماه رمضون. تو امتخانا تو همه موقعبت ها ی لباس درست حسابی نمیپوشیدم
با اینکه وضع مالیمون خیلی اوکیه ولی این مثل گداها هست متنفرم ازش
امروز تو خیابون از بس بهم فحش داد ابروم رفت منم داد زدم یکم بنطرتون ی وفت کسی فیلم نگرفته باشه براره ابنستا ابروم بره😭
بچه هر جا باهاش خرید میرم شاید ی ساعت پیاده رویش باشه سربالایی وحشتناک ولی پول اسنپ نمیده خواهر بیچارم امسال دوازدهمه از مدرسش تا خونه یک ساعت و نیم پیاده رویه پیاده میره پیاذه میاد
من چند مدته کمرم و پاهام و دندونام وحشتناک درد میکنه حتی دکتر نمیبره
فقط نوکر اون رفیق پوادارشه چیکار کنم
بهم میگه گمشو ازدواح کن برو سرکار من پشت کنموریم ولی هیچی نمیتونم بحونم",7.31076437475093
thread_15995528_starter,"سلام دخترا خوبین؟
من سال ۹۸ باردار شدم با زحمت و سرویکسم (طول دهانه رحمم) کوتاه بود، الان اگر خدا بخواد و باردار شم دوباره میترسم با یه بچه تو خونه دوباره تکرار شه. کیا از طب اسلامی و سنتی جواب گرفتن در این مورد؟ ورزشی ،چیزی تاثیر داره؟ لطفا تجربیاتتونو باهام درمیون بذارید دعاتون میکنم🥺🥺🥺",4.202504980223006
thread_16965234_starter,"سلام خانومای گل
یه مشورتی میخواستم بگیرم
من تقریبا نزدیک ۱۹ سالم
و تو فامیل نسبتا زبان زدم که دختر خوبیم و سرم تو درس و کار خودمه
برای همین از آشناهای پدرم برام خواستگار اومده که خانوادتا خیلی پولدارن خیلیییی
ولی مشکل اینه که طرف نزدیک ۴۴ یا ۴۳ هست
من که دیدمش جوون بود نسبتا یعنی مثلا به ۳۰ می‌خورد چهره اش
کلا خیلی خانوادگی خوب موندن چون پولدارن به خودشون میرسن
مامانم میگه پسر خوبیه تو این سن پاک مونده با پول زیادش
کلا خانواده ی مذهبی هم هستن
خیلی هم از من خوششون اومده
من که گفتم نه نمیخواد بیات
ولی مامانم هی میگه فکر کن به نظرتون چه کاری درسته
آخه سنش بالاس هر چقدرم بهش نخوره",3.425440131591025
411696743,نه من اصلاً با استارتر کاری ندارم استارتر دیگه بلاییه که سرش اومده مجبوره تحمل بکنه به بقیه خانما دارم توصیه میکنم که حتماً برای بچهشون پدر با شخصیت و باشعور و با درک انتخاب بکنن و اگر دیدن این شعور و شخصیتو درک در شوهرشون نیست اقدام به بچه آوردن نکنند,1.0942455856950815
406761111,هرچی که میخوای و میلت میکشه بخور ولی کم وعده هاتو بیشتر کن ولی حجمشونو کم کن سعی کن زیاد نخوری که چاق بشی چون چاقی باعث میشه خونرسانی به جفت کم بشه درحد تعادل هرچیم خواستی بخور الان دیگه مشکلی نیست سه ماهه اول خیلی باید رعایت میکردی الان اوکیه,1.0942455856950815
thread_17891849_starter,"سلام خانوما من یک عدد جنین ۳ روزه داشتم که انتقال دادم و بار اول مثبت شد ۲۹ میرم واسه قلب ولی خونریزی خیلی شدیدی گرفتم لخته های خیلی بزرگ که فورا رفتم دکتر و تو سنو گرافی دکترم گفت کیسه بارداری کاملا سالم و کیسه زرده هم رشد کرده و آمپول و شیاف و قرص اینا داده
استراحت مطلق هم هستم درسته داروهامو استفاده کردم و فقط موقع تحریک شدن میاد و صبح ها اول وقت یکم لکه بینی میاد خیلی با این حال استرس دارم هم واسه تشکیل قلب جنین هم خسته شدم از انقدر خوابیدم چیکار کنم",6.53369952611895
326376377,هیییچ وقت دوست پسر نداشتم الحمدالله همیشه ام خط قرمز داشتم  اون ترس و اضطرابی که میگیو در حالت عادی ندارم ولی مثلا تو کوچه ای که خلوت باشه یه مردم باشه ناخودآگاه استرس میگیرم ولی مثلا مغازه ای چیزی باشه استرس نمیگیرم ولی معمولا صدااااام در نمیاد به طور مستقیمم تو چشمای طرف نگاه نمیکنم😂حرفم نمیزنم مگر در صورت ضرورت,3.425440131591025
315669813,سالمه عزیزم .استرس را ازخودت دورکن و صبورباش. ب زودی حسش میکنی😍😍😍 برای حال دلش ک خوب باشه و خوب رشد کنه سوره الرحمن را بخون ،اگه بتونی تصویری ازگوگل با معنی ببینی ک عالیه .ثوابش هم هدیه کن ب شهدا و علی اصغر,1.0942455856950815
361429739,"دعا کن چیزی نباشه عزیزم
از وقتی هاله بیبی چکو دیدم دنیا خراب شد رو‌ سرم ب خدا
تا صب بیدارم😭",5.756634677486968
412274475,"کسی که واقعا بخوادت انقدر حواسش هست چطور رفتار کنه که ناراحت نشی یا حس اینکه فقط واسه بدنت باهاته رو نداشته باشی
این شخصی که این حرفو زده بهت مشخصه از اولم هیچ اهمیتی نداشتی وگرنه از ترس از دست دادنتم این حرفو نمیزد حداقل",1.0942455856950815
320961087,"منم دوبار سقط داشتم سقط اولی با قرص توی بیمارستان بود و دومین سقط هم پارگی کییسه آب بله سخته واقعا
دلیل سقطتتون چی بود؟
قبلش چه علایمی داشتید؟",3.425440131591025
382773547,"بمنم تو ماه های اخر میگفت جنینت خیلی کم وزنه
منم بشدت بد ویار بودم
شکمم کوچولو
دکتر میگفت اونقدر بچه کوچیکه انگار تو شکمت لق لق میخوره
خلاصه یه مجموعه استرس
ولی بدنیا اومد خدارو هزاران بار شکر کاملا سالم و بی مشکل
وزنش زیاد نبود ولی اونجور هم که استرس کشیدم نبود
۲۸۰۰ بود",3.425440131591025
351334385,"این خانواده رو بذار پشت در همون بهتر که بیرونشون کردی...
من باشم دیگه سراغی هم ازشون نمیگیرم
ولی همسرتم ببخشید یه وحشی امازونیه پرده گشوت رو پاره کرد و دنده هاتو شکونده
ادم میمونه واقعا...کاش مستقل بودی میگفتم از همسرت جدا شو چنین مردی هم به دردت نمیخوره کسی که تا  این حد کتک میزنه لیاقت نداره در کنارش باشی...
کاش مستقل بودی و خودتو رها میکردی هم از خونواده ات هم از شوهر داغونت",1.8713104343270626
411881180,"کمردرد که عادیه انقباض شکم و درد زیرشکمت رو حواست باشه
من تواین هفته بودم پسرم دنیااومد🥺",1.8713104343270626
408440141,عزیزم زود رفتی، بچه اولم ۶ هفته رفتم گفت پوچ، ۸ هفته رفتم سالم بود الانم ۷ سالش😍 ناامید نباش,1.0942455856950815
360444812,من تا هفته ۱۲همین حس داشتم تو سونو ک دیدمش کلا همه چیز تغییر کرد 😍😁تازه بهترین حسا وقت لگد زدنا وکارا عجیب غریبشون داخل شکم,1.0942455856950815
thread_14648650_starter,"حالم اصلا خوش نیست
ترس اضطرابی گرفتم
چه خلکی تو سر کنم
کنترل نمیشه
بچم چیزیش نشه",6.53369952611895
thread_13631552_starter,"تازه وارد هفته ۱۶ شدم
قصد بچه دار شدن نداشتیم ایودی توی رحمم بود
ناخواسته حامله شدم
دوست نداشتم سقط کنم
از روز اول ک ۵ هفته بودم فهمیدم حاملم تا الان  که ۳ماه و نیممه حدودا ده میلیون خرجم‌شده
همشم خودم دادم شوهرم پولی نداده.
تا ۱۲هفته هم خونریزی و لکه بینی داشتم استراحت مطلق بودم.
حالا امروز عصر
گفتم شاید دختر باشه نی نیمون
گفت نمیشه بندازیش یه دختر که داریم.
وای یعنی دارم دیوونه میشم اخه مگه دختر داشتن چه اشکالی داره من فقط سالم بودنش برام مهمه😔
چون بچم دستگاه ایودی هنوزم کنارشه تو رحمم خطر داره براش فقط میگم خدا سالم ب دنیا بیاد
متنفر شدم از شوهرم
خدایا این حرفش نشنیده بگیر",7.31076437475093
thread_17450592_starter,"تو انتخاب اسم موندم
اسمی که خوب باشه و به دلم بشینه پیدا نمیکنم
بگید اسمه فرشته هاتونو شاید یکی رو انتخاب کردم واسه تو راهیم🥰😘❤️🥺🌺💚",1.8713104343270626
413940469,دنبال یه  دکتری  میگشت بره،  منم وایساده بودم منتظر که مطب باز کنه  نگو اون روز کلا تعطیل هست اون ساختنان پزشکان ، اومد سوال کرد ازم و ادامه ماجرا ،لعنت به اون رو کذایی واقعا,1.8713104343270626
412864390,"ماشاءالله چقدر نازن دخترهات خدا حفظشون کنه
این ایام خیلی مراقب خودت باش خودتو تقویت کن ورزش های مجاز برای بارداری رو انجام بده چیزای مقوی بخور که بدنت آسیب نبینه
برای کسایی هم که بچه میخوان خیلی دعا کن
🥹💚",1.0942455856950815
359949976,"ده کیلو که خیلی راحته
با همین روند کم خوردن پیش بری یکی دوماهه به وزن دلخاهت میرسی",1.0942455856950815
413981689,"با این چیزا خودت رو گول نزن!!
اخه ماه تولد چه ربطی به شخصیت طرف داره!!!!
شخصیت و اخلاق و ذات طرف به ماه تولد ربطی نداره،،،،، و اینکه تو چه جور خانواده ای بزرگ شده
باهاش رفت و آمد کن ببین چه جوریه اخلاقش میاد دستت،،،",1.0942455856950815
thread_17448188_starter,دوهفته پیش رفتم سونو چون یادم رفته بود کی پریود بودم میخواست سن جنین و بدونه گفت ۶ هفته ۳ روز ولی ساک خالی بود ۱۳ میل بود اندازه ساک بتامم ۱۳۰۰۰ بود گفت دو هفته دیگه برو سونو لکه بینی و اینا ندارم دوشتبه باید برم سونو یعنی پوچه؟,4.202504980223006
thread_14848107_starter,سلام خانوما ۳ماهم تموم شده بود فهمیدم تیروییدم۶ الان خیلی استرس دارم الان هفته ۱۵بارداریم تکوناشو حس میکنم ولی یه روز اصلن تکون نمیخوره 🥲,4.979569828854988
282470440,چ بسا زودترم بدنیا بیان مشکلی نداره .من ۳۲ هفته و سه روز بدنیا اومدن ۵ روز دستگاه بودن و اوکی بودن کلا دوقلوها زودتر کامل میشن ولی آمپول تکمیل ریه رو بزن حتما و اینکه پیشاپیش خوش بیان ب زندگیتون,1.0942455856950815
thread_11855670_starter,"خیلی حالم بده تو این افسردگیه شدید دوران بارداری،
شوهرم با دوست صمیمیه ۸ سالم
نمیدونم چی کار کنم همیشه میشنیدم دلم میسوخت برای بقیه
الام سر خودم اومد 😭😭😭",6.53369952611895
275777849,"[QUOTE=275777411]چقد بی فرهنگ هستی که تو سایت عمومی این چیزارو‌‌‌ میگین‌‌😏😏[/QUOTE
عزیزم شما از نظر شما و سطح فکری شما من بی فرهنگم
وگرنه این سایت برای همین جیزاس اگه به موضوعاتش دقت کنی",1.8713104343270626
thread_16984870_starter,"من سه هفتست مادرم فوت کرده بعد اون اصلا نمیتونم ادم قبل بشم
مدام قرص خواب میخورم
میخوام پاشم کاری انجام بدم تعادل ندارم
به هیچ کاری نمیرسم
امروز جلسه کاری داشتم تو پله ها دوباره خوردم زمین سرم ورم کرده انقدری گیج بودم و حالت تهوع داشتم اومدم خونه عمم
البته بماند که اینجا هم کلی حرف شنیدم که شبیه مرده هایی مگه فقط تویی که مامانت مرده این همه ادم هستن فقط تو اینجوری
جلسمم از دست دادم
از دست خودم خستم از خودم بدم میاد
از ضعیف بودنم متنفرم
شبا انقدر حالم بد میشه که صبح ها رو نمیتونم بیدار بشم
نمیدونم چجوری بگم متوجه بشین
به زور از خونه که میام بیرون یکم بهترم
کلا در طول روز بین ساعت ۳تا۱۱ شب خوبم بعدش انگار جنازم",7.31076437475093
263665456,"عزیزم اندازه شکم که نگرانی نداره
من فردا میشم 31 هفته بیرون میرم اصلا کسی متوجه نمیشه باردارم
فامیل هم میگن چرا شکم نداری
ولی وزن نی نیم هم نرماله خدا رو شکر",1.0942455856950815
413462256,خخخخ شارژ گرفت؟؟؟ چه ضایع یعنی یه حساب دیگه نداشت؟ حداقل از خانوادش میگرفت بعدش اقای دامپزشک توی اون سن هنوز ماشین شخصی نداره؟؟ مطمعنی راست گفته؟,1.0942455856950815
407770523,"حالا من با کتک موافق نیستم
ولی منم از دیروز بحثمون شد
او هر حرفی میشد گفت
و از هیچی ابایی نکرد
منم حرصم گرفت بد گفتم
دلم برای جوونیم و روحم می سوزه پای این حرام شد",5.756634677486968
346716929,"ای وای
خوب چطور تشخیص بدم ماه درد نیست
درد واقعیه؟",3.425440131591025
413348127,نمیدونم چرا یک سری ها تعصب الکی دارن، حالا اگر یک نفر میگفت با مردی که زنش فوت شده نه سال بزرگتره دو تا بچه داره ازدواج کنم یا نه همه میگفتن نه درست نیست و فلان، بحث ازدواج قبلی نیست نه سال اختلاف سنی اصلا کم نیست پر تفاوت ها هستن,1.0942455856950815
277361152,"شلغم یدونه خام خوردم یدونه بخار پز کردن با نبات خوردم
الان سوپ پختم ریختم تو سوپ 😢
اب نمکم قرقره کردم",1.8713104343270626
413932951,خانوم معلم الان اومدی غلط املایی بگیری،تاپیک زدم راهکار بگیرم اونم اشتباه تایپی بود کیبردم خودش حدس میزنه برای همونه😒😒😒,1.8713104343270626
299792420,والا به خدا که این قوم دکتر اینا حالیشون نیست اتفاقا نقش بازی کردم گفتم دکتر گفته جفتت مشکل داره باید استراحت کنی ولی اینا نفهم تر از این حرفان,3.425440131591025
396948875,الان بنظرتون چقد احتمال سندرمی هس بخدا تا دو هفته میمیرم بد یه سقط که داشتم سه سال باردار نشدم الانم که شدم چرا باید باشه,6.53369952611895
411863941,"بیخیال بابا من حلقه شوهرم گم کردم طلا یک و خوردی بود گرفتیم پنج و نیم
و نمک طلا دخترم ک هدیه گرفته بود
شوهرمم دورش بگردم چیزی نگفت",1.0942455856950815
410535996,باید این قضیه رو به اختیار خود طرف بزارن،خودش برای جلوگیری از مشکلاتش راهکاری درست کنه ، کاش به اختیار خودم بود,2.648375282959044
410149439,"اره خیلی سخته😔
نه کلا ک فعالتی ندارم ک بخام استوری یا پستی چیزی بذارم گفتم مثلا زنگ میزنه یا پیام میده میپرسه خب باردار شدی یا جلوگییری نکن دیگه و اینا بخاطر این نظر خاستم دیگه بهترین راه حل فک کنم این باشه یکم سردتر رفتار کنم ک متوجه نشه",3.425440131591025
364820479,بخدا از انقباض شکم مثل مار بخودم پیچیدم از درد اونم بفکر ناهاره,5.756634677486968
389502964,آره بابا اینجوریه شوهر منم همش میگفت بچه نمیخواد هم دوران حاملگی هم با اینکه بهم می‌رسید ولی میگفت دوست نداره بچه رو.. ولی الان میمیره براش.. کلا به حرف مردا نباید اعتماد کرد 😂,1.8713104343270626
408954436,"نه هیچ ورم و پفی ندارم فقط میگن صورتم چاقتر شده.
پریودامم منظم بود و قبل بارداری از لحاظ کیست و فیبروم و اینا سونو رفتم هیچ مشکلی نداشتم خداروشکر.
چرا بیحوصله ای حالا😂😘",1.0942455856950815
413954263,"درش، نیار، عادت میکنه بزرگ که بشه هاوایی هاپ میکنه که بهش چیزی بدی،
براش اسباب،بازی بزار
یک جوری. براش درست کن که عادت کنه
مولا هی 5 دقیقه دقیقه بیشترش کن با تشویقی",1.0942455856950815
390394196,نه نگرانی نداره فقط باید بتات ۲برابر بشع نگران چیزی نباش همچی اوکیه,1.0942455856950815
261472437,نه والا اصلا باور میکنی دست به شکمم نمیزنه میگه چندشم میشه میگم دست بزار ببین تکون میخوره میگه نه میبینم فکر کنم دست خودش نیست واقعا بدش میاد اما پسرم ۱۰ سالشه تند تند میاد شکممو بوس میکنه واقعا الان موندم بعدش چکار کنم با شال میبستین شما یا کمر بند داشتین,4.202504980223006
402317441,"ول کن اونارو .
یه نصیحت از الان بهتبگم اطرافیان مدامتو هر سنی میپرسن ! عه هنوز راه نمیر‌؟ هنوز بلو نیس حرف بزه؟ و از این دست چرت و پرتا .نگران نباش.اونا بچه های خودشون رو نخبه عالم میدونن .در صورتی که هر بچه ای یه جوره",1.0942455856950815
thread_17943587_starter,"شوهرم یه وام گرفت طلا خرید پارسال الان میگه بفروشم کولرمون سوخته من میگم  ن نفروش قسطی هم هیچ جا گفتن نمیدیم کولر
من دلم نمیخاد بفروشم 🥲🥲🥲نمیدونم چیکار کنم",3.425440131591025
388600976,"استرس نداشته باش
استراحت کن دراز بکش
اگه به پهلو‌خوابیدی یه بالش بذار بین پاهات
داروهات رو یه موقع مصرف کن
حموم دیر به دیر برو اونم با اب ولرم نه اب داغ",1.0942455856950815
thread_7825859_starter,سلام  بچها من بعد از یه هفته خونریزی رفتم تیتر بارداری دادم ،تیتر از ۷۲.۲۵ اومد رو ۵۸.۷ دکتر گفت سقط شده ولی ۴۸ساعته دیگه دوباره انجام بده ،انجام دادم شد ۷۰.۴ دکتر هم مونده نمیدونه چی بگه دوباره گفت آزمایش بده ۴۸ ساعت دیگه چیکار کنم بچه رو هست یا سقط شده لطفا راهنماییم کنید,5.756634677486968
361978035,"دعاکن اجی برام از ته دلت.... 😞
خیلی اذیت شدم، خیلی حرفاشنیدم سر باردار نشدنم.... شوهرم سر باردار نشدنم بم گفت خدا زده پس کلت.. بچه نمیده بت... اجی لطفا دعاکن برام.. خبلی دلم میشکنه اگ بازم حرف بشنوم... درخاس میدم قبول کن... گمت نکنم. بیام بت بگم",6.53369952611895
335460094,"دوباره پیام داد و  این دفعه التماس بیا برگرد، دیگه تهدید نمیکرد چون میدونست کلاهش پشمی نداره و منم قهوه ایش کردم.
باز دوباره گذشت نزدیکای عید شعر برام فرستاد و بازم قهوه اییش کردم. فعلا که پیام نداده خدارو شکر :/
خلاصه که عبرت بگیرید بخاطر هیجان و تجربه با هر آدم سمی و مریضی نمونید!  خیلی اشتباه کردم  اما خوشحالم که درسی شد برام تا دیگه از این جور غلطا نکنم، شما هم نکنید! با آدم حسابی برید تو رابطه نه هر آشغالِ از جوب پیداشده ای!",2.648375282959044
thread_17583781_starter,سلام سه ماهه عقد کردیم چند هفته پیش پریودیم عقب افتاد بی بی چک زدم مثبت شد ولی گفتم حتما خرابه ازمایش دادم دیدم واقعا حامله م ولی تو عقدم نه خونه ای داریم نه وسیله ای از ی طرف خانواده ها مذهبین اگه بفهمن تو عقد حامله شدم دعوا میشه نمیدونم چیکار کنم هر جا میرم میگن دولت گفته بچه بیارین نمیتونیم بندازیم غیر قانونیه یکی از اشنایان همسرم کلینیک غیر قانونی بچه میندازن زنگش زدیم گفتن باید قلب بچه به وجود بیاد تا قرص اثر کنه چیکار کنم اونجوری که گناه داره,7.31076437475093
thread_17264585_starter,"سلام من تقریبا چهل روز سختی رو‌گذروندم و تمام این سایت رو‌زیرورو کردم و‌خوندن پیام ها بهم انگیزه میداد
مینویسم که کسی بعدا خوند کمکش بشه
عدد ان تی من ۲/۶
تیغه ی بینی دیده شد
ازمایش خون‌که دادم‌ ریسکم شد یک به بیست برای داون
و یک به پنجاه وهشت برای تریزومی ۱۳ و ۱۸
چقد حالم بدبود اون شب دوروز تمام گریه کردم
اولش که نمیدونستم اینا همش احتماله
رفتم دکتر گفت آمینوسنتز باید بشی هفته ۱۶ منم هفته ی ۱۳بودم خیلی سخته فقط کسی که این حالتو تجربه کزده درک میکنه
سعی کنید به کسی جز یکی دونفر که میتونن کمکتون کنن نگید من حتی به مادرمم نگفتم تصمیم گرفتم برم پیش دکتر هاشمی عطار مشهد ایشون برام انجام دادن کلا یک دقیقه بود درد که اصلا نداشت بعدش یکم ضعف میکنی که کیک و‌ابمیوه باید باشه بخورین همراه داشته باشید بعدش یک هقته استراحت مطلق کنید  یک جواب فوری داره که qf تقریبا پنج تا اختلال اصلی رو با دقت ۹۹ درصد بهتون میگه منفی یا مثبت اما بازم جواب نهایی مهم تره کاریوتایپ بهش میگن  معمولا وقتی جواب اولیه خوب باشه  نهایی هم خوبه
استرس نمیشه نداشته باشید ولی امید داشته باشید اینا فقط احتماله خداروشکر جواب نهایی منم خوب اومد",4.979569828854988
thread_13126293_starter,"بنظرتون با این علایم میتونید جنسیت رو حدس بزنید
هفته ۵ بارداری هستم ،
یخ شدن پاهام ،تنگی نفس دارم
حالت تهوع و درد سینه اصلا ندارم ،
کمردرد هم دارم
اشتهای کم و بعضی وقتا بیحال میشم
ویار خاصی ندارم",1.8713104343270626
thread_12001823_starter,سلام لطفا راهنماییم کنین ، من ۱۸ ماه قبل رفتم دکتر و سونو داخل مطب انجام داد گفت رشد جنین خوبه و طبق قاعدگی۶ هفته بودم دیروز مجدد برای چکاپ رفتم صدای قلب رو نشنید، سونو جدا رفتم هم گفت رشد توی پنج هفتگی متوقف شده و ده هفتمه بعد از سونو دوم باید سقط کنم🥺 راهی غیر این نیست؟ علائم سقط ندارم اصلا,6.53369952611895
thread_17931047_starter,"روز موعدم بیبی زدم منفی بود قبلشم زدم منفی بود ولی تا حالا تنگی نفس و تپش قلب نداشتم این ماه اقدام بودم روز تخمک گذاریم و بعدش اقدام بودم
شکمم هم ورم کرده سوزش کمر دارم نگرانم این علائم از چیه یعنی
میتونه کیست باشه مثلا؟",4.202504980223006
402553592,همون مصرف آسنترا به مدت ۹ ماه .واقعا وضعیت وحشتناکی بود یه افکاری تو ذهنم میومد که از خودم میترسیدم واقعا.بی قراری شدید .بی خوابی .استرس وحشتناک .گیجی .حس دیوانه شدن .افکار مزخرف .الان تا احساس کردم دوباره داره شروع میشه آسنترا رو شروع کردم,7.31076437475093
thread_6319182_mahrad70_1400/02/01 11:50,"اره دقیقا
حالا من اگر تعداد دو سه نفر باشه یکم ترسم کمتر میشه
ولی تنها که به هیج عنوان نمیرم
بارها شده دیگران گفتن چرا نفس میزنی مگه با آسانسور نیومدی گفتم نه میخواستم ورزش کنم با پله اومدم 😆🤣",4.202504980223006
thread_6709616_خاله_خرسه_مهربون_1400/03/30 23:29,"هردو خوبه در شرایط خودش من سزارین بودم البته نتونستم طبیعی بیارم
طبیعی دردش قبلشه ک خیلی بده
سزارین دردش بعدشه بازمخیلی بده",1.8713104343270626
410469851,"دیگه از درد خودم گذشتم،نگران بچمم اونم به نظرت این درد رو حس میکنه؟
یه خاطر درد و به تبع اون تهوع ساعتای طولانی گرسنه میمونم
اصلا وزن اضافه نکردم دقیق ترش نیم کیلوهم اخرین سری گفت کم کردی
هفته بعد قراره برم ازمایش غربالگری دوم بدم
و دوهفته بعد ترش هم سونوی انومالی از الا استرس شو دارم",6.53369952611895
365136952,"اگر حالت نگران کننده است، بنظرم حتما برو قسمت زایشگاه بیمارستان، وضعیت خودت بگو تا چک کنند
شاید مثلا از فشارخون بالا باشه و... فشار خون و نوار قلب و ضربان چک کنند خیالت راحت تره
همسرت بیدار کن، یواش یواش برید تا خیالت راحت باشه",1.0942455856950815
thread_15824105_starter,"تفاوت خانواده هامون خیلی زیاده
اون خانواده سرشناس نامدار پولدار
من داغون
پدرش رئیس بیمارستان بود داییش شهردار
خودش کارمند بیمارستان خونه ماشین کامل
تک فرزند
حالا مننن
بابام معتاد بیکار
سه تا عموهام‌معتاد
مامان بابام نوزادی جدا شدن مامانمو ندیدم
خواهر دوقلوم معلول
تنها حسن اینه که خودم معلم رسمیم و درس خوندم ارشد و دو لیسانس ماشین اینا هیچی نه من دارم نه خانوادم
بخدا ردش میکنم مودبانه نمیره
حالم بدتر میشه پیاماشو میبینم نمیتونم گوشی دستم بگیرم
میگه از ۶/۷ سال پیش که واسه کنکور میومدی کلاس میدیدمت الان سروسامون گرفتم بهم فرصت بده
چجوری بفهمونم نمیشهه
خودشم بخواد خانوادش راضی نمیشن منطقی نیست که",6.53369952611895
329055981,"من از دوروز بعد موعدم
روز اول پری تستم منفی منفی بود دردهم زیردلمو میگرف شدید
روز ۵سینهامم دردمیکرد خیلیا گفتن نکنه عفونت گرفتی
باخودم گفتم اگه عفونت دارم کاش شیاف واژینال بذارم پس که پریودیم بازبشه چون درد زیرشکم مثل پریودی دارم حتی الانم
بازگفتم بذار یه بیبی چک بذارم دوباره
دوروز دیگم صبرکردم که شد دیروز رفتم بیبی چک خریدم زدم اولش منفی بود سرمو کردمو توگوشی دیدم حاله انداخت
دیگه کمتراز ۵دقیقه پررنگ شد",2.648375282959044
402973661,"ای وی اف هزینه اش چقدره؟
بیمه تکمیلی داشته باشی چی؟
تامین اجتماعی به درد می خوره",1.8713104343270626
thread_17175184_starter,"سلام دوستان/ دوست من این ماه رابطه محافظت نشده داشته و همون روز عصر قرص لوژوسترول هفتاد و پنج در صد که داخلش نوشته بوده دوتاشو یکجا بخور اینم خورده....ماه قبل ۲۱ وم پریود شده...اما دیروز ۲۱ وم هنوز پریود نشده و شک کرده که چرا دو هفته بیشتر از قرص اورژانسی میگذره و هنوز پری نشده...و همیشه پریوداش حتی دوسه روز جلوتر میفته...۲۱ وم دیروز بیبی چک گذاشته همون موقع فورا دو تا خط پررنگ ظاهر شده...اما امروز ۲۲ وم کمر درد زیاد داره همش فکر میکنه قرارها پری بیاد...آزمایش خون داده قرارها جوابش فردا بیاد
الان ممکنه بیبی چک به دلیل قرص اورژانسی مثبت شده؟ تجربه دارید؟",1.8713104343270626
372123879,"مگه چقد دستتو میبری تو؟؟؟ جفت یا جنین ک تو دهانه رحم نیستن دستت بخوره بهش😐
خیلیا تو ۸ هفته سونو واژینال انجام میدن چیزی نمیشه",1.0942455856950815
thread_17881755_starter,"خانوما من قاطی کردم لطفا کمک کنید
آخرین بار ۱ دی پریود شدم
بعد ۲۲ و ۲۳ دی هم ی خونریزی دیدم با درد لگن و کمر درحد ۲۰ قطره (این پریود بوده یا لکه بینی هورمونی)
چون امروز یعنی ۱۵ بهمن رفتم بتا دادم بتام ۱۳ بود الان باردار هستم یانه؟
این بتا ازمایشگاه زده مثبت ولی خب اگر پریود من ۱ دی باشه خیلی کمه که، امکان داره آخرین پریودیم همون دو روز ۲۲.۲۳ دی بوده باشه بخاطر همین هم بتام کم هست؟",4.979569828854988
379705435,این چیزا که میگم و من خوردم دو ماه آخر بچم حسابی تپل شد یک روز در میون تخم مرغ آبپز و بستنی هر روز آجیل یه مشت خربزه پنیر شیر پر چرب صبح و شب یه لیوان همراه ۴ تا خرما گوشت کبابی هفته دو الی سه بار,1.0942455856950815
413985873,اگه حق و حقوقتو مثل حضانت و طلاق نمیده ازدواج نکن. خیلی مهمه اونا. اگه میخواد مهریه کم بده باید حداقل اونارو بی چون و چرا بده,1.0942455856950815
thread_16201409_starter,"سلام خانوما
آزمایش دادم عفونت ادرار دارم 19هفته ام هفت شب پماد داخلی و بیرونی زدم دیگه نزدم باز بعد سه روز دوباره روی بد و ترشح زرد دارم خسته شدم روزی دوبار شلوارم رو عوض میکنم شورت اصلا دلم نمیکنم چکار کنم",4.979569828854988
355877653,"اگه تنهایی درو باز نکن
اگه شوهرت خونه اس  برو تو اتاقت درو قفل کن به شوهرتم بگو بهش بگه خوابی
چندبار این کارارو کنی دست از سرت برمیداره
تو باید مراقب باشی خدای نکرده بچه چیزیش بشه میکوبه تو سر خودت میگه عرضه نداشتی بچه نگه داری
اه زنیکه کثافط مرض",1.0942455856950815
371301774,"حق طلاق همیشه هم خوب نیستا حالا چه کسی باشه که واقعا اگر حق طلاق داشته باشه به نفعشه که همسرش چقد آدم بدی بوده باشه
و گرنه اگر مشکلی پیش بیاد مهریه بهتر میتونه پشتوانه باشه تا حق طلاق",1.0942455856950815
336438500,ن دیگه بفروش گوشی فروش پول نقد بگیر البته به اطرافیان میشه گرونتر فروخت تا گوشی فروشی مغازه دار ها خیلی پایین میخرن بگو اگه پولش نقده بیاد ببره وگرنه من پول لازمم,1.0942455856950815
383754263,اخه مگه قرون وسطاس؟ چرا انقدر سر یه رابطه عصبی میشن؟ حالا اینجام که نبوده حتی اخه نمیان بپرسن که این دوستت بوده نبوده قضیه چیه,1.8713104343270626
338993610,عزیزم قصد دخالت ندارم  و اصلا هم نمیگم سیستان بده خیلی با مردمشون برخورد داشتم واقعا ماهن ولی با حقوق کارتو بیمارستان از پس زندگی خودتم بزور بر میای تا برسه به اینکه بتونی هزینه هایی که برات کردن رو جبران کنی حداقل باید بری شهری که پزشکای زنان شلوغی داره و همکار ماما نیاز دارن اینطوری درامد خوبی هم گیرت میاد.,1.0942455856950815
374970917,هیچی نمیخوره.کوفت نمیکنه😭😔💔,3.425440131591025
thread_18077956_starter,"فقط بگید جای من بودید چیکار میکردید ترخدا
چتاشو دیدم با یکی دیگ گردن نگرفت ک هیچ پرو پرو برگشت گفت تو مریضی میخوای ابروی منو ببری،تو مهمونیا هم روم یه سره زومه ک ببینه من چیکار میکنم من چقدر مثلا به زن صاحبخونه کمک میکنم جوری بعدش منو انالیز میکنه ک انگار یه سره تو مهمونی چشمش رو من بوده اگر  یه حرکتی کنم ک اونو بی احترامی ب خودش تشخیص بده همونجا تو مهمونی یا تو گوشم با صدای اروم و پرخاش زیاد تذکر میده یا بی صدا بهم یه جوری چشم غره میره ک باید ببینید مثلا چرا واسم ته دیگ برنداشتی،مثلا کیف لوازم ارایشم دم دستش باشه بازش میکنه با یه حالت چندشی نگاه میکنه ک مثلا کرمت مالیده به در قوطی تو چقد چندش و کثیفی،سر یه چیز عادی ک اذیتم کنه باهاش صحبت کنم خیلی اروم،باز عصبی میشه به شدت بعد کوتاهم نمیاد اخرین بار با عصبانیت زیاد گفت منو سگ نکن،از چشم غره هاش میترسم تاحالا منو نزده ولی یعنی دست بزن داره؟
قبل عقد ابدا خسیس نبود الان دونفر میریم بیرون یه شیرکاکایو میخره😑اول گفتم قسط داره ننداره شاید ولی بادوستش رفتیم بیرون دیدم زن دوستش هرجی میخواد این میره میخره",6.53369952611895
389493326,"به نظرم سنگ کیسه صفرا حتی با دراز کشیدنم اوکی نمیشه
برو پیش یه دکتر خوب سونوت کنه حامله ام هستی خیلی شرایط حساسی داری
من دو روز کامل درد داشتم شدید رفتم سونو گفت کیست داری توام برو ببین چیه",1.0942455856950815
thread_10632887_starter,"ترخدا خیلی نیاز دارم با کسی حرف بزنم
شوهرم آدم خوبیه ولی وقتی عصبی میشه هیچی نمیتونه جلوشو بگیره
بخاطر عید بخاطر بچه ک تو شکممه من پیش قدم شدم برای آشتی حرفای خیلی زشتی زد خیلی زشت یعنی حتی نمیتونم ب زبون بیارم بزور آشتی کرد بعد گف کاش بمیری یعنی قلبم تیک تیک شد هم اون حرفای زشتش هم این حرفش دلم داغونه میشه آرومم کنین (ایشالا مثل من نباشین زندگیتون سیاه نباشه) راستی قبل این ک بفهمم باردارم قهر بودم تا ۲ هفته خواستم جدا شم ک فهمید باردارم اخلاقش خوب شد نمیدونم چرا دیشب یهو عوض شد ،،،روم نمیشه ب خانوادم زنگ بزنم عید رو تبریک بگم می‌فهمن از رو لحن حرف زدنم،،،اینم چون با من مشکل داره ب خانوادم زنگ نمیزنه عید تبریک بگ چیکار کنم ک خانوادم عید بدی نداشته باشن نفهمن ترخدا ترخدا فقط منو آروم کنین ترخدا حالم وحشتناک بده",7.31076437475093
thread_13249429_starter,سلام من چند هفته پیش یه سقط داشتم ولی حدود ۱.۷ میل ازش باقی مونده دکتر بهم قرص ضد بارداری داده الان بعد خوردن ۴ تا از اون قرص ها یه باره خونریزی مثل پریودی پیدا کردم چیکار کنم به نطرتون؟,4.202504980223006
299807877,دخترم 10 سالشه روزی چند بار خودمو نفرین میکنم چرا یه بچه دیگه نیوردم تو رو خدا اگه پولشو داری بیار، بعدش عمل کن رژیم بگیر لاغر کن،،،، ولی بچه رو بیار، دیگه اگه سنت بیشتر بره بالا دیگه نمیشه،،،،،،،، ای خدا تنها تنهاااااااااااااا حسرت زندگیم اینکه نزاشتم باز بچه بیارم،،، دخترم تا یکی و میبینه خواهر برادر داره ناراحت میشه غر میزنه واقعااا دیگه خسته شدم,5.756634677486968
408724496,منم رو خیلی ها امتحان کردم درست در اومده این خرافات نیست برا خودمم دست زدم به موهام دختره,1.0942455856950815
336642133,"اخه من گفت ساک مشخص نیست
میدونی اخرین پریودیم ۱ فروردین بوده
تا امروز ۵ اردیبهشت پریود شدم😭😭😭😭",4.202504980223006
thread_16533974_starter,"سلام من اومدم تجربه خودمو باهاتون به اشتراک بزارم
تو ازمایش خون غربالگری اول احتمال سندرم داون من 1به 154 بود و چون همون موقع فرودگاه مشهد و تهران و زده بودن سلفری انجام نمیگرفت و من حتما باید آمنیوسنتز انجام میدادم. به کلینیک افرینش رفتم و اونا هزینه امنیو رو 12تومن گفتن و کلینیک نسل فردا 15 تومن و این کلینیکا هزینه امنیو رو به خاطر اینکه سلفری انجام نمیشد اینقد بالا برده بودن در حالی ک ازمایش سلفری ک همیشه گرون تر از امنیو هست قیمتش 7و 300 بود. من بعد پرس و جو رفتم پیش خانوم دکتر رویا جلالی خدا خیرشون بده تو مطب ازم نمونه گرفتن و برخلاف تصور و استرسی ک داشتم واقعا درد نداش  و نمونه رو بردم بنیاد ژنتیک خراسان ک هزینه انجام ازمایش ازاد میشد 5تومن ینی شما اگه بیمه داشته باشین قبول میکنن و هزینه براتون کمتره در صورتی ک تو کیلینیکا کلا بیمه مطرح نبود و کل هزینه آمنیو من با نمونه گیری شد 7و نیم و خدارو شکر جواب ازمایشم تو دو هفته اومد و بچه سالم بود شکر خدا. و فکرم نکنید ک شاید هزینش کمتره پس مورد داره بنیاد ژنتیک دولتی و کیلینیکا خصوصی فرقشون تو اینه فقد",2.648375282959044
thread_18013565_starter,"سلام خانوما من 12 هفته هستم
سه چهار روزه دندونم شدیدا دردمیکنه پوسیدگی داره تو این سه چهارروزه سوراخم شده
هر دندونپزشکی رفتم میگه نمیتونیم کاری بکنیم
شما تجربه ای دارین؟باید چکار کنم دردش آروم بگیره",4.979569828854988
thread_16810583_starter,"رفیق صمیمیم که  با یه بچه فوت شد یا پدر بزرگم که عزیزترینم بود فوت شد
گریم نگرفت و ناراحت ام نشدم عادی بودم
الان دیگه خیلی بدتر شدم💔انگار آدم نیستم 😭
قبلا انقد با آدما مهربونم بودم به واسطه کارم که فروشندگی بود
الان از آدما فراری ام
حتی دیروز همه خانواده رفتن اطراف شهر اما من تنها موندم تا الان از خواب پاشدم
حس بدی به آدما دارم
چکار کنم 💔
متولد فروردین ۸۶ام",4.202504980223006
360580404,"الان میرسم سرکلاژ کنم؟
دکترم گف همین هفته برو سونو بده اگه سرویکست ۳۰شده یعنی خطرناکه حالتت. باید بیای بت میگم چکارکنی . گفتم فردا برم سونو بدم ان شالله",4.202504980223006
390684836,نمیدونم چرا باید آدمایی مثل تو واس آدم نظر بذارن... خب بارداری خیلی دوران حساسیه و من مدلش رو بخاطر عفونت پرسیدم مثل اینک بعضیا یه موادی دارن باعث عفونت میشن تو برو مغزتو شست و شو بده وگرنه چیزه طبیعی هست,1.8713104343270626
thread_13400353_starter,"سلام دوستان کسی بوذه که عمل سپتوم انجام داده باشه و بعدش توی بارداری سرکلاژ بشه؟ بارداریتون چطور پیش رفته؟
من سپتوم داشتم لاپارا هیسترو باهم جراحی کردم بعد ۴-۵ ماه با اولین اقدام باردار شدم
سه ماهه اول خیلی به خودم فشار اوردم یعنی تا ۵-۶ سرکار بوودم بعدشم کارای خونه مسافرتم داشتم
غربالگری اول طول سرویسم۳۶ بود توی ۱۵ هفته به ۳۱ رسید
بعد دو هفته استراحت کردم ۳۴ شد ولی دکتر گفتن بهتره سرکلاژ بشی
خواستم ببینم کسی با شرایط من بوده بارداریش چطور پیش رفته",4.979569828854988
335128515,"عزیزم منم سه ماه اول نرمال بود ولی دقیقا یک ماه بعدش اینطوری شدم قند ۹۵ نرمال هست چون زده باید تا ۱۱۵ باشه ولی دکترم گفت قند ناشتات نرماله ممکنه بعد از غذا یه کم بره بالا پس شبی یه دونه متفورمین ۵۰۰ بخور
از همون شبی که خوردم دیگه سرویس نرفتم فقط به بار میرفتم
و اینکه من مایعات خیلی میخورم اما نهایتا دو بار برم سرویس وقتی زیاده روی میکنم
شما قند ناشتات چند بود؟",1.8713104343270626
397935853,وای دقیقا منم میگم یکی دو ماه دیگه بازم اون خونریزی میاد سراغم این نه ماه فقط پریود نشدنش کیف داد البته ببخشید من بخاطر عفونت ترشحات خیلی زیادی داشتم روزی دوبار مجبور به تعویض لباس زیر میشدم کم از پریودی نداشت ولی خب بازم بد نبود 😅,1.8713104343270626
408654047,خدا کنه واقعا درد امانم بریده میزنه به پاهام,4.979569828854988
335566521,"میشه سوالمو جواب بدی
من حواسم نبود بعد یه ماه استوری اکسمو سین زدم
اون شاد بود
اونم متوجه شد!
الان من واکنشم چی باشه؟؟؟ استوری شاد بذارم یا غمگین",2.648375282959044
318347429,"توی بندناف بچه هاسه تارگ هست یکیش سیاهرگه دوتاش سرخرگه ولی مال من برعکس بوده یعنی دوتاسیاهرگ ویه سرخرگ که بهش میگن تک شریانی.توی سرشم دوتاکیست بوده.😭😭😭😭
دکترا میگن چیزی نیس اما من میترسم 🥺🥺🥺🥺",5.756634677486968
399783648,"وای دختر این حرفا چیه میزنی؟ همش با خودت بگو چرا مشکل داشته باشه اخه؟ قلبش سالم همه چیش اوکی ...
توروخدا سخت نگیر من انقدر سر سونو ان تی حرص و جوش خوردم پشیمونم به خدا",1.8713104343270626
374821752,امسال کلا سه ماهه زمستون یا تعطیل بودن یا ساعت نه به بعد اومدن و به هیچ کسی پاسخگو نیستن ولی کارمندای دیگه زیر دست مدیر و معاونت اگه نیان یا کم کاری کنن سریع بازخواست میشن و پنجشنبه ها هم که میرن سر کار پنج فروردین هم تعطیلاتشون تمومه تابستونم هستن بعد اینا نمیگم همشون چون بی انصافیه ولی خیلی راحت طلب شدن فقط چون نظارت درستی  نیست پدر و مادرا هم اهمیت نمیدن برن اداره آموزش پرورش اعتراض کنن ما زنگ زدیم حراست گفت باید حداقل چند خانواده با هم بیان شکایت تا تعویض شه یا اخطار بگیره,3.425440131591025
thread_14692231_starter,"به خر الماسم بدی باز یونجه میخواد , بحث بحثه لیاقته!️
بهم خیانت کرده بود بی لیاقت",4.202504980223006
thread_8358399__moon_l__1401/01/03 04:21,ان شالله همش دوماه مونده تا زایمان🥺 خدا به خير بگذرونه,2.648375282959044
323214303,"واس دو نفر
ی  لیوان پر ازین فرانسویا آرد
ی تخم مرغ
روغن ۳ قاشق غذا خوری
یه قاشق چای خوری نمک
مایه خمیر ۱ قاشق چای خوری
آب یا شیر نصف لیوان فرانسوی (آب آبش زیاد بود آرد یکم اضافه کن ..اگروآب کم شد ی کوچولو آب بریز)
اول مایه خمیر بریز تو لیوان شیر یا اگه آب دوست داری
۳ دیقه بمونه ..
بعد بریز تو ظرف و تخم مرغ نمک ی کوچولو اگه خواستی شکر اضافه کن ..هم بزن چند ثانیه روغن هم بریز
بعدم آرد بریز ...هم بزن ...۱۰ دیقه ورز بده تو ظرف
بعدم بزار کنار ۲ ساعت
و آمادس",1.0942455856950815
412269301,"24
همش بهونه میارن پسرا، دوستام همه بخت هاشون باز شد نمیدونم چرا من نمیشه ☹️💔هی میگن چرا میخوای ازدواج کنی من درسمم خوندم دیگه دوست دارم ازدواج کنم بچه دار شم",2.648375282959044
370556293,جوونی جدا شو ،با این مردک خدای نکرده هزارتا مریضی لاعلاج میگیری ،زیگیل متحرکه,1.0942455856950815
401479313,"بهش توضیح  بده که ارث پسر دوبرابر  ارث دختر است
و شما هر چی داشته باشید بعدا باید بزارید کنار تا خونه و ماشین و مغازه بدید به پسرتون و اونا خیلی محدود میشن دیگه چیزی نمیگه
احتمالا دیده خودت  دلت می خواد
و گرنه چرا دنبال میراث خور باشه؟؟",1.0942455856950815
412954877,"ببین من بسیار. حساسم و نکته سنج
ولی ایشون نیت شون خیر بوده
با همسرت در میون بزار
یک مدت دست نگهدارین تا وضعیت مملکت معلوم بشه .",1.8713104343270626
thread_16003885_starter,"مامانم فردا جواب آزمایش آمینو سنتزش میاد ۲۰ روزه صبر کرده براش و فردا میره به دکتر نشون بده خواهش میکنم دعا کنید و صلوات بفرستید🥺🥺🥺🥺
مامانم خیلی نگرانه
آزمایش آمینو سنتزش برای سالم بودن بچس و دکتر شک کرده بود و نوشت
خواهشمندم دعا کنید 🤲🤲🤲🤲🤲🤲🤲
خبرشو توی همین جا میزارم فردا🤲🤲🤲🤲🤲",4.979569828854988
385220489,نه دست شما درد نکنه🙆🏻‍♀️🤝,1.0942455856950815
thread_17918987_starter,"امروز سونو هفته 34 بارداری دادم که دکتر گفت سر پسرم خیلی بزرگه و آب دور مغزش ده میلی متر هست. همه چیزش تا امروز طبیعیه طبیعی بوده فقط رشد جنین جلو بوده اما امروز اینو گفتن. حتی تو سونو هفته ۲۸ هم عددش ۷.۴ بوده!
خیلی نگرانم. کسی میتونه راهنمایی کنه؟ خطر داره؟
اینم باید اضافه کنم که همسرم قدش 194 سانته و هیکلش درشته و کلا بچم درشته! ولی خب سرش تو این هفته ۳۴ سانته و این آب دور مغزش عددش ده هست",5.756634677486968
392855827,انشالله که زایمانت خوب و راحت میشه و نی نی سلامت بغل میگیری..😘🥰..دوستم میشه واسه باردار شدن منم دعا منم خیلی سال منتظر دومی هستم دعام کن منم همین ماه باردار باشم خواهرانه دعام کن🥺💚🙏🤲,2.648375282959044
thread_17956029_starter,سلام خانما من 7هفته ام امروز عضلات شکمم مثل وقتی سرمامیخوری گرفته و سفت شده طبیعیه؟,2.648375282959044
379682262,"دقیقا
برا منم ۱۴ هفته دکتر با قطعیت گفت دختره و نوشت تو برگه.
حالا نمیدونم اعتماد کنم یا نه",1.8713104343270626
358458518,حداقل بذار 1 هفته بگذره بعد برو . سونو هم باید هفته 3 اینا بری الان زوده,1.0942455856950815
412138630,عزیزم یه سوال دارم ممنون میشم جوابمو بدی .....برا پروسه وکیل و وکیل گرفتن .باید اول پول بدیم ؟و اگه بخایم بریم راهنمایی بگیریم چقد هزینه میخاد,1.8713104343270626
374110242,"حالم بدتر شد همین یه هفته پیش خواستگاریم بهم خورد مادر پسره زد زیر همه چیز
سنتی بودا ولی واقعا تحقیر شدم",4.979569828854988
408179261,سآری واقعا دوره برای اینکه بخوام زود به زود برم🥲,1.8713104343270626
413469458,"متوجه هستی که با این وضع اقتصادی با حقوق نرمال خرید خونه بسیار بسیار مشکله، و تا بخواد بخره شما دیگه سن بچه دار شدنت گذشته...
مرد خوب رو از دست نده، بالاخره میشه چاره اندیشی کرد، بنظرم حنیفه
همین می نی سایت پر از خانم هایی هست که دارم بابت همسر ناله ها می کنن...",1.8713104343270626
257972125,خیلی نگرانم 😭 ۲۷بود طول سرویکس الان ۳۰,4.979569828854988
thread_18050661_starter,"خانوما این کاربری برای خودم نیست انقد دلم گرفته بود گفتم بیام با شما درد و دل کنم،
چند وقت پیش تو گوشی شوهرم پیامای مادرشوهرمو دیدم، که برای شوهرم نوشته بود زنت به خودش نمیرسه یواش یواش داره مثل مادرش میشه و تو این مورد به مشکل میخوریم،
شوهرم چیزی نگفته بود
حالا مادرشوهرم از اون زناست که دائما تو آرایشگاهن و دنبال کاشت ناخن و...
شوهرم 29 سالشه و وقتی باهم ازدواج کردیم هیچی پس انداز نداشت من مجبور شدم ماشین بخرم خونه بخرم و...
و انقد رفتیم تو قرض و قسط که واقعا چیزی برامون نمی مونه که خرج خودمون بکنیم
اصلا حرفای مادر شوهرمو یادم نمیره😭",6.53369952611895
thread_16319845_starter,من یه سقط داشتم‌ هفته پیش.میبینم خانماوقتی سقط میکنن فورااولین سوالشون اینه کی خیلی زدمیشه اقدام کرد؟امامن دیگه حرات ندارم ونمی تونم بهش فکرکنم که اقدام کنم وبارداربشم روحیم داغون شده دیگه اصلاتحمل یه سقط دیگه روندارم 😰😰😰نمی تونم به بارداری واقدام فکرکنم.,6.53369952611895
thread_17253815_starter,"سلام من تازه وارد شش هفته شدم
اما امروز سرگیجه دارم
طوری که میخوام بیوفتم
به نظر شما عادیه
البته امروز صبح آزمایش قند ناشتا هم داشتم",3.425440131591025
405671482,کمر درد هم دارم اما خفیف تر چند روز مونده به موعدت,1.8713104343270626
392646101,خیلی هم ربط داره یه هفته دایم در خدمت اقتصاد خونه بوده یه نیم ساعت هم در خدمت لذت2نفره باشه، شما خودت مثل من شاغل نباشی میتونی هر شب لذت ببری، شاغلها جمعه خونه هستن میتونن برنامه شون را اجرا کنن,1.8713104343270626
378831121,من موندم چرا داری از چند تا جغد دیگه این سوالو میپرسی، ما اگه راه حل بلد بودیم الان بیدار نبودیم🙄😁,1.0942455856950815
thread_12335936_05mahnaziiii_1402/08/08 13:31,نه کلا انگار یه ترسیم دارم دست بهم بزنه میگم نکن خدایی نکرده بچه چیزی نشه 🥴,3.425440131591025
thread_15936173_starter,سلام خانوما من باردارم ۱۴هفتم هست متاسفانه آبله مرغان گرفتم ، قبلا نگرفته بودم حالا از شانسم اینجور گرفتم ، دکتر رفتم گفت از ۱۰۰درصد ۳درصد ممکنه به بچه آسیب بزنه . میشه بگید کیا تو بارداری اینجوری شدن یا تو اقوآم بوده ؟ بچشون سالمه؟ بخدا از دیروزه دارم فقط گریه میکنم,6.53369952611895
398042122,۶ هفته برا هماتومه من تا ۱۲ هفته طول کشید همون شیاف خوبش میکنه ب مرور,1.0942455856950815
411594441,فردا برید دکتر حتما عزیزم.الان استرس فقط شرایط رو بدتر میکنه نگران نباشید.تست بتا دادین؟از لحاظ خارج رحمی بودن چک شدین؟,1.0942455856950815
thread_16034545_starter,"۳۲ هفته شدم امروز از چند روزه خیلی کم شده تکوناش در حد ی فشاره
موقع نشستم مثل قبل وول نمیخوره و فقد موقعی که به پهلو‌دراز میکشم ی کم بیشتر میشه اونم حالتی که خودشو سفت کنه و همش ی قسمت هستش
استرسم گرفته چیزی نشه😭😭😔💔",6.53369952611895
343581803,"خوب این درمان داره یا چی
سقط میکنن بچه رو یعنی🥺",3.425440131591025
thread_13917281_starter,"من هفته های اول بارداری خیلی گردن درد داشتم در حد که اصلا قابل تصور نیست.تا هفته ی۱۴ صبر کردم دیگه درد امانمو بریده بود
زنگ زدم منشی دکتر گفت پماد موضعی اشکال نداره.
منم چند باری پماد رادیان که گیاهی هست زدم و خوب شد. الان استرس شدید دارم نکنه چیزی بشه",5.756634677486968
393550384,کمر درد که کاملا توی بارداری طبیعیه ولی الان دوره حساسی هستی نباید خیلی خودت رو خسته کنی مراقب باش و استراحت کن,1.0942455856950815
354658144,درد باسنو منم دارم میگن ماهدرده😐😫😫,2.648375282959044
412670015,ای جانم😍شیطون و دوست داشتنی،جنسیت نی نی مشخص شد حتما بهم بگوکه منم ذوقشو کنم🤩,1.0942455856950815
349058786,کامل کامل که نه.شرتش همیشه چکه می اندازه ولی مستقل شده .تقریبا .هرچند هنوز یه زمانایی کنترلش از دست میده که دکتر گفت دست خودش نیست و آزمایش و اینا نوشته هنوز جوابشو‌نکرفتم.ولی درکل دکتر سونوگرافی هم گفت بعضی بچه ها دیر کنترل ادرارشون بدست میارن,2.648375282959044
thread_12771315_ثنا_ثنایی_1402/10/16 19:09,"ببین اینا یجوری مختو میزنن ک خودتم نفهمی
فاصله بگیر زودتر ازش
اینا خیلی سمی ان
از اول با فریب و حیله وارد میشن فقط برای رسیدن به س..کس
۹۰ درصد هم موفق میشن
ازش دور شو",1.8713104343270626
282666403,من کلا استرسم، هرشب با فکرای بد و مرگ و اینا میخوابم,6.53369952611895
413934665,"اگر عرضه داره بمون به پاش،منم ۲ ساله با پارتنرمم اوضاع مالی پدرش خوبه هر دو هم مادر هم پدرش کارمند بودن و الان فروشگاه دارن ولی خب بحث بحثِ پسرشونه اوایل رابطمون اوضاع مالی خیلی خوبی داشت بعدش ورشکست شد الان هیچییی نداره حتی ماشینش رو هم فروخت برا قرض و بدهی ولی اینو مطمئنم ک جنمشو داره
میتونه روی پای خودش وایسه تا چند سال آینده
بنظرم اگر پسر خوبیه بمون",3.425440131591025
341837047,استرس گرفتم 🥺,3.425440131591025
384588914,"ببخشید ولی منم نظرم همینه
حالا اونا شعور ندارن این همه مهمون دعوت میکنن
تو چرا مراعات حال بچه تو نمیکنی؟؟؟
خرده فرمایش داشتن، آه و ناله میکردی میگفتی نمیتونم.
شوهرت اخم و تخم می‌کنه به درک
فک کردی همه زنا موقع حاملگی شوهرتون فقط لوسشون میکنه؟
مرد که این چیزا رو نمی‌فهمه. دو روز بعدم یادش می‌ره. فوقش جلو اونم آه و ناله میکردی.
اتفاقا الان چهار سال دیگه یادشون می‌ره عروسی یا مراسم باشه، میریزن سرت دوباره.
ولی اگر سرویس نمی‌دادی یه کم بر میخورد بهشون، دیگه یه عمر راحت بودی.
حالا از این به بعد حواست باشه.
دیگه هم غصه نخور استرس هم اصصصلا نداشته باش.
هیچچچچی نمیشه",1.8713104343270626
thread_15965037_starter,"مشکل ذهنی نداره نمیتونه راه بره
نمیدونم چیکار کنم تولدو
خودم همکارام دوستام‌ برام میگیرن
معلمم تو مدرسه بچه های کلاسمم میگیرن
ولی دلم نمیاد خواهرم عکس نگیره
ایده دارین براش ؟
سخته کافه اینا بردنش
لباس چی بگیرم بپوشیم هیچی ایده ندارم",3.425440131591025
thread_9453838_starter,"اختلاف داشتیم بعد چندماه صحبت میکنیم ولی خانوادم هی میگن چی میگفت بهت وقتیم نمیگم دعوا میکنن
بعدم هی میگن حرف نزن باهاش رو نده منم عصبی میشم😔خب آخه مگه بچه ام",4.202504980223006
thread_15902238_starter,سقط در دوماهگی چجوریه،من صبح رفتم دستشویی،یه لخته از من دفع شده,4.979569828854988
364753932,"يعني از هر ٢٥٠ نفر با اين وضعيت ١ نفر سندروم داره
نگران نباش برو سلفري بده",1.0942455856950815
thread_15938609_starter,"سلام خانوما من ۲۲ سالمه تو غربالگری که تو ۱۳ هفته انجام دادم زده ریسک ۱ به ۱۲۴۰ ولی دکترم بهم نگفته و الان ۳۰ هفته شدم یه دکتر دیگه بهم گفت و الان حالم خیلیییی خرابه و داغونم .
اینم بگم تو آنومالی و سنو هام همه چی نرماله .
به نظر شما چیکار کنم.",5.756634677486968
413509155,"اره دیگه ولی بهش میگم حتی خودتم کلی چیزا هست که میخوای باهم تجربه کنیم و باهم خیلی جاها بریم
اول باید جلوشیم توی زندگی و هرچیزی که خوبه رو باهم تجربه کنیم و عاشقی کنیم بعدش بچه",1.0942455856950815
413465170,زیاد سخت نگیر درست سخته ولی خب یه شب درهفت چیزی نیس بنظرم چهارماه خیلی لوس میشه براش دیگه بازم هرجور خودت صلاح میدونی اقایون بعد یه مدت به چیزی اصرار نمیکنن دیگه و شور و شوقشون فروکش میکنه,1.0942455856950815
413625762,"چقدر خوندین؟ فقط میشه بگین رقابت تو رشتتون کم بود یا زیاد؟
اطلاعات قبلیتون چطور بود؟ چون من هرچی میخونم برام جدیده
اگر درسای لیسانسم بود کارم راحت میشد
من شنیدم قبولی ارشد راحته ولی خب بازم بستگی داره رشته پرطرفدار باشه یانه",3.425440131591025
407794699,"پس نگران نباش همون 8 هفته ت برو سونو
منم مثل شما ندیدن یادمه دوشنبه شکمی دادم کیسه زرده و ساک بود دکتر گفت شنبه برو واژینال من قطب جنینی رو ببینم دارو شروع کنم آخه تجربه سقط دارم
رفتم واژینال ضربان قلب رو شنیدم نگران نباش
هر چه بادا باد
واقعا حاملگی همش استرس
نمیدونم قدیما چمیکردن",2.648375282959044
404874144,"مامان من منو ول کرد پنج روز بعد زایمانم رفت یه شهر دیگه نامزدی بگیره برا داداشم
اونم نامزدیش بهم خورد
عزیزم تنها نیستی
ولی به غیر اون خوبیایی هم داشته مادرم نمیتونم از حق بگذرم احتمالا براتوهم خواهد داشت در اینده
الان حامله ای حساسی درکت میکنم",3.425440131591025
413619204,"من الان بعد حرفی ک زدم نمیخام دیگ گفتم باشه و بلاک کردم یه چند بارم تو همین بحثا ک پیش اومده بود و بحثمون شده بود من پیش قدم شدم الان بنظرت از بلاکی در نیارم بهتر نیس ؟اگر بخواد حرف بزنه غریبه ک نی شماره مامانم بابام و خونمون زنگ بزنه اصلا بیاد خونمون یا با گوشی یکی دیگ مثلا باباش زنگ بزنه بهم همه اینا هست اگر واقعا میخواد منو اونم از غرورش  بیاد پایین ؟؟یا نمیدونم شایدم نیاد این بحث طول بکشه
شایدم نباید زندگی کرد با این فردی ک تلاشی برا موندن زنش نمیکنه",4.979569828854988
334969203,"بابا نگران نباش .
اینجوری بخایی نگران هرچیز کوچیک باشی تا اخر بیچاره میشی
از همه دو سه روز هی کم و زیاد میشه مثلا من تو انومالی میگفت دور شکمش ۱۸ هفته و ۳روزه
دور بازوش ۱۸ هفته ۶ روز",1.0942455856950815
thread_17990019_starter,من برای صورتم تحت نظر دکتر بودم، خیلیم سخت از دکتر نوبت گرفتم و بعد کلی نتیجه نگرفتن پیداش کردم، یه نوبت رفتن صورتم بهتر شد ابن دفعه که رفتم یکی از داروهایی که نوشت گفت باید یک شب درمیون بخورم راکوتانه، بهش گفتم من میترسم چون متاهلم قصد بارداری ندارم ولی خب اگه باردار بشم خدایی نکرده دردسر سقطش خیلی بیشتره، میشه لطفا راهنماییم کنید؟ گفت تا دوسالم نباید اقدام کمم، الان جوشای صورتم خوابیده میترسم دوباره بگرده،از طرفی واقعا از خوردن این دارو میترسم،چیکار کنم؟ بهش بگم دارو جایگزین بده درمانم تحت تاثیر قرار نمیگیره؟ خیلی ناراحتم,5.756634677486968
413646029,"کلا خانواده شوهر من بی ادب هستن
شکی در اون که اصلا نیست😅
صبح اون خواهرشوهرم که نیومده بود تماس تصویری گفت با خواهرش که با بچه اومده بود خونه ما. بعد با بچه شروع کرد حرف زدن. شعورش نرسید بگه گوشی رو بگیر با داداش و زنداداش صحبت کنم
با چنین خانواده ای طرف هستیم 😉",3.425440131591025
368439587,عزیز شما کمر دردتون درست شد؟چه مدت درد کمر داشتین در طول بارداری؟,1.8713104343270626
thread_16601366_starter,"دکتر طهماسب ویزیتم کرد
اسمشو یادم رفت گفت کدوم سونوگرافی برم",1.8713104343270626
337616795,"از دکترت بپرس ان شاالله که مشکلی پیش نیاد
برات صلوات فرستادم ان شاالله  بارداریت به سلامتی باشه گلم...
اگه دوست داشتی برو این مطالبو بخون برای زیبایی و هوش و خوش اخلاق و خوش روزی بودن بچه و........ داره
اگه دقیق انجام بدی نتیجه صد در صدی میگیری .
دوستم پسر داره من دختر اون تو بارداریش بیشتر انجام داد و دقیق تر .. دختر من هرجا میرم ازش عکس میگیرن میگن وای چقدر قشنگه .. ولی وقتی با پسر دوستم هست همه توجه ها به اونه از دختر من خیلی قشنگتره
اگه میخوای بچت تو فامیل از همه نظر زیبایی و اخلاق و... تک باشه بخون و انجام بده .. فقط اونایی که می‌ترسی نخور مثل رازیانه و....❌️❌️❤️
فارغ از هر دین و باوری آدم دوست داره بچه های باهوش وسالم و خوبی داشته باشه ... که نه غصه دیر راه افتادنش یا دیر حرف زدنشو داشته باشه نه غصه ناله نفرین دیگران...🚫
اگه دوست داری بچه باهوش و خوش اخلاق و باایمان و زیبا داشته باشی این مطالبو بخون و انجام بده ❌❌❌
یادت باشه
شخصیت و اخلاق و ایمان و عقل و همه چی بچت به دست تو میخواد شکل بگیره... پس حسابی تلاش کن ..
توی حاملگی همه کارارو بکن بچت دنیا بیاد نصف راهو رفتی
یه مثال هست که میگه ذات بد نیکو نگردد چون که بنیادش بد است ... پس بنیاد بچتو عالی بساز .. وسعی کن تو اون نه ماه از گناه دوری کنی ....
غیبت ..تهمت...حسودی... دروغ.. یاهرچی که گناهه تو اون نه ماه دوری کن ازش 💓موفق باشی
🟥 چون ❌️🟧❌️🟧❌️ سایت اشکال داره لینک آبی نشد روش نگه دارین بعد بزنین بازکردن
https://www.ninisite.com/profile/forum/topic?topicId=10683214&slug=%D8%AE%D8%A7%D9%86%D9%85-%D9%87%D8%A7%DB%8C-%D8%A8%D8%A7%D8%B1%D8%AF%D8%A7%D8%B1-%DB%8C%D8%A7%D9%87%D8%B1%DA%A9%DB%8C-%D8%AF%D8%B1-%D8%A7%D9%93%DB%8C%D9%86%D8%AF%D9%87-%D9%85%DB%8C%D8%AE%D9%88%D8%A7%D8%AF-%D8%A8%D8%A7%D8%B1%D8%AF%D8%A7%D8%B1-%D8%A8%D8%B4%D9%87-%D8%A8%D8%AF%D9%88-%D8%A8%DB%8C%D8%A7&postId=321174568",1.0942455856950815
295175694,"برا من سر پسرم فکر کردم عقلش می کشه حداقل یه شاخه گل می خره ولی دریغ از یه آبنبات، خانواده شوهرم هم پا شدن اومدن بیمارستان دست خالی شیرینی هم نگرفته بوون کارد می زدی خونم درنمی یومد،  من خوش خیال به مامانم قبل زایمان گفتم که شوهر و خانواده اش گل می گیرن دیگه شما عروسک بگیرین مامانم رفت یه خرس خوشگل خرید و آورده بود بیمارستان بعد زایمان دیدم زهی خیال باطل با چه احمق هایی فامیل شدم و خبر نداشتم
سر دخترم شوهرم گفت گل می خرم میارم گفتم گل بخری کشتمت، فرق نذار بین بچه هامون مت سر اولی ذوق داشتم که نیاوردن برا دومی هم نیار، بعد زایمان شوهرم یه نیم ست طلا آورد بیمارستان انداخت گردنم، مامانم و خواهرم گل خریده بودن",4.202504980223006
359785539,شما آپارتمانین...ما خونه حیاط دار.همسایه دیوار به دیوارمون انکار از پشت کوه اومدن...ساعت ۱‌و۲نصف شب میان‌خونشون چنان درو به هم میکوبن دیوارها میلرزه..هرروز دعواشونه..بهم فحش های خییلی زشت  میدن.. نصفشو میفهمم چی میگن..نصفشو چون همزبان مانیستن نمیفهمم چی میگن..شیشه میشکنن...,5.756634677486968
398935208,خودت رو درگیر این تفکرات نکن ...اینرو دوستانه از من که اعتقادی به چیز یا کسی ندارم بپذیر ...واقعا آسیب میبینی.هر وقت همچین تصوراتی خواست بیاد واست ذهنت رو به یه چیز دیگه ...حتی مشکلات منحرف کن,1.0942455856950815
362464019,"واسه من درد نداره
گه گداری یه سوزش داخلی از توش میاد",1.8713104343270626
thread_12311774_starter,"من ۵ماهمه و یه ماهی هست خیلی تپش قلب دارم و استرس که واقعا دست خودم نیست ولی خیلی سعی میکنم از فکر و محیط های استرسی دور باشم.
ضربان قلب بچم۱۶۰ بود و احتمالی پسر گفتن تو ان تی.
کیا شرایط مثه من داشتن و بچه سالم و آروم بدنیا آوردن؟",6.53369952611895
338201340,عکس ۱ دخترم الان ۵ سالش بخدا دقیق با الانش نیم رخش مو نمیزنه ولی دومی همین جنین الان هست که مال ان تی بوده و عکس که پست اول گذاشتم اونم انومالی بوده,1.0942455856950815
thread_8195622_noranora_1400/12/03 22:38,بخدا زنم رفتم تو سایت دکتر ساینا دیدم مشاوره تو این ساعت فقط تلفنیه منم شوهرم کنارمه خوابیده نمیتونم حرف بزنم انقد اعصابم خورده که حد نداره من قبلا نی نی سایت میومدم میخوندم ولی عضو نبودم الانم چندان بلد نیستم باهاش کار کنم,4.979569828854988
403160790,"اره حتما
همیشه برای نسل صالح و سالم دعا میکنم ازین ببعد برای بارداری راحت هم دعا میکنم",1.0942455856950815
312439872,"زنده باشید عزیزم ♥️
راستش مشکلمون بیشتر مورفولوژی همسرم بود
ولی گاهی مورفولوژی ام خوب بود و نتیجه نمی‌داد
منم تیرویید کم کار داشتم ولی با دارو تنظیم شده بود
پرولاکتینم گاهی بالا بود
سه بار آی یو آی کردم
سه بار آی وی اف
این آی وی اف که نتیجه گرفتم فرقش با بقیه این بود که جنین ها فریز شده بود و دو مرحله ای یعنی یبار دو تا جنین فریز سه روزه انتقال دادن دو روز بعدش یه جنین فریز پنج روزه که خداروشکر نتیجه داد",1.8713104343270626
329898027,"پس اون دلش برا زنش تنگ شده بهونه میاره
به مادرشوهرت بگو یه روز بعد زایمان بره دیگه بسشه، بعدا دوباره با شوهرش بیاد",1.0942455856950815
thread_7136669_منچ9_1400/06/05 20:41,منم امروز مامانم زنگ زد گفت غذای تازه درست کن غذای مونده خوب نیست مریض میشید😐🤕بیخودی بم گیر داد🤐گفتم مامان من تازه چلو گوشت درست کردم از ۴صبح بیدارم گفت من برای خودتون میگم😑,2.648375282959044
382556102,بخدا 😂هفت ماهگی گفتن دختره هست ماهگی دنیا اومد . بعد فک کن من هیچ خریدی نکرده بودم خودمو آماده دختر داشتن نکرده بودم . همسرم کلی مشکل اخلاقی داشت ک می‌گفت فقط وقتی دختر دار بشیم می‌زارم کنار . اصلن اوضاع قاطی بود تو یکماه باید کل کارامو میکردم 😑,3.425440131591025
374317433,"یکی موقع خواب خوردم یکی الان ده دقیقه پیش
شیر الاغ چطوره دارم ب خودم میپیچم فقط",4.202504980223006
thread_17680465_starter,"خانمها سلام خوب هستید
من باردار هستم و تقریبا ۲۳ هفته . ولی جفتم پایین و قدامی هست و باید کار سنگین نکنم و هماتوم بزرگی هم تو ماه چهار گرفتم دوهفته پیش که سونو کردم گفتند خداروشکر برطرف شده و فقط کمی ازش مونده . ولی خانمها من همش ترس زایمان زودرس و سقط دارم و همچنان روزی دوتا شیاف مصرف میکنم .
گاهی وقتا حرکت تو دلیم خوب احساس نمیکنم و در حد یه یکی دوتا تیک در روز حس میکنم همین نگرانم میکنه و استرس میگیرم . چیکار کنم که دچار زایمان زودرس نشم
از بس نگران تو دلیم هستم شبا همش خوابای بد میبینم
خداجونم خودت بهم کمک کن که به سلامتی هفته ها رو بگذرونم .🙏🥺",7.31076437475093
394908535,"اتفاقا پول اصلا برای من مهم نیس
خیلی چیزای دیگه برام مهمه.
خودم میخوام تا نزدیک ۳۰ سالگی ازدواج نکنم
و واقعا الانم قصدشو ندازم فقط چون خیلی بهم گفتن اشتباه میکنی شک کردم",1.8713104343270626
413945274,"خیلی دلم میخواد ی روز مادرشوهر بشم بفهمم چرا باید ی مادرشوهر، بدجنس بشه و با تمام توانش وقتی میبینه بچش با عروسش خوبه
بخواد گند بزنه به زندگی شون",3.425440131591025
412699032,من 19 هفتم آن تی و آنومالی خوب بود عفونت ادرار داشتم دکتر بهم 6 تا آمپول جنتامایسین زد الآن میبینم همه جا نوشته جنین ناشنوا میکنه دارم از ناراحتی دق میکنم ن ب خودم میرسم ن خونم فقط گریه میکنم,7.31076437475093
309797969,نمیخوام نگرانت کتم برا منم ایتجور بود که دکتر گف مولاره سقط کردیم منم بتام افتضاح میرفت بالا ولی جنین نبود,2.648375282959044
356406284,خیلی ناراحتم نه خواب دارم نه خوراک..صبح ها که از خواب بیدار میشم یهو یه غم بزرگ میاد تو دلم کاش بتونم بگذرونیم این روزارو😭کوچولوم قرار بود اردیبهشت بیاد تو بغلم ای خدا😭😭,6.53369952611895
thread_17991637_starter,یکم گوشت گوسفند خریدن بابام و خب من کلن ادم بشدت دل بد و وسواسیم و حتی از اسم گوسفند حال تهوع میگیرم براهمین برا تمیز کردن اینا چیری بهم نگفتن. ولی یکم بو تو خونه پیچیذه و خب باابنکه تمیز کردن و شستن تو حیاط انجام دادن و فقط تو خونه بسته بندی میکردن من حس میکنم همه ظرفا اشپزخونهبو میده و کثیفه و فرش اشپزخونم کثیفه. واقعا داره گریم میگیره. روزم هستم. دو تیکه ظرف برا نهار بود بااینکه اصلا ظرفا مال گوشت نبود شستن بجز ی سبذ ک گوشتا شسته شذه توش بود. با همون حال رفتم کلی بعدش دستام شستم و کل لباسام عوض کردم و حتی قسمتا بدنم حتی از اب خالی خیس شد شستم. خونه مامان بزرگم ی کوچه پایین تره میگم من برم اونجا افظار کنم حداقل بخدا همبن الان کلی حال تهوع گرفتم و دلم نمیاد چیزی بخورم . غر میزنن ک نه 😭😭😭😭,7.31076437475093
375180666,"عزیزم یه کمی آروم باشین
خداوند به هر کدوم ما یه نوع زندگی داده
مشکل شما این هستش که میخواین همه را راضی نگه دارید ...به مریضی خانواده و ...فکر میکنین...
خودتون را دریابید
جدا زندگی کنین
بپذیرید که این شرایط را دارید
وقتی میپذیریم، زندگی آسونتر میشه
اینقدر تو ذهن تون نجنگید که فرسوده بشین و برید سمت خودکشی
خدا یه چیزایی براتون در نظر میگیره که اشک شوق بریزید
من کسی بودم که از دل مشکلات اومدم بیرون...آخرش خدا براتون میسازه
توکل کنین و تصمیمات درست بگیرین",1.8713104343270626
413345788,به نظرتون با چنین فاکتورها و بی تناسبی دوام و خوشبختی داره؟! شاید خانم از برادر اسی هم سر باشه، ولی تناسبی بین اینها نیست! وصله ناجوره! هر کسی باید با هم شرایط خودش ازدواج کنه!,1.0942455856950815
376618559,"ولش کن مجبوری با این آدم بمونی؟
این که برات شوهر نمیشه
چیزی جز حرص دادنم برات نداره",1.0942455856950815
thread_12664279_starter,دکترم گفت یااین تاریخ یا هفته بعدش ۳۸وپنج روز فقط این دوروزبیمارستانه.۳۷وپنج روز زودنیست بنظرتون؟,1.8713104343270626
thread_14057157_starter,سلام عزیزان اگه میشه بیاید کمک خیلی نگرانم و پر استرس ننیدونم چیکار کنم من چهارشنبه رفتم سونو کنترلی گفتن قلب جنین نمیزنه و تو ۶ هفته و ۳ روز مونده در حالی که هیچ علائمی از سقط ندارم علائم حاملگیهامم تا حدودی برگشته بار اول ۳/۲۳رفتم سونو گفتن که ۵ هفته و یک روزه بار دوم چون مقدار کمی خون داشتم ترسیدم رفتم سونو تو تاریخ۴/۵ گفت که دو قلو همسان هست و۶هفته و ۱ روزه و قلب داره دو هفته دیگه رفتم سونو کنترلی گفت ضربان نداره و ۶ هفته و ۳ روز رشد نکرده و تک قلو هست یعنی این همه تضاد رو نمیدونم چیکار کنم.ولی اگه از روز لقاح حساب کنم چون دورم تقریبا ۲۸ روزه ست برحسب اون بخوام حساب کنم آخرین سونوم میشه ۴۷ روز هیچ اقدامی برای سقط نکردم نمی دونم چیکار کنم😪این دومین باره که تجربه ایست قلبی جنین رو دارم,6.53369952611895
thread_13414985_starter,"خودم قمی هستم ولی عرب عراقم در اصل قم بزرگ شدم شوهرم تهرانیه برای کار باید بیاییم دزفول همش نگرانم نکنه شهر مثل قم یا تهران نباشه ؟؟
دانشجوی ارشد هم هستم مخوام انتقالی بگیرم واسه اهواز !
کلا میشه در مورد شهر دزفول بگید",4.202504980223006
392839463,"سلام منم این درد ها خیلی داره اذیتم میکنه
شیاف چی باید استفاده کنم؟",3.425440131591025
308300129,"چرا همه اینجوری شدید بابا یکم اروم باشید شاد باشید بزارید بچه هاتون فردا تو زندگی استرس نگیرن گریه برای چی برید شکر خدا کنید خدا بهتون بچه داده باهاش حرف بزنید شادی کنید براش کتاب بخونید اهنگ بزارید با نی نی تون برقصید از لحظه هاتون استفاده کنید خاطره ی خوب بسازید
برای منم دعا کنید خدا فرزند سالم و صالح بهم ببخشه",1.0942455856950815
thread_16595500_starter,یه بچه ۴ونیم ساله دارم ارومه شوهرمم کارمند هست و توخونه خودمم. الان باردارم اما ترس افتاده ب جونم نه بخاطر زایمان ؛ از باز دخالت کردن مادرشوهرم از دور شدن عاطفی از همسرم و از روتین خارج شدن زندگیم بعد از تولد بچم میترسم  از اینکه زندگیم درگیر میشه ی مدت…نمیدونم چی بگم خیلی استرس گرفتتم,5.756634677486968
337726225,اره از منم من می‌نویسم مادر اون می‌نویسه مار من می‌نویسم گرمونه اون می‌نویسه گرونه 😑😂,1.0942455856950815
308806344,"باید ۶۰۰کالری تو اون تایم بخوری
سعی کن بیشتر سبزیجات و سوپ باشه
برنجم درحد ۷قاشق سینه مرغ و تخم مرغ آبپز عالیه",1.0942455856950815
366758029,"چندماهته؟
عزیزم نگران نباش زیاد حرکت نکن جواب بده تا بهت بگم",1.0942455856950815
thread_16042670_starter,"من نزدیک یکساله توی اقدام هستم
مدام قارچی میشم دکتر که میرم همش کلوتریمازول فلوکونازول میده یه هفته خوبم دوباره خارش و ترشحات پنیری
این ماه بهم امپول داد همین هفته پیش که فولیکول به ۱۸برسه رسید بعد گفت باید یروز درمیون نزدیکی باشه  تا دوبار نزدیکی شد دوباره قارچی شدم
اخه با این شرایط چطور اقدام کنیم😭",5.756634677486968
299006015,"ن من اصلا هنچین انتظاری ندارم نمیخام دورم بگرده ولی میتونه حداقل یکم بخاطره بچه ای که خودش همش میگفت میخام مراعات کنه
من خودم یکم افسردگی گرفتم نمیخام حالمو خوب کنه ولی حداقل بدترم نکنه",4.202504980223006
thread_13126328_starter,پزشک‌زنانم پیش دکتری میفرستدم که همیشه نازدارن برانوبت دادن الان زنگ زدم گفت تابعدعیدنوبتام‌پره.میخوام برم پیش یکی که خلوته.میگم نکنه خوب نباشه وبه این دلیل خلوته🤔,3.425440131591025
thread_13214757_starter,هرسال مث‌امشب شب پیشواز‌ماه رمضون مامان بابام‌ روزه میگرفتن من ی جعبه شیرینی یا زولبیا بامیه میگرفتم‌میومدم‌خونشون‌براشون افطار درست میکردم بابام‌میرفت مسجد انقد منتظر میموندیم تا بیاد بعد همه باهم افطار کنیم تااخر ماه رمضون همش سعی میکردم بیام باهم‌باشیم افطار انقد توخونمون ماه رمضون مهمه دم افطار هی رنگ ب بابام‌میزدم‌اومدی گوجه بخر این و‌بخر اون و‌بخر بهش میگفتیم تو‌دیگه دیابتت اذیتت میکنه هرکار کنی امسال نمیزاریم روزه بگیری لج‌میکرد من روزم‌و‌میگیرم ما قسم‌میخوردیم نمیذاریم ضعیف میشی اذیت میشی نمیدونستیم‌اصلا قرار نیست باشه ماه رمضون دبگه هرچیم منتظر بمونیم باهم‌افطار کنیم نیست که بیاد خدا بمیرم براش دلم‌تنگه براش بخدا دارم میمیرم برا ی لحظه زنگش بزنم مث همیشه بگم سلام عشقم بگه جان دخترم خدایا دلم‌داره میترکه از وقتی رفته بابام همه مناسبتا پشت هم‌داره میادتیر اخرش ماه رمضون‌و‌عید😭,4.202504980223006
thread_14358441_starter,تولد من توی مرداد بود مامانم گفت یه تومن برات میزنیم اما نزدن یادشون رفته برای تولد زن داداشم چند روز پیش پنج تومن کادو دادن یه ذره دلم گرفت امشب بابامو دیدم یه ذره ازش دلگیر بودم الان اومدم خونه عذاب وجدان گرفتم چرا مثل همیشه باهاش گرم نبودم دارم کریه می‌کنم 😭😭,3.425440131591025
thread_17222063_starter,دو روز پیش بتام ۲۰۰ بود امروز واژینال سونو شدم گفت ساک نمیبینینم یک هفته دیگه تکرار بشه و امروز دوباره تیتر بتا دادم بعد دوروز ۲۴۴ بود دکتر گفته یک هفته دیگه سونو بدی مشخص میشه گفتن احتمال خارج از رحمیه دارم دیوونه میشم😭کسی تجربه مشابه داشته,5.756634677486968
thread_17454816_starter,"۴۰۰کا فالور داره تقریبا، دوتا دختر داره پارسال بارداربود انتی بهش گفته بود پسر بعد ۱۶هفته رفته بود سونو فهمیده بود دختره( اینو من فهمیدم) تونی نی سایت.بچه ۱۶هفتش را سقط کرد😓بعد تو پیجش کلی نقش بازی میکرد و گریه فلان ک خودش سقط شد پسرم راازدست دادم... بعد الان دوباره باردار شده این یکی پسر..
فقط میگم خدا چرا ب اینا انقدر زود میده اما یکی که توحسرته یه بچه هست جنسیتش هم فرق نداره براش نه...",2.648375282959044
401303783,"آب کیسه اسمش روشه مثل آبه. اگر چسبناک هست پس ترشحه و طبیعیه.
باز اگر شک داری دو تا سرفه محکم کن اگه چیزی خارج نشد پس کیسه آب سالمه. اگرم باز شک داری برو تست آمنی شور بده. که البته در سن بارداری شما خیلی بعیده.",1.0942455856950815
247447668,من از پانزده هفته شروع کردم. شما هم هر زمان شروع کنی عالیه. من کلاس آنلاین میرم. خیلی عالیه. آیدی اینستاگرامش رو میدم اگه دوست داشتی یه دوره کلاس باهاش بردار.,1.0942455856950815
413975036,"بهترین کار اینه که لباسای شیک و مد روز برای خودت بدوزی و بپوشی
اگه بقیه پرسیدم از کجا گرفتی بگو خودم دوختم، نپرسیدن هم بحث رو بکشون به جایی که بگی خودم دوختم
بعد هم برای آشناها مثل مادر و خواهر و خاله و عمه بدوز
کارت خوب باشه مشتری پیدا میشه",1.0942455856950815
thread_15586951_starter,"خانوما یه هفته بعد سقط ۲cc بقایا داشتم که خونریزی کم داشتم تخم شوید و بومادران خوردم یه عالمه لخته و یه چیزایی شبیه گوشت دفع کردم ولی هنوز خونریزی دارم الان دکتر بودم چون دکترم خیلی پولکیه گفت بیا مطب برات کورتاژ کنم ولی مگه تو مطب کورتاژ میکنن؟؟
بعد دکتری که سونوگرافی انجام داد گفت ۲cc خیلی کمه با دارو دفع میشه
کسی میدونه چیکار کنم؟",4.979569828854988
thread_16272870_starter,"۳۶ هفته و سه روزم
از دیشب دردای زیر شکم میگیرم
کمه شدتش قابل تحمله و طبق الگو زمانی خاصی نیست
کمرمم یه ذره درد میگیره به زور راه میرم
اسهالم هستم
بچمم تکون میخوره مثل همیشه
چه کنمم
هنوز ۱۶ روز دیگه تاریخ سزارین دارم",4.202504980223006
thread_8880238_دختراسترسی_1401/04/01 00:44,شوهر شما مریض جنسیه و این خیانت براش لذت داره  هیچکس نمی تونه راضیش کنه چون از خودش راضی نیست فقط با مشاور راجبش حرف بزن تو رو خدا اگه قراره این مشکلاتت رو بچه متوجه بشه جدا شو نمیدونی چه تاثیری داره خیانت پدر,1.0942455856950815
369124333,"ببین عزیزم اولین چیز پول آموزش مثلاً من برای یک دوره ۴ ساعته ۳ میلیون پول دادم تازه این فقط برای یک مبحث بود و سرامیک هم پر از مبحث دومین چیز مواد اولیه است که یا گل رس یا گل سفید یا دو غاب که خب رس ارزونتره یعنی هر ده کیلوش باید ۷۰ ۶۰ باشه ولی گل سفید هر ده کیلو ۲۳۰ دو غاب به مارک داره ولی هر ۲۰ ۳۰ کیلوش حدود۵۰۰ میشه
سومین چیز پول قالب که قیمت‌های متنوع داره که اون بستگی به قالبی که می‌گیری داره چهارمین پول ابزاره مثل ابزار کاهنده و غیره که اونا ارزونن پنجمین پول لعاب و آستین که برای نقاشی زیر لعابیه اونا هم بستگی به مارکی که میگیرید داره خود من آستین های ۸۰ تومانی گرفتم تا ۲۰۰ ۳۰۰ تومان آخرین چیز هم کوره و چرخ سفالگری که کور واجبه و قیمتش بستگی به لیترش داره چرخ هم دل بخواهیه کوره می‌تونی اوایل اجاره کنی ولی یکم که گذشت باید بخری و می‌مونه خرید چیزهای ریز مثل قلمو و مهر که دیگه بستگی به خودت و سبک کارت داره",1.0942455856950815
thread_8408022_mamandibba_1401/01/13 00:28,ممنونم قربونت برم... ای کاش یه نفر بود میتونستم باهاش حرف بزنم، اما حتی یه خواهر برای دردو دل ندارن اینجور وقتا و فقط کارم گریه است 😭😭,4.202504980223006
403700566,عوارض خاصی که نه نداشت برای شیردهی هم مشکلی نبود یعنی من اصلا شیر نداشتم شیر خشکی بود بچم.بخاطر وزن زیاد و فشارخون لب مرز,1.0942455856950815
thread_17569660_starter,صبح ساعت ۸ بیدار شدم با وجود ی بچه کوچیک ۷ ماهه اشپزخونه پذیرایی اتاق خواب رو تمیز کردم رفتم سرویس بهداشتی شستم ناهارمو تازه زمانی ک اون اومد ساعت ۵ خوردم حتی ی دست ب صورت خودم نکشیدم همه کارا رو کرده بودم فقط ی چند تا لباس بچه چند تا ظرف رو سینک بود ک گفتم ناهار خوردم میرم اون کارامو میکنم من انسانم ن ربات اومد خونه داد بیداد ک من میخام نصاب ماهواره بیارم چرا زندگی این جوری چرا سینگ اینجوری لباسای بچه رو نشستی گفتم خونه رو مرتب کردم جارو زدم گف من مگه بهت گفتم خونه رو جارو بزنی من بعت گفتم از تو توقعی ندارم توقعم ازت صفر من هیچی نگفتم گفتم فقط این چند تا لباس و ظرف دیدی کارایی ک از صبح انجام دادم ندیدی گفت من توقع ازت ندارم توقعم فقط مسئول کارای بچه ای لباساشو ول کردی رفتی جارو کشیدی با سروصدا میگف گفتم مس توقع اینکارو نداشت باش زنگ زد ب نصاب گف من نمیام بعدش اومد بغلم کرد بوسید ب نظرتون ب قهرم ادامه بدم,6.53369952611895
410949861,یا دوستت داره یا عذاب وجدان,1.0942455856950815
413961861,اخه شب قبل ما دعوامون شده بود چون رفته بود خونه مادرش و ب من گفت بیرونم منم گفتم تو دروغ گفتی من ماشینت اونجا دیدمگفت نگفتم بهت اونجام چون تو ناراحت میشدی چون هر وقت میرم اونجا هی زنگ میزنی سیم جیمم میکنی و میگی چرا تنها رفتی اونجامنم بهش گفتم از بس24 ساعت اونجایی گفت یعنی نرم مادرم ببینم گفتم خب باهم میریمبعد دعوامون شد گفتم هر وقت یاد گرفتی اول زنت بعد خانواده بعد حرف بزن,4.979569828854988
342116292,"دارم تحربه خودمو میگم عزیزم منم دخترم منم اعتراف کردم حتی اومنم گفت بت حس خوبی دارم و میخوام بت علاقه مند بشم ...
اماااا با این وجود بازم اشتباهه ب خداااا
اصلا نمیدونم چطوری بگم برات ولی انگاری خدا این کارو واسه پسرا گذاشته چ خاستگاری چ پیشنهاد ....
هر کاری دوس داری بکن و امیدوارم نتیجشم مثبت باشه
اما ب نظر من تو یه کاری بکن حتی ب زورم باشه اون بیاد پیشنهاد بده
اولینش اون باشه
ب خدا اگه بعضی کارا بکنی بعضی حرفا بزنی اگه دثست داشته باشه یک درصد بت پیشنهاد میده مطمن باش ...
اولینش اون باشه بعدش تو روزی صد بار ابراز کن",1.8713104343270626
337659309,من وهمسرم مشکلی نداریم.تنهامشکلمون پول.ولی خانوادم بعدسالها ازریشه بهم تبرزدن.خانواده همسرمم ازاولین روز سعی داشتن میون ماروبهم بزنن.پول پسرش خورده خورده حالا تونداریاش من تحمل میکنم ولی بازک.و.ن ننش و دوربریاش میسوزه ک چراتحمل میکنم .شهردور تک وتنها.پارسال دخترم فوت شد مادرشوهرم خداروشکرکرد.دوسال باهمه قطع ارتباطم.مادرخودمم گفت ازون بچه ها انقد مرده واسه ماهم.هیچکس دلداریم نداد.حسرت دیدن وبوسیدن دستای دخترم دارم...فردا اگه بود یسالش بود...شب نخابیدم ازبسکه فکرکردم بهش.چندین بارتواین مدت ب خوابم اومده...نمیخواستم پسرم تنهابمونه ولی خواست خدا همین.دعا کن دلم ب ارامشی عجیب برسه ک هر طوفانی نلرزونتش,6.53369952611895
307439755,سلامحتما به فکر راهکار باش. با وجود بچه باید محیط آرام و بی تنش و با عشق بشه,1.0942455856950815
409753770,شوهرم خیلی اصرار کرد گفتم نمیام رفت تو خودش دلم سوخت براش ولی اصلا نمیتونم طبیعی رفتار کنم مادرش خیلی رو اعصابم,4.202504980223006
413507525,"من موعدم ۲۴ یا ۲۵ بود
صبح زدم منفی بود متاسفانه💔💔",1.8713104343270626
304411872,آره دیگه اگه ناخواسته از دستتون در رفت باید همون شب حداکثر تا ۱۲ ساعت قرص اورژانسی بخوری. ال دی یه دونه تاثیر نداره,1.0942455856950815
thread_17956093_starter,"من سر بچه ی اولم سونوی ان تی رو دقیقا اولین روز از 12 هفته رفتم
الان تقوبمو نگاه کردم. 11 هفته و 12 هفته ام میفته دقیقا ایام عید
5 فروردین 11 هفته ام شروع میشه و 12 فروردین 12 هفته ام
من چیکار کنممممم
اصلا جایی باز نیست برم سونو که
خیلی هم سر ان تی حساسم
سر بچه اولم ان تی خیلی بالا بود پدرم دراومد",5.756634677486968
342840613,"نه یدونه دارم
خیلی سخته مال شما که بدتره
اونجا تو بیمارستان همه جوره آدمی بودن که بچشون از دست دادن آنقدر گریه کردم که دیگه چشم و سر برام نمونده",4.202504980223006
329976138,"🤣😔اخه من اصلا شوهرمو دوس ندارم اصلا احساس خوبی کتارش ندارم احساس خوبی هم به خانوادم ندارم
هم خانوادم اذیتم میکنن هم شوهرم
میخوام رومای خودم وایسم
تازه دارم پیشرفت میکنم تو تحصیلم
وای خیلی خستم خیلیییی",5.756634677486968
thread_14770187_starter,"سلام عزیزای من وقتتون بخیر
یه سوالی داشتم من خواهرم ۱۵ هفته حامله است و دو هفته پیش رفته آزمایشگاه نیلوی تهران آزمایش غربالگری NIPT یا سلفیری انجام داده
که الان دو، سه روزه جوابش اومده متاسفانه قسمت کروموزم ها مشکل کروموزومی ۱۳ یعنی تریزومی ۱۳ رو high risk زده
الان ۲ ، ۳ روزه تمام فکر و ذکر ما محو این غذیه شده
میگه میخوام بندازم ولی خوب دکتر میگه تا جواب آمینوسنتز نیاد نمیشه سقط کنی
آمینوسنتز هم دیروز انجام داده
شما اطلاع یا تجربه ای ندارید؟",5.756634677486968
389873738,شب قبلش سوتین نبند،رابطه نداشته باش،به موقع بخواب،استرس هم نداشته باش،بعد ازمایش بده اگه بالا هم بود با قرص حله,1.0942455856950815
274601464,"نعمتی هستم مشاور محصولات جوانساز حاوی سلول های بنیادی و پوست و مو.اگر تمایل دارید فرم مشاوره میفرستم اینجا گزینه ها رو پر کنید کامل.  بررسی میکنم بهتون اطلاع میدم.‌
http://hph.co.ir/consulting?HPH=HPH20211116131825",1.0942455856950815
390144905,خیلی وحشتناکه از طرفی فشار خانواده همسرم ک برو بندازش ما بچه مریض نمیخاییم😔,6.53369952611895
413934410,برا شما هم نیومده؟نه من نمیتونم چون کل فامیل موقع ازدواجم گفتن منتظریم طلاقت،الانم خونواده همسرم از خوشحالی جشن میگیرن ،جاریام،نمیتونم تحمل کنم,5.756634677486968
thread_17972671_starter,خیلی خوبن خصوصا پدرشوهر که خوش اخلاق وبرخورده من به دلایلی ماههاست نمیتونم منزل خودم باشم لطفانپرسیدچرا ووقتی میام خونه مادرشوهر خودش بی حوصلگی میکنه یه بچه ۱ساله دارم سروصدامیکنه و مادرشوهراخم میکنه باهاش بازی میکنه اما بی حوصلگی هم میکنه به من همش گیرمیده میگه اینکارکن اون کارو نکن پدرشوهرم خوبه کاری نداره اما شوهرم میگفت مادرم بارها گفته بخاطر بچتون راهتون میدم وگرنه...مثلا به شوخی خب منم بهم برمیخورد ودوسه هفته رفتم خونه مادرم دوباره که برگشتم خونه مادرشوهرم موقع سلام واحوالپرسی دراز کشیده بود چون کمردرد داشت وبااخم سلام کرد ومنم سلام سردی کردم ودیگه خلاصه رفتارش بهتر شد اما مثلا چندروز که میمونیم بی حوصله ترمیشه یا مثلا هی از دخترش تعریف میده یامیگه فلان روز مثلا زنگ زدم دخترم گفتم ماتنهاییم بیاین اینجانهار درحالیکه حالا ماباشیم یجورین که زودتربریم ولی دخترش باوجود دوبچه شلوغکارش اونجا هرچقدربیان عب نداره حالا کلا من خواستم بدونم تازمانیکه برگردم خونم خونه مادرم باشم یا خونه مادرشوهرمم بیام اینم بگم خیلی  به شوهرم بهامیدن تامن چیزی میگم مادرش سریع به طرف شوهرم جبهه میگیره حتی تو تعریفامون که بهش مربوط نیس دخالت میکنه میگه حرف شوهرت درسته ورومخه ومثلا خونشون یه شب خیلی گرم بود من داشتم میپختم اما چون شوهرم ازبیرون اومده بود وسردش شده بود من میگفتم گرمه مادرشوهرم میگفت برو تو راهرو چرخ بخور بیا اما یه شب شوهرم گفت گرمه سریع رفتم بخاری کم کردن باوجودیکه اصلا گرم نبود ومن چندبارازشدت گرماهی بخاری کم کردم دوباره دیدم بعدش زیادمیکنن فقط بگین چکارکنم حاشیه نرید ممنون احترام بذارید,5.756634677486968
thread_17693690_starter,"روز ۱۳ انتقالم تیتر دادم ۵.۰۲ بود آزمایشگاه گفت منفیه به دکتر زنگ زدم گفت داروهات رو قطع نکن دوباره آز بده
شنبه هم که تعطیله باید تا یکشنبه باز قرص و آمپول الکی استفاده کنم
خسته شدم دیگه خدایا آخه چقدر زجر
کسی بوده با این شرایط مثبت شده باشه",6.53369952611895
406833154,"من ب دکترم گفتم بشدت از زایمان میترسم گفت خو بیهوشت میکنم
دکتر گیری نبود حتی تو بیمارستان دولتی منو سزارین کرد
بخش بهم گیر داد ک نامه سزارینت درست نیس باید معاینه بشی طبیعی اگه میتونی ولی زنگ زدم دکترم سریع رفع و رجوع شد",2.648375282959044
345217002,"من بدون امونیاک زدم ب موهام
تازه ب ریشه و کف سر هم نزنم
چشم درد سوزش چشم سر درد گرفتم
خب قطعا ی چیزی هس
بزار زایمان کنی بعدش",1.8713104343270626
404110622,این موقع شب که نمیشه..شهرمون هم دکتر متخصص نداره برفم اومده شرایط رفتن شهرای دیگه سخته😥,4.979569828854988
352945310,ده سال گذشته. هفته ها رو یادم نیست. هفته ۱۲، ۱۶ و ۱۸ رفتم. چون سالم بود دیگه اقدام بیشتر برام نزد. بقیه رو سونو رفتم,1.0942455856950815
thread_18139228_starter,"بهترین ورزش برای اصلاح فرم بدن و لاغری برای یه دختر ۱۶ ساله چیه؟
قدم ۱۶۰ وزنم ۴۷
بدنسازی رو نمیتونم برم چون صفحه رشدم همچنان بازه شنیدم واسه رشد قد ضرر داره
ممنون میشم کمکم کنید",1.8713104343270626
thread_12408152_starter,"یک بار ۲ روز بود فهمیده بودم باردارم سقط شد بعد سه ماه باردار شدم باز بعد پنج ماه زایمان زودرش شد
الان بعد۶ ماه اقدام کردم ۳ روز دیگ موعد پریودم اگه باز مثبت شه از دستش بدم ناامید عالم میشم
بنظرتون رابطه باعث میشه سقط کنم ؟
این دومیه رو پنج ماه رابطه نداشتیم بهداشت بهم گفت هیچ مشکلی نداره فردای روز رابطه افتادم لک بینی بعد یک هفته زایمان ذود رس شد اینو دکتر گفتم گفت از رابطتون نیست
بنظر شما اگه مشکل سقط داشتم تا۵ ماه میرفتم؟",5.756634677486968
thread_17972915_starter,"از خودم اول بگم
شوهرم ۳۲سالشه خووم ۲۲
زندگی خوبی داریم همه چی وسایل و اینا کامل چیزای خوب و گرون و شیک ماشینمون ی ماشین معمولی پژو  ۶۰۰تومنی هس و در حد یک میلیارد هم طلا داریم کل زندگیمون همینههه
حالا شوهرم میگ طلا بدیم زمین ،داداششم خریده نیگ سود خوبی میاد روش من مخالفم میگم طلا سود بهترب میاد
خونه هم نداریم طبق بالا پدرشوهریم ک اینده برادرش خواست زن بگیرع باید بریم حتما دیگ
حالا کارش شراکتیه و درصد درامد همسرم از همه داداشاش کمتر و کارش بیشتر
اسنپم موقع شب مباد از سر کار مسافر نیس بزنه و ب خرج ماشین نمیصرفه
زندگیمون قفل شد قسطا خورده تو سر هم همه چی خونه داره تموم میشع پول نیس  عیدم داره میاد درامد کم شده بخاطر ای گرونی و کاسبیا😔ی افسرده تمام شدم ک هر روز زندگیمون دعوا میکنم و شوهرم ساکت هیچ نمیگه من غر میزنم فقط
خیلی اخلاقش خوبه ب جز مالی هیچ مشکلی نداریم خدارشکر بهترینه اما تو کارشون دعوا دارن هنیشه با داداشاش و کلا استرس خالیه واس من
کلا با شوهر من بد هستن با اینکه همه خوبن با شوهرم و تعریفش میکنن  جز داداشاش البته ی داداشش فقط
شبا اکثرا دارم بخاطر وضعیت مالیمون گریه میکنم
شوهرم هر کار از دسش بر بیاد برام انجانم میده دید عمل بینی دوس دارم تمام مس انداز مجردیشو داد بینیمو عمل کردم
اما الان زندگیمون خیلی از نظر مالی مشکل پیدا کرده
سر کار هم مخالفه من برم و ننیزاره
از اسنپ رفتن خودشم خوشش نمیاد و میگ گدا بازیه ای پولا
بگید چطور زندگی کنم کانل گفتم مشکلاتمو و جوانبو
دلم ب چی خوش کنم ک بتونم ادامه بدم و دق نکنم بمیرم
اطرافم وضع مالیاشون خوب و بچه دارن
ما بخاطر وضعیت مالی بچه نمیاریم و درست نشه هم نمیاریم اصلا",7.31076437475093
thread_17685405_starter,از دیروز لکه بینی داشتم امروز خیلی زیاده تیره هم شده تو هفته 6ام دیروز سونوگرافی هیچی ندید گفت ساک بارداری نیست و حتی نوشته بقایای بارداری هم در رحم رویت نشد اما خیلی کمر درد دارم و خونریزی سیاه تیره,3.425440131591025
thread_10824080_starter,"خانوما
راسته که میگن دختر بچه زود تر از وقتی که سونو میگه به دنیا میاد؟
من الان ۳۵ هفته هستم
یه سری مادرا میگن چون دختره بچم تا ۳۷ به دنیا میاد
به دکترم گفتم میگه این حرفا چیه دختر هم مثل پسر سر وقتش میاد
مامانای با تجربه لطفا بگید دختراتون زودتر اومدن یا سر وقت
آخه استرس گرفتم اصلا دلم نمیخواد زود بیاد",4.202504980223006
362193039,"اولش بوس‌و بغله عزیزم
من راجب آینده ات حرف میزنم
بازم هر جور صلاح خودته
میگم جسم ات برات ارزشمند باشه
راحت در اختیارش نذار تا همیشه تشنه ات باشه",1.0942455856950815
thread_18072576_starter,"چون دختر خالهام وخالهام دارن میان از دیشب زنگ زدن بیا ببینمت حدود ۸ نفرن
بعد پدرم زنگ زد از صبح که نیا غذا کم میاریم
(بابام وضعش خوبه ها وبرا ما خرج میکنه ولی گاهی  به خسیسی میزنه )
بعد من رفتم وقتی رفتم بابام  خیلی عصبی شد و اون خواهر مجردم هم کلی غر زدن و سر مادرم عصبی شدن فک میکنن تقصیر اونه به من بگه بیام
بابام گفت مگه نگفتم نیا چرا اومدی
منم زدم به سیم اخر گفتم چرا داد و بیداد میکنی و خسیس بازی در میاری اصلا ادم نیستی  بابا بیشتر عصبی شد
من اومدم  منم بچمو گرفتم رفتم بیرون روم نشد برگردم خونه شوهرم بفهمه مشکلی پیش اومد رفتم خونه خواهر متاهلم تازه اون خواهرم هم خواسته بره خونه بابا ولی منو دید دیگه نرف",5.756634677486968
321000149,با دکترم حرف زدم مشاوره آنلاین گفت اگه درد یا خونریزی شدید داشتی بیا ولی علایمت سقطِ.,2.648375282959044
314607530,"ان شاالله سلامت  باشه.
اخه بعد کورتاژ چند ماه نباید بچه دار شد",1.0942455856950815
320158338,"من عزیزترین عزیزم تموم‌جونم و‌از دست دادم باردارم هیچکس‌نمیتونه درک‌کنهدچقدر داغونم هیچکس‌حتی‌نمیذاره گریه کنم انقدر بی حال و‌جونم‌که ی گوشه فقط اشک‌میریزم
توقع زیادی نیست ک‌حداقل تا ۴۰روز‌نرم‌خونم",4.979569828854988
389839319,"ازدواجتون فامیلی؟
ما اصلا هفت پشت غریبه ایم وقتی بچم فوت کرد عقلمون نرسید ازمایش ژنتیک بفرستید
ولی جراح تشخیص بیماری سی اف داد حالا نمی دونم درست تشخیص درست داد یا ن
جفت تو ۷ ماهگی ی دفعه قطع شد خونرسایی قطع شد
منم بدجور چشمم ترسیده و نمی تونم ریسک کنم",4.979569828854988
thread_13687761_starter,"خودم یکم بلدم به نظرم نرمال میاد
الان عکس میزارم",1.0942455856950815
thread_17839978_starter,مامان ها من هفته 24 هستم ولی یکی از قل ها 23و 5 روز هست و یکی از قل ها 24 و4 روز دکترم گفته هر سه روز یکبار برم سونو تا اختلافشون ببینه بیشتر میشه یا نه احتمال سندرم ttts داده میگه انگاری کم کم داره شروع میشه خیلی نگران و ناراحتم,5.756634677486968
340938793,با یکی دوتا دکتر دیگه مشورت کن اگه واسه خودت مشکلی پیش نمیاد یکی دو هفته دیگه صبر کن,1.0942455856950815
thread_14574678_starter,"من الان ۹ هفته هستم
تقریبا ۱۰ روزه گاهی لکه بینی و گاهی خونریزی دارم در حدی که باید حتما نوار بهداشتی بذارم
سونو گرافی هم رفتم دو بار تو این ۱۰ روز گفتن مشکلی نیست
با اینکه شیاف پروژسترون هم روزی ۲ بار میذارم چرا خونریزیم قطع نمیشه؟",4.202504980223006
thread_18091117_starter,سلام ، من آزمایش غربالگری nt ریسک پایین نزدیک متوسط بود ، سلفری دادم ، سونوگرافیمم سالم بود، تو رو خدا کیا مثل من بودن بعد سلفریشون سالم دراومده؟من خیلی پریشونم جوابشم دو سه هفته بعد میاد😢😢😢,5.756634677486968
308931534,فدات عزیزم ممنون دعاکنش توروخدا این دومین سقط میشه اون یکیم ماه اول مشکل داشت سقط شذ🙏😭,4.202504980223006
thread_6092049_دخترک_tanha_1399/12/26 00:33,"مرسی عزیزم از راهنماییت❤
راستش من نمیترسم ولی خیلی استرس دارم که قبولم نکنه یا کس دیگه ای رو دوس داشته باشه اگه اینطوری باشه من میمیرم...ولی اگه بهش نگم وکسی رو داشته باشه دراینده حداقل غرور خودمو حفظ کردم ولی اینطوری خیلی بد میشه😞
شما خیلی قوی بودی واقعا لایک داری😍
گلم خوشبخت باشی وعشقتون تا ابد پااایدار❤
ببخشید درخاست دوستی میدم اگه میشه قبول کن به راهنماییت احتیاج دارم🌺",5.756634677486968
413985713,نه اصلا قبول نکن بگو مهریه رودختر باید بگه نه شمااا! و اینکه اگ راضی نشد بگو باشه ولی حق طلاق هم ازش بگیر..,1.0942455856950815
391047746,الان اوکیه وزنش حالا پنج هفته مونده وزنش بیشتر میشه,1.0942455856950815
thread_12250008_starter,سلام دوستان امروز روز چهارمه انتقاله تو خواب و بیداری بدنمو یه لحظه کشیدم برای جنین خطرناک نباشه یهو,2.648375282959044
408567700,ن عزیزم الان ۸ هفته و ۵روزمه,1.0942455856950815
thread_17478052_starter,"سلام
نتونست رگمو پیدا کنه و سوراخ سوراخم کرد که باعث شد نیمه بیهوش بشم، همون موقع که حالم بد بود برگشت گفت بتات چقدر پایینه،دکتر بهت نگفت،منم گفتم نه نگفت!
بعد که حالم بهتر شد با خودم فکر کردم نکنه برای بارداری خطرناک بوده که اونم از ترسش اونجوری بهم گفت که بیافته گردن بتای پایین",4.979569828854988
386719708,نمودارت نرماله عدد پاپت کمه اونم به احتمال بالای ۹۰ درصد بچت سالمه الکی استرس نگیر,1.0942455856950815
413447606,"چند وقت از ازدواجتون میگذره
اگر اولشه عادیه
چیزی بگی حساست میشه
بعدشم خار مادرشن دیگه بیخی بابا
تو هم گوشیو بردار با کس کارت حرف بزن یه جوری نشون بده اصلا نمیفهمی اون داره با تلفن حرف میزنه و مشغول خودتی
منم این کارو کردم بعد اینجور بود که هیچیم نمیتونست بگه بهم چون خودش همینکارو میکرد بعد کم کم کمش کرد منم کم کردم🤣🤣🤣🤣",1.0942455856950815
307929995,"استرس سم خودش نیمزاره تشکیل بشه حداقل تا هفته ۸ یا ۹ صبر کن و اگ تشکیل بشه ک میشه اگ ن بزار خودش سقط بشه بدنت خودش سقط میکنه اگ پوچ باشه
... فقط اسنرس نداشته باش اگ ی درصدم احتمال اینکه درست بشه باشه استرس نمیزاره ریلکس باش منم بارداری پوچ داشنم",1.0942455856950815
274427349,ببین بچت وزن نگیره نمیتونه درست شیر بخوره و ضعیف میشه ها حواست باشه. وعده هاتو زیاد کن ولی مقدار کم. چیزای مقوی بخور ارزش غذاییش بالا باشه. چیزای بی ارزش نخور. میون غذات اصلا اب نخور. ولی در طول روز اب زیاد بخور. حتما حتما سیب بخور روزی یع دونه. هردوشون دخترن نینیات؟,1.0942455856950815
310644582,والله دکترم که خیلی معروفه و فوق تخصصه خیلیاتومطبش ازش نتیجه خوبی گرفتن توبارداری اونم باشرایط ویژه نازابودنشون من اما واقعا نمیدونم علت چیه.که همونو آدم پیگیری ودرمان کنه,3.425440131591025
408580673,"😂
والا خیلی نگرانم کرد حرفش😔",3.425440131591025
413239830,من نه اما مامانم یه خام برداشته بود برای اینکه فامیلا ارث مون رو نخورن و به خودمون بدن و همینطور شد دادن به ما( چون قبلش عموهام صاحبش شده بودن),1.0942455856950815
403431229,تو بگو یه قاشق=/ گاهی همونم نمیخورن تو باید بخوری از اونورم وقتی زن خونه میشی باز دو سه قاشق ته قابلمه اصافه میاد=/ اونم نمیدونی چیکار کنی میخوریش=/  باز گشنت میشه یه ته بندی میکنی سیر که شدی شوهرت میرسه تازه باید بشینی با اونم بخوری و علل دیگه😂😂,1.0942455856950815
356112030,حالم خوب نیست برای من و نینی ام هم دعاکنید😭,3.425440131591025
413994055,"گلم همسز سابقم اینجور بود  رفیق باز احمقی بودـ جای هم میخواست بره منو نمیبرد
و خودش میرفت  مثلا میگفتم کجا میری میگفت مگ تو میشناس؟؟
طرفوــ
اینقدز حالم ازش بهم میخورد ک جدا شدم  و راحت شدم  با مردی ازدواج کردم ک لیاقت هم داریم",1.8713104343270626
347728672,[QUOTE=347727153]من نمیفهمم اخه اگر انقدر سختتونه چرا طلاق نمیگیرید؟ چرا بچتونو نمیذارید پرورشگاه و از مجردیتون لذت ...[/QUOT نابغه اصل حرف من اینه که ازدواج خیلی محدودیت داره،من شوهرم خیلی عاشقمه و متاسفانه بشدت به من وابستس و این محدوده کرده،بچه داری فوق العاده سخته ولی وقتی مادر میشی عاشق بچت میشی،ولی ازدواج محدودیته هم واسه زن هم واسه مرد،شوهر من امروز عصبی بود که بچه باعث شده تو کنارم نباشی،،،شوهر خودمم محدود شده مجردیش انقد دغدغه نداشت،پس واسه زنو مرد محدودیت میاره..,3.425440131591025
thread_16088499_starter,بچه ها من توی ۷ هفتم هنوز نرفتم برای سونو قلب امشب شام مادرشوهرم کتلت درست کرده بود حواسش نبود توش تخم گشنیز ریخته بود ولی گفت خیلی کم بوده حالا من یکم کمرم درد گرفته میترسم چیکار کنم,3.425440131591025
thread_15734085_starter,"پدری که بچه یکسالشو چون هزینه درمان و بیماریش باعث آزار و اذیته بخواد ببره بهزیستی ؟
وقتی بچش تو یکسال و نیمگی فوت شد میگف خدایا شکرت
حس خوبی نمی‌گیرم به شخصه",1.8713104343270626
321775493,"چی می گی شما عزیزم؟؟؟
برو بخند شاد باش، زندگی کن..
ولی جلوی کسی که تازه داغدیده رو نگیر، اون گریه هاش دست خودش نیست، خندیدن زورکی که نمیشه. دل و دماغ نداره.... درک کردن افراد خیلی چیز خوبیه. اون تازه پدرش رو از دست داده...",1.0942455856950815
thread_15151230_starter,"سلام بچه ها من دیروز رفته بودم سونو.
نوشته هماتوم بسیار ظریف ۰/۳ سی سی دارم
دکتر بهم شیاف داد و گفت استراحت کنم. این استراحت یعنی چی ؟ یعنی همش بخوابم؟",2.648375282959044
thread_9772735_فریحاوامیر_1401/09/07 22:31,من اورژانسی رفتم سزارین شدم ،هپلی رفتم🤦🏻‍♀️،ولی خب عوضش راحت بود دیگه استرس درد زایمان نکشیدم,1.0942455856950815
thread_13172239_starter,سلام   پس فردا موعد دکترمه تو هفته هفتم هستم اولی که فهمیدم باردارم شروع به لکه بینی کردم و امپول پرژسترون و قرص دوفاستون اروم شدم یکم الان بعد دو سه هفته که داروهام تموم شد دوباره امروز لکه قهوه ای دیدم سقط دارم میکنم؟نزدیک موعدم اینجور میشه همش الانم چون نزدیک موعد دوممه,4.202504980223006
375683525,جدی میگین؟ خدا از دهنت بشنوه، باشه منم یه هفته دیگه صبر میکنم،پناه بر خدا,1.8713104343270626
388149783,"با سلام
این پیام تو گوشی شریک زندگی
"" فردا مشتری دارم، زود می خوابم💋😘""
مطمئنن تو 90 درصد موارد از جنس مخالف هستش و با توجه به لحن خودمونی مشخصه با هم رفیق شدن و با توجه به اینکه طرف گفته فردا مشتری دارم (ممکنه مزون داشته باشه آرایشگر باشه یا ....) و زود میخوابم یعنی امشب صحبت اینارو کوتاه بیا بزار واسه یه وقت دیگه
خوب شما باید چیکار کنی؟
راه کار اول (پنهان کاری): هر وقت شرایط بود تو گوشی همسرتون و همین پیغام رو شماره شو تو گوشی خودتون ذخیره میکنید و تو شبکه های اجتماعی میبینید که جنسیت، اسم و... این شخص چیه؟ بعد از مشخص شدن، مطابق حالا روش های خودتون عمل می کنید، مثلا بی محلی و... تاایشون خودش دلیل رو بپرسن و شما اونجا می گید که چی شده البته این راه فرسایشی و سخت هستش
راه کار دوم: بدون پنهان کاری و... خیلی رک می پرسید که، یه پیام تو گوشیت دیدم و چند روزه ناراحتم می تونی بهم جریان رو بگی و بقیه ماجرا",1.0942455856950815
thread_12320753_starter,تو اینستا دیدم تعریفشو خریدم بعد اینجا دیدم که میگن خیلی لایه بردار قویه یعنی نزنم؟؟,1.8713104343270626
thread_12935391_starter,"چیزی از شوهرم‌ندیدم گوشیش دستم ولی کلا خیلیی اعصابم داغونه همش ذهنم‌درگیره حس میکنم باید ی چی ببینم ازش
نمیدونم چیکار کنم تازگی متوجه خیانت دوتااز دوستاشم‌شدم بیشتر رواعصابم‌رفته😖😖😖
باردارم بنظرتون میشه از توهمات بارداری باشه",5.756634677486968
406054009,"برای چه حاجتیه ؟
وصال با شخص خاص ؟ اگه بله باید بگم ۰ تا ۱۰۰ قسمته ، چیزی که قسمت باشد می آید از یمن ، چیزی که قسمت نباشد می افتد از دهن",1.0942455856950815
410521520,"امروز میخوام برم😪مادرشوهرم هی میگفت بزار ۲ هفته بشه بعد ازمایش بده ولی پدر بزرگم فوت کرد دیگه نرفتم ازمایش
امروز دیگه میخوام برم",2.648375282959044
382173999,منم..استرس دارم نمیدونم چیکار کنم,4.979569828854988
413487692,نمیدونستم بعد پریودی حامله شدم بعدش یه ماهه شد قرصو اینا هم خوردم برا کیست چون گفتم نه باردار نیستم بعدش که تهوع گرفتم مادر شوهرم دید گفت حامله ای برو دکتر گفتم عوارض قرصاعه که هی یکم انداختم عقب به هفته ای اخرش سونو دادم فهمیدم,1.8713104343270626
thread_15519911_starter,"خانوما من هفته ۲۳ بارداریم
الان دوسه روزه گلوم به شدت درد میکنه
هرکاری میکنم خوب نمیشه
سوپ ـآب لیمو عسل ـشیر گرم ـشلغم ـاب پرتقال
شبا از  گلو درد خواب ندارم
توروخدا یه چیزی بگید انجام بدم سریع گلوم خوب بشه
نمیتونم اب دهنمو قورت بدم 😭😭😭😭",5.756634677486968
thread_12592575_starter,"خانومایی که تجربه بارداری دارین لطفا کمک کنید
من هفته پیش سونو واژینال دادم سن بارداری ۵ هفته و یک روز بود و ساک و زرده دیده شد، اما جنین دیده نشد دیروز لکه بینی داشتم امروز رفتم‌ سونو و باید ۶ هفته و ۲ روز باشم اما به خاطر لکه بینیم واژینال سونو نکرد و با سونوی شکمی گفت من هیچی نمیبینم اصلا ساک نیست و ضخامت رحم هم ۱۱ میلیمتر
چطور ممکنه با همین چند تا لکه قهوه ای سقط کرده باشم؟؟ ممکنه اشتباه از سونو باشه؟",4.979569828854988
thread_10176250_khk1384_1401/11/01 20:25,نه نبین این که همش باید گریه کنی بابا این خانم بارداره یه فیلم معرفی کنید حالشو خوب کنه 🤦,1.0942455856950815
413451764,من نداشتم اما نامزدم قبل از من با دونفر بوده راستش من میگم نه ک کلا اوپن بوده باشه ولی خب راستش اونطوری هم خیلی نوب میشه و دختر ندیده😂😭 ببین الان من نامزد میفهمه قشنگ ناز میکنم و اینا کسی که دختر ندیده باشه ک نمیفهمه,1.0942455856950815
332927003,"من بعضی اوقات میگم‌من میدونم تودندون موفق میشم و پولدار مثلا
بعضی اوقات میگم نه بابا زیاد دست وپا گیره
پس چه شغلی برم
یعنی الان ک این تاپیکو دیدم دلم گریه میخا",3.425440131591025
330698041,"دوست عزیزم چندتا جای دیگه برو سونوگرافی
من خیلی اشتباه کردم خیلی
خدا منو ببخشه که بچمو کشتم
همش یادم میاد میگم خدایا چرا ده تا جا سونو نرفتم؟",4.979569828854988
395490781,"ای جان. خدا حفظشون کنه برات. الهی عروسهایی نصیبت بسه از دختر بهتر.
منم دو تا پسر دارم. سومی باردارم هنوز جنسیت معلوم نیست ولی من یه اشتباهی کردم که فقط میگم سالم باشه. اصلا جنسیتش ذره ای برام اهمیت نداره.",1.8713104343270626
359940626,دیگه بعضی ها دارن..آدم باید احترام خودشو نگه داره..یعنی چی دعوا و فحش که تهش کتک بخوری,1.0942455856950815
thread_15612292_starter,"سلام بچه هااز بیمارستان بهمن برای زابمان کسی اطلاعات داره ؟؟
خوبه ؟؟:تمیز و غیره",1.8713104343270626
411642537,"آخه توقع فقط مالی نیست
مثلا با پسر کم سن مثل خودمون آشنا بشیم خب نه خونه دارن نه شغل ثابت پس نه توانایی اجاره و... محبت و سوپرایز فقط بلدن که بدون قبلی ها به درد نمیخوره
پسر بین ۳۰ تا ۴۰ سال هم که شغل و ... دارن حوصله سوپرایز و تولد و هدیه و... ندارن",1.8713104343270626
412282662,توی ذهنم یه کاوه آهنگر با یه مَن بازو و هیکل و تیپ و قیافه مردونه بود😭😂,1.0942455856950815
thread_16763377_starter,"درد شدید داشتم بستریم کردن گفتن عفونت تو خونه
تجربه دارین درد فیبروم تو بار داری خوب میشه یا تا اخر هست
دکتر میگ شاید مجبور ب جراحی بشی قبل زایمان
کسی اینجوری بوده
دیگ نمیتونم بیمارستانو تحمل کنم😭",5.756634677486968
thread_14479280_starter,"سلام .. من اولین بارداریمه هیچی سر در نمیارم
رفتم سونوگرافی انومالی 18هفته و 5روز نوشته
اما رو حساب خانه بهداشت من 21هفته دقیق
15روز اختلاف طبیعیه؟؟؟
البته در سونو (( أن تي )) اختلاف با خانه بهداشت فقط 11روز
خانه بهداشت از اولین روز آخرین پریودیم حساب کرده
.... پریودیم 5ماه قبل بارداریم همش 5روز 5روز دیرتر میشد
چکار کنم کمکم خیلی نگرانم کردن",4.979569828854988
353752471,"ممنون از متن عالیت عزیزم
درست میگی ولی این طلاق عاطفی نتیجه آسیبای جسمی زیادیه که به من وارد کرده و هنوز با من همراه هستن بعضیاشون تا ابد
اصلا این حسی که بهش دارم اختیاری نیست بلکه بیشتر از اعماق وجودم این حسا میاد مثلا من دو ساله یه دوست دارم ساده نتونستم بهش بگم یا اگه بوسم کنه باید حتما برم صورت خودمو بشورم",5.756634677486968
262645142,"سلام نمیخام توصیه کنم سونو واژینال انجام بدید
قفقط خواستم بگم تو مراکز ناباروری هم حتی بعد ای یو ای و ای وی اف تا ۸هفته و شنیدن صدای قلب سونو واژینال انجام میدن اگر واسه جنین ضرر داشت قطعا اونا که با هزار زحمت به نتیجه رسوندن انجام نمیدادن
فقط خواستم از نگرانی دربیاید ا",1.0942455856950815
thread_11428732_starter,"بچه ها منظورم اینه چ سایزی باید بگیرم
ن لاغره نه تپل
متوسط
سوتـین چ سایزی بخرم براش؟",1.0942455856950815
400731285,"منم توي دي ماه بايد بزنم
يه كلاس اوليم دارم
😓😓😓",2.648375282959044
thread_17477702_starter,"؟
شوهرم ساعت کارش خیلی طولانیه، از طرفی هم دوستم میگه مجبورش کن ک تمام دوران بارداریت پا ب پات بیاد ولی خب چیکار کنم
سرکاره☹️یعنی شما همیشه با شوهرتون میرفتید؟
۹ هفته باردارم",2.648375282959044
thread_17334683_starter,"بچه ها پسر۸سال دخترم۵سال دخترم میگه هروقت بابا گفت برو خونه مامانت نرووو🥲 نمیتونم تنهاش بزارم شوهرمم بچه ها نمیده بهم و استقلال مالی زیادی ندارم ک بتونم پیش خودم نگه دارم و درکل شوهرم نمیده بهم
مشکلمون بد دلی و شکاکی دست بزن و فحاشی شوهرمه ازهمه مهمتر شکاکی و بددلی زیادش و بهم بی اعتماده بدون اینکه کتری کرده باشم اکثرا خونه هستم و نگذاشت دستم جیبم باشه فقط یه انلاین شاپ کوچک دارم من۲۸شوهرم۴۰
بچه هام چند ساله بشن میتونن طاقت بیارن؟چون الان دخترم مخصوصا طاقت نداره و بدون من نمیخوابه حتی🥲🥲 ۱۰ساله شوهرم درست نشده بدترم شده قبلا فقط بددل بود الان شکاکم شده فکر میکنه با کسی در ارتباطم داعم استرس دارم از دستش",7.31076437475093
403057637,"خب این انقباض یا سفت شدنایی ک تو کارای روزمره پیش میاد  باعث انقباض و اختلال تو رحم نمیشه ینی؟
بخدا حتی از خندیدن و عطسه و سرفه کردنمم میترسم😑",4.979569828854988
thread_17864783_starter,"سلام خانوما
من هفته 10 بارداریم و همه علاعم در دارم سینه درد و حالت تهوو
اما حس میکنم شبا که میخوابم تکرر ادرارم کم شده.. قبلا باید تو شب دوباره بلند میشدم برم دستشویی اما الان شبا نه ولی روزا  که اب میخورم چرا باید همش برم",2.648375282959044
thread_11910445_starter,"ی گروه دوستانه داریم
ک قراره بریم
ی جای خانواده و دوست باهمن
خیلی هم باهم راحتیم
به یکی
که مرده گفتم
خانم x
بعد پیام داده عزیزم
شوخی نکنید باعث‌ ناراحتی میشه
بعد کفتم میدوننن که دارم شوخی میکنم
میگه نه توهینه
بعد یه چیزی به پسرم میگن
منم نوشتم اینکه توهین نبود ولی من جیزی نمیگم
خب الان من ناراحتم با این حرف چیکار کنن اینقدر حساس نباشم😞",3.425440131591025
thread_17823740_starter,"یه مامان  باردار ۲۹ هفته هستم و بارداری اولمه و یه گل پسر تو راه دارم.
معاون دبستان پسرانه هستم و به تازگی گربه کوچولو مو گم کردم و ازین بابت بسیار داغانم🥲
اوضاع بارداریم هم خوبه و از اول هم خبری از ویار و تهوع و درد و... نبود تا همین الان که فقط سنگین شدم.
بیاین تجربه هاتون رو راجعبه این دو موضوع بهم بگید خانوما",3.425440131591025
385641098,"جفتش
پول واقعا مهمه نمیشه منکرش شد
روابطشم ک کلا من نمی‌پسندم اینقد باهمه صمیمی بشه
چ معنی داره ب غیر من با بقیه حرف بزنه،گرم بگیره؟؟؟؟
من سبک فکریم تو این جور مسائل برا دهه۴۰،،۵۰ست",1.8713104343270626
253153415,"اره عزیزم خدارو هزار مرتبه شکر سالمه انشالله شمام سالم باشی خودتو بچت
البته منم نه لک بر نه جرم گیر اینا اصلا استفاده نمیکردم
ولی خوب یه بازه یک ماهه هرروز میرفتم به خونم سر میزدم حالا اگر میبینی حساسه ریت نرو ک سر درد و اینا نشی",1.0942455856950815
373975419,با بچه دار شدن کنار سختی‌ها و دغدغه های مادرانه ، طعم خیلی چیزهای ناب رو میچشی که با هیچ چیز دیگه قابل دست یافتن نیست,1.0942455856950815
thread_18027846_starter,چند روزه حالم بده ضعف شدید و سرگیجه امروز فشارم هشت بود با این که روزه نبودم و ناهار خورده بودم شامم خوردم بعد رفتم دکتر فشارم پایین بود ، و امروز صبح که از خواب بیدار شدم شدیداً لرز داشتم تا ظهر یکم بهتر شدم و چند روزه خیلیییی گرسنه میشم مثلاً افطار میخورم خوب باز ساعت ۹ اینا دلم میخواد شام بخورم باز سحری ام میخورم اصلا اینجوری نبودم قبلاً,2.648375282959044
381160774,خواهر من بچش بند ناف دور گردنش بود سریع بردن اتاق عمل بچه مرده بود ولی احیاش کردن ده دیقه بعد گریه کرد,1.0942455856950815
412370811,من اینو برا کسی نوشتم که تاپیکش رو بست جوابش دادم کار با تو ندارم هرچند میگن حرف بنداز زمین صاحبش برمیداره,1.8713104343270626
thread_16237925_starter,بچه ها مگه اوایلش زیر شکم درد ایجاد میشه؟دقیقا مثل درد پریود؟😭😭وای فک کنم حاملم.ی بار تستم منفی شد.نکنه حاملم.۲ماه پریود نشدم ولی در کل پریودام نامیزون.زیر شکم درد شدیدی داشتم ی مدت.فک میکردم میخوام بشم.دیشب یکم خون دیدم گفتم شدم اما نشدم.واااای نگید ک اینا نشونه حاملگی تازه دل پیچه هم دارم😭😭خاک ب سرم شد,5.756634677486968
412884623,"عزیزم سزارین بودی سه تا رو
من سزارینم دکتر میگه سزارین قبلی چسبندگی شدید داشتی باید بری بیمارستان مخصوص سز بشی دارم دیونه میشم",5.756634677486968
thread_17506983_starter,"سلام خانوما. من ۳۷ هفته هستم. هفته قبل که ترشحات اب طور داشتم رفتم تست ان اس تی و سونو انجام دادم همه چی خوب بود. مایع آمنیوتیک ۱۳ سانت بود.
امروز دوباره سونو انجام دادم مایع شده ۹/۵ سانت.
بنظرتون طبیعیه تو یه هفته انقد کم شده؟ بازم ترشح آب ازم اومد.
نوبت سخت گیرم میاد امروز برم پیش دکترم",4.202504980223006
371301066,اگر حق طلاق برات مهمه به نظرم مهریه تعیین نکن .مثلا در حد  چند تا شاخه گل یا همچین چیزی . چون اصولا آقایون نمیپذیرن هم سکه مهر کنن هم همه حق و حقوق طرف رو بدن,1.0942455856950815
412067550,"به عنوان تجربه و حقیقت بهت میگم گاهی ذهن میتونه گولت بزنه بخاطر زیاد فکر کردن .با خودت نجنگ رها کن بذار هر حسی ک داری سر جای خودش بمونه
متنفری ازش؟خب باش اما بروز نده ن بخودت ن به کسی
شل کن
سعی کن چیزای خوبم ببینی و عادل باشیی
توهیچی غرق نشو ن خوشی نه بدی چون ذهن گولت میزنه",1.0942455856950815
388104458,"باور کن من تا حالا هرکی شنیدم زود رفته مثل تو اینطور استرس کشیده
من با خیال راحت وایسادم تا ۸ هفته بعد رفتم. اصلا نگران نباش همه چی اوکیه",1.0942455856950815
413966613,"من که دیت نداشتم ولی روزش میرسه چون رابطم لانگ هس
خیلی استرس دارم براش😭😂
شبی نیس ک فکر نکنم بهش",4.202504980223006
thread_14073161_starter,سلام من تازه عضو شدم کسی می‌تونه تفسیر کنه,1.0942455856950815
394085325,من سر بچه اولم چون خونه مادرشوهرم زندگی میکردم و مامانم راحت نبود هفته ای ی بار میومد پیشم هیچ کاری نمیکرد ولی بچه دوم خونمون جدا کردم و استراحت مطلق بودم مامانم کلن پیشم موند تا بچم شد ۴۰ روزش,1.8713104343270626
398736067,"من زدم ،ولی پشیمونم ،دکتر م تاکید کرد که بزنم
از وقتی زدم تب و لرز میکنم ،بدن درد بدی دارم",3.425440131591025
thread_14722033_starter,"بچه ها من بخاطر استراحت مطلق بودنم موندم خونه مامانم اینجاهم هرروز دعوا و درگیریه😭
حالا امروز به حدی عصبانیم کردن قلبم تند تند میزد
بابام خود زنی میکرد نمیتونستم آرومش کنم آخر هم بابامو زدم هم خودمو، وسایلو پرت کردم 😭
میرفتم خونه خرابشده خودم و عین سگ کار میکردم و بااین دیوونه ها زندگی نمیکردم خیلی به نفعم بود تاابنکه مثلا بخوابم زمین و درگیر بشم😭
سری پیش هم حامله بودم مامانم پرید منو زد بعدش قلب بچم وایستاد😭
خیلی نگرانم چه غلطی کنم
بدم سونو یا دکتر؟",8.087829223382911
thread_14519323_starter,"من دو تا سقط داشتم توي هر دو بارداريم درد سينه داشتم لك لانه گزيني هم براي هر دو تا به مدت يك هفته داشتم
الان باز لك بيني ام و درد سينه هم به طور كامل خوب شده و شل شده همش فكر ميكنم اينم سقط ميشه تازه بي بي چك زدم ٤ روزه لك بيني دارم",5.756634677486968
400066243,با دکتر مشورت کن. من هماتوم شدم، عفونت هم کردم ، ده روز بستری بودم. حتما پیگیری کنید,1.0942455856950815
383463986,"ذات آدمیزاد قابل تغییر نیست
همه چیزایی که بالا گفتم نقش بود
پول داشت ازم قایم میکرد
اخلاق های خوبش همه دروغ بود
وقتی باهاش سرد میشدم مشتاق میشد و کشیده میشد به صحبت با بقیه زنا
دروغ اصل زندگیشه روزش بدون دروغ نمی‌گذره
تمام دین و اعتقاداتش نقش بود
فکر کن حتی حمایتش از من جلوی خانوادش هم نقش بود
یه آدم بی عرضه و بچه اخلاق که ذات ندارع :)
الآنم مدام استوری های طلبکارانه می‌ذاره
که آدمایی که به پای یکی نموندن به درد نمیخورن از این حرفا",4.979569828854988
thread_13070976_starter,"داشتم با دوستم حرف میزدم عکسای یادگاری بارداریم که گرفته بودم رو فرستادم براش برگشت بهم گفت قیافه ات خیلی تغییر کرده شدی مثل خانوما نه یه دختر بیست ویکساله شوهرمم چندروز قبل بهش گفتم تو دیگه با من وقت نمیگذرونی ما دوستای خوبی بودیم با هم‌ولی الان همش دنبال اینی که ازم فرار کنی بری بیرون یا من نباشم گفت عزیزم ما بازم دوستای خوبی میشیم فقط الان تو خیلی تغییر کردی تپل شدی از حالت قبلت اومدی بیرون شدی مثل زنا منم بهش گفتم این روزا هم میگذره ولی ادم یادش میمونه همه چیو
خیلی ناراحتم احساس میکنم خیلی زشت شدم دیگه مثل قبل نمیشم اصلا اضافه وزن ندارم فقط بچه ام کلا الان تو بارداریم ده پونزده کیلو اضاف کردم ولی بهم میگن تغییر کردی دوس ندارم سنم زیادتر بزنه خیلی قلبم شکسته😞",4.979569828854988
thread_16176399_starter,"بام میای بریم دکتر دندونم ب شدت درد می‌کنه منم بچم خواب بود گفتم بچم خوابه بخدا ولی ی مسکن خوب دارم میارم برات بزن اگه خوب نشد بچه بیدار شد میریم
مسکن و (ی بسته کامل فقط ی دونه ازش استفاده کرده بودم)دادم بش
ی ساعت بعد زنگ زد گفت دستت درد نکنه مسکنو مصرف میکنم خیلی بهترم و هندوانه زیاد داریم یکی و دادم بچم برات بیاره
و آورد
بعد الان پیام دادم خودم دندونم درد گرفته لطفاً مسکنو بفرست
گفت تموم شده
واقعا الان جای من بودین چ حالی میشدین",3.425440131591025
thread_15243272_starter,بارداری پوچ داشتم یه عالمه خون و لخته دفع کردم ولی یه دردهای شدیدی دارم که میگیره و ول میکنه، جفت و کیسه فکر کنم مونده، شما نمی‌دونید چکار کنم دفع بشه؟ یه عالمه بپر بپر و پیاده روی کردم حتی همین الان، دو تا بچه کوچک دارم نمی‌خوام برم بیمارستان,5.756634677486968
281943173,من اولیم و پرخطر باردار بودم، فکر میکردم دومی هم همونطور شه، زایمان زودرس شم، تا الان که خبری نیست و در کنار هم هستیم، درد و انقباض و ماه درد دارم، ولی دکتر میگه طبیعی هست و باید تا وقت سزارین صبر کنم,2.648375282959044
thread_17974402_starter,"چندین بار از لبه پرتگاه خدا دستمو گرفت و برم گردوند
خداروشکر
هربار اومدم و از شما نی نی سایتی های عزیز خواهش کردم برام دعا کنید و واقعا خدا به حرفتون گوش داد
خدا بندشو ول نمیکنه
الله از همتون راضب باشه
همچنان محتاج دعاتونم بگید یا الله زندگیش خوب بشه",4.202504980223006
411896233,"منم حدود یکماه پیش خواب دیده بودم یکی منو میخاد البته اون منو تاحالا ندیده نمیشناسه فقد من اونو دیدم میشناسم خیلی تو خواب واقعی بود بعد من اصلا شوکه شده بودم
کسی تعبیر این میدونه چیه
من بهش اونموقع فکر هم نمیکردم",1.0942455856950815
thread_15832766_starter,"مامانای اینده
مامانای الان در صورت داشتن بچه لب شکری
از بس حرفای چرت نوشتن راجع به این مسله میخوام این شهامت رو بخرج بدم و کمک حالتون باشم بعد سال ها عضویت ( کاربری ترکیده دارم)
هر سوالی دارید بپرسید راجع این مسله حوصله کنید جوتب میدم.
لب شکری هستم ۴۳ ساله از تهران",1.0942455856950815
thread_16141725_starter,من. بعد از شش هفته به طور طبیعی. عدد بتا اومد به یک... طلاق گرفتم. مجردم........ ولی.. الان کمرم درد میکنه.. و پریدم  دوروزه عقب افتاده باید چیکارکنم,1.8713104343270626
401155802,"من که آسیبی ازش ندیدم کی تو رو آنقدر ترسونده چندتا تیکه بخور وگرنه همیشه تو دلت میمونه  تو که تا الان رعایت کردی شب آخری بخور
ماهی هم آنقدر میگن ظرر داره عاشقش بودم",1.0942455856950815
274395221,"این قرصا بنظر من اصلا خوب نیس و اطرافم دیدم قرص میخوردن باردارم شدن
من یکی که چون توانایی بارداری بچه داری تربیت آیندش ندارم سفت سخت جلوگیری میکنم با همون کاندوم .لذتش کمه ولی خب چاره چیه با قرص هم به خودم آسیب میرسه",1.8713104343270626
thread_17121649_starter,مثلا من مردی رو میشناسم که خیلی زنش رو درک میکنه و تو کارای خونه کمکش میکنه و هوای زنش رو داره ولی تو بحث رابطه جنسی مثلا اگه زن حال روحیش خوبه نباشه و یا به دلایلی مثلا تا ۴۰ روز یا بیشتر زن آمادگی رابطه رو نداشته باشه اون مرد نمیتونه خودش رو کنترل کنه و صبر کنه تا زن آمادگیشو داشته باشه به نظرتون چرا مردی که تو چیزای دیگه میتونه خانمش رو درک کنه ولی تو این مورد نمیتونه صبر کنه یا درکش کنه که الان وقتش نیست؟,1.0942455856950815
349156298,ان شالله که سالم میاد بغلت بعدا حالت خوب شد بیا از خودت خبر بده بهمون میشه زمان زایمانت برای منم دعاکنی,1.0942455856950815
357393982,تو همین سایت هم خانمی بود که با وجود غربالگری بدون مشکل بچش سندروم داشت,1.0942455856950815
413435223,اره دقیقا تا این مشکلات حل نشه عروسی نمیکنم .. با اینکه خانوده هامونم اسرار میکنن باید یاد بگیریم قهر نکنیم,3.425440131591025
381301799,دکترم برای۲۳ام سونو نوشته اون موقع معلوم میشه مگه قلب؟,1.8713104343270626
thread_10524790_starter,"چن روز پیش  رفتم سونو متن سونو رو میذارم بچه ها توروخدا نکنه حاملگی پوچ باشه .دکترم گف مشکلی نیس دوهفته دیگه برو اگر خیلی نگرانی برو سونو واژینال نظر شما چیه،
تصویر یک ساک حاملگی با واکنش دسیدوائیمناسب با yolk sakفعلا بدون قطب جنینی قابل روئت در ناحیه فوندوس رحم ومجاور کورنه آی چپ مشهود است .
سن سونوگرافیک براساسMSD=۱۰.۵mmحدود 6_5هفته میباشد هماتوم پری ساک رویت نشد .
بچه ها من چن روزه خارش وسوزش وترشح دارم ک بعضی وقتا سبز میشه امروز  رفنم دکتر کرم واژینال داد ولی گف اپلیکاتور رو تااخر نبرم توش وقتی زدم باعرض معذرت بیرون ک اوردم ی ترشح خلط مانند سبز ک ی رگه خون توش بود دیدم بچه ها نکنه بچه طوریش شده توروخدا ب دادم برسین دارم دق میکنم واینکه اخرین پریودم ۲۷ دی بود بنظرتون طبیعیه ک جنین دیده نشده یا ممکنه پوچ باشه😔",6.53369952611895
413949830,"سلام.
نمیدونم چه اتفاقی برات افتاده اما برات دعا میکنم حال دلت خوب بشه. راستی من امشب میخوام حدیث کسا بخونم دم اذون مغرب. شما رو هم یاد میکنم. اگه دوست داشتین شما هم بخونین. هم برای عاقبتوبخیری و آرامشون. هم برای تاثیر بیشترش.",1.0942455856950815
thread_17140773_starter,"نامادری همسرم چندماه بیش مادرم رو کتک زد فجیع،بعد شکایت کردیم ازش محکوم شد. دیشب شوهرش مدام به مادرم زنگ میزد که مثلاً درخواست کنه مادرم رضایت بده، ماهم گوشی رو برداشتیم. بعد همون پدرشوهرم که باهاش قطع رابطه ایم به مادرم پیام داد نوشت: آدم جواب بده.
قرآن همچنان ادبتون می‌کنه
منم عصبانی شدم تو جوابش نوشتم سگ پ.د.ر
خفه شو، واگذار خودت به قرآن‌
بعد دو ساعت آقاعه پیام داد نوشت فحاشی کردی بهم
میرم فردا به جرم توهین و مزاحمت تلفنی ازت شکایت کنم.
درصورتیکه ما اصلا به اون پیر مرد زنگ نزدیم، این فحش هم صرفا چون اعصابم خورد شد بهش دادم.
الان میگه یا به زنم رضایت میدین که قبلاً کتک زده یا اینکه من بخاطر همین فحش شکایت کنم،مدام‌ تهدید می‌کنه",6.53369952611895
thread_13418141_starter,سلام.من تازه عضو شدم.سابقه ی زایمان زودرس هفته ۲۱ دارم.ک ب خاطر عفونت کیسه آبم پاره شد و بچمو از دست دادم.الان هفته ۲۶ هستم و باز عفونت شدید و ترشح سبز داشتم که کشت دادم و دکترم ۴ تا آمپول جنتامایسین ۸۰ دوازده ساعت یکی  برام تجویز کرد و زدم.ولی میگن روی شنوایی جنین تاثیر میذاره و برای جنین مشکل سازه.توروخدا کسی بوده زده باشه و بچش مشکل دار بوده باشه؟,6.53369952611895
thread_18076917_starter,"لباسای استین حلقه ای و دامن کوتاه و ...
این لباساتونو کجا میپوشین
وقتی بقیه همه پوشیده میپوشن
من دوست دارم این لباسامو بپوشم ولی با بقیه متفاوت میشم",1.8713104343270626
377493610,دو تا خونه رو باید طرف ۴۰ سال کار کنه بتونه بخره بعد این توی ۲۵ سالگی داره بعد خانوادت مشکلشون کار نداشتن پسره؟,1.0942455856950815
thread_17982612_starter,"۷هفتم از همون اول خواب الود بودم تا الان سر پسرم اصلا اینجور نبودم خیلی زرنگ بودم.
اما اینبار خواب الود و تنبل و کسلم.
راسته که میگن سر دختر تنبل و خواب الود میشه مادر",1.8713104343270626
401125571,بگو برات بیحسی بزنن اصلا حالیت نمیشه خوابی,1.0942455856950815
363151595,تا شنبه خیلی دیر میشه اگه هماتوم باشه برات شیاف می‌نویسه ان شالله که برات میمونه،یه صدقه هم بده و برو,1.0942455856950815
395963727,"آفرین دقیقا مثل خانواده من. ازدواج کردیم هنوزم تو شوهرم دنبال عیب میگردن به من نشون بدن بگن دیدی درست میگفتیم.
به شوهرم تهمت خیانت میزد مامانم😂",2.648375282959044
thread_13877273_starter,سلام بچه ها یکی بیاد کمکم کنه من باردارم ۲۷ هفته هستم همه سونو هام اوکیه انومالی و آزمایشات امروز رفتم دو جا سونو گرفتم همه چیه نوزاد اوکی بود قلب و دور سر کلیه و وزنش ولی یکی از پاهاش. پای راستش ۲۱ هفتشه و ۱۵ میلیمتر از اون یکی کوچیکتره کسی تاحالا به اینجور چیزی بر خورده یا کسی رو داشتین اینجوری باشه. بچه به دنیا اومده سالم بوده یا ن,5.756634677486968
308312052,ول کن ناراحت نباش ایشالا خدا جبران می‌کنه.اما پی جهاد وبنیاد مسکن و شهرداری برو شاید یه راهی وا شد,1.0942455856950815
379911051,"ارگاسم باعث انقباض عضلات رحم میشه چون شما شرایطتون خاص سعی کن تا محکم شدن جای جنین ها نداشته باشین.
هرروز دو بار سوره حجرات رو بخون برای حفظ و سلامتی جنین خوبه.",1.0942455856950815
thread_11782399_starter,دوستان من ۲۴هفته هستم ولی کلا یه کیلوونیم اضاف وزن داشتم  ازاول بارداریک تاالان ،سونوی قبلیم که توی ۱۹ هفته بود وزن بچه۲۴۰گرم بود که طبیعی بود ولی چرا وزن خودم اضاف نمیشه😭دکترم که هفته پیش ویزیت شدم چیزی درمورد وزن نگفت ولی بهداشت میگه وزنت کمه وازاین حرفا،خودمم اصلا شکم ندارم هرکی هم میفهمه باردارم تعجب میکنه ،کسی بوده اطراف شما این مدلی؟بنظرتون دوباره سونو بدم برا رشد بچه؟,4.202504980223006
398989666,"برعکس منی
من با اینکه زیاد آشپزی نمیکنم اما دوست دارم، یه هنره برا خودش و لذت میبرم ازش
اما ظرف شستن چییییی😬😬😖😖",1.8713104343270626
353748715,بگردم کاری از دستم برنمیاد ولی خدایی بخوام بگم شرایط اون مردم سخت بوده ولی حق نداشته خیانت بکنه,1.0942455856950815
thread_17872898_starter,من ده ساله ازدواج کردم سه تا بارداری داشتم دوتاش دختر بودند و در هفته ۲۲ دقیقا داخل شکمم فوت کردند . یکی هم ۸ هفته سقط شد . دچار مرده زایی هستم . آزمایشات ژنتیک جنین و خودمون چیز مهمی پیدا نکرده . حالا میگن باید برم پیش ایمنولوژییست و پریناتولوژی. میگن شاید لازم باشه کورتون بزنم . کورتون برای بچه خطر نداره یا برای مادر ؟ شما مشکل تون چی بود و پیش کدوم دکتر رفتید که مشکل شما رو تشخیص داد ؟,5.756634677486968
383814176,شما هم روماتیسم داشتین عزیزم؟دوره بارداریتون ناپروکسن هم میخوردین؟,1.0942455856950815
413951947,اره گوشی خوبیه معروفه با قاتل پرچم دار دوربین و سخت افزارش عالیه حاشیه صفحه نمایش هم خیلی کمه بیشتر مقایسه میشه با s25fe ولی این سری از 25 بهتره,1.0942455856950815
258004522,درد مثل کمر درد اینا داشتین؟,1.8713104343270626
thread_16189574_starter,"لطفا لطفا اگ‌همچین تجربه تلخی نداشتین نظر ندین ممنون
میگم چندسال از زندگیتون میگذره بهتر نشده دست بزنشون تغییر نکردن
من ی اخلاق خیلیییی بد دارم ی دفعه هی یادم‌میاد میشمارم‌میگم‌او الان مولا۲ماه شده نزده هی حساب میکنم همینک‌میاد تو‌ذهنم ب دوروز نمیشه بدترین دعوا باز پیش میاد
حالم‌خییلی بده همش ترس و‌استرس داریم برا حرف بزنیم یا یچی بشه
من دیگ تقریبا سر شدم برام دعوا و‌کتک‌مهم‌نیست
فقط و فقط برا جاریم اینا روبرو‌واحد ما زندگی میکنن نشنون از اینک همبش استرسش و دارم
حالم فقط بخارط ابروم بد میشه تامدتها روم‌نمیشه سلام بدم بهشون
اونا بشدت همسرش اروم اروم خیلی فرق داره با همسر من",7.31076437475093
thread_18145283_starter,"به عشق امام زمان علیه السلام 💚 شماامروز  دوست داری به عشق امام زمان علیه السلام 💚چه کاری انجام بدی که به امام مهربونی ها نزدیکتر بشی؟
1🌹 نمازاول وقت
2🌹 رعایت حجاب
3🌹خوش اخلاق بودن
4🌹خدمت به پدر و مادر
5🌹صدقه دادن
6🌹 قرآن خوندن
7🌹100صلوات
8🌹14صلوات
9🌹سه تاتوحید
10🌹دستگیری ازکسی
11🌹صله رحم
12🌹ترک غیبت
13🌹ترک دروغ
14🌹تبلیغ درفضای مجازی
15🌹زیارت آل یاسین
16🌹کارهای مهدوی
17🌹ترک یک عادت بد /ترک گناه
18🌹نمازشب
19🌹دعادرحق دیگران
20🌹دعای فرج
هم گروهی عزیز میتونی یکی یا چند مورد از گزینه های بالا یا هرچیز دیگه ای که فکرمیکنی باعث لبخند امام عزیزمون میشه راانتخاب کنی و اعلام کنی تاباعث تشویق همدیگه بشیم تابتونیم قدمی به امام خوبی ها نزدیک بشیم😍😍🌹🌹🌹فقط به عشق امام زمانم😍😍😍",1.0942455856950815
thread_17668132_starter,"خاله من روغن حیوانی میفروشه منم ب مامانم گفتم به خاله بگو فلان مقدار بهم بده
بعد مامانم گفت اینقدر میارم نصفش کنیم خودمم میخوام
گذشت روغنم مامانم اورد تا دیشب گفتم مامان چقدر میشه سهم من گفت اینقدر گفتم بفرستمش برا خاله گفت نه وایسا تا منم پول دستم بیاد بعد گفتم خب بزار من سهم خودم بدم گفت نه گناه داره تیکه تیکه بدیم بهش گفتم خب تو کی پول دستت میاد گفت ماه بعد!
گفتم مامان خب خاله ک نمیاد به تو بگه یالا پول بده
ولی بزار اعتبار من پیش خاله خراب نشه
گفت اخه من همشو به اسم تو اوردم اسمی از خودم نبردم
گفتم خب من الان یا باید سهم تو رو هم بدم که ندارم یا باید وایسم تا تو جورش کنی خب اینجکری خاله با خودش نمیگه چقدر بد حسابه!
گفت خب چیکار کنم منم ندارم الان گفتم بهش بگو نصفش من برداشتم خودمم میدمش فلانس پول خودشو میفرسته
خیلی ناراحت شدم از اینکه شاید الان خالم منتظر باشه من هنه پولو بفرستم اما من بیام نصف پرداخت کنم مامانم وایسه تا ماه بعد
حس کردم مامانمم دلخور شد از حرفم",4.202504980223006
412965951,"بخدا یه ادمایی ادمو پیر میکنن شاید باورت نشه من از وقتی رفتم توی این خانواده اعصابم ضعیف شده همش دنبال حرفن همشون اینطورین .وحسود
شنیدی بعضیا خصلت خودشونو هی به بقیه نسبت میدن دقیقا ایناان هی میگفتن فلانی حسوده فلانی اونطوریه من اوایل باور میکردم بعد دیدم نه بابا خودشون اینطورین",5.756634677486968
392059520,خداکنه منم همینجوری باشه ک میگی خیلی ناراحتم اصلا نخابیدم از دیشب😞,4.979569828854988
thread_16946803_starter,سلام دوستان چندروز لکه بینی داشتم بعد تبدیل شد به خونریزی حدود یک هفته و بعد یک هفته دل‌درد و کمردرد نسبتا شدید گرفتم و لخته لخته تیکه شد و اومد حدود ۳ساعت درد داشتم و آروم شدم بعدش حدود ۱۰روز خونریزی داشتم که باز بعضی مواقع لخته دفع میشد اما کوچکتر،۴روز بود خونریزی بند اومده بود دوباره الان افتادم روی خونریزی و باز داره تیکه های کوچیک میاد ،یعنی سقط نشده ؟,4.202504980223006
253412625,"اخه فقط یکیشه اونم از دیشب یه دفعه شروع شد
یعنی طبیعیه؟
درد وسط پا هم دارم و درد دنبالیچه چند روز پیش رفتم دکتر گف باید تحمل کنی خیلی در عذابم",4.979569828854988
411738880,بیخود کرده پسری که نمیتونه پاسخگوی احساسات و وابستگی یه دختر باشه اصلا بخاد باهاش وارد رابطه بشه دختر چه گناهی کرده واقعا بعضی از شما پسرا دنبال این هستید فقط دخترارو بازیچه کنید و همون داستان بزن در رو....ولی دم دختری گرم که انتقام میگیره از اینجور  پسرهای بدذات,3.425440131591025
393203273,"هر کسی روحیه و شرایط خودش رو بهتر میشناسه
اگه آدم منطقی و اهل حساب کتاب هستی و در مقابل دو تا بچه قبلی خیلی خودت رو مسئول میدونی آسایش خودت هم مهمه سقط کنی بهتره وگرنه افسرده میشی کنار اومدن با بچه بعدی سخته
اگه هم شخص معتقدی هستی و سقط برات عذاب وجدان درست میکنه بیشتر با احساس پیش میری تا منطق و منعطفی سقط بکنی ممکنه پشیمون بشی
با چه روشی جلوگیری میکردی؟",1.0942455856950815
thread_16076340_starter,من ده روز پیش پریود شدم و الان امروز لکه بینی داشتم ۱۰ماهه عروسی کردم و روش پیشگیری هم داشتم یعنی حامله ام؟😭😭😭,4.202504980223006
thread_11868913_starter,"یا مشکل از منه یا چی
یه حالت افسردگی گرفتم انگار
به هر دری میزنم وا نمیشه
هرچی میخوام نمیشه
پر از انرژی منفی ام
برام دعا کنین  لطفا",4.979569828854988
338402186,"منم همینکارارومیکنم جوریکه اطرافیان میگن چقدر زن ولخرجی هستی چرا اینقدر زیاد میرین بیرون غذامیخورین و...
نمیدونن اگه من خرج نکنم شوهرم پول نگهدارنیست میبخشه به این واون
منم با عرض تأسف فراوان همین حرفاییکه تو میگی همیشه پیش خانوادش میگم بی تاثیرنیست ولی خب....تازه شوهرم خیلیم هواشونو داره",3.425440131591025
thread_16876696_starter,سلام دوستان من تو روز 33پریودیم ازمایش دادم بتام 57بود بعد 90ساعت تکرار کردم شد 96بعد 72ساعت دوباره تکرار کردم شد 14😞نه خون ریزی دارم نه درد سنو هم انجام دادم فقط یکم ضخامت داشتم و رحمم یکم بزرگ تر از سایز طبیعی بود نمی دونم چیکار کنم به نظرتون امکان داره بتا دوباره بالا بره,4.979569828854988
356662263,من حاضرم این دردارو با جون و دل بکشم ولی بدونم مشکلی نیست و طبیعیه ادم وقتی مادر میشه و تو این دوران قرار میگیره واقعا همش. استرس داره🥲🥲🥺🥺,4.979569828854988
379754343,"🤗🤗🤗احسنت به معرفتت
راستش عزیزم خیلی به این تست های خونگی اعتقاد ندارم و رغبت نمی کنم انجامشون بدم
وقتی دزد حاضره، بز هم حاضر (اونجای‌ نی نی تو عکس سونو هست😄😬) جوش شیرین چه بدونه
دوستمم رفته برام کله پاچه وا کرده
از تو کله ی گوسفنده فهمیده نی نیم پسره
د آخه چی بگم من به تو😃😂",1.0942455856950815
332042656,بارداری؟اگه زیر دلت درد میکنه باید استفاده کنی با دکترت مشورت کن,1.0942455856950815
thread_17985794_starter,"عنوان
1
بازدید
| 0 پست
ما بعد از ۷ سال زندگی تصمیم گرفتیم مبل جدید بخریم و مبلای قدیمی رو بدیم به یه بنده خدایی که تازه میخواد جهیزیه جم کنه و فقیرن پس تصمیم گرفتیم مبلامونو از صفر دوباره تعمیر کنیم که نو بشه وبهشون بدیم
یه جا پیدا کردیم که مبل تعمیر میکنن
مشکل اینجاست که اون آقا که تعمیر میکنه قیفاش و نحوه ی رفتار و حرف زدنش خیلی غلط انداز بود و انگار معتاد و خلافکار بود
ما هم عجله کردیم اعتماد کردیم مبلمونو سپردیم به اونا که درست کنن ۹ ملیلیون هم بیانه دادیم
حالا من خیلی بهم ریختم ازینکه نکنه برامون دردسر ایجاد کنن نکنه اون اقا مشکلی پیش بیاره
خلاصه خیلی داغونم فکرم یه لحظه آروم نمیشه
شما بگید چیکار کنم",6.53369952611895
thread_15940137_mosvi_1404/01/18 20:18,"ن ربطی نداره بنظرم من خیلی طرز فکر های همسن و سالم و ندارم مثلا اکیپ تا دیر وقت بیرون بودن پارتنرم چون دیگ سنش بیشتره پخته تره اتفاقا با خودش بهم خوش میگذره پایس ولی ن چیزای مسخره ای ک پسرای کم سن خوششون میا نمیدونم مشروب و قلیون و اینجور چیزا
میدونی باهم سازش میکنیم مثلا بعضی چیزا از نظر اون مسخرس من سعی میکنم انجام ندم بعصی چیزا ک سن منه اون سعی میکنه انجام بده سعی میکنیم ترازورو حفظ کنیم",1.0942455856950815
thread_16866870_starter,"سلام دوستان
۱۶ روز پریودم عقب افتاده از همون روزی که باید پریود میشدم تا الان کمرم درد میکنه و گودی کمرم میسوزه، امروز رفتم سونو گفت ساک حاملگی تشکیل شده و جنین هم هست ولی ضربان قلبش تشخیص داده نشد و تقریبا ۶ هفته است
خیلی نگرانم که قلب بچه تشکیل نشه
لکه بینی اصلا ندارم و حالت تهوع هم ندارم
کسی بوده که از اول کمر درد داشته باشه؟ لطفا تجربیاتتون بگین",4.979569828854988
413182331,"من خودم اول هشتادم مجردم شکر خدا
ولی ۸۲ ای دیدم ۲ تا بچه داشت
۸۴ ای هم تو بیمارستان زایمان اولش بود خیلی بنده خدا شکسته بود انگار حدود ۳۰ سال بود",1.0942455856950815
357294963,برای بارداری بالاست.با رعایت غذایی میاد پایین انشالله.کدو سبز رنده توی ماست بخور.اگه دوست نداری وقتی پلو درست میکنی ورقه ورقه کن بزار روی برنجت که بخارپز بشه.بامیه هم خیییلی خوبه.توی غذا بریز و یا شب برش بزن و توی یه لیوان اب بزار و صبح اب رو بخور,1.0942455856950815
380347580,وای اره چیکار میشه کرد من همش نگرانم یهو قند نگرفته باشم قند بارداریو دادم لب مرز بود,4.202504980223006
thread_14266145_starter,سلام من الان هفته ۱۴ بارداری هستم و خیلی تو این مدت دوغ و ماست میخورم آیا این رو سفیدی بچه تاثیری داره خودم و باباش سفیدیم ولی شنیدم ماست و دوغ بچه رو سبزه میکنه کسی اطلاع داره,1.8713104343270626
384945423,"هر دانشمندی به خدا یقین نداره
دانشمندا معصوم بی خطا نیستند
هرکسی برای خودش چهار چوب فکری داره
دین ما طوری هست که نمیزاره ما به بن بست برسیم و برای هر مشکلی راه حلی داده
اما بعضی از تفکرات هست که آدم رو به بن بست میرسونه و منجر به خودکشی میشه",1.0942455856950815
thread_13157422_starter,کدوم چشم ها قشنگه بگید مال کدوم شهرم و چند سالمه اگر تونستید,1.0942455856950815
341539423,عزیزدلم با فکر و خیال چیزی تغییر نمیکنه همه چیزو بسپر به خدا انشاالله که صحیح و سالم نی نی تو بغل میگیری.  اس نی نی های منم دعا کن سالم و سلامت بدنیا بیان,1.8713104343270626
378104331,"ای وای
چقدرم زیاد گفتن۶۰۰
همشم گفتن باید یک جا بده
نصفش بمونه سال بعد ۱۰۰دیگه میره روش",3.425440131591025
411412208,میدونم به دنیا بیاد عزیزتر از همشون میشه... اما الان حال روحیم بده... 1ماههشب و روز گریه میکنم که چرا خواهرام و زن داداشم شاغل شدن، من هی حامله میشم و زایمان میکنم و بچه بزرگ میکنم😭,5.756634677486968
thread_12809113_starter,"تورو خدا بخونین دو دقیقه بیشتر وقتتون نمیگیرم
وسواس فکری هم دارم خیلی قلبم فشار اومد
به شوهرم گفتم سریع نذاشت حرف بزنم گفت گذشته رو ول کن حوصله ندارم برو دنبال کارات
انگار همه غم تو دلم موند حتی گوش نداد نامرد
تورو خدا شما بخونین کمکم کنین
جلو چشمش وقتی دوساله بود یه مهمون اومد خونمون نوزاد دو سه ماهه داشت
منم عاشق بچه هستم خیلی بغلش کردم بیشتر بغل من بود
شب چله بود اصلا حواسم به دخترم نبود
از طرفی خیلی سر بچگی و نوزادی دخترم عذاب کشیدم شیر نمیخورد یبوست داشت و هزارتا بلا
یه جورایی کمتر متوجه دخترم بودم انگار ته دلم میخواستم آرامش داشته باشم دیدم پدرش حواسش هست منم زیاد دیگه به دخترم کار نگرفتم
حتی از نوزاد فامیلمون عکس شب چله گرفتم اصلا حواسم نبود یهو شوهرم گفت از بچمون هم بگیر من دلم نمیخواست
اونموقع نمیدونم چرا شاید به خاطر افسردگیم بود
اصلا حتی نوزاد بود و نوزاد دیگه هم تو جمع فامیل میدیدم
میرفتم اونو بغل میکردم بچم یا بغل مادرم میدادم یا کریر میذاشتم
ته دلم بهش وابسته نبودمدحس میکردم فقط دردسره برام
چون خیلی سرکوفت و حرف و حدیث به خاطر وزنش کشیدم و
الان که عکسهای اون موقع رو میبینم داغون میشم
الان عاشقشم دوسش دارم
قلبم داره کنده میشه
خودش چیزی یادش نمیاد از بچگیش ولی میترسم تو ناخودآگاهش اثر گذاشته باشه
مخصوصا ... کامنت اول میگم طولانی نشه",6.53369952611895
404664506,یه مغازه داریم که ب پسره اجاره دادیم ک 6ماهه ازدواج کرده به شوهرم تعریف کرده بوده.. الانم یه منشی خانم گرفته عمون تو مغازه هم میکنتش😤تو بالکن بالای مغازه.. شوهرمم چن باردیده تو مغازه هستن درب برقی بستن... ازاونورم زنش ک زنگ میزنه میگ مشتری دارم و فلان دیر میام ازاینورم رو این زنه سواری میکنه👺👺,1.8713104343270626
413066274,"من چهار تا بچه دارم
حالم خوبه 😁
برای خودم زندگی کردم نه حرف مردم
از اول دوست داشتم حداقل چهار تا بچه داشته باشم",1.0942455856950815
thread_13924111_starter,"جوری داغ ببینی که دیگه نتونی کار کنی گند بزنی به سلامتی مردم
رفتم دندونپزشکی دو تا دندون سالمم تراشیده احمق
بعد میگه بیا اینارو کاور کنم برات
میتونم شکایت کنم دیه بگیرم؟",4.202504980223006
408774751,"ایشالا مرسی عزیزم همه سختیاش به بدنیا اومدنش مبارزه همه این سختیام جزو شرینیشه همیشه اینجوری نیست من حالت تهوع دارم خودمو اینجوری آروم میکنم😂
مرسی بابت راهنماییت چند روز دیگه میخام برم دکتر بعد برم سونو اینا برام دعا کن🩷",2.648375282959044
342128484,مسخره نکن، اخه من ایرانم نیستم و اینجا فقط همسرم دارم. ویزا هم اصلا نمیدن برای همین میترسم. 😞 خیلی دلهره دارم.,4.202504980223006
thread_12636138_starter,"من امروز آزمایش بتا دادم مثبت بود ولی عددش پایین بود گفت احتمال سقط و بارداری خارج از رحم وجود داره
از ساعت ۹۴تا قرص سایتوتیک استفاده کردم و طناب زدم ولی بالاپایین پریدم ولی فقط یکم دل درد و کمر درد شدم
چیکارکنم بنظرتون؟",4.979569828854988
322657977,خوب من درد سینه م ۵ روز پیش شروع شد و دیشب یهو قطع شد,1.8713104343270626
393993685,همیشه نه من دخترم شیش هفته ضربان قلب هم داشت ولی بهترین موقع سونو اول همون هفت یا هشت هفته هست گاهی وقتا تا ده هفته هم صبر میکنن,1.0942455856950815
388549106,"با ترشی که زشت نمیشه😁🥲 ولی خب خاصیت نداره ترشی
بنظرم فقط ژنتیک تاثیر داره
تغذیه فقط برا وزن و سالم بودن و استخوان بندی بچه اس",1.0942455856950815
386378837,"دکترش میگه هر لحظه امکان داره دوباره تشنج کنه و تنها باشه و خفه بشه
کسی نیست که تنهاست تو اتاق مامانبزرگمم که بد حال منم مشغله شغلیم زیاده حتی الانشم موسسه میرم البته پولی نیست در حد ۴ تومن میگیرم
یا کارای بیرون از خونه درکل کسی نیست مراقبت کامل کنه
اینا به کنار مهم نیست
اصلش اینه جا نداریم بعد مامانبزرگم
کسی با خواهرم قبولم نمیکنه
پانسیون و خوابگاه نداریم
بهزیستی کمک نمیکنه چون پدرم قیوم و درقید حسات ولی نمیاد ببینتمون زندگیش جداست",7.31076437475093
374991745,عزیزم غریبه نیستن آشنای دورن ولی خب من بقیه رو برای فردا دعوت کردم نتونستم برا این جدا بگیرم,1.8713104343270626
thread_18002803_starter,"همه چی گرون شده هر جا رفتیم قسطی ندادن شوهرم طلا فروخت خرید ما چون جنوب هستیم از الان گرم شده😥😥
به فکر طلا هامم که رفت 😭😭 بهش گفتم روز تولدم طلا نخریدی برام رفتی طلا هم فروختی میخنده میگه چیکار کنم 🥲🥲🥲🥲🥲
کار خوبی کردم یا ن؟ بیاید دلداری بدید",4.979569828854988
412335691,گفتن زنش خیانت کرده جدا شدن بعدها از همسایه ها و اقوامش شنیدم که دیگه دیر بود و اینکه خودشو اول نشون نمیداد ترک بود,1.0942455856950815
389138549,"خب شب ها خیلی گریه میکنه ، میگه خیلی حرفاش سنگینه رو دلم
تا جوابشو ندم آروم نمیشه
ولی بنظرتون صبر کنه پسره زنگ بزنه بگه؟؟؟ خودش پیام هم نده حرفاشو بگه؟",1.0942455856950815
411282654,میدونم چی میگی وحشتناکه من جیغ میزنم گریه میکنم ...تازه سرماهم خوردم بااین گرسنگی آموکسی کلاو میخورم....داروتهوع اثرنمبکنه,5.756634677486968
402794985,"اینم دهانه باز نمی‌شده ، بنده خدا گفت دکتره بیچارم کرده
من وحشت کردم والا",2.648375282959044
thread_17462289_starter,پسرم ٣ سال و ٨ ماهشه.الان ۵ هفته بار دارم.افسر ده شدم انقد ک فکروخیال کر دم آخه سربچه اول اذیت شدم.دومی بیاد حس میکنم به بچه اول ظلم میشه خودم هم با دوتابچه دیگه وقت واس خودم نداشته باشم.یکی دارم وقت ندارم دوتا باشه چی. توروخدا او نای ک تجربه دارن واقعا راهنمای کن ن,5.756634677486968
thread_13078984_starter,من چند سال پیش یکی از دندون هام عصب کشی کردم روکش کردم بعد یدفعه غذا می‌خوردم درد می‌گرفت رفتم دندون پزشکی عکس گرفتم دکتر گفت باید روکش رو بکنم روکش کند گفت چیزیش نیست از دندون بغلی شاید دندون بغلی پر کرد بعد چند روز دیدم دوباره درد می‌کنه غذا داخلش گیر می‌کنه دست زدم بهش دیدم یه تیکه اش شکسته رفتم پیش دکتر معاینه کرد گفت باید عصب کشی کنی پر کنی روکش میشه 6میلیون من بهش گفتم ندارم اومدم بیرون بعد اون هفته رفتم یه درمانگاه دیگه دندونم نشونش دادم گفت این دندون پوسیده عصب کشی که قبلا انجام دادی دیگه لازم نیست فقط میخواد پرش کنی روکش میشه 4میلیون حتی یه مطب دیگه هم رفتم همین گفت وای از اون روز تا حالا اعصابم خورد شده دکتر عوضی بیسواد پول الکی از من گرفته دندون سالممو درست کرده بعدم میگه این عصب کشی باید بشه 6میلیون میشه بیشرف 2میلیون بخاطر هیچ پوچ دادم بنظرتون برم ازش به رییس درمانگاه شکایت کنم یا برم بخودش بگم,4.979569828854988
thread_17387667_starter,مامانا من سه هفته پیش سونو دادم ۵هفته بدون کیسه زرده و جنین امروز سونو دادم کیسه زرد و قطب جنین بود فقط سن رو ۶هفته ۴روز زده طبق سونو قبلی الان باید ۸هفته میشد😭,3.425440131591025
382780665,فدات انشالله که مال شماهم چیزی نیست استرس بدترین چیز ممکنه سعی کن دورش کنی من وقتی فهمیدم استرس در اندازه گرفتم انتی تاثیر داره قبل اینکه برم تو نفس عمیق می‌کشیدم که عکس بچم وضوح باشه خوب نتیجه بده,2.648375282959044
thread_17578136_starter,"بچه ها من تاریخ آخرین پریودی دقیق یادم نیست چون اصلا درست پریود نشدم تنبلی تخمدان دارم حدس میزدم 2 آبان بود دکتر گفت 7 هفته و. چند روز هستی بعد من از همون اول درد تخمدان و کمر داشتم تا همین 4 روز پیش که پریشب یهو تو دستشویی چند قطره خون قرمز اومد بعد از اون لک بودم و دیروز هم لک داشتم که همه اش خفیف بودن رفتم سونو دادم نوشتن 5 هفته و 5 روز هستم و قلب تشکیل نشده بود الان خیلی استرس دارم دکتر گفت احتمال سقط هست حالا دو هفته دیگه هم سونو بده و شیاف پروژسترون داد
کسی بوده تا حالا این علائم رو داشته؟؟",5.756634677486968
thread_14259883_starter,"جواب آزمایشم اومد باردارم
قرار بود قرص بخورم چند شب نخوردم یادم رفت
به خانوادم گفتم کاملا شوک شدن
واسه کسایی که نمیدونن یک ماه و خورده ای نزدیک دو ماه ازدواج کردم هیچکس از حاملگیم جز خودم خوشحال نشد
شوهرم گفت من دلم میخواست خیلی کارا رو دو تایی باهم میکردیم ، ولی دلشم نیست که بگه بنداز همچین آدمی نیست از بس بقیه ری اکشن تعجب نشون دادن
خودمم ی حالت گیجی دارم
دعا کنین واسم",4.979569828854988
thread_16462609_starter,سلام عزیزان محسن خواهر زاده منه یعنی من خاله اش و متاسفانه۲۴سالشه و حتی دیپلم نتونست بگیره معدلش ۱۰هیچ شغلی نداره و چون پدر و مادرش ورشکست شدن از من میخواد که بیاد خونه من با من زندگی کنه و بخوره و بخواب و ماهواره ببینه نظر شما چیه چی بهش بگم من کارمندم مادرم خونه من با من زندگی میکنه,4.202504980223006
376962422,وقتی برای سس زنشو میفرسته از خونه پدرشوهرم برداره و نان و قند و روغن و جایی و برنج هم از خونه پدرشوهرم و پدر خودش میبره خیر سرش معاون بانک هم هست وقتی زنش از ما لباس و وسیله برای بچه هاش میگیره نگفتنش از صدتا گفتن بیشتر حرف توشه,2.648375282959044
thread_6277494_مامان_آریوش_1400/01/26 15:24,نه فقط گفت اگه همینطوری ادامه پیدا کنه خودت وزن میگری بچت وزن نمیگیره باید مراعات کنم😕,1.8713104343270626
378645799,نه نرفتم ولی استرس شدید دارم از اونا که تپش قلب میگیریا،میگم نکنه حاملم تو آزمایش هنوز بتام بالا نرفته نفهمیدن😑🤦🏻‍♀️,6.53369952611895
362213012,"ببین عزیزم.
شما وقتی ان تی وازمایش میدی.دیگه همون اصلیه.
اگه خدایی نکرده مشکلی هم باشه داخل همین ان تی وازمایشش نشون میده.
که مرحله بعد میشه ازمایش سندروم داون.
اینکه شما هنوز ان تی نداده.دکترتون این پیشنهاد داد.یعنی دنبال پوله.
بخصوص اگه خودش ازمایشگاه بهتون معرفی کنه",1.0942455856950815
thread_15538669_starter,"من ۳۰ آذر یا یکم دی پریود شدم ۶ دی هم پاک شده بودم
تنبلی داشتم و تا ماه قبل داشتم سیپترون کامپاند مصرف میکردم. دیگه وقتی پاک شدم نخوردم . تصمیم داشتم از اسفند برم برای درمانم
۲۷ دی ماه تازه اقدام کردم به امید اینکه آخرای سیکل هستم یکی دوروز بعدش هم اقدام داشتم.
هرچی منتظر شدم که پریود شدم نشدم که نشدم
۱۳ بهمن ماه رفتم آزمایش بتا ۱۰۱ بود .
۱۵ بهمن ماه ۲۶۶ بود
۱۹بهمن ماه هم ۸۰۰ بود
اگر از پریود حساب کنم الان هفته  هفتم هستم اما اگر دو هفته کمتر حساب کنم باید ۵ هفته باشم
دوست دارم برم سنوگرافی ببینم ساک بارداری مشخص شده یا نه
بعضی ها میگن صبر کن یک هفته بعد برو برای قلب بچه
ولی مگه میشه به این زودی صدای قلب رو شنید؟؟
عزیزانی که هفته ششم تا هشتم رفتن برای قلب بچه ، طبق پریودی حساب کردن هفته هارو یا طبق لقاح؟؟؟",2.648375282959044
thread_16576208_starter,"۱۰ هفته و ۳ روز هستم
درد سینه هام کم شده
درد پریودی و شکمی ندارم
ترشحاتم قطع شده
راحت خم و راست میشم
دیگه هیچ شباهتی به آدم باردار ندارم
دو هفته تا NT مونده
خیلی استرس دارم، بچم سالمه یعنی؟",5.756634677486968
355878603,"حرص نخور فقط درو باز نکن ایفون و خاموش کن
هر دفعه هم پرسیدن بگو خواب بودم متوجه نشدم یا حموم بودم
قطره زنجبیل برای تهوع خیلی خوبه یه تحقیق بکن اگه برات ضرر نداره مصرف کن",1.0942455856950815
350876189,ای بابا اخه خییلی سخته من یجوری شدم از خونه خودمون حالم بهم میخوره اومدم موندم خونه مامانم اصلا یکی میشینه کنارم حالت تهوع میگیرم یجوریم که به کل دنیام فکر میکنم حالت تهوع میگیرم اوضاعم وخیمه اصلا,5.756634677486968
406491288,میدونم از خانواده خودم چندین نفر خارج از ایرانن کشور های اسیایی برا مهاجرت ایرانی ها بهتره,1.0942455856950815
thread_18039873_starter,من پسریم ک هیچ دختری نمیخواد منو.  اخلاقمو نمیپسندن . چجوری میشه رها بشم از،دنیا؟,4.202504980223006
thread_16829760_starter,تو بارداری کلا بچمو نخواستم برای سقطش هم عذاب وجدان داشتم چون اولین تجربم بود حس گناه بهم دست میداد الان شدم ۳۵ هفته هنوزم نمیخوامش همش میرم سونو میگم خدا کنه قلبش نتپه...روزایی که تکونش کم شه خوشحال میشم حرکت کنه عصبی اصلا از بچه متنفر شدم حس میکنم با به دنیا اومدنش هم ظلم بزرگی به خودم میکنم هم به اون...,5.756634677486968
thread_13136280_starter,"خیلی دلم گرفته یه کاربری دیگ ساختم که ناشناس باهاتون درد و دل کنم:)
انقد تاپیک خوندم از خانومایی که چند ساله منتظر بچه ان و خدا قسمتشون نکرده
یکی هم عین من بچه نمیخواست و دامنش سبز شد
من اصلا توانایی نگه داشتنشو ندارم
به هییییچ عنوان نمیتونم نگهش دارم
باورم نمیشه با یک بار رابطه محافظت نشده به این راحتی حامله شدم
خدایا مصلحتت چیه که بعضیا ۱۰ سال تلاش میکنن نمیتونن بچه دار شن بعد من با یکبار؟؟؟
حالا که اومده خیلی دوستش دارم. باهاش حرف میزنم. ازش عذرخواهی میکنم که نمیتونم براش مادری کنم🙂دارم از عذاب وجدان میمیرم..
ولی هیچ جوره هم نمیتونم نگهش دارم
هنو یکماه نیست نامزد کردم اصلا تواناییش رو نداریم. اصلا نمیتونیم جایی اعلامش کنیم
حالام مجبورم تو خونه سقطش کنم هیچجایی نمیتونم برم.
فقط میترسم بعدا نتونم بچه بیارم
میترسم بعدا تاوانشو بدم...
ولی دست من نیست که بخدا مجبورم 😭
خانومایی که تا حالا سقط کردین میشه راهنماییم کنین؟
برای سقط چه قرصایی خوردین؟
تو نت زده میفپریستون خوراکی و میزوپروستول واژینال همزمان با هم بیشترین تاثیرو داره
نکنه بعدا رحمم اسیب ببینه نتونم بچه بیارم؟؟...واقعا میترسم توروخدا بهم بگین چی خوردین؟ بعدش تونستین باردار شین؟؟
بعد سقط حتما میرم سونو هم برا بقایا هم برا چسبندگی ولی خب خود سقط چی؟؟
انقد دلم ‌میسوره که چه نعمت بزرگی داشتم که انقد راحت بدون هیچ دردسری تونستم باردار بشم و حالا بعد سقط هر لحظه باید استرس بکشم که چه بلایی به سرم میاد و دیگ معلوم نیست چجوری بتونم باردار شم🥺🥺😭",7.31076437475093
thread_12779069_starter,صورتم پررررر شده از جوش زیر پوستی اولا جوشای ریز میزدم بخاطر همین دیگه هیچ کرمی ب پوستم نزدم و فقط با صابون شستم بعداز اونا دیگه صورتم پررر شده از جوش زیر پوستی😥😢😢😢دو روزم صورتمو نشورم چرب نیست نمیدونم این جوشا از کجا میان اهل آرایش هم نیستم خیییلی کم,3.425440131591025
326447592,"ميشه اذيت نشن؟ دختر منم من ١٠ سالشه خيلي عذاب ميكشه كوچولو بود فهميدم ميره توي كمد توي اتاقش گوشاشم ميگيره الانم تا لحن مون عوض شه به هم ميريزه گريه ميكنه، قبلا خودمم باهاش مي رفتم توي اتاق درم مي بستم براي فيلمي آهنگي چيزي ميزاشتم صداي نحس پدر حمالش رو نشنوه
نميدونم اين نفهم چرا گم نميشه بره؟ ميخاييم جدا شيم ولي تا تمون شه بايد توي يه خونه باشيم همو پاره كنيم؟",7.31076437475093
347318522,"ای بابا
این دکترا انگار عهد بستن همه مادرها رو بترسونه
بابا تا قبل از ۸ هفته کامل اصلا سراغ دکتر نرید
شما هم حالا اجازه بده تا ۱۰ هفته
به منم گفتن احتمال پوچ هست ولی من محل نذاشتم رفتم استراحت مطلق کردم چون بهم گفت هماتوم هم هست
استراحت کردم بعد از ۲ هفته رفتم سونو هم قلب جنین تشکیل شده بود هم هماتوم رفته بود",1.0942455856950815
thread_15992913_jani396_1404/01/26 08:47,سر دومی تا 40 هفته صبر کردی چرا,1.0942455856950815
thread_13330577_starter,"سلام لطفا کسایی که تجربه دارن بیان کمک
۱۲ روز از سقطم میگذره
سه روز پیش سونو دادم فهمیدم بقایا دارم 31mm
بهم قرص مترژن داده دکتر هر ۸ ساعت باید بخورم
بعدش ۱۲ روز دوفاستون بخورم روزی یکی
گفت ۴۰ روز بعد پریود میشی ... بعد پریودی سونو بده مجدد
از روزی که رفتم سونو خیلی درد میپیچه توی رحم و دلم
واقعا از لحاظ روحی خوب نیستم میشه بیاین بگین چکار بکنم دفع بشه
میترسم :(
دمنوشم میخورم",5.756634677486968
413127699,من دقیقاً ۱۱ هفته و ۶ روز ان تی رفتم و با وجود این که دوقلو بودن هر دو رو درست گفت.,1.0942455856950815
thread_17466749_starter,"امروز موعد پریودیمه کمر درد شدید دارم و ماه قبل مدام اقدام کردم
دو روز پیش بی بی چک زدم منفی شد
ولی الا درد شدید دارم ممکنه پرسود بشم یعنی
لطفا بیایید راهنماییم کنید",3.425440131591025
412373377,ببین اصلا رست خودم نبود یه آن دیدم هم کره شکسته هم وسایلا پرت و پلان بچخ رو تا جایی تونستم زدم یعنی میخواستم جیغ بزنم,6.53369952611895
thread_16245654_starter,"من حدود یک سال و نیم ه که فهمیدم ذخیرم پایینه حدود ۰.۶
سریع اقدام ب بارداری کردم
بار اول ک پوچ بود
بار دوم تو یازده هفته ایست قلبی
بار سوم رفتم فوق تخصص همه آزمایشات سقط مکرر انعقادی و ایمنی دادم موردی نبود ، آز اسپرم هم خوب بود
حتی با وجود منفی بودن نتایج انعقادی ایمنی من از ۴ ماه قبل بارداری ب دستور دکترم آسپرین و هیدروکسی کلروکین شروع کردم
همراه با ا‌وابوست، کوکیوتن ، ژلی رویال و امگا۳
یوگا و ماساژ هم انجام میدادم
دوباره سریع باردار شدم ، با شروع بارداری حتی آنوکسا و پروژسترون دکترم برام شروع کرد اما متاسفانه توقف رشد داشت تو ۶ هفته
دکترم که فوق تخصص نازایی هم هستن میگه دیگه باید بیای ivf ، مشکل من کیفیت پایین تخمک ها به خاطر پایین بودن ذخیرمه و تو ivf باید جنین باکیفیت انتخاب بشه
ولی آخه مگه با ذخیره پایین من چقدر شانس دارم تو ivf
کسی تجربه سقط و ذخیره پایین داشته راهنمایی کنه چی کارا کرده",6.53369952611895
thread_16344874_starter,"يكشنبه عصر دندون عقل پايين سمت چپ رو كشيدم، هنوز درد دارم 😭😭
باردارم هستم فقط استامينوفن ساده ميخورم
كسي بوده دردش انقدر طولاني بشه؟؟؟ كلافه شدم ديگه 😭😭",4.979569828854988
thread_12969680_starter,"سلام خانوما خوبین؟
من هفته ده هستم از چهار پنج روز پیش کمر درد شدید گرفتم استراحت میکردم که بهتر بشه ولی فایده ای نداشت
دیروز رفتم پیش دکترم اونجا سونو کرد گفت نینی حالش خوبه و همه چی اوکیه منو فرستاد پیش متخصص مغز و اعصاب اونجا معاینه کرد گفت دیسک کمره هیچ کاریم نمیتونی بکنی جز استامینوفن ساده
حتی ماساژ یا کیسه آب گرم یا پماد موضعی هیچی هیچی😭😭
درد دارم. دیشب که رفتم دکتر و یکم نشستم و اینا دردش شدید شد از کمرم تا پام دررررد میکرد وحشتناک بود از درد گریه میکردم
الانم فقط و فقط دراز میکشم ذره ای راه برم دوباره دردم شدید میشه
ینی این درد درست میشع؟😭
من بعید میدونم 😭😭",6.53369952611895
thread_17354657_starter,"هفته ۳۷ بارداریمع پری روز رفتم دکتر معاینم کرد خیلی دردم گرفت ...گفت ب لکه بینی میفتی نتزس برو ۴ آذربیا زایمان کن
صب ک از خواب پاشدم ترشحات ژله مانندی داشتم کشدار و سفت وزیاد
از ظهرم که معده درد و نمیتونم تشخیص بدم واقعا از ترشی ظهر بود ک خوردمه یا درد زایمانه ..یکم پیش عرق نعنا خوردم یکم بهتر شدم ولی در کل احوالاتم دگرگونه
خیلی اذیتم",4.979569828854988
316933142,خیلی اذیتم..همش هم محکوم به دراز کشیدنم چون تا میشینم دردام شروع میشه فقط درازکش که باشم خوبم دردم خیلی کمتر,4.979569828854988
thread_17891123_starter,"بچها من پارسال بعد زایمان بچمو از دست دادم بعد توی اینستا یه دوست پیدا کردم ک اونم بچشو از دست داده بود دیگه کلی باهم حرف زدیم درد و دل میکردیم اکثر روزا پیام میدادیم بهم چون غممون شبیه ب هم بود اون سنش بالاس و ب گفته خودش دکترش بهش گفته طبیعی باردار نمیشی چون تخمدونات ضعیفن خیلی ناراحتم براش
بعد از طرفی بعد یکسال من الان باردارم بنظرتون از پیجم بیرون بندازمش یا بهش بگم اخه من خودم قبلا زن باردار میدیدم یا بچه کوچیک خیلی ناراحت میشدم و گریه میکردم 😔میترسم دوستمم ناراحت بشه چون اون اغوشش خالیه
کلی هم براش دعا میکنم دامنش سبز بشه شماهم دعاش کنید",3.425440131591025
412365691,اره دیر شروع شد ولی داغونم کرد فک کنم چون دختره انقد ویارم شدیده دارو دیمن هیدرینات و ب۶میخورم خیلی خوب بود,4.202504980223006
413943812,"بحث دوست داشتن نیست
من زندگی الانم خیلی سخت خیلی بیپولی کشیدم خیلی حسرت چیزارو خوردم حالا خداروشکر الان خودم یه مبلغی درامد دارم ولی اون اقا صفر صفر دلم نمیخواد دوباره خیلی چیزا که فقط ی بار تو زندگی ادم انجام میشه حسرت شه برام
جدا از اون اولای رابطه یه سریع چیزا و راجبش دروغ گفت بهم و پنهون کاری کرد که ب مرور تا الان نم نم داره در میاد",5.756634677486968
thread_10871543_starter,"خانوما
من هفته هایه اخره بارداریم هستم و تقریبا ی ماهه رابطه نداریم
من ت ارضا شدن همسرم براشون کم نزاشتم ولی خب دوخل نبوده چون دکتر منع کرده
ولی اون اصن کاری. نمیکنه با این ک چن بار ب روش اوردم
خیلی دارم اذیت میشم 😭 نمیدونم چکار کنم
اصن میدونم گفتنم نداشت ک اینجا بگم ولی نمیدونم چرا ناخوداگاه گریم میگیره سر این مسله",4.979569828854988
407807320,نمیشه گفت نیست و هست سن بارداری ات کمه باید صبر کنی فقط استراحت و شیاف میگن دکترا سینه هات ببین سنگین هست یا نه,1.0942455856950815
thread_11912656_starter,آقا کسی مثل من بوده من الان بچم ۷سالشه موقعی که حامله بودم هییییچ وقت ویار هیچیو نداشتم به نظرتون علت چی میتونه باشه آیامن مشکل داشتم یا طبیعی,1.8713104343270626
thread_15172215_starter,"وای مردممم تو سرویس😓😓😓
ببخشید معذرت میخوام نتونستم دفع کنم
جفتم خیلی پایینه دکتر گفته یبوست اصلا نباید داشته باشی
یدفعه شدید شد خیلی اذیت شدم تو دستشویی
یه قرص سنا سی لاکس داده بود بهم
با اینکه روش نوشته بارداری استفاده نشه ولی دکتر گفت نباید اصلا یبوست داشته باشی.
روش نوشته ملین ۱ تا ۲ عدد روزی ، مسهل ۲ تا ۳ تا باهم
دوتاشو باهم بخورم بنظرتون؟",4.202504980223006
thread_17992241_starter,بچه ها من سه ماهه عروسی کردم از میکاپ حنا و عروسیم اصلا راضی نیستم میشه نظراتتونو بگید تا ایراداتشو بدونم ؟عروسی داداشم نزدیکه نمیخوام باز ایراد داشته باشه میکاپم,3.425440131591025
413946377,"دقیقا بخاطر همینه که میخوام جدا شم
اگر انقدر خوب منو بلد بود چرا تو زندگی مشترکمون برام اینکارها رو نکرد🥲🥲🥲",4.202504980223006
thread_16837144_starter,خواهش میکنم اگ کسیو میشناسین سایتوتک اصل بفروشد معرفی کنه,1.0942455856950815
thread_17945994_starter,"7 هفته هستم یه لک قهوه ای خیلی کوچک دیدم چیکار کنم
رفته بودم آرایشگاه من برا بند پشت لب خیلی دردم میگیره خودمو سفت میکنم نفسم نمیکشم 😅🤦🏻♀️
اومدم خونه یه لک کوچک رو لباس زیرم بود یعنی میتونه از درد اصلاح باشه",2.648375282959044
370339534,"بیشتر به نظر وسواس فکری دارین عزیزم
پزشک مسئوله و باید تشخیص کامل بده اگه تشخیص بده و نگه برای خودش دردسر ایجاد میشه",1.0942455856950815
355431530,"من بودم شرط اول ملاک هام شرط دوم دوست داشتن بله میگفتم
اره منم دیدم تو اطراف این ادما🥲",1.0942455856950815
411918892,"پس پاشو برو با گریه حلش کن
الان وقت قهر و غرور نیس",1.0942455856950815
314867962,میگم شاید باردارم بویاییم قویه اینجوری حس میکنم.😫نمیدونم. کلا نزدیک کسی حرف نمیرنم روبوسی نمیکنمم دهنم کیپ میکنم 😐😑,2.648375282959044
412712410,"اصلا دست خودم نیس هراتفاقی که میخاد بیوفته قبلش من میفهمم . همه فکر میکنن من منفی فکر میکنم ولی باور کن اصلا قبل بارداری فکر این چیزا نبودم 😔
اره انشالله که جنین باشه و قلبش هم بزنه 😔",3.425440131591025
thread_6945164_farzanebano_1400/05/07 16:35,من سه ماهه اول 3 کیلو کم کردم حالا هنوز به وزن اولیه ام نرسیدم.20 هفتم طبیعیه؟؟؟,1.8713104343270626
408885756,خداروشکر الان بسلامتی همه چی برطرف شد رفع شد؟,1.0942455856950815
295175082,اگه دستش تنگه سبد گل قشنگ بگیره..در ثانی شما بهش بچه هدیه نمیدی این یه چیز دو طرفه اس..اگه میگی بهش هدیه دادم یعنی هیچ مسئولیتی در قبال بچه نداری! اگه اون نبود بچه هم نبود عزیزم..,1.0942455856950815
thread_9227382_starter,سلام مامانا... کسی در دوران بارداری قند داشته و بجای نان سنتی از نان پروتئن استفاده کرده باشه... بجای شیر هم از ماست یونانی که قندش کمتره؟,1.8713104343270626
407301226,نه کاملا منظم بود خودمو شوهرمم هبچ مشکلی نداشتیم ولی شوهرم اول ازدواج واریکوسل داشت عمل کرد دیگه هرچی آزمایش وسونو میدادیم میگفت سالم منم دیگه دکتر نرفتم تا بلاخره این ماه که دیگه به لطف خدا باردار شدم,1.0942455856950815
384966818,جاام رو  مگه  به شخص  میدن؟؟  جام  رو به تیم  میدن  تیم  هم  ربطی  به اسراییل  فلسطین  نداره باید  تو زمین تلاشش  رو کنه    این رو هم  همه  میدونن  لالیگا  که کلا  دست  پرز   و داورا در خدمت رئال مادرید,1.0942455856950815
thread_15056664_starter,"هنوز داریم آشنا میشیم ولی جدی هستش خانواده ها درجریانن
خانواده من خیلی بهم ریختست
پدر مادرم جدا شده با خانواده پدری زندگی میکنم مادرمو ندیدم پدرم معتاد بیکار عموها معتاد
خواهر دوقلوم معلول
همه مراسمای خواستگاری که باید خونه عمم گرفته بشه
اوضاع بابام انقدر داغونه که اصلا نمیدونم چیکارش کنم
عموهام داغون تر
حالا من خودم میخواستم بعد خواستگاری یه جشن بگیریم عقد و بله برون همه چی یهو تموم بشه
بعد چهار ماهم که عروسی میگیریم
عمم میگه آبرومون میره اون همه فکو فامیلاشون یهو بیان با این وضع آشنا بشن محضر بگیر با دوسه نفر تموم شه بره
چیکار کنم؟",7.31076437475093
thread_18073433_starter,هفته ۱۶ بارداری ام عکس مال هفته ۱۳  کنجکاوم بدونم چیه نینیم . کی بلده از رو عکس بگه,1.0942455856950815
413715507,"الان من نفهمیدم، شما در حال حاضر مشکل مالی و درامد دارید یا خیر؟ یا فقط میخواهید شوهرت از خونه بیرون بره چند ساعت؟
توانایی مالی کرایه مغازه و خرید جنس دارید؟ یا پدرش بهش میده این پول رو؟ اگر بله، وحشت نداره چون ورشستگی و برگشت چک و این چیزها نداره وقتی برای سرگرمی مغازه زدید... اگر درآمدش رو نیاز دارید، ببینید کجا و چه مغازه ای بهتره بزنید؟ مثلا بهش بگید من هم بعداز ظهر ها چند ساعت میام مغازه پیشت .. که فکر نکنه تنها هست و وحشت کنه!",1.0942455856950815
thread_17742977_starter,"فردا وارد هفته هشت میشم
هیچ ویار و تهوعی ندارم!
شش هفته و دو روز رفتم سونو شکمی قلب ، خداروشکر تشکیل شده بود و طبق سونو شش هفته و یک روز بود .
علائمم:
فقط هفته پنج و شش خوابم میومد، ضعف معده داشتم
پای بی قرار و پا درد
سینه م از روز موعدم تا هفته شش خیلییییی حساس بود
ولی این هفته ۹۰ درصدِ حساسیتش رفت
طبیعیه؟؟؟ انقدر بی علامت",2.648375282959044
403797192,"چطوری کسی نفهمید من از ماه اول حالت تهوع شدید
و بالا می اوردم و باد کردم
اصلا نتونستم قایم کنم",2.648375282959044
thread_17339756_starter,بچه ها باردارم میدونید که....با اینکه یه پسر دارم تازه شیش هفته امه قبلا هم گفتم مادرم فرق میذاره خیلی....دیشب زنگ زده و یکم از زنداداشم گفته ک داداشمو فلان میکنه بهمان میکنه بعد من گفتم تا بفهمه من باردارم دیگه اذیت نمیکنه انقد حسوده تلاش میکنه دوباره باردار شه با اینکه سنش خیلی کمه...ولی من سنم زیاده.... بعد مامانم با یه لحن بدی گفت حالا ببینیم چی از آب درمیاد منظورش این بود که اگه دختر شه  دلشونم برات میسوزه تازه...😭😭😭 همیشه با رفتار و کلامش میگه اگه دختر شه خیلی بدبختی و اول بدبختی هاته....خیلییی ناراحتم چرا عاخه....😭😭الان باید خوشحال باشن بگن نوه جدید تو راه داریم و انشالا سالم و سلامت باشه اونوقت اینجوری قلب و ذهن منو بهم میریزن صبح و شب علائمم رو چک میکنم میگم خدایاااا اگه دختر باشه خانواده شوهرممم که هیچ اصلا کسیو نداریم خانواده خودمم اینجوری ...اون بچه واقعا کسی دوستش  نداره... میدونم که میگم ...سالها من و خواهرم مورد بی مهری قرار گرفتیم,6.53369952611895
408154408,"وای عزیزم بمیرم برات🤍من یه حاملگی داشتک سقط شد سر اونم بدون ویار و این چیزا بودم فقط یه مدت برنج از چشمم افتاد
نمیدونم چون مامانم هم بدون ویاره منم اینطوری شدم؟
من قبل موعد علائم شمارو داشتم امیدوارم هرچی زودتر راحت بشی گلم♥️",1.8713104343270626
413953041,دقیقا از رفتارهاش مشخصه بعد با ۳۰ سال سن میگفت تاحالا با کسی نبودم😂😐,1.0942455856950815
thread_17375891_starter,"من واقعیت خسته شدم
واقعا نمیخام ادامه بدم
درس خوندن سخته  من کلی تلاش می‌کنم ولی آخرش هیچی از هیچی
از اون ور مدرسه بهم میگه تست بزنی نهایی میوفتی
از اون ور نمیتونم ترمیمم کنم
به اینکه کلا کنکور ندم فکر مبکنم
برم حقوق پیام نور بخونم با معدل
یا درس ول کنم برم آرایشگری
واقعا  محیط بیمارستان دوست دارم ولی فکر نکنمم اتاق عمل ازاد بیارم",6.53369952611895
thread_6220408_دختر_زمستون۱۳۷۵_1400/01/18 00:34,"نه نزن این حرفو نگو لعنت ..
شاید فکر کردن دومی اونجوری نمیشه ، و در واقع از روی ندونم کاریشون بوده و گرنه به قصد ظلم که نکردن
یکی از بستگان دورمون اینجوری بودن
دوتا بچشون مشکل مادرزادی داشتن
پسره فلج بود کلا حدود ۲۰ سال ایناش که بود آسمونی شد
خواهرش هم معلول ذهنیه ،خب اون پدر مادر خودشونم سختی میکشن و هیچ پدر مادری دوست نداره بچش تو این شرایط اذیت بشه و قطعا دیدن بچشون تو اون وضع واه هر پدر مادری دردناک و سخته.",1.8713104343270626
410103349,"خواهش میکنم
الهی ، پس درکم میکنی 😞
ممنونم عزیزم . امیدوارم خدا تو دلی هر دومون رو صحیح و سالم بذاره تو بغلمون ❤️",1.0942455856950815
401431273,"منم همین طور شدم
دوتا دختر
پسرم دیگه ام
سفیده
تازه وحشتناک کولیک و دل درد های شدید گریه
اینا هم بخاطر اونه شاید
من اصلا شوکه میشم این طوری نبودن اصلا بچه های قبلی اصلا گریه نمی‌کرد اینقدر",4.979569828854988
323450711,"میخوای کارت هدیه بدید
یایه ادکلن بخرید با گل و کیک
میتونیدیه جعبه بگیری لوازم ارایشی رو توش بذارید
یا نقاشیش و سفارش بده انقد پیج هست تو اینستا ایده قشنگیه
یا عکس ماه نقاشی میکنن ماهی  که تو روزش مثلا با داداشت اشنا شده",1.0942455856950815
378542046,"روانشناس نتیجه داد؟!!
ینی دارو نخوردی؟؟",1.0942455856950815
thread_18034586_starter,"بعد سالها
لم دادن رو مبل چه خوبه
😭😂",1.0942455856950815
thread_18081442_starter,"طبیعیه برای رفیق صمیمی ام
که بی نهایت باهم صمیمی بودیم و از خواهر خیلی بهم نزدیک تر  بود دلم تنگ شده 🥲
به معنای واقعی کلمه همدمم بود و دوسش داشتم حتی از خودم بیشتر حتی از برادر خونی ام بیشتر
مامانم مسخره می کنه میگه مگه نامزدته
فقط نامزد آدم تو این دنیا برای آدم می تونه عزیز باشه
بقیه آدما   آدما نیستن
تکیه کلامش کوجولو بود
هر جا که هستی دلم خیلی برات تنگه کوجولو 🖤",1.8713104343270626
thread_14921397_starter,"شوهر حیوونم دیشب کتک زده ولی طبق معمول اثارش خیلی مشخص نیس
فقط پشت کتفم چنتا کبودی کوچیکه
پیشونیمم یه ذره باد داره ولی احساس میکنم تا فردا میخوابه
انگشتامم دیشب کامل خون مرده شده بودن امروز بیشترش رفته ولی هنوز خیلی درد داره
به سرمم چنتا مشت محکم زده بالای گوشم ک دست میزنم خیلییی درد میکنه فک کنم باد کرده ولی زیر موهامه معلوم نیس
دیشب خیلیا همینجا گفتن حتما برم پزشک قانونی ولی میترسم برم مسخرم کنن بگن هیچی نیس",7.31076437475093
thread_12607907_mamagolsa_1402/09/21 22:31,بخدا من عاشق دخترم ولی اینقدر دارم خودخوری میکنم که گریم نگیره فک کنه خبریه چرا واقعا بختیاری‌ها اینحورین همش میگن پسر پسر بچها بچم همه‌چیش سالم بود بخدا همشم تو سونو تکون میخورد انگار خوشحال بود من دارم نیگاش میکنم خدا بکشم بااین وضعم 😭😭😭😭,6.53369952611895
369429361,وای برو از دکتر شکایت بینیت خراب کرده😔,1.0942455856950815
408305259,عذابم نده کلثوم🥲,1.0942455856950815
404875924,بسلامتی عزیرم.الان چند هفته ای دقیقا.من بخاطر دیابتم و فشارهای ک ب لگن و واژنم هست دکتر ۳۸هفته گذاشت,2.648375282959044
327988577,"داخل رحم ساک خالی دیده شد ولی جنین و ضربان قلب نداشت از اونور داخل لوله تخمدان یه چیزی هست ک هیچ دکتری نمیدونه چیه!!!
نمیدونم چه کنم🤦‍♀️🤦‍♀️🤦‍♀️",5.756634677486968
307838863,بعنوان کسی که هه ی رژیم میگیره و تو یه هفته دو هفته پنج کیلو پنج کیلو کم میکنه باید بگم: رژیم سرخورد اصلا نگیر ،با متخصص تغذیه مشورت کن,1.0942455856950815
413985992,"میفهممت جونم
من چند هفته مونده به کنکورم بستری شدم بخاطر یه مشکلی
درک میکنم استرس کنکور از یه طرف و بیماری جسمی از طرف دیگه فشار میاره روت
ولی مطمئن باش میگذره...خوب میشه همه چیز",4.202504980223006
413722187,"هر دو هفته جمعه ها شب واس شام برو خونه مادرشوهرت و برگرد.
همسرت هم هر وقت بیکار شد برید بیرون بگردیدپارک کافه رستوران...
هر دو هفته هم مامانت شوهرتون دعوت کنه",1.0942455856950815
382553469,"چ کنم الان ۲۲,   هفته ام اصلا یبوست نشدم سعی کردم فقط چیزای مقوی اهن دار جایگزین کنم عوضش مث بارداری اولم نشدم",1.8713104343270626
413973322,"بدن درد که فکر نمیکنم ارتباطی داشته باشه با ناخن عزیزم .
اما حقیقت اینه که واقعا هرکاری کنی با ناخن کاشت؛ غسل گردنته و این اعمالتو دچار مشکل میکنه.",1.0942455856950815
274714511,خیلی بد شده رفتارشون...خوبه که ی چیزایی جا بیفتاده که دخترارو ب جرم دختر بودن آزار ندن و رفتار و چشم و گوش خانواده ها باز شه...ولی اینجوریشو دیگه قبول ندارم نمیخوام توهین کنم ولی ی سریا دیگه خیلی پست شدن,1.8713104343270626
thread_17868718_starter,"امروز پیش متخصص پریناتالوژی سونو کالر داپلر انجام دادم رشد جنینم عقبه 😭الان ۲۶ هفته و ۱ روزم ...۲۴ هفته و ۱ روز FL و ۲۳ هفته و ۵ روز HLبود
پودر لیدی میل و قرص ال آرژنین بهم داد بخورم و امگا ۳. گفت اگر بتونی تا ۳۴ هفته برسونی راضیم....تروخدا بگین کسی اینجوری بوده یا نه😭😭😭😭جنینتون رشد کرد؟؟؟ دو هفته دیگه باید برم سونو گفت هر دو هفته سونو انجام بدم...... خیلی ناراحتم چیکار کنم😭😭قبلا آمینو سنتز شدم جوابش خوب بود از اون لحاظ مشکلی نیست",6.53369952611895
382950755,"فک میکنم خوب باشه، منم پریروز رفتم سونو عدد ان تی ۲.۹۸ بود
سونوگرافیست نذاشت برم ازمایش خون غربالگری بدم. گفت باید بری پیش مشاور پریوناتولوژیست . رفتم پیش حنطوش زاده بدون هیچ توضیحی بهم گفت باید امنیوسنتز بشی.
و به شدت میترسم. تحقیق که کردم و از دکتر خودم پرسیدم همه میگفتن امنیوسنتز از ۳.۵ به بالا میفرستن. میتونی سلفری بری ولی حنطوش پولشو از من گرفت😑 و نوبت زدن برا امنیو سنتز",5.756634677486968
thread_12433679_starter,سلام خانما از دیشب یه دردای ریزی داشتم تا صبح بعدش بهتر شدم.. ظهر دوباره دردم گرف رفتم رباط کریم بیمارستان فاطمه زهرا معاینم کرد گفتن یه سانت و نیم دهانه رحم باز شده و امکان زایمان زودرس هس ما دستگاه برای نگهداری بچه نداریم سریع برو تهران بیمارستان میلاد.. رفتم میلاد اونجا هم همینطور دردای خفیف داشتم بعد معاینم کردن گفتن اصن دهانه رحمت باز نشده و سونو نوشت و نوار قلب بچه رو‌هم گرفت سونو همه چیزش خوب بود بهم گف برو‌خونت  هرچی گفتم درد دارم گوش نکردن منم ناچار برگشتم خونه و هنوزم درد دارم .. بنظرتون چیکار کنم الان,5.756634677486968
thread_17300720_starter,"خانما دیروز بتا دادم عددش ۵۲ بود
امروز مجدد دادم ۸۹ بود
به نظرتون افزایشش خوبه؟!",2.648375282959044
411195438,ن بخدا این طرف در حد منم نیس بدم میا اظهار نظرای اضافع تر از حدش میکنع. از وقاحتش ی جورایی بدم میا,1.8713104343270626
thread_6337130_بالکبابی_1400/02/03 23:55,دخترخالم موهاشو با دندون میگرفت میخورد آخر رفت موهاشو کوتاه کرد که به دهانش نرسه😐,1.0942455856950815
thread_16143314_starter,"من پنج هفته ظهر خونریزی کردم رفتم سونو گفت چیزی مشخص نیست دیگه شبش یه بافت اندازه کف دست دفع کردم چند روز بعدم چندتا کوچیکتر بدون درد و خونریزی هم متوسط رو به پایین ده روز بعد بتا دادم سه هزار سونو داخلی هیچی نبود بیست روز بعد دوهزار چهل روز بعد 80امروز 18همه اینا بعد سقط عددو گفتم .یک ماه بعد سقط باز سونو دادم بازم چیزی نبود سه روز قبلش که سقط بشه بتا داده بودم چهارصد بود که یک هفته از موعدم گذشته بود
به دکتر گفتم علت سقط گفت نمی‌دونم",2.648375282959044
thread_14678485_starter,خانمای باردار یعنی چی واقعا من هیچ واکنشی نمیبینم 28 هفته ام_ چرا بعضیا میگن بچمون تکون میخوره اهنگ میذارن خیلی نگرانم . برای من شاید حین موسیقی یکی دوبار تکون بخوره بعضی اوقات ک اونم صرفا واس اهنگ نمیتونه باشه کی تجربه داره,3.425440131591025
thread_15978778_starter,بچه ها من سونو شش هفته و پنج روز واژینال رفتم گفت ساک حاملگی ۱۵ میلی متره کیسه زرده و فتال پل دیده نمیشه ، من بعد ۸ سال باردار شدم توروخدا بگید کسی مورد مشابه داشته بعد دو هفته جنین و ضربان قلب رویت شه؟ دارم پر پر میزنم,6.53369952611895
308393621,نه دکتر ی ماه نیم رفته بود خارج جا خودش دستیارش گذاشته بود دیگه خواهرم گفت بکش کنار اخلاقش میدونم خونواده من کلا غریبه پرستی توشون هست  گفتم فردا به هر دلیلی اخراج ه یا یکی باهاش سرسنگین باشه میاد میندازه گردن من تحمل ابن نداشتم دیگه ولی هر جا بتونم ابروش میبرم هر دندون پزشکی میرم  ابروش میبرم همه میگن وای نه دکتر بابازاده استاد ما بوده فلان تو صنف خودش ابروش میبرم  تنها کاری که دلم خنک میکنه,4.202504980223006
253100419,نه آلرژی نداره من گفتم وزنش بالا بره که همون روال عادی رو طی می‌کرد خودم یهو ۵ کیلو اضاف کردم,1.0942455856950815
308390434,منم بخیه خوردم ولی ترسناک نیست درد هم نداره,1.0942455856950815
406538040,"دلم برای همشهری هام تنگ شده بود
تو حالت خوبه🥺؟",1.0942455856950815
371518193,"با قرص
کیسه آب پاره شد بدون هیچ خونریری تو حموم جنین همراه آب اومد بیرون فقط یه تیکه گوشت لوبیا شکل سفید بود که دو تا نقطه ی ریز مشکی دو طرف سرش بود (چشماش بود🥺) بعدش تازه خونریزی شروع شد",3.425440131591025
381367238,"وای منم اینجورم انقد قاطی هستم خدا نکته یکی ی چیزیم بگه با خاک و خون یکسانش میکنم ،خیلی عصبیم میخوام همرو بکشم😐😐😐😐،
دوتا بچه داستن تو پاذک همو میزدن انقد عصبی شدم رفتم ی عالمه دعواشون کردم بیچاره ها هنگ کردن ذفتن خونسون😅🤣🤣",4.979569828854988
319257023,"میگم که سونو باید میگفت سنش کمتره چون لقاح دیرتر بوده ولی گفت نه 5 هفتس حالا من موندم 5 هفته که میشه قبل پری
قلبم نه دیده نشد گفت 2 هفته دیگه که میشه 7 هفته بیا",2.648375282959044
thread_7833005_starter,روحی داغونم پریود در حد چند قطرم,4.979569828854988
321869005,"۷۲ ساعت بگذره بی اثربعدم ال دی باید ۴ تا اول بخوری
۱۲ ساعت بعدم ۴ تا
اورژانسی ۱نیمی همون ی بار
اگه ۷۵ هست با فاصله ۱۲ ساعت بخور",1.0942455856950815
339372423,کسی هست یا برای خودم میگم 🥺🥺🥺,1.8713104343270626
thread_13107180_starter,"خودش مانتو فروشی داره خودش همه پالتو و مانتو هاشو میداد بهم یوقتایی هم من میگفتم این مانتو خیلی استیناش یا خودش کوتاست می‌گفت نه بابا بپوش بعضیا میان مغازه میگن ازین کوتاه تر میخواییم ،حالا پدرشوهرم دم به دقیقه به من می‌گفت مانتوهات کوتاست سر لختی بیرون(موهام یذره از پشت میزد بیرون حالا موهامم تا زیر شونه هامه)
جدیدا هم شوهرم یاد گرفته مانتو بالای زانو می‌پوشم میگه کوتاست ،الان با یه تیشرت بلند و شال رفتم دم در منو دید از دستم محکم گرفت پرتم کرد تو خونه بعد گفت بار آخرت باشه اینجوری میای بیرون میخواست کتکم بزنه نزد
دستمو که محکم کشید کبود کرد و زخم شد😔",6.53369952611895
296791668,"والا عزیزم من تو بارداری اولم برای قند  لب مرز هفته ای یک بار میخوردم  قندم ۹۰ بود رژیم غذا دکتر بهم گفته بود  سریع اومد پایین و شد ۷۰
شما فعلا نخور ازمایش گلوکز رو بده اگه خدایی نکرده هنوز قندت لب مرز بود از دکترت بپرس بدن تا بدن فرق داره شماهم بارداری خطر ناکه بدونه مشاورت با  دکتر نخور",1.0942455856950815
400812531,۳۱هفته.. دکترم نیس بخاطر تکزار قند ازمایش نوشته فردا پس فردا باید ازمایش بذم و سونو دارم.دکترم الان نیس جواب تمیده,2.648375282959044
335863990,"ازش معذرت خواهی کن
نمیگم خودتو خار و کوچیک کنی و بهش التماس کنی
ولی چون مقصر بودی یه عذر خواهی کن
بگو معذرت می‌خوام که ناراحتت کردم و اگر بهم فرصت جبران بدی اعتمادت جلب میکنم و از این حرفا",1.0942455856950815
thread_17171204_starter,"من خونه تنها بودم و از اونجایی که میگن رقص خوبه و تنبلی و بقیه مشکلاتو حل میکنه
هنسفری گذاشتم و با یه اهنگ تکنو وسط پذیرایی مشغول شدم و حرکات بشدت غیر معقولی از خودم دراوردم😭😭😭 مامانممم دیدد
آب شدم
ذوووب شدم از خجالت
حتی متوجه نشدم کی اومد",3.425440131591025
410597643,توی این یکسال به هرچی دست زدیم دود شد رفت هوا !! هر دری رو زدیم بسته شد خدا قهرش میاد فکر کردم این بچه دومم چرا این جوری شد از وقتی دنیا اومد بیچاره شدیم تا اینکه یاد این حرکت عجیب که همون موقع هم واقعا دلم نمیخواست مهمونم چنین درخواست بی جایی کنه و در منزل من شمعی که با خودش آورده رو روشن کنه!  رفتم از چندین نفر پرسیدم هیچ کس دقیق نمیدونست از یک بنده خدایی پرسیدم که حتی هزارتومان هم ازم نخواست کل ماجرا رو بهم گفت . برای چنین افرادی که با شیطان معامله می کنند واقعا متاسف هستم 😭😭😭😭من که ازشون نمیگذرم خدا هم ازشون نمیگذره ولی خیلی دلم میخواهد بخش بفهمونم من فهمیدم چیکار کردی,6.53369952611895
270837757,عزیزم من ۲۳ سالمه دوتا دختر پشت سرهم خدابهمون داده ...اولی که خیلی راحت بود یکم اول بعد زایمان حدود دوماه بعد زاییمان خستگی و...میشه ولی باید انرژیتو حفظ کنی نذاری هیچی برخودت اولویت باشه ...به خودت رسیدن چ زیبایی پوششی چ تغذیه ای...و بعد واقن باعشق کارای زندگیتو کنی ...برای من بعد بچه دوم ۶ماه خیلی سختم بود ولی بعدش روال افتادم به نظرم به خود فرد بستگی داره ...من الان هرکس میبینه میگه اصن بهت دوتا بچه نمیخوره...,2.648375282959044
390087119,"کسی ک ب این رابطه پایان میده تویی
دنبال اینه ک رابطه از طرف خودش کات بشه تا غرورش جریحه دار نشه اما تو داغون میشی چون حس سرخوردگی بهت دست میده
پس تو تمومش کن",1.0942455856950815
326910515,طبیعیه شکمت هنوز بزرگ باشه ولی هیچ کس حق ندارد یاداوریش کنه تو الان به کمک نیاز داری از شوهرت بخواه کمک کنه دوتا بچه سخته ولی برای خودت وقت بزار ویتامین بخور سرحال بمونی یه مدت صبر کن بزرگ که شدن راحت میشی همش میگردی,1.0942455856950815
thread_17293425_starter,"خانوما من هفته ده بارداری هستم
اول هفته نه سونو شدم همه چی اوکی بود
اما دکتر تو مطب سونو کرد گفت مایع دور جنین کمه و فقط مایعات بخور
منم اصلا به خاطر تهوع و استفراغ شدید آب نمی‌خوردم
کسی اینجوری بوده با مصرف مایعات اوکی بشه؟
من ماه سوم هستم خیلی نگرانم",4.202504980223006
thread_18144946_starter,"نظرتون دربارش چیه؟
تاحالا عاشق شدین؟
ب کجا رسید
هعیی نمدونممممممممم",1.0942455856950815
thread_11045364_starter,"سلام خدمت دوستان
من دو ماه هست سزارین کردم،بعد از چهل روز دو سه روز اینا خونریزی نداشتم بعد دوباره خونریزی می کردم تا اینکه بعد تقریبا دو ماه خود به خود قطع شد،زمان هایی که خونریزی نداشتم رابطه داشتم که به طور طبیعی پیشگیری میکردیم الان که بعد دو ماه خونریزیم خود با خود قطع شده هی می ترسم نکنه حامله شده باشم؟چیکار کنم
مخصوصا وقتی رابطه داریم یه بار پشت سر هم انجام میدیم",3.425440131591025
413320416,وقتی یک مادروپسرفقط همدیگررودارندبنظرتون بایدچجوری باشه رابطهشون؟حاللااگه خودتون بودیدمیگفتین پدرم یامادرم فقط منوداره مگه میشه هواشونداشته باشم یابفکرش نباشم.ولی وقتی توبت شوهرمیرسه مبخایین بعدازازدواج مادرشومث گوشت گندیده بندازه دوروفقط به زنش بچسپه.البته مادرشوهرای سمی هم زیادن ولی نمیشه که پسرروازمادرش جداکرد,1.8713104343270626
thread_14239168_starter,"خانوم ها شوهرتون بعد از زایمانتون سرد شدن یا همچنان همونجوری یا حتی بیشتر؟
من زایمان طبیعی هم داشتم رژیم هم گرفتم بدنم به حالت لول برگشته اما حس ناکافی بودن دارم...شوهرای شما بعد از زایمان چطور بودن",3.425440131591025
thread_16689898_starter,"یه روز مونده به تایم پریودم ازمایش دادم بتا ۵۱ بود کمه؟؟؟
گفت بارداری ولی باید ۴۸ ساعت بعد تکرار بشه شما تجربه داشتین",2.648375282959044
402658059,فقط تروخدا از این اسمای الکی و‌پلکی نزار یه اسم پر معنا بزار انشاءالله بسلامتییی به دنیا بیاد,1.0942455856950815
315497619,"میگم جنین باید هفته ای ۲۰۰ تا ۲۵۰ گرم اضافه کنه
۲۶ هفته ۱۰۰۰ گرم بود باید ۲۹ هفته حداقل ۱۶۰۰ میشد نه ۱۴۰۰
الان که گفتید یادم اومد که تو اون تایم ویروس بدی گرفتم اسهال و استفراغ شدید شاید به خاطر اون خوب وزن نگرفته
آزمایش دکتر داد انجام دادم گفت دیابت لب مرزه و کم خونی داری
البته دکترم گفت ۱۴۰۰ وزن خوبیه خودم وسواس دارم.",3.425440131591025
thread_14715194_starter,"سلام بچه ها تجربه من از سقط جنین اینجوری بود:
واسه من تو ۶ هفتگی مونده بود قلبم تشکیل نشده بود بعد تو ده هفتگی افتادم به لکه بینی و بعدشم خونریزی و یه تیکه بافت مثله پی گوسفند و لخته خون دفع کردم فردا میخوام برم سونو واسه اینکه ببینم کامل دفع شده چون هیچ قرصی مصرف نکردم واسه سقط خودش انجام شد بنظرتون همش دفع شده؟
دل درد وحشتناکی گرفتم ولی قابل تحمل بود فقطم یدونه استامینوفن خوردم",4.202504980223006
332198054,[QUOTE=332196893]صحبتتون رو  قبول ندارم...بچه ی ما  از گوشت و خونمونه!  چطور دلمون میاد   بچمون ت ...[/QQUمن فقط خودمودرنظرمیگیرم این چیزیه که اسی تعریف میکنه شایدمامانش بیادتعریف کنه یه داستانه دیگه دربیاد ولی بهرحال دوس دارم جوری بامامانم باشم که دوست دارم دخترم بامن رفتارکنه وترجیحم اینه که تحت هرررررشرایطی حرمت ماماناحفظ بشه.,1.0942455856950815
411950494,"اشتباه بوده برداشتتون
۱۵ ساله عقلش میرسه اصلا تصمیم بگیره که بخواد برای یک عمر زندگی به ی مرد بزرگسال بله بگه ؟
فرهنگ سازی یعنی تغییر مثبت به جای پیشرفت باید پس رفت کنیم !!!؟
زیر ۱۸ سال ازدواج بیمارن زوجین و ۹۹ ٪ طلاقه مگر شرایط طلاق از طرف خانواده یا ابرو نداشته باشن",1.0942455856950815
thread_16588047_starter,"سلام به دوستان خوبم امیدوارم همگی خوب باشین
کیا میتونن چنسیت جنین قبل از سونو جنسیت تشخیص بدن؟",1.0942455856950815
thread_15917059_starter,"سلام خانوما من بعد از ۲۰ سال نازایی
با خواست خدا. با کمک دکتر  ای وی اف کردم
مثبت شد الان تو ۱۴ هفته بارداری هستم.
بعد ان تی. ازم لخته خون افتاد خیلی بزرگ بود
ترسیدم رفتم دوباره سونو گفتن جنین خوبه
بعد ۵ روز خونریزی و لکه بینی قطع شد
امروز دوباره با لخته های کوچیک شروع شده
چون به تعطیلات افتادم. نتونستم برم دکتر
فردا ان شالله میرم ولی خیلی نگرانم کسی سابقه همچین چیزی داشته. لطفا راهنماییم کنید",5.756634677486968
297009293,نگران نباش عزیزم، بچه ای که قرار باشه بمونه هر جور شده میمونه⁦❤️⁩ بد به دلت راه نده. مثبت فکر کن که اتفاقای خوب واست بیفته.,1.0942455856950815
thread_17874008_starter,من هفت روز پیش 6سی سی ژل واسه کل صورت زدم شقیقه 2 گونه ها 2چانه وخط خنده 2سی سی اولش کلی ورم داشتم ورمش کامل خوابید ولی حالا بعد از یک هفته تاثیر زیادی نمیبینم در حدی که پوستم صاف شده ولی برجستگی زیادی نداره با منشی تماس گرفتم گفت یک ماه بعد بیا واسه ترمیم به نظر شما بعداز ترمیم نتیجه میده,1.8713104343270626
406428612,چون رو شکم نگاه کرد چیزی ندید بعد واژینال کرد,1.0942455856950815
thread_11449595_starter,"دیروز رفتیم بیرون با خانواده من و همسرم
بعد از شب قبلش بحث کرده بودیم سر یه چیز بیخود هم من سرد بودم هم اون
از صبشم هر دو قهر و بی توجه بودیم بهم
ساعتای ۱ اومد پیشم گفت چته از صب گفتم تو سردی گفت ن تو سردی منم دیدم داره اعصابم خورد میشه باز گفتم ول میکنی؟فقط همینو گفتم بعد بهم گفت پاشو بریم خونه گفتم تو برو خودت من با بقیه میام دو بار همینارو گفتیم بلند شد رفت منم فک کردم رفت خونه بلند شدم راه افتادم منم استراحت مطلقم نباید راه برم اونجام راش بد بود با ترس و استرس و کلی درد شکم راه افتادم رفتم تا کی همینجور داشتم میرفتم برا خودم نمیدونم کجا هم بود یهو دیدم اومد کنارم بوق زد سوار شدم و عصبانی بودیم
بعدش هنوز اون یخ بود منم همینطور حالا امروز صب زنگ زد رد تماس کردم برای اولین بار
اولین باره این مدلی قهر میکنیم قبلا با هم صحبت میکردیم الان من خیلی ناراحتم ک منو گذاشت رفت چ رفتاری نشون بدم؟کشش بدم یا نه اومد بیخیال شم",5.756634677486968
406039625,آخه این اولین بارداریم بود شما چی شد که کورتاژ کردید,1.8713104343270626
410820135,"ممنون از این همه دعا و انرژی مثبت ❤️
بله کاملا درسته
خدا فرزندت رو از تمام بلایا حفط کنه و دامادی یا عروس شدنش رو ببینی ❤️
توکل به خدا",1.0942455856950815
thread_14279072_starter,سلام من ۱۱ هفته باردارم و هفته پیش جواب ازمایشم اومد قندم ناشتا ۹۸ بود الان رژیم میگیرم شیرینیجات،برنج،ماکارونی،سیبزمینی،نون لواش و بربری اصلا نمیخورم نون فقط سبوس دار اونم فقط وعده صبحانه میخورم همش اش و سوپ و مرغ میخورم میوه هم روزی یک دونه سیب چایمو تلخ یا نهایتا با سه چهارتا کیشمیش کوچیک ک رو ب ترشی میزنه ولی نمیدونم دیگه باید چکارایی انجام بدم که قندم پایین بیاد یکشنبه هفته بعد باید برم ازمایش استرس دارم ک نکنه قندم پایین نیاد الان تقریبا یک هفتس ک رژیم دارم ولی خیلی نگرانم لطفا اگه راهی دارید و تجربه ای دارید راهنماییم کنید ممنون میشم,5.756634677486968
413944378,"نمیدونم نرفتم هنوز دکتر برام ننوشت گفت یه دفعه انومالی برو منم قبول کردم
سونوییم که گفته انجام بدم به شدت شلوغ دیر وقت داده بهم بزای چند روز دیگه
واقعیتش رژیمم تا ۶۰ یا ۷۰ درصد حفظ کردم اره
برای دوقلوییم نه بخدا کاری نکردم فقد چون تنبلی تخمدان داشتم لتروزول خوردم و امپول سینال اف که دومین ماه باردار شدم",1.8713104343270626
332210428,"خودشون هر روز از این آرایشگاه به اون آرایشگاه میرن ، لباس میخرن گرون ، بعد میان به زمین و زمان فحش میدن و میگن پول نداریم و .‌. به باعث و بانیش نفرین میکنن
می‌خوام اگه تاپیک زدن یا جایی پستشونو دیدم حتما بهشون بگم خب واسه چی مو رنگ می‌کنی وقتی پول نداری؟",1.8713104343270626
411595431,"اگه یه نفر از زندگی شما رفته حتما خدا خواسته و مناسبت نبوده
و انتظار نداشته باش با دعا خوندن دوباره چیزی از خدا بخوای که خودش دورش کرده
طبق تجربم هر چیزی که ازم گرفته شد با ته قلبم از خدا خواستمش درسته دوباره بهم برش گردوند ولی خودم رها کردم چون فهمیدم خدا یچی فهمید که گرفت پس منم باید  ها کنم",1.8713104343270626
404825643,رو دختر اولیم حالام خیلی خراب بود همش بالا میآوردم و ترشی میکرد معده ام دختر دومی حالت تهوع کمتر بود ولی ترش میکردم رو این حالت تهوع ندارم ترشم نمیکنم خواببم خوبه چون دکتر استراحت داده درکل نمیتونم زیاد کار کنم,2.648375282959044
thread_16439269_starter,"خانما الان ۷ هفته و ۵ روزم
حدودا از ۲ هفته پیش دارم شیاف پروژسترون استفاده میکنم چون چند ماه پیش سقط داشتم بهک دکتر شیاف داد.
الان ببخشید تو توالت خودمو خشک کردم رو دستمال خیلی کم ترشح رنگی دیدم نمیدونم دقیق چه رنگیه صورتیه کرمه یا گلبهی
اخه من که شیاف میذارم چرا ترشح رنگی دارم؟😔",4.202504980223006
309657898,آره واقعا همینطوره، شوهر منم آدم بدی نیست ولی دلایلش چیزی نیست که منطقی باشه برای من چون من اصلا زن ول خرجی نیستم چون خودم تو زندگی اذیت میشم اونوقت، به قول شما بارداری ما بزرگترین هدیه است براشون، امروز صبح بهم میگه برات دوتومن زدم کلی هم نازمو کشید ولی مسئله من اینه که خودش باید درک داشته باشه نزاره زنی که تو حسابش زمان مجردی میلیونی پول بود یا با تو حساب کتاب نداره بهش کم لطفی بشه,4.202504980223006
392460826,"هرزمان سونو وآزمایش لازم بود، دکتر نوشت برید
الان دیگه تا۹هفته برای تشکیل قلب جنین میفرستنتون",1.0942455856950815
thread_14611290_starter,"خدایا چه بارداری سختی دارم من دارم از خارش میمیرم سه ماه دیگه مونده چجوری دووم بیارم تمام تنم زخم شد نمی تونم رو باسنم بشینم😭😭
کل تنم میسوزه و خون میاد
توروخدا کمکم کنین😔😔😔😔😔
سه ماهه دارم تحمل میکنم دیگه طاقت ندارم",7.31076437475093
341953146,پیش همکاراش بود دادو بیداد کردم تلفنی ولس قصیه رو جمع کرد جلوشون .چکارکنم همکاراش نمیبینم که زنگ بزنم میترسم صایع شم,4.202504980223006
thread_18052043_starter,"تا حدودی بلدم اما روم نمیشه جلو شوهرم برقصم با اینکه اصلا خجالتی نیستم
شاید اگه کامل یاد بگیرم اعتماد به نفسشو داشته باشم
خیلی خفن و اغواگره😌
اگه بلدین افرین بهتون👌🏻",1.8713104343270626
413498288,"محجبه هستی؟
اگر محجبه نیستی، به نظرم این مدل پیراهن ها شاید برای شما زیاد مناسب نباشه.
و اینکه باید لاغر اندام و قدبلند باشی که توی تن بشینه.",1.0942455856950815
412831524,چ کنم خوب شم دارم میمیرم احساس مرگ میاد سراغم,6.53369952611895
375016192,چند وقتته؟من دیه با استرس و عذاب وجدان غذا میخورم,5.756634677486968
409854684,هیچی گفتن مشکل حاد قلبی داره تو بهترین بیمارستان ها و مراکز درمای ایران همین تهران بیمارستان صارم بیمارستان دی ،دکتربرنا مطب حنطوش زاده که استادن توی ایران ،بیمارستان دی پروفسور  قلب کودکان ایران که گفت بچه تو شکمت میمیره ،بیمارستان صارم دکتر گیتی دکترا از اینگلیس که پزشک بازار داری های پر خطر در ایران که گفتن سفطش کن احتمال زنده بدنیا اومدنش ۵ در صد بیشتر نیست,4.979569828854988
402462565,فشار اب رو انقد برای بی ابی اوردن پایین بخدا یه نخ باریک هم اب نمیاد دیروز مجبور شدم با قابلمه اب داغ کنم برم دوش بگیرم 😪,3.425440131591025
thread_16762249_starter,"این سوال دوستمه:
یه خونه ی اجاره ای دارن که تو شمال اجاره میدن
اینا به یه خونواده ٨ نفره اجاره ش میدن بعد فرداش میفهمن که اینا ٢٠ نفر حدودا بودن ( هر نفر اضافه بشه نفری ٨٠٠ تومنه) بعد تولد ممنوعه اینا جشن تولد گرفتن مشروب خوردن کثیف کاری کردن و زیر ملافه تخت هم بالا آوردن و به رو خودشون نیاوردن و رفتن
بعد که تحویل دادن اینا دیدن کلی وسایل کیک و اینا بوده تو ویلا و کلا بعد که رفتن اینا فهمیدن که چی بوده و چی شده
خلاصه وقتی داشتن تمیز کاری میکردن یه پلاک طلا با ارزش ۵ میلیون پیدا می‌کنند تو ویلا
الان حدودا ٢ ماه میگذره و هنوز کسی زنگ نزده براش
صاحب ملک هم به اون مسافر زنگ نمیزنه بگه چون اصلا شاید پلاک مال مسافر قبلی بوده باشه و اینکه اگه مال خودشون هم بودع اینا اینقدر خسارت زدن و یواشکی رفتن که حتی پلاک هم جبرانش نمیشه
اما از نظر شرعی الان موندن چیکار کنن
نظرتون چیه ؟",1.0942455856950815
thread_17008672_starter,"بچه ها من هفته ۲۷ بارداری هستم و امروز رفتم سونو دکتر گفت ۲ دور بند ناف دور گردن جنین پیچیده ولی شل هست و نگران نباشم
با این حال خیلی نگرانم همش بغض دارم میترسم خطرناک باشه ممنون میشم تجربه تونو بهم بگید",5.756634677486968
305541042,شما چرا گلم تو این وضعیت ناراحتی براتون خوب نیست از مهربونی ولطف خداوند ناامید نشین خدا هیچ وقت ماها رو رها نمی کنه الان باید شاد باشی می دونی چقد خانم ها الان ارزوشونه جای شما باشند گلم,1.0942455856950815
thread_15675594_starter,"پسری هست که تقریبا بهم معرفی شدیم ولی خودش پیشقدم شد
اول آشناییه
من خودم معلم رسمی هستم اونم کارمند یه ارگان دیگست
وضع مالی و خانواده خوبی داره
من تو نوزادی پدر مادرم جدا شدند با مادربزرگ پدری زندگی میکنیم
خواهر دوقلوم معلول
پدرم معتاد
دوتا عموهام زن طلاق دادن و معتادن و بیکار که با ما زندگی میکنند
همون اول آشنایی هر دو گفتیم که قصدمون جدیه و دنبال رابطه ای که بی هدف باشه نیستیم
حالا همین اول کاری این پسر رفته کل آمار منو در آورده
همه چیااا حتی اسم پدر بزرگم
وضع عموهام و بابامو گند کاریاشونو
داشتیم صحبت میکردیم گفت اسم بابات فلانه گفتم اره
گفت اسم یه عموت فلانه
یکم بعد شغل دوران مجردی بابامو گفت که نوازنده بود 😐
بعد فهمیدم کلا میدونه عموهام معتادن
وااای انقدر حالم بده انقدر ناراحتم
نمیدونم چرا حس بدی دارم
حس میکنم تحقیر میشم
عمم شنید ناراحت شد گفت چرا به روت آورده هرچند غیر مستقیم ولی نباید ازت میپرسید
چیکار کنم؟
نظر شما راجب این کارش چیه؟",5.756634677486968
thread_16629578_starter,"سلام، من امروز یه لکه قهوه ای رنگ دیدم اما دکترم شماره نداده بود که بپرسم چکار کنم!۸هفته و خورده ای هستم
برای همین متخصص زنان آنلاین گرفتم،بهم گفت شیاف پروژسترون مصرف کن ،گفت به صورت واژینال تا ۱۲هفته حتی اگر قطع شد لکه بینیت هم!البته همین الان هم چیزی نیست!
الان من میترسم واژینال استفاده کنم روی خود شیاف زده هم مقعدی هم میشه واژینال استفاده کنی
چکار کنم!
میشه راهنمایی کنید!",4.202504980223006
thread_14246904_starter,"سلام
دکتر امروز گفت ایست قلبی تو ۷ هفته و ۳روز
چون تجربه بیمارستان داشتم و کلی اذیت شدم با سونو ختم بارداری قرص گرفتم و الان اولین مرحله ام تروخدا برام دعا کنید",6.53369952611895
336641771,چند تا دکتر دیگه هم برو دو تا از آشناهام از اول خونریزی داشتن الان یکیشون زایمانشون نزدیک یکی هم استراحت مطلق نمیدونم هفته های اول شیاف میدن یا ن احتمالا امپول چیزی باید داشته باشه,1.0942455856950815
thread_17246359_starter,"من ۱۸ هفتمه ، لولایینگ هست
این مدت همش زندانی خونه بودم
الان بدتر باید دراز بکشم
خیلی از لحاظ روحی خسته ام
نگران هم هستم اتفاقی نیفته
اونقدر سنگینی داخل رحمم حس میکنم ، موقع نشستن و بلند شدن درد دارم
تجربه دارا باهام حرف بزنید خواهشاً 😔",6.53369952611895
thread_14555615_starter,"من مردم از ترش کردن هرچی میخورم ترش میکنم چیکار کنم؟
ویار میکنم شددددیدددد دهنم خشک میشه سرم درد میگیره دلم درد میگیره بعد جالبه وقتی اون وسیله رو برام میارن یه ذره کم ازش میخورم دیگه بدم میاد بهش نگاه کنم
مثلا دیشب هوس شیرینی نارگیلی اونم از نوع خونگی کردم بنده خدا شوهرم رفته ۲ ساعت کلی گشته اینو انور  پیدا کرده انوقت من چیکار کردم؟یه شیرینی گرفتم نصف کردم خوردم گفتم دیگه بسته نمی‌خورم 😐شوهری همینطوری نگام میکرد
گفتم هوس کله پاچه کردم😐منی ک گوسفند زنده میبینم فرار میکنم گوشتش نمی‌خورم
کله پاچهههه؟؟؟ صبح روز تعطیل پاشده رفته گشته خریده آورده چیده میگه بیا حالم انقدر از بوش بد شد ۵۰۰ بار عوق زدم کلی خوشبو کننده تو خونه زدم هی میگفت بوش نیست بخدا میگفتم ن هنوز من حس میکنم
یه روزایی ۳ روز پشت سر هم خوابم از این سه روز کمتر از ۴ ساعت بیدار بودم یا مثل دیشب اصلا نخوابیدم
اینم از صبح ما ....",4.979569828854988
305305992,"انشالله همینی که شما میگی باشه
دکتر سونو گفت تو این اندازه ساک نباید دیگه خالی باشه😣 خودش گفت احتمالا پوچه...
دیوونه شدم اصلا...",6.53369952611895
thread_10337204_مامان_اولی_۷۸_1401/11/22 19:50,"واقعااا؟؟
چ خوب فک کردم ۴۰۰ ایناس
اخه سر عروسیم اناناس خریدم ۳۰۰ شد
مگ دوباره قیمت بگیرم مررسی",1.0942455856950815
thread_15862315_starter,"۲۵ ساله
ترم اخر دانشجو آزمایشگاه
دوتا خونه داره ماشین داره مغازه داره (خانواده دادن)
اهل کار کردن هست تابستونا تو کارخونه عموش حسابدار
ویلاشونو هم اجاره میده درامد داره که اینا مهم نیس
اخلاقش خوبه ادم نرمالیه رفتارای عجیب نداره کم خودم چون تو خانوادم ادم عصبی و بیمار زیاد تعجب میکنم از نظر روانی سالمه اهل دود و دم و مشروب نیس ظاهری خوبه
پدرش سرهنگ بازنشستست و جانباز (پدرشم بهیار بودن دوران خدمت)
تک فرزند
عموها نظامی
داییش شهردار
خودمم معلم رسمی هستم و ارشد ۲۴ سالمه
من پدر مادرم حدا شدن پدرم اعتیاد داره عموهامم همینطور
خواهر دوقلوم معلول
با خانواده پدری بزرگ شدیم
شغل نداره چیکارش کنم
شما قبول میکردین؟",3.425440131591025
330367291,من الان ۳۵ هفته ام هیچی ترک ندارم از هفته ۸ کرم ضد ترک هیدرودرم رو زدم قیمتشم زیاد نبود,1.0942455856950815
413756592,شاید توی کودکی از سمت پدر و مادر طرد شده یا مثلا آدمها همیشه رهاش کردند و احساس میکنه نقصی در شخصیت و رفتارش داره و هیچکسی دوستش نداره,1.0942455856950815
thread_17854688_starter,الان هفته ششمم  همش حرف جنگ و این چیزا . من ۳۰ سالمه قصدهم داشتم یه روزی بچه دار بشم .الان که باردارم حس پشیمونی دارم دلمم گرفته 😔😔 میگم نکنه اشتباه کرده باشم تو این موقعیت,4.979569828854988
thread_17654496_starter,"خانوما من ۲۵ آبان تا ۳۰ آبان پریود شدم
یکم استرسی شدم ۹ آذر دوباره پریود شدم تا ۱۵ آذر
الانم که هنور پریود نشدم
سیکلم بهم ریخاه
ولی تست تخمک گذاری داذم منفیه و از علائم انگار نزدیک پریود شدنمه
میخوام حتما تو این سیکل باردار شم
چیکار کنم؟
قرص خاصی هست بخورم تخمک گذاریم جلو بیفته یا چی",3.425440131591025
400052550,"منم دو کیلو کم کردم 😢 چرا نمیتونی بخوری؟ بدت میاد؟
آخه منم با وجود ضعف اما میل ب هیچی ندارم اگ مجبورم نباشم چیزی نمی‌خورم",3.425440131591025
353835703,"من بمیرم؟
خودت بیا جونمو بگیر چرا زنده بگورم میکنی چرا آتیشم میزنی
خواهر من میبینه من چجوری کار میکنم براش کم نذارم
یه ساله که فاز افسردگیه غذا نمیخوره دارو نمیخوره دکتر میبرم روانشناس میبرم حرف نمیزنه
الانم که ادا در میاره تو از خونه بیرون نرو
من چه خاکی بریزم تو سرم خونه همون خونه ایه کت ۲۳ سال زندگی میکنی الان چی شده
رفتم مدرسه امروز زنگ زدن خواهرم حالش بده امبولانس اومده تا برسم بیمارستان مردمو زنده شده
اخه کثافت منم تو اون خونم درد تو درد منم هست اینجوری تو هم باید عذابم بدی",8.087829223382911
thread_6709616_starter,"درد کدوم کمتره
من خیلی ترس زایمان دارم خیلی
اصلا تحمل یذره درد ندارم
حتی درد اپلاسیون☹☹☹😢😢😭😭فک کنم سر زایمان بمیرم
کدوم بهتره
سنم کمه و خیلی لاغرم و بدنم ضعیفه",6.53369952611895
335608107,"ممنون سلامت باشید
نگران نباش دوستم هم یه بار اینجوری شد ولی بارداری بعدیش همه چیزش خوب بود",1.0942455856950815
343405048,اشکام سرازیر شد روح همه ی پدرایی که ازشون یاد شد شاد باشه,1.0942455856950815
345141940,"ی بیسکوئیت یا نان خشک بخور
قرص زنجفیل هم خوبه
یا ی حرکتی هست برآب حالت تهوع دست راست از بالای سرت دست چپ هم از پایین وسط کمر دوتا دستات همدیگرو بگیرن یا به هم برسون دوباره با دست مخالف",1.0942455856950815
401989879,[QUOTE=401989730]چون نمیتونم تنها زندگی کنم طلاق هم نمیشه گرفت چون ازدواج فامیلیه نمیزارن طلاق بگیرم[/QUOTیه بچه داشته باشم با اون باقی عمرم رو سر میکنم این اقا رو ول میکنم,3.425440131591025
thread_14821550_starter,من بچم س روزش بود تو بیمارستان گفتن باید ببریش ۱۵ روزگی دوبازه 4 تست بده مایع امنیوتیک تو گوشش جم شده تا یک هفته پیش ک بچم ۱۵ روزش بشه زندگیم جهنم بود چقدررررر گریه کردم خدا میدونه چقدرم بچمه امتحان میکردم بچمم خواب سنگین یه موقع واکنش میداد   ی موقع نه انقدررررررر گریه کردم خدا میدونه ۱۵ روزش ک شد بردم دوتا گوشاش اوکی بود اومدم بگم اگر ب شمام گفتن ۱۵ روز دیگه برید حرص نخورید و استرس نگیرید گریه نکنید چیز عادیه خیالتون راحت باشه شیر جوش ب بچتون ندید,5.756634677486968
thread_17813192_starter,رفتم تو ۴ ماهگی ولی همچنان تهوع دارم از همه چی بدم میاد میخوام بالا بیارم دکترم جدا از فولیک اسید ۳ تا قرص دیگ ام بهن داده مولتی ویتامین و کلسیم و فیفول من اخه غذایی ب اون صورت نمیخورم ک بتونم اینارو بخورم کی این روزا تموم میشه😭,4.979569828854988
thread_13431603_starter,"سلام خانوما شب تون بخیر
من سرما خوردگی بدی گرفتم
هفته ۳۲‌ام به خاطر تعطیلات دکترم نیس تا فردا امشب دیگ گلو درد خیلی کلافه م کرد رفتم دکتر عمومی این دارو ها رو داد
کو آموکسی کلاو ۶۲۵
دیفن هیدرامین ساده استامینوفن ساده
و لوراتادین ۱۰
کسی تجربه استفاده رو داره حالم خوب نیس تا فردا که زنگ بزنم دکترم گفتم اگه مورد نداره یکی بخورم☹️",4.202504980223006
412419442,"چون فحاش بی ادب بی شخصیت هست . چون عصبی و روانی زودجوش  لات هست  . چون تو. مثل یه ادمبزدل ترسو     مول بدبخت ها  هیچوقت   واکنشی قوی   نشون  ندادی نسبت به این فحش هاش  بی حرمتی هاش حتی به بابات فحش میده مثل کلم خشکت زده.   . جوابی نمیدی  چون  فهمیده  ترسو هستی تو سری خور هستی  چون فهمیده  حاضری همه جور خفت روتحمل  کنی  ولی خونه شوهر بمونی برنگردی خونه بابات تکلیفت روباهاش روشن کنی یا اصلاح کنه خودش روبا تعهد  یا  جدا شی .
چون عمیقا دوست نداره . چون بلد نیست منطقی باشه صبورانه جوابت روبده. جوری عصبی جنون بهش دست میده  کم مونده بزنتت
چون جوری نیش کنایه حرفت زومیزنی بدتر وحشی اش میکنی .",1.8713104343270626
thread_18138856_starter,چندروزه پاهام و دستام احساس سنگینی وخواب رفتگی دارم ولی حس داره میترسم ام اس باشه توروخدا بیاین بگین یعنی مشکلم چیه پاهامم درد میکنه چندوقته,4.979569828854988
375901608,"پساری گذاشتم ولی چند روز داشتم
همون روز یه کم اذیت بودم ولی بعدش خوب شد
شاید دلیلش سایز بزرگ بودن هست شاید هم عفونت کرده
بره دکتر بگه مشکل داره شاید عوض کنن براش چون اینجوری موقع مدفوع باید فشار وارد کنه و با توجه به طول سرویکس این فشار اصلا براش خوب نیست
حتی میتونه با یه دکتر دیگه هم مشورت کنه
ولی اینکه مرتب بخواد معاینه بشه براش خوب نیست خیلی مراقب باشه هی نخوان با دست معاینه کنن خطر داره براش
به حق صاحب این شبها ، انشاالله خدا محافظ خودش و کوچولوش باشه",1.0942455856950815
356720854,وای اخه دلش میاد اینجوری بگه 😥,1.0942455856950815
385659332,منم دقیقا شرایط شمارو دارم فقطططط دارم دعا مبکنم برم سونو و قلب تشکیل نسده باشه😭,4.979569828854988
thread_17156206_starter,"خواهرم آسایشگاه معلولین بود یه هفته ای میشه حالش بده امروز دیگه زنگ زدن گفتن بیاین خودتون ببرینش و تا گواهی سلامت کامل نگرفتین نیارین
خواهر دوقلوی من مشکل ذهنی نداره فقط نمیتونه راه بره
اپلش با خواست خودش رفت اسایشگاه الان نمیمونه همش داد بیداد
جیغ میکشه طوری که خونه هم اومده همسایه ها میان
ما پدر مادر نداریم از نپزادی مامانبزرگم که دوماه پیش فوت شد مجبور شدم خواهرمو بفرستم اونجا
خودمم خونه فکو فامیل میمونم
خونه مامانبزرگم عموهای معتادم هستن
الان دیگه مردو زنای غریبه میارن خونه همه معتاد
خواهرمو از صبح اورژانس برده بودن از مرکز معلولین به زور از سر کارم کرخصی گرفتم رفتم
الان ترخیص شده خونه مامانبزرگم اوردمش
عمه هام میگن تو نمون اونجا پر مرد غریبست چون قبلا هم سابقه تجاوز از سمت عموم‌بوده میترسن
میگن بذار خواهرت بمونه اونجا پاشو بیا خونه ما
من چیکار کنم
بخوام برم بازم خواهرم شروع میکنه به داد و بیداد",8.087829223382911
390098128,عزیزم چرا انقدر گریه میکنی؟ به جاش خداروشکر کن که همچین شرایطی هست میتونی از سلامت بچت باخبر بشی، خدایی نکرده اگه مشکل دار به دنیا میامد خوب بود؟ به جاش بگو خدایا من از تو یه بچه سالم میخوام و به تو توکل میکنم، هرچی صلاحم هست همون بشه,1.0942455856950815
thread_13795820_starter,"خیلی اذیتم خانما ماه هشتم سریوم چرخیده پایین مدام انقباض دارم بچه اولمم بی‌قراره
کارهای خونه و غذا هم رو خواست هیچکس هم کمکم نمیکنه نه مادر نه خواهر میان سری میزنن و میرن
شوهرم خاله خرس اس تا تهش باهام نیست یبار انجام میده دوبار داد و بیداد می‌کنه",7.31076437475093
412569057,"یک هفته فرقمونه
نگران نباش حتما میرسونی تا ۳۴ هفته
دلیلش چیه که iugr شده؟",1.0942455856950815
404055142,دکترم عوض کردم,1.0942455856950815
407303034,نگران نباش فقط استراحت کن و شیاف هارو هر شب استفاده کن رفع میشه.. واسه من کم بود و رفع شد کلا.,1.0942455856950815
thread_10233522_starter,"دکتر سونو و زنانم گفتن سرش دخترم بزرگهولی خطرناک نیست که نگران باشم میتونه ژنتیک یا بخاطر بلیچ قرار گرفتن ش سرش بالاست کنار دنده چپم و پاهاش پایین
و بخاطر فضای که تو رحم داره سرش بیشتر  رشد کرده
نمی دونم چرا اینقدر نگران شدم و احساس کردم موضوع میتونه جدی تر باشه.ازاول بارداری فقطبرام استرس شده،تالاسمی مینور و بعد مشکوک‌به سندروم دان،دفع پروتین،…که همه با چکاپ مجدد کاملا غلط بود و جنین سالم سالممممم بود
۳۶سالمه و پسرم الان ده ساله سو زمان بارداریش این همه مشکلات نداشتم
میشه گفت چون اولی همه چی شاوکی بوده اینم سایز سرش اشتباه تشخیصداده شده
خواهش می کنم کمک کنین اگر تجربه ای دارین دوستان بدجور بهم ریختم",6.53369952611895
397923642,"خانوم با اخلاق و کم حاشیه ای هستی عزیزم بابت ازدواج نگران نباش و بد به دلت راه نده و فکرهای منفی و حرف اطرافیان که هر از گاهی ممکنه راجب زندگی شخصی شما بزنن برات مهم نباشه
کارمند هستن یک آقای ۳۲ الی ۳۶ ساله و متین و صبور
یک سال و نیم الی دوسال و نیم دیگه منتظر باش اتفاق بیوفته تا اون موقع رو مهارت های خانه داری و صبور بودنتون بیشتر کار کنین عزیزم
همسر آینده تون خیلی شمارو دوست داره و تحسینتون میکنه بابت ویژگی های ظاهری و بعضی از ویژگی های اخلاقی
اولین فرزندتون هم پسره:)",1.0942455856950815
thread_16603737_starter,دوستان من جمعه با قرص سایتوتک سقط داشتم .هنوز هم کم و بیش خونریزی دارم و لخته های خیلی کوچک .من قبل سقط عفونت ادراری گرفته بودم دکتر قرص و اینا داد .که چند تا دونه اش مصرف کردم مونده خیلیش.نمیدونم الان میشه استفاده کرد دوباره یا نه .دکترم انقدر ویزیتاشون گرون شده که نگو .گفتم از شما بپرسم .,3.425440131591025
335409781,نه فکر نکنم دوست من تو شرایط شما رفت بیمارستان.زنداییم ولی تو ۱۲هفته خودش تو خونه سقط کرد.بستگی داره به بدنت به نظرم برو دکتر,1.0942455856950815
thread_14448586_starter,"بچه ها امکان داره ادم حامله باشه ساکم باشه ولی پوچ باشه؟
اصلا کسی حاملگی پوچ داشته
من بتام تا ۹۹۰ خوب بالا اومد
اولش ۱۴۶ بعد ۳ روز ۳۸۳ بعد ۴ روز ۹۹۰ بعد دو روز شد ۹۹۸ بعد دوروز باز شد ۱۰۲۳ کند بالا رفته
سونو هم رفتم ساک داخله رحمه
لک بینی هم خیلی کم دارم شیافم نمیزارم ۴هفته و چهار روزم طبق سونوگرافی",3.425440131591025
thread_18053993_starter,"دو ساله ازدواج کردم و از اولین روز عقدمون یک ریال از طرف مادرشوهر و پدرشوهرم ندیدم، نه کادو، نه مناسبتی نه هیچی، وضع مالیشون هم توپه توپ، هم جفتشون حقوق بگیرن هم بازاری ان، ولی چشمشون به جیب شوهرم و دست منه، همش از ما توقع دارن، شوهرمم از شکم من میزنه خرج اونا میکنه تو این گرونی، مثلا از اداره شوهرم اینا بسته غذایی میدن بهمون اونم بدون اینکه به من بگه یه راست میبره تحویل خونه باباش میده، یا حتی پول کالا برگ خودمونم برا اونا خرج میکنه و وقتی هم من بهش میگم مثلا یه کیلو پیاز بخره برا خونمون هزار جور بهونه میاره یا هم وقتی میگم خودمون هیچی نداریم چرا میدی به اونا، یه دعوای بزرگ راه میندازه و کتک میزنه، تورو خدا بگین چیکار کنم
پدر مادرش هم اهل فرهنگ اینا نیستن و کلا گدا بار اومدن و انتظار دارن از بچه هاشون",7.31076437475093
412437184,توروخدا برام دعا کنید یه پولی دست شوهرم بیاد و بتونیم خونه جدا بگیریم,4.979569828854988
thread_17031712_starter,"من باردارم اما رابطه داریم و هیچگونه ممنوعیتی ندارم
دیشب یهو اومدم تو اتاق دیدم داره فیلم پ.     رن میبینه
انقدر محو زنه شده بود حتی نفهمید وارد اتاق شدم
ازش متنفرم متنفرم
توروخدا نگید طبیعیه  همه مردا میبیننن که نیست",5.756634677486968
362934249,"💔💔💔
نمیدونم والا ولی منم به اینجا رسیدم شوهرمو نخواستم رفتم ولی فقط خواستم ادبش کنم بگم میتونم برم خودش انقدر اومد که برگشتم یه کارایی میکرد میگفتم اشتباهه گوش نمیداد مثلا خودمون پول نداشتیم بعد به رفیقش تو زندان پول میداد😕😕😕😕یا خیلی چیزای دیگه  الان آدم شده ولی متاسفانه خیلی آدم شده حالا میگه چادر سر کن با حجاب باش🤪😕",3.425440131591025
thread_13394245_starter,"سلام خانما وقتتون بخیر
من سه روز پیش جنین ۹ هفتمو ازدست دادم
با چشم خودم دیدم که جنین و چند تا لخته بزرگ و کوچیک دیگه ازم دفع شد
دیروز ک روز سوم سقطم بود رفتم سونوی بقایا واژینال
بهم گفتن بقایای گرید ۱ (جفت) داری ک ۴ سانت هم هست باید بری بیمارستان برات قرص سایتوتک دوز قوی بذارن یا اگه لازم بود کورتاژ بشی.
تا قبل سونو خونریزیم کم شده بود و لخته های کوچیک ازم میومد
ولی از سونو ک برگشتم خونریزیم یکم بیشتر شد  و اخر شب دیدم که یه لخته بزرگ سفت ازم اومد برخلاف بقیه چیزایی ک ازم دفع شد این لخته خیلی سفت بود شبیه گوشت بود بافتش
سایزش هم تقریبا همون۳ ۴ سانت بود
بنظرتون میتونه همون بقایا دفع شده باشه؟
بنظرتون صبرکنم یا برم بیمارستان
واقعا میترسم از بیمارستان رفتن و کورتاژ🥺
راهی به جز بیمارستان هست؟
ممنون میشم راهنماییم کنید",5.756634677486968
354234745,دوست گلم این دلیلی برای جدایی کافی نیست لطفا با مجموعه زندگی سالم سوده هروی کار کن دوره ها بگیر قطعا دستاورد داری اگر نداشتی بعدا فکر جدایی به ذهنت بزنه,1.0942455856950815
294666633,شوهر من همیشه میگه از دیدگاه پسرا این قضیه کاملا منتفی هست. هر بار خواهرم میاد تعریف میکنه که با فلانی دوست معمولی هستیم شوهرم بهش میگه صبر کن ببین تهش چی میشه. تهش دقیقا همین میشه که یا همون دوست معمولی بهش پیشنهاد دوستی عاطفی میده یا اگر بفهمه خواهرم با کسی دوست شده خیلی آروم و بی سر و صدا میره دیگه پشت سرشم نگاه نمیکنه,1.0942455856950815
thread_17070067_starter,دکترم از همون اول گفت نباید رابطه داشته باشید،الان تازه وارد ماه 4شدم همسرمم همش میگه از دکترت بپرس اما من چندبار پرسیدم دیگه خجالت میکشم،کیست اندومتریوز دارم و فیبروم رحم که البته کوچیکه اما خب هست،کسایی که این مشکلو داشتید تا چندماهگی رابطه نداشتید؟,3.425440131591025
366436882,"نه بابا هزینش هرچقد باشه میدم
همه ی زندگیم فدای سلامتیش😭😭",4.979569828854988
410167083,الان نزدین۱۴هفته هستم باز یکم بهتر شدم دعا کنید برام,3.425440131591025
thread_17481156_starter,۱۸ روز پیش انتقال جنین داشتم بتا روز ۱۴ ۳۰۰ بود بعدش شد ۸۰۰امروز لک داشتم از صب بعد رفتم سونو دکتر گفت ساک بارداری تشکیل نشده بعد سونو دوباره لک داشتم شیاف گذاشتم الان ینی داره سقط میشه دارم میمیرم از غصه,6.53369952611895
thread_17092677_starter,"من دو روزه لکه بینی قهوه ای داشتم، رفتم سونو دادم به حساب خودم ۶ هفته و ۳ روز، ولی سونو زده ۴ هفته و ۶ روز و فقط ساک تشکیل شده بود
بتا هم دادم اولی ۱۵۶ بود این یکی توی هفته۶، ۳۴۰۰ تقریبا
دکتر شیاف پروژسترون داده و گفته یه هفته دیگه باز سونو بده
کسی مثل من بوده؟",3.425440131591025
399092814,بگو حالم بده یه مشکل زنونه برام پیش اومده تا ببرتت بیمارستان اونجا خودت برو قسمت زایشگاه بهت میگن چیکار کنی,1.0942455856950815
413223246,"حتما ولی خودت هم هر لحظه از خدا بخواه هر کار خیری میکنی
زیارت رفتی به نیست شوهرت هم بگو ثواب نوشته بشه
حتی امامزاده هر جا ،به شوهرت هم بگو اگه تو رو برد زیارت بهش بگو خدا خیرت بده هر جایی کار خوبی کردی به نیت شوهرت هم باشه به مرور مهرتون عشقتون الهی میشه و پایدار",1.0942455856950815
thread_8169380_موهیتو_خوشمزه_1400/11/29 14:09,چقد عقده ایه🙄,1.0942455856950815
307000833,عزیزم خدا بهت صبر و ارامش رو بده ، منم این مشکل رو داشتم. داخل تاپیک فقط نوشتی مشکلات، ما فک کردیم مشکلات خانوادگی، خب حق بده اشتباه کنیم. اگه بیمارستان خصوصی بری بهتره، اول بهت سرم وصل میکنن بعدش قرص میزارن واژینال، کم کم خونریزی شروع میشه و چند تا ماما میان کمکت ، تو باید زور بزنی، راحتر جنین میاد بیرون، بعدش ماما کمک میکنه جنین کنده بشه ،  بعدش سونو میکنن اگه بقایا بود بیهوشت میکنن و کورتاژ، بعدش استراحت تا چند ماه و یه سری دارو باید بخوری. لطفا کسی رو نفرین نکن ،به اندازه ی کافی هممون توی این کشور بدبختی داریم,1.8713104343270626
412288190,"هفت ماه پیش.. من در به در دنبال ازدواج بودم ازدواج سوممه
داستان زندگیمو تو تاپیکام نوشتم فک کنم صفحه سومم باشه .
حوصلم سر میره میرم بیرون باهاش اگهیشو میبینم بش پیام میدم میریم پیاده روی کنیم بازی میکنیم کلی بعد یه هفته بهم پیشنهاد میده میام میگیرمت. خلاصه دو هفته سه هفته بیشتر دوست نبودیم سریع عقد کردیم خانواده منم تا همین الان مخالف خانواده اونم ک .. هیچی دیگه به زور نگه داشتم زندگیم و",4.979569828854988
330441818,عزیزم میشه برید ای کانال به شرکت کننده ۳۰۴ رای بدی بخدا عکس چند تا بچس  هر کی رای بیاره لباس میدن ث‌واب داره دم عیدی,1.0942455856950815
402462286,دکتر بیسواد برام سرم و ویتامین ب ۶ نوشته بود فقط بااین که رفتم رو به غش بودم انقد فشارم پایین بود حتی یه بسته قرص یا یه شربتم برام ننوشته,4.202504980223006
thread_18105820_starter,من هیچ اسمی به دلم جز آیت ۳ تا اسم نمیشینه برا هر کدوم هم هرکی میرسه یه عیب میگیره واقعا موندم ۷ ماهمم بچم هنوز اسم نداره ب تظر شما کدوم بهتره ❤بانو❤روشنا❤️تابان❤️,3.425440131591025
thread_16537546_starter,"بچه ۱۳ ساله و ۱۰ ساله دارم
حس میکنم اصلا از من نمیترسن
اصلا کمک نمیکنن
هزار بار گفتم چیزی میخورید بزارید تو سینگ اما یه بار بعدا دوباره فراموش میکنن
حس افسردگی گرفتم از دستشون
گاهی داد میکشن
گاهی خوبن
بعضی مادرا میبینم که بچه هاشون چپ چپ نگاه میکنن بچه میترسه
اما اینا اصلا
همسرمم میاد با من جلوی اونا داد میزنه به من
واقعا خب گاهی نمیتونم هی کار کنم هی کار کنم
حس بدبختی و تنهایی میکنم
انگار دوستشون ندارمم",6.53369952611895
411784759,من چون تنبلی داشتم فکر نمیکردم باردار باشم ۱۵ روز تاخیرداشتم دهنم مزه فلز گرفته بود یه کم شک کردم رفتم ازمایش دادم بتا ۷ هزاربود روز بعد رفتم سونو ۵ هفته و ۲ روز بودم فقط ساک بارداری دیده شدخالی. دو هفته بعد تکرارکردم صدای قلبشم شنیدم☺,1.0942455856950815
thread_10297607_badomnini_1401/11/17 13:27,من خارش دارم یبار ترشح سبز داشتم پماد داد یه هفته استفاده کردم خوب شد ولی مدلش انگارعوض شده چون اون پمادم میزنم خوب نمیشه,2.648375282959044
374408176,تا ازمایش ندم  هیچی معلوم  نیس فعلا  چند روز دیگه برم ببینم  چ مرگمه   روزایی  که ایهالم جهنمه  برام بخدا  مثلا میرم  دسشویی میام بیرون  انگار  باز سریع  احیاس دفع دارم😑,4.979569828854988
thread_14667007_starter,"خواستم ببینم اونایی که بچه دارین مادرشوهراتون هر چند وقت میاد به نوه اش سر میزنه؟ یا وقتی میاد آیا وسیله ایی هم برای نوه اش میاره یا نه !!؟
اخه مادرشوهر من اصلا برای دخترم هیچکاری نمیکنه دخترم الان حدودا شش سالشه وقتی دخترم دنیا اومد هیچ چیزی براش نخرید تا الان یه عروسک گرفته که خودش گفته صد هزار تومن شده و یه جفت کفش که هشتاد هزار تومن شده من پنج سالگی دخترم جشن بزرگ گرفتم شاید باورتون نشه صدو پنجاه هزار تومن تو پاکت گذاشت روشو پنجاه گذاشت بقیش ده تومنی که پاکت سنگین بنظر بیاد که همه فک کنن زیاد داده حتی وقتی شوهرمم شمرد تعجب کرده بود در صورتی که من قبلا برا مادرشوهرم تولدش کیک میخریدم یا روز مادر کارت هدیه همش میدادم که دیگه بعدش دستمو داغ کردم که هیچوقت هیچکاری براش نکنم الان صحبت من اینه مادرشوهرم هر یماه یا بیشتر از یماه زنگ میزنه میاد بچمو ببینه میادم هیچی براش نمیخره یکی دوساعت هست و میره و من اصلا دوسندارم دیگه بیاد خونه ام خواستم ببینم درنظرتون چیکار کنم بهتره بزارم همون دیر به دیر بیاد یا حرفی بزنم بهش که بفهمه من حالیمه این رفتارایی که داره !!؟",4.979569828854988
368674585,"اره خواهرمم یک ماهش بود بی بی میزد منفی بود یک ماهو نیمش بود با آزمایش معلوم شد
من اورژانسی خوردم نمیدونم اثرات اونه یا قرصه کلن اثر نکرده بخدا همه چی تقلبی شده هم قرصا هم بی بی چکا قبلا اورژانسی خوردم ده روز نشد پریود شدم حالا اینطوری شدم
بارداری اولم هم سر موعدم بی بی زدم مثبت شد اونوقت حالا نشون نمیدن انگار مخصوصا اینطوری کردن که هر کی ناخواسته باردار بود نتونه سقط کنه
رابطه پر خطرم سه روز بعد از پاک شدنم بود",4.202504980223006
324240783,عزمزمه خواهش میکنم اگه همراه وسواس فکری افسردگی هم داری برو دکتر   دارو واقعا مفیده    من د  حد تباهی بودم فقط خدا میدونه تو چه وضعی بودم ولی دارو یه مقدار روم اثر گذاشت   و وواقعا کسی که وسواس فکری داره اگه شدیده حتما در کنار تلاش و کسب آگاهی دارو بخوره    من در حد حملات پانیک و خودکشی بودم,4.979569828854988
412979261,"دقیقا،من اولین ازمایشم بتا تنها بود زده بود فقط بالای هزار،دومی تیتر بتا بود همین که گرفتم  1180بود بتام رفتم مطب دکترم منشی گفت تکرارش کن بعد از 48ساعت اون ازمایش اولیت تیتر نداره
خیلی ناراحتم از دیشب کلی گریه کردم اخه با این ازمایشام اصلا انگار بتام بالا نرفته یا ثابت مونده😭😭اینجوری میگن یا خارج رحمه یا احتمال سقطش زیاده باید هر 48ساعت دوبرابر بشه بتا",5.756634677486968
thread_6373847_shahdokhttt_1400/02/09 03:21,هرچی خدا بخواد همون میشه استرس نداشته باش خوب نیست برات,1.0942455856950815
thread_17962386_starter,"این زهرا بهرو یک بازاریابه که پول میگیره محصول فیک شبیه پودر قهوه فوری میفرسته بدون پلمپ
اولش خودش و دکتر جا میزنه و میگه کد ملی بده برات دارو ثبت کنم ولی اصلا دکتر نیست
گولشو نخورید
شماره شم ۰۹۱۰۵۹۲۱۳۹۶ با این شماره سر من کلاه گذاشت
همکارام زیاد داره ب اسم خانی و کشته کار",3.425440131591025
413986795,"اول باید بری دکتر نوع اگزماتو تشخیص بده که تازه محرکاش مشخص بشه و برات دارو بنویسه
اگزاما درمان نداره فقط باید علائمش رو مدیریت کنی",1.0942455856950815
368438789,نه آبله مرغان خیلی جدی نیس رعایت کنید خیلی زود خوب میشین اتفاقا خواهر منم آبله مرغان گرفت ولی مراقبت کرد،البته بدن هرآدمی باهم فرق میکنه استرس نگیرین اصلا استرس از هرچیزی بدتره خداروشکر ضربان قلبشم نرماله دکترتون برا کِی وقت داده؟,1.0942455856950815
thread_9919084_دینامت2_1401/09/28 22:30,آره جنین حس میکنه ناراحتی مادرو یه اب قند یا یه چیز اروم بخور یه چیز حنده دار بخون یا یه فیلم خنده داریا موزیک شاد متاسفانه شرایط زندگی منم طوریه که همش ناراحتم یا گریه میکنم اینکارو میکنم دلدردم اروم میشه,5.756634677486968
thread_16289345_starter,سلام بچها . بخاطر این تاپیک زدم چون واقعا دیگه نمیدونم چیکار کنم و خسته شدم . نه ساله ازدواج کردیم و تا سه سال پیش همه چیز خوب بود . از وقتی باردار شدم و دخترم بدنیا اومد روابطمون بد و بدتر شد . فکر میکردم چون باردارم دوست نداره بعدش که بچه بدنیا اومد باز بدتر شد . وقتی شیر میدادم فکر میکردم شاید تموم شه بهتر شه اما بازم تغییری نکرد . هر چی سوال میپرسم هم هیچی نمیگه .گفتم حتما از تغییرات بعد بارداری خوشش نمیاد رفتم کلی هزینه پروتز و ابدو و ..... کردم میرم هر روز ورزش میکنم به خودم میرسم .... لباسای کاستوم جورواجور میخرم .....  اما بازم مثل قبلا نیست . وقتی هم که با هم هستیم حس میکنم فقط منو از سر باز میکنه و نهایتا ده دقیقه و تموم .... هر چی بهش میگم رابطه ما شش سال خوب بوده و من عادت کردم چرا یهو .... همه دوستام میگن از قبل بارداریت خیلی تیپ و اندامت بهتر شده .انگار همه منو میبینن جز اونی که باید ببینه.  دیگه هر کاری به ذهنم اومده رو انجام دادم اما بی فایده بود . گفتم شاید کسی تجربه ای داشته باشه و کمکم کنه,6.53369952611895
thread_11157196_sanaz718_1402/04/04 22:00,با یه دسگاه مخصوص که تو مطب هست.دو بار شستشو داد.و بعد ۳مدل قطره که باعث شد جرم نرم بشه و کنده شد,1.0942455856950815
thread_17700378_starter,"بچها من چند روز پیش سونو دادم۶هفته فقط ساک بود و کیسه زرده دکتر گفت هشت هفته برو قلبش تشکیل میشه
دیروز یه لکه قهوه ای دیدم رفتم دکتر گفت بخاطر لانهگذاری جنین هست شیاف داد شبی یکی استفاده کنم امروز صبح بیدار شدم یچیزی حالت ترشح یا لخته قهوه ای دیدم بنظرتون دلیلش چیه کسی مثل من بوده توراخدت بگید الان ۷هفته و یک روز هستم",4.202504980223006
thread_17043563_starter,"نمیدونم از کجا بگم یا کسی مثل من بوده بچمو خیلی  دوست دارم عاشقشم خداروهم شکر میکنم ولی از بچه آوردن پشیمونم یک تضاد عجیبی بین این دو حالت هست.
تو بارداری و بعد از زایمان هم از  طرف همسرم و هم از طرف خانواده همسرم رفتار خوبی باهام نشد
همسرم و خانواده اش وقتی فهمیدن بچه ام دختره خیلی ناراحت شد‌ن و حرفای زشتی زدن که تا آخرم عمرم نه میتونم ببخشم نه فراموش کنم
تصور کن ی زن باردار رو آنقدر به خاطر جنسیت بچه آزار بدی که یک هفته تمام گریه کنه و لب هام تیکه تیکه خون بیاد آنقدر غصه خوردم استخون درد و لگن درد وحشتناک گرفتم فشار خون گرفتم که هنوزم قرص میخورم
با اینکه بارداری خوبی داشتم این آخرش اتفاق‌هایی افتاد که تبدیل به ی بارداری بد شد در حدی که هر شب باید میرفتم nst میدادم. کلی نذر و نیاز کردم دخترم برام بمونه.
عوارض وحشتناک بعد از زایمان پیدا کردم در نهایت به خاطر بخیه هام دوباره جراحی شدم و دوبار رفتم اتاق عمل
احساس میکنم بعد از بارداری رابطه ام با همسرم سرد شد
مگه نمیگن بچه بیاد زندگی گرم بشه پس چرا من زندگیم سرد شد.
حتی بعد از زایمانمم همسرم و خانواده اش رفتارهای خیلی بدی داشتن مدت زیادی ازشون کناره گیری کردم
هم خودش هم خانواده اش ازم عذرخواهی کردن ولی در ظاهر بخشیدم در باطن نه
الان همسرم دخترمون رو که پنج ماهشه خیلی دوست داره
اهمش کابووس میبینم که باردارم",7.31076437475093
388730089,"تحریک نه، بعد از آرام سازی بدنت، با اشیا ی بسیار باریک حتی توی خودکار، اول تمیزش کن و یکم وارد بدنت کن، تا جایی که امکانش هست و بدنت رو شل کن و نفس عمیق بکشید
و کم کم اشیای بزرگتر، مثل خودکار..
من آخرین چیز هویچ بود و بعدش تونستم انجام بدم ، ولی بازم نه تا آخر
ولی به مرور عادی میشه
شکر خدا الان مشکل ندارم",1.0942455856950815
412974659,درباره اسی باهات موافقم. ولی قبول ندارم حسادت باعث پیشرفت بشه. قبطه خوردن اگه آدما رو زمین نزنه میتونه باعث پیشرفت بشه. ولی حسادت نه. شما احتمالا قبطه رو با حسادت یکی در نظر گرفتی. ولی با هم فرق دارن,1.0942455856950815
349645655,منم مثل تو بودم دوسه ماه آخر رفتم تو رژیم،ولی سه هفته مونده به زایمان رفتم دکتر غدد گفت هرکس بهتگفته دیابتی غلط کرده هرروز صبح نصف قرص متفورمین بخور هر چی خواستی بخور،یعنی هر دکتری یه چیز میگه ولی کلا پیش دیابت شدیم رفت,1.8713104343270626
thread_8880238_1398asal_1401/04/01 00:51,یه وقت میبینی یکی واقعا ذاتش مشکل نداره یبار خیانت میکنه و دیگه تماااام اما یه وقت میبینی صدبار مچ طرفو میگیری باز ادامه میده این دیگه مشکل از ذاتشه و درست بشو نیس حالا صدبار توبه کنه گریه کنه التماس کنه بی فایدس از قدیم گفتن توبه گرگ مرگه این شامل حال همسر شما میشه متاسفانه,1.0942455856950815
307005765,"ای بابا ... بخدا ما هم عروس داریم
بهش نگفتیم بالای چشمت ابرو داری همیشه شاکیه
من که تو این یک سال دوبار دیدمش یبار تو عقد
ولی شاکیه  آزمون:)
من هر حرفی شنیدم فقط سکوت کردم و با سادگی اعتماد کردم و پیششون حرف دل زدم
حساب نکردم که همین حرفا فردا علیه خودم استفاده میشه",4.202504980223006
411835914,"یسری پستارو میخونم رو میخونم قشنگ از زندگی بیزار میشم اینکه دختر ۲۳ ساله میگه من دیگه شوهر نمیکنم یا یه خانمی ۲۰ ساله ۱۵ سالگی ازدواج و بچه دار شده بود شوهره خیانت کار وضع مالی بد به بچه دوم فکر میکرد دلیلش دختر ۵سالش میگفت من آبجی میخوام
نمیدونم یه حس وحشتناک دور از عقل و منطق و تمدن و ... بهم دست میده
اونام تقصیری ندارن یه بخشیش تقصیر خانوادت بقیش جامعه اینطور رفتار شده باهاشون",3.425440131591025
thread_17533618_starter,"من سابقه یه سقط دارم، هموگلوبینم هم بالا بود.
دکترم از قبل بارداری برام اسپرین شبی یکی تجویز کرد. بعد از تشکیل قلب هم انوکساپارین 4000 روزی یکی زدم.
تو سونوی آنومالی تو جفتم کیست دیده شد. دکترم گفت برو مشاوره پیش دکتر حنظوش زاده، ایشون خودش سونو کرد و گفت نه مورد خاصی نیست ولی نه به شیاف پروژسترون نیازی داری و نه امپول انوکسا (سرویکسم 34 میلی بود) . برام یه سری آزمایش ایمنی انعقادی نوشت که جواب همه ش خوب بود.
حالا دکترمم میگه طبق نظر دکتر حنطوش دیگه نمیخواد انوکسا بزنی. آسپرین رو بکن شبی دو تا. شیاف هم به مرور قطع کن. حالا من نگرانم نکنه با قطع امپول خدایی نکرده رشد نی نی کم بشه.
می دونم سوالم یکمی پیچده س ولی خب گفتم شاید کسی تجربه ای داشته باشه. چه کنم دوباره برم پیش یه پریناتالوژیست دیگه؟",4.202504980223006
360678420,"ن عزیزم
من اطلاعاتم درمورد بارداری بالاس و با کیت تخمک گذاری تو لولین اقدامم باردار شدم ۵ روز قبل موعدم بی بی چکم مثبت شد و ۳ روز قبلش هم بتا دادم مثبت شد،
اگه از شروع علایم حساب کنم میشه ۷ روز
از روز اقدام تا الان میشه ۱۴ روز
میتونی تاپیک اخریمو بخونی با عنوان بی بی چک",1.0942455856950815
345188414,نه فقط با دراز کشیدن بعد یکی دوساعت خوب میشم ، من ۳6 هفته ام,1.8713104343270626
thread_13459776_starter,"دلم گرفته،شوهرم نتونست بیاد دنبالم قرار شده دیرتر بیاد کارم تموم شده،تو حیاط بیمارستان نشستم روبروم اورژانس هست به طرز غمگینی خلوته
بخشم را تغییر دادن قرار شده از شنبه برم یه بخش دیگه که دوسش ندارم🥲بخشی که فرستادنم آروم تر از بخش الان هست و کار خیلی نداره خیلی راحته ولی من اصلا نمیخوام حوصلم سر میره.بخش شلوغ پلوغ و پراز جیغ و داد دوست دارم که مدام باید مراقب مریضا باشی.
اعصابم از دست مادرشوهرمم داغونه فهمیده پرده خریدم با گبه میخوان بیان نصب کنن،رفته خونمون من نبودم نگاه کرده میگه بد سلیقه ای شکلاتی زشته تم خونت بد شده چرا پرده کرکره نگرفتی،پرده پانچ خیلی زشته حریرت چرا سادس گلدار نیس.چرا سلطنتی نگرفتی و....
شکلاتی رنگ مبل های جهیزیم بود،مادرشوهرم میگه گبه گلدار سبز و قرمزی که من گفتم میخریدی",4.979569828854988
thread_17884935_starter,"این خانم خودکشی کرده بود یک هفته ای تو کما بود
میگفت که دو نفراومدن  گرفتنم بردنم توی یه دره خیلی عمیق و ترسناک بعد یه پلی بوده که باید از ش رد میشدن و اون دونفری که بردنش گفتن بهش که برت مسگردونیم فعلا وقتش نیست که از اینجا رد شی
میگفت صدای جیغ و داد  کسایی که از رو پل میفتادن هنوزم تو گوشمه و خیلی ترسناک  بوده
خیلی وقت بود که فکر خودکشی تو ذهنم بود تا امروز که اینو شنیدم ترسم از خدا بیشتر شد",4.979569828854988
thread_17997246_starter,"خانما شندیم یکی از اقوام نزدیکمون سرطان داره تو رو بحق این ماه با زبون روزه با دل های پاکتون براش دعا کنید
خیلی جوون
و سرطانش خیلی پیشرفت کرد
التماس میکنم
یه حمد شفا به نیتش بخونید
بچه کوچیک داره 😔😔😔",5.756634677486968
332301331,من خیلی سختی کشیدم تو زندگی فقط تنها اشتباه بزرگ من ترسم از طلاق بود,4.979569828854988
thread_12088170_saharr_bano_1402/07/01 20:37,"همون لحظه ک شنیدی داره ب همسرت میگه راضی هستی
باید میگفتی خب ک چی ی درصد راضی نباشه تو میخای بیای جای من.
شوهرت تو جوابش جی گفت؟
ببین خواهرانه میگم خودت باید حالشو بگیری ک دیگع جرئت نکنه بیاد طرف شوهرت
و الا انقد باخودت کلنجار میری ک دیوانه بشی
لطفا ب خودت بیا",1.0942455856950815
410260050,"اصلا نمیتونم یه بچه مریض بیارم ..
من از اول بارداری کلی پول آزمایش دادم که از سالم بودنش مطمئن بشم .سل فری ژنتیک دادم ..الان تو ۲۰هفته میگن باید بری آمینو ..نمیدونم اگر مشکل داشت چرا سل فری نگفت ..واگر آمینو برم وبگه مشکل داره حتما با هر روشی نمیزارم دنیا بیاد ..
تو دوراهی سختی گیر افتادم",7.31076437475093
394426480,هفته دوازده آزمایش دادم جوابش دیروز اومد 17روزبعد بعد دکتر گفت یه هفته دیگه غربالگری مرحله دوم بده همون آزمایشگاه قبلی ..اونم هم جوابش دیر میاد هم خیلی قابل اعتماد نیست,4.202504980223006
350804606,عزیز بارداری مولار تهوع به ندرت داره ضمن اینکه حجم شکمت هر روز به صورت غیر طبیعی بزرگ و بزرگ تر میشه، خارج رحمی هم درد وحشتناک زیر دل و ران همراهش هست پس بد به دلت راه نده,1.0942455856950815
411200381,عزیزم من تنبلی شدید تخمدان و کیست دارم دوقلوهامم زیر نظر دکتر باردار شدم تازه من رو این یکی هم سرموعدم لکه بینی میگرفتم گفتم همین پریوده دیگه...وهیییچ علایمی من تو بارداری نداشتم ازکجا باید میفهمدیم..بعدشم بااین اوضاع مملکت بچه نیاوردن به صلاح خود اون بچت و اوردن ظلمه درحقش,2.648375282959044
thread_14101047_starter,اون وقت یکی دیگه تو بارداریش چند بار میره سفر خارج از کشور 🥲 (فامیلامونو میگم) تنها سرکلاژی و استراحت مطلق فامیل منه بدبختم😭😭😭,4.979569828854988
339956819,من توی ماع هفت هرروز سه جهار مرتبه گریه کردم و کلی استرس دارم بابت بیماری پدرم. بنظرتون بد میشه واسه بچع؟؟,6.53369952611895
thread_13809168_starter,خانوما من۶ماه پیش باقرص توواژنی وزیرزبونی سقط کردم بیست روزپیشم شب رابطه قرص اورژانسی خوردم و ۵ روز از پریودیم عقب افتاده امروز تست زدم مثبت شد چون قرص راکوتان (باعث نقص جنین میشه) استفاده میکنم نمیتونم نگهش دارم چجوری سقط کنم؟؟میگن دوباره نبایدازقرص برای سقط استفاده کنی برای رحمت ضرر داره.با زعفران میشه واقعا؟تورو قرآن اگ کسی تجربه داره بگه؟,7.31076437475093
thread_16130107_starter,"دوستان من نمیدونم باردارم یا نه فردا نوبت دارم
امروز روز ۴۵ سیکلمه از دیشب ترشجات قهوه ای ضخیم اما کم دلشتم دردش پریووی خیلی خفیف حتی دیروز یه چیز سفید اندازه بند انگشت دفع کردم امروز با سوهرم میخواستیم رابطه دلشته باشیم ببخشید وقتی بیرون اورد ترشحات قهوه ای و لخته خون خیلی کوچیک به آلتش چسبیده بود من خیلی نگرانم که نکنه باردار بودم و بچه سقط شده البته درد سینه ی ای که داشتم چند ساعتی فروکش کرده و احتمال اینه بخوام پریود بشم هست ولی درد همیشگی پریودی رو ندادم و دو روز پیش هم بی بی چکم منفی بود",5.756634677486968
thread_16750723_starter,"و نه شکم گنده
پلی کیستیک رو ک دارم
کبد چرب هم با این شکمم شاید داشته باشم
قدم 165.وزنم 72",1.8713104343270626
thread_17349430_starter,خانما من سه ماه خوب فولیکول داشتم الان اون ماه کیتام منفی بود این ماهم اون ماه سنو دادم گفتن فولیکول نداری این ماهم کیت منفی یعنی ندارم چطور پس سه ماه فولیکول خوب داشتم چیشد یحو,3.425440131591025
thread_16943508_starter,"هفته 16 این ازمایش رو انجام دادم الفا پروتئین بالاست از رو نمودار هم نمیدونم ریسک چنده
توروخدا اگه چیزی میدونین بگین خیلییی استرس دارم 🙄🥲",5.756634677486968
397648856,من کلا موقع پریودیام دردی ندارم،الان که باردارم زیر دلم گاهی تیر می‌کشه ولی درد دیگه ای ندارم,1.8713104343270626
thread_17809622_starter,میخوام یه فحش بدم که این حسابم کلا تعطیل بشه,4.202504980223006
thread_6485839_طلا۶۰_1400/02/26 01:46,ای بابا ولش کن بیا با ما چت کن تا خوابت بگیره الان بری پیشش دیگه عادت می‌کنه همش تو نازشو بکشی,1.0942455856950815
390029001,"جلو خواست خدا رو که نمیشه گرفت
یک هفته صبر کن
انشالل تشکیل میشه
وقتی جنین بوده و ساک بوده حتما قلب هم تشکیل میشه
معمولا هفت هفته و دو روز باید قلب وببینن
خیزه
منم این جوری شدم دورازجون شما پوچ بود سقط کردم بعدش دوباره باردار شدم نگران نباش",1.8713104343270626
267086338,دکترم همین و گفت ولی بعضیا میگرن مورفولوژی خیلی مهم نیست مهم دی ان ای اسپرم هست که سالم باشه قداره هفته ۱۰ به بعد هفته آزمایش سلامت جنین انجام بدم,2.648375282959044
345036619,"اون نیمه باید سقط کنی تا الانم فکر کرده من سقط کردم  ولی من نمیتونم این کارو بکنم
من ۱۷ سالمه",6.53369952611895
thread_18085172_starter,"نمیدونم دلیلش چیه اینقدر بهم ظلم میکنن نمیدونم چرا وقتی نمیتونن مدیریت احساسات کنن بین بچه ها هی میزائن من یادمه تا ۷ سالگی که تک بچه بودم برای خانوادم اهمییت داشتم به محض اینکه مامانم حامله شد دیگه منو انداختن سطل زباله کتک زدنام شروع شد بی محلی هاشون تبعیض هاشون
ما بخاطر اواره شدیم چون خونمون خطرناک بود کل همسایه هامون هم رفتن
من یکماه اولشو کلا خونه مامانم بودیم هرروز اشکمو در میورد هی روم فشار بود هی منت میزاشت بااینکه خودمم وسیله خوراکی خریدم اون یکماه رو
بقییشو رفتیم خونه مادر شوهرم اونجاهم دیشب مادر شوهرم همش هی طعنه میزد که نمیخاین برین حالا که تموم شده
منم وسیله هامو جمع کردم دیشب برای خواب اومدم خونه مامانم که ببینیم امروز تکلیف چی میشه اگه واقعا چیزی نبود لاقل برای یک هفته ام شده برگردیم خونمون
حالا ابجیم وایساده میگه من راحت نیستم بگو بره تو پذیرایی منم تا ظهر بابام تو پذیراییه معذبم
میگم تا عصر که شوهرم بیاد صبر بده میرم
مامانم بجای اینکه ابجیمو قانع کنه که بیاد تو اتاق باهم باشیم وایساده بمن فحاشی که گورتو گم کن برو
خیلی بهم فحاشی کرد
دلیلشو نمیدونم ...
شاید بخاطر اینکه من بچشون نیستم وگرنه از مادر واقعی ادم این چیزا بر نمیاد😔
این چن مدت خیلی بهم سخت شد از همه طرف منت چی میشد تموم میشد هرروزشو اشک ریختم😔",7.31076437475093
386772432,"کلا اون میخواد برای نی نی آیه الکرسی هم بخونه وضو میگیره و دستش رو روی شکمم میذاره
از اول بارداری هم به من همش تاکید می کنه دائم الوضو باش ولی دروغ چرا من سعی می کنم رعایت کنم ولی بعضی وقتا نمیشه",1.0942455856950815
334050236,"امروز رفتم با وجود اینکه جوشونده شنبلیله و زعفرون و دارچین و کاچی و این چیزام مصرف کردم گفت چهار هفته و دو روزه بدون هیچ مشکلی
اصلا رابطه چهار هفته و دو روز قبل ما احتمال بارداری توش نبوده
موندم به خدا چجوری شده",4.202504980223006
thread_11050893_تنهاوغریب۷۸_1402/02/19 19:15,دقیقا از درونم داره آتیش میزنه بیرون اصلا یه حالی ام😣,4.202504980223006
thread_11210265_sogoli7279_1402/03/09 20:06,"ببین ب من گفتن دقیق متر کن سایزاشو بفرست هم طول هم عرض
چون گفتن هر فرش و هر کارخونه ای ممکنه چند سانت خطا داشته باشه منم همین کارو کردم عینا اندازه فرش خونمون فرستادن بعد از ۲۰ روز",1.0942455856950815
340948457,منو ساقی هم گردن نمیگیره😭😂😂,1.0942455856950815
368119796,"آره
منکه تو بارداریم اینو خیلی شنیده بودم و خونده بودم
روزی هم که کیسه آبم پاره شد همین اتفاق افتاد
ولی باز شما حتما این موضوع رو به دکترت بگو",1.8713104343270626
thread_17252482_starter,"نامزدیم عقد نیستیم همین که خواستگاری خصوصی شد تا بله برون مامانم فوت کرد(منظورم مادربزرگمه من پدر مادر ندارم)
بعد فوت من دیگه جا ندارم برای زندگی
اومدم خونه عمم میمونم خواهر معلولمم بهزیستیه
اینجا هم راحت نیستم چقدر مثل مهمون رفتار کنم
غذا کم میخورم معذبم
کم میخوابم همش صاف نشستم رو مبل
دیروز رفتم حموم نمیدونستم شوهر عمم خونست معذب شدم تازه سر خوردم با حوله وسط حال افتادم
من چیکار کنم
عقدمم موند عید بگذره بعد (رسم عید سیاه دربیاد)
خونه جدا بگیرم خواهرمم بیارم نگه دارم خانواده نامزدم خیلی سختگیرن میدونم مشکل پیش میاد باباش سرهنگ از این خانواده های نظامی هستن(گفتم تا متوجه بشین منظورمو)
بیخیال ازدواجم بشم برم خونه بگیرم ولی میدونم دراز مدت نمیتونم از پس اجاره و هزینه ها بربیام در حد چند ماه شاید بشه
من چیکار کنم بخدا نمیدونم
شهرستانیم خوابگاه پانسیون نداریم
خودمم شاغلم ولی الان همه حقوقمو میدم برای نگهداری خواهرم بهزیستی
جای من بودین چیکار میکردین",8.087829223382911
382241337,سقط اینجوری نیست. سقط وحشتناکه، هم خونریزیش، که هر ۵ دقیقه یکبار پد رو باید  عوض کرد، هم دردش ک من دردی شبیه به زایمان رو حس کردم،. هم اینکه بوی بخصوصی میده، و بعدش هم ممکنه تا یه مدت همچنان بی بی چک مثبت بمونه،،، من ده روز بعد از سقط بی بی چکم مثبت بود  الان ۲۶ مین روزمه باید یه بی بی چک دیگه میخریدم,4.979569828854988
364468234,"همکلاسی هام میرن قلمچی نمرات و معدلشون خوبه ولی من نمیرم و از درس ها هیچی نمیفهمم
الان به نظرم برای اینکه برم تقویتی خیلی دیره😞",4.979569828854988
thread_11435666_starter,"کسایی که باردارید یا مادر هستید
یکم منو راهنمایی کنید
من الان بی بی چک زدم مثبت شد اصلا استرس کل وجودمو گرفته نمیدونم چکار کنم اصلا
از موقعی که دیدم مثبته تپش قلب گرفتم😮",6.53369952611895
thread_17882631_starter,"یکی دو روز پیش سر یه موضوع خیلی مزخرف بحثمون شد از اون روز همش داره بهم فحش میده
منم کلا دو ماهمه ولی کمر درد دارم و یکم بیحالم
تا قبل دعوا کمکم میکرد الان فقط فحش میده و دعوا میکنه که چرا کارا رو نمیکنی
منم از حرصم کلا خونه رو جمع نکردم
بهم میگه تو انقدر بی ارزشی که حتی مادرت نمیاد کمکت کنه
حالم اصلا خوب نیست چیکار کنم یکم روحیه ام بهتر شه",6.53369952611895
thread_18138358_starter,"مهوا
به معنی ماه شب چهارده
بنظرم خیلی قشنگهههه از ماهلین هم قشنگترع چون فراوونی اونو ندارع🥺
برام دعا کنین بسلامتی فارغ بشم",1.0942455856950815
thread_15526324_starter,"دیروز با شوهرم بحثم شد مدتیه اصلا ب بهداشت خودش نمیرسه.
همیشه بوی عرق میده بوی سیگار
گفتم ی حمام برو زن جوون داری زشته قهر کرد رفت
دیروز تولدم بود یک میلیون پول با دو تا بسته کاپ کیک خریده بود اومد استقبالم.ن تنها ازش تشکر نکردم کلی تو ذوقش زدم.عذاب وجدان گرفتم.اونم گفت باشه من میرم با دوستام قبلشم قرار بود بره.و رفت.چ کنم اخلاق گند و بچگونه ام یهو میزنه بالا",4.979569828854988
340938595,منم خیلی اذیت کردن حتی دکتر گفت هفته دیگه برو سونو که قلب تشکیل نشد بری بیمارستان واسه سقط ولی ۸ هفته رفتم تشکیل شده بود,1.8713104343270626
thread_11837697_starter,"چطور شوهر پیدا کنم 😞 متاهلا چطور شوهر پیدا کردید
میخوام با پزشک ازدواج کنم",1.8713104343270626
thread_14801223_starter,"سلام دوستان تو تاپیکای قبلیم اگه سر بزنید همه چیزو راجب بارداری های قبلی گفتم ولی یه توضیح کوچیکم اینجا میدم من سه تا سقط داشتم بخاطر مشکلات شدید جنینام که دوتاش ۱۹ هفته وآخری ۲۷ هفته که سزارین شدم
با مراجعه به تهران و مرکز ناباروری ابن سینا و آزمایشای ژنتیک متوجه شدیم دو ژن معیوب مشترک با همسرم داریم که دقیقا همین دوتا ژن باعث مشکلات در جنین میشه با تشخیص پزشک قرار شد که به روش پی جی دی وآی وی اف باردار بشم که قبل از لانه گزینی از جنین ها آزمایش ژنتیک انجام بدیمو جنین های سالم رو انتقال بدیم  و....",3.425440131591025
thread_17629509_starter,"خوهش میکنم در خدمتم خوشحالم مشکلت بر طرف شد
حالا منم نشوتم راهنماییتون خیلی ارزشمنده بایه قلبه سفید و بشدت پشیمونمم😭😐",3.425440131591025
377235237,"چجوری بفهمم‌
مامانش بهم گفت از خانمادت کسایی برای من مهم هستن که پیششون بزرگ شدی با بقیه کاری ندارم",1.8713104343270626
thread_17964423_starter,"باردارم هفته 7 دارم میمیرم هیچی نمیتونم بخورم همه چیو بالا میارم از تشنگی لبام خشکه اب میخورم بالا میارم
تو معدم انگار اسید میجوشونن از معده تا گلوم میسوزه وحشتناک
بگید چکار کنم دکتر جز b6 و چندتا ویتامین چیزی نداده
تا کی قراره اینجوری باشم؟ نه ماه؟😭",7.31076437475093
thread_15377843_starter,"معلم رسمی هستم
دانشجو ارشد
دومین لیسانسمو میخونم
مدرس زبانم
مدرس مدارس تیزهوشان
ظاهرم بد نیست
ولی خب خانواده خوبی ندارم
پدر مادرم تو نوزادی جدا شدن با مادربزرک پدری زندگی میکنم
پدرم و عموهام معتادن
سه تا عمو معتاد تو خونه هستن
خواهر دوقلوم معلول
خانواده از نظر مالی ضعیف
پدرم بیکار
مادربزرگم سرطانیه
کاش ازدواج بکنم دستم باز تر بشه بتونم به خپاهرمم برسم الان من هرچی درمیارم صرف خوردو خوراک میشه
خواستکار دارم ولی خوب نیستن
یا بخاطر اپضاع خانواده دیگه جلو نمیان
دختر ازدواجی نیستم ولی مجبورم نمیتونم مستقل بشم عموها و بابام راحتم نمیذارن",7.31076437475093
383263085,"طبیعیه عزیزم
متاسفانه بدویاری مثل من
من الان هفته ۲۰هستم هنوز یه ته مونده ای از ویارم هست البته ۹۰درصدش از بین رفته
خوب میشی انشالله، فقط زمان باید بگذره و طاقت بیاری",1.8713104343270626
374774707,"عزیزم 90 درصد ژنتیک تاثیر گذار خواهد بود
ولی مصرف رازیانه در دوران بارداری چشم های بچه رو درشت و زیبا میکنه من سر دخترم امتحان کردم واقعا موثر بود",1.0942455856950815
thread_9977711_بودا_1404/02/16 07:44,"عزیزم ممنونم بابت صحبت های ارامش بخشت
من خدا رو شکر رو خودم کار کردم و با پذیرش اتفاقی که برام افتاده بود تونستم بعد از ۵ سال دارو درمانی رو تموم کنم و حالم خوب شد
اما متاسفانه بهمن ماه مامانمو از دست دادم و الان از داغ مامانم دارم روانی میشم و نمیدونم چیکار کنم
حتی کلونازپام هم آرومم نمیکنه 😭😭😭😭😭😭😭🖤🖤🖤🖤🖤🖤🖤🖤
تازه چند ماه بود بعد از ۵ سال سختی کشیدن و غصه خوردن از،زندگی خودم ! حالم خوب شده بود که مامانم رفت و سوختم😭😭😭😭😭😭",7.31076437475093
411761249,"ببین رژ خیلی تابلوئه
ساده ترین راه برای خراب کردم رابطتتون و درگیری فکری تو
مشخصه یکی از عمد اینکارو کرده",1.0942455856950815
364674591,دلم واقعا بچه میخواد. با خودم میگم حتی اگه باباش خائن باشه ، تنهایی بزرگش کنم با خانوادم . اما اونوقت از طرف پدر عقده ای میشه 😭,3.425440131591025
314647649,"[QUOTE=314646787]بارداریم ک هس ولی نمیدونم خارج رحم باشه یا ن
عزیزم مثبته و بارداری مبارکه. اصلا به هیچی دیگ فکرنکن و فکرای مثبت بکن احتمال خارج رحمی خیلی خیلی کمه مخصوصا اگر طبیعی باردارشدی
تلقین و افکار خیلی موثره من سری پیش از بس از اول به بارداری پوچ فکرکردم و تو نینی سایت ازش خوندم و نگران بودم همین اتفاق افتاد و پوچ شد.",2.648375282959044
thread_14768783_starter,"سلام حالم خیلی بده
شنبه رفتم پیش متخصص زنان بخاطر عفونت و خارشم پماد واژینال داد اپیلیکاتور رو تا نصفه وارد کردم فرداش لک داشتم دیروزم خیلی خون میومد بهم شیاف پروژسترون دادن و امروز رفتم سونو گفتن ضربان قلبی رویت نشد ولی تو سونو قبلیم بود ب دکترم بردم نشون دادم گفت احتمال سقط ۹۵ درصده شیافو استفاده نکن بیوفته چبکار کنم نیوفته ینی واقعا میخاد بیوفته؟😭",6.53369952611895
thread_14635132_starter,من 7ساله ازدواج کردم حدود چهار ساله جلوگیری ندارم ولی باردار نشدم ..این ماه لتروزول آمپول سینال آف قرص استرادیول آمپول HCG متفورمین فولیک اسید ویتامین دی خوردم ..الان سه روز مونده به پریودی درد پریودی دارم انگار می‌خوام پریود بشم اصلا هم ترشح بارداری ندارم ..خیلی حالم گرفته است,5.756634677486968
thread_15080258_starter,هفته چند میشه سه ماه؟اخه چهار هفته اول قبول نیست که چون معلوم نمیشه لقاح کی انجام میشه,1.0942455856950815
thread_17645973_starter,😭😭😭😭😭استرس شدید دارم,8.087829223382911
399017729,جنینم تشکیل شد گفتن قلبش ن,2.648375282959044
thread_17714593_starter,"سرما نخوردم ولی گلوم بعد ابله مرغون که یه ماه میگذره ازش حالت سفت و خفگی میده گاهی بهم ترشح ام داره موله سرما خوردگی مخصوصا شبا
یبارم کنکورم از اضطراب گلوم حالت بغض خفگی میداد ازمایش تیروید دادم گفت نداری
ولی الان استرس حس نمیکنم اخه",2.648375282959044
346511628,"سه ماه اینجوری گذشت وقتی فکر میکنم اصلا یادم نمیاد
یه سری چیزای محو این که ساعت ها بحث میکردیم
‌هی جمله های قبل چت ریپلای میکرد
و هی تموم نمیشد و میگفت خدافظ میرفت
یادمه میرفتم حموم گریه میکردم که قرمزی چشام بگم از حمومه چندبار مجبور شدم بگم با دوستای دخترم دعوا مردم",5.756634677486968
358532937,"ببین قشنگ‌نابودم بخدا حس میکنم دیگ‌جونی برام‌نمونده راحت بگم‌چندتا تارموهام‌سفید شد بخدا دروغ نگفتم من‌در برابر بچه هام ضعیفترینم‌مخصوصا نوزاد😭😭😭😭فک کن۴سال بچه میخواستیم از ترس اینکه بچه‌اولم مریض بشه دومی هم مریض بشه نمیاوردم فوبیام ‌بود این روزا
انقد مشغلم زیاده شبا نمیفهمم چطوری از هوش‌میرم
دخترم همش داره بدترمیشه
الان جیغ میکشید و‌گریهدمیخواستم‌بخوابونمش رگهای کمر و‌شونم‌گرفت نمیتونم تکون‌بخورم ولی باز بغل خودم کاراش میکنم از خستگی زیاد دیگ‌عضلاتم‌میگیرخ",8.087829223382911
413950399,"فقط زیاد به پسرای مجازی اعتماد نکن
ممکنه همزمان با چند نفر در حال اشنایی باشن
کی هبر داره",1.0942455856950815
403074704,اخه وقتی زایمانم راحته، چرا برم جراحی،، من وحشت میکنم بهوش بیام از بخیه های شکمم..,2.648375282959044
413810703,"من موهام مشکی بود وقتی بلوند کردم زمین تا اسمون فرق کردم شدم she was a fairy
با وجود اینکه دائما درحال رنگم نه وز شدن نه خشک حتی ریزش هم نداشتم",1.0942455856950815
386036949,آخه. دکتر گفت سفر نرو مواظب باش الان هم خیلی دوسه روزه کمردرد هستم تو نت نوشته بود خیلی باید مواظب بود,3.425440131591025
316031157,"سوره محمد برای خوش اخلاقی
سوره نصر و خوردن خرما برای صبوری
سوره یوسف بر سیب برای زیبایی
سوره قلم برای هوش
سوره حجرات و۴ قل و آیه الکرسی برای سلامتی
سوره انشقاق برای راحتی زایمان
دیگ بادام درختی خیلی بخور شیر و موز و سبزیجات و پرتغال",1.0942455856950815
342278802,"من‌حدودا از بعد ntعلائمم‌کمتر شد حتی بییی چکام‌کمرنگ‌کمرنگ شد ولی همه چی نرمال بود
انقدر تباه بودم‌‌۳ ۴ماهه حامله بودم بیبی چک‌میذاشتم🤣",2.648375282959044
399092758,خوب تنها برو وقتی ازدواج کردی و بچه دار شدی بلدی یه دکتر بری که,1.0942455856950815
267365062,"ممنون از روحیه دادنت عزیزم
البته نسبت ب روزای اول بهترم اما درست میکرد انشاالله ب مرور بهتر شم. هرچند کار شوهرم همچنان رو هواست و همینم خیلی اذیتم میکنه چون اون اصلا تو حال خودش نیس ک بخاد برا من کاری کنه",4.979569828854988
405157931,"بگم هر دو باورمیکنی
نگهداری ک با این سه تا از پا درومدم یادم نمیاد آخرین باری ک رنگ آسمون بیرونو دیدم کی بوده
یادم نمیاد کی تونستم نیم ساعت بدون نگرانی دراز کشیده باشم
بچه اولم کلاس اولی و کلی از دست دوتا کوچیکه کلافه هست برا درس نوشتن
دلم میسوزه واقعا
الان ی عده میگن باید مراقب میبودی
ب پیر ب پیغمبر مراقب بودیم جلوگیری داشتیم",7.31076437475093
412338267,"هر کی هر نظری داد گفتی نمیشه
خودتو باختی یا بهونه میاری
بالاخره باید یه کاریش کرد
برو یه شهر بزرگتر زندگی کن نشناسنت
کلاه بزار شناسایی نشی
از سالمند نگهداری کن
ادمین کانال لباس فروشی چیزی بشو تو خونه کار کنی
با گوشیت بازریابی کن
با توجه به چیزایی که گفتی من اینا به ذهنم رسید",1.0942455856950815
402865439,خدا لعنت کنه این گوگل رو میگه سولفات خطر داره فلان خطر داره هی میشینم نگا میکنم میبینم هرچی وسایل ارایشی بهداشتیه اینارو داره وسواس فکری ام دارم بدتر میشم,4.979569828854988
thread_15375726_starter,ببینید بچه ها خیلی قضیه پیچیده است من ک تورابطه بانامزدم بودم اون با دستش ک خیس بوده ...دستشو زده ب کش موی من کاملا خیی شده بود الان منم دست زدم ب اون کش مو و بعد اصلا یادم نبود و دست زدم ب خودم یعنی اسپرما روش مونده و بارداری خارج رحمی میشه؟چیکارکنم الان😭,5.756634677486968
thread_17564329_starter,من تو اقدامم الان چند دوروزه شکمم یکم پایین تر از نافم درد می کنه شبیه درد پریودی یکم شدید تر دردش هم این طوریه که می گیره ول می کنه یا درد میزنه با پاهام می تونه علائم بارداری باشه ۵روز مونده به موعدم,2.648375282959044
345216864,عزیزم من کاملا درکت میکنم چون همینطور بودم الانم هستم باید روحیه خوب بشه تا خوب بشی البته من آزمایش کامل دادم تب مالتم داشتم دکتر گف دردبدن برا اونه اصن فک نمیکردم به تب مالت تو هم برو این ازمایشو بده الان انتی بیوتیک داده کمی بهترم مجبوری بلند میشم غذایی درست میکنم ولی خیلی سخته میفهمم چی میگی کاش یکی بیاد کمکت کارات بکنه تا ببینی چی بهترت میکنه,4.202504980223006
thread_9822791_عاشقصورتی_1401/09/15 09:29,من ۳۵ هفته که شدم دکترمم گف نزدیک کامل داشته باش تا رحمت باز بشه و باعث زایمان زودرس شد به نظر من صبر کن اگرم خاستی دخول رو خیلی کم و سطحیداشته باش,1.0942455856950815
409478505,خیلی درد مثل تصادفه یا دردش بدتره؟,1.0942455856950815
337750400,"برای چشم زخم
باطل کردن سحرو جادو
توو باغجه خونمون دعا پیدا کرد ابجیم
دعارو ک باز کردیم اسم منو نوشت بعد زاده اسم مادرم
مام انداخاینش دستشویی طبق توصیه نی نی سایتا
خلاصه من سردرد بی دلیل داشتم دکترو چکابم بارها رفته بودم
ولی بی دلیل بود
از وقتی ک یکی بهم گفت حرز بنویس
سردردم برطرف شد و دعوا جدلم از خونمون رفت
من بی دلیل با بقیه دعوا میکردم",2.648375282959044
413981778,من اخریو از دوست شیرازیم خیلی شنیدم😭 بی ادب هرچی بهش میگم خیلی غلیظ میگه می ره😭,1.0942455856950815
thread_13671622_starter,"چه سوالایی بپرسم؟
جاسه اول بگم که به مهریه اعتقاد ندارم و بجاش حق طلاق و حق تحصیل و اشتغال و خروج از کشور و تنصیف میخوام؟",1.8713104343270626
350420542,"شما ارزش خودتو دخترتو با طلا میسنجی ؟
احتمالا بزرگ شد بگه که بهم ارزش قائل نشدن و طلا نخریدن چون مادرش این تفکر و داره و اونم یاد میگیره که ارزش خودشو با طلا بسنجه😑",1.0942455856950815
370036626,"منم همینطور بودم با این تفاوت که با هر نفسی که میکشیدم تیر میکشید و درد داشتم
به دکترم که گفتم گفت طبیعیه و تحمل کردم کم کم خودش رفع شد",3.425440131591025
410992802,"ان شالله بدون دردسر باردار بشی گلم.
دکتر فاطمه بختیاری و دکتر ندا سالاریه تهران کارشون خیلی خوبه
دکتر بختیاری ۱۵ سال پیش مامانم رو عمل کرد فیبروم ۳ کیلویی از رحمش درآورد و مامانم در کمال ناباوری بعد از ۱۶ سال که باردار نشدع بود و هیچگونه جلوگیری نداشته بود اون همه سال ۶ ماه بعد از عمل باردار شد.
خیلی دکتر کاربلدیه پیج اینستا هم داره
فک کنم ویزیت آنلاین هم بده.
من قرار بود برم پیشش که خدا رو شکر نتیجه گرفتم.",1.0942455856950815
thread_13825421_starter,سلام من دیشب چون همسرم اصرار داشت نزدیکی کردم خودشم همسرم رعایت نمیکرد که باردارم و الان از صبح که پا شدم تهوع ندارم قبلا سه تا توقف رشد جنین داشتم که همگی علایمم میرفت و متوجه میشدم مردن خیلی میترسم دعا کنین نمیره و یه خانی گفت سوره حجرات میخونم چکار کنم به نظرتون اخه زود نمیشه رفت سونو نگرانم,6.53369952611895
thread_14473274_starter,"مجردم
از موعد پریودم گذشته
۴ روزه دارم از درد می میرم اما پریود نمیشم
دردش دقیقا مثل درد پریوده
هر چی گرمی، زعفرون دم کرده میخورم اثر نداره
چیکار کنم خلاص بشم‌؟😖",5.756634677486968
332673561,"باید چندتا میذاشتم من رو حساب حرف اینکه اون ماما و با تجربس گذاشتم .شما تجربه داشتین
استفاده کردین
مگه خابم‌میبره از استرس آجی",6.53369952611895
380046125,اره میدونم ولی واقعا سخته تهوع تاحالا نداشتم ولی همش حالتو دارم از ترس غذا نمیخورم😢,4.979569828854988
378052811,از هفته چندم خوردید تا کی ادامه دادید؟؟,1.0942455856950815
thread_18141922_starter,"۱۵ سال بزرگتره وقتی من شد ۳۵ سالم اون میشه نزدیک ۵۰ سالش من خیلییی دوسش دارم نمیخوام پیر بشه حس میکنم وقت برای باهم بودنمون کمه😭💔💔من وقتی ۶۵ سالم شد اون میشه ۸۰ یعنی تو پیری هام کنارم ممکنه نباشه 😭 به پیری هام و نبود اون ک فکر میکنم غصهه میخورمم
نگین ک قبلا باید فکر اینجاشو میکردیی
یکم دلداری بدین فقط🥲",4.202504980223006
309574973,بله گفت یه هفته صبر کنم طبیعی سقط نشد بعد از سونو دوم برم مطبش برای اقدام به سقط خیلی میترسم چون بیتجربم 😔,5.756634677486968
thread_15729011_starter,"دیگه میشناسینم توضیح نمیدم
همش دارم سر خود آپرازولام میخورم
قبلش دودکشو دراورده بودم مثلا گاز بگیرتم
جدی جدی از شدت غم زیاد
نوحه گوش میدم
واسه خودم اعلامیه ترحیم درست کردم
برم دکتر قرصای ارامبخش میده چجوری میرم سرکار
چیکار کنم
همه اینا واسه یه هفته اخیره",7.31076437475093
thread_17639101_starter,"از شدت تهوع دارم نابود میشم😭خیلی حالم بده نمیدونم چیکار کنم،قرص دمیترون و دیمن هیدرینات اثر نمیکنن
هفته ۷ بارداری هستم
تجربه ای دارید حتما بگید لطفا😭",6.53369952611895
thread_18032732_starter,"صبح قبل این که برم سر کار یه چیز قهوه ای روی فرش دیدم گفتم بزار برش دارم دیدم گهه😭😭😭
کار پدر بیشرف و کثافتمه خیلی کثیفه خیلی
خودشم کارگره روزی ۶۰۰
ابرومون رو برده با کاراش
خیلی کودنه رفت با برادرش دست به یکی شد بعد مرگ پدرش خونه ورثه ایشون رو کرد به نام خواهر و بردارش خودمون هم آواره ایم😭
😭😭😭من نه راه پیش دارم نه راه پس😭
چیکار کنم اخه نه بختم باز میشه نه میتونم خونه مجردی بگیرم
چخودم برای خودم درس خوندم شاغل شدم هرکی میبینه میگه چقدر خوشگلی چقدر خوش هیکلی ولی این بیشرف منو هی میکشه پایین
دعا کنین بمیرم راحت شم",8.087829223382911
377499359,سلام من ۶ هفته با سایتوتک سقط کردم همون روز سقط خیلی خون ریزی و لخته داشتم بعدش یه روز تقریبا قطع شده بود و لکه بینی بود اما الان ۳ روزه که شدید تر شده خون ریزیم ، درد زیاد ندارم اما خون ریزیم شدیده . سفرم و نمیتونم کاری کنم . به نظرتون چیکار کنم؟ طبیعیه ۳ ۴ روز خون ریزی شدید؟,6.53369952611895
thread_16253599_starter,"دوهفته عقب انداختم افتادم به لکه بینی قهوه ای و خون تازه دکتر گفت برو سونو رفتم گفت 4هفته 4روزته ولی طبق پریود من باید 7هفته میبودم به دکتر گفتم شیاف استفاده کنم گفت تا قلب تشکیل نشده نه
شوهرمم نمیذاره خودم بخرم بذارم اخه من سر پسرمم همینجوری شده بودم اما یادم نمیاد قبل تشکیل قلب شیاف زدم یا بعدش الان چیکارکنم به نظرتون",5.756634677486968
389796995,"اگه لک بود هیچ کاری باهاش نکنیا خودش میره
،من سر پسر اولم لک سیاه اوردم رودماغم بالای لبم گونه م😯 داشتم دیوونه میشدم پوستمم سفیده تابلو بود ، هی میخواستم برم دکتر مامانم گفت اصلا انگولکش نکن لک بارداری خودش میره همینم شد پسرم دنیا اومد یکی دوماه بعدش کامل رفت",2.648375282959044
thread_13287301_starter,خانوادش هرچی میگن هر کار میکنن با اینکه میدونه ولی بهشون چیزی نمیگه و باهاشون خوب. مثلا خواهرشوهرم با من سرده و تیکه می‌پرونه شوهرم میبینه ولی میره کنارش هروکر میکنه.اصلا نمیخاد خودشا باهاشون بد کنه حتی اگه جلوش بهم فحش هم بدن به روی خودش نمیاره بهشون چیزی نمیگه😡😡😡,4.979569828854988
413435486,آره 😀 میدونی از کی عوض شدم .دو نفر گفتن حرص نخور در حالی ک من آروم بودم .یکمم مغرور هستم ،فهمیدم باید عوض بشم فکر نکنن خیلی مهم هستن (يسري ها),1.8713104343270626
357754465,آره عروس داییم همین چند وقت پیش ۴ بود آن تی و آمینو داد مشکلی نداشت دخترخالمم پارسال دو و نیم بود سلفری داد مشکلی نداشت,1.0942455856950815
412095336,"مگه مهد کودکه🙄
دختر ۱۸ ساله تازه مدرسش تموم میشه
پسر ۲۵ ساله تو اوج جوونی و خامی و شیطنته
تروخدا اینا رو جایی نگید😐",1.0942455856950815
thread_14512506_starter,"خانوماااا من مسموم شدم گلاب به روتون بد اسهالم :(
دیروز رفتم دکتر سرم و آمپولو... ولی هنوز خوب نشدم
ماست موسیر و نعنا و کته و سیب زمینی آب پز خوردم ولی هیچ هیچ... انگار دوش آب باز میشه
نهایتش یه بار برم دستشویی هیچی نیاد ولی دفعه بعد زیاد میاد
اوایل بارداریمه شیاف پروژسترون استفاده میکنم، دو شبه که توی خواب شورتم کثیف میشه😭😭😭 خیییییللللی حس بدیه
همه چی هم برام ضرر داره میگن دارو گیاهی خوب نیست سه ماه اول بخوری
عسل و نبات و آویشن و پونه و... همه ممنوعه 😭 پس من چیکار کنم",6.53369952611895
thread_16034429_starter,سلام دوستان امروز دوبار یهویی خون اومد تو گلوم و هر دفعه تا نیم ساعت سرفه خونی کردم، ی پسر ۵ ساله دارم و تو ماه هفت بارداری ام، فردا میخوام برم دکتر، دعا کنید بچه هام بی مادر نشن، از مرگ نمی ترسم نگران بچه هام هستم,6.53369952611895
thread_17976128_starter,"با این وضع اقتصادی و گرونی
شما شوهراتونو در چه حد درک میکنین؟؟در چه حد به خودتون میرسین و شغل همسرتون چیه
مثلا هرماه کاشت مژه و کاشت ناخن میرین؟؟
شوهرتون بگه ای ندارم و گرونیه و فلان چی میگیین؟؟
شوهر من تو کار خرید و فروش ماشینه
احساس میکنم چوری مراعات میکنم که بی ارزش شدم😑😑",4.979569828854988
thread_14051391_starter,من باردارم  الان خودم شاغلم ولی خب سه چهارماه دیگه  نمیتونم برم اگر سنگین بشم کارمم دولتی نیست  خیلی نگرانم  شوهرم تمام حقوقش پای قسط میره  پس اندازه داره منم دارم سعی میکنم  ماهی هف هش تومن پس انداز کنم   جوری به اوضاع مالی فکر میکنم که اصلا حسی به بارداریم ندارم,6.53369952611895
thread_14652896_starter,"آقا من تو دوران مجردی وقتی که ازدواج نکرده بودم ی دختری رو گرفتم مسخره گفتم پسرم و باهم احساسی میحرفیدیم ولی بعد بهش گفتم گفت من خودمم فهمیده بودم شک کرده بودم بهت بعد آشتی کردیم تموم شد.. بعد دوباره من باز شینطتم گل کاش ب یکی رفتم گفتم من داداش دارم خیلی خوشگله آیدی دادم که برو این داداشمه  بعد رفت پیام داد عکس فیک براش فرستادم آقا بزاریم که این دختر ی دل نه صد دل عاشق برادر رویایی من شد  وقتی بهم گفت منم گفتم این داداش من عکس فیک برات فرستاده ها خودش نیست ولی خودش خوشگلتر از ایناس خلاصه بزاریم باز آشتی کردیم و رابطمون خوب شد بعد من عذاب وجدان گرفتم برگشتم کات کردم باهاش اولش ناراحت شد منم ب عنوان خواهرشوهر نصیحتش کردم بابا تو داداش منو ندیدی عاشقش شدی درسته من میگم از اینم خوشگل تره ولی تو که ندیدیش شاید دوسش نداشته باشی بعد عصبی شدم بهش گفتم خودمم ولی باز با من آشتی کرد  از داداش فیکم ولی هیچ ارتباطی نزاشتم مصلا با داداش فیک داشته باشه ..این جریان برا قبل ازدواجم بود و من کات کردم رفت...
اون موقع که مسخره بازی کرده بودم ۱۷ سالم بود
الان ۲۴ سالمه .. می‌ترسم سرمو بزارم بمیرم بدبخت بشم از ی چند نفری پرسیدم گفتن چون بچه بودی الان مهم نیست الان اونی که مسخرش گرفته بودم شاید الان ۲۶.۲۷ سالش باشه اون موقع ۱۹ سالش بود
(قابل توجه دوستان این مشکل برا خودم نیس نوه عموم گفته بزارم کمکش کنین",1.0942455856950815
thread_12365765_دلناز۲۲_1402/08/13 08:42,بچه ها عفونت اداری میشه از علایم بارداری باشه ؟؟؟ من هیججججچچ وقت عفونت اداری نداشتم اما این بار قبل پریودی گرفتم منتطرم بیینم باردارم یا پریود میشم 😢,2.648375282959044
412937347,"گفت خانواده ام خیلی گیر می دادن هر روز می گفتن دختر رو دستش نیست ارزومونه
آنقدر گیر دادن منم کسی رو دوست نداشتم گفتم اول و آخر باید ازدواج کنم دیگه به کار کنم اینا ولم کنن",3.425440131591025
321454431,"دکترم بهم گفت تا دوماه بعد زایمان رابطه برقرار نکن،الان ۴۱ روز از زایمانم گذشته ،مادام تا ۶۰ روز دارا لحظه شماری میکنه،
حتی شده وانمود کن که تمایل داری،هرچند واسه من باز خودم بیشتر تمایل دارم،
بدن به بدن فرق میکنه،
به اینم فکر کن باید برگردی به حالت عادی زندگی،",1.0942455856950815
thread_15177316_starter,من خواهرم ده روزه اومده بود پیشم دیشب یهو چندتا تاول رو تنش دیدیم سریع رفت بیمارستان منم از خونه اومدم بیرون ماه هفتم بارداری ام خیلی نگرانم مبتلا شده باشم چکار کنم😭کسی بوده بگیره بچش سالم باشه,5.756634677486968
363372754,خب سونو دادی دیگه مشکلی نیست کامله که منم تو ۵ ماه بودم فهمیدم ان تی ندادم با اینکه سنم هم بالا بود خدا را شکر بچم سالم بود,1.0942455856950815
312948623,وا.عجب ادمی هستیا.من جای مادرشوهر بودم میگفتم‌ والا مام همینطور.نذر کردم ایشالا جدا شین پسرم راحت شه,1.8713104343270626
319550343,"هميشه پريودم منظمه حتي يه روز هم عقب جلو نداره
اين بار از يه هفته قبل موعد لك بيني دارم كه تا پريشب قهوه اي بود از ديروز قرمز هست بايد پريروز پريود ميشدم كه تا حالا نشدم يه وقتايي درد پريود دارم اما ميبينم خبري نيست
حتي نوار هم لك نميشه",2.648375282959044
377295196,"بذار مسخره کنن
خودشونو مسخره میکنن
علی الخصوص زن حامله رو
باید از خدا بترسن
برات مهم نباشه
ولی کینه هم نکن برای بچه خوب نیست سعی کن فکر راحت و آروم و مثبتی داشته باشی",1.0942455856950815
394805238,"ونم از دیشب هی پیام دوستت دارم
تا اخر عمر بمون کنارم
فقط مال خودمی...
هووو منم گفتم الان جاش نیست وسط دعوا احساسات قاطی نکن
چمیدونم میگه نرو بمون
نمیزارم جدا بشی میخوام باهات زندگی کنم",3.425440131591025
thread_17986579_starter,"سه روزه شروع کرده
کل این سه روز جاریم پا به پاش کار کرده
منم اولین سال عروسشونم
نرفتم!
الان بنظرتون بد کردم؟؟",2.648375282959044
thread_9816857_starter,"برای رفع این مشکل 2 راه حل پیش روی ماست: لیفت سینه و پروتز سینه. این دو روش هر دو جزء عمل های رایج در بین زنان برای فرم دهی به سینه ها است.
برخی از مشکلات در زنان مانند کاهش شدید وزن، شیردهی و بیماری ها بر روی حجم سینه ها و شکل آن ها تاثیر می گذارد. کوچک بودن سینه ها و افتادگی آن ها در زنان ممکن است هیچ گونه دلیلی هم نداشته باشد.
یعنی حجم سینه های فرد بدون داشتن هیچ گونه بیماری پیش زمینه ای کم شود و حالت افتاده ای به خود بگیرد.
در خصوص تفاوت پروتز سینه با لیفت سینه باید گفت این دو روش راهی برای بازگرداندن حجم سینه ها و رفع افتادگی آن ها هستند. این کار فرم زیبایی به سینه ها می بخشد و حالت شل و افتاده ی آن ها رفع می شود.
معرفی پروتز سینه
یکی از عمده تفاوت پروتز سینه با لیفت سینه این است که پروتز یک عمل جراحی برای بزرگ شدن حجم سینه در بانوان است. اما لیفت برای رفع افتادگی است. عمل پروتز در دسته عمل های زیبایی و سرپایی قرار دارد. جراحی همراه با بیهوشی کامل انجام می شود. البته در این عمل فرد در بیمارستان بستری نمی شود.
از دیگر دلایل تفاوت پروتز سینه با لیفت سینه را در ادامه مطلب خواهیم گفت: عمل ایمپلنت یا جراحی سینه توسط پزشک متخصص پلاستیک یا جراح پستان انجام می شود. پروتز یک روش بازسازی محسوب می شود. زنانی که بعد از سرطان بخشی یا تمامی از سینه را از دست داده اند با این روش می توانند سینه را احیا کنند.
پروسه جراحی
پروتز سینه دکتر ناصر یاهو
از معاینه کامل فرد شروع و با آزمایشات لازم بر روی بافت سینه ادامه پیدا می کند. بعد جراحی و مراقبت های بعد جراحی ادامه را در پی دارد تا بتوان به اندازه و فرم دلخواه دست پیدا کرد.
محل برش پروتز و قرار دادن آن
محل برش پروتز سینه سه نوع است که روش مناسب با توجه به شرایط فرد انتخاب می شود. این خود می تواند یکی از بارزترین دلایل برای بیان تفاوت پروتز سینه با لیفت سینه باشد.
برش هلالی زیر چین پستان
از آنجا که معلوم نبودن محل جراحی برای بیشتر افراد یک مسئله مهم است. پس برش زیر چین سینه توسط لباس زیر کاملا پوشیده می شود. دسترسی به این ناحیه و جراحی آن راحت تر است. اما تنها عیب آن این است که ممکن است به دلیل آسیب به داکت های شیری، بعدا در شیردهی مشکل به وجود بیاید.
برش در اطراف هاله پستان
با توجه به اینکه این برش آسیب جدی به مجاری شیر می زند پس زنانی که به هیچ وجه در آینده قصد شیردهی ندارند می توانند محل برش را هاله پستان انتخاب کنند. جراح به راحتی می تواند هاله پستان را برش بزند و ایمپلنت را کار بگذارد. تقارن در این روش بهتر است و جای زخم و تیرگی آن معمولا کمتر دیده می شود.
برش زیر بغل (axillary)
برش زیر بغل برای جراحی پروتز در زیر چین زیر بغل انجام می شود. در این روش زخمی روی سینه ایجاد نمی شود. متقاضی نمی تواند این روش را مجددا تکرار کند. اگر به عمل های جراحی اصلاحی نیاز داشته باشد باید روش های دیگری را امتحان کند.
تفاوت پروتز سینه با لیفت سینه/ انواع پروتز
در خصوص تفاوت پروتز سینه با لیفت سینه باید گفت پروتز سینه از لحاظ مواد تشکیل دهنده به دو گروه پروتزهای سالینی یا اب نمکی و پروتزهای سیلیکونی تقسیم بندی می شود. البته می توان از پروتزهای ترکیبی سالینی و سیلیکون همزمان استفاده کرد.
از نظر میزان برجستگی هم پروتزها در سه گروه پروتز با برجستگی کم (Low Profile)، پروتز با برجستگی زیاد (High Profile) و پروتز با برجستگی خیلی زیاد (Ultra High Profile) تقسیم بندی می شوند.
پروتزهای سینه از نظر شکل ظاهری هم به دو نوع کلی پروتز پستان گرد و پروتز سینه اشکی یا قطره اشکی تقسیم بندی می شوند.
معرفی عمل لیفت سینه
عمل لیفت سینه برای افرادی مناسب است که شکل طبیعی سینه خود را از دست داده اند. بارداری، کاهش وزن شدید، وراثت و … همگی عواملی هستند که ممکن است بر روی ظاهر سینه ها تاثیر منفی بگذارد. این روش تنها جنبه زیبایی ندارد و بیشتر افراد با اهداف درمانی آن را انجام می دهند.
زنانی که حجم سینه های بسیار بزرگی دارند و افتادگی سینه ها به شانه ها فشار وارد کرده است به راحتی با لیفت سینه می توانند این مشکلات را رفع کنند. پس لیفت سینه بیشتر برای افرادی مناسب است که سینه های شل و آویزان دارند.
تفاوت پروتز سینه و لیفت سینه از نظر هزینه عمل
میزان هزینه یکی از تفاوت های پروتز سینه و لیفت سینه است. در لیفت سینه هزینه جراحی معمولا بر اساس میزان افتادگی و روش جراحی تعیین می شود. البته کلینیک انتخابی، مهارت جراح، مقدار مشکلات بیمار و … همگی در هزینه جراحی تاثیر می گذارد.
اما در عمل پروتز سینه هزینه بر اساس نوع پروتز و نوع جراحی تعیین می شود. پروتزها در برندهای مختلفی با هزینه های متفاوت عرضه می شوند. به طور کلی هزینه پروتز از لیفت سینه بیشتر است و اگر فرد بخواهد هر دو روش را همزمان انجام دهد باید قیمت بیشتری را پرداخت کند.
منبع :
https://drnaseryahoo.com/breast-prosthesis-vs-breast-lift/",1.0942455856950815
305087456,"ممنونم خیلی
فقط یه سوال دیگ مایع درون کیسه اب اگه نشت کنه چ شکلیه
مثل ترشحات واژنه یا شبیه اب  همراه با خون و اینا",1.8713104343270626
401268649,اشکال نداره گلم .البته این تاپیکو باید شب میزدی چون الان اکثرا خواب هستن,1.0942455856950815
thread_17897311_starter,"سلام دوستان من توهفته 12سونو ان تی دادم گفتن ان تی 2/24ویکم ریسک داره رفتم سل فری دادم و جوابش اومد همه چی سالم و نو ریسک بود ..
تا 16هفته همه چی خوب بود اما آنومالی 18 هفته رفتم میگه طول استخوان ران جنین کمه والت تناسلی بچه کوچیکه ویک هفته عقبه 17هفته است ولی بقیه چیزهاش سالم بود ..
الان تو 20هفته رفتم میگه رشد کرده ولی بازم ده روز کمه باید بری آمینو سنتز 😭😭احتمالا مشکل داره یا سندرومیِ..😭😭 مگه میشه جواب سل فری اشتباه باشه ؟؟
زنگ زدم آزمایشگاه میگه دقت این آزمایش بالاست ..
اگر قرار بود سندرومی باشه چرا تو آزمایش مشخص نشد ؟؟
تو سونو تیغع بینی مشاهده شده !!
کس هست سل فری سالم باشه بچه اش که دنیا اومده باشه مشکل داشته باشه؟؟",7.31076437475093
thread_13452247_starter,سلام دوستان من  دیروز رفتم برای سونو قلب اندازه کیسه آب 7 هفته ودو روز بود ولی سایز جنین 6 هفته و دوروز قلبشم دیده نشد گفت احتمالا بچه مرده و باید سقط کنی و هفته دیگه بیا سونو اگه رشد نکرد قطعا مرده. کسی تجربه داره دارم دیونه میشم,7.31076437475093
413389481,طلاق گرفتن اصلا و ابدا مهم نیست...مهم درآمد داشتن و پول هست.....اگر در آمد خوب داشته باشی بقیش اصلا مهم نیست دیگه....میری خونه میخری و ماشین و هزینه هاتم تامین....بعدش اگه سالم زندگی کنی اوووخی تا دلت بخاااد مردددد ریخته آن جامعه برای ازدواج همه مدل....اکثرا هم پولدارتر...فقط باید زرنگ باشی در عین اینکه رابطه سالم بدون س شروع میکنی طرفو به ازدواج بکشی....در بعد طلاق فقط باید خودتو کنترل کنی دائم بااین و اون رابطه برقرار نکنی در غالب دوست دختر پسری... همین..ملا نباید وارد فاز دوستی بشی با مرد..همین یک مورد رو حواستون جمع کنی باور کن کلی مردددد ریخته تو جامعه برای ازدواج,1.0942455856950815
thread_15354583_starter,من فردا باید برم جواب آزمایش سلفری بگیرم از یطرف هم طول سرویکسم کوتاهه ،دردای زیر شکمی دارم،دکتری که میرم دو ساعت راهه موندم چکار کنم خسته شدم ترس از سقط شده بلای جونم ،میترسم زیاد تو ماشین بشینم چیزی بشم خیلی هنگم بخدا,7.31076437475093
362170258,"زایمان از سقط دردش بیشتره خییییلی
هردورو تجربه کردم",1.8713104343270626
thread_16725346_starter,"سلام دوستان ، من باردارم و به زودی بچم به دنیا میاد
شوهرم رفته کربلا و من اومدم پیش خواهرم
خواهرم هم یه بچه ۵،۶ ماهه داره ، این بچه یا دل درد داره یا مشکل دیگه و همش گریه میکنه و آروم نمیشه ، حالشم که خوب باشه باید یکی باهاش بازی کنه ، بغلش کنه مرتب هم از بازیاش خسته میشه و باید ببریش یه جای دیگه یه بازی دیگه وگرنه بازم گریه میکنه
امروز حوصلش سر رفته بود بردمش کف پاشو شستم ، ولی آروم که نشد هیچ شروع کرد بدجور گریه کردن ، منم اعصابم خرد شد دادمش به مامانش ... از طرفی باردارم و باید در آرامش باشم از طرفی شکمم بزرگ شده و همش کمر درد دارم نمیتونم زیاد براش انرژی بزارم
همشم میگم چه غلطی کردم من بچه دار شدم ، واقعا حوصله و اعصاب بچه رو ندارم 😣 یعنی این بچه همه ی عشق منو به بچه دار شدن گرفته و کلا از بچه زده شدم 😣😣😣
از یه طرف هم عذاب وجدان دارم که خواهرم بیچاره دست تنهاست ...
به نظرتون چکار کنم ؟ کمکش کنم ؟ اعصاب خودم چی میشه ؟",7.31076437475093
thread_11745552_gelareh1234_1402/11/20 23:01,برای بچم‌خداروشکر اتفاقی نیوفتاد ولی خیلی خیلی خیلی خیلی خیلی اذیت شدم تو بارداری چه جسمی چه روحی,6.53369952611895
thread_12081336_diana140000000_1402/06/30 15:38,"اسی درد زایمان منظمه و مثلا هر ۵دقیقه میگیره ول میکنه
شما حتما همین الان برو بیمارستان چک کن پشت گوش ننداز لطفا
همینجا پارسال یه کاربر اومد گفت دلم درد میکنه حرکات بچه هم زیاد شده خیلیا گفتن طبیعیه نترس چیزی نیست
فرداش تاپیک زد بچم مرد دیشب نرفتم بیمارستان داشته جون میداده",1.8713104343270626
thread_15768647_starter,"نمیتونم دیگه این زندگی رو ادامه بدم
این همه تلاش میکنم بازم برمیگردم سر پله اول
خودکشی کنم میترسم دانش آموزام بشنون بچن یادشون بمونه
تو ذهنشون بمونه یه موقع الگو برداری کنن
اینجا شهرستانه درجا میفهمن همه
زندگی پس از زندگی رو میبینم
ذکر میگم
ولی بخدا راهی جز رفتن پیش خدا نمیاد به ذهنم
چجوری زندگی کنم با ادمای معتاد
تعرض عموهام
نمیتونم جدا بشم این دفعه از فکر مامانجونم عذاب وجدان میگیرم
چند بار اقدام کردم خودمو پرت کنم
یا دود‌ کش بخاری رو در اوردم
نمیتونم برم خونه جدا مامانبزرگم سرطانیه باهامم نمیاد چجوری بذارم برم
خواهر دوقلوم معلوله من نباشم میذارنش بهزیستی ولی من نمیتونم با دست خودم ببرمش میمیرم
خانوادش کنار اومدن بعد خودکشی اون طرف؟
حالشون خوبه؟",8.087829223382911
thread_12005329_starter,چند وقته میگم بهم پول بده میگه هر چی میخوای خودم برات میخرم چه جوری بهش بگم میخوام براش کادو بگیرم،میگه من دارم کار میکنم پول جمع کنم ولی پول که جمع نمیشه با مستاجر بودن، من خودم کار می‌کردم ولی هر چی داشتم تو زندگیمون خرج کردم یا دادم به شوهرم الانم به خاطر بارداریم استراحت مطلقم نمیتونم کار کنم، میگه پول یارانه رو میدم بهت ولی خودم قسط دارم 400 تومن باید پرداخت کنم هر ماه همین کارو میکنم با دویست تومن که میمونه چیزی نمیشه خرید،واسه تولد من گفت برات کادو میگیرم بعدا، چند روز بعدش چون شمام ضعیف شده بود برام عینک خربد بهش گفتم همین که گرفتی کادو تولدم دستت درد نکنه آخه اصلا روم نمیشه پررو باشم چون میگم زندگیه جفتمونِ، از جیب اون بره انگار از جیب خودم رفته ولی اون فکر نکنم اینجوری فکر کنه، ولی به نظرم باید دوباره کارمو شروع کنم دوست ندارم زن بی‌عرضه ایی باشم غرورم جریحه دار میشه اگه بچه ام بخواد بمونه میمونه وقتی خواست خدا باشه.,6.53369952611895
thread_17521535_starter,"سلام خانوما من باردارم
امروز رفتم حموم اومدم بیرون
یه لحظه حس کردم قسمتی از روی سینم میسوزه
دست زدم دیدم همونجا یه چیزی زیر پوستم احساس کردم
توروخدا کمک کنید
تا حالا کسی این جور بوده
چیزه خطرناکی هست
از استرس دارم میمیرم",7.31076437475093
thread_17902197_starter,بنظرتوم ارتودنسی کنم یا کامپوزیت میخام صاف بشن ولی پولم فق کامپوزیت میرسه دکتر هم گفت باید دوتا از دندونام خراش بخوره بنظرتون ارزشش و داره؟,1.8713104343270626
thread_9078130_sama_kocholo_1401/05/02 23:38,خیلیا موقع بارداری عزیز از دست دادن رفت ن واسه مراسما و صورت مرده ام دیدن دلیل میشه چشم بچه هاشون شور بشه,1.0942455856950815
thread_6961791_مامیre_1400/05/10 11:09,"نه یه صاحب خونه ی خوب گیرمون اومد  ۶ ماه وقت داد
بعد ۶ ماه اصلا نفهمیدیم ما که پولمون  نصف بود چطور
کامل شد  اصلا خیلی راحت خونه خریدیم در حالی که
امید من برای خونه دار شدن صفر بود",1.0942455856950815
thread_14538567_starter,ساعت ۶ قرص سایتوتک یکی زیر زبانی و یکی واژینال گذاشتم برای سقط یک ساعت بعد هم زیر زبانی الان یه درد قابل تحمل و خونریزی در حد چند قطره دارم،از کجا بفهمم اثر کرده؟آخه بعضیا گفتن خونریزی شدید داره,3.425440131591025
thread_17418531_starter,ضرر داره هفته 10 هستم خیلی هوس کردم ی بار بخورم مشگل ایجاد میکنه ؟,1.8713104343270626
409276127,قرص مسکن برا سر درد فقط,1.0942455856950815
thread_17531095_starter,"امروز از صبح به طور میانگین هر نیم ساعت در حد چند دقیقه زیر دلم تیر میکشه
دیشب رابطه داشتم ممکنه بخاطر اون باشه😭😭😭",3.425440131591025
thread_9937429_سلانمتدبان_1401/10/01 18:13,من ده روزه از موعدم گذشته یکی از سینه هام تیر میکشه ممکنه باردار باشم بچه ها یا بخاطر پریود هست؟کلا سینه هام بعد از اولین اقدام از پریودی قبلی تیر می کشیدن,2.648375282959044
368908974,"میدونی من همه ی این سالها غر میزدم ک چرا خدا نجاتم‌نمیده از این برزخ بعد فهمیدم واسه خدا کاری نداره زندگی منو زیر رو رو کنه ولی واسه خودم واسه رشد خودم اینکارو نمیکنه من باید از شکست هام درس میگرفتم و بلند میشدم
وقتی اینو فهمیدم و دست از غر زدن و مظلوم بازی برداشتم و شروع کردم واسه زندگیم تلاش کردن خدا واسم به طور معجزه آسایی همه چیزو جفت و جور کرد
فقط خواستم بهت بگم دست از گذشته بردار انقدر سعی نکن خودتو قربانی نشون بدی فقط بلند بشو از هرجا ک میتونی شروع کن واسه تلاش کردن اونوقت خدارو تو زندگیت میبینی",2.648375282959044
410025353,"هر چی که توان خودته
نمیدونم مسخره بازیه مامانا تا کی قراره ادامه داشته باشه
من بچه بودم پس انداز کرده بودم مامانم گیر داده بود واس زن داییم که تازه عروسی کرده برم گردنبند طلا بگیرم🫤
هنوز که هنوزه فامیلاش مشهد میرن سربازی میرن سریع پول میده بهشون واس دیدنی
ولی ما عقد کردیم نامزد کردیم هیشکی هیگ گوهی نخورد بهشم میگی زورش میاد",4.202504980223006
thread_18036316_starter,بچه ها بیاید راهنمایی خاله من شوهرش ۴سالع فوت کرده یه دختر شوهر داده  دخترش ۲تا بچه داره یه پسر ۱۰سالع و دختر ۵ساله خود خاله ام به پسر ۲۰سالع هم داره و سه تا بچه کوچیک دیگه هم داره برای خرج خونه میره سرکار و به دختران خیلی از دین و مذهب میگه خودشو خیلی پاک نشون میده یه خواستگاری برای یکی از دخترای ۱۵سالع اش اومد دختر خاله ام قبول نکرد ازدواج کنه و مامانش یعنی خاله ام از دختر خاله ام عصبانی شد که چرا پسره رو نمیگیری وفلان پسره هم عاشق دخترخاله ام بود اما دختر خاله ام قصد ازدواج نداشت جدیدا فهمیدیم خاله با این پسره یعنی خواستگار دخترش رابطه عاطفی داره 🤦🏻♀️🤦🏻♀️خاله ام ۴۰سالشه پسره ۲۰حالا دختر خاله ام میگه دلم میخواد مامانمو بکشم بنظرتون خالم رو چجوری قضاوت کنم؟,1.8713104343270626
thread_12189262_starter,"بیستو پنج سالمه و ۱۶سالگی ازدواج کردم ۱۸سالگی بچه دار شدم(نگید وای چ زود اه پیف خودت خواستی پس عواقبشم بپذیر الان دارم شرایط کنونی مو میگم و نمیتونم ب عقب برگردم
پسرم اوتیسمه و خیلی خرج بالایی داره و انرژی زیادی برای یادگیری میخواد
چندین ساله سالی ی دست فقط می‌تونستم لباس بخرم اخیرا یکم ماموریت های شوهرم زیاد شده وضعمون یکم بهتر شده فقط
از طرفی همه میگن ی بچه بیار حتی مربی خصوصی پسرم (برای روحیه ی پسرم و خودم)
ی بار ناخواسته حامله شدم و سقط کردم این ماهم حامله شدن و خود ب خود سقط شده بود
شرایط مالی ابدا ندارم ینی ی بچه ی دیگه بیارم باید قید ی زندگی نسبتا راحتو بزنم (خرج های عادی ی زندگی هم ک خودتون در جریانید)رفته رفته هم مشکلات پسرم شدید تر میشه باید بره مدرسه و نمیتونه و...
از طرفی دایم فکر میکنم تنهاست آینده اش چی میشه؟
ی بارم دکتر بهم گفت حقته ی بچه ی عادی بزرگ کنی
ولی انقدرررررر پسرم مشکلات فراوان داشته هیچ صبر و اعصابی برام نمونده",8.087829223382911
336490492,"چند هفته زایمان کردی گلم
بعد سرکلتژ مراقبت ها و استراحتت چجوری بود
زایمانت طبیعی بود که بخیه سرکلاژ و کشیدن؟",1.0942455856950815
thread_14074444_starter,"سلام ۵ هفته و ۴ روزمه
دیروز یه رگ خون دیدم
معذرت میخام الان رفتم دستشویی یه لخته اندازه بند انگشت خون قرمز روشن‌دیدم
دردم ندارم
دارم از ترس سکته میکنم دفعه اولمه
شیافم دوهفتس استفاده میکنم امشب اخریشه تا شنبه هم دکترم نیست چکار کنم
جرات نمیکنم برم دستشوبی",6.53369952611895
413951384,"استارتر
ایشون اگر در مقطع دکتری تحصیل کرده، میتونه به خودش بگه دکتر.
اما پزشک به کسی گفته میشه که در مقطع دکترای حرفه ای پزشکی تحصیل کرده.
حتی داروساز و دندانپزشک و دامپزشک هم پزشک نیستند. همانطور که پزشک هم داروساز و دامپزشک و دندانپزشک نیست!
اما پزشک، دندانپزشک،دامپزشک،داروساز همگی «دکتر» هستند.
حالا هر کسی تا مقطع «دکتری» هم درس بخونه، بهش دکتر گفته میشه. میخواد دکتری فلسفه یا الهیات باشه یا دکتری روانشناسی یا هر رشته دیگری.",1.0942455856950815
thread_10271904_starter,من روز ۸ تاخیر پریودم بتا دادم که منفی شد روز ۱۱ تکرار کردم ازمایش بتا رو ۱۰۳ شد الان ۴۸ ساعت بعد دوباره ازمایش دادم ۳۰۸ شده بود یعنی امروز نگرانم کمه بتام؟ تروخدا کمک کنین خیلی استرس گرفتم چرا اینجوریه,5.756634677486968
thread_11410575_starter,کسی تجربه ای داره لطفاً راهنمایی کنید,1.0942455856950815
thread_16400321_starter,"سوال: اقدام به بارداری
سلام بچه ها من ۱/۵ساله دوفامد استفاده میکنم
و سیکل هام همیشه ۳۰ -۳۱ روزه بوده
حتی پارسال عمل هیستروسکوپی انجام دادم برای حذف پولیپ انجام دادم بازم سیکلم منظم بود
از آبان پارسال جلوگیری ندارم
بهمن ماه لتروزول و hcg استفاده کردم ولی متاسفانه نتونستیم اقدام منظم داشته باشیم
دوماهه اقدام منظم روزهای تخمک گذاری دارم داروهای تقویتی هم استفاده میکنم
ماه قبل ۲روز تاخیر و این ماه ۷روز تاخیر پیدا کردم  دیگه میخواستم فردا برم آزمایش بتا بدم ، دیشب استرس پیدا کردم و  امروز پریود شدم
همسرمم آزمایش داده خوب بوده
تجربه مشابه دارین ؟؟؟
حالم خیلی گرفته س",4.979569828854988
371156249,"دیروز برای ۲۷ام نوبت دادن بهم بنیاد ژنتیک مشهد نوبت گرفتم.
باز الان زنگ زدم گفتم هفته ام بالا میره اگه مشکلی داشت پزشکی قانونی اجازه سقط میده؟گفت تا ۱۸ هفته و ۶ روز اجازه میده.برام دعا کنید.حال روحی خوبی ندارم",6.53369952611895
412312944,من خواهرشوهرام اگه بودن نمیذاشتن بشورم ولی اگه نبودن خودم میشستم البته مادرشوهرم نمیذاشت قابلمه هارو بشورم میگفت اذیت میشی اما میشستم تا جاییکه میشد بعضی وقتام حال نداشتم به شوهرم میگفتم پاشه بشوره.الانم همینم,1.0942455856950815
336316972,"والا من ترسیدم از این کاراش
اگه یه روز بخوای کلا جدا شی ازش و بخواد بزنه به سرش و انتقام بگیره ازت میخوای چیکار کنی دختر",3.425440131591025
thread_16175210_starter,"کلی برام جزوه خرید کلی حمایتم کرد کلی غذای مونده بهش دادم میگف اشکال نداره تو درستو‌بخون به یجایی برسی
بعد من از صب تا شب تو اینستاگرام بودم فیلم میدیدم
الان دفترچه اموزش پرورش فردا میاد و‌من یکلامم نخوندم
ابروم پیشش میره دلم براش میسوزه حس میکنم بازیش دادم 😭😭😭",5.756634677486968
408991094,بنظرم تو ۱۸ هفته جنین خیلی بزرگ نیست که حسش کنین...من الان ۲۵ هفته ام گاهی اون طوری میشه بچه خودشو سفت میکنه یا یه طرف شکمم جمع میشه.از پزشک پرسیدم گفتن اگر درد نداری مشکلی نیست طبیعیه,1.0942455856950815
thread_13263274_starter,"لطفا تاپیکایی که زمانش گذشته رو لایک نکنید.
هی برام پیام میاد.میبنم لایکه😒😏😉
میخوره تو ذوقم",1.8713104343270626
412552652,"منم کسی پیدا شده برا آشنایی هشت سال تفاوت مونه ولی من به دلم نیست اینقدرررر تفاوت سنی حس میکنم  زیاده
گزچه تفاوت های دیگم هست..
ادم با تفاوت زیاد همو نمیفهمن انگار
شما چطوریه",2.648375282959044
thread_16610836_starter,یهو قسمت سمت راستم زیر سینه ام یه درد میزنه به پشتم و وحشتناک درد داره ۳ بار تو هفته اکو و ۴ بار نوار قلب دادم و نبض هم نرمال همه چی نرمال بود در مورد قلب این درد لعنتی چیه آخه فقط با شیاف خوب میشه,4.202504980223006
412804987,دمت گرم،منم وزن شروعم مثل تو بود،از نهم استارت زدم،تاحالا چهار کیلو و نیم کم کردم,1.0942455856950815
thread_18137925_starter,"خانما من متاهلم
حدود یکساله ازدواج کردم . جلوگیری خاصی نداریم ولی مراقبیم و زیاد ریسک نمیکنیم.
پریودی این ماهم درست سر تایم بود ولی موقع شروع مریودی اینقدر دردش زیاد بود که من از حال رفتم
تو خیابون چشمام سیاهی رفت
تا مسافتی که همسرم منو رسوند خونه من از شدت درد زیاد گریه میکردم و بهم میپیچیدم ۲۰ دقیقه کلا همین بود. فقط میخواستم جیغ بزنم
بعد از حدود ۲۰ دقیقه یکدفعه اروم شدم
و بجای اون درد مداوم غیر قابل تحمل ، نبض های درد هر ۵ دقیقه یکبار سراغم میومد
الان برام سوال شد که واقعا علتش چی بود من سابقه اینجور پریودی رو نداشتم . دردناک بودن ولی نه تا این حد
کیست و عفونتم تا جایی که میدونم نداشتم اخه همیشه سر موعدمم
شما تجربه اینجوری داشتین؟",4.202504980223006
410382490,"بسم الله الرحمن الرحیم
اَللّهُمَّ رَبَّ النُّورِ الْعَظیمِ، وَ رَبَّ الْکُرْسِىِّ الرَّفیعِ، وَ رَبَّ الْبَحْرِ الْمَسْجُورِ، وَ مُنْزِلَ التَّوْراةِ وَالْإِنْجیلِ وَالزَّبُورِ، وَ رَبَّ الظِّلِّ وَالْحَرُورِ، وَ مُنْزِلَ الْقُرْآنِ الْعَظیمِ، وَ رَبَّ الْمَلائِکَةِ الْمُقَرَّبینَ، وَالْأَنْبِیاءِ وَالْمُرْسَلینَ اَللّهُمَّ إِنّى أَسْأَلُکَ بوَجْهِکَ الْکَریمِ، وَ بِنُورِ وَجْهِکَ الْمُنیرِ، وَ مُلْکِکَ الْقَدیمِ، یا حَىُّ یا قَیُّومُ، أَسْأَلُکَ بِاسْمِکَ الَّذى أَشْرَقَتْ بِهِ السَّمواتُ وَالْأَرَضُونَ، وَ بِاسْمِکَ الَّذى یَصْلَحُ بِهِ الْأَوَّلُونَ وَالْآخِرُونَ، یا حَیّاً قَبْلَ کُلِّ حَىٍّ، وَ یا حَیّاً بَعْدَ کُلِّ حَىٍّ، وَ یا حَیّاً حینَ لا حَىَّ، یا مُحْیِىَ الْمَوْتى، وَ مُمیتَ الْأَحْیاءِ، یا حَىُّ لا إِلهَ إِلّا أَنْتَ.
اَللّهُمَّ بَلِّغْ مَوْلانَا الْإِمامَ الْهادِىَ الْمَهْدِىَّ الْقائِمَ بِأَمْرِکَ، صَلَواتُ اللَّهِ عَلَیْهِ وَ عَلى آبائِهِ الطّاهِرینَ، عَنْ جَمیعِ الْمُؤْمِنینَ وَالْمُؤْمِناتِ فى مَشارِقِ الْأَرْضِ وَ مَغارِبِها، سَهْلِها وَ جَبَلِها، وَ بَرِّها وَ بَحْرِها، وَ عَنّى وَ عَنْ والِدَىَّ مِنَ الصَّلَواتِ زِنَةَ عَرْشِ اللَّهِ، وَ مِدادَ کَلِماتِهِ، وَ ما أَحْصاهُ عِلْمُهُ، وَ أَحاطَ بِهِ کِتابُهُ. أَللّهُمِّ إِنّى أُجَدِّدُ لَهُ فى صَبیحَةِ یَوْمى هذا، وَ ما عِشْتُ مِنْ أَیّامى عَهْداً وَ عَقْداً وَ بَیْعَةً لَهُ فى عُنُقى، لا أَحُولُ عَنْها، وَ لا أَزُولُ أَبَداً. اَللّهُمَّ اجْعَلْنى مِنْ أَنْصارِهِ وَ أَعَوانِهِ، وَالذّابّینَ عَنْهُ، وَالْمُسارِعینَ إِلَیْهِ فى قَضاءِ حَوائِجِهِ، وَالْمُمْتَثِلینَ لِأَوامِرِهِ، وَالْمُحامینَ عَنْهُ، وَالسّابِقینَ إِلى إِرادَتِهِ، وَالْمُسْتَشْهَدینَ بَیْنَ یَدَیْهِ.
اَللّهُمَّ إِنْ حالَ بَیْنى وَ بَیْنَهُ الْمَوْتُ الَّذى جَعَلْتَهُ عَلى عِبادِکَ حَتْماً مَقْضِیّاً، فَأَخْرِجْنى مِنْ قَبْرى مُؤْتَزِراً کَفَنى، شاهِراً سَیْفى، مُجَرِّداً قَناتى، مُلَبِّیاً دَعْوَةَ الدّاعى فِى الْحاضِرِ وَالْبادى. اَللّهُمَّ أَرِنِى الطَّلْعَةَ الرَّشیدَةَ وَالْغُرَّةَ الْحَمیدَةَ، وَاکْحَُلْ ناظِرى بِنَظْرَةٍ مِنّى إِلَیْهِ، وَ عَجِّلْ فَرَجَهُ، وَ سَهِّلْ مَخْرَجَهُ، وَ أَوْسِعْ مَنْهَجَهُ، وَاسْلُکْ بى مَحَجَّتَهُ، وَ أَنْفِذْ أَمْرَهُ، وَاشْدُدْ أَزْرَهُ، وَاعْمُرِ اللّهُمَّ بِهِ بِلادَکَ ، وَ أَحْىِ بِهِ عِبادَکَ، فَإِنَّکَ قُلْتَ وَ قَوْلُکَ الْحَقُّ: ظَهَرَ الْفَسادُ فِى الْبَرِّ وَالْبَحْرِ بِما کَسَبَتْ أَیْدِى النّاسِ، فَأَظْهِرِ اللّهُمَّ لَنا وَلِیَّکَ وَابْنَ بِنْتِ نَبِیِّکَ الْمُسَمّى بِاسْمِ رَسُولِکَ
حَتّى لا یَظْفَرَ بِشَىْءٍ مِنَ الْباطِلِ إِلّا مَزَّقَهُ، وَ یُحِقَّ الْحَقَّ وَ یُحَقِّقَهُ، وَاجْعَلْهُ اللّهُمَّ مَفْزَعاً لِمَظْلُومِ عِبادِکَ وَ ناصِراً لِمَنْ لا یَجِدُ لَهُ ناصِراً غَیْرَکَ، وَ مُجَدِّداً لِما عُطِّلَ مِنْ أَحْکامِ کِتابِکَ، وَ مُشَیِّداً لِما وَرَدَ مِنْ أَعْلامِ دینِکَ، وَ سُنَنِ نَبِیِّکَ صَلَّى اللَّهُ عَلَیْهِ وَ آلِهِ، وَاجْعَلْهُ اللّهُمَّ مِمَّنْ حَصَّنْتَهُ مِنْ بَأْسِ الْمُعْتَدینَ، اَللّهُمَّ وَ سُرَّ نَبِیَّکَ مُحَمَّداً صَلَّى اللَّهُ عَلَیْهِ وَ آلِهِ بِرُؤْیَتِهِ، وَ مَنْ تَبِعَهُ عَلى دَعْوَتِهِ، وَارْحَمِ اسْتِکانَتَنا بَعْدَهُ ، اللّهُمَّ اکْشِفْ هذِهِ الْغُمَّةَ عَنْ هذِهِ الْأُمَّةِ بِحُضُورِهِ، وَ عَجِّلْ لَنا ظُهُورَهُ، إِنَّهُمْ یَرَوْنَهُ بَعیداً وَ نَراهُ قَریباً، بِرَحْمَتِکَ یا أَرْحَمَ الرّاحِمینَ.
سه بار بر ران راست خود میزنی و میگویی
اَلْعَجَلَ، اَلْعَجَلَ؛ یا مَولای یا صاحِبَ الزَّمانِ
اَلْعَجَلَ، اَلْعَجَلَ؛ یا مَولای یا صاحِبَ الزَّمانِ
اَلْعَجَلَ، اَلْعَجَلَ؛ یا مَولای یا صاحِبَ الزَّمانِ",1.0942455856950815
401171410,نمیدونم چرا اما امروز بچم ک چهار سالشه میگفت مامان اگه منو بابا ول کردی رفتی چی ؟؟؟ هیچ وقتم من جلوش اسم مرگ و رفتن نزدم,1.8713104343270626
365172635,از دکترت بپرس ولی من تا اون جایی که میدونم ضرر نداره حالا من چون جفتم پایینه دکترم بهم شیاف پروژسترون داده اون خودش باعث شد یبوست نگیرم دکتر به شما به خاطر جفت پایین شیاف نداده ؟,1.0942455856950815
370830927,"آره میگن باید حتما مو رو با نرم کننده شست تا راحت تر جدا شده🥲😂
باشه ممنونممم",1.0942455856950815
thread_18126235_starter,"دیروز یه موضوعی رو براش تعریف کردم
بعد چون خیلی برام مهم بود چند بار تاکید کردم حتما بین خودمون بمونه به کسی نگیااا
برگشت با شوخی خنده گفت پارانویا داری بخدا
ولی بهم برخورد
واکنش شما چی بود اگه یکی بعد ده سال دوستی این حرفو میزد؟
@niniyar
تایید کنید اطفا",2.648375282959044
thread_14508573_starter,"سلام
هفته پنجم بارداریمه اصلا نمیتونم اعصابمو کنترل کنم سر چیزای الکی اعصابم خورد میشه و کلی گریه میکنم...
اینا عادیه؟ اصلا دست خودم نیست نمیدونم چیکار باید بکنم برا بچه ضرر نداره اینجور ناراحتیا ؟",4.979569828854988
337671323,دکتر سونو گفت بعدشم من ۲بار سونو واژینال بیرون انجام دادم‌گفت خارج رحم نیست و ساک بارداری و کیسه زرده مشخصه و فقط هماتوم داری این دکتر دیشبم ک گفتم گفت شاید من اشتباه کنم خب اگ خارج رحم باشه ک سونو شکمی نشون نمیده و اینک ساک بارداری مشخص نمیشه ک؟؟,4.202504980223006
356850839,"عزیزم تو خودت به خودت داری سخت میگیری
پاشو یه چیزی برای خودت درست کن بخور بعدم به خانوادت کار نداشته باش درستو بخون که از اون خونه بری و مستقل بشی",1.0942455856950815
321197800,یدونه زیر زبونم گذاشتم بعدش هر نیم ساعت یدونه داخل واژن ساعت ۱۲تموم شدن,1.0942455856950815
413990921,مار برای نگهداری خوب نیست 😑😐 ترسش هم فقط همینه ک نیش داره و خفه می کنه 💀دیگه ترسی نداری و اینکه خرجش بالا,1.0942455856950815
thread_13961737_starter,۱۲هفته و ۴روزم توی غربالگری اول نوشته که هماتوم و ان تی رو نوشته ۲.۴ بعد و یه کیست ۳سانتی متری بعد دکتر بعد دیدن سونو گف باید سل فری انجام بدی حتما خیلی میترسم اخه دکتر سونوگرافی گفت ک جنین کاملا سالمه.و اینکه هماتومم اصلا خودم خون ریزی ندارم,4.202504980223006
thread_12478351_starter,"من پول ندارم برای دخترم لباس بافت و کلاه بگیرم
مادرم لطف کرد یاد داره گفت برات میبافم
تا اینجا دستش درد نکنه خیلی ممنونشم
ولی رنگی که میگم پشت گوشی میگه باشه بعد یه چیز دیگه بهم میده
پارسال کلاه بافت برای دختزم گفتم لطفا همش سفید باشه
گفت نه خیلی بی روح میشه
گفتم نه مامان من سفید یک دست دوست دارم گفت باشه
دوهفته بعد کلاه رو اورد اولش و اخرش قرمز جیگری  وسطش قرمز بود
منم پول خرید نداشتم سر بچم کردم
امسال دنبال جلیقه بودم براش
خودش گفت من میبافم تشکر کردم
یه تا رتگ گفتم و مدلش گفتم
اونم قبول کرد تا نصفه هم بافته بود یهو الان عکس فرستاده کلا یه چیزدیگه شده
گفتم تا نصفه یه رنگ دیگه بود که
گفت وسطش دیدم خوب نشد باز کردم این رنگی بافتم
خیلی ناراحت شدم
اخه لطف میکنی چرا اینجوری میکنی آخه
بهش چیزی نگفتم فقط تشکر کردم
چون نمیخواستم دلش بشکنه و دوباره از اول ببافه
ولی اصلا دلم نیست تن دخترم کنم
زشت بود
چکار کنم میدونم لطفه ولی انصافا یکم به سلیقه منم احترام بزاره چی میشه
الان فقط گریه میکنم
برام مهم بود سایز بزرگ گفتم دوسالی تنش کنم
الان چکار کنم پول بافت هم ندارم
مثل کلاه اینم به دلم موند",5.756634677486968
356398244,سلام عزیزم من الان ۹ هفته ام شدم از دیروز خونریزی دارم چی کار کنم رفتم دکتر گفت قرص سایوتیک بگیر بخور تو یه روز دفع میشه وای میترسم .,5.756634677486968
407649988,"وای نه ینی چی دوتا باهم شیرینی🤣
تو میخوای ی جعبه خامه کوچولو با ی وسیله خونگی کوچولو
دوستتم ی شاخه گلی با ی وسیله خونگی چیزی",1.0942455856950815
345389872,تو بارداری تنها کاری که از دستم بر می اومد همین نی نی سایت بود که سر وقت داخلش بودم,1.8713104343270626
334930931,"عزیزم نگو گذشت ولش نکن تا تعطیلات شروع نشده برو دکتر بهش بگو اون خودش برات ازمایشات لازم مینویسه شاید بگه اشکال نداره فاصله با ان تی برو ازمایش بده یا برات مثلا سلفری اینا بنویسه فقط الکی فاصله ننداز سریع برو دکتر باور کن روز و هفته اهمیت داره البته اصلا استرس نداشته باش
اون ازمایش فکر کنم دیابت بارداری هم چک میکرد اونو دادی؟ازمایش زیاده فقط برو دکتر اونا واردن برات بنویسه جا نمونی چون یکسری ازمایشات 1 یا 2 هفته میبینی طول میکشه خدایی نکرده مشکلی داشته باشه تا هفته 18 نامه سقط میدن برو خیال خودتو راحت کن",1.8713104343270626
thread_17627324_starter,بچه ها من دو روز دیگ موعدمه یکم سینه هام تیر میکشید ارونجایی که این ماه اقدام داشتم بیبی گذاشتم مثبت شد ولی هیچ علائم دیگه ای ندارم واقعا من یادمه سر بچه اولم همش تند تند تو دستشویی بودم ولی الان اصلاااا،جریان چیه هنوز تو شوکم ینی واقعا حاملم؟,2.648375282959044
413176214,"اایبابا من به خانوما احترام میذارم منظورم اینه که خیلی گناه دارین درد پریودی و حاملگی میکشین کلی مشکلات
حالا راهنماییت بده😐😂",1.0942455856950815
383465252,اینطور مردی وجود نداره...تجربه مشابه دارم که میگم. ۴۰ سالمه، بالا و پایین روزگار و دیدم‌. وقتی به آرامش رسیدم که این موصوع رو فهمیدم و در ازدواج بعدیم کلا روشم و عوض گردم. الان به همسرم تگیه گردم، همه مسیولیتها و خرجهای زندگی از بنیاد با خودش بوده. خیییییلی ام دوسم داره و خیلی ام قدرم و میدونه. چون از اول اینجوری باهاش تا کردم فک میکنه قاعدتا باید همینطور باشه. با مردا از اول هرجور تا کنی، تا آخر همونجورن,1.0942455856950815
thread_14540540_starter,بنظرتون چقد احتمال داره واس دفعه دوم قلب جنین تشکیل نشه؟,3.425440131591025
335410161,خیلی سخته من سقط داشتم ۸ هفتم بود ولی خیلی اذیت شدم مث مرگ بود برام,4.979569828854988
341964163,"اگه بیمارستان گفته که انجام بده فکر کردم خودسرانه داره انجام میدی
انشالله زودی حالت خوب بشه 🥲🥲🥲",1.0942455856950815
thread_17981058_starter,"بچه ها من مثل چی از آب و استخر و شنا و ...کلا همه اینا میترسم ،شوهرم رفته بدون اینکه بهم بگه کلاس شنا ثبت نامم کرده چون روانشناسه و به قول خودش میخواد با ترسام مقابله کنم ،که این بزرگترین ترسم تو زندگیه(ترس از پرنده به خصوص مرغ و خروس هم دارم البته)
میخواستم بدونم کسی بوده مثل من فوبیا داشته باشه و با کلاس شنا اوکی شده باشه و الان شنا بلد باشه و ترسش ریخته باشه؟؟؟😭😭😭",4.979569828854988
thread_16957462_starter,"یک شهریور امپول hcg زدم
امروز میشه ۱۸ الی ۱۹ روز
هشت روز پیش دوفامد ،دوفاستون ،تموم شده
بعضی وقتا کمرم درد میکنه میگم الان هست که پریود بشم الان هم کمرم درد میکنه
احتمال بارداری یک درصد هست چون شوهرم مشکل داره
فقط نذر کردم اگه بچه دار شدم این ماه اسمش بزارم رضا
یعنی میشه باردار بشم",4.202504980223006
359833586,منم حدود سه سال اززایمان سزارین میگزره دوباره سزارین میشم ؟؟؟؟,1.8713104343270626
thread_17937389_starter,سلام. کسی بوده که باردار باشه و تا سه ماه کمردرد شدید داشته باشه؟ به حدی که نتونه تکون بخوره و فقط بخوابه ؟میشه همچین چیزی؟,4.202504980223006
299804131,"من خودم شش هفته ام دوست نداشتم کسی بفهمه اما چون بعد چند سال باردار شدم فعلا همسرم ب تعدادی گفته بهشون گفته ب کسی نگین🥺میگه اشکال نداره زبون لال خدای نکرده اتفاقی بیفته حداقل پشت سرت حرف نزنن نگن حامله نمیشد
چی بگم بخدا
ولی خودم دوست نداشتم کسی بفهمه فعلا مادر شوهر خواهر شوهرا میدونن غیر جاریام",3.425440131591025
thread_17702649_starter,سلام خانوما خوبین من سونو رفتم طبق پریودیم میشد شش هفته رفتم اونجا گفت ساک حاملگی دیده میشه کیسه زرده هم داره دستگاه رو هم گذاشتم طرف راستم فقط،ولی گفت جنین دیده نمیشه قلبشم هنوز تشکیل نشده برام زد شش هفته و یک روز الان چکار کنم کی برم سونو چی بخورم قلب نینی تشکیل بشه استرس دارم🤧😍,4.979569828854988
thread_12474402_taherr_1402/08/30 16:17,"اره دقیقا عذاب وجدان و خیلی ناامید
اگه دوست داشته باشین  تیتراژشو بفرستم",3.425440131591025
359855194,"من بچم شیر خشک خورد بهش نساخت و ریفلاکس پنهان گرفت و هزار بدبختی... کاش هیچوقت به شیشه لب نزده بود
بعد از کلی تحقیق تو سایت های زبان اصلی هم فهمیدم حداقل سه ماه باید به طور کامل بچه شیر مادر بخوره بخاطر رشد کامل ماده سفید مغزش در بزرگسالی
خودم خیلی پشیمون شدم",4.202504980223006
379535200,والا اولین باره می‌شنوم سونو زردی میاره مطمعنی دکترت خوبه  والا من یه تا زاییدم الآنم ۳۶ هفته ام پیش بهترین دکترا هم میرم ایندفعه که دوتا دکتر دارم یه پریتانولوزیست و فوق تخصص زنان از۳۲ هفته سونو هفتگی دارم,1.0942455856950815
thread_14406341_starter,از وقتی شنیدم همش استرس دارم میترسم منم بارداریه خارج رحم بشم اخه تو اقدامم تازه ای یو ای کردم خیلی میترسم مگه باعث فوت میشه؟ فک میکردم دیگ انقدی علم پزشکی پیشرفت کرده که نذارن کسی با این مشکل بمیره,6.53369952611895
401053258,"چون همه میخواستن یا دلداری ام بدهند یا سفارش کنند یابگن  فلان کار رو نکن فلان کار رو بکن یا بگن چرا اینکارو کردی
کلن استرس بدهند...چه خوب حرف بزنند چه بد حرف بزنند",4.202504980223006
347006509,"منظورم این بود که خودکشی کرده یا جور دیگه ای فوت شده گفتم شاید اینطوری گفتید که مامانت یکم آماده بشه ذهنش
متأسفم خدا بهتون صبر بده💔",1.0942455856950815
thread_18025043_starter,"سلام.دوستای قشنگم ..من بچه اولم مشکلات خیلی زیادی داره.خیلی زیاد...ومثل فرشته ست برام عاشقشم.ولی الان شش سالشه ن میشینه ن حرف میزنه..ن راه میره...
الان بعد از شش سال بعد از کلی آزمایش راضی شدم و مجدد باردار شدم...قسمتون میدم امشب برام خیلی دعا کنید...فردا سونوی آن تی دارم دعا کنید همه چی خوب باشه.دارم از استرس میمیرم..😭",7.31076437475093
thread_12365765_acloudy_1402/08/13 08:22,"من تقریبا از اول بارداریم عفونت ادراری داشتم اما بزرگ ترین علامتش درد شدید لگنم بود طوری که هر روزم شده بود گریه هر چقدر دارو خوردم فایده نداشت دیگه دکترم گفت بیشتر از این بهت دارو بدم بچه آسیب میبینه برو بعد زایمان بیا پیگیری کن درمانتو
البته که بعد زایمان دیگه نرفتم ببینم خوب شده یا نه اما علائمم رفته",4.202504980223006
thread_11418445_همسرممدقلی_1403/02/09 09:17,"عزیزم شما باردار شدید ؟
همسرتون ازو اسپرم بود ؟
منم شوهرم ازو اسپرمه و دارو استفاده می‌کنه شب و روزم شده گریه",5.756634677486968
342713285,نکن آشنای ما اومد بچه ناخواسته 6ماهه رو با قرص سایتوتک بندازه نتونست آخرش هم سزارینش کردن خودشم یک هفته تو کما بود خدا بهش رحم کرد مثانه و رحمش هم بخاطر فشاری که قرصا وارد کرده بود پاره شدن بود 8ساعت طول کشید عملش,1.0942455856950815
378971173,چهار سال پیش با یه خانوم دکتر که از قضایه روزگار دکتر سونوگرافی هم بود کار میکردم درحالی که باردار بود پریودم میشد موقعی که فهمید بارداره ۸ هفته ش بود اونم چطوری فهمیده بود پیشه یه دکتر زنان رفته بود براش چکاب کامل نوشته بود بتا هم داخلش بتا مثبت رو که دید شوهرشم همکارش بود پیشه شوهره سونو انجام داده بود دیده بود بعله بارداره اونم ۸ هفته,1.0942455856950815
thread_16864348_starter,من حدوداً ۵ روز پیش که رابطه داشتم کاندوم پاره شد شوهرم سریع رفت داروخونه قرص اورژانسی گرفت خوردم ولی الان یه سه روزی میشه عادت ماهیانه ام عقب افتاده هر روز سر درد و دل درد شدیدی دارم کمر درد و حالت تهوع دارم و نسبت به قبل بی حال تر شدم دلم میخواد همش بخوابم به شدت خلق و خوم تغییر کرده تا یکی یه حرفی بهم بزنه کفری میشم صبرم به شدت کم شده و تکرر ادرار همراه با سوزش هم دارم تا حالا که نزدیکای عادت ماهیانه ام بود تا این حد اذیت نمیشدم واقعا و این علائم بی سابقست برام نمیدونم دقیقاً اینا ممکنه دلیلش عادت ماهیانه باشه یا اینکه احتمال بارداری هم هست؟؟؟؟؟؟,5.756634677486968
thread_17232189_starter,"هفته ششم بارداری هستم الان دو روزه تخمدان سمت چپم درد میکنه انگار یک نقطه مشخصی از سمت چپم درد میکنه بعضی وقتا دردش کمتر میشه بعضی وقتا زیاد میشه
کسی تجربه خارج رحمی داشته",3.425440131591025
400090316,"ای بابا من نزدم ترسیدم
ولی همون واکسنای کرونارو ک زدم دیگ ادم سابق نشدم کافی بود برام 😑",2.648375282959044
411671928,"چرا اینجا از همچنین زنی دفاع کردن دقیقا چرااا😥
عجیب نیستی مردی که تعهد داشته باشه به خانمش وخانوادش
شماهم خوب کارکردی ،دیگه هم اعصابتو بیشتر خراب نکن",1.8713104343270626
329623431,"نتیجه قرص اورژانسی
خداروشکر اثر کرد بهم ثابت شد که دستکاری نشدن البته بعد از دو هفته پریود شدم. ،به نظرم تنها دلیلشم استرس زیاد بود ،وقتی با خودم کنار اومدم که اگه بچه ای هم باشه سقط نمی کنم و می پذیرم ،پ شدم 😀",3.425440131591025
thread_16863177_starter,خانما توروخدا بیاین😭😭😭😭😭23هفتمه امروز رفتم سونو ضربان نی نی60میزد دکترم نوشت اکو اونجام گف قربش سالمه ولی خیلی ضعیف میزنه تهدید به سقطی من چه خاکی به سرم بریزم حالا کسی اینجوری بوده بعدا خوب بشه تاشنبه وقت داده دوباره برم اکو😭😭😭😭😭😭😭😭,7.31076437475093
411958253,"رابطه به دختر پسر نداره
حسودی هم نیست
پدرا با بچه هاشون ، بچه ان 😶
مثلا شوهرم میگه اونا رو میبوسی منم ببوس
براشون میان وعده آوردی من چی ؟
نوبت بغل من نرسیده؟
برای منم با سلیقه خودت لباس بردار که بریم بیرون
🥴🥴",1.0942455856950815
thread_14828912_starter,موعد پریودم امروز هست ولی نه دل درد نه هیچی اخه من همیشه جلو میندازم دو روز دیروز دو تا لک قهوه ای بود ‌ تموم شد کمر درد دارم دندون درد سینه درد درد پهلو چپ ممکنه باردار باشم ؟ جلوگیریم طبیعی بود امکان داره واقعا,2.648375282959044
412719646,"تعطیلات رسمی حذف تاپیک نداریم
برای حذف تاپیک اصلا
تگ
نکنید ، ساعت حذف تاپیک
10:30
الی
12
و
14
الی
15
شنبه
دوشنبه
چهارشنبه
یک
لینک ارسال نمایید خصوصی
تنها اکانت رسمی نی نی یار در
نی نی سایت",1.0942455856950815
thread_17621933_starter,"شما فکر کن زایمان کردی مادر خودت هست پیشت میمونه همه کارا رو هم مادرت خودش دلسوزانه انجام میده.. ۹ ماه هم حامله بودی مادرشوهرت(کلا خانواده همسرت.. خواهرشوهرات اینا) یبار زنگ نزدن حالتو بپرسن اصلاااا مادرشوهرت یبارم تو این ۹ ماه دعوتت نکرده خونش.. تازه وقتی حامله بودی رفتی خونه مادرشوهرت دیدی جاریت اونجا شام دعوت بوده و نشسته سر سفره داره شام میخوره اونجا.. خلاصه تو این ۹ ماه حاملگی(فقطم این ۹ ماه رو نمیگما کلا از وقتی عروسشون شدی) مخصوصا تو حاملگی ماه آخر حاملگی میدونستن استراحت مطلقید یکبار زنگ نزدن حالتونو بپرسن یکبار محبت و خوبی ندیدید ازشون... حالا بعد اینکه ۹ ماه مادر بیچارتون ازتون پرستاری کرده از جون و دل مایه گذاشته
مادرشوهر گرامیتون بعد زایمانتون سر و کله ش پیدا شده و نوه پیدا کرده.. آماااااااده... هلو بپر تو گلو.. با اینکه بعد زایمان مامانتون پیشتون میمونه همه کاراتونو میکنه اینم تو خونتون تلپ باشه هر روز و حتی شبا هم بمونه بخوابه نره خونش.. تو خونتونم هیچ کاری نمیکنه ها.. صفر تا صد کارها رو مادرتون بکنه.. مادرتون هم از شمایی که تازه زایمان کردید و هم از مادرشوهرتون پذیرایی صبحانه و شام و ناهار و تمیزکاریه خونتونو بکنه
شما باشید تو این شرایط چیکار میکنید به همچین مادرشوهری رو میدید؟
شب یلدا هم خودش میدونه استراحت مطلق نوشته دکتر واستون.. شما نتونستید برید خونش شوهرتون تنهایی رفته خونش ازشوهرتون یه ذره شام نفرستاده واستون با اینکه اونیکی عروساشو.. دختراشو اونروز دعوت کرده بوده شام خونش
الانم هر روز تلپه خونتون با ابنکه اصلا نیازی بهش نیس مادرخودتون هست همه کارارو میکنه... اصلا معلوم نیس این اینجا چی میخواد فقط مزاحمه
روز زایمانتونم اومده بیمارستان به خودتون... مادرتون.. پدرتون همش چپ چپ نگاه کرده از اول تا آخرش یجوری که انگار ازمون طلب کاره
الانم که زایمان کردید هر روز یه ساعت میره میاد خونه خودش بعد اینکه از خونه خودش برگشت چپ چپ نگاه میکنه منو مادرمو چون میرع خونش دختراش پرش میکنن امروز انگار اون یه ساعتی که رفته بوده خونش شوهرتونم تو خونش پر کرده انگار معلومه!!!!!",6.53369952611895
thread_6442764_starter,"چن باری تاپیک زدم انگار نه انگار
دوستان من طول سرویکسم ۳۷ بود هفته ۱۸
الان هفته ۲۱  ام
دکتر گفت استراحت لازم ندارم ولی خودم میترسمو استراحتم امروزم یه کاری پیش اومده باید برم شایدم یکم راه رفتم
ولی مبترسم برم 😭😭
ببخشید ولی میترسم دهانه رحمم شل باشه و باز بشه...
چکار کنم اخه
شما چطوری زندگی میکنید؟",5.756634677486968
351717902,"دور از جون
بعضی مردها کلا بد گذرانن . بد میگذرونن زندگیو
نه سفری نه تفریحی نه اخلاقی
عوض هم نمیشن
خودت دست بکار شو برنامه سفر بچین پیک نیک بیرون اگرم نیومد با بچه ت برو با خانوادت . منتظر اون نشین‌
جدا هم بشی عزیزم بازم کللی چالش داری آیا پدری میکنه براب بچه ت ؟ میتونی کلا از بچه دل بکنی بزاریش پیش باباش و جدا شی
پس میبینی همون زندگی خودتو بکنی راحت تری . منتها نه با نقش قربانی . با نقش مسئول . مدیر زندگی تو خودتی
رانندگی بلدی بزن بیرون این ور اون ور
شوهرت نادون و داغونه
تو چرا حس زندگی و تو خودت بکشی !!",1.0942455856950815
294666426,"استیو هارووی رو اگر بشناسید جواب این سوالو داده
گفته نه !! همچین چیزی ممکن نیست ، که یه پسر هیچ فکر دیگه ای تو دوستی درمورد اون دختر نکنه
چند روز پیشم یه سینمایی میدیدم اونم ب همین اشاره داشت ، دختره فکر میکرد فلان پسر یه دوست معمولیه و اصلا به ازدواج و .. فکر نمیکنه باهاش
حتی یه پسر دیگه از همون پسر پرسید واقعا تو هیچ فکر دیگه ای نمیکنی ؟ و اون پسر ترجیح داد از موقعیت فرار کنه جواب سوالو نده",1.0942455856950815
thread_12453565_سمی11_1402/08/27 10:16,خودتم باید به خودت کمک کنی،مطمین باش من گناهم بزرگتر از تو بود ولی بخاطر اون کار خودمو آزار ندادم هیچوقت ،علت سقطم بچه نخواستن خودم و همسرم بود وگرنه خودمو بخاطر اون کار آزار نمیدادم،یه فیلم دیدی و نمی‌دونستی بارداری،بچتم روح نداشت هنوز ،با این افکار و فراموش نکردن اون کار که بیشتر داری بچه تو عذاب میدی,1.8713104343270626
thread_15631677_starter,قرص سایتوتک مصرف کردم دیروز ساعت نزدیک ۴ بعد از ظهر دل درد خیلی شدید از امروز گرفتم هی درد بیشتر میشه غیر قابل تحمله بدون خونریزی هیچ خونریزی ندارم فقط دل درد خیلی شدید دارم دارم از درد میمیرم اونایی که تجربه دارن میشه بگین چقدر طول کشید تا خونریزیتون شروع بشه,6.53369952611895
thread_17987482_starter,هستید ، واقعا راضی بودید از انجامشون؟؟ چه تغییرب کرد ظاهرتون ؟؟,1.0942455856950815
404921472,اگه بی بی چک مثبت شده باید برید آزمایش خون بتا انجام بدین..بعد ازاماده شدن آزمایش و تایید شدن بارداری پیش یه متخصص زنان و زایمان وقت بگیرید تا سونو اولیه برای تشخیص تشکیل ساک حاملگی انجام بده معمولا اولین بار همون تو مطب نگاه میکنن بعدش برات اسیدفولیک و بنابه شرایط ممکنه دارو یا آزمایش خون بنویسه..و سونوگرافی برای تشکیل قلب,1.0942455856950815
363929588,والا مندمیرم روانپزشک دارو مصرف میکردم ولی اللن نصفه نیمه مصرف کردم حالم بشدت بده پانیک هم دارم,5.756634677486968
thread_17857094_starter,"سلام
من ۱۱ هفته باردارم و به دلایلی باید سقط کنم
قرص سایتک خوردم دیروز خونریزی داشتم و یکم درد مثل پریودی و یه لخته خون کوچیک اومد بیرون در حد دو سانت
ولی بعد ۱۲ ساعت دیگه درد نداشتم و الان فقط خونریزی
آیا سقط شده یا نه؟؟؟",4.202504980223006
381978144,"نخور بچه ت قرمز میشه متاسفانه😔
بخور دیگه هوس کردی😐 نمیدونم یه سریا باردار میشن چرا سوالای عجیب غریب میپرسن🤣
یکی اونسری تاپیک زده بود ممکنه ماکارانی خوردم بپیچه دور گردن بچه؟
وای",1.0942455856950815
thread_17991409_starter,تو۱۴هفته شب کیسه آبم داره شد و آب ریخت بیرون رفتم بیمارستان بستری شدم بعد تست مثبت امینوشور مثبت شد و فرستادن سونو آب بچم۷ شده بود😭دکترم سرم و آنتی بیوتیک و شیاف پروژسترون داده و گفت یک هفته استراحت مطلق تا ببینم چی میشه بنظرتون این سوراخ ترمیم میشه بچه میمونه یا ختم بارداری میشم 🫠تورو خدا تجربه ای دارید بگیذ,7.31076437475093
330089907,نه واقعا هیچ راهی نداریم😭,3.425440131591025
thread_16295930_starter,"میخام ازش شکایت کنم
بهم کفت میکشمت در حالی ک من دوسپسر ندازم
فقط همکلاسیم رو تو مسیر اتفاقی دیدم و رسوندمش الان فک میکنه دوسپسرمه
ب همههه خونواده هم گفت و فک میکنن من دوسپسر دارم در حالیکه ندارم
مث ی اشغال باهام برخورد کرد گفته میکشمت ولی نمیتونه چون بخاطر شغلم باید جواب پس بده پنجاه میلیارد جریمه داره اگر من کشته بشم
۲۱ سالمه حتی اگر دوسپسرم هم میبود بهش ربط نداشت
بابام هم طرف‌اونو گرفت از همشون متنفرم
جفتشون خیانتکار عوضی ان قلبمو له کردن
نمیدونم چیکار کنم تو این خونه ت خ می
خواهرم ندارم
داداشم متاهله ب زنش همش خیانت میکنه از همشون بدم میادددددد
کتکم زد عوضی‌اشغال اصن در حد من نیس
الانم کنکور تقلب میکنه همش ولی میخام لوش بدم
شنبه هم میرم حراست میگم ب مرگ تهدیدم کرده تا کلن با دانشگاه های علوم پزشکی خدافظی کنه نمیذارنش دیگ
چیکار کنم",8.087829223382911
329828741,اره خیلی استرس دارم، چندباری هم دیروز زعفرون و تخم شوید خوردم که اولشه هنوز شاید پریود بشم😔,5.756634677486968
thread_17943999_starter,خانوما بنظرتون مشكل از كجاست؟؟ ٥ ماهه سزارين شدم ولى كلاً ٢ بار رابطه داشتيم.شوهرم اصلا پيشنهاد نميده نميدونم چش شده سرد شده نسبت به من.محبت كلامي داره به من و بچه ولي از اون لحاظ هيچ حرفى نميزنه درحاليكه قبلا خيلي گرم بود و مدام درخواست رابطه داشت.منم وقتي بچه رو ميخوابونم و  ميخوام برم سمتش ميبينم خوابه.اعصابم به هم ريخته روانم درگير شده همش ميگم نكنه داره خيانت ميكنه ولى آخه بهش اعتماد كامل دارم و مورد شك برانگزي ازش نديدم.ميره سركار و مستقيم مياد خونه. ديگه نميدونم مشكل كجاست. وقتي ميخوام برم سمتش يا خوابيده يا هم ميگه خسته هستم صبح بايد برم سركار و...,5.756634677486968
337790603,ببین من کلا دیر به کسی انقدر سفت و محکم حق میدم ینی همیشه میگم باید حرف دو طرف رو بشنوم . ولی شما حقیقتا حق داری ‌. خیلی سخته,1.0942455856950815
thread_18143009_starter,سلام .متخصص ایمپلنت دندان که کارش خوب باشه با انصاف باشه توی بهشهر به من معرفی میکنید.ممنون,1.0942455856950815
thread_11050893_starter,"اینجوری نیست که زیاد اومده باشن دلمم میسوزه که تاپیک زدم که از اومدنشون ناراحتم!
ولی خداوکیلی کمرم درد میکنه توانایی مهمون داریو ندارم خانمشم خیلی کمک میکنه و حتی خود همسرم ولی سخته دیگه بی زحمت که نمیشه. شب هم میخوابن خونمون.
خیلی استقبال نکردم وقتی گفت، هم پشیمونم هم واقعا در توانم نیست.😵‍💫😵‍💫😰😰",4.979569828854988
413536103,"سلام
وقت بخیر
خوبین ؟
شما مربی بدنسازی هستین ؟
من بر اثر چاقی و لاغری متاسفانه سینه هام بزرگ و شل و کمی افتاده شدن با بدنسازی میشه سفت و گرد کرد و کمی اوردشون بالا ؟ اگه نمیشه که هیچ ولی اگه میشه طی چه مدت زمانی نتیجه میده و هر روز یا ی روز در میون باید رفت باشگاه ؟
طبیعتا به اندازه عمل لیفت انتظار ندارم ولی خبببب .... 😁😁",1.8713104343270626
thread_14932161_starter,"سلام به همه
مادرشوهرم دو هفتس زونا گرفته نرفتیم خونش
الان دیگه داره سه هفته میشه و احتمالا این هفته بریم خونشون و من خیلی نگرانم
تا حالا ابله مرغون نگرفتم
به نظرتون بعد ۳ هفته هنوز واگیر داره؟خودش میگه زخماش خشک شده و پوسته پوسته
الان من توی ۸ ماهم خیلی میترسم برم و مریض بشم",4.979569828854988
359785490,برگشتم گفتم بهش مگه از نظرت زشت شدم با یه سوختگی گفت نه مس خوشگل شدی💔💔حالا عکسم و بدون فی..لتر و کرم پودر میزارم ببین واقعا زشتم؟🙂,2.648375282959044
268738659,"من همه جور غذایی میخوردم.ممنوعیت نداشتم. استراحت مطلق نبودم. هم سرکار میرفتم هم دانشگاه، سفر زیاد میرفتم. منظورم اینه که تحرکم خیلی زیاد بود.  خیلی میوه میخوردم،ویارم میوه بود، انار مخصوصا. پرتقال ،نارنگی. ولی انار خیلی زیاد..  سبزیجات خیلی زیاد میخوردم.
و مغزیجات خیلی دوست داشتم.مغزیجات و آجیل هرروز میخوردم، البته شور نبودن، آجیل خام.  و به خاطر این که بچه هام زردی نگیرن چون گرمی زیاد میخوردم، هرشب یه لیوان عرق کاسنی میخوردم.
شیر اصلا دوست نداشتم، ولی همسرم شیر محلی می‌گرفت هر روز تازه، یه لیوان صبحانه،یه لیوان عصرونه به زور به خوردم میداد. به خاطر کلسیم بدنم..  چون من حساسیت دارم به دارو. زمان بارداری هر نوع دارو و مکمل بارداری که میخوردم،معذرت میخوام فورا بالا می‌آوردم..",1.8713104343270626
320312812,"من عزیزم
بتا اصلا نرمال نیست پایینه کم رشد می‌کنه درد های شدید و غیر قابل تحمل یک طرفه لکه بینی تیر کشیدن شانه
کلا حاملگی طبیعی نیست
سن حاملگی تقریباً شش هفته بود سونو هم داخلی و داپلر بود",1.8713104343270626
thread_14511884_starter,"من واقعا ۴۸ ساعته نخوابیدم نه که کار داشته باشما نمیتونم بخوابم
یه شب قبلش بخاطر یه موضوعی ناراحت بودم تا خودصبح نخوابیدم‌
بعد اونم نمیتونم بخوابم البته جوری شدم که میترسم با کوچک ترین صدا بیدار میشم
از بس تو این مدت عموهای معتادم دعوا و داد بزن و کتک داشتن هر ثانیه با حرف زدن معمولی هم تپش قلب میگیرم
کاش خوابم ببره
امروز همه بهم گفتن صورتت خیلی باد کرده کبود شدی
قرص خواب و ترامبخش هم مداریم
صبح ساعت ۸ هم باید برم مدرسه(معلمم)",8.087829223382911
351662776,من مودم مخابرات دارم چندجا هم جابه جا شدم با خودم بردمش فقط خط خونه باید وصل باشه,1.0942455856950815
330563917,زود رفتی عزیزم مبادا ببری بندازید.تا هفته نهم قلب بچه تشکیل میشه بوده کسایی که قلب جنین دیررشدکرده,1.0942455856950815
thread_16112035_starter,"سلام هفته 24بارداری هستم
همش دیروز تا حالا لباس زیرم خیس میشه درد ندارم ولی حرکت بچه کم شده تکون میخوره ولی کم و اروم
وقتی راه میرم بیشتر میشه نمی‌دونم ترشح هست یا کیسه آبه
اگه کسی تجربه داره ممنون میشم راهنمایی کنه😔",4.202504980223006
thread_15253545_starter,"رفتم آزمایش   (آزمایش چکاب بارداری  ده هفته ام)
جوابش از سایت آزمایشگاه گرفتم
من سر درنمیارم
انگار کم کاری تئرویید گرفتم
زدم گوگل نوشت تو رشد ذهنی و حرکتی بچه تاثیر می ذاره
من تازه سه ماه عروسی گرفتم
زود باردار شدم
بدون اقدام
خیلی استرس دارم  زیاد سر درنمیارم 😭😭🥺🥺",6.53369952611895
thread_17533405_starter,خواهش میکنم دکتر بارداری پرخطر پریناتالوژیست خیلی خوب تو تهران بهم معرفی کنید؟؟؟ هم سواد خوبی داشته باشه هم با اخلاق و با دقت ، خواهش میکنم,3.425440131591025
thread_15660047_starter,"ی کمدی رختخوابا هست ک‌راحت ۲ساله دست بهشون نزدم پارسال باردار بودم امسال دیگ‌میخوام‌بریزمشون تمیز‌کنم
انقدر حجمشون‌زیاد و‌سنگین نمیدونم باید چیکارشون کنم
از طرف هم کمدیش طوری کوچیک ک مبتونم‌بریزم‌بیرون‌ ولی دیگ‌بعید میدونم‌بتونم‌حا بدمشون
بعد‌کمدی باید تخت‌خواب باز کنم‌کمد لباساهم‌همینطور‌ک‌کوکتش در بیارم
انقد این کار سخته براما
ولی دیگ‌غثل‌مذحله اخر باید انجام‌ بشه",4.979569828854988
410254833,اره عزیز داره...منم باردارم پنهان کردم چون اعصابم ب حرفاشون نمیکشه ..بفهمن بارداری بیشتر اذیت میکنن و بحث جنسیت اینام نگم ...هرچه نفهمن ب نفع اون بچه تو شکمه کمتر بهش استرس و فشار وارد میشه,4.979569828854988
thread_13152150_starter,بینی خیلی میگیره و‌پر میشه راه نفس گرفته میشه هیچ علئم دیگ هم‌نداره شمام اینجوری شدین چیکار کنم بتونم از بینی نفس بکشم خسته شدم,3.425440131591025
334132794,"اهان فكر كردم از اول مثل من پايين بود
زياد فعاليت داشتي؟؟اخه برا چي اينهمه زود و يهوييي افت كرد",2.648375282959044
thread_8668375_starter,من ۲۴ این ماه سونو ان تی دادم نرمال بود بخاطر یه سری مشکلات که تو تاپیک های قبلمم هست قرار بود بچه رو سقط کنم شوهرم اجازه نداد منم دیگه بخاطر اینکه قرار بود سقط کنم نرفتم آزمایش بدم الان مثل چی پشیمونم و استرس دارم فردا برم آزمایش بدم دیره؟ یعنی بین سونو و آزمایش چهار روز فاصله افتاده الان ۱۳ هفته و یک روزمه، میگن تا آخر ۱۳ هفته وقت هست اما باید سونو رو دوباره تکرار کنم؟,6.53369952611895
thread_7186473_starter,"سلام دوستان اخرین پریودم 7مرداد بود
سیکلم 34.36 روز هست،نامنظم
اقدام داشتم
یه هفته پیش ازمایش بتا هم دادم اما 1.8 بود
دست میزنم زیر دلم درد میگیره
احتمال بارداری هست؟
خیلی دلپیچه دارم این روزا مدام درد زیردل دارم مثل درد پریودی اما هیچی نمیاد
ترشح شیری رنگ دارم گاهی وقت
تکلیف چیه؟!",4.202504980223006
thread_11093436_starter,"خانومای با تجربه
اگه برگردین به زمان بارداری ، تا اومدن بچه و بعد اون ،
چه کارایی انجام میدین؟
و چه کارایی رو نمیکنین؟؟؟
من تازه فهمیدم باردارم ، از تجربیاتشون استفاده کنم😁💕",1.0942455856950815
353222990,سلام عزیزم...اصلا سخت نبود خیلی ساده ترازاونچه بودکه فکرشومیکردم...ای کاش نترسیده بودم همون دوسه سالگی برده بودم ...اصلانگران نباشیداصلا دردنداره فقط مراقبت بعدش مهمه که بپربپرنکنه تاشش ماه کسی توسینه اش ضربه نزنه وسرمانخوره...انشالاه خیره برای شماهم خوب پیش میره,1.0942455856950815
thread_18118972_starter,سلام خانوما کی می تونه جنسیت بچمو تشخیص بده،،، ممنون میشم نظرتونو بگین,1.0942455856950815
413765365,خونه ي مجردي داشتن چه واسه پسرو چه دختر خوبه و احساس مسئوليت رو بالا ميبره. ولي اگه رابطه داشته بوده باشه چي؟! خداي نكرده hpv ميدن به دختراي معصوم از همه جا بي خبر! Hpv واسه خانوما سرطان ايجاد ميكنه.,1.8713104343270626
400532271,منم‌ ۹ هفته بود با شوهرم دعوام شد از ته دلم گریه کردم ایست قلبی کرد 🥲,5.756634677486968
410864402,"من مامانم سر داداشم ک حامله بود همین حرفو گفتن
مامانم صبح تا شب گریه میکرد
ولی تو غربالگری مشخص شد ک بچه سالمه
الان ی داداش خوشگل ناز دارم ک ۵ سالشه
اصلا نگران نباش",1.0942455856950815
280092741,"نمیده روغن
میگه با همینا سر کن
بعد برو درست کن
واقعا اذیتم دیگه خسته شدم
بادوم خریده شوهرم اصلا نتونستم بخورم 😭😭",4.979569828854988
thread_13154191_starter,از اونجایی که شبیه رمان هاست به پیشنهاد چنتا از دوستام میخام بنویسمش حمایت میکنید؟,1.0942455856950815
409749472,بهترین کارو کردی منم میخاستم بخرم خانوادم قبول نکردن حتی با التماس یه مقدار پول واریز کردیم حسابشون که اونم کلی التماس کردم تا پس نفرستن و کمکی کرده باشیم,2.648375282959044
335014043,"من گرفتگی شدید کمر داشتم.
فکنم سیاتیک بود.
یکی دو هفته قدم از قدم‌ نمیتونستم بردارم.
ولی شکمم درد نمیکرد.
برو‌دکتر معاینه کن.
انشاا...چیزی نیست.استرس نداشته باشه.که بدتر میشه",1.8713104343270626
