unique_post_id,content,stress,prescreen_score,prescreen_class_name
thread_15925701_starter,خانما یکی دو هفته بود چند روز یکبار نبض زیر شکم یا بالای نافم حس میکردم فکر میکنم بچه بود الان نیست باید نگران باشم ؟,2,4.211762622362585,High
359196232,"من هقته ۱۹ سرکلاژ کردم عزیزم ولی تا ۴۰ هفته دخترمو نگه داشتم. نترس دکتر راست میگه.
عمل ساده و سریعی هست بیهوشی داره
اصل کار استراحت و مراقبت بعد از عمله",1,3.205326262708695,Moderate
352137919,"من ده ساله ش‌هر دارم دومی هم حامله م
برگردم عقب‌بازم زا همین شخص ازدواج میکنم
مشکلاتی هست نمیگم نیس بالا پایین خیلیی دازه ولی خانوم خونه خودتی مادر بچه های خودتی
از لحاظ جنسی فقط با یک نفری و اونم فقط‌با شماس و سالمه
ولی تا کی مجردی؟به هر موفقیتی هم برسی آخرش خونواده خودش میخواد ادم
درسم ت شدرفتم سر کار ازدولج کردم",2,4.21241663204637,High
341449790,صددرصد کورتاژ راحتتره کمتر درد میکشی من تجربشو دارم بارداریم پوچ بود تو خونه سقط کردم چند روز درد کشیدم,2,3.195844526951795,Low
thread_14183128_starter,من تا الان ۱۳ کیلو اضافه کردم از ۶۸ شدم ۸۱ هفته بعد میخام برم دکتر میترسم کلی میخاد دعوام کنه حتما ک چرا اینقدر اضافه شدی چیکار کنم 🥲🥲💔بچها استرس میگیرم وقتی میرم رو ترازو از امروز هیچی نخورم یک هفته ینی بیشتر نمیشم,6,5.973675837330838,Very High
thread_11293496_جمره۲۲_1402/03/20 16:06,واقعا نه من هنوز آمادگی ندارم از زایمانم خیلی میترسم سزارین میخوام بشم یه موقع دل دردم شدید نشه ببرن طبیعی من سکته میکنم😂😂😂,4,3.204508084192639,Moderate
406156014,ببین من کلا فاز خانمهای جوان را نمیدونم چرا دنبال روشهایی میگردن خودشون را عیب دار کنن،قرص، آمپول،آی یو دی،که چی همسراشون منی بریزن تو واژن،بابا برا خودتون ارزش قایل بشین یه بسته کاندوم بخرین2،3ماهی راحت استفاده کنین،من خودم تو اقدام فقط اجازه ورود منی به داخل واژن را دادم، به اصرار همسرم2ماهی قرص خوردم هم خودم معذب بودم هم شوهرم نپسندید بازم رفتیم سراغ  کاندوم,2,4.192267576649101,Moderate
thread_17659719_starter,داروها همون همیشگی بودن . بعدش نمک خوردم خرما خوردم عسل حین دارو امروز استثنا خوردم . ولی هم چنان سر مال خودم نی انگار . گیج میزنم و سنگین شده فشارم خیلی افتاده,4,4.223864239182149,High
341539949,مثلن چی خوردی عزیزم؟ مگه سونووپیش دکتربرای مراقبت بارداری نرفتی وگفتن چیزی نیس منم نمیدونسم اول نگران بودم رفتم دکترگف چچیزی نیس داروهات مال سرماخوردگی وامپول وسرم بودن  . نگران نباش جانم,2,3.192997867732629,Low
thread_14374371_starter,"دوستان دوسال پیش رفتم خونه پدرم اینقدر اذیتم کردن خواهرم باهام حرف نمیزد پدرم باهام حرف نمیزد بلایی سرم اوردن ک ۲ ساله خونشون نرفتم تاپیکامو اگه بخونید میفهمید چطور حانواده ای دارم.
اونا سالی ۴ یا ۵ بار میان بابام حتی داخل خونه خودمم دعوام میکنه.
دوهفته پیش شوهرم کتکم زد پرده گوشم پاره شد و دوتا از دنده هام شکست من اصلا جریانو ب پدرم نگفتم بستری بودم پرسید چته گفتم سرم درد میکرده. الان عمم فوت شده و خانوادم از راه دور اومدن اینجا فاتحه خونی عمم راستش منم اینجا خانواده شوهرم تیکه میندازن همش میگن تو دوساله خونه بابات نرفتی اونا همش میان خونت.
از عید این سومین باره ک میان. خانوادم از فاتحه خونی برگشتن خونه ما پسرم منو هول داد یهو بابام برگشت گفت آینده پسرت معتاد میشه ادبت اشتباه بوده.
منم گفتم تو ب تربیت بچه من کاری نداشته باش برو خواهرمو ادب کن ۱۵ روز مجردی میره شمال تنهایی.
یهو خواهرم کلی بتوچه بتوچه بمن کرد.
بابامم بمن گفت پس توخوبی دوسپسراتو میاوردی خونه ؟
ب پهلوی شکسته حضرت زهرا من اینکاره نبودم بهم تهمت زد.
منم گفتم اومدید فاتحه خونی  پاشید برید همونجا  کی گفته خونه من بیایید اونام رفتن الان داغونم",9,5.995332486684674,Very High
thread_14495712_starter,داداشم ۱۰ سالشه ۲ روز موند خونمون برای اولین بار کسی خونمون مونده بود شوهرم یه کلمه حرف نمیزد همش اخم میکرد انواع فوش ها رو بهم میداد پیش اون دعوام میکرد ازاین عمدتا نداره امروز اوردیمش حالم بده از شوهرم متنفرم  طفلی دادشم از ترس‌ دستش تو سفره نمی‌رفت میگف سیرم بگین چه رفتاری آنجا م بدم,6,5.900808574544499,Very High
339096124,"یبار با یه ژیلت یبار مصرف برند متفاوت شیو کردم از اون موفع بدبخت شدم
به مدت خوب بود دوباره شروع شد",2,3.199214104119164,Low
413965477,"بنظرم بیشتر به رفتار و عملش دقت کن تا گفته هاش چون گاهی این جور حرفا فقط بازی لب هاشونه و هیچ محتوا و منظوری پشتش نیست....
اما خود ما خانم ها وقتی بگیم برام عزیزی یعنی برام قابل احترام هستی و آدم خوب میبینیمت",1,3.188977042911574,Low
thread_18041515_starter,"کسی از نقشه کشی سردرمیاره بهم ایده بده؟
یه زمین داریم که ۱۱۰متر زیر بناش و بَر ۱۴متری داره و عمق تقریبا۱۳...
نمیدونم حیاط بغل درست کنیم یا پیلوت بدیم زیر خونه...
نور خونه خیلی کم میشه🥲",2,4.209951456534327,High
thread_17979520_starter,دلم نمیخاد طلاق بگیرم بدترین چیز دنیا اینه شوهرتو زندگیتو بخای شوهرت نخادت کسی که عاشقت بوده کلی خاطرات مسخره بازی عروسیپون چیکار کنم دارم دق میکنم مقصر همه چی منم شوهرم خیلی دوسم داشت آدم خیلی خوبی بود انقد بی محلی کردم بد دهنی کردم حرفای زشت زدم محبت نکردم آشپزی نکردم خیلی کارای بدی کردم ازم زده شد ۶ ماهه خونه پدرمم دارم التماس میکنم خودمو انداختم زمین پشیمونم میخام درست کنیم نمیخاد انداختم زمین پدر مادرمو خودمو پاشدم بعد ۶ ماه خودم رفتم خونم شهر دیگه گفت شب نیستم میبرمت فردا میام دنبالت قسم خورد منم باور کردم اومدم نیومد خستم خب قتل که نکردم پشیمونم بچگی کردم دوسش دارم مامانم اینا پاشدن دیروز رفتن پول دادن وکیل مهریه کارا رو کنه من نمیخام ۶ ماهه نزاشتم برن دیگه رفتن دیروز نتونستم جلوشونو بگیرم💔,7,6.058003127083794,Very High
408554508,آها من هفته هفتم میرم ششم تموم شد امروز معده خالی میشه کمی تهوع میگیره میگم چرا مثل بقیه نیستم فقط دلم هیچی نمیخاد,2,3.201836491412905,Moderate
thread_13119720_starter,سلام، خانها راه حلی برای کاهش و رفع بی‌حالی‌های اوایل بارداری وجود داره؟ یودوفولیک، پرگناکیر، کندور و یا چی ؟ همش خوابم میاد و بی حالم.,2,4.195979456009809,Moderate
411893671,واقعا نمیدونم من مشکلم خیلی حاده دو بار رفتم قرص گرفتم شوهرم اجازه نداد بخورم میگه باید با روانشناس حل بشه نه روانپزشک,5,3.191934775808477,Low
thread_14568401_starter,"من الان ۹ هفته هستم
تقریبا ۱۰ روزه گاهی لکه بینی و گاهی خونریزی دارم در حدی که باید حتما نوار بهداشتی بذارم
سونو گرافی هم رفتم دو بار تو این ۱۰ روز گفتن مشکلی نیست
با اینکه شیاف پروژسترون هم روزی ۲ بار میذارم چرا خونریزیم قطع نمیشه؟",4,6.044340886786813,Very High
thread_17986541_starter,"سلام من یک سال و نیمه که ازدواج کردم شوهرم اوایل خیلی خسیس بود و دست بزن داشت تابستون 2ماه و خورده ای خونه بابام بودم دیگ میخواستم جدابشم اومد التماس و که تغییر کردم و فلان الان ۶ماهه که برگشتم خداییش خیلی تغییر کرده خسیس بازی درنمیاره دعواهامپن از هروز رسیده به ماهی یکبار اونم تو دوران pms من که حوصلم کمه شوهرمم کاسبه درامد مغازمونم کمه ینی درامدی نداریم و فشار زیاد روشه بجای اینکه درکم کنه تو این تایم بیشتر میره رومخم و دعوا میکنه دوباره کتک میزنه ولی نه بشدت قبل
قبلا کتک میزد بیرونمم میکرد اگرم نمیرفتم باهام یکماه قهر میموند اما الان این اخلاقشو کنار گذاشته دیگ قهر نمیکنه دعوام میگنه خودش میاد اشتی و منت کشی ولی همش بهم توی دعوا فوشای بد میده خیلی حرفای بد میزنه ک همش تو ذهنم مرور میشه هرچقدرم باارامش چندبن بار بش گفتم اینکارو نکن گفته چشم بعد حین دعوا یادش میره الانم میخواستم نگا فیلم کنم گفتم کنترل روبدع من نگا کنم گفتش نه من دارم فیلم میبینم از اونجاییم که من از فیلم جنگی بدم میاد گفتم خب باشه میرم تو اتاق باگوشی میبینم بعد باعصبانیت میگ ک میمیری فردا تکرارشوببینی حالم خیلی بده همش تحقیزم میکنه یکم سیاست بمن یاد بدین چند شبع خیلی ازش سرد شدم",7,5.985078597819665,Very High
375660979,خیرنبینن من زدم هیچی نداد گفت باید پنج نفر بیاری,1,3.199356616063405,Low
412846864,"درک نمیکنم خانوم هایی ک میرن سرکار و از خونه زندگی و شوهر میزنن و یه هزاری هم کمک نمیکنن و از شوهر پول هم میگیرن
پس براچی ازدواج کردید
زندگی مشترک اسمش روشه",2,3.194942285153957,Low
296975563,بسلامتی، شب ها راحت میخوابی؟ من همش کلافه ام، شب سه چهاربار پا میشم، لباسمو در میارم دستشویی میرم…,4,3.201939081682212,Moderate
324240499,بله مصرف کردم حدود شش ماه و خود دکترم قطع کرد باید سبک زندگیتو تغییر بدی مثلا نباید بعد یازده شب بیدار بمونی  خودت باید حواستو ندی به گذشته و تنفس دیافراگمی روزی بیست دقیقه داشته باشی ویتامین اینا بخور چون قرص اعصاب عوارض داره و خود دکترت اگه خوب باشه باید بهت ویتامین بنوسیه جلو عوارض قرصا رو بگیره اتفاقا من اگه بگن چند سال واقعا زندگی کزدی همون شش ماهی بود که قرص میخوردم بشدت پر انرژی بودم,2,4.222807395310156,High
404072212,ای خدا بارداری چقدر دنگ و فنگ و استرس داره,5,3.207179172737405,Moderate
thread_16557934_starter,"همش درد پریودی داشتم الان دیگه ندارم.
قبلا خم میشدم کمردرد میگرفتم
اصلا احساس می کنم پرانرژی شدم 😥
ولی هنوز سینه هام درد می کنه لکه بینی هم ندارم
خیلی ترسیدم
روزهای پر استرسی سر کار داشتم.
دور از جون علائم سقط هست؟
نوبت دکترم فرداست! کسی اطلاعات داره؟",5,6.105452124495059,Very High
thread_12381492_starter,زندگیم تازه از یه بحران وحشتناک دراومده و حال منو شوهرم اصلا خوب نیس ولی من هی تراپی رفتم و بفکر خودم سعی کردم با سیاست باشم و زندگیمو جمع کنم شوهرم خیییلیی حسااسه و مشکلات زیادی داره ینی زندگی مشترکمون ب نابودی داشت میرفت بعد شوهرم راضی ب تراپی اومدن نبود و انگار من یه تنه داشتم تلاش میکردم ک خوبم نتیجه گرفته بودم همه چی داشت خوب پیش میرفت اون هرچی بد بود من خوب رفتار میکردم انقد تحمل کردم و خودداری کردم دم نزدم تا وقتی مادر شوهرم ی حرکتی کرد ک خیلییییی عصبانی شدم و انگار عین بمب منفجر شدم سر شوهرم بدو بیراه گفتم حرفاییی ک اصلا نبایدو زدم و شوهرم باز شد عین قدیم تلخ عصبی کم حرف سرد خسته شدم بخدا دیگه انگار حال ندارم مث قبل همش ادای حال خوبا رو دربیارم و هیچی ب روش نیارم چیکار کنم الانم با اشک می‌نویسم😭,7,6.002928442452685,Very High
409590379,عزیزم اینطور موردی دیدم طرف جدا شده ب همین دلیل شما بعد چن سال بعد اون قضیه هم ازدواج واسش اتفاق نیفتاده فقط خودشو از چشم اون پسر انداخته ک حتی اونم دیگ نرفت خاستگاریش,1,3.205752450641739,Moderate
412147954,"چیکار کردی به این زودی ترکوندیش😂😂😂😂
با عرض معذرت ...... کرده اگه کاری هس خودش بره دمو دستگاش برداره مگه الکیه
چه بدم میاد پرررو پرررو میگن ببند بکن بریز دور",3,3.194751895094669,Low
413963266,"من الان متاهل هستم ولی تنها.
دوست دارم وقتی جدا شدم دیگه تا آخر عمر تنها باشم. کلاس زده شدم از این چیزا.
چند تا دوست، خواهرام، بچه و حیوون خونگی برام کافیه.",3,3.205940929177814,Moderate
401341224,"نه فعلا دارو نداده بهم
آز گلوکز ندادم هنوز
شما قند داشتین ؟
خوشم نمیاد استرس اضافه میدن ب خانوما باردار",3,3.203061356169201,Moderate
thread_8704641_دخترباهوش2000_1401/03/02 09:36,یا امام رضا دو بار اومدم دو فاصله چهار ماه چرا عشقمو ندادی بهم؟چرا دوستم نداره؟😭😭😭,3,4.206098041147925,High
thread_6622308_منتظر_نی_نی۱۳۷۸_1400/03/16 15:15,"ان شاءالله
ولی فردا حتما میرم
هفته چندم تعیین جنسیت میشه؟؟؟؟",1,3.18712553331352,Low
thread_8548681_starter,"اعتیاد پیدا کرده چکار میکنید؟؟
کسی که فکرشم نمیکردید اصلا شوکه بشید ندونید چکار کنید دلتون بخواد بمیرید
یعنی یه زندگی آروم و عاشقانه داشته باشید بعد اینجوری شه 😔😔😔
چکار میکردید ؟؟
هرچی میگم قبول نمیکنه که اعتیاد داره ولی من پیام دوستشو دیدم که گفت سیگاری من جا مونده تو ماشینت حواست باشه",6,6.088897206442198,Very High
331602745,"منم بدون دارو داشتم توی تخمدان چپ بود تخمدان راست کیست داشتم
یه سوال تخمدانی که کیست داره نمیتونه تخمک ازاد کنه؟
البته کیست ساده بود",2,3.19489414038253,Low
thread_8147070_asalbanoosham_1400/11/25 13:28,من ۲۲ هفته حس کردم بچم هم توی سونوگرافی درشت بود,1,3.200400972067655,Moderate
383196685,"میدونی دوتا زایمان دیگم همه چی روبراه بود شکر خدا
این فسقلی 😍ناخواسته بود و پسرم الان 15 ماهشه و شوهرم میگفت سقط کن
من گفتم نه
حالا امروز دکتر سونوگرافی خیلی منو ترسوند،اگه جوری بشه تا مدتها باید نیش و کنایه گوش کنم😞خدا به خیر بگذرونه",3,4.225377043228946,High
thread_11457979_tamin1828_1402/04/11 10:55,"منم تا ۱۲ هفته همینجوری بودم.
به زور میرفتم سرکار و میومدم خونه بعدش همش خواااااب بودم.
بعد از ۱۲ هفته یهو انرژیم برگشت",2,3.194325177013525,Low
276974454,"همین راهو ادامه بده
و فقط از خانوادت فاصله بگیر
و تو بحثا و دعاهاتون شرکت نکن
اینطوری اعصابت راحت تره",1,3.194737972480652,Low
thread_11092987_starter,"سلام عزیزان خوبید؟ توصیه هاتون برای هفته هفتم بارداری چیه؟
کی باید برم سونوی قلب؟
خطر سقط خدایی نکرده کی رفع میشه؟",3,4.193506200848788,Moderate
382609083,کمردردی ک همراه درد پریودی باشه و با استراحت خوب نشه باید پیگیری بشه,1,3.196892380557792,Low
thread_18094265_starter,"١٢ هفته و ٦ روز بودم
اگر كسي بلده لطفا جنسيت رو بگه",1,3.198991371893328,Low
thread_18144589_starter,کسی میدونه برا csc حتما باید مدرک لیسانس رو آزاد کرد؟برا مهندسی دانشگاه دولتی,1,3.193241289980506,Low
thread_11509499_starter,خودتون زن داداشتون حامله بشه تا ۶ ماه نگه ناراحت نمیشین,2,3.187342555074792,Low
344961360,"در مورد دختر پسری چیزی نمیگم چون نظرم با شما کاملا مخالفه
سخت گفتی و تموم؟
پدرم داره در میاد
بچم انقد لجباز و شیطون هم هست که نگو ..فک کن در همین حین هم از پوشک گرفتمش..که هنوز هم کامل موفق نشدم
چهار پنج بار سخت مریض شد حتی الآنم مریضه..بد دارو.اصلا به هیچ روشی دارو نمیخوره بزور تو حلقش بریزیم بالا میاره  ...بعد من اصلا اهل ویار و اینا نبودم ...ویار کردم حالم از دستپخت خودم به هم میخورد ..هرچی میپختم یه قاشق دهنم میذاشتم حالم خراب میشد ...الان در وسط بازار شام زندگی میکنم انقد خونه زندگی شلوغه ....
دیگه با همه این شرایط ایشالا اول شهریور بدنیا میاد و بعدش میرم آیودی می‌ذارم و بچه تعطیل دیگه",6,4.203067408818242,High
thread_10302290_starter,۷ هفته باردارم ویارم به شوهرمه دلم میسوزه براش حتی بوسم میکنه ب شکمم دست میزنه میخوام همونجا بالا بیارم,1,4.201887966002232,High
thread_11200287_starter,"22 سالمه دو تا زایمان داشتم خیلی شکم و پهلو آوردم ، وزنمم ورفته رو 74
کلی اضافه وزن دارم ، با سویق لاغری نتیجه ای نگرفتم ، شما راهکار مطمئن ب جز باشگاه سراغ دارید ؟؟
تو رو خدا بگید
قدم ۱۶۳
وزن ۷۴ 😔😔😔",4,5.9501413404505,Very High
255812776,"سونو ان تی بیشتر مایع پشت گردن و تیغه بینی چک میشه
اما سونو انومالی بند به بند انگشتا و دانه به دانه اعضای داخلی مثل قلب و معده و مغز و مثانه کامل چک میشه
جفتش ضروری",1,3.199802350414757,Low
thread_14965665_starter,من دو هفته پیش سونو دادم 5 هفته و دو روز بودم کیسه زرده و ساک هم بود 2 هفته زمان دادن برای قلب جنین و جنین شنبه نوبت داشتم برم برای قلبش سونو بگیرم امروز یهو بعداز جارو برقی زدن حس کردم ترشح دارم رفتم سرویس دیدم شورتم خونی شده  رنگ قرمز بود خیلی ترسیدم رفتم بیمارستان گفتن باید سونو بگیری بیرون هم همی جا تعطیل بود امروز تا شنبه گفت برو خونه استراحت کن اگه لخته با خونریزی شدید داری بیا بیمارستان من خودم شیاف خریدم یدونه مقعدی زدم یکم شکمم درد میکنه و همچنان لکه بینی دارم الان چیکار کنم,6,5.99095277635206,Very High
thread_17840595_starter,چون توش بهرام افشاری میاد و دوباره اون کاربری که اسمشم یادم نیست بنده خدا بهرام افشاری رو خیلی دوست داشت همش دربارش تاپیک میزد دوباره میبینتش یادش میوفته دوباره کل سایت میشه بهرام افشاری و تاپیک هاش😂🤦🏻♀️,1,4.203946182952222,High
353431392,من ۱۱ هفته. من همسرم بیدارم می کنه قرصم رو می ده. من می خوابم. همسرم صبحانه حاضر می کنه منو بیدار می کنه. برای همین تهوع ندارم. اما آسپرین می خورم اونم شب یک ساعت حدودا قبل شام تهوع دارم.,1,4.195810975899804,Moderate
thread_18139240_starter,"میخواستم برم حموم خواستم به شوهرم خبر بدم زنگ زد نگران نشه جواب ندادم
پبام دوست دانشگاهم و شوهرم کنارهم بود به دوستم پیام دادم اشتباهی 🤦🏼♀️😂نوشتم عشقم من میرم حمومم
اونم فکر کرده بود ک منظورم این سر کلاس انلاین حواست بهم باشه و نکته ها رو به منم بگو
نوشته باشه تو برو من حواسم هست😂😂اونقدرا هم باهم راحت نیستیم اخه😂😂بعد دیگ گفتم اشتباهی پیام دادم اونم کلی خندید
حالا نگه دختره گیجه🥲😂 ابروم رفت",3,4.22377668952322,High
345878535,"من موضوع رو بزرگ نکردم اصلا این موضوع برای من مهم نیست
اما رفتارشون اصلا خوب نبود
من با ارامش جواب دادم ولی اخزشم اشکم دراومد باورت میشه؟
انقدر به من تیکه انداخت
که تو مثلا با این دوست بودی و حتما بقیه رو مجبور کردی ازدواج کنی",4,3.196692810624881,Low
thread_16455691_starter,"مامانم شیش ماهشه و دهانه رحمتش یخرده پاره شده احتمال سقط بجه ها هست دکتر بهش گفته نباید تکون بخوری چون خیلی خطرناکه بعد حداقل باید تا ۷ ماه نگه داره ولی بازم خطرناکه چون دوقلو ان الان قراره برن اهواز  نمیدونم جی بزارن از اهواز تا آبادان دو ساعت راهه
از دیشب تا حالا دارم قرآن میخونم
هر چند من هیچ نگرانی ندارم چون این اولین بار یه که به امام حسین رو زدم و مطمئنم روسیاهم نمیکنه خدا هم هست
دیشب که با گریه التماس خدا و امام حسین کردم اصن الان یه آرامش عجیبی دارم ولی مامانم خیلی نگرانه
چه سوره ایی برای سلامتی مامانم و بچه ها بخونم",5,5.947645002692298,Very High
407977929,امروز ک حتما باید سونو انجام بدم واقعا دو هفتس خواب و خوراک ندارم یعنی ممکنه دو هفته دیگه فرصت بدن بهم اگ تشکیل نشده بود؟,6,3.197427142058586,Low
thread_15342149_starter,"از ۴ هفتگی همش حالت تهوع و استفراغ
هیچی نمی تونم بخورم
قرص ب ۶ ام خوبم نمیکنه
فقط دو روز قرص ضد تهوع ماشین زدگی خوردم
اونم دو روز  اثر کرد
همه می گن قرصا ضرر دارن
دکترم گفت بود
ولی منم نمی تونم چیزی بخورم
بچه ام ضعیف میشه
خودمم نابود شدم
۱۳ هفتمه
از کی قرص بخورم 😭🥺",7,6.107321764611697,Very High
thread_15506959_starter,"لطفاً یکی راهنمایی ام کنه
19 روز بعد از تخمک گذاری بتام 55 بود امروز",2,3.207176300596984,Moderate
404521893,اوه تا دلت بخواد دیدم...زن عموی خودم ۳۸ سالگی بچه دار شد...اطرافم تا ۴۳ سالگی بچه آوردن...جدیداً یکی از فامیلا ۵۵ سالگی بچه دار شد.,1,3.200334664614275,Moderate
thread_14708515_starter,"دلم گرفته
کنکور دارم بابام مارو ول کرده رفته داداشمم ی عوضیه هفت خط قبلا دلم ب مادرم خوش بود الان اونم ذره ای اهمیت نمیده بهم
از صبح فقط ی لقمه نون و پنیر خوردم حالم داره از گرینگی بهم میخوره بهش هم چیزی بگی حتی جوابتو نمیده هیچ غذایی درست نمیکنه اگر هم بکنه انقدر از سر باز میکنه ک حالت بهم میخوره
هیچکاری نمیتونم بکنم حتی گریههه چون سردرد میشم بعدش نمیتونم درس بخونم خیلی خیلی تنهاممم اوج تفریحم اینه اخر شباک درسم تموم شد بغضنو بشکنم گریه کنم بلکه اروم بشم
لطفا شما با بچه هاتون اینجوری تا نکنید اونا هیچکس ندارن جز شنا ....
ی بار هپ بهم گف من مرده زنده هیچکس برام دیگ مهم نیس خیلی جدی بود توی درد دل داشت میگف",6,6.030098660853128,Very High
331432035,با ان تی نمیشه صبرکن ۴ ماهه که شد برو دقیقشو بهت میگن .البته علائم بارداری هم مشخص میکنه,1,3.203026604329352,Moderate
342272426,اره جدا هستن ناهمسانن از شما چی جدا هستن یا نه؟,1,3.187521402867787,Low
383263226,جدا؟میتونم بپرسم چطوری بود شرایطتون؟تاچندماهی اینطوری بودین؟من چون بچه اولمه تجربه ای ندارم همش نگرانم و استرس میگیرم,4,3.189448242323124,Low
thread_14391419_mahshar666_1403/06/09 03:30,نه اتفاقا توی خانواده و فامیلمون هیچکدوم فراموشی نداشتن پیگیری کردم بابت این،ولی با مورد اول حرفت موافقم اره خودمو خیلی درگیر اونا کردم درصورتی که اونا اصلا براشون مهم نیست نبایدم باشه ،بازم ممنونم دوست من😘😘,2,4.198820344670821,Moderate
thread_18141430_starter,"سوال دارم
سلام خوشگلا
میخوام برم کلاس زبان
دلم نمیخواد مختلط باشه احساس راحتی نمیکنم
واس شما چجوری بود؟
نی نی یار تورو خدا تایید کن لطفاااا",1,3.19548212769223,Low
381927186,"من برای خود هیپوموتیزم سعی کردم بدنم خواب کنم
اما نمیتونم
حالت خلسه وارد بشم",2,3.199216385362888,Low
413968293,"نه نمیرم😂
یکی دوبار رفتم یک طرفش کامل کوهه یک طرف هم مسکن مهره و پر خونه اینقدر ساختمون اونجاست ادم قاطی میکنه
میگم با گوشیم فیلم بگیرم بعدا پلی کنم تا یادم نره 😂",2,3.205408569710926,Moderate
410104694,درد هم دارین انسداد روده مشکل باروری؟,2,3.206217086297329,Moderate
378330536,دو هفته ای ی بار میتونم بیام چون بلیط ها گرونه 🥺,3,3.208637254587302,Moderate
thread_8716736_دکتر0فاطمه0زرین_1401/03/04 07:20,"منم افسردگی دارم
تا اوت میکنه همش بغص گلومو میگیره تمام مشکلاتم یادم میان.
اینقدر خسته میشم انگار یکی دوتا دستامو با طناب بست و زدم که اینقدر خسته و کوفته ام.اصلا نای انجام هیچ کاری رو ندارم
از طرفی از درون آروم و قرار ندارم دلم میخواد بزنم بیرون برم جایی که هیچ آشنایی نباشه
خسته ام میخوام بخوابم اما خوابم نمیبره
افسردگی خیلی بده خییییلی😢😢😢😢",5,5.896960321071674,High
320723237,کسی دستت ندیده که🥲🥲,1,3.191103611786993,Low
286855836,"منم مث تو دیوونم‌کرده بود
تا هفته ۱۶ صبر کردم
بعد رفتم عصب کشی کردن و پانسمان
بعد زایمان میرم واسه پر کردن
کشیدن هم گفتن مشکلی نداره
ولی باید واستی ۳ ماهت کامل بشه
از هفته ۱۵ ب بعو",2,4.207539578323122,High
thread_18071998_starter,"بچه ها من از طلاق خیلی میترسم نمیدونم چرااا
توروخدا کمکم کنید
ازدواج از اول با اصرار خانواده ها بود هر بار اذیتم میکردن از نظر اخلاقی خانوادش مثل دخالت و وسواس تمیزی و مستقل نبودن وابستگی مالی و عاطفی شدید
بار ها سعی کردم تموم کنم اطرافیان به نحوی گره زدن نذاشتن مخصوصا پدرم
من دختری ام ۳۲ساله خونه و ماشین لوکس یه درامد نرمالی دارم از طریق لیزر  یکم مغازه هم کار میکنم
کلا جایگاه اجتماعی خانوادم بالاست
قیافمم که همه میگن شبیه ترکایی و خوشگل و چشم رنگی هستی
اما من خیلی میترسم نمیتونم پیشش بخوابم  دارم عذاب میکشم هر کاری میکنم از طرفی بهش وابسته شدم از طرفی داره سنم بالا میره میترسم داغ بچه به دلم بمونه
با ده تا مشاور حرف زدم اما همشون میگن طلاق
همسرمم هر وقت میبینه من میخوام برم میشه بهترین مرد دنیا هر وقت مطمئن میشه هستم دوباره کار هاشو از سر میگره
من نمیخوام تنها بمونم خیلی میترسم چون میدونم من از هر مردی خوشم نمیاد😭نظرتون چیه؟؟بیشترین مشکلمم نداشتن جاذبه جنسی برام بود",7,6.023649634301819,Very High
thread_14528072_starter,"پدرمادرش با اینکه جوونن اما تا میبینن شوهرم سرگرم زندگی خودشه با کوچیک ترین بیماری خودشون رو بستری میکنن و از کاه کوه میسازن همش میگن ما خیلی عمرمون به این دنیا نیست همش از مرگ صحبت میکنن تا ترحم شوهرم رو بخرن و وقت و توجه بیشتری ازش بگیرن…
هربارم که این اتفاق میوفته زندگیه ما صحنه ی جنگ میشه چون کاملاااا توجهش صرف اونا میشه اصلا منو نمیبینه همش بهونه گیری میکنه دعوا راه میندازه…دو روزه از سرکارش مرخصی گرفته که با باباش بره باغشو ابیاری کنه،از سرکار میاد به من میگه خستم حال ندارم ولی سرویس خواهراش شده دائما میبره میاره…
با هر زبونی بهش میگم نمیفهمه
چیکار کنم درست شه دیگه واقعا خستم کرده
تا زندگیم میاد رنگ ارامش به خودش ببینه خونوادش نمیزارن از عمد هم اینکارو میکنن کاملا مشخصه یه حسادت نهفته دارن",6,6.047140340444457,Very High
413724266,"شب نمون خونه مادرشوهر
کارها در حد معمول کمک کن نه کوزت شو نه دستت بزار رو دستت
هیچوقت در مورد شوهرت با مادر شوهرت درد دل نکن
هر ماری هم بکنی آخرش مادرشوهرته، خیلی صمیمی نشو
اگه چیزی گفتن که بهت برخورد، سکوت نکن و عصبی هم نشو با احترام کامل جواب بده
در جریان کاراتم قرارشون نده",1,4.216683668850237,High
413276977,میدونی چون همسرتم نازتو میکشه بخاطر اونه من اوایل چند بار قهر شدید کردم بار آخر نامزدم توجهی نکرد خودم ول کردم😂,2,3.198306360027345,Low
400696003,"لعنت به پولی لعنتتتتتتت
بشر هر چی میکشه از بی پولیه",5,3.187979447351609,Low
thread_17705291_starter,"درود
بچه ها من امروز با چهار روز تاخیر و آزمایش با عدد بتای 10 و بی بی چکهای هاله دار خونریزی کردم فعلا ک کمه ولی با دردهای پریودی
دکتر بهم قرص لتروزول و آمپول داده برای تخمک از روز سوم پریود.خواستم بدونم آیا من باردارم و برم دوباره آز بدم یا نیستم و داروها رو شروع کنم؟
دوماه پیش کیست داشتم ک برطرف شد ذخیره تخدانمم پایینه هفت دهم. همسرم واریکوسل خفیف داره
با این اوصاف چ کنم",4,5.923610154728522,Very High
thread_17397394_starter,"چون یبوستم با روزی ۸ لیوان اب ولرم و کره و روغن زیتونم حل نمیشه
نکنه سردی روده دارم😭😭
حاملم هیچی تاثیر نمیذاره بهم فک کنم از ویتامین دی هس
یه هفته تو اب زیاده روی کنم؟ تا درست شم
بعد پرخوری کنم تندتند دفع داشته باشم تا مدفوع نمونه یبوست بگیرم؟",3,6.0413980599551,Very High
thread_17706265_starter,"شوهرم خونه داشت
شغل داشت ماشین داشت باغ داشت
وسایل خورد و خوراک خونه رو میخرید( ن با دست و دلبازی در حدی ک مثلا مرغ و برنج تو خونه باشه دیگ مثلا شیر ماست وسایل سالاد سبزی و میوه و تنقلات نمیخرید)
پول تو جیبی ماهانه بهم میداد مثلا در حد یه تومن ب پول الان ، اما غرغرم میکرد بابتش گاهی پیش اومد گریه کردم ک داد دیگ لباسمو مانتو خرجام با خودم بود .
بیرون نمیبردم با خانواده و دوستاش میرفت
من اکثرا تنها بودم
برای غذا خوردنم میرفت با دوستاشو خانوادش میخورد
دوست دختر داشت
مریض میشدم دکتر با زور و دعوا میبردم
خسیس بود
الان چندساله جدا شدم هیچ خاستگاری نداشتم
داداشم بهم میگه هیچکس تو رو نمیگیره دیگه
منم خانپادم ضعیفه قشر کارگریم پایین شهر خودمم بیکارم کارم هرجا میرم یا حقوقم کم میذن یا اذیت میکنن امروز فرذا میکنن نمیدن ترجیحم ک نرم سرکار خداقل ارامش داشته باشم بابامم اعتیاد داره
الانم پدر مادرم پیرن و فکر قدیمی و سنتی اجازه نمیدن بیرون و تفریح برم تنها یا با دوستی کسی نمیزارن ، خودشونن توان ندارن نمیام
ن تفریح دارم ن بیرون
وضع مالی بابام خوب نیست شرایط خورد و خوراکم مثل خونه شوهره
حتی ی تلوزیون ندارم بابام اجازه نمید کسی دست ب کنترل بزنع
ن تابستون اتاقم کولر داره
ن زمستون بخاری
اواره م تو سالن و تو اتاق مامانم
شوهرم اولویتش من نبودم
الانم اولویت هیچکس نیستم بمیرمم کسی براش مهم نیست
الانم مریض شم بابام دااااااد و فریاد میزاره ک بخاد ی قرص سرماخوردگی برام بخره حتی
ینی شرایطم هیچ فرقی نکرده
اون موقع ی سقف بالا سرم و ی تلوزیون و کولر بیشتر داشتم
الان نگرانم مامان بابام نباشن دور از جون شون پیرن چکنم
خودمم از مردا میترسم
دختر ساده و بی زبونیم حریف ادم بد و باسیاست نمیشم
۳۲ سالمه
خیلی خستم
دیگه نمی دونم چکار کنم",8,5.906304829739383,Very High
thread_11308009_starter,"دو روز دیگ میرم تو ۳۴ هفته خیلی بی حالم دیشب اصن نخابیدم خیلی بد بود فرض کنید ۲ ک خوابم برو ۴ بیدار شدم بعد ۵ . ۶ . ۹ وای اصن مرده بودم هم از درد کمرم و لگنم هعی می‌پریدم از خواب هم سرما خوردگیم گیج بودم اصن لبامم خشککک
تو این ساعات ک یخورده خوابم می‌برد خواب بدم دیدم 😐  همش فکر میکنم بچم میخاد بیاد",6,5.968132652444183,Very High
thread_16129988_starter,یه دکتر زنان لطفا معرفی کنین بهم که قبول کنه سزارین کنه.راستش بچه اولم طبیعی بود و مردم و زنده شدم دیگه نمیخوام تجربه اش کنم .کسی و سراغ دارین سزارین کنه و گیر نده که حتما طبیعی باید به دنیا بیاری؟,5,4.213630573525734,High
342013534,"کلا پسرا دیگه تن به ازدواج نمی‌دن دلیلش توقع بسیار بالای دخترا پول کم و احتمال طلب مهریه هست
بسیار دختر دم بخت مجرد دور وب من میبینم و بسیار پسرایی که از پول خرج کردن ناتوانند
الان یه تاپیک بزن ببین دخترا حاضرند بدون جشن وطلا و خرید عروسی فقط با عشق با یک آدم پاک با درآمد عادی زندگی کنند یا میریزن سرت میگن وا...ما ارزشمندیم",2,4.213155590749011,High
374820957,"🤣🤣🤣🤣🤣🤣🤣
زن دلیل شده رو قشنگ گفتی
پسر
عموی دامادمون یکی از قاضیای رده بالاست طوریکه پرونده شهرام جزایری هم زیر دستش بود ولی اینقدررررر ساده زیست و خاکی که نگو هم خودش هم خانمش بیان خونت اولین جایی که میبینن میشینن اصلا آدم شرمنده میشه تو روشون اینقدر که ساده خودمونی هستن هیچی هم از دار دنیا واموال دور خودش جمع نکرد فقط با حقوق کاریش زندگی کرد
ولی فامیل شما واقعا فرق داشته دیگه 🤣🤣🤣
حالا چرا اون لباس آورده جلو شما کوک زده😅😅",1,4.199502822817522,Moderate
315483616,"باردار هستم سونو واژینال دادم هفته پنجم بارداری
دوستان کسی رفته سونو توده کیستیک به قطر ۴میلی متر  مشکوک به ساک حاملگی باید ۳هفته دیگه برم سونو شرایطش مثل من بوده باشه و همه چی اکی",2,4.212474209314678,High
351399461,استارتر شما شوهرتو از تو اشغالی پیدا کردی اخه خیلی آشغاله 😑😑😐😐,2,4.219701458399868,High
400959905,"دوستم به خانمش میگفت بچه دوم ناخواسته رو نمیخام سقطش کن
خانمش هی لفتش داد چون میخاست بچه رو یه دختر ناز بود
الان باباش اینقد دوسش داره میگه اگه سقط میشد الان من جهنمی بودم",2,3.197561335344289,Low
thread_16485903_starter,"دوستان من از ۸ هفته طول سرویکس شکمی بود ۲۸
عمل سرکلاژ رفتم پیش یه دکتر دیگه  دکتر خودم انجام نداد
اون دکتره ازم سونو واژینال گرفت ۱۹ بود طول ، فقط دو روز بعد عمل خون ریزی داشتم ، دو هفته بعدشم احساس فشار داشتم الان بهترم
دکتر خودم که هر ماه ویزیت میشم گفت اگه درد و خون ریزی نداری استراحت نسبی داشته باش
سونو انومالی هم طول سرویکس  شکمی  کرد یکی زیاد شده بود
۲۸ بود
ی جورایی نیمه مطلقم ، مادرم پیشمه کارام می‌کنه
برا دستشویی و حمام و غذا بلند میشم میشینم
خونم ۱۰ تا پله داره ، اگه برم یکم بیرون اشکالی داره؟
اونایی که تجربه داشتن بگن استراحت نسبی یعنی چی با شرایط من",5,5.980895460699685,Very High
406828203,رفتم ۷ هفته ولی یکی شون نرمال نیست و کم هست ..بابت این نگرانم ..الان ۸ هفته و ۲ روزم ..دیگه سونوی بعدیم انتی هست تو ۱۴ بهمن,3,3.206843933687196,Moderate
thread_15407174_starter,"سلام مامانا
من بارداری دوممه و ۷ هفته و ۳ روزم
هفته پیش دکتر بودم فشارمو گرفت ۱۲/۸ بود گفت فشارت بالاس باید آسپرین بچه بخوری
من نخوردم آسپرینو از اونموقع هرروز فشارمو گرفتم معمولا ۱۰ رو ۸ این حدودا بود یکبارم ۱۱ روی ۸
حالا امشب غروب ۹ روی ۵ بود فشارم بعد یه دفعه تپش قلب گرفتم حالم یجوری شد فشارم شده بود ۱۱ رو ۸ یه دونه آسپرین خوردم
خطرناک نیست واسه جنین؟
اخه خیلییی کم لک هم داشتم که بخاطرش ۱ هفتس شیاف میزارم ترسیدم یه وقت باعث خونریزی بشه
اصلا فشار نرمال تو بارداری چنده؟ فشار ۱۰یا ۱۱ بالاس؟",5,5.966838813546929,Very High
thread_14467942_starter,"الان تو هفته 37 هستم و تصمیمم زایمان طبیعی هستش
ولی حتی یک روز دیگه هم نمیتونم صبر کنم
تمام جونم میخاره
بیشتر از یک ماهه خواب ندارم. تو شبانه روز کلا 2-3 ساعت میخوابم
انقدر کلافه ام که شب تا صبح فقط گریه میکنم
چیکار کنم زودتر دنیا بیاد
واقعا به غلط کردن افتادم",8,6.100363905570703,Very High
413382183,فهمیدم مغز من کارش از شست و شو گذشته باید از بیخ تعویض شه🙄,2,3.194382507803311,Low
344145952,اونم باید بزنه حتما.  شهر ما هم واکسن نبود من رفتم مرکز استان بهداشت مرکزی اونحا زدم براش به عنوان مهمان. بعد شش سالگی دیگه هر ده سال ی بار میشه دوگانه بزرگسال هم هست,1,3.206163308190298,Moderate
thread_15183213_starter,"دوستان من مرداد ماه سقط کردم، الان میخوام دوباره باردار بشم ولی خیلی میترسم بازم سقط بشه، دفعه قبل 8هفته بود قلبش تشکیل نشد خودش سقط شد خیلی عذاب داشتم، الان جرات نمیکنم اقدام کنم
رفتم دکتر گفت تو همه چیت نرماله، شوهرمو نوشت آزمایش اسپرم
بنظرتون از چی میتونه باشه؟بازم تکرار نشه؟😢",5,5.94718816313798,Very High
thread_17798894_starter,"اول بارداری ۶۵ کیلو بودم حالا شدم ۸۱
من چجوری رژیم بگیرم بعدش اخه نمیخوام تپلکی بشم",3,3.206210486350756,Moderate
294428629,مگه همسرت از طرف خدا اومده.بخاطر حرف بی فکر اینقدر خودتو اذیت نکن.قوی باش و اعتماد به نفس داشته باش.عمر هر کسی دست خداست .صدقه بده و بسپرش به خدا.دختر دایی من بچهاش سقط میشدن .اینقدر رفت دکتر نتیجه نگرفت.دیگه دکتر رفتنو ول کرد.بعد یه مدت خود بخود بچهاش موندن و الان یه دختر و پسر داره.عمر دست خداست.,1,4.20981646666587,High
341981593,"سلام بله سه دوره استفاده کردم با همون اولی ریزش موهام قطع شد
الانم دارم چیزای دیگه استفاده میکنم و همچنان خوبه ریزش ندارم",1,3.192858225570944,Low
thread_9825032_starter,"از صبح که جواب آزمایشمو گرفتم دارم از استرس میمیرم
فقط نگرانم جنین طوریش نشده باشه
کسی بوده با این شرایط؟فردا میرم دکتر
لطفا کسی میدونه کمکم کنه نمیدونم این عدد یعنی پرکاری یا کم کاری؟
اصلا چی میشه؟قابل درمانه؟رو جنین اثر نذاشته باشه تو این مدت😔سایت رو زیر و رو کردم سر درنیاوردم
۲۶هفته هستم",8,6.009924988844432,Very High
thread_11076444_starter,"سلام
من 18ام موعدم بوده و 21ام تیتر بتام 227 بود یعنی هفته چهارم، هنوزم زیر دلم درد دارم
دردش طبیعیه؟؟
از درد پریود کمتره ولی مثل همونه",2,5.911538136336731,Very High
359146087,آخیش تا حدودی خیالم راحت شد حداقل یه نفر مثل خودم هست,1,3.197089176830559,Low
thread_12095304_starter,قبلاموهام‌صاف و لخت بود. ۴ماهه. شونه میکنم میبینم یه قسمت پشت گیره. خورده.  وا میکنم. چرب میکنم. اتو میکشم. حتی صاف میشه.  دباره فرداش میبینم فقط همون قسمتت. گره خورده. تواینن ۲۲سال سن همچین اتفاقی نمیفتاده به جایی. لباسی. چیزیم. نمیخوره. میگن. کار جن. به نظر شما چیه؟؟؟؟؟؟؟,3,4.208630673347216,High
374268738,"من خیلی کم غذام خیلی کم حرفم ولی زیاد میخوابم
‌از ادمای کم خواب هم بدم میاد، یه جورایی فضولن و چشم و هم چشمیشون زیاده.  فک میکنن اگه بخوابن دنیارو آب میبره یا از چیزی بیخبر میمونن یا بقیه دارن تلاش میکنن به  جایی برسن، با خودشون میگن پس ما هم پاشیم.",2,4.226505122389426,High
360528811,"نههه من شیر میدم بیشتر باید ورزش کنم تا رژیم سخت
البته ک رژیمم باید گرفت
چقد خوب ک کم کردی حس خوبیه🌹👍",1,3.199312615191957,Low
359796571,"ای وای بچهههه🥺🥰 من عاشق بوی بچه امممم
مبارک باشه چقدم تپلیه🥺💙",1,3.188130345804893,Low
thread_18144544_starter,"بگید همگییی
من خودم بیدار میشم فقط چای میخورم
میرم سراغ کارهام (جموجور کردن اتاقا) روشن کردن لباسشویی و شستوشو لباس
میوه میخورم
ناهار درست میکنم
میرقصمم
میرم کلاس یوگا
با دوستام حرف میزنم",1,4.203978914003528,High
329520064,دیشب کلا بی احتیاطی کردم یکم رو شیکم خوابیدم ولی میگن عیبی نداره تا اول ماه پنجم یا آخرای چهارم چون بچه تو شیکمه الان همون قسمت ک خوابیدم درد میکنه😭بنظرتون سونو ندم؟ بخاطر کیسه آب میترسم,4,4.19419594413921,Moderate
275181801,تو دو سال پیش منی  انگار خودمو دیدم کنتر بخاری گرسنه و بی رمق  و دخترمم ک اون موقع ۳ سالش بود هی میگفت مامان پاشو من گشنمه ۰۰۰ولی من  یکم گمانم شرایطم سختر بود     😔😔😔💔,4,4.198561885110394,Moderate
413952156,ساتم من ده روز هست عمل کردم خیلی استرس داشتم که بینی بدتر بشه یا از اتاق عمل میترسیدم رفتم نظرات همه رو خوندم در موردش  و کلی تحقیق کردم در مورد دکترم و نمونه کاراش و الان خیلی راضیم اصلا هیچکدوم نه ترس داره نه درد داره و نه استرس,4,4.218463432651333,High
314881142,عزیزم شما چرا اینقد عصبی هستین هرکی بخواد نظرشو میگه دیگه چرا با کاربرا اینجوری صحبت میکنین,2,3.194185873733659,Low
399788574,ببخشید اینو میگم  . امروز ک همه آگاه هستن و علم بیشرفت کرده یعنی چی ناخواسته ؟؟؟یا خواست خدا!!!!!!!!! باید مراقبت کرد ک مجبور ب سقط نشد  سهل انگاری خودمون کجاش اسمش خواست خدا هست یا ناخواسته   . نه خواست خدا هست نه ناخواسته . الانم ک شده باید پای اشتباهشان وایسیم بزارید ب دنیا بیاد ن اشتباه رو اشتباه,3,3.198536671314287,Low
thread_18131684_starter,"من 21 سالم بود که به پسر خوشتیپ با اسم محمد اومد خواستگاریم
اون آشنامون بود ولی یکم دور من ازش خوشم اومد و باهم ازدواج کردیم اون دوست داشت عروسیمون باشکوه باشه اما تا وقتی من حرفشو تأیید میکردم میگفت نه ساده ولی اون میگفت میخوام چشم فامیلامون رو در بیاره چون ما خانواده ساده ای بودیم شب عروسیمون وقتی رسیدیم خونه خیلی آروم زمزمه کرد چشمای اکس ع.و.ض.ی.رو در آوردم آخیش حالا بعد از چند ماه شده طلاقش میدم بره من گفتم عزیزم شنیدم چی گفتی چرا میخوای طلاقم بدی یهو زد تو گوشم و منو پرت کرد گوشه خونه و وقتی اون خواب بود از خونه با همون لباس عروس که.و.ف.ت.ی فرار کردم تو راه یه ماشین وایستاد پسر داییم بود اون بهم اعتراف کرد از اولش عاشقم بود منم ازش بدم نمیومد خیلی خوشگل و خوش اخلاق بود باهم رفتیم بیرون و کلی گشتیم و برام لباس خرید تا دیگه تو اون لباس نباشم زمان طلاق که رسید محمد به من تهمت خیانت رو زد و من همچین رو توضیح دادم و اون روز کلی شکایت کردن به محمد و محمد 6 ماه افتاد زندان و من با پسر داییم ازدواج کردم و الان به دختر خوشگل به اسم پونه داریم😙",4,4.205109327580431,High
thread_14347802_starter,"تو شهر غریب هستیم همه دوستام و همسایه ام شاغل آن دخترم کوچیکه ۲سال و نیم و همبازیش همیشه من بودم حالا ویار و تهوع و بد غذایی این روزهای من رمق برام نداشته که بتونم سرشو گرم کنم دوهفته خونه مامانم اینا بودم ولی خب باید برمیگشتم خونه همسرمم هم مغازه داره شبا تا ۱۰ مغازه میمونه
کم آوردم
شوهرمم تا هست خیلی کمک می‌کنه ولی خب بیشتر وقتها نیست
خیلی خسته شدم چه غلطی کردم باردار شدم به خدا یه دونه بچه بس بود",7,6.14358780669545,Very High
thread_6092049_ساحلییییی_1399/12/26 07:05,عالی بود👌امیدوارم هرچه زودتر حالتون بهبود پیداکنه و خوشی بیشتری نصیبتون بشه ..... لطفا شماهم با دل پاکتون برای من دعا کنید 🙏🏻🌺,1,3.191371768091813,Low
thread_18006122_starter,سلام خانمامن یسالی رو مجبورشدیم تو محله پدرشوهرم ک همه هم ازقضا فامیل هستن خونه بگیریم حالا چن وقت پیش منو شوهرم دعواکردیم اونم کتکم زد منم قهراومدم خونه بابام حالا نمی دونم شوهرم پیش پدرش چ زری زده چیا گفته ک پدرشوهرم ک داییمم میشه برداشته ب همه زنای فامیل چ حرفای بدی ک نگفته ازاینکه لباس شوخرمو نمیشورم تااینکه هردوماه باهاش میخابم واینکه غذابراش درست نمیکنم😬😥خداازشون نگذره بخدامن بادوتا بچه همه سعی وتلاشمو کردم ک نقضی نذارم الان حرفم رو همه زبوناافتاده 😭هنوزم قهرم نزدیک یه ماهه,6,6.109730142365152,Very High
332209189,"نه جونم کامنت قبلی گفتم یجا قرار بود برای یه سرمایه گزاری که یکم کم داشتم دستبندمو بفروشم با اینکه طلا های دیگه ای هم داشتم و تنها طلامم نبود مامانم متوجه شد نزاشت پولو داد گفت طلاتو نگه دار
داداشم ماشینشو عوض میکرد و یه ماشین خیلی گرون خرید (میخام بگم که کلا ندار نیست که دل پدرمادرم براش بسوزه) مامانم چندتا تیکه طلاشو داد تا پولش کامل شه
بارها و بارها برادرام تو معاملات سنگین همدیگه پشت هم بودن و نزاشتن دنبال کمک از غریبه باشن
الحمدالله خداراشکر که این محبت  رو روزی دلامون کرده",1,4.221475050050231,High
380621872,"مممنونم عزیزم
چرا این نشستن این قدر خطرناکه
من این چند هفته هم دراز کشیدم و نشستم
نمیدونستم اینقدرخطرناکه؟
من فقط سعی کردم خیلی کم سرپا بایستم",3,3.191519337044156,Low
thread_12931667_starter,سلام خانوما، حدودپنج ماهه که زایمان کردم دردوران بارداری و بعدازبارداریم اصلانزدیکی نداشتم ، اصلاهم میل به رابطه ندارم درصورتیکه قبلااصلااینجوری نبودم، هیچ ترشحی ندارم ،دکترم رفتم یه پماددادکه بایدبااپلیکاتورزدکه اون اپلیکاتورهم اصلاواردواژنم نمیشه ،اصلاانگاربسته شدم،نمیدونم بایدچیکارکنم،اگه کسی میدونه راهنماییم کنه لطفا,3,5.875149362938828,High
393852002,با پیشاب احتمال نداره؟ چون منی روم نریخت,2,3.199991819434217,Low
386949685,تا به دنیا بیاد از استرس میمیرم,7,3.1945202032637,Low
413604549,"به نظر من بعد عقد باید بهتر بشند مشکل اینه بلد نیستیم
منم یا مشاوری که داشتم و تلفنی کمک گرفتم الان بهتر از عقد را تجربه کردم
خیلی کارش بیست بود",2,3.20623380552388,Moderate
399251510,دعا کن برام دلم مثل سیر سرکه میجوشه الان بخام برم دکتر کسی نیست تعطیل کردن تا شنبه بمونممم میترسم هی میگم نکنه لوله ام بترکه 😭😭😭,7,4.217732937868277,High
thread_17761584_starter,"سلام خانوما من هفته سی و پنجم تقریبا از هفته ۲۹ درد کشاله ران داشتم ولی چند هفته ای هست خیلییی شدید شده مخصوصا پای چپ درد واژن و کمر درد هم دارم
اصلا نمیتونم پهلو به پهلو شم یا به سختی میتونم از جام بلند شممم😭😭 یکم سر پاشم احساس میکنم ناف و شکمم داره جر میخوره
کیا این درد هارو دارن .به نظرتون تا اخر هفته سی و هشت دووم میاارم؟یا از علایم زایمانه اینا تجربه دارین",6,6.131386082735844,Very High
367102002,"سلام خوبی عزیزم
شانس ندارم که چهارشنبه ازمایش دادم گفتم  ببرم نشون دکتر بدم چون لکه داشتم جواب اومد بتام 123 بود هرکاری کردم منشی وقت نداد پنجشنبه اومدم دکتر میدونستم تا سونو نشم چیزی معلوم نیس گفتم خب دکتر خودش سونو داره گفتم سونو میکنه از شانش بدم برق مطب قط بود
دکتر گفت برو ی سونو اورژانسی پیدا کن
خلاصه سرتو درد نیارم چون میخواستم ی جای خوب سونو بدم واسه امروز س 11 و نیم وقت سونوگرافی واژینال دارم
محض اطمینان ی تیتر بتا هم دادم جوابش نیم ساعت دیگه میاد
من که چشمم آب نمیخوره بارداریه سالمی باشه بازم توکل بخدا",5,4.193318461303079,Moderate
269245719,"مرسی عزیزم
اون سقط شد
دوباره باردار شدم
شما هم نگران نباش میری سونو صدای قلبشو میشنوی",2,3.200083176117914,Moderate
353751700,"نمیدونم شب قبلش اومد سمتم قبول نکردم ولی واقعا نمیتونم دست خودم نیست بعدش میخوام بدنمو با اسید بشورم انقدر که از خودم بدم میاد قبول کردم
هی فکر میکنم یعنی تقصیر من بوده بعد با خودم میگم خوب خودش باعث شد سرد بشم",5,4.210426371968424,High
321275370,وای منم همین وزن رسیدم موقع زایمان. اورژانسی رفتیم بیمارستان درد طبیعی کشیدم بعد سزارین شدم اورژانسی از بالای ناف شکممو بریدن🥲,3,4.194528616331809,Moderate
391721883,"یه چیزی رم یادم رفت بگم
توی محله ما خیلی وقت پیش یه خانم دو تا دختر داشت ، بعد یه مدت متوجه میشه حاملست نکنه بچه سومش هم دختر بوده ، خیلی ناراحت بود همه چی رو میزد میشکست که من دختر نمیخوام ... بخاطر همین بچه هاش رو تو خونه گذاشت رفت بیمارستان سقط کنه ، بعد از سقط برگشته بود خونه و دیده بود دو تا دختراش همدیگه رو خفه کردن کشتن ، از بچه ایی که خدا بهش داده بود ناسپاسی کرد خدا سه تارم از دستش گرفت.....
و این چیزی که گفتم واقعا اتفاق افتاده  و همه توی محلمون هنوزم که هنوزه دربارش حرف میزنن",2,4.226500627892165,High
371073953,فدات شم منم خیلی خوشحالم به شخصه از توهین کردن متنفرم و به نظرم اینکه باید گفتگوی صحیح با منطق وعقلانی باشه البته تو این مساله نمیشه از احساسات هم گذشت چون به قول شما دل هر انسانی به رحم میاد😔 ولی از لحاظ منطقی وقتی ما بخوایم بدترین کار رو در حق یک موجود انجام بدیم که قتلش هست باید یک دلیل ۱۰۰ درصد وقطعی داشته باشیم مثلا برای کسی که مرگ مغزی هست وبه دستگاه وصله چون صد درصد مرده دستگاه رو میکشن واون فرد عملا میمیره وکسی نمیگه چرا کشتیش در این مساله هم برای کشتن یک موجود باید دلیل ۱۰۰ درصد وجود داشته باشه یعنی اگر کسی بگی ۱۰۰‌درصد این بچه بدبخت میشه ونمیارمش که میشه مثل قضیه اون بیماری ها که تحت شرایطی اجازه داده شده ولی قربونت بشم این قضیه که اکثرا میگن شرایط نداریم ۱۰۰ درصد نیست واحتمالیه کسی میتونه قسم بخوره که این بچه ۱ درصد هم خوشبحت نخواهد شد؟ واقعا منطقی نیست من دلیل منطقی گفتم که عملی که ۱۰۰ درصد قبیحه دلیلی میخواد که ۱۰۰ درصد یا حداقل ۹۰ درصد یقینیه واین مساله جزئش نیست . البته گلم فکر نکنی من اینارو میگم ودیگه برام آینده اون مادر مهم نیس چون اکثر کسایی که باهاشون صحبت کردم بهشون قول دادم بعد زایمان هرکمکی از دستم بربیاد انجام بدم وخداییش بهشون حق میدم که سخته ولی بدون این سختی سختی نیست که نادیده گرفته بشه قطعا تاثیر خواهد داشت بازم ببخشید اذیتت کردم وزیاد حرف زدم خیلی خوشحالم از دوستی باشما😍 ان شالله که خدا کمکم کنه وعلم ناقصم رو بیشتر کنه تا بیشتر بفهمم و درک کنم چون ایمان دارم اونیکه خداوند صراحتا درموردش گفته و حکم داده به نفع ماست وخداوندهیچ وقت بد مارو نمیخواد این ماهستیم که بعضی چیزهارو نمیفهمیم یا بااختیار خودمون از خودمون سلب میکنیم😍قربونت بشم دوست مهربونم,2,4.21943878989623,High
thread_14569073_starter,"باردارم و بشدت بدویار اصلا آب هم نمیتونم بخورم
الان چند روزه توی ادرارم رگه خونی هست.علتش چیه؟",5,3.201583325586398,Moderate
thread_13878785_starter,سلام کسی هس ده روز قبل پریدی علائم داشته باشه و باردار باشه,1,3.200250738777413,Moderate
thread_13183148_کفگیرمادرشوهر_1402/12/16 22:46,دست و پا اینا دارن همه چیشون در حال کامل شدنه ک مثلا جنین پسر تو ۱۳ هفته مشخصه جنسیتش گاهی,1,3.202139739121776,Moderate
thread_17968661_starter,"سلام لطفا اگر کسی شرایط منو داشته یا اطلاعی داره کمک کنه.
من ۳ماهه که ازدواج کردم.من ۱۲ بهمن روز چهارم پریودم رابطه داشتم ولی قرص اورژانسی خوردم ۱۸بهمن خونریزی کردم ۲۳بهمن بازم رابطه داشتم ولی ک.ا.ن.دوم پاره شد ولی انزال خارج بود بازم اورژانسی خوردم
میخواستم ببینم شانسی هست؟؟؟",4,5.937312062771525,Very High
411780406,اگه شرایط مالی خوبی نداری جدا نشو ولی اگه مستقلی جدا شو جوونیت حیف میشه,2,3.207372212052896,Moderate
412287017,داییم مرده بود مامانم تاکسی میگیره شوهر من میره بعد شماره شوهرمو میگیره میگه من تاکسی زیاد میگیرم برای کارای ختم اگر شما انجام میدید به شما بسپارم مثلا برید از شیرینی فروشی شیرینی بگیرید شوهرمم دلش سوخته داده پولم نمیگرفته بعدا با من اشنا شد منم باهاش میرفتممثلا تا سر بازار حالا شوهرم اون روز شانسی رفته بوده تاکسی گفته بزار یه دوری تو شهر بزنم بعدشم فقط ما زنگمیزدیم میومد اونموقع ترک تحصیل بود بعد شروع کرد درس خوندن و.... خوانوادشم مادرش یه فرشته ی واقعیه باباشم منو خیلی دوس داره خواهرشم بنده خدا خیلی ساکته کاری نداره اما دل نشینه خوانواده مذهبی و دل نشینی داشتن خدا حفظشون کنه,1,4.212365342182238,High
386769674,ببین بعد سقت حتما باید سونو بدی و من پیشنهاد میکنم بری سونوگرافی سروش چون خیلی با حوصله و دقیق انجام میده و تا الان خودم خیلی رفتم اونجا و راضی بودم,1,4.21150615546685,High
389951947,"ولش کن
چرا خودتو عذاب میدی
فک کن هم خونته
یا شریک کاری و....
دیگه براش حق همسری که مهر و همراهی هیت به جا نیار",1,3.202156156679848,Moderate
335237949,"من اضافه وزنم از تو بیشتره،منم اولی ۳۰کیلو اضافه کردم
ولی توکل برخدا دیگ چاره نیس
تصمیم گرفتم هوا ک خوب بشه هرروز برم پیاده روی",2,3.192459361356669,Low
413943789,آبروتون رفت. خوب زن حسابی خودت کنترل میکردی عادی رفتار میکردی. نهایتش دیگه باهاشون رفت و آمد نمی کردید😶همیشه بدون اشتباه تر ازین که شوهرت نگاهش کرد و هیجان داشت و اون خانم قرتی بود ،اشتباه شما بود که نمیتونی اعصاب خودت کنترل کنی و جلوی دیگران شرایط و عادی جلوه بدی,2,3.196836966031697,Low
thread_11550424_aradjoooooni_1402/04/23 10:28,"تازه اول راهی مدام براش از اینکه اول بارداری چقدر سخته بگو
از اطرافیانت داستان های حاملگیشونو که اولا چقدرسختی کشیدن اینکه خدایی نکرده ممکنه لک ببینی و چقدر احتمال سقط جنین توماه های اول بارداری بالا حرف بزن
شوهرمن عاشق دختره ازوقتی فهمیده بچمون دختره کلا دیگه بیشتراز قبل هوامو داره
الان خارج تهران باغ داربم میرفتیم هفته ای یکبار درختامونو اب میدادیم این هفته منو نبرد گفت گرمه گرمازده میشی جاده خطرناکه به مامانمم گفت مامانمم گفت بیابریم خونمون تنها نباشی شوهرت خودش بره بیاد
مخصوصا ازوقتی که تکونهاشو توشکمم حس میکنه کلا یه حس عجیبی پیدا کرده
واسه توام بعدازاینکه تکونهاشو دید و حس کرد سونو رفتی باخودت ببرش بزار ببینه جنین رو کلا عوض میشن",1,4.209880309112123,High
384777518,"خواهش میکنم
بازم خدا به بچم رحم کرد قرار بود دیرتر برم سونو خودم دوست داشتم جنسیتشو بفهمم زودتر رفتم که جون بچم نجات پیدا کرد
الان نزدیک ۴ماهشه کنارم خوابیده همشم انگشتش و میمکه😋",1,3.203954376171168,Moderate
thread_14683643_starter,"سلام
خانما تو کرج سونوگرافی خیلی خیلی معتبر که سونو واژینال برای طول سرویکس انجام بده سراغ دارین؟
من در عرض۲۴ساعت سه تا سونوگرافی مختلف رفتم هرکدوم یه عدد گفتن اونم با اختلاف زیاد ،یکی گفت۲۲،یکی گفت۳۲ یکی هم۳۶
هفته ی بعد باید دوباره برم چک کنم میخوام اینبار جای خوب برم",4,5.929589497449342,Very High
thread_14291285_starter,"منو نامزدم دیروز رابطه داشتیم ولی مایعش فقط با شکمم برخورد کرد
الان از دیشب کمرم و شکمم درد میکنه
چیکار کنم بنظرتون؟😭
حامله میشم یعنی ؟نمیخام که بشه بگین بهم تورو خدااا",5,5.981215389898352,Very High
386026087,اگه پسر نباشه 💔,2,3.2062039227676,Moderate
386378001,"منم دوقلو هستم
من درک میکنم
امسال دهم شدیم واسه اولین بار فقط جای مدرسه ها مون عوض شد دق میکردم😭😭😭😭😭😭
واقعا سخته سرمو میذاشتم رو میز گریه میکردم سر همین افسردگی خیلیییییی شدیییییددددد گرفتم غرق خیالات شدم حواس پرتی کرفتمممم
تو که دیگه جای خود داری😭😭
ولی نکن اینکارو اسایشگاه نذار واقعا نذار دق میکنی
شرایطت خیلی بده خدا کمکت کنه واقعا:((((**",6,5.921057566840318,Very High
thread_16780368_starter,"۲۱خرداد پریود شدم۲۷ خرداد تموم شدم
بعدش۲۰ تیر پریود شدم۲۶ تیر تموم شدم
امروز۲۴ مرداده هنوز پریود نشدم
سیکل پریودمم یادم رفته
متاهلم  منی وارد واژنم نشده چون با کاندومه رابطه ولی قبل دخول معاشقه کردنی نمیدونم پیشاب وارد واژن شده یا نه",2,6.059637440281222,Very High
341777940,من جسمم ضعیف شد و میترسیدم منو بزنن از یه طرف پدر و مادرم مسن هستن و نگرانم اتفاقی بیفته که کامل بیفتم دست داداشای بی رحمم. چندوقت پیش بخدا حس میکردم قلبم ترک خورد قشنگ حس میکردم از کجا... دردش و حتی زخمش و تپشای ناآرومش,6,4.228115209862153,High
294424542,۵ هفته دکتر گف جنین نیس بعد دو هفته رفتم ضربان قلبشم گذاشت و گف  ک همه جیز خوبه مشکلی نداری,2,3.192244471289087,Low
thread_6485839_yziba89_1400/02/26 02:06,حالا شايد اونم ي خورده زياد ناراحت شد و در ان واحد نتونسته تصميمي بگيره و سعي كرده ك تنها باشه و حرصش بخابه،،،،ما خودمون با يكي دعوا بكنيم حالا سر هرچي،،،،ي ديقه بزارن بيا كنارش بشين اينكارو نميكنيم،،،،،،به نظرم البته به همه چي يكم ديد مثبت اگر داشته باشيم زندگي خيلي اسونتر ميشه مخصوصا ما ها خيلي سخت ميگيريم مگه چقد زنده اييم كه دل همو بشكونيم,2,4.226213291835393,High
thread_13186353_starter,درطول هفته ک همش ب یادشونید هیچی ولی چهارشنبه پنجشنبه میشه خیلی حالتون‌بد میشه همش بی تاب میشید و یه حسی دارین یا من اینجوریم خیلی حالم بده واقعا دلم میگیره تازه هی یادم از خاطرات بیشتر میاد الان یادم اومدم بابام خیلییی مطلوم و‌اروم بود همه کارا و‌تصمیمها بامامانم بود همیشه حرفش حرف مامانم بود بعد مامانم هرسال میرفت پول نو‌از بانک‌میگرفت میذاشت تو قران بابام‌بهمون عیدی میداد مامیدونستیم اصن بابام‌درجریان اینکارا نبوده ولی مامانم میگفت د‌وست دارم از باباتون از‌بزرگ‌خونمون عیدی بگیرید یا شگون میگفتیم‌ما باشیم به شوخی میگفت اصلا مرد خونم باید شگون باشه همیشه اینا یادم نبود و‌الان ک‌نزدیک‌عید یادم‌اومد قلبم‌درد میکنه از دلتنگی😭😭😭😭خدا بمیرم براش بیدمعرفت چرا رفت یعنی دلتنگمون‌نشده,3,5.936857618195063,Very High
thread_9902946_starter,بچها ها این قرص خوردم کمرم آنقدر جوش های چرکی بدی زده حالم بهم مبخوره چیکار کنم بره,3,4.219947894574489,High
413756359,"خوشگلم از من به شما نصیحت تو زندگی قناعتت اونقدر نباشه که از خودت ولذتتات وزندگیت بزنی مردا هیچ وقت متوجه اش نمیشن
پس بخور وبپوش وبگرد وزندگی کن تا روزی مثل امروز ناراحت نشی که فهمیده نشدی ومتوجه نشده",1,3.195421829906991,Low
332200602,واقعا دلش  کوچیکه. میگه  بفهمم به خواهر برادرم کمک مالی کردن قیامت میکنم! حالا  برعکس  ما خواهر برادرا  خیلی هوای همو داریم  خیلییی.  خوشحالم  که انقد چشم و دلمون سیره . همیشه مامانم میگه کسی که از پولش به بقیه میبخشه خیلیییی دلش بزرگه  خدا  چند برابر بهش میده. واقعا هم تجربه ش کردم,1,4.213619042145638,High
thread_17947098_starter,"برای عید پارچه خریدم دادم خیاط برام کت و شلوار بدوزه زد حامله شدم😑
زنگ زدم خانم فلانی قربونت ندوز اصلا معلوم نیست هیکل من چه ریختی میخواد بشه تو عید گفت من پارچه ها رو بریدم خب. اعصابم خیلی خورده
5 تومن پول پارچه داده بودم الان 2 و نیم هم پول خیاط میخوام بدم واسه لباسی که اصلا معلوم نیست تنم بره یا نه
میگه تو عید نهایت 3 ماهته نترس اندازه ات میشه ولی من میترسم نشه
چرا اینطوری شده همه کارام",5,6.121532161384948,Very High
413421246,از چهارشنبه عصر شد من دکتر لین آخر هفته نبود دیگه به جز خودشم جرات رفتن جای دیگه ندارم,3,3.202740642331264,Moderate
thread_14883164_starter,"قرار بود بریم عروسی دوستش چندروز پیش گفت بریم فلان جا گفتم لازم نیست بریم الکی گفت پس عروسی هم لازم نیست بری.
امروزم هیچی بهم درمورد عروسی امشب نگفت یعنی نمی‌خواد منو ببره؟",3,4.226238533388823,High
thread_7853973_آنا_anna_1400/10/05 22:54,عه..نکن اینکارا.. چون خوابه یهو سکته میکنه...منم قبلا اینکارو میکردم. فهمیدم تو خواب نباید شوک وارد کرد😬,1,3.193910887290258,Low
306064222,"مادرمو خودم به زور گفتم توروخدا بیا ببین آخه چی گرفتم خوبا بده فردا یه نفر میاد میگه خودت بلد نبودی خواهر مادر که داشتی
اومد به خدا نیم ساعت نشد زنگ زد اومدن دنبالش میگم ماما مگه اینجا خونه نیست بیا بشین حالت خوب نیس دراز بکش یکم حرف بزنیم آخه میام اونجا خواهرم هست نمیشه حرف بزنیم عین خیالش نیست. بچه مم میگفتم دختر میشه با هم همصحبت میشیم ولی نشد.باز تنهام",3,4.214581052610811,High
thread_8212426_صبا1397_1400/12/06 20:53,نگرانی الکی نداشته باش روتین کار هستش باید انجام بشه..... ناشتایی هم چون تو بارداری قند و تیروئید و.... باید چک بشه ومهم هم هستش,1,3.196991757791693,Low
thread_17052719_starter,"سلام دوستان کسی بوده تو زمان بارداریش دیابت بارداری گرفته باشه؟
من متاسفانه از ماه سوم بارداری متوجه شدم دیابت بارداری دارم از ماه چهارم انسولین و شروع کردم داشت خوب کنترل میشد ولی نمیدونم چرا بعضی وقتا با وجود انسولین بالاست خیلی نگران نی نیمم🥲😔",5,6.045682346069952,Very High
385893033,قبلا تو تاپیک خودتون گفته بودم ...گفتید تاریخ هامون با هم یکیه..من ۲۲ اردیبهشت آخرین پریودم بود.بتام بعداز ۹ روز شد ۱۳۳ بعدش ۲۰۰ بعدش ۲۴۷...چون بتا بالا نرفت اینجوری گفتن,2,4.204192936686013,High
thread_17310367_starter,سلام خانوما دوقلو باردارم بنظرتون با این اعلائم که میگم جنسیت بچه ها چیه من روز تخمک گذاری اقدام داشتم پاهام یخ میکنه حالت تهوع دارم ولی عوق نمیزنم بالا نمیارم شبا بیشتر حالت تهوع دارم و اینکه چون نمیتونم چیزی بخورم بیشتر حالت. تهوع میگیرم گاهی ترشح دارم بیشتر سردم میشه از بوی بعضی غذا بدم میاد و چیزای شیرین ولی چیزای شور و ترش بیشتر ترجیح میدم,1,6.051186631593737,Very High
405468697,عزیزم حتما استفاده کن اولین بار سزارین شدی سخته منم مثل شما بچه اول استفاده نمیکردم ب دکترم گفتم خیلی درد دارم گفت حتما هر 6ساعت شیاف بزار بخدا اب رو آتیش حتما هم استراحت کن و تنها کاری که میکنی ب بچه شیر بده و تو خونه اروم آروم راه برو صاف رو برو اولش درد میکنه اما بعدش خودت متوجه میشی که چقدر بهتر شدی من تو خود بیمارستان ی پرستار دستمو گرفت گفت صاف صاف شو اولش پدرم در اومد اما بعدش دیدم بهترم هر چی بیشتر راه بری بخدا بهتره,2,4.208006332692094,High
thread_17844445_starter,سلام بچه ها ۱۴هفته باردارم ،جفتم پایین هسته دکتر گفته نزدیکی نکن اقام خیلی اصرار داره به نظرتون مقعدی مشکل داره یانه؟,3,4.214126893704815,High
thread_14202403_starter,"سلام خانوما من باردارم دکتر بهم آسپرین داده روزی یدونه
ولی تو نت خیلی چیزای بدی نوشته الان میترسم بخورم",3,3.195965387638353,Low
400357793,"نمیدونم از کجا بفهمم عفونت هست
دکترم سونو کرده گفته خونریزی کردی بنظرت توی سونو عفونت مشخص نمیشد؟؟",3,3.190467138916574,Low
397874438,"قلبش تشکیل نشد مجبور شدم قرص بخورم ، خونریزی شدید همراه با اسهال و تعریق پیدا کردم آب بدنم کامل رفت بدنم دچار شوک شد، چشمام سیاهی میرفت گوشام کامل سوت میکشید، هیچی نمیفهمیدم سرم بشدت گیج میرفت،آخرم دکتر مجبور شد پنساژم کنه، همش یه طرف پنساژ یه طرف☹️☹️☹️
با چاقو و پنس بدون سِر کردن میفتن به جون رحمت،برش میدن با پنس میکشن بیرون ،اونجا دیگه جیغ میکشیدم.
به یه دکتر دیگه گفتم پنساژ شدم گفت چجوری تحمل کردی",8,4.209651587372719,High
402034256,"سلام عزیزم من دختردایی م شرایطش مثه شما بود ولی با سرم درمانی و مایعات و دلستر آب دور جنین نرمال شد
تو طب سنتی هم اینطوریه که با خوردن و خیساندن خرما تو آب ولرم و هر روز چند لیوان بخوری آب دور جنین نرمال میشه
إن شاءالله خدا کمکت کنه عزیزم",1,3.207234181803869,Moderate
thread_15001182_starter,بینی ام مشکل ظاهری نداره تنفسم مشکل داره باید عمل کنم ولی به دکترم گفتم ظاهرشم یکم تغییر بده در حد طبیعی به نظرتون چطور میشه,2,3.198956380627351,Low
thread_16824448_starter,"سلام دوستان یه چیزی خیلی داره اذیتم میکنه خیلی نیاز به همدردی شماها دارم تا یکم آروم شم
من داخل هفته ۱۸ ام بارداری هستم و متوجه شدن که ضربان قلب بچه و رشد اجزای داخلی بدنش با اختلال مواجه شده و باید سقط بشه اونم به روش القایی
خیلی از دردش میترسم بچه اولمم هست",6,6.006369612445269,Very High
thread_11075790_starter,"سلام بچه ها
امشب اصن انقدر بد ناراحتم و بغض کردم ک خدا میدونه
من 7ماهه باردارم
بارداری اولمم هست
بعد از 6سال ناباروری بلاخره باردار شدم
خدا رو شکر مشکل خاصی ام نداشتم و ندارم در طول بارداری
اما تو این هفت ماه مادر شوهرم و خواهر شوهرام حتی زنگم بهم نزدن ک احوال بپرسن
هیچ نگفتن دلت چیزی میخاد یا نه
شوهرم خیلی هوامو داشته تو این مدت
همش خانواده خودم بودن و شوهرم
خیلی از دستشون ناراحتم خیلی زیاد
بنظرتون چکار کنم جبران این مدت بشه؟
خودم میگم بچه دنیا اومد نمیزارم ببیننش
تا یکم جبران بشه و با هم صاف بشیم
بنظرتون درسته؟؟
حالا خواهر شوهر وسطیم نامزدی پسرشه امروز اومده بود خونمون پیش شوهرم ک دعوتش کنه برا نامزدی یه شهر دیگ
من خونه نبودم
بنظرتون شوهرم بره و کارش نداشته باشم کار درستی کردم یا نذارم بره؟؟
همسرم چیزی نمیگه میگه هرچی تو بگی
اگ بگی میرم نگی ام نمیرم
نمیدونم چ کنم 😔",5,5.909216586165712,Very High
401655486,"سیکلام ۲۸ روزن معمولا
شهریور ۴ ام شدم ، مهر یکم ،مهر ۲۸ ام . شمام برام حساب میکنی؟
سابقه مشکلات زنانه فکرکنم ندارم",1,3.190905476747503,Low
thread_16715072_starter,"سلام
من بتا دوبار تکرار کردم دوبرابر شده بود
1083 بود سونو مرد ولی ساک دیده نشد کفت هفته بعد بیا الانم استرس گرفتم که نکنه پوچ باشه اخه تنبلی تخمدانم دارم
هیچ علائمی هم ندارم
بارداری پوچ چطوریه؟؟علائمش چیه تو بارداریه پوچ هم بتا دوبرابر میشه؟؟
منو از نگرانی دربیارین لطفا",5,6.097686352499295,Very High
thread_15147960_starter,"پنج شش سال پیش باردار بودم تجربه کردم قبلاً ولی
همش یادم رفته سختی هاش
الان تازه هشت میشم حالت تهوع شدید هیچی هم بالا نمی یارم  فقط تهوع داره دیونه ام می کنه همراه با ضعف شدید
شما کی بهتر شدی ازین وضع 🤕🤕🤮",5,6.035944163857494,Very High
thread_6735816_mobi200_1400/04/04 12:06,"وای خیلی سخته استرس زایمان هم دارم دیگه بدتر😑
مامانم نمیزاره ددرو بخورم که پسر خواهرم بخاطر مصرف دارو عقب‌مونده ذهنی هست واسه همین حتی دمیترون هم نمیزارن بخورم😫",6,4.200049070859677,High
369410381,از این نونای خشک ک نون فانتزیا دارن بگیر بزار بالا سرت صبح قبل اینکه از جات بلندشی یکم بخور،من از حالت تهوع جونم درمیومد رب انار میخوردم خوب میشدم ،لیمو بو کن ،ولی باید صبرکنی تا ۱۶ هفته طول میکشه معمولا,1,3.200187615746472,Moderate
thread_16462737_starter,"سلام محسن خواهر زاده من یعنی من میشم خاله اش
متأسفانه ۲۴ سالشه و حتی دیپلم نتونست بگیره معدلش ۱۰ هیچ شغلی هم نداره پدر و مادرش ورشکست شدن و اون حالا میخواد بیاد خونه من با من زندگی کنه خرجشو من بدم بخوره و بخوابه و ماهواره ببینه
نظر شما چیه چی جوابشو بدم
من کارمندم مادرم خونه من زندگی میکنه",5,6.050110930125811,Very High
374583395,عزیزم اسی نگران نباش من بچه هام دوقلوان ده سال شونه وتو سونو ها همیشه دخترم خیلی ریزتراز پسرم بود و دکترا تو‌سونو میگفتن که سن دخترت کمتر از پسرته ولی تشخیص نمی‌دادن علت رو تا زمان سزارین که دکترم گفت بندناف دخترم دوتا گره داشته و مواد غذایی خیلی کم بهش میرسیده اما خدا خواست که بمونه با همون وضعیت نگران نباش خدا مواظب کوچولو ها هست,1,4.194426478725291,Moderate
305176147,تا درست شدن کامل شرایط همسرتون هرگز بچه دار نشین. چرا؟ چون ممکنه کارتون به جدایی بکشه و آوردن یه موجود بی گناه این وسط اشتباه محضه! بعد هم هرگز به خیانت فکر نکن میدونم شرایط سختی داری و میخوای از همسرت انتقام بگیری اما بدون خیانت اون هم از نوع جن سی  خیلی خیلی زشته!!! با این کار هم خودت سرشکسته و افسرده میشی هم خانوادت(فرزند و پدر و مادر...) هرگز به این خفت تن نده.شما زنی پاک هستی و این از نظر من مهم ترین سرمایه یک زنه قدرش رو بدون.شاید همسرتون اختلال شخصیتی داره(مریض جن سی) درمانش کنید با مراجعه به اهل فن,2,4.228701968384485,High
317674965,در دوران بارداری ، مصرف خیلی چیز های عادی ، غیر عادی میشه ، لذا باید تحت نظر طبیب باشه . اما شکاف لب و .. که نوشته ، همه داروها عوارضی می‌توانند داشته باشند و این قطعیت نداره و کم پیش میاد . اما در دوران حاملگی باید تحت نظر پزشک باشه حتی رژیم غذایی یا یک قرص ساده . چون عملا با دو تا بدن سر کار داریم که کلا فرق دارند,2,4.211338096749387,High
413460722,"اره عزیزم
منم پارسال یه خواستگار سنتی داشتم تو جلسه ی اول رفت
فقط یک بار اومد خونمون واز نظر روحی خیلی آسیب دیدم
پدرم کلی سرکوفت زد که دیدی پسره چه جور فرار کردرفت
واسطه گفت پسره گفته من روم نشده نگاه دختره کنم
در کل دیگه نیمدن
من میگم خواستگار نداشتن خیلی بهتراز اینه که خواستگار داشته باشی ولی جور نشه
حداقل ناراحتی واعصاب خوردی نداری",3,3.190779162359831,Low
thread_17707068_starter,"دیشب پاشدم نمازشب
خیلی ناراخت بودم از وضعیت زنذگیم ۵ ساله مطلقهم و تنها و...
تو قنوت نماز وتر از ته دل گریه کرذم گفتم خدایا اگ این سختی های زنذگیم تاوان گناهامه چرا نمیبخشیم
اگ حق  الناس چرا راضی شون نمیکنی
و.... این مدل حرفا
بعد دیگ سطل سطل اشک میریختم گفتم خدایا بکشم عجلمو برسون راحت شم و ارزو مرگ کردم از ته دل
بعد از نماز صب خابیدم
خاب دیدم یکی از اعضا خانواذم گفت معده م درد میکنه بردمش دکتر
اونجا ک رفتم خاهرمم بود فامیلامونم بودن انگار همه خبر داشتن باید بستری میشه فوری هم باید بستری میشه و الا دور از جونش خطز مرگ براش داشته
من فقط بی خبر بودم
بستری ش کردن رفتم پیشش خیلیی شدید درد داشت
صورتش از شدت درد عوض شده بود تیره ولاغر پیر شده بود خاستم دستشو بمالم اروم شه درد داشت دردش شذید شذ
رفتم شکمش بمالم گفت نکنننن شکم از داخل تکه تکه کرذی ودردش شدیدتر شد
گفتم نترس بزار ب دکتر بگم ب دکتر گفتم گفت ن از شدت درد فکر میکنه تکه تکه شده
تمام بدنش درد داشت
فامبلامون تو حیاط بیمارستان بودن
یکی از فامیلام ک مرد هست و فوت شذه بدون پیرهن با شلوار وایسادع بود تو خیاط (تو خابم زنده بود)
بعد رفتم ی چی انداختم رو سرم گریه گریه میگفتم امام زمان بهم برگردونش بهم ببخشش ازم نگیرش و داشتم هلاک میشدم
خوب شد برگشتیم خونه مون
میشه تعبیرش کرد ک اون شخص گناه کرذه و من دارم تاوان میدم و این جوابه این بود ک میکفتم خدا چرا نمبیخشیم اگ تاوان گناهمه این زندگیم ک تو نماز میگفتم
یا بی ربطه؟",6,5.890534616934019,High
320094015,"داداشم اومدنش پیش من کنسل بشه وخوب بشه حالش
مامانم واقعاداره روانینم میکنه من دوتابجه کوچیک دارم برادرم مشکل دوقطبی حاددارا یک ماه بیمارستان بستری بوده مامانم میگه وقتی مرخص دبیادخونت بمونه تامن کارای خونه خودموبکنم میخوادجابجابشه اخه...بعدمامانم یک ماه پیش میخواست خفه کنه سرهمین بیمارستان بستریش کردن حالامامانم واقعانمیفهمه من چجوری بایدازداداشم مراقبت کنم بااین وضعش میگه داروبخوره خوب میشه واقعا شاجای من بودیدقبول میکردید؟نمیترسیدید؟",8,3.192025483549514,Low
thread_15776780_starter,"رابطه داشتیم ولی فک کنم پرده م پاره نشد
ماه های اخر دوران عقدمون هس
سریع از قرص اورژانسی استفاده کردم
الان حدودا دو هفته گذشته من خون قهوه ای داشتم ک تبدیل ب پریود شد بعد قط شد
امروز دوباره صب شرو شد خون ریزی الان قط شده
چمههه  بخاطر قرص اورژانسیه ینی؟؟",4,6.030024426426998,Very High
thread_13382485_starter,"سلام خانوما
من 6 ماه پیش سقط داشتم اونم دوقلو
بعد الان تازه فهمیدم 5 هفتمه واقعا میرم دستشویی گلاب به روتون میترسم دستشویی کنم چون دفعه پیش تو 6 ماهگی بخاطر همین دستشویی رفتن و زور زدن و اینکه طول دهانه رحمم پایین بود کیسه آیم اومد پایین و پاره شد. الان میرم دستشویی حس میکنم همزمان با مدفوع یه چیزی میاد تو واژنم یعنی سکته کردم دستشویی نکرده اومدم بیرون میخوام ببینم شما هم اینطوری بودین؟؟ برای درمان یبوست چیکار کنم؟؟",6,5.886478096188512,High
thread_17854715_starter,بچه ها من حاملم هفته۸ و شوهرم تک فرزنده و خانواده ش میدونن و وضع مالی خوبی دارن ما اپارتمان نشین هستیم و بنام مادرشوهرشنبه  هفته میش همسرم گف بیایید خونه بخریم ویلایی زنمم طلاهاش میفروشه بعد پدرش توروم نگده کرد گف میفروشی هرکار کنی باز خونه بخریم ب نام مادرشوهرمه من گفتم این چ حرفیه مگ من چنبره زدم رو اموالتون وگریه کردم گف ادم از قبل باید بگ  ودیگ ۵شنبه این هفته دعوت کردن فقط فردای بحث مادرشوهرم پیام داد خوبی ترسید ی چیم شده باشه چون همون شب میلرزیدم بعد اون دیگ خبری ازشون نشد ودعوتم نکردن بنطرتون منم الان بعد۸روز پیام بدم یانه,5,6.092881259927253,Very High
385603410,"استارتر ناراحت نشی خودت  نوشتی شوهرت بود و نبودش توی زندگی بی اثره .
نمیدونم والا
خب زندگی کن باهاش  ان شاءالله شابد معجزه شد و یه آدمی که سی چهل سال  به درد نخور بوده الان  درست بشه",1,3.197978178066478,Low
thread_18136780_starter,"خودم همیشه یکی زاپاس دارم یکی در حال استفاده
چیزایی مث مایع ظرفشویی ، لباسشویی ،مایع دستشویی
شامپو و شامپو بدن و...
ی سریا ب اندازه مصرف سالانه خرید میکنن شما چطور؟",1,3.1970485136153,Low
412508718,"زن داییم که سنی نداشت حتی ماهم نمیدونستیم که اینجوری شده یعنی مادربزرگم و مامانم و خالم اینا میدونستن ولی چیزی نگفتن به کسی ماهم بعدا فهمیدیم ولی بازم مشکلی نداشت کسی حتی من اصلا یادم نبود این دوتا رو الان تاپیکتو دیدم یادش افتادم
همشون یه سه چهار سال پیش ولی زن عموم بیشتر بود
این خط آخرم نفهمیدم چی نوشتی😂",1,3.196935945019959,Low
thread_17694579_starter,"من طبیعی زایمان کردم ۹ روز پیش
هنوز میترسم بخیه هامو نگاه کنم میترسم اگه یوقت قیافه واژنم بد شده باشه افسرده شم🥲
خانومایی که طبیعییی زایمان کردن بگین شما واژنتوت بعد زایمان بازم مثل قبل شد یا از فرم افتاد ؟",4,5.917394755510031,Very High
332606419,"رو خودت کار
خونه شاید تا یه جایی مشکل داره اما بقیه‌ش خودتی
اکثرا همینیم ، روی خوبمون برای کساییه که پشیزی برامون ارزش قائل نیستن.",2,3.20794600274894,Moderate
thread_17990065_starter,"سلام خانوما
من باردارم سه ماهمه زیاد حالم خوب نیست و جون ندارم قبل از بارداری خیلی رو نظم بودم ولی الان اینطوری نیستم
دیشب گوشی شوهرم رو برداشتم دیدم توی اینستا روی استوری های یه دختری ریپلای کرده و یه بار از قیافه اش تعریف کرده یه بارم بهش گفته عزیزم دلم
ولی دختره کلا هیچ جوابی نداده بود و صفحه خالی بود
خیلی اعصابم خورده و ناراحتم
الان با این وضعیتم نمیتونم کاری کنم ولی نمیدونم به روش بیارم یا نه ؟
صبح که بلند شد و رفت من خواب بودم
اگه به روش بیارم صد در صد میخواد خودش رو بزنه به ناراحتی ولی حس میکنم بی فایده اس
چیکار کنم بگم یا نه اگه آره چطوری بگم",5,5.892697295726975,High
389769849,"قرص امنی هستش
امپولشم میزنن برای باردارا
نگران نباش
کلی ادم خوردن قبلا بچشونم بدنیا اومده
چیزی باشه ممنوع میشه کلا",1,3.187156872423657,Low
366381981,"بچه ام که نیستن
تنها راهش اینه از هم دورشون کنی مثلا کلاس بفرستی حداقل یکیشونو جوری برنامه بریز اون یکی بیاد خونه اون بره کلاس
اینجوری وقتی ام بیان خسته آن احتمال دعوا کمتره
انرژیشونم خالی میشه
اونیکه پرخاشگرتره و بفرست ورزش
یا اگه نمیتونی ببر بیرون یکیشونو یا خونه مادربزرگی.خلاصه سعی کن دورشون کنی",2,3.2034936217824,Moderate
408551183,"رابطه محافظتنشده داشتم برای اولین بار و بعدش قرص اورژانسی مصرف کردم. حدود یک هفته بعد بهترتیب ترشح سفید، قهوهای، خونریزی چندروزه و بعد لکهبینی زرد داشتم که کمی بو داشت و بعد از حدود ۷ روز تقریباً قطع شد
. نفخ و احساس سفتی شکم دارم، بدون درد ولی تاحالا این شکلی نبوده که بگیم پریوده.
امروز یک نقطه ترشح سفید دیدم، واژن مرطوبتر از قبل شده و بوی خیلی بد شبیه مدفوع میدهد. نوک سینهها که قبلاً تو رفته بودند الان بیرونزدهتر و نرمتر شدهاند. بیبیچک روز ۱۱–۱۲ منفی بوده و قصد دارم روز ۲۰ صبح دوباره تست بزنم. سؤال اینه که با این علائم احتمال بارداری هست یا بیشتر به عوارض قرص اورژانسی یا عفونت میخوره؟",5,4.218507199517717,High
346198084,"جوشانده تخم شنبلیله برای دیابت خوبه
آش جو
نان جو
ماست و کدو سبز
باید قند ها حتی قندهای طبیعی و میوه کم بخوره یا حذف کنه
نشاسته ام کم بخوره
ورزش پیاده روی
عصاب آرام
داروهاشم بخوره به موقع
دیابت دروازه ای به سوی هزار مرضه چون اینا سیستم ایمنی بدنشون فوق العاده ضعیفه به خصوص اونا که مثل مادرت کنترل نمیکنن",1,3.191853247199106,Low
400485584,"بله تهرانم برام نوشته سونو فردا ساعت ۴.۳۰ وقت دارم
ولی تا فردا چطوری صبر کنم دارم می میرم از نگرانی",5,3.203332979886909,Moderate
thread_14188064_starter,۵ هفته باردارم،سر بارداری قبلیم یه سری موضوعات اتفاقاتی افتاد که فوببا گرفتم احساس میکنم خیلی تنهام کسی نمیتونه کمکم کنه،حتی به یه مشاور هم زنگ زدم و مشکلاتم گفتم اونم یه سری چرت و پرت گفت،دیگع تصمیم گرفتم تا بزرگتر نشده سقطش کنم چون تو این دو هفته انقد فکر و خیال کردم مردم دیگه,6,6.002676480304217,Very High
thread_8548687_کمحرف_1401/02/06 08:08,بله نظر من هم حرف شما منطقیه.چون زنی که هم خونه کار میکنه هم منزل نمیتونه خوب زندگیشو اداره کنه از یه جا میلنگه نه میتونه به زندگیش اونجور که هست برسه نه به کارش.به نظر من استقلال مالی داشتن خوبه.اما هزینه و مخارج زن بر عهده مرد هست.من خیلی شنیدم زنعایی که خودشون کار میکنن و استقلال مالی دارن شوعرشون یه جا دیگه سرگرم یه زن دیگه شده و بچه داره.چون میبینه زنش نه توجهی بهش میکنه نه محتاج از لحاظ مالی هست,2,3.193771763122641,Low
thread_17200995_starter,من هفته چهارم بارداری ک ازمایش بتام ۳۸۰ بود بعد پنج روز پریود شدم رفتم سونو گف رحمت سالمه هیچی توش دیده نمیشه ب جز یه کیست خیلی خیلی کوچیک کمتر از دو میلی متر که ممکنه ساک حاملگی خیلی اولیه باشه امروز روز سوم پریودمه و رحمم تو سونو دیروز هیچی توش نبود میخوام بعد تمموم شدن دوره پریودم دوباره ازمایش بدم ببینم بتام اومده پایین یا نه اگه نیومد پایین برم دکتر زنان  و ی سوال اونایی ک سقط بارداری شیمیایی داشتن یعنی قبل اینکه ساک حاملگی کامل درست بشه سقط کردن تو دستشویی ب شکمشون فشار زیاد میومد؟ خیلی عذر میخوام من بخوام برم دستشویی انگار دل و روده ام میخواد از جا کنده بشه از دیروز اینطورم,5,5.980724506760907,Very High
403585314,"برای زن باردار زیر ۹۰ باید باشه قند ناشتا
اره اگه با رژیم پایین نیاد باید انسولین بزنی",1,3.201207474317925,Moderate
389824337,"اره شیر زیاد میخوره یعنی از اونه ؟
چرا آخه ؟ خب وقتی گریه می‌کنه چیکار کنم پس",2,3.195729609637056,Low
412807633,"منطقه شهرک نشینه و ساحت ساز زیاده و مهندس شهرداریم ازینایی که واقعا هیچی بارش نیس
برا پدرم نقشه کشید افتضااااح اتاق خوابارو گرد طراحی کرده بود کلییی خزاب کردیم و ساختیم از اول هزینه...
بخاطز همین میخوام خودمم یه تحقیقی داشته باشم",3,4.194304995631683,Moderate
331024504,"ممنونم
بخدا نمیدونم چی بگم از خوبیش همش میگم یعنی فرشته هاهم‌انقدر خوبن طوری بود ک‌حتی ینفر ک‌فقط سلام علیک‌کرده بود با بابام انقد گریه میکرد اخ خدا بمیرم‌براش وقتی یادم‌میاد چکاراک‌نمیکرد برامون ساعت۲نصف شب زنگش‌میزدیم‌بیاخونم دنبالم نه نمیگفت زود میومد غر نمیزد عاشق این بود همش خونشون‌باشیم 😭",1,4.219441216802807,High
412966939,"اخخ چ بی ملاحضه 😣😣
خوب کردی
هرچی ادم سکوت کنه بدتر سوار ادم میشن",1,3.196573158602405,Low
thread_10374263_starter,من تو سه ماه سومم و از شانس خوبم برا اولین بار  چنتا تخم شپش پیدا کردم میگن برا خانمای باردار شامپو شیمیایی ضرر داره چند بار از روغن زیتون استفاده کردم فک نکنم شپش باشه ولی سرکه میگن تخم از بین میبره میخواستم ببینم کسی اطلاع داره ؟؟سرکه بزنم به پوست سرم برا جنین مشکل ایجاد میکنه؟؟😭😭,4,6.032512843281438,Very High
262644053,"آره از اول پریود
البته چون سقط داشتی میتونی بری دکتر که شاید واسه احتیاط برات شیاف بنویسه ولی سونو رو تا قبل ۸ هفته نرو
چون تا قبلش ممکنه هنوز قلب تشکیل نشده باشه و الکی استرس بگیری و غصه بخوری",1,4.218055091685528,High
410443365,"اره امکانش هست حتی تا 20 روز بعد انتقال
من یه بار اینجوری مثبت شدم
البته من سقط مکرر بودم از بین رفت
اول باید آرامش داشته باشی خیلی موثره
ان شاالله مثبت میشی",2,3.207221064878468,Moderate
316792075,عزیزم من با آی وی اف باردارشدم و متاسفانه جنینم مشکل شدید مثانه و مجاری ادراری داره که مجوز سقط قانونی دادن و مطمئنا اصلا برام راحت نبوده,5,4.225584823295776,High
393205397,عزیزم منم ۲۴سالمه پسرم ۱۴ماهشه و من ناخاسته باردار شدم برای ما کاندوم پاره شد و من سریع قرص اورژانسی خپردم ولی اصلا اثر نکرد دوماهه زندگی نکردم همش عذاب وجدان فکر ب اینکه اون روزایی ک سخت بود شب بیداری ها گریه ها دوباره باید تجربه کنم اونم با  ی بچه کوچیک دوساله ک اونم بچه س چیزی نمیفهمه منو داره تا مرز مرگ و سکته میبره همش استرس دارم خاب ندارم زندگی ندارم واقعا و شوهرمنم گفته بود خودت تصمیم بگیر یا سقط‌کنی یا نگه داری من چندبار تا پای سقط رفتم ولی نتونستم ولی هنوزم باهاش کنار نبومدم من کلا دوتا بچه میخاستم ولی نه الان و وقتی بچم کوچیکه هنوز خودش بچش شیر میخوره پوشک میشه هیچ درکی از بچه دیگه نداره من میترسم واقعا نمیدونم میتونم این روزا رو بگذرونم یا ن خدا کمکم کنه امیدپارم از اینکه سقط نکردم پشیمون نشم خدایا کمکم کن😭😭😭😭,8,5.87440508460304,High
409855871,"جوابای غربالگری مبتنی بر آماره..یعنی اگرشما حتی یکی از اقوام درجه یکتون مشکل داشت صددرصد مثبت میشه.یااگ سیگاری باشی یاسنت بالاباشه یاازدواجتون فامیلی باشه احتمال مثبت شدنش میره بالا
من خودم پرسنل آزمایشگاهم و غربالگری ندادم ولی سلفری رفتم. تست خوب و مطمینیه وقطعا ارزش انجام دادنو داره",1,3.190261825842754,Low
341488180,مرگ حقه بزرگوار. هیچی ندارن جالبه. نه خانواده من نه خانواده همسرم. دوتا بی پول و بی پشتوانه باهم ازدواج کردیم گفتیم زندگی مون رو می سازیم که تورم مارو ساخت. ما تا آخر عمرمون نمیتونیم امید داشته بتونیم وضعمون بهتر بشه. تا آخر عمر باید درجا بزنیم.,5,4.227560984105367,High
258003322,دوست عزیز لطفاً این قضیه رو جدی بگیر و حتما دکتر برو.منم هفته ۳۵ دو روز لکه بینی داشتم و دچار زایمان زودرس شدم.با اینکه خیلی به ترشحات و علایم زایمان توجه کردم و سریع خودم رو رسوندم بیمارستان بچم مرده به دنیا اومد اما با خواست خدا با CPR برگشت.نمیخوام بترسونمت ولی یه nst برو بده فوری,4,4.223056235395688,High
394084719,"من دو روز از موعدم گدشته
درد سینه دارم نوک سینه هامم تغیر کردن
کمر درد خفیف پایین کمرم
ضعف میره انگار کمرم اینجوری...",2,4.208250509296249,High
382135597,بببن توی کانال بانوانش 60هزار عضو داره...خییییلی ها انجام دادن این دستور رو و پیام میدن که مدت هاست پریود نمی‌شدن بعد مصرف پریود شدن راحت...ضرری نداره...کار سختی نیست فقط چند تا دمنوش مثل رازیانه شوید و شنبلیله باید طبق دستوراون دکتر بخوری...,1,3.206181146466406,Moderate
404040757,"من ۳۴ هفته زایمان کردم با اینکه دهانه رحمم ۴ سانت باز شده بود و بچه داشت طبیعی میومد ولی دکترم اجازه زایمان طبیعی نداد و دستور داد سریع بردن اتاق عمل و سزارین شدم
دکتر اگه دکتر باشه فکر همه جا رو میکنه ، اولین بارش نیست که با این اتفاق ها رو به رو میشه !",3,4.224289732375382,High
411324218,"سلام عزیزم به سلامتی بغل بگیرید شون
دکتر به شما نگفته بود ریداکت کنی؟ منم الان ۳قلو باردارم دکتر میگه باید حداقل یکی رو ریداکت کنی واقعا موندم چکارکنم دلم نمیاد اما میگه خیلی خطر داره
شما تهران هستی پیش کدوم دکتر بودی
ممنون میشم جواب بدی",6,3.20054591706139,Moderate
thread_17779759_starter,"خدایا وکلای نسلz رو به راه راست هدایت کن😂😂 این پیامش...
ی جواب منطقی و خوب خودشم هنوز ترم یک حقوقه ومن دارم ارشدمومیگیرم:/ ونسل زد ام",1,3.198726036993321,Low
350805729,"ن اخه چرا هدی ن مذهبیه ن امروزی
مثلا هدیه خیلی از هدی بهتره اگه اسم امروزی دوس نداری
ی اسم همیشه مد بزار ن یه چیز قدیمی و بی معنا",1,3.199573824198524,Low
320713781,میگن جز نقص عضو نامه نمیدیم نمیدونم چیکار کنم دیروز همه جا رفتم و التماس کردم,5,3.192892186742029,Low
320508220,"من یه دوره مصرف کردم
نه سونو نرفتم یه بار دیگه بتا دادم پایین نیومده بود گفتم چون درد و لک بینی ندارم بذارم هفته دیگه برم شاید یه چیزی مشخص شد",2,4.211873281814213,High
thread_13487860_starter,متن آهنگ:از جلو قلمبه ای از پشت قلمبه تر خود دلیل آهنگ گذاشتن اینه که مشتری جذب صدای قشنگش بشه آرامبخش باشه با این صداهای مبتذل هیچکس طرف مغازت نمیاد اگر مغازه دارید به این نکته دقت کنید هر صدایی رو تو مغازه پخش نکنید برکت میره,1,4.227705375640653,High
296923498,"اهاااا مرسی رفع ابهام کردید 😅
ادم قبل بارداری اخه از کجا بفهمه ژنش چطوریه !!",1,3.206753997267697,Moderate
thread_14895852_starter,"چیکار میکنید چجوری‌میگذرونید من ی مدت حس‌میکنم‌واقهت افسردگی‌گرفتم‌خیای زندگی بهت م‌سخت‌میگذره همش بهش شک‌دارم اصن حالم خوب‌نیست کافیه ی باز‌جواب‌نده میمیرم‌زنده‌میشم
شب تا صب موقع رانندگی‌ هرلحظه ک بیکار میشم انقد فکر‌میکنم دیوونه شدم😭😭😭😭خیلی زیاد حالم بده خیلییی",5,5.897429014738009,High
257945178,چرا من پرسیدم از دکترم گفت برای فشار ضرر داره ولی برای رفع هوست یکی دو قاشق میتونی بخوری,1,3.200403774550068,Moderate
thread_12564950_starter,سلام به همه ۶ هفته رفتم سنو گفت همه چی خوبه جنین ساک و حتی قلب هم داشت ولی دوهفته بعد که رفتم مقل دیروز گفت خانم قلبش از کار افتاده و تو همون ۶ هفته مونده  الان دارو هام قطع کردم وبی هنوز امید دارم میگم شاید اشتباه کرده باشن نمیتونم قبول کنم سقط سه خدا خودت کمکم کن,6,6.146042857849807,Very High
thread_8894618_جییییگر_1401/04/03 15:23,به نکته خوبی اشاره کردی اخه منظم نبودم pCO بودم و خود به خود رفع شد دیدم تو سونو یه فولیکول ۱۸ نشون داد غالب دکتر گفت امکانش هست باردار بشی . بعدش خواستم بدونم اگه پریود نشم پس صد در صد یعنی حاملم,2,3.207748023387467,Moderate
thread_8219616_starter,"وقت شیردادن ب بچم تهوع میگیرم شدید
ازچیه؟ ازاولین مکی ک میزنه تهوع میگیرم",3,3.192128405826224,Low
326220582,"عزیزم میشه توضیح بدی که سخت بود یا نه
چقدر طول کشید
دردش چجوری بود؟؟",1,3.197676472262174,Low
349290654,من بارداری قبلی اصلا با همسرم رابطه ندانستم هرگز از نیاز حرف نزد گفت اصلا بهش فکر نمیکنم ک دلم بخواد این همه ما سختی میکشیم یکمم باید درک کنن الانم ک باردارم باز همون وضعه این روزا تمام میشه ماندگار ک نیست،من با اینکه سز کردم شکمم و تخت تخت کردم ک نیم تنه همیشه تنم بود ما زنا قوی هستیم ب هر چی بخوایم میرسیم,3,4.228254951884082,High
349289794,"عزیزم دلم،مامان خوشگل بیشترش رفته و کمش مونده
چشم به هم میزنی این چند هفته هم میگذره و نی نی و میگیری بغلت
وقتی صدای گریه ش بشنوی همه این سختیا یادت میره
بغلش کنی ،بوی تنش حس کنی کلی کیف میکنی
اولاش واقعا سخته اما کم کم یاد میگیری و قلق همه چی میاد دستت
وقتی مادر بشی دنیات یه شکل دیگه میشه ،اصلا انگار یه آدم دیگه میشی
نگران خیانت همسر هم نباش این افکار بریز دور و مطمئن باش شوهرت هم مثل شما منتظر ثمره عشقتون هست
انشالله صحیح و سالم بغل بگیریش",1,4.196690969898555,Moderate
410134113,سونو امروز میگه ۸ هفته چون رشد بچه متوقف شده ولی در واقعیت ۶۲،۶۳ روزمه,2,3.19860633123244,Low
377482118,خب نداری دیگه نگران نباش کاچی درست کن بخوررحمت زودترجم میشه به کمرت هم زیادفشارنیار,1,3.208018393195744,Moderate
407136048,بچه من گفتن کم وزنه و فشار شریان رحمی داشتم و خوب بچه تغذیه نمیشد خودمم ویار داشتم گوشت و کباب و ماهی اصلا نمیتونستم بخورم فقط تنها کاری کردم هرروز یه کاسه خوراک لوبیا و یه لیتر شیر میخوردم و با اینکه بچم یکهفتع زودتر بدنیا اومد ۳۶۰۰ بود وزنش,2,4.213156098674517,High
thread_17451260_starter,سلام من از ۱۳ هفته دکتر بهم پرولتون داده تا ۱۹ هفته این امپول هفته ایی یکی زدم.امروز دکتر میگه منسوخ شده فقط شیاف ادامه بدیم.من چون سابقه کوتاه شدن دهانه رحم دارم بنظرتون چی کنم.نکنه پرولوتون تاثیر بدی روب جنین گذاشته باشه.؟؟دکترا آدمو عذاب میدن,5,5.993356481127194,Very High
356412212,"استارتر الان با اینکه مشکل شما تهمت زدن اولیاست ولی مطمئن باش کاربرا یه بحث دیگه رو وا میکنن
اینجا نی نی سایته توقع حرف حساب نداشته باش",2,3.195822670453708,Low
359751904,یبار که فشارمو گرفت پایین بود ولی نمیگه بهم چیکار کنم,2,3.189545815968813,Low
316700304,نگران نباش معمولا تا زایمان کنی برسیش میکنن ان شاءالله  بچه رشد طبیعی  داشته باشه هیچی نیست یا تا زایمان میکنی از بین میره یا تا ۶ ماهگی از بین میره   فقط باید فک کنم یه اکو قلب جنین بدی و انومالی دقیق باید انجام بدی,1,4.196418682091917,Moderate
thread_7225282_aynaz3676_1400/06/19 11:42,وای روح سرگردون چجوره سخته🥺🥺,2,3.190240269459537,Low
320634029,"دقیقا شرایط تورو داشتم گفتن برگرد خونه برگشتم با درد شدید ب خواسته ی خودم فرداش رفتم سونو و معاینه تا معاینه کردن معذرت میخوام متوجه شدن بچه خیلی وقته مدفوع کرده و داره میمیره
اورژانسی سز شدم
بچم تو آی سیو بود خدا دوباره بهم بخشیدش
خداازشون نگذره بیمارستان دولتی همینه
اما الان ب همه میگم گدایی کنید برید سزارین اختیاری حتماااا",6,4.209086589502476,High
thread_17279461_starter,"من 13 مهر پریود شدم
28 مهر رابطه بدون دخول داشتم و منی هم نزدیک واژنم ریخته نشد بعدشم رفتم دستشوئی چیزی نبود
نیم ساعت قبل رابطه ی تنسی 1ونیم
بعدشم دوساعت بعد  ی دونه دیگ تنسی 1ونیم
الان 5 روز پا درد و کمر درد و لگن درد شدید و سینه درد دارم
احتمال بارداری نیس؟؟",4,5.983647570479661,Very High
305127935,"داخل
، لکه کوچک و روشنی است که داخل
وجود دارد و با سونوگرافی دیده می‌شود و اغلب در بطن چپ
دیده می‌شود. باید توجه داشته باشید که این عارضه هیچ تاثیری در عملکرد
نخواهد داشت و در اغلب سونوگرافی‌های قبل از زایمان مشاهده می‌شود.",1,4.198619781731395,Moderate
thread_14306709_starter,سلام من باردارم۱۸هفته ۵روزمه دیروز رفتم سونوگرافی آنومالی دکتر گفت توی کلیه چپش به اندازه۱/۷ورم خیفف وجود داره گفت نگران نباش رفع میشه سی دو هفتگی گفت برم سونو ببینم رفع شده یا نه وایی من خیلی استرس دارم تاحالا برا کسی پیش اومده,5,5.965840089626454,Very High
thread_14651105_starter,"از دیشب واژنم نزدیک به دهانه رحم تیر می‌کشه
دردش شدید نیس مداوم هم نیست قطع و وصل میشه
طبیعیه؟
هفته هفتم",3,4.19906905858079,Moderate
382860609,"والا من دچار خونریزی شدم
رفتم گفتن قلبش میزنه دوباره سونو کردن گفتن مشکل جفت که پاییین
داروهم داده اندازه ۱۰ روز قرار برم حالا بعد این ده روز دوباره البته استراحت کردنم مهمه
زیر سه ماه البنه طبیعی جفت پایین باش من الان از سه ماه رد شدم ولی باز پایین",3,4.22074359280623,High
337942326,ای بابا به من لانزوپرازول داده بود بعد کلی تحقیق و نگرانی زنگ زدم میگم این رو به همه میدی آخه تست روی انسان نشده گفت نخور😶اصلا مهم نیس واسشون😔 منم چیزی نخورم میمیرم,5,4.214651134127053,High
thread_7613212_nffff_1400/08/22 18:19,ما هم میدونیم خواهرم دوس پسر داره ۶ ساله باهمن ۵ ساله با هم میریم مسافرت و اینا مامان پسره هم میدونه با ابجیاش فقط باباش نمیدونه,1,3.197654751490973,Low
410100403,"من چنین تجربه ای نداشتم .
ولی بعید میدونم بعد این همه وقت جای بخیه درد بگیره
بهتره یه معاینه بشید",1,3.192313049890799,Low
413382620,"تپش قلب جنین رو که نمیشه حس کرد
حرکات خیلی ریز شبیه ترکیدن حباب یا لیز خوردن ماهی هست معمولا
والا یادم نمیاد اولین بار کی بود  با اینکه امسال بود",1,3.205148988308792,Moderate
371304707,حق طلاق چیه؟حق تنصیف یه چیزی؟هنوز نرفته فکر طلاقین؟عقلتونو بکار بندازین...,2,3.191699418812277,Low
346679829,"من استفاده کردم خیلی برام خوب بود سر سه روز التهاب و سوزشش و دردش رفت.
دو روز دیگه بزن.حتمن اثر میکنه",1,3.201597412655246,Moderate
thread_18075029_starter,"سلام دوستان
من هفته ی پنجم و ۶ روز بارداری هستم
سه هفته هست که لکه بینی قهوه ای همراه با درد کم شکم دارم. یک روز دردم و لکه بینی بیشتر شد وقتی خسته میشم بیشتر میشه و بعدش باز کم میشه.
سن بارداریم توی سونو ۴ هفته از سن پریودیم کمتره
و هنوز صدای قلب سونو شنیده نشده
کسی با شرایط من بوده که بچش سقط نشده باشه.",5,5.990420477639873,Very High
thread_18049840_starter,از چه محصولاتیش که خریدید راضی بودید,1,3.204140102769088,Moderate
403769018,"خداروشکر
شاید حکمتی داشته
شما هم طبیعی اقدام کن هم ivf
من الان بهم میگن تخمک اهدایی بگیر.منی که مشکلی نداشتم.چون همسرم میتونه با ivf بچه دار بشه ولی تخمک که دیگه درست نمیشه
دنبال فرزندخواندگی هم هستیم
اگه نمیخوای مثل من تو این مسیرا بیفتی زودتر پیگیر ivf بشو",3,3.20649507762937,Moderate
384801328,"اون از رفلاکس معده و آب دهان زیاد می‌شده بوده
خیلی عذاب اوره منم داشتم",3,3.197077476270352,Low
407923106,"چند دیقه پیش منم همین تاپیکو زدم
یه لحظه حس کردم تاپیکیه که خودم زدم😑
منم دارم دیوونه میشم چت جی پی تی بالانمیاذ",3,3.204211046198907,Moderate
thread_13342745_starter,"من بخاطر قندم دارو ها میخوردم زیر نظر دکتر زنان
و یسری امپولا زدم
الان باردارم اصلا فک نمیکردم باردار شم این ماه هم اقدام دو بار بیشتر نبود هم اصلا فکرش نبودم
الان دکترم خارج از کشوره ۱۴ اردیبهشت منشیش گفت میاد😑😑😑
پروندمم دستشه ، اصلا یسری داروهارو من فراموش کردم چیا بود که برم به ی دکتر دیگه بگم شرایطمو و امپولارو
الان نمیدونم ادامه بدم دارو یا ن
تو نت فقط نوشته متفورمین و تا سه ماه ادامه بدید🤷🏻‍♀️🤷🏻‍♀️🤷🏻‍♀️🤷🏻‍♀️🤷🏻‍♀️🤷🏻‍♀️
گیر افتادم",5,6.034964413716807,Very High
thread_11697019_starter,"من ۱۹ سالمه
سره یه موضوع خیلی مسخره چنان محکم کوبید تو صورتم که چشمام و دماغو هنوز درد می کنه از دیشب تا حالا اونم تو خیابون تازه البته کسی نبود
بعد من چشمام درد گرفت دو لا شدم دو دستی جلو چشمام گرفتم چشام بسته بود
همین طور که دولا بودم محکم کوبید تو کمرم
دیگه دوسش ندارم 😢",5,6.084866859921021,Very High
412336471,من خودم تو این شرایط بودم مادرم از صبح تا شب میرفت سرکار مارو تنها میزاشت نه غذایی بود نه سرگرمی نه لباس درست حسابی داشتیم این بهترین کاره بچه ها غذا میخوان لباس میخوان ارامش میخوان جهنم که مادر پدر نباشه کاش مادرم منو خواهرامو میزاشت بهزیستی اگه تو این شرایط باشم خودمم قطعا همین کارو میکنم این بهترین راهه,4,4.218389622474206,High
thread_13509923_starter,من با قرص سقط کردم ۶ تا استفاده کردم دردم شدید شد رفتم بیمارستان دو تا ی دیگه رو بعد دو ساعت استفاده کردم الانم با وجود ۶ ساعت خونریزیم قطع شده و تب و لرز دارم چکار کنم,7,6.031409209783305,Very High
thread_17737387_starter,سلام دوستان کسی هست که اکوی قلب جنین گفته باشن مشکل داره ولی سقط نکرده و بچه سالم به دنیا اومده باشه؟اگه تو اطرافیانتون هم دیدین بی زحمت بگین ممنون,2,4.223315260431264,High
411962590,بابا مگه میخان بیان داخل کتکشون بزنن یجور میگی آرامش خانواده مهم نیست مگه ،کلا ده دقیقه بازدیده خب پول لازم شده میخاد بفروشه چکار کنه بنظرتون ؟دیگه چون خونه رو اجاره داده باید قیدشو بزنه ،اصلا منطقی نیست این مدل اذیت کردنا,3,4.225677391303179,High
343769000,اگر تو آزمایشات نوشته نشده نخور عزیز حتی اگر دکتر تجویز کرده بارداری واقعا دوره حساسی هست دختر عموی منم اقدامی دکتر بش گفت زینک بخوره با اینکه کمبود زینک نداشت دوزشم ۱۵۰۰۰ بود مسموم شد، حالا باردار نبود چون مسومیت با زینک خیلی خطرناکه ممکنه باعث مرگ شه اگر حامله بود خدای ناکرده ممکن بود جفتشون بمیرن.,2,4.202144069626684,High
347763620,نترس منم هفت ماهگی دچار افسردگی شدید شدم و همش همین فکرا که نکنه بچم طوریش بشه وکلی فکر دیگه بود ولی مصرف کردم و بچم سالم سالمه,3,4.206275458966047,High
289478095,عزیزم حالا ما احتمالات و نظرمونو گفتیم ولی برای فهمیدن دلیل واقعیش که حتما باید بری دکتر اگه اذیتی و تکرار میشه هر سری,1,3.197052721006912,Low
350906409,وقتی یا وزن ۱۲۰ کیلو باردار شد فرقی تو ظاهرش ایجاد شد؟ سونوگرافی میتونست یچه‌رو ببینه؟,1,3.204067100001339,Moderate
322775660,"برات صلوات فرستادم ان شاالله  بارداریت به سلامتی باشه گلم...
اگه دوست داشتی برو این مطالبو بخون برای زیبایی و هوش و خوش اخلاق و خوش روزی بودن بچه و........ داره
اگه دقیق انجام بدی نتیجه صد در صدی میگیری .
دوستم پسر داره من دختر اون تو بارداریش بیشتر انجام داد و دقیق تر .. دختر من هرجا میرم ازش عکس میگیرن میگن وای چقدر قشنگه .. ولی وقتی با پسر دوستم هست همه توجه ها به اونه از دختر من خیلی قشنگتره
اگه میخوای بچت تو فامیل از همه نظر زیبایی و اخلاق و... تک باشه بخون و انجام بده .. فقط اونایی که می‌ترسی نخور مثل رازیانه و....❌️❌️❤️
فارغ از هر دین و باوری آدم دوست داره بچه های باهوش وسالم و خوبی داشته باشه ... که نه غصه دیر راه افتادنش یا دیر حرف زدنشو داشته باشه نه غصه ناله نفرین دیگران...🚫
اگه دوست داری بچه باهوش و خوش اخلاق و باایمان و زیبا داشته باشی این مطالبو بخون و انجام بده ❌❌❌
یادت باشه
شخصیت و اخلاق و ایمان و عقل و همه چی بچت به دست تو میخواد شکل بگیره... پس حسابی تلاش کن ..
توی حاملگی همه کارارو بکن بچت دنیا بیاد نصف راهو رفتی
یه مثال هست که میگه ذات بد نیکو نگردد چون که بنیادش بد است ... پس بنیاد بچتو عالی بساز .. وسعی کن تو اون نه ماه از گناه دوری کنی ....
غیبت ..تهمت...حسودی... دروغ.. یاهرچی که گناهه تو اون نه ماه دوری کن ازش 💓موفق باشین عزیز
https://www.ninisite.com/profile/forum/topic?topicId=10683214&slug=خانم-های-باردار-یاهرکی-در-آینده-میخواد-باردار-بشه-بدو-بیا&postId=308706153",1,3.189655256391234,Low
267767458,"❖═▩ஜ••🍃🌸🍃••ஜ▩═❖
#ختم_شخصی
#بچه_دار_شدن
⚠️توجـــــــــــــــــــــــــــه⚠️
اگر مشکلتون مشابه مشکل این بنده خدا
هست میتونید از این ختم استفاده کنید❤️
🖊🌹ســـــــــــــــوال⤵️
سلام برای بچه دارشدن چی بخونم خیلی انتظار میکشم و خیلی ختم برداشتم ولی هنوز حاجت نگرفتم ممنون میشم ی ختم بگید معجزه بشه منم دامنم سبز بشه😔😔
🖊🌹جـــــــــــــــــواب⤵️
سلام علیکم
ختم ۲۲روزه بگیرید
⚠️سوره بقره ۲۸۶آیه دارد
هر روز ۱۳آیه میخونید
+آیه ۷۲نحل ۷۰مرتبه
و آیه ۳۲نور ۱۴مرتبه میخوانید
ختم هدیه کنید به حضرت علی و حضرت زهرا
ختم فوق العاده قوی و موثر است دریغ نفرمایید اگر حاجت گرفتید باید ادامه بدهید تا ۲۲روز✋🏻✋🏻✋🏻
🔻با منتشرڪردن پیامها ↯با لینک↯ درثواب آنها شریڪ شوید🔺
✒️ ★᭄°ْ🇯‌🇴‌🇮‌🇳°ْ↯↷↓
https://eitaa.com/joinchat/1359151313Ca784b55c77
•┈┈••✾•◈💠◈•✾••┈┈•",2,4.227237946777677,High
thread_13738914_starter,"وای ت رو خدا استرس گرفتم دارم میمیرم اگر چند نفر الان نیان جوابمو ندن همینجا سکته میزنم واقعا دارم میگم سرم درد گرفته حس میکنم دارم سکته میکنم انقدر ترسیدم
۱۴ سالمه بعد من با چشپام کلا مشکل دارم همش دست میکنم توشون قی در بیارم یا خسته ان فشارشون میدم جیریق صدا میدن سر همینه ک الان چند وقته دو تا خط قهوه ای افتادن گوشه غده اشکیم الان چشم سمت راستم درد پیکرد فشار دادم صدا داد دیگه صدا نداد از اون موقع حس میکنم اب داره میاد بیورن طا چشمم بعد نفازولین انداختم قرمزیش ک ب خون میزد کمرنگ شد
الان دسن زدم حس میکنم چشم راستم از چشم چپم بیتشر رفته تو مثلا دست میزارم رو پلکم راس صافه ولی چپ برجستگی داره میشه بگید این چیه الان چشمم نکنه بیفته تو جمجمم بره تو سرم در بیادی ینی
عمل میخواد؟
التمساتون میکنم جواب بدید دکترم نیمبره مامانم حتی بهش میگم دست بزن میگه ب من ربطی نداره ت رو خدا اگر میبینید جوابمو بدید براتون کلی دعا پیکنم ت رو خدا جواب بدیدد",7,5.982225791274686,Very High
thread_15569844_starter,سلام دوستان میخوام تجربم رو بنویسم واستون من سقط داشتم دوتا دیگه بچه دار نمیشدم دوبار آی وی اف کردم سه بار آی یو آی چندین بار قرص خوردم ولی اصلا نتیجه نمیگرفتم شروع کردم به کرده نخل نر خوردن هم خودم هم شوهرم که اسپرماش ضعیف بودن گفتم دیگه من همه تلاشم رو کردم دیگه هیچ دکتری نمیرم بعد ۷ ماه یهو دیدم بدون هیچ دارویی باردار شدم و حس خیلی خوبیه گفتم با شما هم در میون بزارم که هیچ وقت قدرت خدا رو دست کم نگیرید,2,6.025771306573006,Very High
thread_16510280_starter,بچه ها من 33 هفتمه باردارم امروز رفتم بهداشت مراقبت داشتم بعد ضربان قلبمو گفت بالاعه 110 بود میگه هر وقت میای بالای 100 هستش و اصن طبیعی نیس و باید بری دکتر داخلی یا قلب چون خطرناکه کسی بوده عین من باشه واقعا خطرناکه چون تو گوگل نوشته بین 60 تا 100 باید باشه ولی تو بارداری 10 تا 20 بره بالا مشکلی نداره طبیعیه آیا دکتر نیازه برم,4,6.062786917158519,Very High
396592260,وا همسایمون بیمه سلامته یک ماه پیش زایمان کرد بیمارستان دولتی البته سزارین هم بود شد۳۰۰هزار تومن کجایی مگه شما,2,3.191831086989623,Low
339967819,"همه اینارو بذار کنار قشنگ
صبح و شب توی ساعت مشخص بهش پدی لاکت بده حتما هم تو یخچال نگهداری کن باکتری زنده داره خراب میشه
شبا هم چند قاشق چایخوری نعناع نبات بده
و اینکه اگه شیر خودتو میخوره به غذاهایی که خودت میخوری دقت کن
من دوقلو داشتم خیلی عذاب کشیدم سر کولیک یه روز یکی میگرفت فرداش این یکی فقط گریه خیلی عذاب آخرش اینجور کنترل کردم",3,4.218563593758518,High
385668599,دقیقاً به من گفتن سنت زیاده🥺🤕😔,2,3.203813200409058,Moderate
thread_17503602_starter,از غروب که جواب ازمایش ان تی مرحله ی اول سه ماهه ی اول رو بردم پیش دکتر و گفت باید حتما آمینو سنتز بشی دارم می میرم گفت به خاطر سنت که بالای 37ساله و همچنین ان تی ازمایش رو بالا زده تو سونو ان تی نرمال بود ولی ازمایشش ریسک زده باید حتما آمینو سنتز بشم لطفا هر چی اطلاعات دارین در این مورد بهم بگید چون تا دوهفته ی دیگه از ترس می میرم,6,5.905189560453891,Very High
412037409,"اوفففف دیگه دارم خل چل میشم یک لحظه به خودم فکر نمیکنم هی به فکر این بچه هام 😕
داشتم میگفتم اینا دنیا بیان حداقل ده سال دیگه اسم حاملگی رو نمیارم من غلط کردم😅",5,3.190803343597509,Low
249384092,"من بتام 39999 بود هفت هفته بودم
گفت چن قلو هست یا مول
هیچکدوم نبود یه دخترگل بود.
اولش ترسیدم با این بتا گفتم حتمن خارج رحمی هست ولی اومدم اینجا دیدم تا 70000 هم بوده و یکی بوده بچه خیالم راحت شد",3,4.195727658836404,Moderate
308929912,"ماماها زایشگاه میگن ختم بارداری خداروشکر بچشم تکون میخوره توروخدا کسی تجربه داره بگه؟
بعد چندسال بچه دار شده سنشم بالاست توروخدا راهنمایی کنید😭😭😭😭😭",5,4.195635634678183,Moderate
thread_16387430_starter,"دو روزه دارم از درد میمیرم دیشب رفتم اورژانس بخاطر درد کمر لگن و گهگاهی واژن
فرستادم سونو ضربان قلب جفت و کلیه ها همه چی خوب بود نه ترشحی دارم نه لکه بینی هفته ۱۷ و سه روزمه
درد امونم برده دکتر شیاف نداد یه سرم زد گف همچیت نرماله
دردش زده به مقعدم میشینمم درد میگیره میزنه پهلوها دهنم خشک میشه توروخدا کسی تجربه منو داشته بگه چیکار کنم دکتر میگه طبیعیه پس چرا دردش روز ب روز بیشتر میشه",7,6.11733676030417,Very High
381201065,"تفکر هزار و چهارصد ساله با دونسل دیگه درست نمیشه
سعدی به روزگاران مهری نشسته در دل
بیرون   نمیتوان  کرد   الا   به   روزگاران
.",1,3.204608121988713,Moderate
369270210,پس چطور تو سونو هنوز ساک رو نشون میده 🥺,2,3.202274541559746,Moderate
412778392,"الهیی 😔💔🙂🥺
نون خشک میخورن؟
نون خیس شده چطور؟
برنج خشک یا عدس خشک و جو دوسرپرک نمیدونم
میشه یا نه 🥲",3,3.197256124432897,Low
412365704,این درسته ولی به نظر شما اونی که پسر اه وپیف میکنه هم خیلی با کمالاته یه زن آزاد هست که پسر دوست داشته باشه یا دختر دلیل نمیشه که بقیه بریزن سرش ینی جوری شده اونی که بچش پسر سعی میکنه خوشحالیشو بروز نده,2,4.201985912601231,High
288883327,"اشتباه کردم🤕
حالا امکان بارداری هست یا نه؟
اسپرمی خالی نشده توی واژن
اما میترسم تو ترشحات اسپرم وجود داشته باشه",3,4.197391530915411,Moderate
343404242,گریه میکرد میگفت مریضی بدی گرفتم آبروم میره هیچکس منو خونه اش راه نمیده...دوشنبه صبح ساعت ۵فوت کرد,3,3.191936836323293,Low
411672450,تجربه هماتوم ندارم عزیزم ولی من دهانه رحمم هفته ۲۳ باز شد هماتوم با استراحت برطرف میشه عزیزم تا جایی که میتونی رعایت کن,2,3.201200426801734,Moderate
401899114,آخه دو بارم خواب دیدم سقط کردم رفتم خاکشون کردم به یاد خوابم می‌افتم بیشتر حالم بد میشه,4,3.202981675338378,Moderate
397627489,"بله ان تی همینه
۱۲ هفته و ۳ روز میگن بهترین زمانشه
بعد با جواب سونو میری دکتر یه ازمایش مینویسه برات.
باید قبل از ۲۴ ساعت از سونو ازمایشو بدی.
یه حدودی میگن ولی دقیق نیست.
برای بیمه هم بپرس از چندجا ببین کجاها قرار داد دارن",1,4.2160592474238,High
408982773,ببین اگه زودبه زود میشه دردش یعنی آره آماده باش ولی نه اومد ول کرد چیزی نیست,1,3.199584867099474,Low
thread_17590773_starter,من باردارم شنبه خدابخاد سرارین میشم.کل بارداریم خانوادم هیییچ خمایتی نکردن.ن اومدن کمکم ن اینکه اینکه یرام غذا فرستادن ن حداقل خوراکی میفرستادن.من بچه سومم..همونا هم کمکی نداشتن.دختر اولم مادرشوهر پیرم اومد شنبه بیمارستان.بعدی خدماتی پول دادیم اومد.الانم من کلی استرس کشبدم چون سزارین اورژانسی بابد بشم شرایطم سختتر میشه.با ی خدماتی صخبت کردم بتونه پول بدیم شب بیاد پیشم...کلی دلم گرفته ک خونوادم هیچوقت حمایت نکردن و پشتم نبودن.و حتی بدردم نخوردن.من چهار خواهر دارم.از اونا انتظاری نداشتم بدرد بخورن غیر ی نفر ک از شانس لهم مامانم بعد چهل سال خواست عمل واریس کنه دقیقا زمان زایمان منه و قرار بود بره پیش همین خواهرم ک ی جورای دلسورتر از بقیه هس,6,6.103194365234231,Very High
thread_17848952_starter,آبرسان دراماتیکالیش که بی رنگه،زردش نه، اونی که بی رنگه، محصولش تو شیشهس یا پلاستیکیه؟ لطفا هرکسی مطمئنه جواب بده,1,3.192764329753118,Low
408497824,"من در هر دو بارداریم داشتم
الانم درد دارن اووف کی هفته ۲۳میاد🥴",3,3.191222620194821,Low
thread_17486203_starter,سلام من طبق تاریخ پریودیم ۹ هفتمه اما سنو رفته بودم ۲ هفته پیش گفت ۶ هفتست ساک حاملگی و کیسه زرد رویت شد اما جنین نبود بعد از دو هفته که میشه ۸ هفته رفتم سنو جنین بود اما ضربان نداشت . زد احتمال سقط فراموش شده هست و سنو رو باید ۵ روز دیگه تکرار کنم .کسی بوده شرایطه منو داشته باشه ضربان قلبه بچش اوکی شده باشه؟خونروزی و ترشح ندارم. حالت تهوع هم دارم هنوز .خیلی نگرانم,5,6.050957699327682,Very High
thread_13602365_starter,"شوهرم رفته خونش دیده داره بطری نوشانه و اشغالهای پلاستیکی و قوطی کنسرو و اینا رو از تو خونه اش جمع میکنه، شوهرم گفته میخوای چکار کنی؟ گفته میخوام بفروشم برم با پولش برای خودم گوشی بخرم😳😳شوهرمم هم رفتا 30 میلیون داده واسه اش گوشی خریده. حالا میگم جرا اینکار کردی؟ 3 ماه دیگه بچه مون دنیا میاد باید براش سیسمونی بخریم و پول بیمارستان بدیم. میگه سیسمونی رو که مادر تو باید بخره🤕🤕بچه رو هم طبیعی دنیا بیار، پول سزارین ندارم😭😭
من واقعا نمیدونم با این ادم چکار کنم. اینقدر حرص خوردم تگش قلب گرفتم",6,6.044186098883074,Very High
thread_9273837_starter,"چی خوردین که خوب وزن گرفت
سمنو خوبه؟
چه خوراکی هایی خوبه روی هوشش هم تاثیر میزاره جز ماهی و امگا سه",1,3.20755998804816,Moderate
348984910,ببین مادری درک میکنم ولی رو خودت کار کن دیگه پشتشو نگیری جلو پدرش بعدأ اصلأ هربلایی دلت خاست سر باباش دربیار ولی جلوی بچه هرگز ما همیشه از بابامون حساب بردیم همیشه احترامشو داشتیم قدرشو میدونستیم چون مامانم همیشه احترام میذاشت هیچوقت بابامون ب طرز فجیخی کتککمون میزد مامانم اصلأ دخالت نمیکرد اما بیچاره مامانم بهمون تو میگفت بابام خودشو مینداخت وسط ما هیچوقت ن از مامانمون ترسیدیم ن احترامی گذاشتیم ن قدرشو دونستیم,3,4.203233615702629,High
thread_16582544_starter,دوستان دکتر برام قرص سایتوتک نوشت .چون سنم بالاس و گفت مشکل ژنتیکی داره باید سقط شه .دستورش داده .فقط،گفتم از شما بپرسم که اگه تجربه دارین چه چیزهایی همراش بخورم دردم کمتر باشه یا ازیت نشم .چکار کنم.,4,5.88303542344147,High
thread_17140656_starter,خانوما من ۳ سال پیش متوجه شدم زیر شکمم دقیقا ردی ناحیه تناسلی سمت چپم یکم متورم شده رفتم دکتر زنان گفت سونو بده بعدش گفت چیزی نیست فتق  منم جدی نگرفتم الان درد دارم و اون تورم اومده پایین تر بین کشاله رونم و ناحیه تناسلی و سفت شده  رفتم سونو دادم دکتر سونو گفت ن فتق نیست گوشت اضافس,3,5.971337998445961,Very High
thread_17823138_starter,"میگم تقریبا ۵روز بعد موعد بتا ۱۲۸/۵
کمه؟
امشب باید برم آزمایش دوم حتما باید ۴۸ساعت باشه
دوسه ساعت قبلش نمیشه؟",2,4.199547040050675,Moderate
thread_17790510_starter,سلام من ۷ هفته بودم رفتم سونو قلب نداشت گفت سقط کن من الان موندم چیکار کنم کارم شدع گریع کلی نذرو نیاز کردم 😞شما کمکم کنین چیکار کنم,6,6.012612350770532,Very High
thread_9443994_starter,"سلام من تو هفته ۱۳ هستم
هر قدر تو می نی سایت گشتم همه اطلاعات و صحبت‌ها قدیمی بودن
دوست دارم این دوران تنها نباشم
چون خیلی وقتها نگرانی ها اذیتم می‌کنه مثل الان که از سلفری دارم و منتظرممممم",4,5.983273492893204,Very High
325706786,"چه تلخ
متاسفم
خدا رحمتش کنه جایگاهش بهشت باشه
به بازماندگان صبر و اجر بده
براش قرآن و فاتحه و صلوات بفرست
نماز هدیه بخون
خیرات بده
دستش کوتاهه",1,3.193111559987301,Low
356407157,من برای عقدم استرس داشتم سمبل طیب دم کردم که از استریک کم بشه. چون مقدارش زیاد بود صدام گرفت و در نیومد🤣🤣🤣,3,3.192536961526457,Low
396266542,"نه کمر و لگن داره جا باز میکنه.
اگه شدیدتر شد یا لکه بینی داشتی برو دکتر",1,3.204865212761433,Moderate
342507977,توبه کن و به خدا قول بده دیگه تکرار نمیکنی و برو وضو بگیر برای عاقبت به خیری و سلامت روح و جسم جنینت پیش خدا دعا کن.خدا ارحم الراحمینه,1,3.198820366749715,Low
thread_15738399_starter,"سلام من ۲۰ ام ماه قبل پریود شدم یه روز دیگه باید دوباره پریود بشم
من گاهی وقتا علایم خستگی و خواب الودگی دارم .کمرم تیر میکشه گاهی وقتا . غذا که بخورم نفخ شدید میکنم . یه دو سه باری هم حالت تهو داشتم ولی بالا نیوردم
ممکنه باردار باشم یا عادیه ؟؟؟؟",2,5.898454121659597,High
thread_12481148_starter,"سلام خاهش میکنم کسایی ک تجربه دارن کمک کنن
من هفته ۸ فهمیدم باردارم قرص سایتوتک تهیه کردم و ده تا مصرف کردم واژینال و زیر زبانی
ک  چنتا لخته ازم دفع شد و فک کردم جنین هست نرفتم سونو بعد چن هفته رفتم  دیدم سقط نشده  هفته ۱۴  بودم
بعد ب ناچار  باز قرص سایتوتک تهیه کردم مصرف کردم  ده تا ب همون صورت این سری دیگ چیزی ازم دفع نشد  هفته ۱۵ هستم سونو  روتین انجام دادم گف ضربان قلب و اینا مایع اینا و حرکات جنین نرماله  با این بیس تا قرصی ک من‌مصرف کردم  بچه ناقص میشه خواهشن کسی ک تجربه داره ترو خدا بهم کمک کنید دارم از استرس میمیرم اگه کسی تجربه ای داره ب نظرتون با بیستا قرصی ک مصرف کردم صلاحه ب دنیا بیارمش اگ سالم بود خیلی پشیمونم بچه اولمه  خیلی استرس دارم خواهش میکنم کمک کنید",8,6.036170067843614,Very High
319600734,"از سایت یا اپلیکیشن سینما تیکت
فیلم و سینما رو انتخاب می کنی زمان ها و صندلی های خالی رو میاره
بعد هم یه کد میده که دم ورودی سینما باید کد رو تو دستگاه بزنی و بلیط رو بگیری",1,3.189364086822025,Low
406318764,"بچش که داغونه، خودشم انگار تو جهنمه بیچاره
خدا به دادش برسه
پدر شریفش با سن بالا دستفروشی میکنه شرق تهران و نمیتونه بره خونه پدرش چون خواهرشم شوهرش مرده و با یه بچه اونجاس. داداششم عصبیه و بچشو کتک میزنه بره اونجا.
شوهرشم گفته اگه نره از خونش با چاقو....
چون قبلا مهریش رو بخشیده شوهرش پرو شده",3,4.19202775454005,Moderate
266908403,وااای نگو . حالم خرابه دارم می میرم . سه روز قهریم رفته .  عقدیم هنوز خونه مشترک نداریم . پسفردا تولدشه موندم چیکار کنم . وقتی داشت میرفت گفتم من طلاقمو می گیرم این زندگی نیست اونم خیلی ترسید ولی ناراحت شد و رفت . منم حق طلاق دارم اللن هرلحظه فکر میکنم طلاقمو میخوام بگیرم . نمیدونم باید چیکار کنم هیچ عکس العملی نشون ندم واسه تولدش؟ یا چی؟,7,4.202201495977988,High
thread_12981137_starter,"سلام
دکتر دارو بهتون چیا داده؟ به من پماد موضعی کلوترمازول داده روزی دو بار. کم شده بود ولی دوباره که قطع کردم زیاد شده.
صبح ها که از خواب بیدار میشم مثل آب روان انگار ازم خارج میشم. شما هم اینجوری بودین؟ ولی خب بقیه روز اینجوری نیستم.
دکتر واسه شنبه نوبت داده",3,4.202514729098766,High
377574643,من قبلا لاغر بودم بعد زایمانهام پوست اضافی نیاوردم ولییییی ترک پوستی🤧😫تا دلت بخواد,1,3.19429591934022,Low
346444451,من تهرانی نیستم از طرف محل کارم معرفی شدم یک هفته ای وقت دادن. تمام آزمایش ها هم همون روز انجام دادم چون باید برمیگشتم شهرم.,1,3.194160345810815,Low
thread_15861502_starter,عزیزان برای اینکه راحتر سقط انجام بشه  چی میتونیم بخوریم,3,3.207558345719008,Moderate
278412666,"الهی😍 خدا حفظش کنه
نمیدونم چرا عاشق اینجور کارا شدم چندوقتیه تازه باردار هم نیستم هنوز
یادتون هست کع خانوما توی تاپیکایی کع میزدید چیا میگفتن؟ چیزایی که جدید باشه",1,3.188921848210157,Low
401016484,"من ۳ هفته تو ماه پنجم خونریزی پیدا کردم و استراحت مطلق شدم
والا مادرم و ۳ خواهرم تو شهر خودمونن فقط تلفنی احوالپرسی کردن
خودم پا میشدم غذا میپختم ظرف میشستج اما جارو هفته ای ی بار همسرم",5,4.228469429848701,High
thread_6236169_yaas1392_1400/01/20 20:40,"بارداری همینه بعد سونوی قلب استرس ان تی بعد انومالی بعد ازمایش دیابت و اینا بعد استرس زایمان
کلا همینه تازه اصل ماجرا بعد تولد بچه ست😑😂😂
خلاصه روزای روشن خداحافظ✋🏻😂😂",4,4.201404292769439,High
403182267,پسر من نه میشه بهش دارو داد نه هم میزاره سرم بزنم ۴سالشه اصلا گیر افتادم همون شیافم دیشب کلی گریه کرد 😓,5,4.226175268740917,High
thread_12607907_بانوآبی_1402/09/21 22:25,غلط کرده دهن کجی کرده بهش بگو ادم ناحسابی بفهم این مرده که تایین می کنه بچه دختر باشه یا پسر نه زن چون زن دوتا آللxx داره که یکیش به بچه میده مردxyکه این yکه تایین می کنه پسر باشه اگه ژن xبده دختر می شه بعدم پسر چه گِلی می خواد به سرش بزنه که دختر نمی تونه,3,3.190666738137224,Low
thread_17769815_starter,من تخمدان پلی کیستیک دارم. اخرین پریودم ۱۹ آذر بود. ۲۲ دی تا ۲۴ دی لکه های قهوه ای سبک و کم ازم ترشح شد. ۲۴ دی آزمایش بتا دادم و ۱۳/۹ بود. ۲۸ دی آزمایشو تکرار کردم و ۶۷/۷ بود.اما ۲۹ دی لکه های قهوه ای و قرمز ازم ترشح شد. رفتم دکتر سونو واژینال کرد گفت یه کیست میبینم  که الان خیلی ارزش صحبت نداره. دیواره رحم ضخامت مناسبی داره ک احتمال داخل رحمی بودن رو افزایش میده و اینکه چون فعلا اول بارداریه ساک بارداری قابل مشاهده نیست. بعد بهم شیاف پروژسترون داد که دوتا در روز استفاده کنم. ۱ بهمن ماه حجم خون کمی بیشتر شد و حساسیت سینم هم کم شد. ظهرش هم سه تا لخته سیاه اندازه نخود دفع کردم . بدون درد .۲ بهمن لکه بینیم دوباره سبک و قهوه ایه اما وقتی میرم دستشویی لخته های متصل و دراز مثل پریود دفع میکنم و بتام ۱۷۸ هست. عملا مثل پریودام کسی اینجوری نشده؟,4,6.1295200932218,Very High
thread_14822993_starter,"چقدر بدم میاد هر کی از راه میرسه بهمون میگه چرا بچه نمیارین؟ و شروع میکنه به نصیحت کردن
چرا فکر میکنن ما خودمون عقل نداریم و صلاح زندگیمونو نمیدونیم؟ چرا به ذهنشون خطور نمیکنه شاید کسی مشکل ناباروری داره اما نمیخواد دیگران بفهمن‌؟
جواب آدمای بی سواد و فضول رو چی بدم؟
تازه ما یکسال و نیمه عروسی کردیم یه سقط داشتم که نذاشتیم کسی بفهمه اما دیگران جوری بهمون بچه رو گوشزد میکنن انقد ۱۰ ساله ازدواج کردیم🥴",4,4.21243195306306,High
thread_17892579_starter,"مادرم وقتی نوزاد بودی گذاشت رفت بابامم معتاد
خواهر دوقلوی من نمیتونه راه بره مشکل ذهنی نداره
ولی خواهرم به شدت لجباز بد اخلاق کسی نمیتونه تحملش کنه
من براش کم نذاشتم اصلا تا دانشگاه بردمش کار پیدا کردم نکرد
دکتر بردمش چند صد میلیون همه زندگیمو فروختم خوب شده بود با عصا راه میزفت عاشق مرد متاهل شد خودکشی کرد از قبلم بدتر شد
مامانبزرگم فوت شده خواهرم الان اونجاست ولی موقته
بابام کمپ ترک اعتیاد خودم فرستادمش (چون معتاد بود تو خواستگاریم نیاوردمش خودش رفت ترک کنه)
بابام خونه داره زن دوم داره
من میدونم که از کمپ بیاد بیرون بمونه پیش زنش احتمالا نره سمت مواد
ولی زنش خواهرمو نگه نمیداره و طلاق میگیره و اگه طلاف بگیرن بابام باز از فرصت استغاده میکنه چون خونه خالی میوفتا دستش معتاد میشه
ولی خب خواهرمو چیکار کنم نمیره بهزیستی میگه وظیفتونه منو نگه دارین
درحالی که میدونم بابامم اونو نگه نمیداره وقتایی که اج میکنه عمدا دستشویی میکنه تو خونه جیغ میزنه
فقط دنبال شوهره میگه شما منو شوهر نمیدین
خلاصه من موندم نمیدونم باید چیکار کنم",9,5.895525606625597,High
334482053,"تو منو یاد خودم انداختی
واسه منم همینجور بود
تا هفته 30 همه چیز نرمال بود
هفته 32 که سونو دادم سیر به سمت IUGR زد
این نوشته همانا و شروع مکافات من همانا...
حتی IUGR ثابت شد و من هر روز سونوگرافی بودم
تهش گفتن رشدش تو 32 هفته متوقف شده...
بچه که به دنیا اومد حرفی که دکتر زد این بود که بچه کامله و شبیه IUGR ها نیست...",4,4.194813326557778,Moderate
342459145,"سلام
سلام
از نی نی یار سوال کنین.
تاریخچه ی مرورگر رو پاک کنین و دوباره توی تماس با ما بگین.
دقیق همون گزینه رو باید بزنین و بگین.
اگر نشد فردا با niniyar_3 حرف بزنین.",1,3.188346974361593,Low
359198355,"داداشم ۲.۵ سالش بود ختنه شد خیلی اذیت شد قبلش همش کرونا بود ترسدیم
ولی بچم خیلی اذیت شد تا دو روز جیش نکرد از ترس می‌ترسید
ولی یکی از فامیلامون زیر یک سالگی بردش ختنه‌اش کرد خیلی راحت بود
تازه زود تر هم خوب شد چون کوچیک تر بود
همین الان ببرش ولی پوشکش نکن زیرش پارچه و چی بنداز",2,4.223207610244572,High
387901847,"گاهی وقتا حس کلافگی و تنگی نفس و درد تو شکم دارم
پفففف انقذ میترسم از انقباض 🥲هنوز ۲۹هفتمه زود نیس آخه برا انقباض
باید تو طول روز بشمارم؟",5,4.220530942287951,High
368185435,"خبر بد دادن عزیزم😔
باید برم برای سقط 😭😭",3,4.205903944957562,High
339258407,"سلام دختر من با این مشکل به دنیا اومد
درز جلو پیشونی تو جنین‌ ینی وقتی حامله ای بچه تو رحم هست بسته میشه اسم اون درز هست متوپیک
اون باید باز باشه تا جمجمه رشد کنه،
اون که بسته میشه نمیزاره مغز از اونجا رشد کنه
و جمجمه یه حالت مثلث مانند و تیز مابین ابروها میشه عین قله
ولی خدا رو شکر این مشکل که یه ناهنجاری ژنتیک هست
راه‌حل درمانی داره
اونم عمل هست
عمل یک ساعته تحت بیهوشی یکی دو سانت بالای پیشونی رو باز کرده و درز رو باز میکنن
بعد کلاه فرم دهی میدهن که باید سر بچه بزاری بعد عمل
دور سر بچه های تریگونوسفالی کوچکتر از بقیه بچه ها و رشد دور سر هم کمتر از بقیه بچه ها هست
بازم هر سوالی داری بپرس",3,4.204966137973315,High
thread_8731189_دخمل_احساس_1401/03/06 19:06,بی بی چک یک هفته باید بگزره بعد الان نشون نمی‌ده .‌‌‌‌‌‌‌اره خودمم حساسم ولی چه کنم واقعا نمیدونم,2,3.196032391497283,Low
331296218,نترس ن درد داره ن ترس راحته راحته,1,4.224499485977503,High
thread_13564036_starter,"به آسمان نگاه میکنم
نظاره گر رحمت الهی هستم...
کوه و کوهپایه همه سبز شدند...
چقدر بهار دیدنی شده...
ممکن است  در دل من هم میوه ای جوانه زده باشد؟
خداوندا فقط وفقط تو میدانی...
دلم گرفته است...
چه بگویم؟ از بی بی چکِ منفی که به من دهن کجی میکند؟
از دلدرد تهدید آمیزی که که هر بار پتکِ غم و غصه را محکم بر سرم میکوبد و اشک از چشمانم سرازیر میکند؟
از درد و کبودی بدنم که یاد آورِ زخم های انتظار و آمپول های فراوان است...
خدایا هوای دلم را داشته باش...
کمک کن مثبت شود
که اگر نشودمن چگونه از این همه غم قامت راست کنم
نمیتوانم😔",5,6.006582575286302,Very High
thread_6358267_starter,"سلام بچها
امروز خونه مادر شوهرم فقط ما افطاری دعوت بودیم و قبلش همسرم دقیقا ۲ تا ۳ ساعت قبل اذان میگفت بریم بریم
من بهش گفتم بزار یه ساعت بعد میریم خلاصه کلی کج خلقی کرد با من که ....دلایل الکی و پوچ
من هم گفتم باردارم الان وضعیتم فرق میکنه مثل قدیما نمیتونم بشینم اما انگار گوشش بدهکار نیست
بهم قول داد آخر شب ویاری ک کردم رو برام از بیرون بخره اما انکار ن انگار و باهم قرار گذاشتیم منو زودتر بیاره خونه چون من واقعا کمر درد اذیتم میکنه خونه خودم راحت ترم حتی خونه مادرم به زور میرم.
دوبااااره باد کرد و قیافه گرفت که چرا من زودتر از اون میرم حالا هم خودش خونه مادرشه گفته دیرتر میاد
من که برام مهم نیست اما موقع خدافظی دوبار ازش خداحافظی کردم جوابمو نداد منم عصبی شدم در رو محکم بستم بعد چند دقیقه زنگ زد هرچی دلش خواست بارم کرد منم ازش میترسم شب بیاد
اصلا نمیدونم چیکار کنم هر چقد ارامشمو حفظ میکنم بخاطر بچه م اما شوهرم اصلا متوجه نیست
شما یه راهکار بدید امشب چطور برخورد کنم
فعلا خودمو زدم ب خواب بنظرتون درسته اینکار؟",6,5.911257555853808,Very High
371075891,تروخدا بگین مردم از استرس,7,3.200228309984404,Moderate
402712616,"همون متیل آرگون رو بخور
طناب زیاد بزن ،بپر بپر بکن ،پله زیاد بالا پایین برو ،سیاه دونه بخور ، دم نوش آویشن بخور
یه کاری کن که تو پریودت خونریزی بیشتر بشه",2,3.204639145546025,Moderate
368980273,عزیزم نکن تورو خدا نکن من چهارساله ارزو بچه دارم بخدا از دکترا ناامید شدم ی خارج رحمی خدا بهم داد ک 😭😭 خواهش میکنم نکن من حاضرم فرش زیر پامو بفروشم ی بچه سالم داشته باشمم خدا بهت داده مفت و مجانی من کلی پول خرج کردم الانم میگن ای وی اف کلی خرج کنم کلی برم بیام شایدد شاید بشه بخدا جیگرم اتیش میگیره بچه نوزاد یا زن حامله میبینم شوهر من برعکس شوهر تو مدام میگ میشه یعنی باردار ببینمت🥲🥲کلی لباس بچه خریدم ولییی خدا مارو لایق ندیده لایق مادری باش خواهش میکنم,5,5.884967003003112,High
246934094,باید نزدیکش باشم نمیشه تنهاش گذاشت. مشکلای زیادی داره پسرم... چی بگم... 😔,3,3.204488043273159,Moderate
288054383,دقیقا همینو بهش میگم... میگم تو قبلا این چیزا رو نمی‌خواستم الان چرا ولی برعکس هرشب میخوای میگه خودمم نمی‌دونم چند شده و شهوتم زده بالا و اصلا کاش یه قرص بود میخوردم و ... ولی همش الکی خودم حس میکنم دیدن این فیلم ها و حرف زدن راجب زن های دیگه آنقدر بهش مزه داده که همش دنبال  این رابطه ست...,3,3.204265465948993,Moderate
thread_12607907_starter,سلام بچها خیلی ناراحتم من یه دختر شش ساله داره امروزم سیزده هفته رفتم سونو ان تی گفتن هفتاد درصد دختره از ترس ناراحتی شوهرم گفتم دکتر گفته پسره ولی نتونستم تحمل کنم الان گفتم بهم گفتن دختره اگه بدونین چقدر و چند درجه تغیر کرد حتی بلند شد رفت یجا دیگه خوابید و همش گفت من دختر نمیخوام یکی داریم بسه چیکار کنم اروم بشه و کنار بیاد باهاش؟جالب اینجاست خانوادشونم کامل دخترزاهستن یجورایی ارثیه,4,6.085017380628415,Very High
thread_15938999_starter,"اینجا مامانی بوده بره مرکز ژنتیک کریمی نژاد و اونها بفرستندش پیش دکتر حقیقی برای آمنیوسنتز ؟ تجربه ای با دکتر حقیقی دارید؟
در ضمن مامانی بوده که آزمایش سلفری (NIPT) ش های ریسک باشه برای تریزومی ۱۸؟",2,5.922866239343421,Very High
385312184,به خدا که مال من از هفته های اول درد داشتم بعد که بزرگ شدو از حالت بریج در اومد راحت شدم همه چیز هم برام نرمال بود وبارداری ناخواسته هم بود,2,4.192783649476041,Moderate
thread_11470394_starter,"بچه ها میگم
آدم میشه یه ماه دانشگاه دولتی بخونه  و انصراف بده ؟
منظورم اینه مهر قثی بخونی بعد انصراف بدی
میشه ؟
پرسیدم بعضیا میگن نه حتنما باید  یه ترم بخونی کامل یاد انصراف بدی بعضیا میگن میشه ولی باید پنجاه میلیون بدی بعضیا میگن میشه ولی از کنکور‌محروم میشی
آخر یعنی چی
یعنی نمیشه مهر برم دانشگاه یه ماه بخونم بعد انصراف بدم ؟😥",2,5.920829325397335,Very High
357874558,عزیزم شاید خانواده عوضیش جادو جنبلش کردن ،شوهر منم مثل شمر بود تا یه چیز می گفتم حمله می کرد ،تو بارداری بچم انقد وحشی بازی درآورد از ترسم دیگه حامله نشدم ،بعدها فهمیدم سحر کرده بودنمون ،با سوره بقره و قرآن و نماز ..الان خیلی بهتره ...البته اوایل که می خوندم بدتر شده بود چون موکل طلسم می خواد فشار بیاره که نخونی و ادامه ندی ...خدا نابودشون کنه اونایی که سحر می زنن من که حلال نمی کنم,4,4.192282237669133,Moderate
363817367,"نه دختره
الان دارم گریه میکنم از درد
وای خونم ترکیده
تک و تنهام یکی هم نیست دستم آب بده
دشویی هم نمیتونم برم باید کسی باشه زیر بغلمو بگیره بلندم کنه😭
نیم ساعت پیش رفتم دشویی دهنم صاف شد از درد",8,5.981278501953057,Very High
413420821,منظورم ثروتمنده  وگرنه داشتن کار خوب و خونه و ماشین خودم در توانم هست بگیرم( البته خونه کوچیک در حد مسکن مهر اینا میتونم بگیرم) و به کسی که اینهارو داشته باشه پولدار نمیگم. میخوام با کسی ازدواج کنم از خودم بالاتر باشه.,1,3.194071920862825,Low
308273264,"اره قشنگم
نوشته حرکات و ضربان قلب نرمال و منظمه
قل سمت چپ تصویرت هم هست شکر خدا سالمه
اما متاسفانه اونیکی ضربان قلب نداره انگار
فوریییی برو دکتر زنان اصلا معطل نکنیاااا!
ببین تکلیف اونیکی قل چیه
خدایی نکرده اگر کلا ناقص باشه باید پیگیری کنی اونیکی اسیب نبینه
باید پیگیرش باشی",4,4.195681583412807,Moderate
thread_16418751_starter,"اینجا مینویسم تا اگر کسی مشابه حال منو داره به دردش بخوره
من از پایان هفته ششم ویار و تهوع شدیدن شروع شد
به همراه سرگیجه
تهوع و سرگیجه خیلی خیلی شدید
که نه میتونستم چیزی بخورم نه یک قطره آب
و همش گریه میکردم و خوابیده بودم
چند روز گذشت حالم بدتر شد
وزن کم کردم
پوستم خشک شد …. ادامه دارد",7,5.999328911746296,Very High
325688654,"من سحر خیزم ۶ و نیم بیدار میشم
خونه خودمه و تنهام البته پدرم چند وقتیه فوت شده به مامانم زیاد سری میزنم
من کتاب شکرگزاری راندا برن رو همراه تمرین روزش انجام میدم
خیلی ارتعاشت خوب میشه
دوره های دکتر سیدمجتبی حورایی خیلی خوبه توی اینستا بزن پیششون میاد بایو پیجش شرایط ثبت نامش هست .کلا ارتعاشات خوب بفرست به خونه و زندگیت و ادمها حالت عالی میشه",1,3.190445191054096,Low
412842019,"منم سر دختر اول قرص از درمانگاه دادن شیردهی بهش میگفتن فک کنم پریود نشدم یه ماه
هنوز اون لحظه که با گریه با بی بی چک اومدم تو اتاق یادمه شدن شیر به شیر ولی انقد خستمه هرکی از بچه اسم میبره حالم بد میشه
ولی ماشالا به روحیه ی شما خدا براتون حفظشون کنه",3,4.191566877079822,Moderate
thread_12853035_starter,خانما من دیشب دخترداییم خونمون بود بعد جاتون خالی هوس لازانیا کرده بودم نمک غذارو اون زد وقتی اومدم بخورم دیدم شوره اما چون خیلی دلم میخواست و چیز دیگه ای نبود همونو خوردم کلا در طول روز زیاد نمک و چیزهای شور نمی‌خورم الان عذاب وجدان و استرس گرفتم آخه میگن بچه خفه میشه ۹ هفتمه,5,6.035911499711801,Very High
354054400,من ندادم همیشه هم برای توجیه خودم میگفتم قدیما که هیچکس به بچش نمیداد مگه چی شد نه خودم ویتامین خوردم نه به پسرم دادم هیچ چی,2,3.189723451570899,Low
274322446,"فکر میکردم عالی میشه این ماه ولی نبود
هرشب ترس از زلزله دارم
دو روزه دخترم آبله مرغون گرفته
از اونطرف هم خونه تکونیم مونده با وضعیت دخترم نمیتونم انجام بدم خیلی خستم کلا
کاش زودتر این ماه تموم شه",6,4.202170358266812,High
397698090,پسر هم هست وای ب حال من 😭,2,3.192973956007336,Low
413975039,بله 75 متره اسفند تموم کردیم هزینه با توجه به مصالحی ک استفاده میکنی متغیره ولی از بعد جنگ هزینه ها سرسام آور رفته بالا دو سه برابر,1,3.203775291563943,Moderate
thread_15749264_starter,"من ۴ماهه پسرم ب دنیا اومده
قبل به دنیا اومدنش میدونستیم
ولی وقتی ب دنیا اومد
مردم و زنده شده
پشت سرش صاف بود
هر شب کارم شده بود گریه و اینکه بیام سایت مطالب تکراری رو بخونم تا شاید یکم اروم بشم
شاید این تاپیک دلگرمی بشه برای خیلیا",5,5.965881718810124,Very High
334602930,نه والا.من دوتا دارم دیگم با بارداری خداحافظی کردم....,1,3.198173160621081,Low
357132305,پسرم برخورده وزنش زیاده هنوزم راه نمیره مشکلات مالی هم که همیشه هست اینکه خودمم باید محدود کنم به تو خونه موندن از خودم باید کامل دست بکشم و بقول دوستمون احتمال خیانت هم هست,6,4.220361196967133,High
thread_14442049_starter,بچه ها تورو خدا بگین من الان ازاین بعد باید چه رفتاری داشته باشم من باردارم یک ماه و خوردی و بارداریم هم پرخطره با هزارتا قرص و امپول باردار شدم امروز رفتم خونه مادرشوهرم منو گذاشته پای گاز که غذا بپز خودشم هیچ کاری نداشت اگر کار داشت خب حرفی نبود واسه خودش چایی و میوه برد نشست جلو تلوزیون اینقدر دل درد و کمر دارم که نگو شدید ترهم شده الان نشسته بودیم یهو عمه شوهرم اومد من سلام کردم متوجه نشد دوباره سلام کردم گفت ببخشید شلوغه اینجا نفهمیدم منم گفتم خواهش میکنم متوجه شدم یه بار سلام دادم نشنیدید گفتم متوجه نشدید شما ببخشید ازاون مادر شوهرم میگه صدا این از ته چاه درمیاد و تیکه انداخت بهم دکترم گفته باماسک برو اگر جایی میری به زور ماسک منو کشیده پایین که ببینم ژلی چیزی نزده باشی به شوهرم گفتم پاشو بریم گفت چیشده منم تعریف کردم میگه حالا مگع چیشده و طرف مادرشو گرفت منم گفتم غلط میکنه اینجوری بامن حرف میزنه خسته شدم دیگه ازدستش اقا بامن قهرمیکنه که چرا به مادرم اینجور میگی,6,6.035953362021246,Very High
274477548,"کلا تو بارداری کلی حس ها و دردهای مختلف تجربه میشه که ممکنه برای همه یکسان نباشه
مامان شدنت مبارک",1,3.194472880086323,Low
thread_15488247_starter,عزیزان من تو آزمایش اول غربالگری های ریسک بودم و سنمم ۴۰ آزمایش سلفری دادم ریسک پایین داد ولی باز هم دکترم میگه ما سن ۴۰ می‌فرستیم آمنیو ولی با توجه به اینکه من هماتوم دارم میترسم سقط یا ......,5,6.039544774324895,Very High
336287996,خیلیم وزنم اوکی نیست ولی زیادیم بالانرفته وزن ۷۸باردارشدم الان ۸۶هستم دوونیم ماهم مونده تا زایمانم,1,3.20117144476535,Moderate
thread_16537825_starter,الان ۱۶ هفته و ۳ روزمه آخرین سونو که دادم ۲۰ تیر بود که ۳ روز بعدش جنگ شد و بنا به دلایلی مجبور شدم تهران بمونم اما خدا می دونه که چقدر استرس کشیدم خونمونم جای حساسیه هر شب از غروب تا خود صبح با صدای انفجار و پدافند از خواب می پریدم و تپش قلب می گرفتم الانم که اون روزا تموم شده دائم استرس دارم و بهانه می گیرم و گریه می کنم دست خودم نیست افسرده و عصبی شدم,7,6.129156786933891,Very High
318805006,ینی احتمالش کمه و خیالم راحت باشه؟؟,2,3.207091811493228,Moderate
thread_13202486_starter,"تو غربالگری اول ریسکم بالاست.
ریسک سندروم دان 1 به 38
هفته ی پیش دکتر متخصص زنان رفتم، گفت به احتمال زیاد به خاطر سن، های ریسک زده. اما نمیشه ازش گذشت. باید حتما آمینتوسنتز انجام بدی.
حالا فردا میخوام برم، دکتر پرنالوژیست ببینم نظر اون چیه.
نمیدونم چرا از وقتی دیدم تو اینترنت با یک سوزن بزرگ این کاررو انجام میدن، خیلی ترسیدم.
جالبیش اینه اصلا آدم ترسویی نیستم. بیشتر مواقع مریض میشم، میگم به جای قرص، آمپول تجویز کنن.
اما همش میگم یعنی این سوزن به جنین نمیخوره.
کسانی که انجام دادن، نترسیدن؟ درد نداشت؟
بچشون سقط نشد خدای ناکرده؟
هزینش هم یک جور داره اذیتم میکنه.
دم عیدی، معلوم نیست چقدر پول بگیرن. کسی امسال انجام داده، بگه چقدر هزینش شد؟
دکتر میگفت اگه خدای ناکرده بچه مشکل داشته باشه، مجوز سقط رو فقط برای جواب آمینو که قطعی هست،میدن.
نمیتونم هم بزاری برای بعد عید، چون از وقت قانونی سقط میگذره.
خدایا خودت کمک کن، حالم بده سر این موضوع",6,6.075424180344726,Very High
thread_14842209_starter,"سلام خانوما ۱۵ هفته و دوروزمه فردا نوبت سرکلاژ دارم جفتم لولایینگ خیلی میترسم کسی تجربه داشته میشه لطفا کمکم کنید....
خطرناکِ؟
دکترم میگه سودش بیشتر از ضررشِ ولی بازم ترس تو وجودمه",5,5.93459924094168,Very High
thread_11082963_starter,سلام بچه ها خوبید من ۳ سال پیش زایمان طبیعی داشتم بچمم نزدیک ۴ کیلو بود الان نزدیکه ۱ ساله افتادگی مثانه گرفتم و امروز متوجه شدم بیشتر شده کیا اینجوری بودن آیا با جراحی خوب میشه؟تو نزدیکی با همسر مشکل ایجاد میکنه؟هرچی میدونید بگید😭😭,4,5.885010509522999,High
411683224,"من فقط یه سوال برام پیش اومد که لباس زیر چرا باید پوشیده باشی؟
اصلا چجوری میشه با لباس زیر حتی بدون دخول😐😐😂",1,3.188317119789644,Low
326292344,اگه بگی فرم شکمت چجوریه میتونم حدس بزنم . اگه مثل توپ شده و روبه جلو و نوک تیزه احتمالا پسر. اگه تو پهلوهاست دختر. اگه صورتت خیلی پف کرده دختر ،اگه پف نداری و صورتت خوشگلتره شده پسره😋 تجربیات خودم بود.😁,1,3.187322568905074,Low
374922380,دختر من ۷ سالشه میگه بیا باهم حرف بزنیم دوست دارم باهاش حرف بزنم ولی حرفی ندارم بهم میگه از خاطرات بچگی حرف بزن ولی نمیتونم چیزی تعریف کنم بچگیش کلا نزدیک مادرشوهرم بودم ته همه ی خاطره هام تلخه به مسافرتامون فکر میکنم همش تلخه به تولدش نگاه میکنم تلخه پر از نیشه کنایه هایی که یادم میاد یا خیلی موارد دیگه حس بدیه میترسم بزرگتر که بشه از من زده بشه فکر کنه بهش اهمیت نمیدم,3,3.20047454792757,Moderate
413257877,هیچ عیبی نداره هیچی همه چیش خوبه حتی تحصیلاتشم خوبه اخلاقشم مودبه با احترام من توی چند روز ویژگی بدی ندیدم ولی مشاوره هم رفتیم اونم تأیید کرد که خوبه برای هم مناسبین😔,2,4.212289926836092,High
thread_11151960_starter,"؟؟؟ در حدود 5 تومن
خانوادم نمیدن. از دوستام بگیرم؟ آخه خیلی صمیمی نیستیم. دنبال کار هم هستم ولی خب الان پول میخام",4,3.207023548722645,Moderate
thread_18139947_starter,"امیدوارم تایید شه
نی نی یار تایید کن
دو ماه با یکی چت میکردم به هدف آشنایی و رابطه تقریبا هر روزشو حرف میزدیم بیشتر اوقات هم خودش پیام میداد ولی مثلا دفعه اخری که حرف زدیم من اول پیام دادم الان چهار روزه خبری نیست ازش منم پیام ندادم بهش، پیام ندم و بیخیالش شم؟ اخه چرا یهو یه دفعه چیشد؟ هیچ بحث و دعوایی هم نداشتیم آخرین مکالمه مون هم گرم بود نسبتا",3,4.214396550768015,High
396556283,"خب همین تومیدونی داری چه بلایی سرروحو روان اون بچه میاری تو فک کن خودت یه آدمی با حالت غیرنرمال ببینی نمیترسی ازش بعد تو فک کن مادرت باشه
برو خودتو درمون کن چرا دارین عذاب میکشین منم زود ازکوره درمیرم ولی وحشتناک نیستم من ازاینجاازتون ترسیدم چه برسه اون طفل معصوم توروخدابچتو نجات بده",3,4.222327446053896,High
307304184,اصلا شبیه باردارای نی نی سایت نبودم که بخاطر خوردنی یاویارگریه کنم😕اگرچیزی هم هوس میکردم همون زمان نبودروزبعدش تهیه میکردم.,1,3.192615093736094,Low
338558027,دست زدم ب شلوارم دستم کثیف شد ولی کم بود زیاد نبود,1,3.190346060071533,Low
thread_17792227_starter,"کسی بوده دیر بی بی چکش مثبت شده باشه و پسر به دنیل آورده باشه..
منظورم اینه دیر یا زود معلوم شدن بارداری به جنسیت بچه ربط داره؟",1,4.209560163697461,High
thread_18071475_starter,"سونوی اول ۵هفته بودم رفتم همه چی اوکی
سونو دوم هشت هفته گفت جنین واضحی ندیدم
سونوی بعدی نه هفته گفت پوچه
البته تو هفت هفته متاسفانه یک قرص میزو استفاده کردم که خیلی پشیمونم...
الان تمام علائم حاملگی رو دارم ولی علائم سقط نه..",5,5.889329999006804,High
361750309,"بزار پسر قشنگت آروم باشه و همبازی فرشته ها
گریه شما نمیزاره آروم باشه
با گریه شما غمگینه
بخندید و به بچه های دیگه مهربونی کنید،بخصوص بچه های یتیم
اوت قدر شاد میشه که شک نکن بازتابش به زندگیت برمیگرده",2,3.198889722090826,Low
374174638,"قرص اهن میخورم .بقیه ویتامین ها و مکمل هارم مرتب میخورم.
۵ کیلو کم کردم .یعنی بدن خودم صفره .یعنی انگار هر چی میخورم با ذخیره ی کم بدن خودم همش میره برای بچه.",3,4.211007769079515,High
412783999,"برو متخصص داخلی حتما داروهایی که میده استفاده کن نترس
خدایی نکرده بدتر بشی باید دازوهای قویتر استفاده کنی تب هم واسه جنین ضرر داره",1,3.205793582181286,Moderate
399613370,"نوشتم پاکسازی و تقویت رحم،
همینطور ک میگی با ماساژ روغن‌زیتون  از روی پوست چندین لایه روی رحم تاثیر گذاشت، از طریق واژن هم میشه تاثیر گذاشت، چیز عجیبی نیست، و یک روش سنتی پر بازده هست، و هیچ خطری نداره",1,4.200511721828661,High
thread_16738104_starter,"فردا میخواستم آزمایش بدم
ولی امروز قرص پریورین خوردم
😭",3,3.199130244131084,Low
322657947,"عزیزم هی که نباید درد بکشی😬
من سر اولی اصلا نفهمیدن کی حامله شدم چه جوری گذشت و چطور بدنیا اومد
از بس که راحت بود
این دردا انگار جدید مد شده😂خودمم هر روز یه مدلم
انشاالله که بخیر میگذره برات
فقط ارامش داشته باش",2,4.203947546659037,High
407753234,"ای بابا خواهر
من آزمایش های مثل قند و تیرویید و چیزای روتین رو می رم انجام میدم، تامین اجتماعی نهایتا 10-15 درصدشو میده
الان فقط تکمیلی خوبه، داشته باشی آزمایش و سونو رو هم میده بهت",1,3.188878271510476,Low
thread_17417214_starter,"هفته ۹ هستم
همانوم ۴ سانتی دارم
سه هفته پیش ۹ میلی بوده
شیاف زدم ولی خب چون بچه کوچیک دارم خیلی استراحت نمیتونم بکنم",4,4.226515934133204,High
thread_16524989_starter,کسی دکتر زنان سمت شرق تهران سراغ داره ؟ خوب باشه لطفا راهنمایی کنید🫣,1,3.20176723725308,Moderate
403416769,"نه عزیزم به چیزای بد اصلااااا فکر نکن اصلا
بگو هیچ اتفاقی نخواهد افتاد
از ترس برای خودت فکر و خیال نیار",1,3.200447114808412,Moderate
359345321,"موفق باشی چون دانشجو شدی میگم م
ن تایپ فوری انجام میدم برای دانشجوها و معلما و اساتید و دانش آموزا نمونه کار هم زیاد دارم هزینه هم بعد تحویل فایل ازتون میگیرم قیمت خیلی مناسب هم میگیرم تایپ ساده اسلایدی 6 هزار میگیرم
من تابپ برگه امتحانی و طرح فرم درس و برنامه هفتگی و کلا انواع تایپ فرمول و جدول و شعر و همه چی انجام میدم هزینه بعد تحویل فایل به مشتری میگیرم و نمونه کار هم دارم خواستید بیاید ایتا یا روبیکا یا تلگرام نمونه کارامو واستون بفرستم دوستان خوبم من تایپ ورد و پاورپوینت و تبدیل فایل به پی دی اف با هزینه مناسب و دستمزد بعد انجام کار و تحویل فایل به شما گرفته میشود تایپ ساده اسلایدی ۶ هزار تومن میگیرم هر تایپی خواستید در خدمتم 🙏
آیدی ایتا:@khoday_mn2023
آیدی تلگرام:@banoay_a",1,3.194564436544169,Low
thread_18141855_starter,"۱۵ سال ازم بزرگتره همش فکر میکنم وقتی من ۳۵ سالم شد اون نزدیک ۵۰ میشه 🫠🫠من خیلی دوسش دارم حس میکنم وقتم واسه زندگی کردم باهاش کمه
نمیخوام پیرر بشهه😭مثلا من وقتی ۶۵ سالم شد اون میشه ۸۰ 😭میخوام تو پیری هم کنارم باشه🥺به پیریم ک فکر میکنم میگم شاید دیگ اون نباشه 😭😭😭😭",3,5.94467209346476,Very High
329832285,دل و دماغ نمیمونه برام برم😔...برای تعیین جنسیت میخواستیم حشن بگیریم گفتم هزینه ی جشن زیاد میشه بریم چندتا عکس بندازیم حالا الان میگه یبار رفتیم دیگ نمیام ولی اونموقع اصلا شکم نداشتم و معلوم نبود باردارم الان ماه اخرم,3,4.209411345676926,High
402462036,اره از بدشانسیم حتی یه چرک خشک کن هم ندادن فقط استامینوفن اونم که فقط درد رو کم میکنه و هیچ کارایی برای خوب شدن نداره,3,3.201900904294234,Moderate
342401332,خانواده خودم با خانواده شوهرم چندان فرقی ندارن ولی وضع مالی خود شوهرم خیلی بهتر از خانواده خودم هست,1,3.189564095448077,Low
312948718,نه من حرفی از بی پولی نزدم اصلا فقط گفتم راضی نیستم بعدش هم شوهرم خیلی لوسه و اخلاقاش دوست ندارم فقط سالمه اهل سیگار مشروب خیانت رفیق نبست,1,3.205198357631161,Moderate
thread_16618648_starter,"دیروز رفتم دکتر گفت جفتت یکم پایینه..اومدم یکم خوابیدم بیدار شدنی حس کردم یکم شکمم درد میکنه و زیر شکمم سمت راست گاهی سوزن سوزن میشع انگار
الانم از خواب بیدار شدنی حس کردم زیر شکمم سمت راست سوزن سوزن میشه گاهی...الان دیگه دردی ندارم
یعتی علتش چیه؟ اینم بگم من استرس و فکر و خیال زیاد دارم سر چیزای چرت و پرت چون وسواس فکزی دارم",4,5.913439128102255,Very High
thread_18114692_starter,"سلام دوستان من در غربالگری اول NB کوچیک بود دکتر گفت سلفری بدم
میخواستم بدونم چقدر سلفری مطمئنه؟ جوابش ۲۱  روز دیگه میاد اگر خوب باشه بازم نگرانم که خدای نکرده مشکل باشه",4,4.209464517756714,High
355001607,نترس ولی حق داری من خودمم وحشت داشتم تو بارداریم از زایمان طبیعی هنوزم دارم,4,3.204947934877054,Moderate
352498061,شرمنده ضرالمثل زورت ب خرنمیرسه چراپالون جرمیدی شوهرت ولش کن داخل این بحثای خاله زنکی نکشون فقط بگو خیلی حالم بدشد امروز خوشنگذشت ..... دفعه بعدی گف بریم بگو دلخورم مادرت کلی حرف بارم کرد نزدیک بود حالم بدتربشه این همه زحمت ب بادبره حرفو ب وقتش بکوب توصورت شوهرت البته اگ منطق داشته باشه نه الان الکی قهرکن اعصابش خرد بشه,3,4.200377752610166,High
407046659,"اره دکتر هم برام یکسری آزمایش چکاپ نوشته برای قند و اینا
فولیک اسید و یه مولتی ویتامین هم بهم داد گفت برو ۳هفته دیگه با آزمایش ها بیا برای سنو",1,4.223145903704598,High
378076815,"🔴 تاثیر مثبت سوابق پایه یازدهم به چه معناست و با تاثیر قطعی چه فرقی دارد؟!
🔹تاثیر مثبت معدل در کنکور یعنی نمرات پایه یازدهم تو نمره کل کنکورت اثر می‌ذاره، ولی فقط اگه به نفع نتیجه‌ت باشه!
🔹 مثلاً:
- اگه معدلت بالا باشه (مثلاً بالای ۱۸)، درصد تاثیرش میتونه رتبه‌ت رو بهتر کنه.
- اگه معدلت پایین باشه و کنکورت خوب باشه، تاثیر معدل یا کم می‌شه یا اصلاً لحاظ نمی‌کنه که ضررت نده.
🔹پس عملا میشه گفت تاثیر مثبت معدل، تاثیر چندانی نخواهد داشت و با فاقد تاثیر بودن معدل فرق زیادی نداره!
🔹چطور حساب می‌شه؟
نمرات نهایی رو با یه فرمول به نمره تراز تبدیل می‌کنن و با نمره کنکورت ترکیب می‌شه. اگه این ترکیب رتبه‌ت رو بهتر کنه، اعمال می‌شه (تاثیر مثبت)، وگرنه فقط نمره کنکورت حساب می‌شه.",1,4.202755422258633,High
399012940,"اصلا مهم نیست چی صداشون کنی
اسمشونو یه خانم و آقا بزار پشتش
ولی مامان و لابد گفتن هم اصلا اشکالی نداره درسته خیلیا میگن هیچکس پدرو مادرت نمیشه
اونا هم خودشون میدونن هرگز تو مثل بابا و مامان خودت باهاشون برخورد نمیکنی",1,3.190076850289188,Low
413401287,چجوری داری خودتو بقیه رو قانع میکنی پس شمام زنت اگر یه روز رفت به خاطر کاری که باهاش کردی خیانت کرد با یه مرد قد بلند ناراحت نشی یه وقت به هرحال خیانت دیده دیگه اینجا که میگی مشکلی نداره,2,3.190501799283084,Low
332258927,بگو بیا اینو بخو....نه بگو حالم خوب نیست روزه ام خودت برو درست کن برا افطار منم بذار 😬,1,3.202287220512517,Moderate
412843363,بزار بگم کامل برات رفتم بعد زایمان ۴۰ روزگی آمپول سه ماهه زدم افتادم خونریزی بعد یک ماه حون ی ال دی خوردم بازم خوب نشد رفتم زنان دوتا آمپول پروژسترون و ۲ بسته قرص پروژسترون زدم بعد اون یک یکساله نیم پریود نشدم نرفتم دکتر تا همین ماه پیش ۲۹ بعد دکتر زنان گفت برو سونو اگه رحمت زخیم شده باید عمل کنی منم رفتم سونو گفت که احتمال بارداری نمیدی گفتم نه بالا بارداری چیه وقتی پریود نشدم من خودمم نمیدونم چی شد اما شد دیگه 😔😔😔😔😔😔😔,4,6.148235518416186,Very High
392247138,"ترشح سینه هم داری؟؟؟
منم کم کاری دارم پرولاکتین بالا ولی جوش نمیزنم
کم کاریتو درمان کن پرولاکتین درست میشه",2,3.201534988258572,Moderate
thread_16053482_starter,"سلام
من دوتا بچه دارم خداروشکر عاشقانه دوستشون دارم
ولی سر هر دو بارداری سختی داشتم هم روحی هم جسمی
اینم بگم که از اول هم ما دوتا بچه می‌خواستیم
دیروز متوجه شدم باردارم  من بخاطر ورشکستگی مالی سه سال پیش که برامون اتفاق افتاد دچار استرس و اضطراب شدم و تحت درمان قرار گرفتم و تقریبا آخرای درمانم بود که دیروز فهمیدم باردارم سریع با پزشکم تماس گرفتم و دارو ها رو قطع کرد دو شبه از فکر و خیال خوابم نمی‌بره
به فکر سقطش نیستم چون در کمال ناباوری باردار شدم اصلا امکانش نبود ولی همش از خدا میخوام پوچ باشه یا قلبش تشکیل نشه یا هر چی نمیدونم اصلا حالم خوب نیست
کسی هست که بدون قضاوت کردن بتونه یکم بهم آرامش بده. من احساس میکنم این شرایط الانم بخاطر قضاوت کردن بی‌جای خودم هست یه نفر از اقوام فرزند سوم رو خواسته باردار شد و من کلی پیش خودم  گفتم سه تا میخواست چیکار به خودش هیچ وقت هیچی نگفتم
ولی احساس میکنم بخاطر قضاوت خودمه آخه خیلی منم منم کردم که من به هیچ عنوان سومی رو نمیارم من اصلا نمیخوام همش میگفتم من من من نمیدونستم اگه خدا بخواد ناممکن هم میشه
دو شبه دارم توبه میکنم التماس خدا میکنم میگم خودت برطرفش کن من توانش رو ندارم
چیکار کنم کمکم کنید",8,6.147668381076073,Very High
409893476,راستش انصد که نگران عوارض آمینو سنتز  رو دارم نگران جوابش نیستم چون ته دلم میدونم چیزی نیست اما برای اطمینان خاطر باید انجام بدم,3,4.202595110194842,High
thread_12856876_starter,سلام من تویه هفته سیزدهم بارداری ابله مرغان گرفتم رفتم پیش دکتر زنان ام بهم فقط قرص آسیکلوویر داد گفت هر شیش ساعت دو تا باهم بخور منم ترسیدم فقط یکی می‌خوردم ولی خدارو شکر تویه شیش هفت روز حالم کامل خوب شد ولی همه بهم میگن خیلی خطرناکه تویه بارداری باعث کور شدن یا نقص جنین میشه به نظرتون چیکار کنم ببینم بچه ام سالمه تویه سونو انومالی 18هفته معلوم میشه یا نه کسی بوده تجربه شو داشته باشه لطفاً کمکم کنید خیلی استرس دارم و ناراحتم,6,6.026592073569191,Very High
thread_16423985_starter,من بچه سوم ناخواسته شد...تو این مدت خودم بسختی باهاش کنار اومدم.. واقعا نمی‌کشم شوهرم بی حوصله و عصبیه.همش میگه میخواستی جلوگیری قوی داشته باشی.من بچهام هفت و چهارساله هستن واقعا از دستشون کم اوردم خیلی ذیوونم کردن عصبیم کردن از نظر روحی و تنش های ک بهم وارد میشه خیلی خودم قوی نشون دادم ک سقط نکنن ولی واقعا داره تنش ها بین بچه ها و شوهرم بیشتر میشه.احساس ضعف میکنم انگار همه بار مسولیتشون با منه.فقط مالی شوهرم ساپورت می کنه ن عاطفی نه روحی روانی منو تو تنگنا گذاشته ...دلم مبخاد ذیکه سقط کنم تو یازده هفتم خستم انگار داره فشار روحی روم بیشتر میشه.میترسم اللن با قرص سقط کنم.نمیپدونم چیکار کنم😭,8,6.009229353570845,Very High
thread_16290434_starter,"خواهرم محل کارش عوض کرده
تو یه محله ای که اون محله مطب دکترا ست و بیمارستان ها اونجا هست
دوست پسر قبلیم خونه اش کجاست؟ همون محله
رستورانی هایی که همیشه باهم میرفتیم ؟ همون محله
من امروز کجا بودم؟ همون محله
رفتم دوتا قهوه
پیاده بخرم  با خواهرم بخوریم
چون تنها کافه ای بود که اون محله میشناختم
اون هم‌ اونجا بودم
دیدمشون داشتن سوار ماشین میشدن
بعد اصلا دختره نه قد و بالا داشت نه ریخت نه لباس پوشیدن بلد بود
بعد این عوضی هفته قبلی به من پیام میداد
الان اینطوری ام با خودم که تو خوشگل تری
تو چندسال ورزش میکنی هیکلت بهتر بود
ولی یه  حسادتی زیر پوستی کردم و حس میکنم و مثل بچه ایم که اسباب بازی مورد علاقه اشو دادن به بچه دیگه
خدایا میبینی که اون به هیچ جاش نیست
یکاری کن منم بی تفاو‌ت بشم🥲",4,5.897911708379979,High
364864337,منم چند سال پیش همین شرایطم بود اصلا هم خودش سقط نشد رفتم بیمارستان دارو بهم دادن و بعد تمیز کردن تا کامل اثرش از بین رفت، من هفته 11 بودم,2,3.198058177389612,Low
thread_16949850_starter,سلام خانوما من فردا ۲۵ هفته ام شروع میشه دیشب یهو با معده درد شدید از خواب بیدار شدم و اسهال و استفراغ خونی داشتم همون موقع رفتم دکتر برام سونو آزمایش نوشت و همه چی خوب بود الان حدودا از ساعت دو بعدظهر یه تب خفیف دارم و حالت تهوع هم داشتم که متوکلپروامید داد دکتر اونو خوردم حالت تهوع خوب شد ولی اسهال شدید گرفتم الانم یه ساعتی هست بچه ام خیلی تکون میخوره خیلی نگرانم چیکار کنم,6,6.021958427649224,Very High
340387221,اره قلبش تشکیل شده بود… چهارشب پیش یه بی حالی عجیبی بهم دست داد که فکر کردم دارم میمیرم… از فرداش هم همه علایم رفت,5,3.200842834856303,Moderate
408466833,"پسره
تحمل گلوكز نتونستم بدم بالا اوردم دوساعت بعد صبحانه فقط دادم  ازمايشگاه دادم
با دستگاه وقتي ميگيرم بالانشون ميده و استرس ميگيرم",3,4.226963101255024,High
400970670,"نترس ازاستراحت
استراحت کن به خودت آرامش بده
حتما هم روزی شده ۵ دقیقه بامامانت حرف بزن هم خودت اروم میشی هم جنین ات
آخه جنین دختر زمانی که شما ،مادرتون برای خودت بارداربوده، در شکم مادرتون بوده(تخمک اش)  والان صدای مادرتون اون روهم آروم  میکنه،  یعنی اون دوتا همدیگه رومیشناسند ازقبل،
جنین پسر اینجوری نیست",1,4.204289981551483,High
413994031,خب الان که باز بخاطر کار شوهرت مجبوری برگردی پیش خانوادت؟بنظرم که باید سعی کنی زیاد درگیری نداشته باشی با مادرت اگر میخوای بری بمونی خونه ی پدریت,1,3.194521510886261,Low
404149408,به نظرم فعلا زوده برای علایم ماها انقدر عذاب کشیدیم تو این راه که فقط می خوایم یه نشونه تو خودمون پیدا کنیم که به جواب مثبت نزدیکتر باشه ، انشالله که خدا برای هممون همون چیزی وکه دوست داریم خیر بدونه و مصلحتش تو مادر شدنمون باشه,3,4.202280315511871,High
413389173,نمیگم بهم میزدی تقصیر خودته انقدر هول بودی باید حدااقل اشنایی رو طولانی تر میکردی که هم به شناخت دقیق تری برسی هم اونا فرصت داشته باشن اصلا برات انگشتر نشون بیارن,2,3.196190908813151,Low
thread_12906305_starter,سلام دوستای گلم میشه اگه دکتر خوب در این زمینه میشناسید بهم معرفی کنید ممنون میشم,1,3.19132375832487,Low
thread_9736375_saberehhhhh_1401/09/02 13:48,"والامن سربچه اولم کلی حرص خوردم زنگ زدن گفتن آزمایش مشکل داره وفقط مادربایدبیادتاباهاش حرف بزنیم وجوابش روبهش بدیم
رفتم اونجادکترآزمایشگاه کلی پول گرفت وآخرم گفت سربچه بزرگه
بایدآمینوسنتزبدی .رفتم به دکترخودم نشون دادم ارجاعم دادبه یکی دیگه بعداز۳بارتکرارآزمایش گفتن بچه سالمه
ازاول هم زیادمشکل نداشته واگه مطابقت میدادن میفهمیدن ولی دکتره نه تنهانفهمیدتازه کلیم به من بارداراسترس داد",5,3.206922384277277,Moderate
405452463,"بعد اصلا چرا این تایم شب ی گوشی باید انقد پشت سر هم زنگ بخوره
شاید ۱۰ بار کامل فقط زنگ خورده",3,3.207510364401969,Moderate
368961081,"جالب اینکه من همش کنارش بودم دلداری بدم
برگشته میگه تو بی دست و پایی همش چسبیدی به من",3,3.198142302428096,Low
thread_12416037_starter,خیلی عذاب وجدان دارم و تحت فشار روحی هستم,5,4.202872006991846,High
thread_16818818_starter,سلام کسی اطلاع داره چقدر زمان می‌بره من و همسرم به این نتیجه رسیدم که خودمون بچه دار نشیم ی بچه ب سرپرستی بگیریم,1,3.192980457613885,Low
413987306,"من گفتم زن کالاس؟؟خودتو گول بزن ایرادی نداره
من بودم دقیقا همینو به داداشم میگفتم تا دست دختری رو که با من بوده نگیره بیاره تو خانواده",2,3.196437468559452,Low
thread_17805670_starter,خانوما من طبق برنامه ثبت پریودی الان چهار هفته و هفت روز هستم یعنی پنج هفته تمام ،دیروز رفتم دکترم سونو واژینال کرد تو مطب خودش گفت ساک بارداری رو مشاهده نمیکنم خیلی نگرانم کرد ولی گفت لوله هات رو بررسی کردم خارج رحمی نیست و... من الان چیکار کنم دوباره سونوگرافی برم؟,5,5.876107831631089,High
382291500,قرار بود مشاور زنگ بزنه هفته پیش بریم مشاوره، شوهرمم پیشش بودولی هیچ خبری نشد، منم روم نمیشه زنگ بزنم از مشاور بپرسم,3,3.206597568547295,Moderate
thread_17931149_starter,"من میخوام بدم بیرون مامانم همش میگه نه بیار حیاط خودممیشورم
میگه اونجا همه روباهممیشورن ی طوری میکنه دلم و هی حساس شدمکه اره نجس وتمیز همه روباهممیشورن چندشم میشه",3,4.195915482538112,Moderate
411949272,"والا همون دو نفری که میگی به منه 20 ساله میگن ترشیده و درسته ادم رو میخورن با حرفاشون
با یک تاپیک مطمئن باش نظرشون تغییر نمیکنه
بیشتر فقط خودمون اعصاب خودمون رو خورد میکنیم واقعا",4,3.200162186985835,Moderate
397278149,خوب ،با دکترت هم صحبت کن ، زایمان طبیعی جوری که یک ساعت بعد سرپایی، من دور و برم مثلا عروس خالم پسر اولش رو طبیعی آورد خیلی راضی بود و بچه دوم که دوقلو هم بودن طبیعی آورد و راضی بود، میگم که به مادر و خانواده مادریت خیلی این مورد خیلی ربط داره,1,3.201910914020118,Moderate
thread_16431277_starter,"من گفتم امسال بخاطر شرایط جنگ ای فیلم یادش میره مختارو پخش کنع
خخخ
۱۴سال تلوزیون داره مختارنشون میده",1,3.200830901478184,Moderate
383135389,"اصلا یه وقتایی علاوه بر اینکه دست خودت نیست
اطرافیان راحت میتونن روت اثر بزارن
الان خیلی غصه ی پسرمو میخورم
برای آیندش ناراحتم",3,3.192402067767034,Low
thread_9207233_starter,"شماهم صبحها بی حالید؟حس هیچ کاری ندارید؟؟
من تازه اینجوری شدم
سردرد میگیریم و بدنم کوفته",3,3.19065637328049,Low
thread_17504974_starter,خواهرم ۲۰ کیلو با این دمنوش کم کردع,1,3.191705567172903,Low
thread_15099650_starter,"من اومدم شهر شوهرم.اونجا زندگی می کنیم،هر دو کارمند هستیم الان من از دیشب سرما خوردم ظرفا همینجور نشسته موند اوایل یکم کمک می کرد ولی این روزا تا من بخوابم اونم میخوابه،با این حالم خونه رو مرتب کردم الانم نا ندارم غذا بپزم،یبوست شدید گرفتم
خانوادش که حال آدم نمیپرسن اینم بدتر از اونا تازه با این حالم رابطم میخواد از خودش و خانوادش بدم اومده به شدت،موندم چکار کنم تو این شهر غریب",6,5.966221710201353,Very High
372919637,"خداروشکر عزیزم..
چون مادر من خیلییی رو این قضیه حساسه میگه باز با باز کبوترم با کبوتر...
ب خاطر همین من به دو تا خواستگارم که وضعیتشون خیلیی خوب بود جواب رد دادم..
پس تا الان هیچ مشکل و ناراحتی ای برات پیش نیومده درسته؟؟",1,3.193386609282243,Low
thread_15734029_starter,"نمیدونم چی بگم نمیتونم بمونم اینجا
تعدادمون خیلی زیاده هیچ کدوم از عموهام هم نمیرن
ما پدر مادرمون نوزادی جدا شدن
بابام معتاد بیکار
آبجیم نمیتونه راه بره و مشکل روانی داره انقدر که من از پس مه کارای روزانش برمیام نه اخلاقیش فقط از بالام حساب میبره به معنی واقعی از پسش برنمیام
سه تا عموی دیگم معتادن
یکیشون یه زن اورده از بر خیابون معتاده تو اتاق نگهش میداره مگه میشه چیزی گفت ؟ چاقو میکشع میزنه میشکنه
مگه میشه پلیس گفت مامانبزرگم نفرین کرده چند بار خواستم بگم
مامانبزرگم سرطانیه تازه شیمی درمانیاش تموم شده
من دیگه سوییت ۲۰ متری خونه همکارمو اجاره میخوام بکنم و برم تو خونه بگم رفتم مسعول خوابگاه (معلم رسمی هستم میگم انتقالم دادن چون مجردم)
وای عذاب وجدان داره خفم میکنه
نمیدونم دووم میارم یا نه
مامانجونم باهام نمیاد خیلی گفتم تو باشی خواهرمو شاید بتونم نگه دارم بیا بریم یه خونه بگیریم ول کن این خونه رو همینجوری
نمیاد میگه پسرام گشنه میمونن هنوزم براشون اشپزی میکنه",9,6.11370997087306,Very High
thread_17502823_starter,امروز روز ۳۱ دورمه و روز ۲ تاخیر پری ، عدد بتا ۴۲۰ بود ،دکتر میگه کمه😢کسی تجربه ای داره در این خصوص؟,5,4.194642672860937,Moderate
398990761,شما بنده برگزیده خدایی 😅😅نق نزن دیگ چاقمو و ... قبلا تو یه تاپیک گفتی دارم وزن کم میکنم حالا من فکر کردم چقد چاقی خشبحالت خدایی اندام کلا ژنتیکیه اندام خوبم یه نعمته,2,3.205794518078619,Moderate
384329549,"یکماه؟ چ‌طولانی
اگ چیزی باشه عفونت میهش تو رحمت
بنظرم دکترتو عوض کن
معمولن ۲۴ساعت زایشگاه بستری میکنن ، تا پایان سقط طبیعی انجام بشه یا اگر نشه کورتاژ
حتمن دکترتو عوض کن، یا برو زایشگاه یک بیمارستان
پیش ماما نرو",3,4.194426593603566,Moderate
371803967,"تخصصی لگن چه فرقی داره با اون که شما میگی
غیر تخصصی چی هست؟
برات صلوات فرستادم",1,3.206235059036771,Moderate
401095096,آخه میگن باید همراه با تب و خارش درد باشه من این علائم ندارم فقط بو میاد ترشح هم ندارم,2,4.217684525254107,High
thread_15496846_starter,"الان روز نهم خونریزیمه
روز اول لخته های زیاد و بزرگ همراه درد دفع کردم
روزای بعد مث پریود سنگین بود
تا اینکه امروز ی چیزی اندازه گردو
کاملا سفت ازم دفع شد دقیقا رنگ گوشت بود و بسیار سفت
مطمئنم خون لخته نبود بنظرتون کامل دفع شده؟",4,5.916664235068311,Very High
332359105,"خاک تو سر خانواده بی غیرتت شاید ناراحت بشی از حرفم ولی وقتی مادرت مریضشد و تو خونه افتاد و حتی سلامم بهش نگردی میفهمه
بچشی دشمنش که نیستی
مرد غربیه دلش سوخت مادرت دلش نسوخت
میتونست بگه بریم دوتا بدل بخریم دادشت دهنشو ببنده هر وقت پول داشتی پس بده",3,4.197840755654397,Moderate
253589632,نه ژنتیک نبود.دویاره همون سندروم داون اینا رو بررسی کرده بود حتی فشار خودمم درصدشو زده بود که چقدر احتمال خطر داره برام.,2,3.197792389291862,Low
397891785,حالا جدا از بحث من برا بارداری رفتم دکتر و ی ویزیت ۶میلیون در اومد با این که بیمه تکمیلی داشتیم همه داروها آزاد و خارجی به قول خودشون ..ما سالها درگیر بازار سیاه دارو هستیم یکیش همین واکسن کرونا که برا همه روشن شد,4,4.210896963286359,High
thread_15944050_starter,موهام دکلره شده بود ی ماهی هست. این رنگ دودیه تونیکا هست. چرا زدم نمیگیره 💔😭,3,4.226275266548328,High
361606373,"برای اینکه قرارع عذاب الیم بکشم؟
نمیدونی چقدر سخت و طاقت فرساست
بیشتر از همه میدونی چی اذیتم میکنه اینکه نکنه با همه این بدبختیا و سختیا مادر خوبی هم نباشم اونقدر نتونم ظرف عاطفی بچه هامو پر کنم .....
نه من ادم بچه زیاد نیستم اصلا",6,4.191288348016315,Moderate
thread_17481838_starter,"خانما من انتقال جنین داشتم تازه دو روزه مثبت شدم امشب با شوهرم بحثم شد خیلی عصبی شدم داد زدم خودمو زدم.. یعنی جنین چی میشه
کسی بوده مثل من اما اتفاقی براش نیوفتاده باشه",6,5.901004786219346,Very High
thread_9892298_حنا70_1401/09/25 11:42,من هم دختره جفتم قدامی. از هفته های پایین حس میکردم گاهی واقعا نگران میشم از اینهمه تکون خوردن,3,3.193792160956946,Low
383400270,"من تستم با عدد ۸۰ مثبت شد
و مثل شما خارج و داخلیش معلوم نبود،هیچیش معلوم نبود نه ساکش نه خودش مثل سونوی ی آدم معمولی
بعداز ی مدت طولاتی ،تو سونو بچه دیده شده
از من احتمال خارج رحمی بودن دادن ولی خداروشکر نبود
این تجربه من بود اینم بگم من دوالی ۳ هفته پیش خونریزی داشتم ولی اون اولش نه",2,4.220356197183719,High
thread_13033480_starter,"هفته ۶ لکه بینی داشتم سونو رفتم گفت جفت خونریزی کرده هماتوم داری استراحت کن فقط
قلبشم تشکیل نشده بود گفت برو ۲ هفته دیگه بیا قلب و چک کنیم
دارم میمیرم از سرگیجه و بی حوصلگی
چقدر از اولش سخت شد😑",5,6.106423816119786,Very High
thread_12306808_starter,"بچه ها من 20هفتمه
از دیروز غرور واژنم داخلش تیر میکشه و ول میکنه
دلپیچه هم دارم
طبیعی یا نه؟
کیا داشتن؟",2,3.199603779081372,Low
thread_17027576_starter,خیلی شدید بدن دردم هفته هفت بارداریم رفتم دکتر قرص داد سوزن زد سرم وصل کرد انگار نه انگار انقد بدنم درد میکنه که همش گریه میکنم,6,5.972453541582581,Very High
thread_15855384_starter,"۲ هفته است کات کردیم
هر شب دارم با گزیه میخوابم
مشاورم میگه اشکال نداره سوگواری کن
ولی دوست دارم بدونم اونم مثل منه؟😭
نیم ساعت قبل کات کردن
بهم گفت عاشقتم
هیچکس برام مثل تو نیست
بخوام با یه آدم تا آخر عمرم اون بک نفر  تویی
بعد سر یه قضیه من نیم ساعت جیغ کشیدم داخل ماشینش
از جیغ خیلی بهم میریزه
قیلا گفت مامانم بچگی خیلی جیغ میکشیده حالم بهم میرزه از جیغ
گفت وقتی میدونستی از جیغ بدم میاذ چرا جیغ کشیدی ؟
کفتم از عمد
گفت تو دوست نداشتی و…
دیگه خل شد
کلی زنگ و پیام داد فرداش داد
که ازت متنفرم و دیگه  نمیخوام ببینمت
و از همه جا منو بلاکم کرد!
باورتون میشه؟
یعنی با یه جیغ کات کرد
احمق روانی
حالم ازش بهم میخوره
چرا تموم نمیشه
فراموشش کنم بهترین روز عمرم میشه",5,6.13142516023072,Very High
394695465,"الان گوگل نگا کردم درست جایی که زده عکس رگ سیاتیک هست خیلی میترسم
شما میتونی راه بری؟",4,3.203646116138771,Moderate
thread_15328137_starter,سلام بچها من بعداز ۱۲سال باردارشدم الان هفته نهم بارداریم قلب جنین تشکیل شدولی الان هیچ حسی ندارم ونه حالت تهوعی ونه به غذایی هوس ندارم میشه بگین توخدا بالای ران سمت راستمم یه سوزشی داره ویه نقطه ازشم درد میکنه هپارین و شیاف پروژسترون هم استفاده میکنم کسی مثل من بوده,4,6.102644736674847,Very High
thread_10162254_مامان_نیماجوجه_1401/10/29 22:40,منم ۳ ماه پیش حال تورو داشتم ولی الان پشیمونم که درست حسابی نخوابیدم و استراحت نکردم و عجله کردم ۳ ماهه که نه خواب درستی دارم نه خوراک درستی دخترم ریفلاکس شدید داره یعنی واقعا پدرم دراومده انگار بار اوله دارم بچه بزرگ میکنم دارم روانی میشم تروخدا هرکی این پست رو دید دعا کنه رفلاکس دخترم خوب بشه خسته ام خیلی خسته,7,4.192176513717186,Moderate
336152400,شهر ما که هست برای دختر عموم می گیرم می فرستم شهر دیگه آپتامیل پپتی ۲ با این که کمیابه ولی این جا پیدا کردیم براش.,1,3.208571971195852,Moderate
362573396,"همه پشیمونم کردن ک شیشه ای نگیر
سفید میشه باشع ولی جنس شیشه ای ن",2,3.196992329101704,Low
403941896,اگر دردش شدید نیست لکه بینی نداری حالت بد نیست طبیعیه. از هفته ۱۲ دیگه وارد مرحله جدید میشی علائمت کم کم تموم میشن رحم شروع میکنه بالا اومدن به سمت ناف شاید فشار میاره به نافت که درد میگیره ولی درکل تا درد شدیدی نبود یا درد منظمی نبود مثلا ۵ دقیقه بگیره ۱۰دقیقه ول کنه دوباره ۵ دقیقه بگیره این چرخه همینجوری ادامه داشته باشه غیر این عادیه هنوز کم کم حالت تهوعت کلا از بین میره همش گشنت میشه لگن درد و کمردردم اضاف میشه. تب و دلدرد شدید و لکه بینی داشتی علائم هشدارن پیگیری کن بقیش خوبه همه چی. انشاالله بسلامتی میگذرونی این روزارو❤️,1,4.195314927096206,Moderate
389797509,"ولی دختر عموی من صورتش پر از لک شدالان نوه هم داره ولی هنوز پوستش همون طوره.
اتفاقا باید درمان کرد همه خوش شانس نیستن که بدون درمان خوب بشن.",1,3.196951455829549,Low
thread_14312546_starter,"الهی همه پدر مادرا شاد باشن
الهی همه فرزندااا سالم و عاقبت بخیر باشن
صلوات
یا امام حسین طفلم قبل چهلم امام حسین راه بره دیگ
خسته شدم از نگرانی",3,3.192782172314764,Low
403198264,"آب کیسه آب دقیقا مثل آب آبکیه ! اصلا شبیه ترشح نیست!
آبیه ک رنگش یه کمی به زرد و سبز روشن میزنه. شفافه کاملا.
بیشتر شبیه ادراره تا ترشح!",1,3.197157263361078,Low
318369470,چقدددددددددددرررر ناشکری حالم بد شد از ناشکریت، همین ک ۳ تا بچه سالم داشته باشی جای شکر داره، بعدم خانوم خانوما خیلیا آرزوی ی بارداری سالم دارن بعد خدا دو تا فرشته تو دلت داره رشد میده ماشاالله ان تیت هم سالم بود چرا ناشکری میکنی؟,2,3.207390611745723,Moderate
404604139,"🥴 اگه پایین تنش یه برجستگی روبه بالا داره پسمل روبه پایین دختر
ضربان قلب بالا 140 دختر پایین پسر",1,3.192084479862196,Low
413944619,"سلام
اگر بعد از تعلیق خواستین برگردین قسمت ارتباط با ما بالا و پایین صفحه پیام بذارین.
پشتیبانی ⬅️ درخواست رفع تعلیق اکانت کاربری
https://www.ninisite.com/contactus
شماره موبایل یا ایمیلی که باهاش ثبت نام کرده بودین رو بدین
⚪️⚪️
@missmehrbano
@ازسارابپرس
💖",1,3.199366738705976,Low
411426347,"به امید خدا
انشالله هر کس که در ارزوی بچه دار شدنه خدا بهش اولاد سالم صالح بده مادر شدن حق هر زنیه 🥲",1,3.19861168535499,Low
392223843,با مازراتی امتحان می کنم ببینم چی میشه البته قبلش باید شوهر پولدار هم پیدا کنم,1,3.206764644102613,Moderate
thread_18140121_starter,"سلام دوستان من برای عمل بینی پیش یکی از دکترهای معروف رفتم بهم گفتن نیاز به پروتز چونه هم دارم و همزمان با عمل بینی انجام میشه
کسی تجربه انجام این کارو داره؟اذیت کننده نیست؟و هر تجربه دیگه ای که دارین",2,4.209404735538101,High
359988790,"نعمت خداعه خیلیا آرزو دارن یدونه بچه داشته باشن حالا ناشکری میکنی؟
یکی از آشناهای نزدیکم موقع که فهمید بچش دختره خیلی ناراحت شد الان بچشو خیلی دوسداره ولی بچش آتروفی مغزیه میلونها پول دارو و امپولهای گرون میده ولی دکترا گفتن تا۵سالگی فلجه همیشه خودشو مقصر میدونه میگه اگه ناشکری نمیکردم بچم اینطور نمیشد",3,3.187844633095665,Low
thread_9772735_radvin2222_1401/09/07 22:49,"اسی یکار میتونی بکنی
برو برات یه روانپزشک نامه بده ک پانیک‌ داری و نمیتونی طبیعی زایمان کنی سز میشی",2,3.201872354477018,Moderate
345557066,بله بعد موعد لکع بینی و دردش شرو شد,1,3.195082338079182,Low
thread_9536090_starter,"باردارم و خیلی عصبی و پر خاشگر شدم
البته که این حالم بی دلیل نیست
مخصوصا وقتی یاد رفتارای خونواده شوهرم میفتم دلم میشکنه و بهم میریزم
کنترل زندگیم از دستم خارج شده
از طرفی میدونم چقدر واسه جنینم ضرر داره ولی واقعا دست خودم نیست و ناراحتم
چیکار کنم واقعا 😔",6,5.962872498523211,Very High
thread_13998018_رز_بنفش_1403/04/15 09:45,شالگردن بپوشه بگه گلوم درد میکنه.  البته باید قبلا اینکارو میکرد,1,3.188007561946506,Low
thread_6512194_tanhaaaaaaam_1400/02/30 03:06,دقیقا منم اینو‌باخودم‌گفتم‌ ولی زنگ‌زدم و بش گفتم‌اونم بامن همدل بود خدایی هرکارخاستم برام‌کرد ک‌شوهرم دست ازاین کاراش برداره ولی شوهرم ادم‌نبود اینم بگم یکی دیگه ام بود ک‌باشوهرم بود ب اونم زنگ‌ زدم‌ولی اونم ازاوناش بود بم‌مگف ب‌شوهرت بگو‌خونه بگیره باهم زندگی‌کنیم ازاون‌دلم پره خدا لعنتش کنه ب خاک‌سیاه بشینه خدا سرهیشکی نیاره ب حق امام رضا,3,4.222997515158568,High
407332898,"به دلت بد راه نده
منم حس میکنم باردارم ولی نه جرات دارم است بدم ن آزمایش 🥲🥲🥲🥲",4,4.222268229699694,High
305592776,"برام دعا کن بعد ۷سال خدا بهم داد
دیگه تحمل ندارم از دیشبم دارم گریه میکنم",5,3.195724510713262,Low
326434741,"ترسیدم اشتباه کردم..اصلا شرایط بارداری رو ندارم خیلی هم مراقب بودیم😭۵قرص استفاده کردم ۳تازیرزبونی ۲تاداخل واژن
اصلا خونریزی ندارم.پریودهم دیگه نشدم. مجرای اداری خوبه ولی مجرای دیگه انگارک تنگ وسفت شده",5,6.01528453011997,Very High
thread_16162449_starter,من الان دوماه حامله ام رفتم دکتر گفتش کع من کم خونی شدید دارم درحد مینور و اگه شوهرم مینور باشه بچه اتون تالاسمی میشه وباید سقط بشه فردا جواب ازمایش همسرم میاد دعا کنید برام ک اونم مینور نباشه وگرنه هیچوقت نمیتونم بچه بیارم 😔😔,6,5.999685443122871,Very High
thread_15954402_starter,هفته ۳۵بارداری ام اندازه دو سرش با کمرش نمیخونه میگن دور سر ۳ الی ۴هفته بیشتره😭😭دکتر گفته احتمال ماکروسفالی هست.کسی چنین شرایطی داشته؟,5,5.958313257930058,Very High
thread_16457132_starter,"سلام
من بعد از رابطه محافظت نشده بعد از پنج روز قرص اورژانسی ۱.۵ خوردم دوتاشو باهم خوردم
بعد ۲ روز سر تایم خودم پریود شدم و دوباره بعد از پنج روز پریود شدم ولی مثل همیشه نبود کمتر بود بعد از سه روز ترشح زرد داشتم و الان بعد از حدود پنجاه روز از پریود اولم هنوز پریود نشدم خیلی میترسم ممکنه باردار باشم؟؟؟",5,6.101030786623596,Very High
349112067,منم یسری امتحان کردم با اب واقعا خوب شد,1,3.205624414109288,Moderate
400731311,"روز اول فکر کنم سرد میکردم
یه دستمال توی اب سرد میذاشتم بعد قشنگ میچلوندم بدون اب
میذاشتم روش
برا فرداشم همین با اب گرم
همیشه برا واکسن نیم ساعت قبلش استا میدادم",1,3.203542398856371,Moderate
thread_12202655_starter,"سلام من۳۲ هفته و پنج روز رفتم سونو وزنش۱۸۸۰ بود در صورتی که واسه دخترم ۳۱ هفته و ۵ روز ۱۸۰۰ بود که با این حال دخترم ۲۹۰۰ بدنیا اومد
میخوام پسرم حداقل ۳ کیلو بشه دیگ دخترم خیلی لاغر بود بغل کردنش سخت بود اصلا
چی بخورم که وزن بگیره",3,5.961244493126287,Very High
thread_18143402_starter,سلام برای مهاجرت نیاز به مشاوره دارم در شهر سبزوار شما کسیو میشناسین؟,1,3.197489349036914,Low
thread_18038674_starter,"تاپیک قبلی نوشتم ، جاریم میگه میخام چند روز تنها باشم حالم بهتر شه یه مقدار فکر کنم
میگه نمیخام خانوادم بفهمن دعوامون شده ،برادرشوهرم ایشونو هل داده اینم بازوی اونو چنگ انداخته😑 میگه من شده کتک بخورم واینمیسم یکی منو بزنه کلا خیلی دختر زبون داریه دختر خوبیه اما از خودش دفاع میکنه البته اونم کتکش نزده فقط هولش داده
جاریم میگه بیام خونه شما دو سه روز ( تو یه مجتمع هستیم)
منم گفتم بخدا من تو مسائل شخصی برادر خودمم دخالت نمیکنم
الان مادرشوهرم از چشم من میبینه تو بیای اینجا شوهرمم اصلا موافق نیست
قرار شد همسرم به داداشش بگه دو سه روزی خونه نره ایشون خونه تنها باشه حالش بهتر شه ی مقدار فکر کنه
کلا من با همشون رودربایستی دارم رسمی هستم واسه همین موقع ها ک نخوایم تو کار هم دخالت کنیم
واقعا نمیخام قاطی ماجراهاشون شم",4,5.890772785579884,High
thread_16345478_starter,"باردارم پسرم ۱۸ ماهشه دارم از شیر می گیرمش
در طول روز خوبه سیر باشه نق نمی زنه
برا خواب پدرمون دراورده
عادت داشت زی. سینه بخوابه
حالا هیچ جوری راضی نمیشه
سیرش می کنم
شیر خشک نمی خوره شیشه نمی گیره حتی تو خواب
شوهرم می چرخونه سر پا دو ساعت از کمر میوفته منم که نمی تونم
حس می کنم هیچ وقت حل نمیشه این مشکل
کم اوردم
چیکار کنم",5,5.932933049240091,Very High
thread_14116034_starter,"هفت هفته باردارم و امروز نتایج آزمایشم رو دکتر نگاه کرد و تیروئیدم ۳.۸۷بود بهم گفت لب مرزه و دو هفته بعد آزمایش رو تکرار کنم و بهم دارو بده
کسی تجربه ای داره در این مورد؟
آخه خیلی نگرانم",4,5.941763775932486,Very High
thread_14030200_starter,"سلام
من هفته ی ۸ بارداری هستم
منتهی جنین تو ۶ هفته مونده و قلبش ایست کرده و رشد نکرده
دکتر میگه باید بری بیمارستان دارو بگیری ولی اصلا نمیخوام برم چون دوتا بچه کوچک دارم
کسی میتونه راهنمایی کنه
چکار کنم که سقط بشه و باز شم ؟",6,5.957566722921456,Very High
351792283,خداراشکر ...طبیعیه ناراحت باشی اما غصه نخور دیگه بقول خودت همینکه خارج رحمی نیست یا بزرگ نشده بود که مجیور بشی دارو مصرف کنی و کورتاژ بشی خیلی جای شکرداره من تا۱۱.۱۲هفته داشتمش الکی و بعد باهزار دردسر و درد سقط کردم,3,4.223812240586994,High
thread_7489230_starter,شکمم درد میکنه نه زیاد اما یک ساعته درد میکنه خونریزی صورتی کم رنگ هم دارم هفته قبل دو روز لک قهوه ای دیدم یعنی لانه گزینیم هفته قبل بود الان این خون و درد طبیعی. فردا برم دکتر با دارو میتونه جلو سقط و یگیره,3,5.947640714175577,Very High
387746922,"تو ک عقل داری ب یه مرد ۷۰ ساله نمیگن پیرخرف اولا
دوما کسی ک ۷۰ سالشه دهه پنجاهی نیست
سوما ۵۷ یک ساله نه یک دهه
حالا‌معلوم شد کی عقل نداره جوجه؟؟؟؟؟؟؟",3,3.197851169748901,Low
thread_7215937_starter,"من ۱۵ روز پیش کرونا گرفتم هفته ۲۶ بودم و بستری شدم حدود هفت روز
از وقتی مرخص شدم احساس افسردگی خیلی شدید دارم
واقعا حالم بده اصلا حوصله هیچ چیز و هیچ کس رو ندارم
به زور فقط یه غذا درست میکنم و خیلی معدم هم اذیت شده و دائم نفخ دارم و درد معده
نمیدونم واقعا چیکار کنم",4,6.118595627340255,Very High
359454147,نه اونقدرام سخت نیس البته بدن هر کسی ی جوره ....من کسی رو ندارم بعد زایمان مراقبم باشه بخاطر همین طبیعی رو ترجیح میدم جون زود سرپا میشی,2,3.201088736284873,Moderate
thread_7141935_starter,"از روز چندم تا چند روز بخیه رو میشستین؟با چی
از رو چسب؟
چه‌وقتی چسب باز کنیم و بخیه بکشیم؟ آیا بعدش بازم میخواد شستشو بدی؟؟؟",1,4.211742556009995,High
thread_14898948_starter,"از وقتی بدنیا اومده زندگیم از این رو ب اون رو شده
از بارداری سخت و کولیک و دلدرد و گریه های شبانه
یک و نیم ساله من خیلی داغون و حالم بده
دیگ دوسش ندارم
نمی دونم چشه واقعا همش میخواد تو بغل باشه
از وقتی بدنیا اومد ن پستونک نه روروعک نه کالسکه رو هیچ کدوم نموند کمرم رسما شکسته
هیچ کمکی ندارم شوهرمم کارش سنگین هرزگاهی کمک می کنه ولی این بچه اروم نمیشه
تو فکرمه ببرمش دکتر ولی نمیدونم چه دکتری
خواهشا کسی کمک و تجربه ای داره بگه
پسر اولم خیلی خوب بود فقط 6 ماه اذیت داشت این نه از تو شکمم بوده اذیت تا الان ک 15 کاهش داره میشه
دیگ بریدم رسما از دست این بچه",8,6.118538840441033,Very High
thread_18053475_starter,"من  باردارم قندم دو هفته پیش روی 99 بود دکتر گفت دو هفته مراقبت کن دوباره آزمایش بده
اینبار آزمایش ناشتا روی 86 بود با اینکه زیاد مراقب نبودم و چیزای شیرین هم خورده بودم
حالا کتون مثبت 1 توی آزمایش ادرارم هست میتونه نشونه دیابت باشه؟",2,6.144738947332371,Very High
406373508,"جفت پایین فقط استراحت.مال من خلفی بود کلا.مال عروس ابجیم پایین بود بعد رفت بالا
برا من 36 هفته دنیا اومد.تو دستگاه هم نرفت خداروشکر
دلواپس نباش عزیزم
بسپار به خدا
من ت  حاملوی یه روزایی داشتم که مرده متحرک بودم.خدا باعث و بانیشو لعنت کنه.خودمو بچمو سپردم به خدا",3,4.215737588767297,High
413989106,"بنویس ساعت چند میای
مثلا میگه ۴ میرسم
بعد برای ساعت چهار حاضر میشی مرتب تر و تمیز
داخل صحبتا باید طرز تفکر مستقل خودت رو حفظ کنی و به این راحتیا تحت تاثیر حرفاش قرار نگیری. وگرنه نه آوردن الکی اتفاقا باعث میشه ظالم بیشتر ظلم کنه. منطقی برخورد کن اگر رفتید خرید اون گفت فقط رنگ آبی رو باید برداری و لا غیر. اون موقع تو باید بگی نه من سبزش رو میخوام و سبز رو بخری. مبادا بگی نه اصلا نمیخرم! چون عادت میکنه که یا پیشنهادش رو قبول میکنی یا محروم میشی",1,3.201460345184387,Moderate
413930494,"توقع نداری که بگه اره خواهرم دوست نداره پدرمم بهت بی احترامی میکنه؟همه مردا همینن اصلا این چیزا رو انتقال نده که فقط باعث میشه بیشتر حرص بخوری
خودت اگه موقعیتی پیش اومد تلافی کن هیچوقت هم پیش شوهرت بدشون رو نگو که ذهنیتش خراب بشه بعدا اگه یه جایی حق با تو هم باشه فکر کنه داری دشمنی میکنی",2,3.191007324061502,Low
thread_12980644_starter,"خانوما من ویارم خیلی شدیده در حدی که آبم نمیتونم بخورم، پری روز رفتم زیر سرم آمپول دمیترونم بهم زدن اما فایده نداره ، خدا شاهده شاید باورتون نشه چهار پنج روز با یه پر خرما و یه قاشق آب میگذرونم، دیروز که حالم بد بود رفتم سوپرمارکت یهو رانی آناناس دیدم دلم خواست یکم خوردم بالا نیاوردم امروزم یه استکان خوردم انگار یه ذره قندم رو تنظیم کرد، اینکه میگن آناناس باعث سقط میشه راسته؟
من چی کار کنم پس😭😭😭
شوهرم هی سرکوفتم میزنه که تو هیچی نمیخوری بچه ناقص میشه، آخه مگه دست خودمه هر چی میخورم حتی یه قطره آب برمیگردونم",6,5.872118192099151,High
364656221,"عالی
ورم هم بعد یک هفته کامل می‌خوابه اصلا نگران نباش",1,3.192627751404679,Low
thread_15622947_starter,دو ماه باردارم ده روز سرما خوردم اول گوشام کیپ شدن الان گوشام باز شدن ولی بینیم گرفته صب بیدار شدم نماز بخونم خوابم پرید از اینورم هی جیشم میگرفت دیشب و هیچ نخوابیدم اعصابم خورده خواستم غذا درست کنم پیاز داغ تفت دادم بوش خورد ب دماغم کلی عق زدم معدم درد گرفت الان شونم درد میکنه خسته شدم 😭,5,6.045445272451616,Very High
408286174,"تاپیک قبلیت حذف شد نمیدونم نظرمو تونستی بخونی یانه
نمیدونم چه مشکلی برات پیش اومده که میخوای این کارو انجام بدی
زندگیا خیلی طاقت فرسا شدن
ولی بازم میگم به عنوان کسی که خودم این اشتباه و انجام دادم و چند ساله داریم چوب اون تصمیم اشتباهمون رو میخوریم،تو این اشتباه رو نکن
من خانواده خیلی سنتی دارم بخاطر همون تو دوران عقدم نتونستیم بچمونو نگهداریم،شرایط گرفتن عروسی و خونه رو هم نداشتیم
با کلی عذاب و گریه این کارو انجام دادم
ولی بعد گذشت چندسال همچنان پشیمونم،بعد اون دیگه هیچی تو زندگیمون درست پیش نرفت
همچنان داریم تاوان اون اشتباهمون رو میدیم
با اینکه الان خیلی دلمون بچه میخواد ولی خدا شرایطشو برامون اوکی نمیکنه
من 29سالمه و همسرم 30 سالشه
سنمون داره میره بالا و این شرایط خیلی عذابمون میده",6,4.209450438760086,High
253589219,"بله بیمه تکمیلی هم دارم.
ولی دکتر خودش گفت که آزاد حساب میشه.منم کلا از استرس یادم رفت بپرسم مگه چی نوشتی. آخه حتی تو آنومالی هم سونو گرافی رو بیمه قبول میکنه فقط اون آزمایش خونش آزاده.",3,3.18949014041209,Low
407172979,"بخدا غذاشونم افتضاح بود اکثرا همسرم از بیرون میاورد
راستی اگر قصد طبیعی دارید با دکترتون حرف بزنید و پول بدید که خودش شخصا بالاسرتون باشه و بخیه و زیبایی اگر لازمه انجام بده که چند باره کاری نشه
اگرم خدای نکرده اجباری پیش اومد فورا تشخیص بده و سزارین کنه",2,4.19767307503389,Moderate
thread_18023581_starter,"رفتارهایی که تلنبار شده تو رابطم
تو طول روز بهم زنگ نمیزنه من بهش زنگ میزنم گوشیش رو جواب نمیده بعدش هم زنگ نمیزنه بگه چیکار داشتی یا پیام بده بگه چیکار داشتی(اکثر اوقات اینجوری شده)
پیامایی که بهش میدم رو ۷ ساعت تا ۹ ساعت بعد جواب میده من میدونم سرکاره صبر کردم درکش کردم ولی چند بار کنار مغازشون رد شدم ساعت ۹ اینا خلوته میتونه زنگ بزنه
۴ ماهه منو ندیده با اینکه تو یه شهریم و دو هفته یا سه هفته یه بار میریم تصویری و حتی من میگم بریم استانمون یه ساعت راهه همش و تاکسی میگیریم میریم همش میگه نمیدونم
مثلا من ایتا یا تلگرام پیامش میدم دو روز بعد یا سه روز بعد میاد فقط پیامک رو جواب میده
با خونوادش زیاد خوب نیست و خیلی خوب باهاشون رفتار نمیکنه اکثر اوقات
ببین وقتی بخوام اینکارا انجام بده برام هی باید بگم بریم تصویری بیا ایتا جواب پیامم رو بده یا زنگم بزن دیگه حالم داره از خودم بهم میخوره
ببین چقدر من صبر کردم که حالم بد شده روحم بهم ریخته همش استرس دارم همش حس میکنم نمیخاد باهام حرف بزنه و من زیادی ام در حالی که وارد بازی روانیش شدم هی خودم رو کوچیک و بی ارزش کردم هی اعتماد به نفسم اومد پایین در حالی که قبل از او اینجوری نبودم🥲
نمیدونمم چیکار کنم😭
نه سربازی رفته نه سرکار میره درسش هم ۱۱ ترمه طول داده نه ماشین نه خونه نه موتور
خواستگارمم شرایطش خوبه چیکار کنم
۲سال و ۱۰ ماهه بهش فرصت دادم",8,6.069303099339322,Very High
363728545,سلام عزیزم خوبی شما از این برند بین استار نتیجه ای دیدید؟؟ منم میخوام بگیرم ولی دودلم نمیدونم تاثیر داره یا نه چون خیلی لاغرم و میخوام تپل شه صورتم,1,3.196385651419405,Low
362394833,"دقیقاا
من همین اکسم دوست دختر داشت دیگ
بخدا با همشون رابطه جنسی داشت
طرف انقدر رااحت خودشو در اختیار یارو میزاره ک
وقتی با امثال ماها برخورد میکنن ک نمیخواییم رابطه داشته باشیم دیگ وقت صرف ما نمیکنن درجا میگن اسکولم مگه با تو بمونم وقتی دخترا ریختن ک راحت رابطه برقرار میکنن",3,4.216484102342747,High
thread_15924742_starter,"سلام مامانا کسی بوده مثل من از سنو اول تا دومش که دوهفته بوده فقط ساک بارداری خالی دیده باشه و ساک هیچ رشدی نداشته باشه؟
دفعه دوم که رفتم سنو مث سنو اولم بود فقط یه کیسه زرده خیلی کوچیک هم اضافه شده بود ولی با این حال ساک بارداری هیچ تغییری نکرده بود
سنو دومی هفت هفته باید میبودم ولی رشدش توی چهار هفته و شش روز متوقف شده بود
کسی بوده شرایط منو داشته باشه بار سوم بره سنو و جنین و قلبش رو ببینه؟",5,5.946661168429728,Very High
412973833,ناراحت نباش تلاش هاتو بکن تا توهم بخری به شانس هم ربط نداره اون تصمیم و مسیرش با تو یکی نبوده,1,3.203507714637453,Moderate
thread_15250810_starter,سلام دوستان ميشه كمكم كنيد من شوهر اصلا درك نداره كه من باردارم تا ٦سركاره بعد ساعت ٦ ام اينستا الانم بخاطر  يه بالشت الكي بأمن دعوا انداخته كلي حرف بدبهم گفته منم يكم جواب دادم بعد ديدم شكمم داره ميلرزه يه جور بد قشنگ احساس كردم بچه يه جور ميترسه ميلرزه شكمم اون حالت شد بنظرتون من چيكار كنم هر روز هر روز تو استرسم,8,6.015844455112529,Very High
289051453,اوایل بارداری که هنوز جفت تشکیل نشده بچه اصلاً با مادر ارتباط خونی نداره. نگران نباش,1,3.202182086475659,Moderate
thread_17510926_starter,چیکار کنم توی ۲۶ هفته هستم وقتی دراز میکشم سمت چپ کمر از وسط تا پایین تیر میکشه زیرشکمم درد میگیره نتونستم از دردش بخوابم اصن ی طوره خاصیه زیاد درد نمیگیره خیلیی ولی بی طاقتی بهم دست میدع هر وری میشم خوب نمیشع چ کنم,5,5.986897478971514,Very High
408776030,گل من تو هفته ششم هم بازم امکان داره لک لانه گزینی باشه ؟ چون یه هفته پیش لک دیدم یه بار,2,3.197097764947102,Low
330365699,منم هنوز نزدم ولی ماه۸ و۹ میزنه دیگه🥵این خارجیا ژنشون خوبه شکمای گندشون اصلا ترک نداره,1,3.190295747703203,Low
396453635,"خوبه صبر کرد
بمن گفتن قلب تشکیل تشده برو سقط کن
منم عین بجه کلاس اولیا سریع گوش کردم بحرف دکتر🥺البته الان ۱فرشته ی ناز دارم کلاس اوله",1,4.218340980056382,High
thread_7161040_دخترکلاسیک_1400/06/09 15:21,اگه تو سه ماه اول ک دستگاه عصبی  و اعصاب شکل میگیره بخوری تاثیر داره تو ضریب هوشی برای آدم بالغ هم میگن خوبه اما بخش عمده هوش ارثی هست,1,4.199089602005188,Moderate
thread_14516471_starter,خانوما ترو خدا دعا کنین این گره باز شه سه قلو باردارم ماه پنجم بارداریمه خیلی تو استرس و فشارم شبا دور از چشم بقییه ساعت ها گریه میکنم میدونم واسم خوب نیس اما شوهرم کارشو دو ماهی میشه از دست داده دیگه نمیتونه یه کار پیدا کنه سراغ هر کاری میره نمیشه نمیدونم چیکار کنم تو این وضعیتم چرا باید همچین اتفاقاتی بیفته 😮‍💨,8,6.032290316528815,Very High
337097968,"همینطور که یکی از خانما گفتن، بتا بده. مثلا همین فردا صبح. بتا نشون میده باردار بودی یا نه‌.
بعد اگر خودت بلد بودی بخونی و متوجه شدی منفیه که هیچ، اگر شک داشتی حتی میتونی تماس بگیری یه پزشک آنلاین، ماجرا رو براش شرح بدی.‌ و جواب بتات رو هم نشون بدی.
ولی اگر تازه سقط کردی، نگران نباش تا مدتی این چیزای عجیب غریب رو ممکنه ببینی، منظورم پریودهای عجیب، کم‌، یهو زیاد، از این چیزا.",1,4.19752230128006,Moderate
339057073,جوری که علامت دادی احتمالا دفع شده، نگران نباش، اسراحت کن و فعالیت عجیب و غریب نداشته باش امیدوارم حالت بزودی خوب شه,1,3.191029419955157,Low
thread_10142431_دلوووووووین_1401/10/27 17:16,بچه دوممه برا اولی اصلا خواب ب چشمم نمیومد ولی این نمیتونم چند دقیقه بیدار باشم انکار معتادم همش نعشه کردم خوابیدم۰۰😀,1,3.207757331023458,Moderate
327626890,"سلام برای اینکه بتونم به سوالاتتون دقیق جواب بدم اینجا کپی شون کردم سوال اولتون متاسفانه واضح نیست
1- اینکه آیا کسی غربالگری سونو مجدد جای دیگه انجام داده ۱حتشو بدونه؟
2- اینکه آیا کسی بوده با این میزان ان تی در آمینو سالم باشه؟
3- اینکه آیا میشه بدون دستور پزشک سونو غربالگری داد؟
سوال 2 ببنید ان تی جنین شما بالاست که میتونه علامت سندرم هایی مثل تریزومی 21 یا ترنر باشه ولی فقط علامت هشدار دهنده است تشخیص نیست بله ممکنه امنیوسنتز بشید و ایشالا بچه سالم باشه این احتمالاته پس حتما امنیون بدید
3- بله میتونین برید مراکز سونوگرافی و درخواست سونو بدید کسی نمیتونه سونوتون رو انجام نده
ولی احتمال این که ان تی تغییر زیادی بکنه نیست چون دستگاه های سونو دقیق هستن
اگر میخواید تصویر سونوتون رو برای مرکز ما بفرستید تا دکتر بهتون بررسی کنن پاسخ بدن",1,4.204111852430287,High
359951405,حساس شدی اسی جونم. تازه اینکه رژیم برات سخته به خاطر همین استرس و فشارته. شما همون سالم خوری رو در پیش بگیر اگر میتونی نمیخواد الان به خودت فشار بیاری.آسیاب به نوبت.وزن کم کردن باشه برای بعد.الان بهتره رو حال و احوالت کار کنی عزیزم.ببین مشکل از کجا نشأت میگیره...کم کم دونه دونه حل کن تا حالت بهتر بشه🫂,1,3.195397286717707,Low
412539159,تو فک میکنی شکننده نیست ولی تو داری غرورشو له میکنه    وقتی غرورش شکست باید خودتو آماده کنی خواهرم,1,3.20213610400424,Moderate
400496364,منم ۲۲ برج ۲ این روزو تجربه کردم ۱۰ ۱۱ هفته بودم قبلش قلب داشت ولی لک صورتی خیلیییی کم رنگ دیدم فکر کردم ترشحه ولی بعدزود رفتم سونو گفتن قلبش ایست کرده ومن تا مرز جنون رفتم وگارم ب قرص ارام بخش رسید,7,4.209331031612237,High
376211384,خیلی از بارداریا ممکنه خطر ناک باشه و استراحت مطلق و رابطه ممنوعه ،دیگه شمام اینطوری شده مجبورین غیر قابل تحمل نیست اینم میگذره.جور دیگه بهم محبت کنید و.....,1,3.201225952951063,Moderate
355432325,حرف زدنش کاملا عادی بود ولی وقتی استرس میگرفت تا بیاد جمله رو بگه نفس نفس میزد ، نه اینکه کلمات رو تکرار کنه,1,3.202381853676343,Moderate
thread_12001379_starter,یه بچه ی یکساله دارم.خودمم شاغلم.خانوادمم پیشم نیستن .شوهرم دوس داشت زودتر دوباره باردار بشم ولی من راضی نبودم.و الان من دوباره باردار شدم در صورتیکه  اصلا راضی نبودم فعلا.گاهی میگم برم سقطش کنم بعد میگم گناه داره.الان بخاطر این موضوع با شوهرم حرف نمیزنم و هیچ حسی هم به بچه ی تو شکمم ندارم.,6,4.204330357941217,High
thread_18039553_starter,"خانما کی این دلدرد شییه به دلدرد پریودی دیگ تموم میشه 😢😢
من تازه حالت تهوع اومده سراغم
خواب بودم بیدار شدم عصری یه کیوی قاچ کردم خوردم همین خوردمش حالت تهوع اومد سراغم
نمیارم بالا اما کامل حس تهوع رو دارم",3,6.149455233957269,Very High
374582947,خب برای منم همین حدود اختلاف دارن دکتر خلیل شریفی تو سونوگرافی صدری ازش متنفرم من با ذوق رفتم برای تعیین جنسیت ب من گفت این بچه ب درد نمیخوره رشد نمیکنه ریداکتش میکنن 😭😭😭,6,5.920451402065545,Very High
413968469,"هرطور خودت صلاح میدونی استارتر جان ولی فکر نمیکنم بتونه خوشبختت کنه نه خونه نه ماشین تازه با خانوادش هم زندگی میکنه باید به اوناهم کمک کنه حتما
حقوق معلمی مگه چقدره که با همه اینا بخواد خوشبختت کنه😑",2,4.216394779024995,High
thread_16483428_starter,"من درست روز اتمام پریودم رابطه داشتم و بدلیل ترس از بارداری ۲۴ ساعت بعد، قرص اورژانسی خوردم
دو هفته بعد از مصرف قرص تست بارداری دادم که منفی بود
دو ماه بعد هم بیبی چک استفاده کردم که اونم منفی بود
ولی سه ماهه هنوز پریود نشدم
دلیلش چی میتونه باشه؟",2,5.999556784139713,Very High
356070629,من جفتم پرویاعه😑😑😑 از تو هم بدتره وضعم,3,4.220754302608839,High
411766752,"اصلا شاید نباید تاپیک میزدم ولی بخدا الان ترندن  😂😂
لباس باکیفیت میخرم میمونه .
من اشتباه کردم تایپک زدم چون ی سریا خیلی گارد دارن
باید همون رگال اضافه کنم
بازم مرسی🥰",2,3.204249603681092,Moderate
thread_13287301_عسلی۰۰_1403/01/03 15:15,چکار میکنی ؟ واقعا دیگه اعصاب نذاشته برام خیر ندیده روزه ام دست وپا از کاراش یخ میکنه,5,3.206358857418309,Moderate
thread_14285147_starter,دیشب اومده بودن خونمون و طبق معمول سینه هاشو انداخته بود کامل بیرون جلوی همه و بچه شیر میداد بعد اینکه بچه خوابید بازم سینه هاش همینجوری بیرون مونده بود تو ذهن بچه منم دیگه تحملم لبریز شد و گفتم سارا نکنه میخوای به ماهم شیر بدی جلوی شوهر سیب زمینیش و شوهرم گفتم اونم یهو قرمز شد و جا خورد پاشد گریه و رفتن منم گفتم بری که برنگردی,5,6.098354659512552,Very High
336588042,سلام عزیزم منم باردارم توو سونو گفتن یه پاش کلاب فوته شما بچتون درست شد پاش؟ من خیلی نگرانم,4,3.197173977314378,Low
thread_17030125_starter,"سلام شبتون بخیر
من تازه ۶ هفته هستم و الان ۳ روزه لکه بینی صورتی و قهوه ای دارم
الانم درد دارم زیر دلم و کمرم و لگن درد خفیف مث پریودی داره
سونو رفتم نرمال بود همچی خداروشکر فقط گفت دو هفته دیگه برم برای تشکیل قلب چون هنوز چیزی مشهود نیست
ولی الان این علائم داره نگرانم میکنه.
کسی تجربه منو داشته؟
الانم نبض دارم تو کمرم و لگنم😭",5,5.937247999638203,Very High
thread_16797515_starter,اگر سوالی درباره بارداری و زنان دارین در خدمتم,1,3.208332328253618,Moderate
thread_14989732_starter,"تمروز۳۵هفته و یک روز سونو دادم سه کیلو 😭😭
چکار کنم اینقدر رشد نکنه
دکتر میگه تا چهل هفته به ۴۳۰۰میرسه
من طبیعی هستم برام سخته
ای خدا هیچی هم نمی‌خورم در حد میوه و شیر و مختصر غذای خونه
بدون نمک و شکر
روانم بهم ریخته سرهرچیزی می‌خوام گریه کنم
کلافه شدم
چرا من زایمان نمیکنم
راه رفتن برام سخت شده",7,6.054015276618884,Very High
338400398,"عزیزم مگه من راضیم
خونواده منم باید بخرن کدوم دختری حاضر میشه مامان باباش بعد ی عمر خرج بچه بچشونو هم بده؟
کاش اینجا هم این رسم برانداز بشه وگرنه حداقل ۱۰۰ ملیون سیسمونی میخاد",4,3.207634728478297,Moderate
thread_11658331_starter,داشتم فوتبال میدیدم تا ویکتور والدز درخشید از پشت تلویزیون بهش لبخند زدم افریطه گفت این به والدز نظر داده شوهرمو انداخت به جونم,1,4.194214027424096,Moderate
thread_9686580_starter,ماه هشتم بارداری هستم. دایما فشارم پایینه.. هیارشور و آب نمک میخورم تا چند ساعت اوکیه باز افت میکنه...چ کنم؟ طبیعیه؟ شنیدم ماههای اخر فشار میره بالا نه پایین,2,4.228367998071462,High
361147615,"منم یه پسر عمه دارم الان ۱۰ سالشه
هنوزم شب ادراری داره و دقیقا مثل آبجی تو خود بچه خیلی اذیته و خجالت میکشه ولی خب الهی شکر حداقل فامیل به روش نمیارن
ولی عمم از همون اولم اجازه نداد کسی جلو روش بگه و ناراحت بشه اگرم کسی گفت بهشون خیلی جدی می‌گفت که نگن
ولی مشکل پسر عمه ی عدم تکامل سیستم عصبی(اگه اشتباه نگفته باشم) برای مثانه که تو خواب بی اختیاری میگیره
یه مدتی یه قرصایی می خورد خوب شده بود ولی بعدا دیگه گیر نیومد حتی هلال احمرم نداشت
دیگه نمی دونم پیدا شد براش یا نه ولی دکتر بهش گفته بود ممکنه خوب بشی ممکنم هست هیچ وقت خوب نشی",1,4.209306090784594,High
284312259,ای جان😍🥺نگران نباش ایشالله هیچ اتفاقی نمیوفته امیدت به خدا مامان شدنت هم مبارک🌹🌹,1,3.19377931058807,Low
thread_6337060_starter,ناخواسته از نامزد عقدی خودم حامله شده م، تا بهش خبر داده م رفته به مامانش گفته. اونا هم الان از من شاکی هستن که چرا حواسم نبوده. خواهر نامزدم امروز زنگ زد کلی اعصابمو خورد کرد. هنوز خانواده ی خودم نمیدونن. خیلی استرس میکشم.,7,5.906684014209532,Very High
thread_17349734_starter,به ی مناسبتی واسشون شیرینی بردیم حالا جعبه رو گرفت به همه تعارف کرد ب من که رسید منو رد کرد جعبه رو گرفت جلو جاریم که جفتم بود ! درحال حاظر هم مشکلی باهم نداریم خوبیم، بنظرتون منظور داشت یا حواسش نبوده آخه خیلی ضایع بود,3,4.198511323273124,Moderate
406039731,آره دقیقاً، با گذشت زمان ضربانش معمولاً میاد پایین و منظمتر میشه. انشاءالله آنتی هم که بری خیالت کامل راحت میشه 🌱,1,3.206530182405913,Moderate
thread_9412914_فرشتهجان_1401/06/26 23:10,جدی ؟ ان شاالله که همینطور بشه دارم روزا رو میشمارم تا هفته هام پر بشه ..,1,3.193964875903021,Low
thread_14415787_starter,"سلام دوستان، من عضو نینی سایت شدم فقط برای اینکه تجربه تلخ منو و استرس های منو هیچ مامان دیگه ای الکی نکشه.
همه مون می دونیم که بیمارستان صارم خیلی معروفه و چون بیمارستان نزدیک خونمون هم بود برای غربالگری هام اونجا مراجعه کردم. از بی برنامگی و نوبت دادنشون که نگم براتون ساعت ۳ظهر به من وقت سونو دادن و ساعت ۱۱ شب نوبتم شد!!!! و طبعا ۱۲ شب آزمایش خون دادم که مسئولش چقد سر من نق زد که الان چه وقت غربالگریه ما فقط باید این تایم اورژانسی کار کنیم و...!!! یعنی این همه ساعت هم کمر ما داغون شد هم اعصابمون! من درباره دکتر سیما گیتی تو گوگل و همین نینی سایت سرچ کردم و چون همه تعریف کرده بودن این همه انتظارو به جون خریدم و پیش ایشون رفتم. اگر فقط دنبال اخلاق خوب هستین ایشون خیلی خوش اخلاقن. ولی تشخیص؟؟ ایشون کام بچه منو تو غربال دوم ندید کلا. روی کلیش هم عیب گذاشت و چند تا چیز دیگه! بخاطر تشخیص غلط ایشون من مجبور شدم سل فری و سونوهای دیگه بدم که هزینش هم اصلا کم نبود و بیمه نمیده که فدای سر بچم. ولی به خدا اون یک ماهی که طول کشید من جواب این هارو ببینم و به دکتر نشون بدم و بگن بچم سالمه من به خدا رسیدم. صارم نه آزمایشگاهش به درد می خوره نه سونوش از من به شما نصیحت جای بهتر برید و گول اسمشو نخورید تو مطب دکترم هم حرفش پیش اومد اکثرا تجربه خوبی از صارم نداشتن.",5,5.94199773472792,Very High
thread_10251910_starter,سلام وقتتون بخیر من پریودم نامنظمه تقریبا ولی خب هر ماه میشم ، من سیزدهمین روز پریودم که فک میکنم روز تخمک گذاریم بود اقدام یه بارداری داشتم که با امروز ۶ روز ار روز اقدام میگذره ، دو روز بعد از اقدام کمر درد و درد زیر شکم و تخمدانم شروع شدو از دیروزه ک خیلی تشنم میشه یهو گرسنم‌ میشه و گرمم میشه . ممکنه باردار شده باشم ؟,2,5.973438437693403,Very High
391218758,"ممنونم عزیزم از نظرت
دکترم گفته پایان ۱۸هفته برم سونو",1,3.2027441742066,Moderate
thread_12958359_starter,سلام مامانا من ۱۸ سالمه تقریبا ۷ ماه پیش جنینم خود به خود سقط شد و الان پنج هفتمه علاعمم خیلی زیاده ۳ کیلو چاق شدم بوی عرقم خیلی زیاد شده و سینه هام خیلی بزرگ شده و میلم به همسرم کامل از بین رفته و رابطه جنسی برام خیلی دردناکه,3,5.886214595673664,High
thread_14280070_starter,"سلام دوستان
من مامان یه پسر ماه 21ماهه هستم
که متاسفانه پسرم یک سری علامت هایی مبنی بر اتیسم داره
البته که هنوز تشخیصی نگرفته
من مدت زیادی رو تو شوک و افسردگی و نگرانی برای پسرم بودم طوری که نمیدونستم اصلا زنم مردم چیم؟اصلا نمیدونستم کجام همه ی روز درگیر سوگواری و اینترنت گردی برای پسرم بودم جوریکه اصلا متوجه نشدم که باردارم
و متاسفانه وقتی فهمیدم که 14هفته ام بود...
و اون مدت رو قرص اسپیرنولاکتون مصرف میکردم که بارداری باهاش ممنوعه
و مصیبت من دوتا شد
بعد از کلی دکتر رفتن درنهایت گفتن چون دختره خیلی خیالمون راحت تر میشه و تو غربالگری ام مشکلی نبود و دیده نشد
من خیلی دوست داشتم یه دخترم داشته باشم ولی دلم میخواست با برنامه ریزی باشه و ضمنا الان که پسرم کوچیکه و به کمک نیاز داره نمیخواستم
الان بیست و چند روزه فهمیدم و همش تو دوراهی سقط و نگه داشتن هستم
نگرانی هام یکی پسرمه که میترسم واقعا اتیسم باشه و دخترمم خدایی نکرده داشته باشه
البته ک میگن تو دخترا کمتره
و اون قرص اسپیرنولاکتون که یکی میگه رو دختر تاثیر نداره یکی میگه ممکنه داشته باشه و تا تولد صبر کن
خیلی حالم بده نمیتونم درست تصمیم بگیرم هرلحظه یه چیز میگم",8,5.93543234335084,Very High
268343330,"نوربخش خیلی باکلاسه یه اسم ساده هم بزار براش که آخرش با آ تموم شه
مث سما، نیکا، سما نوربخش خیییلی باکلاسههه",1,3.191484269967532,Low
359403808,وا منم باور نکردم انقد برام تعجب آور بود حالا اسپرم تو حموم چیکارمیکنه اونم انقدی باشه ک بخواد باردار شه😬😬😬 از ی قطره دوقطره احتمالش شاید ۵ درصد باشه,1,4.204648111553979,High
thread_9824047_nazzzbanooo_1401/09/15 13:36,عزیزم منم خوابیدم همسرمو مادرم کارامو میکنن همسرم شبا غذامیپزه مادرم ظهرا ..جارو با همسرمه نظافتم مادرم سخته خیلی چاره ای فعلا نیست انشالله تمیزکاری بعد تولد بچها,1,3.196586385434784,Low
thread_18083880_starter,"سلام دوستان من هفته ۲۲ بارداری ام
از هفته ۱۹ زیر شکمم تکون حاشیه حس میکردم وقتی دراز میکردم مثل تلنگر بود تکون هاش اما از هفته ۲۲ که وارد شدم دیگه حس نکردم حتی یه روز خیلی نگران شدم رفتم بیمارستان صدای قلبش برام گذاشت گفت مشکلی نداره صداش اگه خیلی نگرانی باید سنو بدی
فعلا که تعطیلی ولی من خیلی نگرانم
کسی این تجربه داشته؟",4,5.96534106504987,Very High
thread_18144570_starter,"چکارکنم اعتماد به نفس داشته باشم انگیزه داشته باشم شاد باشم کلا چجوری یه خانوم موفق باشم
ممنون میشم بگین",3,3.189564118969429,Low
thread_15380973_starter,خانوما این تست مثبته یا منفی؟,1,3.19630646035921,Low
338400867,دقیقا عزیزم مقصر اصلی خود خانوما هستن وقتی تو همین سایت بر میدارن مگن راست وظیفه خانواده دختره ما از اونا چه انتظاری داریم,1,3.193827738949039,Low
400704536,"😑😑😑😑😑😑
من گفتم دکتری؟؟؟
منظور حرفمو چپه متوجه شدی",3,3.189875629337621,Low
thread_14284258_starter,سلام کاربرای محترم من6هفته باردار بودم .ناخواسته بود .با 5عددقرص سایتوتک اقدام ب سقط جنین کردم .از دیشب ک قرص گذاشتم فقط چند ساعت لرز اسهال استفراغ و درد زیاد داشتم اما خونریزی خیلی کم در حد چند تا لخته خیلی کوچیک بود ..الان هم دارم کلی جوشونده میخورم ولی خبری از درد و خونریزی شدید نیست ..آیا جنین دفع شده یا ن ...میشه راهنمایی کنید چکار کنم,5,6.090228828987165,Very High
384253292,"آزاد با دولتی فرقی نداره
دیگه اکثر رشته ها آینده نداره بنظر من نباید انقد به خودش سختی بده چون خبری نیست
باید جای وقت تلف کردن مهارت یاد بگیره که پس فردا با مدرک دانشگاهش کار گیرش نیومد حداقل مهارته رو داشته باشه گلیم خودشو از آب بکشه بیرون",1,4.226554947834302,High
thread_16395518_behnam_59_1404/03/30 11:41,من یادمه از ۶ یا ۷ سالگی دیگه حتی پدرم هم به اندام خصوصیم نگاه نکرد. چرا شما اجازه نمیدین پسرتون حریم خصوصی داشته باشه؟ چرا فکر می کنید باید تا زمانی که بالغ نشده براش هیچ حریمی قایل نباشید؟ بچه گناه داره.,3,4.220134726863307,High
387008305,خب اگه میلت زیاده ممکنه همین جوری بمونی یا بالاپایین بشه اون موقع براش تصمیم بگیر چیکار بکنی,1,3.201422458972957,Moderate
thread_16528408_starter,دکتر خوب بینی گوشتی معرفی میکنین,1,3.193045327527216,Low
393887594,"ن
ولی خب بخوام پیاده خودم برم جایی نمیتونم که زیاد وایسم
پادردوکمردردمیگیرم😩",4,4.216651932478079,High
350127785,ن اصلا درد نداشتم چنتا هم امپول فشار برام زدن ولی تاثیری نداشت اخرش رفتم سزارین,3,4.20412885612658,High
413948299,"نگفتی همکاره چی در مورد شوهرت میدونههه؟ این چیه که شوهرت انقدر به خاطرش داغ کرده؟؟؟؟؟ و میخواد به خاطرش طلاغت بده
بگو ببینم الان خونه به نامته؟؟؟؟؟ چیزی به نامت هست؟؟؟؟؟ برو قایمکی قانونی هست که اگه مرد خونه به نامت بزنه میتونه از نامت دربیاره حالا میدونم واسه شما چحوریه
ولی منطقی نیست بخواد تو رو  طلاق بده یه تصمیم جدی برا زندگیت بگیر اشتباه نکنی از ترس طلاق خونه رم تقدیمش کنی وقتی شوهرتو میشناسی انقدر همه چی رو نیا بهش بگو",2,3.188352683300764,Low
406832881,"من هر دو رو تجربه کردم
بعد هر دو روش درد بدی داشتم از نظر میزان درد فرقی ندارن
من چند روز بعد بیحسی سردرد های بدی میگرفتم که میگفتن از عوارض بیحسیه
فقط بیحسی یه حسن داره که بچه اسیب نمیبینه",3,4.193807261464372,Moderate
thread_13408986_starter,"دوستان من ۲۱ سالمه و متاهلم ولی وضع مالی مون تعریفی نداره شوهرم تازه میخواد بره سربازی و کلا تو این شرایط فکر بچه رو نمیکردم ولی آزمایشم مثبت شد
میتونم قرص بگیرم ولی قلبم این تصمیمو نمیخواد
ازون طرف عقلم میگه چی الان تو زندگیت سرجاشه که بچه هم بیاد این وسط؟
ما بخاطر مشکلات مالی از اول زندگیمون یه سفر دونفره نرفتیم! مستاجر هم هستیم همش منتظرم صابخونه بندازه بیرون/ با این حال شوهرم بمن میگه مثبت اندیش باش امیدوار باش! اومدم اینجا چون نمیتونم به هیچ کسی بگم و نطرشو بخوام .. شما جای من بودید بچه رو نگه می داشتید ؟",6,5.945954993323539,Very High
389492546,والا نه دکتر گفت نخور کمی کنترلش کردم با سیر خوردن،شیرینی نخوردن،چیزای ترش خوردن,1,3.188034276558028,Low
413721968,وقتی ادم خوبیه دوسش داری الکی الکی زندگیتو خراب نکن نگران تباش مامانتم خودکشی نخواهد کرد,2,3.199943285315193,Low
thread_17601028_starter,دیشب ما ساعت ۱۰ نیم از بیرون اومدیم شام بیرون بودیم بعدش همسرم گفت یه فیلم ببینیم زدیم انفرادی یکم خندیدیم امروز صاحبخونه زنگ زده میگه ساعت ۱۱ داشتین دعوا میکردین همسرم خشکش زد گفت والا داشتیم تلویزیون میدیدیم گفت نه داداش مادرشم پایین ماعن گفت نه اونا شنیدن یعنی چی میگه بیرونتون میکنم سرصدا دارین ما فقط دونفریم مگه میشه بیرونمون کنه با شب تلویزیون دیدن؟ بخدا منم گریه کردم دست راستم درد میکنه مچش و تکون نمیخوره از اعصاب هم اجاره رو به موقع دادیم نزاشتیم یه روز بگذره هم بهشون احترام گذاشتیم,7,6.094122923047962,Very High
413462402,نه همون ۲۰ روز هست. ایشون از روز اول از ذات و شخصیت من خیلی خوشش اومد و رابطه رو به سمت جدی شدن کشوند. البته چندین بار بابت اینکع ماشین دستش نیس عذرخاهی کرده ولیکن خب آدم حس جالبی نمیگیره کلا.,2,3.205487348135193,Moderate
thread_15445133_starter,من این ماه سونوگرافی نرفتم چند ماه پیش رفتم روز ۱۱ فولیکول ۱۸ داشتم من چند ماهیه پریودیام متغییر شده از ۲۵ روز تا ۲۸ و ۳۵ روز به همین خاطر برام سخت بود تشخیص بوم کی تخمک گذاریمه و به طرز عجیبی درد تخمدان سریعا بعد اتمام پریودی در روز ۶ و ۷ داشتم و همون موقع یه اقدام داشتم و چند روزی شوهرم نبود و بهد دوبتره احساس کردم دارم له تخمک گذاری نزدیک میشم و شوهرم اومد و اقدام کردیم ولی کیت میزدم منفی میشد جللبه روز ۷ کیتم مثبت شد اما دو روز قبل و بعدش منفی خلاصه روز ۱۴ هم منفی شد و یکم تخمدان هام تیر کشیدن رو داشت و روز ۱۵ یا ۱۶ هم دوباره علائم تیر کشبون تخمدان رو داشتم و کیت زدم پر رنگ تر از قبل شد و منم دوبار  بعدش اقدام کردم الان از یخ طرف میگم شاید تخمک گذاریم هنوز نرسیده باشه و اقدتم کنم تارم رو از دست بدم از طرفی شنیدم اقدام زیاد مانع لانه گزینیا به نظرتون تا کی اقدام کنم ؟الان روز ۱۷ سونوگرافی ردن؟ اگه لقاح انجام شده لاشه میتونه تشخیص بده؟,4,5.871645499937586,High
266906931,هه برام بهش مهم نیست بدختی منم اینجاس ک برم نمیتونم بمونم از ساعتی ک میرم تا ساعتی ک بیام گریه میکنم میدونم تچ دلش هیچی نیس ولی ب غرورم بر میخورع,5,3.192873008356401,Low
413976280,"بد اخلاق نباشه ..دست بزن نداشته باشه..خسیس نباشه ..اهل مشروب و دود و رفیق بازی نباشه..به خودت و خانواده ات احترام بزاره..بهت توجه کنه ..با درس خوندن و کار کردنت مشکل نداشته باشه..
همینا بادم بود فقط..",1,3.188499684109047,Low
262649879,روي خود قرص نوشته مصرف پيشنهادي ٢عدد در روز دكتر من گفته بود يدونه😭,3,3.200854988099309,Moderate
370310239,بخور بابا هوس کردی طوری نیست،استرس که سمش بیشتره,1,3.20417754382288,Moderate
389059333,"چند نفر هم اومدن گفتن چون ما حامله شدیم جاریمون حامله شد 🤣🤣🤣🤣🤣
یعنی اندکی شعور برای ما قائل نیستن",2,3.19675615531014,Low
401177095,"برنج واقعا نمیتونم نخورم دیگ
دور از جان اگر کارم با متفورمین و انسلپین بکشه برای بچه خطرناکه ؟, دکترم خیلی ترسوندم
یک ماه دیگ آزمایش گلوکز دارم آخه",4,3.195080578974739,Low
307993037,"میگن امروز قبله بیرون رفتن یه ایت الکرسی میخونی با چهار قل و بعد نیت میکنی که یه وسیله ای میخری برای حاجت روایت اون وسیله ای که خریدی رو تا سال بعد استفاده نمیکنی اگه زودتر به حاجتت رسیدی ازش استفاده میکنی
مثلا مقنعه میخری به نیت رفتن به سرکار هروقت رفتی سرکار ازش استفاده میکنی
مثلا کیف پول یا طلا میخری به نیت افزایش رزق و روزی و.......",1,3.196218873554244,Low
thread_14032585_starter,کسی می‌دونه قرص کمر بعد از سقط چجوری باید استفاده کنم؟ میخورن یا می‌بندن به کمر ؟ کلا بعد از سقط باید چکارایی کنم چجوری تقویت کنم خودمو لطفا هر چی می دونی بگید خیلی حالم بده روحی و جسمی😥,5,6.043002183840144,Very High
thread_16098028_starter,"سلام من در هفته 5 بارداری هستم
دیروز خیلی بی حال بود در حدی وقتی وایمیستادم انگار پاهام میلرزید
چند دقیقه تپش قلب میگیرم چند دقیقه ضربان قلبم میاد پایین
صبح حس کردم لباسم مرطوب دیدم لک قوه ای غلیظ دارم
سینه ام خیلی درد میکنه در حدی که از خواب میپرم
تخمدان سمت چپم تیر درد ناک میکشه
دو رو  مانده به پری بتا دادم 109 بود به دکترم گفتم گفت 15 روز دیگه تکرارش کن
خیلی نگرانم
تجربه مشابه دارید
میتونید بهم کمک کنید
حالم خیلی بده",6,6.092749465711677,Very High
412744427,ای خدا خدا حفظش کنه دخترت حتما باید خواهر داشته باشه حیف پسر تک باشه مشکلی ندار,1,3.198492155992426,Low
thread_14188354_starter,سلام به همگی دیروز رفتم سونو گرافی وزن جنین دختر ۲کیلو سیصد و هفتاد گرم بود وزنش خیلی کمه سزارینی هستم عفونت شدید واژن هم دارم که دکتر گفت همین عفونت باعت پاره گی کیسه آب می شود می ترسم تا تاریخ عمل که ۳۰ مرداد نکشم زودتر زایمان کنم بیایید بگید چی بخورم لا اقل تا ۳ کیلو برسه اگر برای درمان عفونت وازن راه حلی دارید بفرمایید,5,5.896671583715943,High
thread_15939513_starter,سلام دوستان من ۶ هفتگی متوجه شدم قلب جنین تشکیل نشده و از ۱۶ فروردین خونریزی و درد دارم درحال سقطم دکترم فقط شیاف داده که هیچ تاثیری نداره دردم خیلی وحشتناکه خییلی کسی تجربه سقط داره من میتونم مسکن بخورم ؟,7,5.99155093698937,Very High
thread_8408022_mamandibba_1401/01/13 02:24,راجع بهش خوندم عزیزم نوشته بود اگر قبل از شکایت برای مهریه مال رو به نام کسی دیگه کرده باشه مشکلی نیست می‌تونه!! نصف اموال هم اگر بتونه عدم تمکین بگیره قانونش باطل میشه.. عدم تمکین هم کاری نداره خودش یکاری می‌تونه بکنه..مثلا شرایط رو آنقدر سخت کنه که من مجبور بشم برم، بعد عدم تمکین بگیره...همش تهدیداش همینه..,3,4.203974529124025,High
412311229,بخاطر تمکین چرا ولی از روی محبت و علاقه نباشه رابطه با کیفیت نخواهد بود و اذیت میشه ازلحاظ روحی و جسمی,1,3.188363251538249,Low
330732392,"مادر عزیز بسپار به خدا،خدا خودش ازت مراقبت میکنه
سعی کن نگرانی هاتو کم کنی،به اتفاقای خوب و مثبت فکر کن و هر نگرانی داری به خدا بگو
من خودم سر یه موضوعی خیلی نگرانی داشتم قرآن باز کردم  این آیه رو دیدم که نترس و ناراحت نباش ما نجاتت میدهیم و واقعا کمکم کرد",1,4.21409040456092,High
thread_16485128_starter,"از یه طرف برای وضع مملکتمون،
من۸سال بعد عروسیم تصمیم گرفتم باردار شم برای همین که فکر میکردم بدنیا آوردن بچه ظلمه در حقش،
نمیدونم چرا اشتباه کردم،
از یه طرفم شوهر الدنگم دیشب چاقو کشید روم گفت نمیفهمم بارداری اینا میزنم.
الانم رفته مسافرت.
اصلا نمیفهمم چرا شب سگ شده بود هی پاچمو میگفرفت،من ساعت۸یکی دوبار بهش زنگ زدم بپرسم اگه میری مسافرت کیفتو حاظر کنم،لباساتو جمع کنم میگفت نه فردا میرم اونم شاید(درست جواب نمیداد)،بعد یهو ۱۰شب امد گفت زود حاظر شو بیا پایین تورو بزارم خونه مامانت اینا بعد بیام خونه برم.
منم داشتم کیف خودمو جمع میکردم که چند روز خونه میزم خونه مامانم دیگه،اشغالارو جمع میکردم،…
بعد امد گفت چقدر لفتش میدی بیا دیگه از صبح چیکار میکردی،چرا لباسمو اتو نکردی و اینا.",8,6.060208874201635,Very High
thread_18091250_starter,سلام دوستان من هفته ۳۹ بارداری هستم ۲،۳ شبه زیر دلم درد میگیره و حالت پریودی دارم (کمر درد و درد شکم و رحم)که تو روز ساعتی یبار هست اما شبا یکم بیشتر میشه وقت زایمان سزارین دارم ۲هفته دیگه به نظرتون طبیعیه؟چون زایمان اولمه نمیتونم فرق درد کاذب با درد اصلی رو بدونم میشه اگه تجربشو داشتین بهم بگید چیکار کنم؟,3,6.093061404477339,Very High
thread_12088170_starter,سلام دوستان دیروز مهمون داشتم ،از صبح ساعت ۸ بیدار شدم و مشغول اشپزی و ...ظهر شوهرم اومد بعد ۲ ساعت استراحت ازش خواستم کمکم کنه پا شد ،ولی شروع کرد به نق زدن و ...بعد گفت چقدر فلانی برات مهمه که داری براش خودکشی میکنی منم گفتم اتفاقا من اصلا اونو ادم حساب نمیکنم یه دختر بی ادب که حتی اداب معاشرت اولیه رو نمیدونه و ... بعد عصبانی شد و خاطر عروس عموش بهم چیز گفت،حالا جالبه ما اصلا باهاشون رفت و امد نداریم دفعه اول بود که می اومدن،ولی به خاطرش جبهه گرفت ،و جارو زد و طی کشید و هیچ کمکی بهم نداد ،خودم چهار مدل غذا ،سالاد و دسر و ...درست کردم به اضافه نظافت منزل ،باردارم و تا اخر شب واقعا هلاک شدم اخر شب  حتی یه تشکر خشک و خالی نکرد ،یه خسته نباشید ساده نگفت،  رختخواب پهن کرد و جدا خوابید و الانم قهره ،حالم بده ،دیشب هم خواب درست نداشتم ،چه برخوردی باهاش داشته باشم؟,6,5.997909933126266,Very High
413948492,"دست بزن داشت خیلی تلاش کردم نشد
دوسش دارم ولی عقلم میگه ادامه زندگی کار درستی نیست",5,3.207640507861925,Moderate
413451433,میدونم،تا دو هفته تو دلم زنده اس،بعدش باید از بین ببرنش،عذابه بخدا,4,3.207310789481198,Moderate
412446385,"چون روشون میدی انقد توجه میکنی میدونه دیگه بهش وابسته شدی و هیچجوره از دستت نمیده
باید سگ محلش کنی",1,3.198267872854558,Low
338953276,"والا من پرستار کودک شدم طرف سرم کلاه گذاشت انگار
رو حساب یه بچه 4 ساله نرمال رفتم ولی بچه نه حرف بلده بزنه نه هیچی فقط جیغ میکشه تا منظورشو برسونه واقعا روحیه اشو دیگه ندارم
به نظرم خیلی مهمه قبلش به آدم دروغ نگن آدم بدونه قراره چیکار کنه یا با کی و چی طرفه
ولی خب هم مشکل مالی دارم هم نمیخوام به خونواده فشار بیارم و هم اینکه مشکل کمر دارم نتونستم برم کارمندی",6,4.222956007974062,High
316544603,"خب اون تراپی رفتن فقط کوتاه اومدن تو بود درواقع سیاست نبود مشکلاتو یه تنه به دوش کشیدن و ناراحتی هارو تو خودت ریختن بود که اینجوری ادم به ی تلنگر میترکه  مثل حال تو و این کاملا طبیعیه
زمانی درسته که دوطرفه باشه تلاشتون",1,3.189653100983833,Low
413941834,"این چرا اینجوری حرف میزنه خب اگر مشکلی هست بگه😐😐
آخه اینم شد حرف که میگه هر وقت با خودم ازدواج کردی یا هر وقت با یکی دیگه خواستی ازدواج کنی میگم😬🤦♀️",3,4.209758256940404,High
382300406,سلام عزیزم ببخشید شما پدرتون رو پیش کدوم دکتر عمل کردید مامانم چشمش اب مروارید داره باید عمل بشه خواهش میکنم راهنمایی کنید,2,3.206770059781775,Moderate
thread_9936634_starter,بچه ها چکار کنم .خیلی اذیتم.غذا بخورم تلخ غذا هم نخورم تلخ.همش دلم میخواد ترشی بخورم.ضرر نداره ترشی .آخه خیلی میخورم,3,3.189038208649436,Low
351827225,وقتی تاپیک وزن بچه و لاغریش میبینم یاد خودم میفتم. فقط برای مامانهایی ک مث منن این تاپیک زدم ک الکی حرص نخورن برا این وروجک ها,1,3.187925402538895,Low
402330140,"انشاله برام بمونه
خیلی دو دلم
واقعا میترسم 3 تا سقط یه دوقلو بدنیا آوردم مردن
یه پسر دارم
از هر دردی میترسم",5,3.196308829008558,Low
384612553,"اللهم عجل لولیک الفرج 💚
یه گرفتاری دارم دعا کنید تا اخر این ماه به راحتی حل بشه
دلم نمیخواد با ناراحتی خودم یا کسی دیگه تموم بشه 🥲
و دعا برای اینکه مسیر زندگیم پیدا کنم و موقعیت خوبی سر راهم قرار بگیره
و سلامتی و طول عمر خانوادم لطفا 🩷",4,4.207654289213679,High
258001969,نه درد که ندارم ترشحات غیر عادیم نه,1,3.20312915161594,Moderate
thread_8513836_starter,"بهداشت قطره اهن دادبرابچم گفت روزی نیم میلی لیتر شوهرم گفت اونابدردنمیخوره رفته سیدرال ورفته ولی روش نوشته روزی یه میلی لیتر
یه میلی بدم یانیم",2,4.202703841202947,High
402479017,"عزیز دلم 🥺💚
منم سر اولی همینجوری بودم ولی دو سال دیگه یادت میره 😂
و بارداری دوم آسون تره من ۱۵ هفتم باورت میشه هیچی نفهمیدم فقط افت فشار گاهی وقتا
اوایل هم بی اشتها بودم همین",1,3.200356951463618,Moderate
413979830,"نمیخوام بچه دار بشم! دکتد گفت ۳ ماه قبل بارداری بخور
الانم نمیخوام باردار بشم ولی نمیدونم بخورم یا نه،
بعدشم ببخشید قضاوت کنم و بعد قضاوت کنی فرقی تو رفتارت نداره. الان ویزیت های دکتر سرسام اوره . تو همین ماه ۳۰ تومن پول ازمایش کامل دادم . ۳ تا دکتر رفام هر گدوم ۱ تومن پول ویزیت جدا
یا شایدتو این ماه گره تو کار مالیم خورده . شاید الان توانشو ندادم ولی سال دیگه دارم، شاید و شاید های دیگه
خودتون و با ببخشید و حرف دلتون ارومنکنین
من نمیبخشم
اصلا ما بدبختیم ولی دلم بچه میخواد
مگه ادم نیستیم
فقط پولدارا ادمن
بیان بخورن و برن .... ای بابا",7,4.208999241887796,High
thread_16617776_starter,"خدا چقدر دلم گرفته 😭😢
ب همه ۳ تا ۴ سالم میدی بچه من باید  بدون دست باشه، 😭😭😭
الان ۱۱ سالشه خواهشا نیاید بگید چرا سونو  نشون نداد
چرا سقط نکردی
الان ۱۱ سالشه خیلی خوشگل و مهربون ولی دستش
تازه براش پروتز گذاشتیم الان هی اطرافیان  و فامیل تبریک میگن
اخه تبریک گفتن داره
کاش شعور مردم بالا میرفت از کسی نمیپرسیدن😔😔
ب بچه هاتون یاد بدید مسخره نکنن😭😭
البتع بزرگترا با سوالاتشون ادم و آزار میدن
چ روزای سختی گذروندم ازبس گریه کردم اشک چشمم خشک شد😭😭",5,6.075566715400782,Very High
thread_15935462_starter,"خانم ها باردارم
خیلی سرفه میکنم
شکمم درد اومده
دیگه واقعا خسته ام یعنی هیچی نمی تونم مصرف؟",4,4.228223820100538,High
thread_17750155_starter,"دوستان من ۶ روز بعد از تاخیرم، بتام ۳۰۷ بود، ولی امپول hcg زده بودم و ۲۱ روز ازش میگذشت، فکر کنم باید بتای بالاتری میداشتم نه؟ فردا باید تکراش کنم ولی از غصه و فکر و خیال دارم دیوونه میشم، اولش هم علائم نداشتم الان یکم تهوع بیشتر شده، یعنی میشه فردا برم بتام دوبرابر شده باشه؟
چرا انقد پایین بوده، لک یا علائم بدی هم ندارم ولی خیلی نگرانم😔",6,6.064424496347783,Very High
413477587,ولی باید تایپ کنی جوابارو مثلا سوال میکنه توکلاس  باید مشارکت کنی داخل کلاسش ۱شنبه ساعت ۳ هست هزینه چقدر مد نظرداری,1,3.192019878678366,Low
thread_17082705_starter,سلام باردارم هرچی فک میکنم ک نینی دنیا اومده باهاش بازی میکنم یهو یکی عطسه میکنه یعنی چی اون روزهم به اسم فک میکردم عطسه اومد دیشب کلی گریه کردم بخدا ناامیدشدم دیگه 🤕🤕🤕🥺🥺🥺🥺,5,6.018881640322434,Very High
thread_8914324_لیداخانوم۲۷_1401/04/06 17:49,"💟
نه اصلا توقع نباید داشت طرف تو این سن خونه بخره ...بحث اینه که استارتر میگه از،صبح تا شب کار میکنه و هیچ شدایطی واسه ازدواج نداره و ایشونم منتظره پدرو مادر کمک کنن...خوب جای،شک داره دیگه نداره ؟ پس پولاشو چکارمیکنه ؟اصلا شاید پدرو مادرش،در بچشون نمیبینن که زن و زندگی تشکیل بده ..",1,3.204193628571375,Moderate
334046938,"نترس حاملگی به این راحتیا نیست....😄😄😄
من خودم اوایل ازدواج ازاین استرس ها زیادکشیدم
حامله نیستی ☹️",1,3.206230510655587,Moderate
thread_11898756_starter,سلام کسی بوده بعد سقط با قرص فقط یه روز خونریزی داشته باشه من الان سه روزه قرص استفاده کردم و فقط همون روز اول دفع لخته داشتم زیاد بود و یه چیزی شبیه به لوبیا که بزرگ بود چون درد داشتم و ترسیده بودم اصلا نتونستم درست ببینم الان دو روزه هیچ خونریزی ندارم ولی امروز حالت تهوع داشتم و استفراغ کردم یعنی جنین سقط نشده خواهش میکنم کمک کنید راهنماییم کنید فردا میر سونو ولی تا فردا استرس منو میکشه,7,6.116176850504417,Very High
361505283,"مبارکت باشه
اره منم با ویلچر رفتم چون نمیشه بعدم چون شیر نداشتم اولش شیرخشک به بچه میدادم تا بعد چند وقت شیر خودمو دادم کم کم شیر خشک از بچم گرفت الان شیر خودمو میخوره البته من براش میدوشیدم چون او اوایل شیر مادر خیلی برای بچه خاصیت داره
بعدم پمپ درد اصلا تاثییری نداره برای من شیاف گذاشتن که اون بهتر بود منم راه میرفتم شکمم کار که کرد مرخص شدم",1,4.202897835102704,High
389478100,"چای گرم ( حلوا یا کاچی)
دستمال عروس هم خودت میدونی
قوری و استکان و نبات و‌اویشن ای چیزا هم بردار",1,3.20551737187634,Moderate
393684968,"الان چن روزه ترشحات سفید هم دارم
یادم رفت از دکتر بپرسم برای چیه",1,3.196543467374603,Low
333122901,باید کاملا استراحت کنند دستشون رو اصلا بالا نبرن مثلا برای برداشتن چیزی از کابینت بالا زیر نظر دکتر باشن با رعایت کردن ریسک خطر رو پایین میارن,1,3.19986136911556,Low
thread_12517813_starter,من چند ماه اقدام بودم نمیشدم یه بار دو هفته از موعودم گذشته بود یه خانمی گفت امروز بی بی بزن حسم میگه بارداری و اگر بودی در یک فضای عاشقانه و رمانتیک خبرش و به شوهرت بده منم همون روز زدم اصلااا امید نداشتم باردار باشم یهو دیدم عهههه دو تا خط پر رنگ افتاد انقدر ذوق زده شدم حرفای اون خانم و یادم رفت زرتی پریدم پشت در دسشویی (شوهرم دسشویی بود) در زدم گفتم بهروز بهروز من حامله ام نمیدونم فازم چی بودم نگفتم بدارم بیاد بیرون لاقل شانس مصخرف بیخود من اون روزم شوهرم اسهال شد انقدر تو دسشویی موند هی میگفتم چرا نمیاااای بیروووون اونم میگفت بابااا نمیتونم گیرم اینجا یه خورده بمون بعد نیم ساعت اومد بیرون منم همونجا نشستم  رو زمین پاشدم بغلش کردم دیدم بنده خدا شوهرم هی پیچ و تاب میخوره گفتم خوشحال نشدی یعنی؟؟؟واقعا که گفتم بابا بخدا خوشحالم فقط شرایطم اوکی نیست باید برگردم اون تو دوباره رفت دسشویی و اون شب تا دوازده شب هی اومد بیرون رفت تو اومد بیرون رفت خبر حاملگی من کلا تو اسهال اقا گم شد الانم انقدر حسرت میخورم چرا نذاشتم فرداش بگم و چرا شانس من دقیقا روزی که بی بی چکم مثبت شد این اسهال شد😒😒😒,1,6.134267261761124,Very High
thread_7223763_zhoooan_1400/06/19 00:48,آفرین به تو اولین باره میبینم کسی از هفته ۳ میدونه بارداره.به خودت تلقین نکن این حس ها بیشترش بخاطر تلقینه سر خودتو گرم کن فعلا برای علائم و حالتهای بارداری خیلی زوده,1,3.192767697633826,Low
403675514,فیبرو آدنوم نمیدونم چیه ولی منم همینطوری بودم تا زایمان که اصلا مشکلی نداشتم مامانم گفت چیزی نیست بعد زایمان و شیردهی یه ورم خیلی بدی کرد با درد رفتم دکتر گفت ماله غدد لنفاویه و جای نگرانی نیست سونو زیر بغلم نوشت برام که نشد برم و خودش خوب شد فقط بهش دست نزن,1,4.207117592968643,High
354408990,"نه بابا لکه بینی اینا هیچی
زندگی عادی مو نمیتونم ادامه بدم بخدا همه چیزم بهم ریخته دلم میخواد گریه کنم اما وسط گریه شوهرم میخندونتم
قهقه میزم چرا اینطوری شدم اخه",5,4.210746351938724,High
thread_13252844_starter,"چند سال پیش یعنی۱۵سالم میشد یکی محمود رده بود بعد خیلی اذیتم کرد هی می‌گفت منو دوست داشته باش فلان منم وابسته شدم اینم تا دید اینجوریه ازم درخواست میکرد من گفتم نمیتونم من ادمش نیستم اینم هی فحش میداد تحقیرم میکرد آخرش رفت با رفیقم باز اومد فحشم داد بعد  که رفیقمم ولش کرد اومد سراغ من خیلی رو داشت بلاکش کردم دوسال تو خونه حبس کرده بودم خودمو هی میگفتم خدایا جوابشو بده هیچچچ آخرشم از لج دو سال پیش عکسشو تو دو تا گروه دوستام پخش کردم😭😭😭
بچه ها سنم کم بود یعنی روز قیامت باید جواب پس بدم",4,6.013440870701743,Very High
thread_14558202_starter,"درد پهلو و زیر شکم توی ماه اول طبیعیه؟
یهو تیر میکشه ول میکنه
۲ مهر میخوام برم وقت دکتر دارم زود تر برم همین فردا ؟
یه مقدار حالم بده دلم شور میزنه یخورده از دوساعت پیشه
یه مقدار شوهری بو میده اما در واقعیت بو نمیده بیچاره بهش گفتم صبح حمام بود باز رفته حمام بچه
هوس یه چیزی میکنم شدیددددد ها یعنی گریه میکنم ۱۰ دقیقه ای برام آماده میکنه بعد از بوش بدم میاد
چیزی در این باره ها واسه بارداری ننوشته بود تو کتابایی که خوندم",4,5.920918529908249,Very High
317264555,من تا هفته ۲۲ نزدیک ۲۳ احساسش نکردم از بس استرس داستم هرروز میرفتم بهداش فقد صدای قلبشو بشنوفم اروم بگیرم,4,3.189148517616559,Low
326641897,"حدودا 8،9هفته
چون یادمه دوماهه بارداربودم که ازمایش نوشت و دید کم کار هس برام قرص نوشت. تا اخرین روز بارداری هم میخوردم. فقط باید دکتر برات دزش رو مشخص کنه با توجه به عدد تیروئید
من از عددش و اینا سردرنمیارم. فقط یادمه برا بچه اولم روزی نصفه قرص میخوردم
برا دومی روزی یکی",1,4.193710212888618,Moderate
402737350,"اگه لکه بینی نداری سالمه
الان ۵هفته ای بری سونو هم میگن قلبش تشکیل نشده چون ۸هفته تشکیل میشه
ولی ۱۰۰ درصد سالمه نگران نباش
من خودم بارداری اولم سقط داشتم اصلا سقط به غذا نیست
خیلی رعایت میکردم
تا خدا نخواد برگی از درخت نمیفته",1,4.205105812503461,High
390836118,دیگه به خودتون و روابطتون بستگی داره. من با مادرشوهرم مشکلی ندارم کاری که انجامش برام سخت نباشه نمیگم چرا بقیه نمیان چرا بقیه نیستن و به من چه و مگه من کلفتم؟ فرضا تنها باشم میخوام یه غذا واسه خودم درست کنم، اونجا درست میکنم مادرشوهرمم بخوره.,1,3.191291588622335,Low
412258679,قیامت کردم چند بار کتک میزنع قبلاً جوری زد با لگد به کمرم نمیتونستم بخوام از دردش,6,3.189663798490073,Low
thread_13293676_starter,دوستان من دو فرزند از هر دو جنس دارم  . دخترم ۱۵ سالشه و از شنیدن خبر بارداری من به شدت عصبی و تند خو شد . خودم هم مادر عصبی هستم و حتی دست بزن دارم هر چند خودم شرمندم  . ۶  هفته و خورده ای هستم و ناخواسته بار دارشدم . بین دو راهی سقط کردن و نکردن هستم . راهنماییم کنسد نه نصیحت . چون  رفتارم تو این دوران هم به شدت بد شده  وشب و روزم هم گریه است,7,6.038504706322783,Very High
thread_12233829_starter,"خانم ها من امروز رفتم سونو بر قلبش که امروز ۷ هفته و ۱ روزم بود ولی سونو گفت دفع شده
مگه میشه سقط شه بدپن درد و بدون لخته
چند روز پیش رفته بودم ساک بارداری و کیسه زرد بود گفت چند روز دیگه برو بر قلبش
که اونم امروز رفتم گفت هیچی نیست
تازه من از همون اول هفته چهارم روزی دوتا شیافم گذاشتم
چطوری با وجود شیاف نه درد داشتم نه لخته و جنین
مگه میشه کسی بوده مثل باشه
راحت بدون درد و بخته سقط کنه؟
من فقط چند روز خون ریزی داشتم که از پریودیم کمتر بود همین",5,6.011954669371789,Very High
thread_17940385_starter,"اون نمیبینه شما شب تا صب بالاسر بچه بیدار بودی و نخوابیدی
میبینه زنش تا لنگ ظهر خوابه
اون نمیفهمه وقتی میاد خونه شما همه کاراتو نصفه ول میکنی که تایم بیشتری درکنارش باشی
فکر میکنه از صب ولچرخیدی الانم ک نشستی ور دلش درحالی ک رو گوشه ایفونتون خاک نشسته یا رو دیوار لکه!
درک نمیکنه وقتی شما میگی امروز نریم خونه مادرت یا خودمون دوتا بریم سفر میخوای بیشتر فضای دونفره داشته باشید بعد تمام شلوغیا و گرفتاریای چند هفته
برداشت میکنه ک شما مامانشو دوسنداری !
اون میگه خونه تمیز میخوام غذای خوشبو میخوام .اماده میکنی
ولی ذهنش بعد ی تایمی دیگه بوی غذا و خونه تمیز و نمیبینه . چون همیشه هستن دیگه
هی واسش تصویر شما با موهایه جمع شده و لباس گل گلی خونگی ک بو پیاز میده پلی میشه .....",4,5.934537709588767,Very High
thread_13578285_starter,سلام من ١٦روزه كه تاخير داشتم روز ٨ ازمايش بتًا دادم تو يه ازمايشگاه بنام ٨٩١ شد از دومم تو يه ازمايشگاه ديگه ٣٥٧ شد همون روز ازمايش دكتر رفتم دكتر خودش دستگاه سنو داشت و گفت اندازش خوبه حالا نميدونم چقد دقيق بود همينجوري نشناخته رفتم پيشش اخه دكتر خودم همون روز كنسل كرد حالا خيلي بلاتكليفم نميدونم چي ميخواد بشه,4,6.015145499681239,Very High
411591159,"من خواهرم برام انجام میده
خوبه موهام موج دار بود ولی پف الان صافه ولی شلاقی نیست انگار صافی طبیعی موهای خودمه به کف سرمم نچسبیده ولی خب زود به زود چرب میشه چون شامپو فری سولفات میزنم البته هفته ای یه بار هم معمولی میزنم که به خاطر چربی ریزش نگریم یه روز درمیون میرم حموم",1,3.191133010019257,Low
thread_14704069_starter,"دوستان  من مرتکب حق الناس شدم طرف هم در دسترسمه که برم حلالیت بگیرم ولی نمیشه چون مطمئنم حقیقت رو بگم گند کاری در میاد بدجوری ب دردسترس میوفتم و تا ضربه نزنه ول نمیکنه و میترسم نفرین کنه چیکار کنم😭😭😭
( حق الناس درمورد تهمت آبرو و حق عدالت و.. اینا نیست اصلا )
درمورد ی چیزی دروغ گفتم و نقش بازی کردم
یکم طرف احساسی شده
مصلا ی مثال بزنم به طرف گفتم تورو میگیرم برا پسرخالم و...
چرتع ( حالا این نبودا مثال زدم چیکار کنم الان؟",4,6.064412983422244,Very High
411993473,"ببین بستگی داره واقعا
هر کس تو یه سنی مورد خوب براش پیش میاد و امادگی ازدواج پیدا میکنه
من خودم ۲۰ سالگی واقعا اماده ی ازدواج نبودم از هیچ نظر
حتی معیارامم عوض شده",1,3.190064782256741,Low
thread_16300821_starter,سلام دوستان..مشکل بزرگی واسم پیش اومده هر کس میتونه راهنمایی کنه..بچه سوم ناخواسته باردار شدم حدود یک ماهه...سونو گرافی داخلی انجام دادم قلب تشکیل نشده؛ همسرم اصرار به سقط داره و میگه من نمیتونم بیشتر از دو تا بچه رو تحمل کنم این وسط دندونم از قبل بارداری آبسه و عفونت شدید داشت و آنتی بیوتیک مصرف میکردم و الان توی بارداری کار دندانپزشوی نمیشه  کردو همسرم هم چند ساله مشکل خونی و همینطور کلیوی داره و تحت درمانه و انواع و اقسام داروها رو مصرف میکنه..الان من موندم با هزار جور فکر..اگه نگهش دارم و به خاطر عفونت دندان یا داروهای همسرم مشکلی داشته باشه چیکار باید بکنم..از طرفی سقط هم نمیتونم بهش فکر کنم..کمکم کنید,6,6.041399742389331,Very High
376609261,باید گرمی جات زیاد بخوری ،کشتی میگیری مگه یک شامپو بزن بیا بیرون هر دفعه که کیسه نمیکشن هر ۲ هفته یک بار,1,3.204236268480599,Moderate
thread_10337204_starter,"بچه ها تو این فصل چه میوه ای جز سیب بخورم ک برا بچم خوب باشه؟راستی ویارمم پرتقاله چه تاثیری رو بچه داره؟
میگن‌ماه ۸ ماه زیبایی بچس تجربه ای چیزی دارین بگین لطفا",1,4.217959803260783,High
371616790,نه من نهایت چیزی که داشتم رو یکی کراش بودم چقدر اذیت شدم هی میگفتم کاشکی این دل لعنتیم اینجور نبود تا بالاخره ازین احساس آزاد شدم بموقش هرکس ادم‌دریت حسابی بود که دوستم داشت منم دربارش فکر میکنم اما مطمعنم پشیمون نمیشی البته به دیدگاه خودت بستگی داره  ولی تو سن کم این اشتباه فقط خودت و فرصتی که برای یادگرفتن داری ازت میگیره,2,4.191912187734488,Moderate
thread_18138212_starter,"یکی از اکانت های نی نی سایتم رو به درخواست خودم تعلیق کردم چون فکر میکردم بعد از تعلیق تاپیک ها مخفی میشن ولی نشدن
حالا نی نی یار تعلیقش کرده ولی تاپیک ها هستن چیکار کنم",2,4.203161094803363,High
thread_14028894_starter,"سلام
دوستان کسی سابقه کیست کمپلکس سینه تو بارداری داشته؟؟
من هفته ۳۶بارداریم سابقه نداشتم،قبل از عید هم دکتر معاینه کرد گفت چیزی نیست ولی امروز سونو دادم گف سینه چپم یک کیست کمپلکس دیده شده و توصیه بیوپسی زده داخل سونو😰
هنوز سونو رو به دکتر نشون ندادم
کسی هست تجربه داشته باشه؟خیلی نگرانم😰
خودم فکر میکنم بخاطر بارداریمه",5,6.000672583584674,Very High
412937681,بزار شماره ننمو بدم برو ازون بپرس اخه برات سوال نمیشه من چرا باید شماره ننه خواستگارمو داشته باشم اونم نامزد نه خواستگار,3,3.202604270089068,Moderate
302707238,"بارداری قبلم سنم کم بود عقلم نمیرسید از اول تا اخرین روز مثل قبل بارداری رابطه داشتم.
حالا چرا تا ۱۳ هفته؟یعنی بعد اون باید تعطیل کنی؟",1,3.20324406689906,Moderate
thread_14823867_starter,"باردارم و یه خواهر شوهر دارم از زمان عقد تا الان همش تنش داشته برام
بارداری خیلی سختی داشتم و سه ماه بیمارستان بستری بودم
نه هیچ کدومشون اومدن
ملا یه بار بهم زنگ زدن
ولی هر روز با شوهرم تلفنی حرف میزنن و علنا میگن اینکارایی که شوهرم برا من میکنه شوهرای اونا نمیکنن و رسما شوهرمو انگار میخواد به جون من بندازن واقعا نمیدونم باهاش چیکار کنم….😭",7,6.108725143654738,Very High
401338018,"دکتر زنان ؟؟
خدا هیرت بده یکم خیالم راحت شد",1,3.19387765663123,Low
367820028,من آبان  عقب انداختم و کلی درد و سفتی سینه داشتم آزمایش دادم بد بختانه فهمیدم باردارم 😪😪,3,3.187216970240115,Low
404922119,"دختر ایلان ماسک با پدرش قطع رابطه کرده که پولداره و نباید ایجوری باشه باید با همه یکسان باشه
یکی که باباش فقیره میگه باید پدرم پولدار باشه
یکی شوهر داره میگه من مجردی رو میخوام بچه دارا میگن اشتباه کردیم اونایی ک فرزند دار نشدن فرزند میخوان چرا از الانمون هیچ وقت راضی نیستیم چرا عادت کردیم همیشششه در حسرت باشیم
طرف خونش ویلایی میاد بیرون دلش باز شه خونه ویلایی رو میگه تنهایی دلگیری  اونی ک آپارتمانی میگه مجبورم برم پارک دوست دارم ویلایی باشه خونم راحت تو خونه خودم تفریح کنم پارک چیه شلوغه
مو فره لخت میکنه
لخته فر میکنه
چرا هیچوقت از خودمون راضی نیسیتممم چرااا",3,4.210958755445972,High
393824514,من فکر میکنم مصرف فولیک اسید باعث شده این همه سقط زیاد بشه یا قلب جنین دیر تشکیل بشه یا اصلا نشه...من ۲۰ روز پیش سقط داشتم از سه‌ ماه قبل از بارداری مصرف فولیک اسید رو شروع کردم ولی اطرافیانم اونایی که ناخواسته باردار شدن هیچکدوم مشکلی نداشتن و بچه‌هاشونم سالم هستن.. فکرشو بکن طرف دوماهگی تازه متوجه شده بارداره و اصلا فولیک اسید مصرف نکرده یا زمان مادرامون کی اصلا فولیک اسیدی در کار بود؟من مامانم حتی سنوگرافی هم نرفته..حالا شما خودتو‌ نگران نکنی عزیزم من فقط خواستم نظرمو بگم,3,4.203996670623383,High
400976400,شاید مثلا مساله ای میش بیاد و چند روز ذهنم رو درگیر کنه ولی اینکه حدودا۸ ماه هر روز و هر لحظه به فکرش باشم نه. تونستی راجع به موضوعی که اذیتت میکنه با کسی حرف بزنی؟ مثلا با همسر یا یه مشاور,1,3.19567581116462,Low
thread_13014671_starter,"سلام ببخشید من ماه قبل ۴ام نزدیکی با جلوگیری طبیعی داشتم، ولی موعود پریودم ۱۱ ام بود ک ۱۳ام ازمایش بتا دادم و منفی بود ۱۶ ام بیبی زدم بازم منفی تا اینک ۱۷ ام با ۶ روز تاخیر پریود شدم.
حالا ای ب کنار ماه قبل ۱۷ ام پریود شدم،ولی این ماه امروز ۲۱ ام هس و هنوز پریود نشدم،احتمالش هس ا نزدیکی ماه قبل حامله شده باشم؟",2,6.055780930048513,Very High
thread_13648135_starter,"بچه این سونو رو امروز۲۸ هفته و یک روزم بود انجام دادم همه چیش نرماله به جز Bpd  (قطر سر جنین)که اندازشو زده ۲۹ هفته و پنج روز ،خیلی نگران شدم تقریبا ده روز بزرگتر از سن بارداریمه فعلا به دکتر نشون ندادم هفته اینده وقت دارم
کلی استرس گرفتم کسی بوده اینجوری باشه",6,6.015125136531424,Very High
thread_12511452_starter,"سلام خانوما میشه کمکم کنید
از لحاظ روحی داغونم میشه با حرفاتون ارومم کنید
من  همه ازمایشای حاملگی خوب بود  تا اینکه سونو آنومالی شکاف لب رو برای جنینم تشخیص دادن من برای اطمینان سونوگزافی دیگه رفتم اونجا علام بر شکاف لب شکاف شدید کام رو هم گفتن دوباره پیش دکتر دیگه ای رفتم و دوباره همین تشخیصو دادن
خیلی گریه میکردم اما تصمیم به نگه داشتنش داشتم چون میگفتن عمل میشه
یه دکتر گفت آنومالی پیشرفته انجام بده اصولا اینجور بچه ها ناهنجاری دیگه ایم شاید داشته باشه
رفتم مشهد و سونو انومالی پیشرفته انجام دادم ازمایشگاه ژنتیک از بهترین سونوگرافیای مشهد
اونجا تشخیص دادن شکاف زیاد کام و لب دکتر کفت اینقدر زیاده ک نمونه این بچه بوده ۱۸ بار عمل شده و در اخر نتونسته صحبت کنه علاوه بر اون دو تا گوش جنین دو فرمه بود و اندام تناسلی مشکوک به دختر یا پسر بودن بود دکتر میگفت اصلا اندام تناسلیش رشد نکرده شاید هبچوقت نتونه ازدواج کنه بیضه داشت اما اندام تناسلی خیلی کوچیک دیده میشد
۵ دکتر بالای سرم بودن و همت نظراشون یکی بود همه گفتن نگه ندار بچه خیلی عذاب میکشه گفتن احتمال داره به دنیا بیاد مشکلات دیگه ای هم داشته باشه
منم توی ۲۴ هفته غیر قانونی سقط کردم وقتی دکتر بچه رو دیده بود گفته بود خیلی شکاف زیادی داره اصلا اندام تناسلی هم نداشت گفت میامدم به این دنیا کنار هم سن و سالاش خجالت میکشید مسخرش میکردن
الان از عذاب وجدان دارم مییمیرم بخدا بخاطر خودش اینکارو کردم ،خودش میدونست جونمو براش میدم شب و روز ندارم از نبودنش خدایااا من برای خودش اینکارو کردم من طاقت نبودنشو ندارم وقتی میامد به این نمیتونست حرف بزنه نمیتونست ازدواج کنه فرم گوشااش فرق میکرد همه باید زیر تیغ جراحی میبود عذاب میکشید ولی الان با خودم چجوری کنار بیام بچه بی گناهم",8,6.045426380801928,Very High
thread_14469573_starter,"ممکنه از حمله عصبی و ترس باشه؟
ساعت ۵ با صدای دعوای عموهام بیدار شدم خیلی ترسیده بودم چون قبلا هم سر ترس غش کرده بودم نرفتم از اتاق بیرون پشت در نشستم
بعدش اونا اروم شدن خوابم برد حالا از وقتی بیدار شدم دست و پای سمت راستم درد میکنه و بیحسه به حدی که پامو میکشم نمیتونم وزن بندازم انگار خواب رفته
یا از دیسک گردنمه؟
درست میشه؟",5,5.939028315988253,Very High
356637183,میگن اگه تو طول زندگی همش با ادمای مختلف یا موقعیت های مختلف برخورد میکنی ولی همش یه مسئله ی تکراری داری ینی اینکه از اون امتحان نتونستی عبور کنی باید راه حلی پیدا کنی تا ازش رد شی,1,4.196657713946479,Moderate
295985117,"آخ😭😭😭خدا نصیب کسی نکنه
اون صدای گریشو شنیده.تماس پوست با پوست داشته.دیدتش
اگه شیرش داده باشه خیلی براش داغش سنگین تره
به شوهرش سفارش کنید خیلی هواشو داشته باشه افسردگی نگیره بلایی سره خودش نیاره😔",2,5.946144174209621,Very High
403445965,"ممنون سلامت باشین
ی علت کوتاهی قد بچها این سن برا بد غذا بودن شون ک خوب غذا نمیخورن رشدشون کم میشه
تو بلوغ جبران میشه نگران نباش.
برادر خودم تا ۱۰ سالگی روی نمودار متوسط بود بلند نبود اصلا چون لب ب گوشت نمیزد به شدت بد غذا و انقد لاغر بود همیشه مامانم غصه ش میخورد
تو بلوغ یهو اشتها خوب شد ماشالله الان ۱۸۵ قدش",1,3.202661930574322,Moderate
thread_12852228_starter,"اماحانای نوبت اولمو دادم خیلی بد دادام فقط یکیش ۲۰ شدم همش نیم نمره غلط دارم
تازه این اخری ۱ نمره غلط نوشتم این معلما عقده ای ما هم که نمره نمیدن نمیدونم خدایا کمکن کنید حالم خیلی بدهههههه
یه هفته تعطیل بودم  هیچ کاری نکردم انگار رو هپروتم
ترو خدا کمکم کنید دوستم نمرش خیلی خوب شده  وای چیکار کنم😥😭",7,6.145917644811561,Very High
387727025,واسه شروع میشه از کارهای سبک و کم هزینه شروع کرد ولی در کل بنظرم شیرینی پزی و کارهای مرتبط با زیبایی خیلی زود بازده میدن اگه مهارتت خوب باشه بعد آموزش دیدن.. هم طرفدار داره هم نیاز جامعه اس,1,4.199056379315152,Moderate
thread_10684999_starter,لاغری چ حس خوبیه از ۳اسفند  رژیم گرفتم از دکترم ۶کیلو و نیم وزن کم کردم البته‌ دوهفته پیش وزن شدم  الان نمیدونم کم کردم یانه، کیا با دکتر تغذیه کم کردن بیایین بگین تو چ مدت چقدر کم کردین,1,6.039264701392121,Very High
thread_12173353_starter,"آخر هفته ها میایم اینجا . خونه خودمون جای دیگه ست
خونه هم مال همسرمه
روشویی چکه می‌کنه راه پله پایین. همسرم بازش کرد چکه کرد بعد رفت بیرون مادرشوهر و پدرشوهر با طلبکاری اومدن گفتن چراااا بازش کردی منم گفتم من باز نکردم الان می‌بندم . دخترم دوباره یکم باز کرد بازم اومدن داد و بیداد
هززاررر بار به همسرم گفتم درستش کن درست نمیکنه دعوا و اعصاب خوردیشون برای کنه منم قر قراشونو باید تحمل کنم چی بگم به همسرم که متوجه بشه؟ جالبه خودشون به شوهرم گفتن بازش نکنید همسرم به من گفت حواست باشه باز نکنی اگر باز کردیم زود ببندی متوجه نمیشه باید درستش کنه پدر مادرش نمی‌گن درستش کن میگن باز نکنید",5,5.921232028071245,Very High
374111348,عزیزم یه جمله خیلی می‌تونه کمکت کنه همیشه و تو هر لحظه با خودت تکرار کن ....این نیز بگذرد...چون میگذرد غمی نیست.... اینا شعار نیست اگه واقعا بهش توجه کنی دیروز گذشت امروزم داره میگذره بالاخره روزهای خوبم میاد هرکی تو دلش یه غمی داره امیدوارم همیشه و از این به بعد هر روزت بهتر از دیروزت باشه🌹,1,3.192141264125894,Low
409751594,اره خیلی مخصوصا وقتی هیچ جایی نداری بری و مجبوری باز بشینی تو خونه 😔,2,3.19206251558353,Low
thread_9970026_starter,"من هفته 30بترداری ام و دکترم گفته زایمان زودرس دارم و از هفته 20امپول میزنم و و قرص میخورم. .میگه مطلق استراحت کن و خودتو حداقل تا34هفته برسون.
همش نگران وزن بچه هستم.
بنظرتون چیا بخورم توی این مدت ک انشالله وزنش خوب باشه.
و برام دعاکنید بچم تا آخر بمونه برام خیلی استرس دارم و نگرانم",6,5.929718378209145,Very High
thread_18036897_starter,"من روز ۱۵انتقالم ازمایش بتا دادم و بالای هزار بود فردا باید برم برای تکرارش
از طرفی هم به شکمم دست میزنم سمت چپم یه احساس سنگینی دارم همش نگرانم نکنه خارج رحمی باشه
میشه اگه چیزی میدونین راهنماییم کنید خیلی استرس دارم",6,6.032358156779082,Very High
388342829,من نگرانم اون میگه نترس نمیشی اخع طبیعی امکان حامله شدن خیلیع اما اون میگه ن نمیشی,2,3.193519330350682,Low
284927360,"طبیعیه باید دورش بگذره من الان بچم ۶ماهشه رفلکس اولا شدید بود الان خیلی کم شده شاید یه بار تو روز اونم تو خواب
کولیک هم از ۴۰روزگی شروع شد تا وقتی اومد ۳ماه خیلی خوب شد دیگه اذیت نمیکنه
من دکتر بردمش دارو دادن ولی واقعیتش من خودم پرستارم هیچکدوم از داروهارو بهش ندادم از این ننی های قدیمی بستم تو خونه هر وقت گریه میکنه یا خوابش میاد که اذیت کنه میزارم تو اون بعد یا ربع تکون خوردن خواب میره راحتم به کارام میرسم",1,4.21545165930911,High
319796546,"سلام
من خیلی زیاد دل درد میشم
هفته ی دیگه نوبت سونو و دکتر دارم
از اول بارداری درد زیر دل زیاد داشتم
فک کنم باید طبیعی باشه
گاهی که خواب هستم فک میکنم پریودم و خوابیدم بعد یادم میاد باردارم",2,4.213229187567777,High
thread_16113514_starter,"پسرمم  سه سال و نیم
نوزادم سه ماهه
بزرگ آرین اشتباه زندگیم بچه دوم بود خدا منو ببخشه ناشکری میکنم
خیللیی خخستم
پسر م خیلی حسادت می‌کنه لحظه ای نوزاد زمین بزارم میاد بالا سرش میگه میخاام بزنمش با دست و پا و وسیله پرت کردن و
لجباز و بهونه گیر شده شدید جیغ می‌کشه نوزاد می‌ترسه بیدار میشه
دست و پاشو می‌کشه میزنتش
جریت ندارم  یه لحظه بزارمش زمین میکشتش
انقد جیغ میده و بهونه میگیرره و برای هر چیز کوچکی مداااااااااممممم در حال نق. زدن غر زدن به من
منم مدام از زبون نوزاد باهاش حرف میزنم نوازش و محبت میکنم ولی فایده ندارد
چند روزه کم آوردم. یه مشت بهش میزنم جیغ میکشم
امروز تو فککر خودکشی. بودم ولی جرئت اونم ندارم
گاهی با مادرم و گاهی پدرش ببیرون می‌ره ولی وقتی خونس از حسادت و لجبازی هاش گریه میکنم چندین بار
خیلی خستم کاش بدون درد توی خاب میمردم امشب",9,5.91755538175812,Very High
thread_7978999_hejran1400_1400/10/27 14:21,"فردا 7 هفته و 7 روزت میشه، چهارشنبه میشه 8 فک. کنم، آره قلبش تشکیل شده حتما و ضربانم داره...
برنامه فرزند نیکو رو از بازار نصب کن تاریخ آخرین پریودی بزنی سن بارداری رو روز، ماه و هفته بهت میگه",1,4.200282864965175,High
thread_16251717_starter,کسی تجربه سفط با ذخیره تخمدان پایین داشته؟,1,4.199221780074367,Moderate
thread_13950623_starter,سلام من ۴ روز درد دور ناف دارم اما خیلی خفیف بود زیاد حس نمیشد امروز شدید شد جوریکه راه رفتنی هی وستم رو شکمه دردش حالت تیزی تاره و میره ب سمت پایین دوذوز دیگه موعد پریودمه و درد سینه دارم علائم دیکه ندارم کسی میدونه چیه؟؟؟,2,5.956561889652221,Very High
399456112,خوب ازمایش غربالگری هست و نتیجه اش صد در صد نیست فکر کنم باید امینو سنتز بشن,1,3.200115150148122,Moderate
thread_13816473_starter,"الان بیبی چک زدم مثبت شد،چهارسال اقدام بودم نمیشد. تا بیخیال شدم شدم و دیگه نمیخواستم باردار شدم.
حالا یه حس عجیب با ترس و دلهره داره. کلی فکر و سوال تو ذهنم. چیکار کنم بچه ها 😞
کلا گیجم",4,5.977510528857238,Very High
382623880,"سلام عزیزم امروز تماس گرفتم گفتن جوابارو از 6/۵ عصر تا 9 شب می‌فرستیم
خانمه گغت اگر آماده نبود فردا صبح براتون پیگیری میکنم.شمام این آزمایشگاه آزمایش دادید؟",1,3.206103645985422,Moderate
thread_14928367_starter,من هفته ده هستم امروز بیرون خیلی بودم سوار مترو اتوبوس اومدم خونه دیدم یه لک نارنجی روشرتمه و درد شدید کمر دارم خطرناکه؟,4,4.198504150685039,Moderate
381314799,من گرفتم و عصای دستم بود عملا ،هم اینکه میتونستیم با همسرم شیر شبش و تا شیش ماهگی نوبتی کنیم تا من فشار صد در صد همه چیز رو دوشم نباشه مثلا دو بار من بیدار میشدم یه بار همسرم ،شیرم و خیلییی بیشتر کرد چون هورمون پرولاکتین و فعالیتش و بیشتر میکنه ، و شیر تو سینه ام نمیموند درد و التهاب ایجاد کنه میدوشیدم فریز میکردم تو پاکتای استریل برای غذای کمکیش یا وقتی نبودم,1,4.222106123399499,High
364953826,"چه فرقی میکنه عزیزدلم
با دختری که ادم خوبیه وگرنه این مسائل که دست خودمون نیست",1,3.2077280529993,Moderate
thread_12800806_starter,"سلام خانوما من تازه ماه پنجمم تموم شده ولی ورم خیلی شدید دارم هم صورت هم بدن
چنتا دکتر عوض کردم دکترای شهر های اطراف رفتم ازمایش های مختلف دادم ولی میگن مشکلی نداری
میشه شما از تجربه هاتون بگین",3,5.93313998645317,Very High
thread_17728247_starter,"سلام مامانا
من هفتم پنج بارداری رفتم سونو فهمیدم هماتوم ۲۷میلی دارم شاغلم هستم ۱۵روز استعلاجی گرفتم و خونه موندم و شیاف خارجی استفاده کردم و هفته ۹سونو رفتم گفت اونی که نزدیک جنین هست کوچیک شده ۱۰ میلی شده ولی یه دونه دیگه پایین رحمت اضافه شده مجدد شیاف استفاده میکنم نگرانم
برای شما هم بیشتر شد؟",4,5.910802004131256,Very High
thread_17879450_starter,"دوتا بیبی چک مدیکورم  بعد نیم یا یک ساعت هاله انداختن تو تاپیک های فیلم هست
یک هفته پیش دوروز لکه بینی قهوه ای داشتم
دیروز صبح که دو روز تاخیر بودم رفتم آزمایش ۴/۱ بود
امروز کمردرد شدید گرفتم کمرم میخواست بشکنه
گفتم الان پریود میشم ولی بازم ترشح سفید داشتم
امشب روژان زدم منفی بود چیکار کنم
اگه باردارم چرا تستم و آزمایشم اینجوری بودن
اگه نیستم چرا پریود نمیشم و چرا لک دیدم و هاله انداخت",5,6.091877558756096,Very High
355924211,بعدا یه عمر باید گریه و ناله کنی برای بی قراری و استرس های بچت .. من به عنوان یه تجربه گرم .. که دچارشم ..,3,3.20511918806551,Moderate
397643555,"منم یه دختر همسن دختر خودت دارم ولی انگار دیگه باردار نمیشم😔
لتروزول چطوری خوردی بعدش آمپول هم زدی؟",2,3.190689380156982,Low
thread_11764937_starter,"سه ماه مونده دوستاش بشه،کلماتو درست تلفظ نمیکنه،جمله سه حرفی میگه مثلا میگه مامان،پام گیر کرده،
البته به زبون خودش،تلفظاش خوب نیست به نظرتون خوب میشه؟مثلا میخواد بگه کوچولو میگه اوچولو،یا بجای می‌خوام میگه میقام،ممنون از نظرات ارزشمندتون ❤️",1,4.223451255420059,High
327811114,ای بابا رستوران چی باغ رستوران بری یا هفته ای یک بار با خانواده اش درست کنید دورر هم بخورید و شاد باشید دوره ای تکرار بشه,1,3.206128728787008,Moderate
392869186,برای همین نیاوردم دیگه واقعا منم قبلا مثل شما فکر میکردم کسی که خود کشی میکنه خنگه عقل نداره ولی وقتی یه روزی بفهمی فشار عصبی انقدررروته که اصلا کارهات و نمیفهمی اصلا یادت نمیاد چی شد به خدا تازه درک میکنم کسایی که خود کشی میکنندهیچی جز مردن جلو چشمشون نیست فکر میکنن همه چی تمومه,6,4.210058868440683,High
330759385,"دور از جونت عزیزم
گرچه خودم این روزا رو گذروندم همش گریه میکردم از استرس خواب نداشتم به بدترین چیزا فکر میکردم
از خدا میخوام نتیجه ازمایشت هم خوب باشه هم زود بیاد از نگرانی در بیای عزیزم
چون میدونم هرچی بهت بگم نگران نباش نمیشه خودم هم همین بودم",6,4.210042373922988,High
thread_12083716_starter,توی بارداری میشه بدنسازی انجام داد؟اصلا به طور کلی توی بارداری و زمان اقدام چه ورزشایی میشه انجام داد؟البته مطمئن نیستم که باردار باشم ولی پریودیم چند روزی عقب افتاده.,1,4.193657302159409,Moderate
thread_12609082_starter,"نمیدونم چرا انق دارم آروم میخونم وای اصن باورم نمیشه انق طول کشیده من فصل ۶ جغرافیا و ۵ جغرافیا
دارم میخونم از ساعت ۶
درس پنج خوندم درس ۴ چهار صفحه مونده
بعد درس چهار تموم شد مرور کنم درس ۵ و استان شناسیم ۸ درس مونده
وایییی چرا انقد دارم طولش میدم 🥲😭",6,5.949007134251588,Very High
thread_13799384_starter,خانوما من ۲۵ هفته هستم.هفته پیش سونوی طول سرویکس دادم اوکی بود قبلا بچه م بریچ بود بعد ۳ هفته پیش سفالیک شده بود.دو روزه حس میکنم بچه تو واژنمه.حتی رو توالت فرنگی میشینم حس میکنم الان در میاد میزنه رو واژنم دردم میاد.ضربانشم دققققیققا روی واژنمه🥺 نگرانم,4,5.98120536992792,Very High
373981247,"سلام عزیزم
من دوتا دارم که به ثمر رسیدن
الان شغلای خوبی دارن و در جامعه باعث افتخارمن
اوایل چون یکسال و نیم فاصله داشتن سختی زیاد کشیدم
الان پشیمونم از اینکه چرا دوتا دیگه نیاوردم
حالا که سنم گذشته دیگه ونمیتونم بیارم احساس میکنم به بچه هام و خودم ظلم کردم. وقتی پیامبر می‌فرماید نوزادی که به دنیا میاد برای من از آنچه که خورشید بر آن میتابه عزیزتر، وقتی دختر رحمته، پسر نعمته
وقتی با هر شیر دادن به بچه گناهان مادر میریزه
وقتی با رسیدگی‌ به بچه کلی حسنه برات نوشته میشه
که از هزار بار نماز مستحبی و کارخیر دیگه بهتره
وقتی خدا لایق دونسته وبزرگترین کار دنیا که پرورش انسان هست به زن سپرده شده
وقتی خدا در قرآن می‌فرماید به خاطر فقر جلوی فرزند آوری رو نگیرین وبعدش می‌فرماید نحن نرزقکم ما روز یتان را می دهیم و کلی دلیل دیگه
وقتی در آخرت هم بابت فرزند آوری پاداش میگیری
پس فرزند داشتن کاری عقلانیه
به شعارهای الان گوش نده
سختی داره ولی وقتی بزرگ میشن و ما ناتوان میشیم چشممون به دره که یکی بیاد یه لیوان آب دستمون بده دکتر ببره غذای گرمی بزاره جلومون
باهامون با محبت رفتار کنه اینجاها که معلوم میشه تنهایی بد دردیه
ما که همیشه توانا و شنگول نمی مونیم پس از گوشت و خونمون سرمایه میاریم و به دادمون میرسن",2,4.1929977640375,Moderate
380197822,چرا باید دندونت و بکشی بعدا میخوای چیکار کنی بدون دندون ماه چندم بارداری هست من خودم باردارم دکتر بهم گفت فقط میخک از عطاری بخر قشنگ بکوب بزار لایه نازک  پنبه بهداشتی بزار روش قشنگ دردش و اروم میکنه من سه ماه سوم بارداری هستم و با نی آب میخوردم این مدت و با اون سمت هم غذا نخور تا بعد زایمانت بری عکس برداری و پر کنی اگه سه ماهه دوم بارداری هم هستی میتونی عصب کشی کنی بدون عکس گرفتن فقط,1,4.201027760327634,High
thread_18050274_starter,بخدامن ماهی یبارم نمیرم ن شام میرم ن ناهار.امروز غروب رفتبم گفتبم یدقه بابچه هابریم پسرم کوچیکع عقلش هنونمیرسه چی خوبه چی بده میرفت ب تلوزیون دست میزد یا یچیز دیکه ای بابام بدش میادمن بخدا ازاول تااخربغلش کردم سرپا بودم تاخونه بیام ب دخترم م هشت سالشه گیرمیده مثلا داره شوخی میکنه بهش میگه توشبیه جن پری هستی چی بچه ای هست اخه اوردین .ساعت نه رفت اتاق گرفت خابید داماد هم پشمشم محل نکرد .بعدچجوری شوهرادم ادموسرزنش نکنه😔بخدا حاالا سه تا خواهرم دارم بدترن هرکدوم چهل پنجاه سالشونه یسال زایمان کردم نیومدن پیشم فقط زنگ میزنن اونم میگن مادوس نداریم باخانوادمون رفت امدذاشته باشیم,5,6.104920284011314,Very High
thread_17174375_starter,"مشاوره مدرسم کارشناسی ارشد روانشناسی بالینی داره
دعوام شد با خانوادم چون تو مدرسه دعوا کرده بودم با مدیر قبلی
بهم گفتن دیگه حق نداری به کسی پیام بری چه.... (مدیر قبلی)چه مشاور
منم به مشاور پیام دادم فکر نمی کردم شما انقدر خبرچین باشید،امروز رفتم مدرسه صدام زد گفت به جان بچه هام قسم من هیچ حرفی نزدم شیدا،دارم قسم می خورم،همین الان باید زنگ خانوادت بزنی گوشیتو بدی من ببینم من چی گفتم که خودم خبر ندارم چرا هنیشه من آش نخورده و دهن سوخته؟به خدا قسم من حرفی نزدم باید زنگ بزنی سریع(اخر قبول کرد زنگ نزنم)
بعد یادم اومد بابام اصلا نمیدونه امسال مشاور مدرسم عوض شده🤦‍♀️
مطمئنم چیزی نگفته چون چادریه و دختر شهید هست الکی قسم نمی خوره و چون خانوادم فقط حرفایی که به مشاور قبلی گفته بودم را میدونستن،نمی دونستن خودزنی می کنم
الان به نظرتون برم معذرت خواهی کنم؟روم نمیشه عیب نداره پیام بدم معذرت خواهی کنم؟",6,6.032271343690809,Very High
thread_13477755_starter,دور اطرافتون پیش اومد یا برا خودتون یکی همش بکوب تو سرتون چرا پسر دار شدید دختر خوبه وقتی بدونه شما پسر دوست دارید,3,4.227279864862794,High
thread_13688728_starter,من الان روز ۲۵ پریدم هستم یعنی سه روز مانده به پریدم و تست بتا دادم تیتر نه ها فقط تست گفتن حامله هستم و بی بی چکام مثبت میشن ولی لکه بینی دارم ترشحاتم گاهی قهوه ای مرده صورتی میاد زیر شکمم کمر و پاهام درد میک و انگار سنه و شکمم ورم داره به نظرتون داره سقط میشه یا خارج رحم یا چیکار کنم اخه میگن سونو وازینال اینا زود دادنش خوب نیس کمکم کنید و اینکه سه تا قبلا سقط و خارج رحمی دارم,5,5.948522464837879,Very High
376736430,"ممنون
کاری نداره خیلی راحته
شماهم میتونی حتما
من هنوز اضافه وزن دارم انشالله اینم کم کردم اقدام میکنم برای بارداری بعدی خدا کنه این دفعه دیگ دست خالی برنگردم🥲💔",1,4.206483033507538,High
412507035,"چرا لکه ننگ
مگه عیبه مگه کاری کردی که خجالت آور باشه
من زنداییم و زن عموم مطلقه بودن که شدن عروس خانوادمون زن عمومو انقد دوستش دارن همه انقد زن خوبیه زن داییم هم همینطور همه دوسش دارن اصلا کسی دیگه یادش نیست مطلقه بودن",1,3.206316765652446,Moderate
347728976,منم الان این محدود شدن بخاطر مادر بودن رو بخاطر شوهرم و بچم تحمل میکنم،چون خیلی به من وابستن،منظور من اینه شما انقد حرص شوهر رو نخور قسمتت باشه خودش جور میشه،،،من قبل اینکه شوهرم بیاد خاستگاریم توی خواب دیدمش همه چیو دیدم و دقیقا دوماه بعد اومد خاستگاریم،شما هم قسمتت باشه جفتت پیدا میشه😊,2,3.192471104950528,Low
332302439,چقدر بچم گریه کرد شوهرم میگفت من شمارشو ندارم گفتم پس کی بهش پیام داده میخواد باهاش فلان کارو بکنه  خانواده دختره از اون تعصبیای افراطی هستن که بلا سر دخترشون میارن التماسم کرد گفت آبرومو نبر گفتم پس من چی بعد این همه سال غرورم به باد رفت   خیلی دلم میخواست آبروش ببرم,6,4.208853164493121,High
413985365,درد نداشتم فقط خیلی کلافه بودم مخصوصا تا ده روز اول چون تاچند روز اول ک تامپون تو بینیم بود بعدشم ک دراوردم نمیتونستم برم حموم منم پوست و مو هام جنسشون چربه وقتی نرم حموم کلافه و عصبی میشم,3,3.196049058210974,Low
thread_16050297_starter,من ماه قبل پریود نشدم، الان هم. نزدیکه موعد پریودمه، 8فروردین باید پریود میشدم، نشدم، الان یعنی دقیقا اگر باردار باشم 8هفته رو تموم کردم، ولی هیچ علایمی ندارم، کاملا عادی و معمولی، چند ماه قبل هم پریودم همینقدر عقب افتاد، ولی بعدش با لخته های بزرگ و زیاد و خونریزی شدید پریود شدم،اونموقع رفتم دکتر طب سنتی گفت رحم سرد داری، الان میترسم بیبی چک بدم، نمیخام بچه بیارم، بنظرتون ممکنه از سردی بدن باشه؟,4,5.930254249025893,Very High
406840792,چرا واسه جنسیت میدن😭,2,3.198164979451121,Low
thread_17488179_starter,"سلام . من باردارم و ۲۸ هفته مه تمام غربالگری ها و سل فری انجام دادم تا  الان نرمال بوده اما هفته ۲۸ سونو بهم گفت مغز رشد نکرده دور سر اندازه هفته ۲۱ هست و تشخیص میکروسفالی داده
دارم از غصه میمیرم کسی تجربه داشته ؟ گفت شاید حتی نتونی مجوز سقط بگیری! چی کار باید کنم",7,5.90663942947549,Very High
369126743,"انشاالله سالم و سلامت باشه هرچی خدا صلاح بدونه همون باشه آمین
اما سر پسرمم حامله بودم همین بودم
الان مشکلم این قضایا همسرمه که میبینه یکم بیشتر میخوابم یا حال ندارم همش لب لوچه اویزون میکنه",3,3.197248979133292,Low
337140229,من باشم توی همون شیردهی هم سیگار و قلیونو میذارم کنار.پزشکا میگن  مواد سمی سیگار وارد خون مادر و سپس شیر میشن.اما دیدم اطرافیانم توی شیر دهی قلیون و سیگار مصرف میکردن تا الان که علایمی در بچه هاشون ندیدم.اما میگن احتیاط شرط عقله,1,3.194947671661794,Low
374376636,"الهی که همه چی بخیر بگذره عزیزم نگران نباش،دکتر دارو نداد بهت؟
استراحت مطلق
فعالیت سنگین نکن
تا جای ممکن در حالت نیمه نشسته یا خوابیده قرار بگیر.
مصرف نمک و کربوهیدرات‌های ساده (مثل نان سفید، برنج سفید، شیرینی‌ها) رو کاهش بده، چون باعث احتباس مایعات بشن.
مصرف پروتئین کافی (مرغ، ماهی، تخم‌مرغ، لبنیات کم‌چرب) و مایعات متعادل (نه زیاد و نه کم)
کنترل مداوم قند خون",1,3.195840270376721,Low
thread_12584343_starter,"سلام وقت همگی بخیر من به تشخیص دکتر پنج هفته باردارم و در سونو واژینال هیچی مشاهده نکردن فقط ضخامت اندومتر ۱۵ میل بود و عدد بتام ۱۱۲ و پایین بود بنظرتون چقدر احتمال بارداری خارج رحم یا پوچ وجود داره
و اینکه دکترا میگن مثلا لقاح دیر صورت گرفته دقیقا یعنی چقدر چون من سه روز قبل تخمک گذاری نزدیکی داشتم و یک هفته بعد تخمک گذاری بنظرم بعد تخمک گذاری دیگه بی تاثیر بوده چون تخمک از بین رفته
و اینکه بارداری من کاملا نا خواسته و با پیشاب بوده
ممنون میشم راهنماییم کنین",4,5.996983314206318,Very High
thread_16607506_starter,کاربری دیگمو میگم .اون شروع کرد و اون هم توهین کرد و من جواب دادم حالا چنان خودشو به قربت بازی زد اومدن منو تعلیق کردن😐😐😐😐,4,4.21840648054058,High
346576896,"این حرفت مثل اینه که بگی چون شرایط سخته دختر مدرسه ایم رو بکشم!
اون بچه زندست مثل همه ماها
استغفار کن و با خدا و امام زمان صحبت کن
برای امام زمان نامه بنویس وحرفای دلت رو ساده و راحت بنویس و هرچی لازم داری ازش بخواه و بعدم بگو هرکاری درسته خودتون برامون انجام بدین و بعدم بچت رو نذر امام زمان کن
نامه رو توی بیابون بنداز
شرایط برای هممون سخته خدایا به هممون کمک کن",3,4.193664660489958,Moderate
371274430,گل گاو زبان باید با احتیاط مصرف بشه برای کبد بشدت مضره,1,3.18713420136536,Low
408107448,"اگه مراسم هست و شلوغه کلا سلام علیک نکن رد شو انگار ندیدیش ولی اگر مهمونیه یه دست ساده بده یه سلام بدون احوال پرسی
یکی از زن های مسن فامیل شوهرم پاشو از گلیمش بدجوری درازتر کرده بود ،  من دفعه بعد توی شلوغی وانمود کردم که نمیبینمش
ولی موقع خداحافظی چون همه رفته بودن و داشتم با بقیه دست میدادم تابلو بود با اون دست ندم یه دست دادم گفتم خداحافظ و توی چشمش نگاه هم نکردم یخچال ترین نوع ارتباط رو داشتم
اینطوری کسی هم نمیتونه حرفی بزنه توی جمع یه کم خود دار تر باشی و دست بدی حرفی هم از توش در نمیاد ولی اگه شلوغه سعی کن چشم تو چشم نشی و وانمود کن ندیدیش",2,4.194500333164797,Moderate
thread_17150968_starter,خیلی خیلی خستم از این زندگی دیگه نمیکشم بیزارم بخدا شوهر دارم ولی فک کنین اصلا وجود نداره واقعا هیچ وقت خونه نیست از سرکار که اومد میره ولگردی رفیق بازی تا اخر شب هر شب دعا میکنم این این بشر بمیره خیلی خستم ولی نمیمیره دعا کنین بمیره راحت شم‌ من😭😭,8,5.947818135409761,Very High
thread_7251471_asheghe_baran_1400/06/23 14:39,"اون عالم و آدم خیلی طرز فکرشون مشکل داشته یعنی چی مگه آیه نازل شده باید دوتا باشن بچه هات😐😕
خدارو چطور دیدی شاید در آینده درس خوندن آدم های مهمی شدن خودشون گلیم خودشونو از آب کشیدن بیرون نیاز ب پس انداز شمام نداشتن مثبت فکر کن وب آینده های دور فکر نکن اصلا
الان کلی آدم مستاجرن با عروس یا داماد
تازه ی جا خوندم دوتا خانواده ی آپارتمان اجاره کردن پس ببین از شما بدترم هست",1,4.192442437708905,Moderate
thread_16715854_starter,"شوهرم رفته خیلی دور از من کار. حدود یک هفتس  برا همین خونه تنها نمیمونم پیش مامانم هستم
ازون روزه مامان شوهرمم مریضه
شوهرم دو روزه فهمیده و بکوب اسرار کرد ک برم دوسه روز ازش مراقبت کنم بهش گفتم مگع فقط من هستم این همه عروس و نوه و دختر...
بعد من بعد یک هفته امروز ی سر زدم دارم ناهار درس میکنم
بنظرتون چیکار کنم؟  نمیخام دوسه روز بمونم. هیچ لباسیم باخودم نیاوردم
بعد نمیدونم فردا صب برم یا همین امشب برم خونم 😑بعد شوهرمم بگه چرا بیشتر نموندی چی بگم",4,5.924738413170871,Very High
394197803,منم همینطوری بودم خیلی سخت و بد لود من تازه دوتا بچه دیگه داشتم ،فقط ب بدبختی ظرف مبشسنم ،و ناهار هم سوپ میزاشتم همش نمیتونسم واقعا سرپا دایسم انگار یکی انرژیمو گرفته بود من ی مرده متحذک شده بودم ،ولی الان حالم خیلی خوبه خداروشکر,2,3.202918473631144,Moderate
254941053,"سلام دقیقا شرایط مشابه منو پیدا کردی من سال ۹۶ تو ماه هشتم سنگ صفرا گرفتم
قرص اورسوداکسی کولیک اسید بعد هر وعده غذایی بخور
من تو همون بارداری دکتر گوارش بهم داد گفت ضرری برا بارداری هم نداره",1,3.201140775494423,Moderate
405029161,"نمیدونم چرا هنوز امیدوارم؟ چون لکه بینی ام کمه
حرف های eshgh امیدوارم کرد
از یک طرف هم نمیخوام الکی امیدوار بشم",3,3.204841872857287,Moderate
412854555,"قبل از ازدواج هم اخلاق بد داشت ولی حداقل دست بزن نداشت
بعد. از عروسی مثل گاو وحشی شده",4,3.205684511927757,Moderate
thread_14816405_starter,"مال من اینجوری نبود
مثل فیلما دعوا میکردیم اما اخر ولم کرد رفت با یکی دیگه
شاید چون خوشگل نیستم",2,4.209418211787124,High
thread_13340909_starter,"الان  اونم با شیاف  یکم دردم اروم گرفته وقتی اثرش بره برمیگردم و ب خودم میپیچم💔 اومدم بگم برام صلوات بفزستید🥲 بچه سقط کردم باقرص 💔  ضربانش نمیزد🥲💔
خیلی درد کشیدم خیلیییی هیچوقت توعمرم همچین دردی نداشتم💔میگن وقتی درد میکشی خدا گناهاتو میبخشه راسته؟",7,5.943417246919125,Very High
389018432,برای من ۷ اردیبهشته میخواستم حساب کنم دقیقا کی باید برم ان تی,1,3.19206611319877,Low
401998288,همون مقدار خون کافی هست اگر کافی نباشه دستگاه ارور میده . قندت برای بارداری بالا هست باید زیر ۹۰ باشه . برو دکتر . منم دیابت بارداری داشتم انسولین میزدم . برای بچه خوب نیست.,1,3.206610999404802,Moderate
404138438,من دوبار باردار شدم اصلا آزمایش ندادم.فقط بی بی زدم.بعدش تا ۸ هفته صبر کردم سونوی قلب,1,3.207970213557928,Moderate
thread_17990603_starter,"اگه آره ،چه برندی و چند روز در هفته ؟؟
آیا تاثیری دیدید ازش؟؟",1,3.19734281241108,Low
361666311,"اونکه قطعا قبل تزریق با سونو بررسی میکنن که کجاست، این دکتر من بنده خدا قضیه رو معنوی کرده😂 منم دیگه گفتم اوکی
پیش خودم فکر کردم دکتره به هر حال، حتما دو روز از نظرش ضرری نداره، ولی امشب که اومدم خونه پشیمون شدم وقتی خطراتی که ممکنه داشته باشه رو خوندم",3,4.216380674874472,High
thread_17539498_starter,"سلام به همگی
من  ۳۹ سالمه یه دختر دارم
همسرم همیشه بچه می خواست ولی من بخاطر یه سری مسائل مثل تفاهم نداشتن با همسرم یا خساست و ... حاضر به بارداری نبودم
واقعأ آمادگی بارداری مخصوصا توی این سنی که دارم نداشتم سن همسرم بالاست
من با وجود اینکه دارو می خوردم و جلو گیری می کردم باردار شدم دارم میمیرم نمیدونم چیکار کنم حالم خیلی خرابه
جدا از شرایطی که دارم به این فکر میکنم که اصلا می تونم یه بچه رو بزرگ کنم
از پوشک گرفتن . غذای مخصوص کودک . کلاس اولی شدنش و ... وقتی به اینا فکر می کنم دنیا سرم خراب میشه
خیلی شرایط روحی بدی دارم واقعأ موندم چیکار کنم",7,5.932940643571783,Very High
410280560,ینی از هفته دوم به این زودی این همه علائم,1,3.188357172784698,Low
thread_17798248_starter,اولا شبا حالم بد میشد الان در طول روزم حالم بده همش انگار یه حالیم قبلنم افسردگی داشتم قرصم تقریبا قط کرده بود دکتر الان احساس میکنم افسردگی دارم شاید اونموقع هم حالم بهم میخورد هر چی میخورم حالم بهم میخوره دمیترون دوسه روز حالمو خوب کرد الان اونم تاثیر نداره یازده هفته ام حالت نهوع شدید میگیرم تپش قلب میگیرم نفسم بالا نمیاد,5,6.085443376316107,Very High
378704409,"عزیزم فردا برو دکتر دارو بده عفونتت بر طرف بشه
عفونت اگه خیلی زیاد و شدید باشه باعث پارگی کیسه اب میشه که اونم خودش باید خیلی سدید باشه و داستان داره
الکی نگران نباش
الانم که به لطف خدا ۳۱ هفته ای و هفتت امنه
نگران نباش",1,4.214511086776838,High
382584881,"طفلی مشکل کلیه داره مثل بچم
باهاش مهربون باش با هر دستی بدی با همون دست میگیری",1,3.196033257770978,Low
thread_18079551_starter,"سلامدوستان
من سونوی غربالگری اولمودادم . NT 1.77 بود CRl ۶۶
هنوز به دکتر نشون ندادم فکر کنم نرمال باشن آزمایشم جوابش چند روز بعد میاد. الان تونی نی سایت چشمم به یکی از خانوما افتاد که گفت هم سنش نرمال بود هم ازمایش و سونو ولی به خواست خودش سلفری داد متاسفانه سندروم داون بود و سقط کردن. ولی خب اینجوری همه چی خوبباشه از کجا بفهمیم این سلفری رو بدیم یا نه؟😞 انقدر استرس گرفتم میترسم حتی یکم خوشحالی کنم از اینکه بچمودیدم تو سونو و شکل بچه شده 😞",6,6.114309808152029,Very High
412475104,"اگه طبع سرت سرده حتما از میخک و رزماری استفاده کن
من ی مدت استفاده کردم کلی بیبی هیر دراومد همه قسمتای سرم
ولی چون طبع بدنم گرمه و باهاش وحشتناک سر درد میشدم دیگه نتونستم ادامه بدم",1,3.204190667227522,Moderate
thread_14761518_starter,سلام خانما من خیلی نگرانم بعد ۳ تا سقط خدا خواست و باردار شدم الان ان تی بالا هست ۲،۲۱ ازمایش غربالگری هم دادم زده ریسک پرخطر دیشب سلفری دادم کسی بوده اینجور که هم ان تی بالا باشه هم ازمایش ریسک داشته باشه قلبم دهنمه از استرس دارم میمیرم تا دو هفته طاقت نمیارم  بگید شما دادین جوابش چی بوده؟؟مرسی ببخشید طولانی شد😓😓,8,6.095785898709437,Very High
364696754,"ن بابا کابینت ها رو جمع کن مرتب کن
خواستی فرش ها رو بده قالیشویی
وسایل اضافی و بدون مصرف رو بنداز دور خونه سبک شه
سرویس و حموم هم بسپار یکی بشوره همون اخرا😂",1,3.198424613568932,Low
412470527,"تا سه سال با خودش میرفتم.چون پول دستم نمیداد ولی میرفتیم بازار میخرید برام.و براشم مهم بود بلند و پوشیده باشه
الانگاهی خودم میرم",1,3.194517841846391,Low
349734591,"یه تخمدان ندارم
اون تخمدانم که سالم هست لوله ش هیدروسالپنکس داره
و کلا تخمک با کیفیت ندارم نشد ivf کنم",3,3.203269770587212,Moderate
thread_17656048_starter,"سلام خانمها میشه هر کس تجربه داره من را از نگرانی دربیاره
من ۱۸ هفته هستم چند روزی بود که حرکات جنین را خیلی واضح به صورت ضربه زدن احساس میکردم از صبح تا شب کامل فعال بود و احساسش میکردم ولی الان سه روز و نیم هست هیچ حرکتی احساس نکردم
روز دوم هم رفتم زایشگاه صدای قلبش را شنیدم و گفتم نرماله ولی چرا حرکت نمیکنه درصورتی که قبلش اون قدر واضح ضربه میزد",4,6.046199492251617,Very High
377609135,فقط فولیک اسید و  ویتامین دی. با امپول هپارین,1,3.200256391552102,Moderate
412009523,"برا خودم. هنوز نتونستم. وقت بزارم چ برسه همسر🤣🤣🤣🤣🤣
بله واقعا سخته مخصوصا اگه دست تنها بلشی",3,3.207016143982401,Moderate
345707550,"جمله ات دستوری بوده من اگه همسایمون اینجوری بهم میگفت بهش اب میدادم راضی هم بودم اما از لحنش ناراحت میشدم
مثلا بهتر بود این جمله رو بگی ( خانوم فلانی من الان مهمون دارم اما اب ندارم شما یکم اب داری بهم بدی؟  )  چون با این جمله میپرسیدی اگه راضی نبود هم نهایت به دروغ یا راست میگفت ندارم",1,3.195635606680298,Low
404561098,"دقیقا منم
فکر کن پارسال یک ماه بعد سزارینم واسه پسرم جشن گرفتم دقیقااا همون روز دیدم اندازه دو سه میلی متر از جای بخیم بتز شده شورتم خونی شده
به پهنااای صورت اشک میریختم فکر میکردم کار سنگین کردم استراحت نداشتم بخیم جوش نخورده
خلاصه هراسان رفتم بیمارستان معاینه شدم بهم گفتن بدنت داره نخ بخیه رو مثل یه جسم خارجی پس میزنه
تقریبا تا دو هفته هرسری یجاش باز میشد باید نخو در میاوردم از تو سوراخ
با یاداوریش دوباره حالم بد شد",6,4.191851458603651,Moderate
thread_14899884_starter,"دخترم۶ماهش ی‌ماه  مریض شده ی هفتهدهم‌بستری شد خوب‌شد‌مرخص شد دقیقااااا دوروز بعدش کم‌کم علائمش برگشت الان ب اوجش رسیده مث‌روزی ک‌بستری شد بردمش دکتر دارو داد بهش همش میترسم باز یستری بشه😭😭😭
علائمش سرفه شدیدددد خس خس شدید سینه ابریزش بینی زیاد‌و‌با مخاط‌سبز گریه زیادددددد",5,6.080508344151895,Very High
401805497,"پرتقال شیرین بخور
توت خشک بخور
یه دونه خرما بخور
ازین بيسکوئيت های رژیمی بخور
برای قندت هم کدو زیاد بخور خیلی پایین میاره روی ماست رنده کن بریز روی سالادت",1,3.196880606032209,Low
thread_12182197_starter,سلام حاملگی خارج رحمی دارم ویکیش سقط شد ولی یکی مونده توی لوله دعا کنید فردا بتام بیاد پایین و خودش دفع وجذب بشه,3,4.210613775205275,High
thread_9759365_starter,"ولی ازروز غربالگری از همون لحظه شوهرم بخاطر مامانش با من قهر کرده
مامانش و بابام و همه زنگ زدن تبریک گفتن منم جواب دادم آقا قهر کرده ک چرا رسمی جواب دادی
درصورتی ک بخدا با بابامم همون مدل حرف زدم ب نظر خودم خودمونی حرف زدم
صبح میره شب میاد منم تو خونه تنها اون موقع پیام دادم بهش
بازم حرف دوران عقد تکرار کرد گفت مامانم بیشتر از هرچیزی تو دنیا دوست دارم
منم گفتم من به بچم فکر میکنم تو بچسب به مامانت
بهم پیام داده منم به بچم و مامانم فکر میکنم ما دیگه ۳نفریم تو هم خوب باش تا ما دوست داشته باشیم
بعدم زنگ زده بچمو مثه یه شیر ازت میگیرم
اینقد امشب گریه کردم اینقد گریه کردم
هیچوقت فکر نمیکردم تو حاملگی به خاطر مامان فتنه ش اینطوری کنه باهام اینقد گریه کردم ک هم زیر دلم درد میکنه هم کمرم میترسم اتفاقی بیفته برای بچم خیلی ناراحتم",7,6.083134468931803,Very High
382438445,"من دو سال پیش تخمک کشی کردم چهل تومن  با دارو شد الانم هر موقع برم بذا انتقال ۱۵میگیره البته با بیمه ۸میگیره
دارو ها هم حدود سه تمن شده فعلا که",1,4.209196793535739,High
413988641,"پسرای اطراف ما هیچکدومشون نمیان جلو🥲
همیشه تو این فکر بودم اگر یکی بیاد پیشنهاد بده بهش چی بگم",1,3.197022819125323,Low
thread_16562012_starter,"من تو هفته ۹ هستم هنوز نرفتم سونو برای قلب جنین ولی خیلی استرس دارم قراره برم و همش ترس دارم بگن قلب تشکیل نشده میشه بگین علائم خاصی داره تشکیل نشدن قلب؟
من هیچ علائمی ندارم خداروشگر حالت تهوع هم ندارم",5,6.115813799478929,Very High
409300669,آره هنوز بریچ هست ولی ۳۱ خیلی جا برای چرخش داره هنوز. آخرای بارداری ممکنه بچرخه. من ۳۶ هفته خودش چرخید.,1,3.194104901805986,Low
262539355,"اولا گلم من به موضوع ناراحتیت نخندیدم که سرم بیاد
دوما شما تو نی نی سایت یه چیزی شنیدی طرف میگه شوهرم خیانت کرد اینجا خانوما میگن بگو چیزی داره ب نامت کنه ک چیزی واسه اون زن دوم  نمونه و اقاهه سر براه بشه بمونه سر زندگیش
نه شما ک یه اسکرین پاک شده دیدی
غیر منطقیه حرفت و اشتباهم هست
چون یه جورایی ب همسرت فهموندی اگه فلان اشتباهو کردی برا جبرانش یه چیزی به نامش میزنی و ماجرا تمومه
خیلی بی سیاسیت و نسنجیده عمل کردی",2,4.195751674736584,Moderate
thread_11615324_starter,"https://s8.uupload.ir/files/img_20230722_170735_635_zrvr.jpg
https://s8.uupload.ir/files/img_20230722_170735_635_zrvr.jpg
دوتا عکسی ک نشون میده هرچی تو بله چت میکنین راحت در اختیار کارمندای بله قرار داره 🥲🥲🤭🥲",3,4.201813819439849,High
413974179,"ما حدود یک ماه تلفنی صحبت کردیم بعد حضوری همو دیدیم
من که نشستم تو ماشین خیلی معذب بودم و با اخم زل زده بودم به بیرون، با ترس و لرز ازم پرسید چیزی شده؟؟😂 بعد میخواست یخ من آب بشه شروع کرد توضیح دادن اسم خیابونا که اینجا کجاست و اسمش چیه ... انگار که تور لیدر بود قربونش برم 😂😂",2,3.187052401233359,Low
thread_16478789_starter,"هفته باردارم
تو ازمایشم قند ناشتا۱۲تا بالابود
دیشب دیرخوابیدم گشنم بود قبل خواب یه لقمه خوردم
صبح که بیدارشدم بازم ضعف داشتم ولی چیزی نخوردم ترجیح دادم یکم دیگه دراز بکشم
که یهو چشمام شروع کرد به تارشدن و درعرض چنددقیقه دیگه جایی رو ندیدم
من قبلا سر میگرن اینطوری زیادشدم
ولی الان میگرن نبود
بعدشم سردرد گرفتم بزحمت پاشدم رفتم یه شکلات خوردم اومدم چشامو بستم
الان بهترم
کاردرستی کردم شکلات خوردم؟ با درنظرگرفتن اینکه افت قنده اینکارو کردم😢😢
بچه ها توروخدا برام دعاکنید اینروزا خیلی ضعیف شدم و دارم اذیت میشم",5,6.050458340498153,Very High
366383107,من دیدم ک یه نفر داره ظلم میکنه ب یه نفر دیگه اما چیزی نگفتم,1,3.188648708104665,Low
378026726,خداروشکر به دختر کوچولو منم دعا کنید سالم باشه 🥹🩷😑,1,3.19178904852015,Low
thread_15636683_starter,"من بچم تیر به دنیا میاد بعد ۳ ماهگی میخوام باز برگردم سرکار براش پرستار بگیرم کارم اشتباهه!!!
آخه خواهرم میگه تا ۱ سالگی بچه رو نباید گذاشت پیش کسی،ولی تو این شرایط اقتصادی مگه میشه کار نکرد اخه،البته شوهرم کاری نداره برم یا نه خودم میخوام",4,4.225166030293622,High
325536984,رفتم فوق تخصص داخلی بهم یه قرص داد ولی بهم گفت چرا دیر اومدی تا سه ماهه اول جنین به تیروئید مادر نیاز داره قبلش هم اصلا تیروئید نداشتم,3,3.201513319205333,Moderate
393564447,"باز ۴۲ خوبه
من ۳۲😑",2,3.208186787220257,Moderate
thread_12833855_starter,اسمم خیلی قدیمیه خیلی ‌ اصن دوستش ندارم وافعا جایی میزم اعتماد به نفس گفتن اسمم رو ندارم مخصوصا الان ک همه اسما جدید شده خیلی معذبم ۲۵ سالمه از بچگی همین بوده اسمم چیز دیگ عم صدام نمیکردم ولی چون مذهبیه میگن باید ادله کامل داشته باشی تا عوض کنن چ ادله ای آخه وقتی معنی سنگینی داره تازه خوب بیان نمیشه خیلی بد میگن تا ناقص حتی و تازه امروز یه کلیپ دیدم تو ایستنا یه شعر زشت یه بلاگر۷ براش درست کرده بود انگار ک پیر زن ۸۰ سال۶ باشه تو فیلم و سریالام همش نقش کنیز و کلفته 😑😑😑😑بعد همینا نمیزارن عوضش کنم آخه من آدم مذهبی هم نیستم قیافه ام اصلا با اسمم از اینجا تا منهتن فاصله داره بخدا 🥲🥲 فقظ چون مامانم مذهبیه من باید لین اسمو تحمل کنم ؟ اگ عوض کردن چی بزارم لنطرتون؟یه اسم با وقار,4,6.128169409319526,Very High
342714491,"من مشکل دهانه رحم دارم چن جا سونوگرافی خیلی خوب رفتم نفهمیدن
بعدش فقط ب این موضوع فکر میکنم ک چقد تشخیص اشتباه دادن ک بچه ها ناقص هستن و سقط کردن",4,3.190565867284022,Low
406508753,"من تو بارداریم بخاطر عفونت ۴ ماه انواع چرک خشک کن بویژه آموکسیسیلین خوردم
تنها راه درمان درد دندان هم چرک خشک کنه، وگرنه مسکن موقته، بخودش بگو اینجا چیزی نپرسه حالا که پرسیده من بهترین راه رو دادم",2,4.220192089672764,High
thread_16847163_starter,"خودش میخواست بره چون ما کسیو نداریم نه پدر نه مادر
مامانبزرگمم که نگهمون داشته بود تازه فوت شده
اللن کاراشو داریم پیگیری میکنیم
انگاری پشیمون شده میگه خونه اجازه کن اونم تنها نمیمونم یکیو پیدا کن باهام بمونه
نمیدونم چیکار کنم
بابام معتاد بیکار خواهرمو خونه بگیرم بابام میاد میمونه بدتر میشه
خودم نمیتونم نگه دارم دارم ازدواج میکنم
ازدواج نکنم نمیتونم از پس هزینه ها بر بیام مجبورم حداقل خودم مستقل بشم بتونم دستشو بگیرم
از این ناراحتم که مسخرم کرده شب و روزمو یکی کرد من میرم بهزیستی پیش همنوعان خودم دوست پیدا کنم
به زور قلبمو سنگ کردم با چه زجری رفتم دنبال کاراش
الان دم رفتنش پشیمون شده
بخدا که از اولش مسخرم کرده بوده منو میترسونده که ترحم کنم بهش
من هیچی براش کم نذاشتم ما دوقلوییم ولی برا این که حس کمبود نداشته باشه دانشگاه بردمش الانم میخواستم ارشد بخونه
کار ادمینی پیدا کردم
ولی همکاری نمیکنه باهام درسشم نمیخونه با چه عذابی پای پیاده اسنپ ویلچر میبرمش دانشگاه نمیخونه امتحانا و من میخونم بجاش
کارم نمیکنه
الانم من چجوری خونه اجاره کنم اونم تنها نمیمونه خانم تا بخوام سر بزنم بهش با این که از پس کارای شخصیش بر میاد من میتقل بارش اوردم فقط نمیتونه راه بره میگه باید همراه پیدا کنی تو خونه برام
شما بگین چیکار کنم
خواهش میکنم دعاتون میکنم",7,6.036126902439264,Very High
413969657,یه سال بخاطر شرایطمون تو یه واحد زندگی کردیم تو اون شرایط لطف بزرگی کردن بهمون که خونشون موندیم ولی همون یه سال باعث این شد که به خودشون اجازه دخالت بدن و هنوزم هنوز دست از دخالت برنداشتن,3,3.187148037710358,Low
338371563,"فقط پروژسترون داد برای هماتوم
یه استامینوفن ساده هر۱۲ساعت برای درد
ولی فایده نداره
صبح ک میشه از شدت حالت تهوع و درد کلیه میپیچم به خودم تا شب
یکم شب دردش اروم میشه تا صبح دوباره همونجور
بدبختی بخاطر بارداری نمیتونم تحرک داشته باشم😭😭😭😭😭بعد چندسال خدا بهم بچه داد حالام اینجوری امتحانم میکنه😭😭😭😭😭",7,5.947307480269956,Very High
thread_12605973_starter,"هفته ۴۰ ام بچه دومم
دهانه رحم دوسانته
به هیچ روش ورزش گرمیجات دوش رابطه کوفت و زهرماری هم باز نمیشه حتی معاینات مکرر
وزن بچه داره میره هرروز بالاتر و من دیگه ب سختی نفسم بالا میاد از دردهای لگن و پا و کمر و ... ک نگم
بستری شدم دیشب اما دکترا گفتن تا هفته ۴۲ بازم صبرکن بعدبیا امپول فشار بزنیم
دیگه دلم میخواد بمیرم 😭😭 کاش یکی فشاری ک بم داره وارد میشه رو درک کنه
سزارینم ک اختیاریش خداتومنه
اختیاری ام نباشه  اگه رو ب موت نباشیم دکتر زیربارش نمیره
ازصبح فقط گریه کردم
بچه اصلا توسونو دیشب نچرخیده ب سمت لگن سرش تو پهلو راستمه",9,6.013039235338511,Very High
thread_16203262_starter,بچه ها زیر دلم سمت چپ از سر شب داره تیر می‌کشه میدونین دلیلش چیه؟اولین باره این دردو دارم قبلا یه دردی مثل کشیدگی داشتم که فهمیدم به خاطر رشد رحمه ولی الان دردم فرق می‌کنه استرس گرفتم تجربه ای دارید؟,4,5.990842671133578,Very High
thread_12488568_starter,"چرا آنقدر خیانت زیاد شده هر جایی و که میبینم و می‌شنوم واقعا فقط دارن در مورد خیانت صحبت میکنند اینکه خانومی به همسر یا آقایی به همسرش خیانت کرده هیچ وقت فکر نمی‌کردم دور و اطرافم چنین اتفاقی بیافتد تا اینکه چند وقتی بود از یکی از دوستام خبر نداشتم امروز که زنگ زدم دیدم گرفته هست مثل همیشه نیست بعد که گفتم وی شده گفت شوهرم بهم خیانت کرده بعد چند وقت فهمیده می‌گفت شوهرم اول انکار کرده بعد که من چت هاش و با اون خانومه دیدم گفت آره باهاش رابطه دارم میگفت. چند وقتی هست که خیلی رفتارش تغییر کرده بود همش اذیت میکرد تازه متوجه شدم همه زیر سر اون زنی بوده که باهاش بهم خیانت کرده
آخرشم گفت همون بهتر که ازدواج نکردی چند اگه ازدواج میکردی مدام باید نگران خیانت نکردمش باشی 🤔🤔🤔",4,5.91218180366559,Very High
399418579,باردارمو دانشجو ارشد زایمانممم یا بعد امتحاناس یا ممکنه وسط امتحانا باشه حالا من که زیاد اذیت نمیشم چون دو روز کلاس دارم ولی یکم کمر درد میگیری اگه سر کلاسا باشی با دکترت مشورت کن اگه اجازه داد برو ...اتفاقا استادی خانمم هم بجز اقایون درکم میکنن خیلی,1,4.216277211513443,High
326108264,"میدونم واسه من  دوران راهنمایی و دبیرستان تو عادت ماهانه همش اینطور نیومد ، ی بارم رفتم دکتر ، گفتم ی تیکه گوشت میاد همش، گفت لخته هستش ، امکان مداره چیز دیگه ای باشه.
الان شما گفتی یادم اومد خیلی این اتفاق واسم میوفتاد ، دقیقا مثل گوشت مانند بود",1,3.200475877441932,Moderate
thread_18005594_starter,"علائمش خارشه
از کمرم شروع شد و به بازوم و الان ناحیه ی زیر بغلم میخاره و دستام و سینم که احتمال میدم داره به اونجام میرسه.
به دستام ک رسیده و داره میاد پایین .
رفتم دکتر ولی چون باردارم نمیشه قرص دارو بخورم ولی میترسم بزنه به انگشتام یا به صورتم .",4,4.224219661125972,High
thread_17579990_starter,کسی نمیدونه علتش چیه؟ دارو و درمان نداره؟  طبع بدن اگر سرد بشه  بهتر نمیشه؟  دو ساله یدفعه اینجوری شدم,2,3.208082730248861,Moderate
thread_12540786_starter,شرایط هم باب دلم نیست بیشتر فشار میات بهم,4,3.195946691863355,Low
315791219,فعلا از دکتر توکلی تونستم وقت بگیرم توکل کردیم به خدا انشالله که کمکمون میکنه تا الان که خیلی فکر و خیال کردیم شرایط منم سخته استراحت بارداری دارم و بچه ی کوچیک هم دارم این بارداریم هم خدا خواسته بود و ما با جون و دل با کلی سختی با کمک خدا تا ۳۱ هفته رسوندیم دیگه تا ببینیم چی میشه,5,4.198923934973209,Moderate
thread_16902413_starter,"چرا وقتی ماشین عروس میبینم چند ساعت واسه خوشبختیش دعا می‌کنم از چی میتونه باشه🙃
میبینم یکی مغازه زده آب هندونه درس میکنه میفروشه واسه رزق روزیش دعا می‌کنم و قربون صدقش میرم…",1,3.204618590341852,Moderate
375555874,خودمم قبلیم ۳۳ هفته دنیا اومد دو هفته دستگاه بود خودمم بک هفته ای سی یو.ناخواسته زود باردارشدم پسرم الان یکسال و نیمشه اینم الان دنیا بیاد واقعا خیلی شرایطم یخت میشه با بچه کوچیک میگم حداقل بمونم ۳۴ تموم بشه🥲😑,3,6.040007599629462,Very High
thread_16598160_starter,یکیتون بیاین چت کنیم درخواست بدید قبلا نی نی سایت خیلی کیف میداد دیگه اینجوری نیست🙁,1,3.189294641902961,Low
334566826,اره بندنافشودادم آزمایش خون لخته شده بود تواند ناف وبه بچه خون نرسید ماه هفته,1,3.194043487852277,Low
thread_17592780_starter,خانومای گل به من تو ان تی گفت پسره آیا احتمال خطا هست,1,3.195193726052821,Low
thread_13411628_starter,"همش حالت تهوع دارم یا بالا میارم نمیدونم چیکار کنم...
دکتر زنان هم نمیتونم برم تا ۸هفته که جواب ازمایش و سونو رو براش ببرم",4,4.210932264883013,High
thread_15975147_starter,"جنبنم تو ۶هفته و سه روز صدای قلبشو‌گذاشت دکتر شنیدم ولی سه روز بعدش ک رفتم بخاطر یه لکه صورتی تو لباس زیرم دکتر گفت صدای قلبشو‌نمیشنوم دیکه دوتا هماتوم خلفی هم تشکیل شده، یعنی الان جنین من مرده؟ ازون روز یه هفته میگذره ولی نه درد دارم نه خونریزی نه علائم سقط
امکان داره جنینم زنده باشه اینا اشتباه نشنیده باشن؟
میترسم برم سونو، میگم یا قلب نداره خودش میفته یا داره و بزرگ میشه
اکه کسی مثل من بوده بیاد کمکم لطفا🥺🙏",5,5.908657554566162,Very High
375377822,واسه درد مقعد نبات و هیوسیون نمیخورن اینا واسه دلدرده,1,3.188803079376157,Low
412920121,"درکت میکنم
ولی مامان منم تابستون نهم به دهم بهم میگفت زیستت رو شروع کن
حتی تابستونم خراب شد با اینکه خودشم دید سال نهم من چقدر درس خوندن واسه دبیرستان دانشگاه",2,3.205601812485838,Moderate
347943397,عزیزم برا از جایی که معتبره روغن سیاه دانه بگیر و رحمتو بمال به سمت پایین و از عطاری عروس پشت پرده گل بنفشه تخم گشنیز نصف مشت هم اسفند زیره از هر کدوم یک مشت بگیری کافیه همه رو قاطی کن و روزی یک قاشق غذا خورری تو دولیوان آب بجوشون از اون دوتا لیوان باید یک لیوان بمونه با نبات بخور پریودتو زیاد می‌کنه تنبلی رو در مان می‌کنه عفونت کیست هر چی باشه میسوزه می‌بره ولی اگه نزدیک بودی و خودم رحمتو اصولی میمالیدم بهتر بود,1,4.198863418527253,Moderate
thread_17705028_starter,"من هفت ماهه باردارم
گاهی بختک میگیرم و کلا استرسی شدم
بارها هم بهش گفتم وقتی بیدار میشم میبینم رو تخت نیستی استرس میگیرم لطفا جاتو عوض نکن
اما بازم بعضی شب ها میبینم میره تو هال میخوابه
میگه خر پف میکنی چیکار کنم نمیتونم بخوابم
الانم بحث کردیم باز
به نظر شما من حق دارم ناراحت بشم یا نه اون حق داره؟",4,6.007880021242727,Very High
thread_18025318_starter,رییسم متاهله ، شصت و اندی سالشه،بعد تا بمن میرسه همش از چهره و اندامم ایراد میگیره با اینکه باهاش رابطه ندارم ، تا اینکه با یدختر بیست ساله التن دوست شده، همش ازش تعریف میکنه ، منم فقط یکی دوبار گفتم اره بد نیست قیافش،خوشگله ک نگه حسودی و اینا ،یعنی گفتم بمن ربطی نداره،دختره هم ازش میکشه، چندروز پیش اومد عکسشو نشون داد گفتم عه فلان رستورانه گفت واییی تو از کجا اینقد قیافشو دیدی، حالا من اصلا رستورانو گفتم،درمورد قیافش فقط یچندباری گفتم شیه خانم فلانیه، با اینکه حقوقم اینجا بد نیست ولی دگ اصلا حس خوبی واسه کار کردن اینجا ندارم ،همش ازم میپرسه شماره معشوقشو دارم یا نه، دگ رفته رو اعصابم،سر کار دگ خیلی رسمی باهاش برخورد میکنم ولی میدونم با این برخورد خیلی سرد عذرمو میخاد تو فکرم خودم زودتر استعفا بدم ولی جایی هم کار پیدا نمیکنم,6,5.998707050308894,Very High
thread_17208716_starter,"حس میکنم چون پدر مادر ندارم مامانبزرگمم فوت کرد دارن سو استفاده میکنن
پسر خودشون شغل نداره
ماشین نداره ماشین باباشه
خونه هم که اونی که خودش داره ۶۰ متری قدیمیه اجاره داده
مغازشم اجاره داده بغیر این زمین یه زمین دیگه به نام داره
راضی هم نیست بفروشه
نامزدیم(عقد رسمی نشده)
پسر تک فرزند
از همون اول گفتن خونه میخریم باورتون نمیشه چند بار خونه دیدیم قرار بود با زمین معاوضه کنن
خونه باب میلمو پیدا کردیم همه چیزش عالی بود دوبلکس مستقل ترو تمیز لحظه اخر که یکم تو سند خونه و به نام زدن به مشکل خوردن همه چیزو کنسل کردن
طبقه پایین خونه مادرشوهرم ۱۲۰ متر دست مستاجر میگن بیاین اونجا
مخ نامزدمم زدن بیا زمینو میزنیم به نامت مغازه خودت هست این یکی مغازه هم به نامت
طبقه پایینو تعمیر کنیم بیاین
بعدا خواستین خونه میخرین
انقدر ناراحت شدم هیچی نگفتم
حتی مخالفت هم نکردم
چی بگم
من پدر مادر هم ندارم به عمم و شوهر عمم بگم مخالفت کنن خواستگاریمم با شوهر عمم بود
حس میکنم مسخرم کرده بودن این همه وقت
مگه من دیوونم
معلمم
ارشد دارم
دبیر تیزهوشانم
یکم بیشتر کار میکنم میرم خونه اجاره میکنم
درسته سخته من مستقل بشم خواهر معلولمو باید نگه دارم که میدونم از پسش بر نمیام
عموهای معتادم ولم نمیکنن ممکنه اذیتم کنن و تجاوزشون تکرار بشه
ولی هیچ وقت نمیرم با مامان باباش تو یه ساختمون
حاضرم بدبخت خانواده خودم باشم تا خانواده اون",8,5.930677494282463,Very High
thread_12689943_starter,من حدود 19روز که لکه بینی دارم دوبار رفتم دکتر سونو اول گفت شش هفته یک روز قلب داره ضربان هم داره دوهفته بعد گفت سونو انجام بدم دیروز انجام دادم گفت همون شش هفته دوروز بدون ضربان قلب رشد نکرده یعنی هیچ امیدی نیست,4,5.891783935847343,High
330998851,[QUOTE=330984813]هفته چهارم احتمالا خیلیت نیس عزیز من سقطش نکن بخدا اهش هم زندگیتو نابود میکنه هم خودتو وجدانت هیچوق ...[/QUOTE بنظرت وقتی این بچه از هیچ لحاظی تکمیل نشه باید چیکارکردی سال دیگ بچم میخواد بره مهد بااین گرونی ها شهریه مهد ها خرج بچه ی دیگه خونه اجاره ای من میتونم اونموقع چیکارکنم وقتی که دیروز رفتم آزمایش دادم شوهرم ده تا. کارت عابر بانکی رو زیر رو کرده تا پول داشته باشه چی وقتی ک هنو نتونسم یک لباس بخرم برای عیدی بچم,6,4.220243894663781,High
336667797,نه بابا چه خبره من تو بیمارستان خصوصی بودم سال 1400 زایمان کردم 600تومن گرفت الان نهایت 1500 بشه جدا از هزینه بیمارستان بود البته,1,3.20270323256409,Moderate
412975094,"کجا سالم و سرحالن؟ همه پر از عقده کمبود
اینقدر تعداد بچه ها زیاد بود که تو هر کلاس درس باید ۳ نفره مینشستیم حالا سختیای دیگه به کنار، انگار خودمون میخاینچم تو بدبختی زندگی کنیم ، تو جاهای دیگه یا کشتی نیذن مسافرت چند ماهه ما اینجا هر لحظه یاید تنمون از جنگ بلرزه",4,3.192303105330211,Low
404153572,"وقتی بتا رسید 2000 انگار روز موعد اینا بود چون من از یک هفته قبل موعد میدونستم
چهار پنج هفته",1,3.189418083995406,Low
thread_16476188_مامان_دهه_هفتادی_1404/04/12 11:33,مسکن ملی ثبت نام کردیم.. زمین دادن با ی وام سیصد میلیونی ..حدود پونصد دیگ روش گذاشتیم خونه ساختیم,1,3.20840952024264,Moderate
thread_13252859_starter,"خانما من مامانمو بابام هردو حقوق دارن با این حال منو شوهرم اصلاً راضی نبودیم خانوادم سیسمونی بخرن و بهشون گفتم خودمون می‌خریم اما مامانم قبول نکرد
چند روز پیش مامانم رفت یه گهواره خرید که دیگه تخت نخره چون ما یه خواب داریم ما هم کلی تشکر کردیم
امشب گفت تخت خریده و شوهرم کلی تشکر کرد
وقتی از ماشین دراوردیم که ببندیم دیدم داغونه و دست دوم فکر کنم از برنامه دیوار خریده
خیلی پیش شوهرم خجالت کشیدم
خلاصه شوهرم بستش و تشکر هم کرد
بنظرتون چکار کنم؟؟؟؟؟؟ اصلا دوست ندارم بچم وسایل دست دوم داشته باشه
بخدا اصلا توقع تخت خریدن نداشتیم همون گهواره کافی بود 😞",4,5.889295448313078,High
thread_14831228_starter,"من خیلی شدید از تنهایی میترسم
ازدواج خیلی چیزخاصیه ؟؟؟؟ خیلی خوبه ؟
وقتی میان نی نی سایت میبینم همجنسای خودم به دخترای مجرد که کمی سنشون زیاده خیلی دیدگاه بدی دارن میترسم
الان تو یه رابطه سمی موندم بخاطر ترس از تنهایی
میترسم تا آخر عمر مجرد بمونم
شما خانمای متاهل که میدونید زندگی مشترک جحوریه
نیاز به نصیحتتون دارم خیلی دارم اذیت میشم تو این رابطه اما میگم همین هست بازبهتر از تنهاییه",5,5.978028208881369,Very High
336525088,همسایه بالایی کفتر باز روزا خوابن شب اذیت میکنن ب غیر اون درآمد پایین محلمون بد نمیدونم چکا کنم,3,3.205977670135326,Moderate
thread_13758742_starter,"قهر دارین وبی مطمبنین که بعدش آشتیه مطمئنم همین همسرتون دوروز نباشه دق میکنید از تنهایی
از تنهایی دارم دیوونه میشم عذر میخوام ولی خود .. هم دارم ولی همه چی جنسی نیست خیلی نیاز دارم یکی منو ببینه بهم محبت کنه و نوازشم کنه
ابن خود از گفتم بدونید که این کارو هم انجام میدم ولی همش اون نیست خیلی داغونم دارم میترکم از تنهایی",6,6.148084566797479,Very High
404095273,"مادرشوهر پدرشوهرم بعضی وقتا انگار جنی میشن زبونشون از تیغ بدتر میبره
تیکه میندازن رو بر میگردونن
خیلی یهو ها.با شوهرم و بچم خونشون بودیم با خواهرشوهرم و خانوادش نشسته بودن شوهرمم بود
جا نبود گفتم کنار پدرشوهرم خالی بود اونجا بشینم
نشستن من همانا تیکه انداختن پدرشوهر همانا
بچم داشت شیر خشک میخورد هی تیکه که تو حق شیر نداری زبون بسته و فلان
کلا ببخشید کونشو کرد طرف من رو به بقیه صحبت منم به بهونه گوشیم پا شدم از اونجا جوری ک زنش بفهمه گفتم حرفاتون تمومی نداره متوجه شدم اونم داره تیکه میندازه مثل شوهرش
رفتم گوشه نشستم شوهرمم اومد کنارم
شوهرمم ی ذره رفت تو قیاقه باهاشون
با جاریم گرم گرفت ( معمولا هر وقت بخوان لج منو در بیارن اونو تحویل میگیرن)
شام هر چی منو صدا زدن نرفتم
دیشب گفتن بیاین اونجا رفتیم خونه مادرم
همیشه اینطور نیستن یهو جنی میشن
انصافا منم بد نیستم باهاشون همیشه کنارمون نیستن هر وقت باشن گاهی اوقات غذا میبرم براشون
ولی واقعا دلم شکست از رفتارشون تصمیم گرفتم سرد بشم باهاشون
اگه شوهرم بذاره",5,5.985949011235789,Very High
413947040,"حتما باید سایز صفر بخری عزیزم
بچه بدنیا میاد حتی ۴ کیلو هم باشه سایز صفر باید بپوشه
کاپشن نمیخریدی بهتر بود حالا هم مبارکش باشه 😍
ولی کلا لباس زیاد نخریدی نگران نباش",1,3.190590649814112,Low
thread_9803993_starter,سلام بچه های یه پیج هست پکیج زیبایی میده (رنگی شدن چشم ‌ بور شدن و سفید شدن ) میدونم الان پیش خودتون چی میگید ولی خواهشا اول کامل بخونید راجبش فکر کنید بعد جواب بدید پکیج زیبایی شامل تغذیه با میوه و سبزیجات و مدیتیشن هست درسته من میدونم که ژن تاثیرش از همه اینا بیشتره ولی خوب تغذیه و فکر هم تاثیر داره روی ژن این خانوم دخترش چشماش رنگی به نظر من امتحان کنید بد نیست,1,4.227643642905605,High
402914440,"اونا با زبون خودشون دارن فاصله رو درست میکنن دمشون گرم
تا میتونی پیش همسرت ناراحتیت و نشون بده بگو چون تو پدری من نباید طعم مادر شدن بچشم
بگو چرا باید اینقد راحت درباره قتل ی ادم حرف بزنن سقط بزرگترین گناهه چرا میخان بچم و بکشن تا نوه بزرگشون راحت باشه درنظرشون مگه تا حالا کم گذاشتم مگه کاری کردم
بگو اتفاقا بچه بیاد اون خاهر برادر دار میشه مجبتشون بهم بیشتر میشه",5,4.20446762665415,High
293514675,"عزیزم تلقین نکن ان شاالله که چیزی نیس اگر خیلی نگرانی یه دکتر برو از نگرانی دربیای
کلا تو بارداری استیک و گوشت نیم پز خورده نشه بهتره ولی نترس چیزی نیس",1,3.195617176344967,Low
326945194,امروز ظهرم داداشم مهمون بخدا کمر درد دارم عصر میخوام برم دکتر,2,3.207618927673856,Moderate
thread_16822296_starter,"من بعد رابطه قرص اورژانسی خوردم
و ۱ ماه گذشت پریود نشدم آز و بیبی چک زدم منفی بود
اما فجیع تخمدان هام درد میگیره سینه هامو کمرم درد میکنن اما پریود نشدم چه کاری انجام بدم؟",3,5.931414239474179,Very High
253590070,با توجه به اینکه هفته ۲۲ هستی من فکر میکنم همون ازمایش قند بارداریه که برا همه مینویسن تو هفته های ۲۲ تا ۲۴ دکترا که هیچی توضیح نمیدن واسه ادم ولی اگر اون باشه باید ناشتا بری برای ازمایش,1,4.212392020664538,High
313522236,تیروئید بالا فقط باعث وزن بالای جنین میشه فکر نکنم مشکلی پیش بیاد با دارو هم کنترل میشه بعد زایمان هم از بین میره,1,3.193950535249314,Low
319558046,ن من مادر نشدم ولی زن داییم رنگ کرد موهاشو برا دخترش هم مشکلی پیش نیومد,1,3.204061027281568,Moderate
thread_10463942_یارا_۷۰_1401/12/08 14:58,"چرا اسم مهاجرت میاد من اشکم درمیاد؟؟؟؟
دلم نمیخواد برم ، خدایا پناه می‌بریم به خودت از وطنمون دورمون نکن",3,3.196612235602516,Low
407360931,چه ربطی داره ؟😑😭,2,3.189439606539964,Low
thread_13864345_starter,"دورازجونش خدانکنه
بیماری خونی داشنه ۸سال جنگید براش تموم زاروزندگیشو خرج دوادرمانش کرد و اخرشم فوت شده
با یه دختربچه که پدربزرگش نمیتونه یانمیخواد یاهرچی متقبل نمیشه که قیمش بشهو خودتون قیم میشید
برمیگردین ساختمون پدرتون طبقه پایین
۱۲ سال اونجا ماندگارمیشید
باوجود زیبایی و جوانی و خواستگارای زیااااااد و یکی دودلیل دیگه ازدواجم نکنید
حالا اصل مطلبش الانه
دخترتون بزرگ شده ۱۸ سالشه باروحیه خیلی حساس خیلی شبیه پدرشه ازنظراخلاقی
سرحرفای کوچیک دلش میشکنه همیشه پروفه مشکی میذاره و حال دپی داره
حالا دیشب خواهرتون ازدهنش درمیاد میگه شما ندارین خونه بخرین ازکجا بیارین یکتون گرو دوتونه
ازین حرف خواهرزادتون دلش بشکنه و گریه کنه و اسمس طوووووماری بفرسته بگه من کی و کجا ازتون درخواستی داشتم ک بهم میگی ندار شماها بامن همیشه همینجورید دلمو شکستید
من کم ازشماها نخوردم اینم روش و ازین قبیل شکایت ها....دیگه تمومه روابطمونو قط میکنم دلمو شکستی
حستون به خواهرزادتون چیه باوجود دوست داشتم قبلی زیااااد",2,5.876991729539896,High
thread_16963527_starter,دوستان من میخام برم رشته عمران دانشگاه ازاد علوم انسانی خوندم ایا میتونم پاس کنم ریاضیش‌چقدسخته اینده کاریش واسم مهم نیس فقط مدکشومیخام بگیرم,2,4.223352394103131,High
thread_17218715_starter,"امروز روز سوم تأخیرم بود بتا دادم عددش 503 خوبه به نظرتون؟
نیاز به تکرار نیست؟",2,3.208718431684247,Moderate
374344414,رو اون هم میشینم دردش عذاب آوره کلا موندم چ غلطی کنم,5,3.204688738605718,Moderate
thread_17946495_starter,چندساله در مرکز ناباروری ابن سینا گیر افتادیم متاسفانه کادر پذیرش بعضا رفتار بسیار بدی دارند و تند و غیرمودبانه جواب میدهند اما چیزی که بیش از همه ناراحت کننده است بی دقتی و سهل انگاری بعضی پزشکان است.  مثل خانم داودی مقدم در زمان ویزیت بارداری،  بیمار مدام در حال شوخی با همکارانش است تمرکز ندارد ازمایش و کارهای تشخیصی را فراموش می کند انجام دهد.  سونو دست و پا شکسته و زیر بک دقیقه انجام میدهد که تشخیص درستی هم ارائه نمیده و مدام میگه بار بعد بیا... در حالیکه در همان زمان ها تشخیص صحیح سایر مراکز موجود است. فیلم برای اینستا می گیرد و حتی ازمایش های اولیه را فراموش می کند بنویسد.  این سهل انگاری بازی با جان مادر و رویان کوچک و امید خانواده هاست.  کسانی که وقت پول و جوانی خود را صرف کرده اند. مدیریت این مرکز بهتر است نظارت بیشتری داشته باشد.  بارها داروخانه داروها را نصفه دادا یا اصلا نداده! واقعا کسی پاسخگو نیست؟,5,6.099855694745202,Very High
thread_8209187_starter,"کلا ۲۵۰کیلومتر فاصله س..بعد ۳ماه اومدم باداداشم ب شوهرم مرخصی ندادن...
اصلا خوابم‌نمیبره ..بدون شوهرم حس بچه ی رو دارم ک بدون مادرش رفته جایی کلا بیقرارم... از خونمم با بغض اومدم😂😂شایدم از اثرات حاملگیه شمام‌همینجورین یا فقط منم",5,4.222578389515547,High
322408895,چه خوبی؟ پس چطوری بخونم؟ تو این دوماه ده کیلو اضافه شدم شدم ۸۱کیلو.  همین الان معدم داره میترکه.  تازه قبلش بهش میگم نیا سروقتم بذار یه ساعت بخونم.  یهو یکی از پشت شیشه میزنه پنجره میبینم شوهرمبرام بوس میفرسته سه دیقه بعد با سینی چای وشکلات اومده😐,5,3.199109714383667,Low
thread_16522195_starter,ازخونه بیرونم کرد گفت دیگه نمیخوامت آبتون توی جوب نمیره بامادرم به بدترین شکل ممکن باهام رفتارکرد وردم کرد شهرمون پدرمادرم اومدن ومن برگشتم بازبه همون خونه ای که پرازاسترس ونگرانی وجنگ اعصاب بود خونه ای که وقتی کسی ناراحتم میکرد برادرم باهام درگیرمیشد وپدرم میزدتوسروصورت خودش مادرم بدتراتیش بیارمعرکه میشد شب وروزم گریه بود هرشب پیام میدادم بهش میخوام برگردم ولی دیگه فایده ای نداشت میدونستم دارم میرم توچه جهنمی که خونه پدرمه.دوسال دادگاهم طول کشید شبی که قراربودبرم محضر تاصبح توخونه قدم زدم انگارفرداصبح میخواستن دارَم بزنن.فرداصبح تومحضر  بانگاهم التماسش میکردم ولی ازسنگ بود میدونست چقد دوسش دارم طلاق صادرشد وبرگشتم خونه نزدیکای ظهربود که تلفن زنگ خورد بله  خواسگار بود,8,5.96876942374729,Very High
363393275,"باز خوبه ماشینتونو نمیگیرن ازتون
ماشین ما ک برادشوهرم میبره بعد یه هفته میاره
فوقش ما هفته ای نیم ساعت بتونیم سوار شیم🤣🤣",2,3.200855052451516,Moderate
thread_16658719_starter,"خیلی وقت بود اصلا توی عمرم اینجور گریه نکرده بودم...
حالم خیلی بده
سه روزه زایمان کردم...امشب شوهرم براش کاری پیش اومد رفت...ساعتای شش و هفت صبح میاد...
مثل خر دلتنگشم اصلا نمیتونم اروم بگیرم...اصلا نمیفهمم چه مرگمه..
تازه چندوقت دیگه قراره پاشه بره کربلا
نه دلم میاد بهش بگم نرو نه بااین وضعیتی که از خودم میبینم میتونم تحمل کنم دوریشو...
حالم خیلی بده..
شایدم مال بهم ریختگی هورموناس هرچی که هست خوب نیستم اصلا نمیتونم بخوابم
همش تصور میکنم بلایی سرش اومده دور از جونش مرگشو تصور میکنم میشینم به گریه
دیوونه شدم",6,5.872711145286303,High
262540230,راست میگی عزیزم ولی من شبا خیلی دیر میخابم خیلی شبا تا صب گوشیش تو دستم بوده اندازه منم از گوشی سر در نمیاره و وقتیم میاد خونه بهز گوشیشو چک میکنم همیشه این اولین بار بود ک همچین چیزی دیدم,3,3.190410865173817,Low
thread_9652473_starter,"سلام
من اخرین پریودم ۱۶مهر بود و انتظار داشتم ۱۴ آبان پریود بشم نشدم
من دوشنبه ینی یه روز بعد موعدم بتا دادم۳۳۰ بود و ۴۸ ساعت بعد تکرار کردم شده بود ۷۹۴
دکتر گفت بازهم‌پایینه شنبه تکرارش کن باید ب حدود ۲۰۰۰ تا ۲۵۰۰ برسه
لک بینی ندارم اما امروز درد تو سمت چپ شکمم دارم،امروز یکم کارهای خونه انجام دادم اما زیرشکمم درد دارم
البته خودم حس میکنم بدنم نیاز بیشتری ب استراحت داره... همش خسته ام و خوابم میاد
قبلا ضعف و گرسنگی داشتم اما امروز اصلا
فقط حس خستگی دارم
ب نظرتون طبیعیه؟",3,6.124523702135775,Very High
405005979,خیلی با خانوادش رودربایستی داره من چرا خودمو بده کنم هیچی نگفتم ..گذاشتنم کنار وای به حال روزی که بخوام چیزی بگم,3,3.196243697990212,Low
thread_17737293_starter,نمیدونم جنین 6هفتم سقط شده یا نه به مدت 5روز کامل خونریزی و دفع لخته داشتم اما هنوزم نمیدونم که سقط شده یا نه اول خونریزی که رفتم چون سن بارداری کم بود ساک بارداری دیده نشد اینم گفت که شواهدی از بقایای بارداری وجود ندارد نمیدونم تکلیفم چیه کمرم از دیروزه دوباره دردهای مثل پریودی که بعدش فهمیدم باردارم داره,4,5.974793846005923,Very High
411890398,خوب چجور قانونی هست ، برای خانم ها ظرف میدادن هر جا میخواستی پر میکردی در این حد ، من برای ازدواج شوهرم یه دستشویی تو حیاط اونجا بود پر کرد داد تحویل جای نمونه من ، حتی یکسال پیش میخواستم عدم اعتیاد بگیرم برای جواز کسب شوهرم نمونه داد جای من، البته برای اقایون آدم هست داخل دستشویی، البته بقیه خانم ها میرفتند توالت خانم ها همونجا ، ولی هیچ کس چکشون نمیکرد که خودشون نمونه دادن یا کس دیگه، تو دستشویی یا بیرونش کسی نبود ، فقط میرفتی برگه عدم اعتیاد بگیری طبقه بالای دستشویی چک میکردن فرد خودش باشه ، دیگه چک نمیکردن ادامه ماجرا رو,1,4.208557181236756,High
319201384,"من فک نکنم سه هفتمم کامل شده باشه تازه شکم دارم
ولی دندونم واقعا درد میکنه یکیم نیست دوتا هستش😑",3,4.226578709640307,High
thread_13565923_starter,"ماشینمون زو بهتر کنیم حدود دویست تومن دارم به جز سرویس عروسی و حلقه ام
بنظرتون بفروشم ماشین بهتر بخریم ؟به نام خودم بشه سا حیفه؟",2,3.208136405977712,Moderate
410600400,"همه این کارها رو چندین بار کردم الان چند روزه داره اوضاع مثل قبل میشه خدا رو شکر.
من بنده خدایی مهربونم
تنهام نمیذاره
اما از دست اینها خیلی نارحتم",3,4.194166523182503,Moderate
387451444,بنظر خودم کشیدگی عضلاته ولی خیلی درد می‌کنه😭,4,4.195990076490489,Moderate
thread_10302862_starter,"سلام دچار مشکل شدم
یه چیزی همشتو خواب میاد هی حرف میزنه دیوونم کرده همشم یه حرفو تکرار میکنه سمت گوش راستم هی وز وز میکنه  با گریه بلند میشم کلی طول میکشه تا بفهمم کجا هستم یه بارم دیدمش باردارم هستم وسواسم کرده،میگن همزاد داری،کسی میتونه کمکم کنه",5,6.086008685379056,Very High
413938615,"ما که راضیی بودیم فقط باید هرروز مصرف کنی  روزی دوقاشق
تو اب حل میکردیم قبل نهار یبار و قبل شام
خواب اوره  میخوری میخوابی اتفاقا چاق میکنه همه متوجه میشن ۱ماه باید بخوری تاثیرشو ماه بعدش میبینی",1,3.203508573229556,Moderate
404410569,"نوبتی کردن که پدر مادر تنها نمونن شوهرم با اینکه وسط هفته بعد سرکار میره سر میزنه اما آخر هفته بلید از صبح تا غروب بره پیششون
اصلا زمین گیر یا نیازمند کمک نیستن فقط دلشون میگیره",1,4.198328901835339,Moderate
375863458,انشاالله،ممنون ازت که وقت گذاشتی تایپ کردی راهنمایی کردی، بهترینا نصیب قلب مهربونت🌷🌼,1,3.20372000450152,Moderate
413636591,"۷ سال پیش برای دخترم احتمال نداد
ولی دوستام بعضیاشون براشون احتمال داده بودن
برای این بارداریم هنوز سونو ندادم",1,3.187838812322298,Low
thread_15121481_starter,"باردارم نمی‌تونم پروتین ‌صافی  اینا بکنم
چکار کنم که موهام صاف لخت بشه
؟",1,3.192754147978576,Low
404055180,دکترم عوض کردم,1,3.198892682062969,Low
thread_18106739_starter,"به نظرتون بده ؟ من نمیتونم طرف وهمون اول ببرم کافه معمولا هم میرم پسند نمیکنم سخت پسند نیستم مثلا قدشون از من کوتاهتره من برام مهمه از خودم بلندتر باشه خودم ۱۶۵ هستم معمولی
الان کافه رفتن کلی هزینه میخواد من دلم نمیاد اونروز یکی گفت بریم بیرون چیزی بخوریم هم ببینیم همو گفتم نه بیا پارک همو ببینیم بعد خوشمون اومد بعدا میریم زشته به نظرتون ؟؟؟",2,4.22893490603019,High
thread_13038118_starter,"من۷ماه باردارم اصلا اصلا شرایط روحی خوبی ندارم پدرم‌و‌تازگی‌از دست دادم اصلا حوصله ندارم برم دانشگاه از طرفی تا باردارم بهتر‌واحد بگذرونم ک‌سال دیگ بابچه کوچک کمتر بشه برام ولی نه حوصله دانشگاه رفتن دارم هم اینکه واقعا اذیت میشم صندلی های دانشگاه سخته کمردرد میشم امروز ی کلاس و انقد هی  پاشدم راه رفتم که نتونستم بشینم بنظرتون اگه با استادا حرف بزنم از دکترم‌نامه استراحت بگیرم قبول‌میکنن کلاسارو‌نرم یانه هیچجوره نمییخوام مرخصی بگیرم
لعنت ب شرایطم اصلا حوصله هیچی حتی همین ک برم بااستادا حرف بزنممم ندارم😖😭 حس میکنم افسردگی‌گرفتم‌فقط دوست دارم دراز بکشم گریه کنم ولی بازم‌اروم‌نمیشم کل ۲۴ساعت۵ساعتم‌ نمییخواببم‌همش خستم ولی خوابم‌نمیبره تادیروقت همش فکرم مشغول‌همش دلتنگ بابامم😭",7,5.982837863703026,Very High
thread_13537479_starter,"ماه آخر بارداری ام
اونقدر درد دارم که حال هیچ کس و هیچ کاری و هیچ چیز و ندارم
همسرم اصلا و ابدا بهم توجهی نداره
قبلاً زیر دنده سمت چپم درد میکرد ک خوب شد
الان پهلوی چپم و زیر دنده راستم درد می‌کنه طوری که شبها نمیتونم بخوابم
نمیتونم زیلد بشینم
اینقدر به معده ام فشار وارد که حتی نمیتونم غذا بخورم یعنی همش حس میکنم سیرم
دستشویی ام برم اینقدر بهم فشار وارد
که دفع کامل ندارم
خسته شدم دیگه
چرا بچه آوردن اینقدر سخت
از طرفی نگران زایمانم با این همه درد سختی و رنج
حس میکنم جون زایمان کردن ندارم
خواب که برام آرزو شده نمیتونم درست حسابی بخابم
مدام درد دارم
دکتر رفتم بهم هیوسین و منیزیم ساشه ای
و شربت ملین داد
انگار نه انگار
دلم روحیه خوب میخاد دل داری میخاد همسرمم که رنگ پریده و پوست تیره دوران بارداریم و میبینم به جای درک بدتر ازم سرد شده 🥺",8,6.082621542747347,Very High
thread_16936006_starter,کلی نزر نیاز کردم حامله بشم و شدم رفتم دکتر گفت احتمالن دوقولو هستن خیلی استرس گرفتم که جنسیتشون چیه به یه خانمه زنگ زدم با قرآن کار می‌کنه بهم گفت جنسیشتون دختره جفتش خیلی ناراحت شدم دوس دارم هم پسر داشته باشم هم دختر ته دلم خالی شد دستام داره می‌لرزه تورخدا یه چی بگین آروم شم خدا منو ببخشه فقط بچه هام سالم باشن کافیه ولی کلی نزر کردم پسر دختر باشن این خانومه همیشه برا من راست میگه چیکار کنم نظر شما چیه,4,5.945513875395136,Very High
358663611,"اتفاقا وقت گرفتم شنبه برم پزشک زنان معاینه بشم
با یه دکتر هم مشورت کردم گفت آزمایش بتا رو یکبار دیگه تکرار کن دارن از ترس و استرس میمیرم خدا میدونه چقدر گریه کردم😔😔😔",6,6.130337278904335,Very High
thread_14406030_starter,"بعد همون مادرشوهر پرش کرده زن باردار 9 ماهه رو الان به گریه انداخته چی باید گفت؟؟؟
به شوهرم گفتم از مامانت نمیگذرم آنقدر که میگه قناعت قناعت تو آنقدر خسیس شدی
منه باردارم 3 ماهه خونم گوشت ندارم تا حالا پرسیدن کم و کسری داری؟ شوهرم میگه از من پرسیدن من میگم اره میخرم از قصابی 🙄
خانوادش فکر میکنن من با ده تا دست میخورم اونا موندن 😭
دارم میمیرم از غصه...
شوهرم آنقدر خسیس شده حد نداره پاهام ورم کرده کفش نمیخره سوتین و میبینه کوچیک شده مسخره میکنه میگه ننداز میگم خب بریم بخریم میگه با تو هم نمیشه حرف زد هی بخریم بخریم 😭",7,5.995961231754336,Very High
326489967,شاید حساس شدی اره شاید بی منظوره صمیمیتش با داداشش زیاد بوده الان حس میکنه فاصله افتاده دلش میخواد ی وقتایی دوباره حس صمیمیت قبل و داشته باشه واسه همین نگفته بیای نه اینکه با تو مشکل داشته باشه,1,4.223050133798552,High
335714089,ای‌وای خواهرم تو چ دل پری داشتی انشالله هم مشکل تو هم مشکل من حل میشه از این چیزا انقد دیدم که حرفایی که گفتی همشون اشنا بود برام خدا زلیل کنه کسایی که همش دخالت مبکنن تو زندگیمون و همیشه با سیاست میان جلو منم نمیدونستم که خانواده شوهرم انقد خسیسن وگرنه باهاشون وصلت نمیکردم فکر میکردم دیگه راحت میشم انگار فقط از خونه بابام فرار کردم تا ب این پناه بیارم فک میکردم خوشبخت میشم نمیدونستم اینجوری الانم با بچه دیکه هیچ کاری نمیشه کرد شدم اسیر تا آخر عمر باید بسوزیم بسازیم لعنت بهشون,6,4.197737237425827,Moderate
408846718,پسر ،همون سه هفته نشده بود که فهمیدم سینه هام هم درد میکرد هفته های اول,1,3.189373823332062,Low
thread_16741859_starter,"سلام وقت شما بخیر لطفا اگر تجربه ای دراین زمینه دارید بفرمایید خیلی نگرانم
من تنبلی تخمدان دارم و تاریخ پریودم دقیق نیست ماه قبل شیش تیر پریود شدم پنج مرداد ازمایش بارداری دادم بتام 160 بود دکترم شک کرد به پوچ یا خارج رحمی و خواست تکرار کنم 72 ساعت بعد ازمایش اول شد 297 و پنج روز بعد ازمایش دوم  شد 581 روندش خیلی کنده سونوواژینال دادم پنج هفته و چند روز که نکنه خارج رحمیه و نبود خداروشکر ساک جای مناسبی بود گفت دو هفته دیگه بیا جنین مشخص نیست فعلا
خودم حس میکنم پوچ باشه
به نظر شما احتمال سالم بودنش هست؟",5,5.979286369326019,Very High
262741341,وای منم شنبه میخوام برم سونو تشکیل قلب خیلی استرس دارم🥲,4,3.205438295262866,Moderate
394426954,همون سلفری کافیه بابا خداروشکر چیز خاصی هم نیست ریسکو زده یک به ۲۵۰ که برای شما یک به ۸۰۰ شده سلفری بده خیالت راحت میشهههه غربالگری دومم لازم نیست بدی استرس بکشی فقط یه دونه آلفا فیتو پروتئینو برو بده که هزینش ۳۰۰ ۴۰۰ میشه,1,4.222278704317432,High
407272704,"قطره شیر افزا میتونی از داروخانه بگیری، واینکه هرچی بچه کمتر شیر بخوره، شیر مادر زودتر خشک میشه،
درهرصورت با یه فوق تخصص کودک ماهر در ارتباط باش، تا بنیه بچه ت ضعیف نشه",1,3.203363060300035,Moderate
thread_16036280_starter,"سلام دوستان
من 5 روز پیش رابطه داشتم و از پشت بود الان میترسم حامله باشم
بعد اونوقت زیر شکمم درد میکنه و 10 روز دیگ موقع پربودیمه
تست دادم منفی شد ولی خب میترسم چون منی همون پشت ریخته شد از دکتری پرسیدم گفت احتمال نداره با این شرایط حامله شی ولی سر گیجه دارم و زیر شکمم درد میکنه
میخام قرص اورژانسی بخورم میگن اگ بخوری ممکنه خونریزی کنی ولی اون خونریزیه مال پریوده یا قرص؟
میترسم بخورم خونریزی کنه ولی پریود نشم مثبت شه
اولین بیبی چکی ک زدم بعد 26 ساعت یه هاله خاکستری خیلیییی کمرنگ افتاد ولی امروزی رو. گرفتم کامل یه خط بود ولی دکتر گف الان هر چی بگیری حساب نیست",4,5.899723086309223,High
338458980,"این مشکل خیلی خانواده ها هست منجمله مادر خودم بیچاره با هفتادسال سن وملی درد و بیماری باید مادر پیر غرغروشو نگه داره کسی هم نمیاد ببرش همه راحتیشونو می‌خوان
من گفتم براش خونه وپرستار جدا بگیریم هر بچه ای یه سهمی بذاره پولش جور بشه",3,4.202753005742125,High
374719687,"من سر دومی داشتم
جلوگیری هم میکردم ولی خب خواست خدا بود و الان تو شکممه
تقریبا یک روز قبل از موعد لکه میدیدم فکر میکردم پریود شدم ک بعدش قطع شد روز بعدش اومد دوباره قطع شد تا فزدا لکه های خیلی کم و نقطه نقطه ای بود بعدش کامل قطع شد و چیزی نیومد حدود 5 روز عقب انداختم بیبی زدم حاله کم رنگ افتاد  دو روز بعدش زدم پر رنگ شد آزمایش دادم مثبت بود",1,4.224790355232926,High
412740168,"اگه الان با این وضعیت بخوای جدا شی هرجا بشینه میگه دیدین میدونستم میخواد طلاق بگیره خداروشکر زرنگی کردم همه چیو زدم به اسم بقیه
متاسفانه هیچ راهی نداری باید با سیاست جلو بری اونم اگه جواب بده روش",3,4.221372168945699,High
393202611,استارتر منم این روزا را کشیدم دوتا داشتم نا خواسته باردار شدم حال مرگ داشتم غریب بودم بچه ها کوچیکه هیچ کدوم مدرسه هم نمیرفتن.قندوتیرویید داشتم.تا چندین ماه باهاش کنار نیومدم الان چهار سالشه اونقدر عزیزه که قابل گفتن نیست مرتب خودم شوهرم بابتش خداراشکر میکنیم,3,4.192418087004626,Moderate
413310666,"کانالای پر و کس ی چیزی نزاشتن که وصل باشه ؟
من تمام کارم بند تلگرامه 😭",1,3.195187861470913,Low
401541697,چقدر سوال خوب و بجایی. کی حرف از تربیت زد  خب غریزه جنسی یه واقعیته که اگه از روی عقل و از روی حفظ آبرو و شرافت ازدواج کنی قطعا فقط برای همین مسأله اس. من هیچ کمبودی جز نیاز جنسی نداشتم و ازدواج کردم. از لحاظ مالی و‌خانوادکی از همسرم بهتر بودم به امید داشتن یه زندگی سالم و زناشویی کافی. متاسفانه همسرم سرد مزاج بود و من گرم مزاج.  من ۲۶سالم بود و حق خودمو نمی‌دونستم متاسفانه همش سرکوب میشدم و بلد نبودم نیازمو مطالبه کنم. همسرم مرتب شونه خالی میکرد  دعوا هامون شروع شد و بارها بخاطر همین موضوع دعوا کردیم من میگفتن تو مشکل داری اون می‌گفت من سالمم. خلاصه اینکه بعد از زایمان به شدت منم سرد شدم. قضیه برعکس شد. همسرم شروع به اعتراض کرد منم با پوست کلفت روبروش می ایستادم و میگفتم حقته. کلا بهت بگم ما ازدواج میکنیم ولی قبل از ازدواج از همه چیز حرف می‌زنیم جز اصل کاری. شما خجالت نکش و حتما این موضوع همون اول مطرح کن. به نظرم هیچ اشکالی نداره,3,4.191678998538919,Moderate
325158821,وای من فکر کردم که قراره نه ماه غذا بهت بده.حق میدم بهت و کاملا درک میکنم.دو هفته واقعا چیزی نیست.اسمون به زمین نمیومد.به خدا اگه همسایه ما بودی هر روز بیشتر غذا درست میکردم به توام میدادم.اشکال نداره ناراحت نباش دیگه کاری نمیتونی بکنی,1,4.200083738089234,High
thread_13158430_starter,"من ۶ هفته بچه ام سقط شد
فردا میرم دکتر ببینم چی میگه اولش خیلی خونریزی داشتماما الان قطع شده۶ اسفند سقط شد۳۶ سالمه و بعد ۸.۹ ماه اقدام باردار شده بودم",3,5.908938602058697,Very High
thread_17666523_starter,سلام دوستان من شوهرم دوماهه پیشم نیست قبل از اون تو اقدام بودم ماه اول که شوهرم رفت من هفت روز عقب انداختم است هام هاله میانداخت وبتام 12/5بود سه روز بعد از بتام پریود شدم و دوباره که آز دادم بنام 2/5بود و دکتر گفت حامله نیستی الان این ماه بیست روز عقب انداختم و سونو گرفتم روز 14تاخیر نه بچه بود نه کیست و هیچ مشکلی نبود بی بی چک زدم روز ششم منفی بود هنوزم پریود نشدم الان فقط یکی دوروزه پهلوی راستم یه درد کوچولو داره دیگه هیچ دردی ندارم میشه راهنمایی کنین چیکار کنم یه ساله اقدامم,4,6.082411781186238,Very High
385382931,آخه دکتر خودم تهرانه من جنوبم بیمارستان تهران که آی وی اف کردم زنگ زوم  گفتن داروهات قطع کن داروهام هم مختص سقط مکرر هست مشکل انعقادی و ایمنی داشتم اما رفتم بیمارستان جنوب یه دکتر زنگ زدن و گفت فقط پروژسترون ادامه بده فعلا نمیتونیم بگیم خارج رحمی هست یا نیست چون با این تیتر چیزی مشخص نمیشه حالا موندم منی که داروهام برا مشکل انعقادی و ایمنی مهمه قطع شده و این دکتر جنوب که بیمارستان بهش زنگ زد گفت فقط همون شیاف بزنه اونارو نمیدونم باز ب تعطیلات خوردم نمیتونم زنگ بزنم بیمارستان تهران که آی وی اف کردم 🥲🥲🥲🥲,5,6.041151465222356,Very High
382780811,"می‌تونست خصوصی ازت بپرسم
ممکنه مخالفتشان رو می‌خوان عنوان کنند
به هر حال خودت بهتر میتونی این حس رو از خودشون بگیری که چه منظوری داشته
ممکن هم است عذرخواهی میکنم آدم نفهمی باشه که نسنجیده صحبت کردن عادتش باشه
اگر داماد شرایط خوبی داره میتونی بیشتر تامل کنی",1,3.190507338607404,Low
310547458,"۱۴۰۱ دوازده تومن بود
البته با دکتر هماهنگ میشی اون دو تومن میگیره برات مینویسه سزارین هزینه بیمارستان ده تومن بود",1,3.201105989056941,Moderate
355964555,شب اول قبر نکیر ومنکر میان .برای کسی که باخدا بوده آسونه و برای کسی که گناهکار بوده سخت,1,3.202599984542758,Moderate
287876131,ن عادیه شکم داره جا باز میکنه نگران نباش,1,3.189667924792957,Low
thread_17541071_starter,"سلام خانوما امروز آزمایش خون دادیم 4 هفته بود دکتر گفت با توجه به عدد بتا جنسیت بچه 80 درصد دختره
عدد بتا رو خودم فعلا ندیدم چون تلفنی جواب رو گفت
کسی از شما بوده که با آزمایش خون و حدس عدد بتا و ... جنسیت همونی که گفتن باشه؟",1,5.96038178584422,Very High
411046837,"وای مرسیی بخدا هزاران هزار بوس بهت از همینجا
تو مصر باستان تعیین جنسیت نوزاد از روی ادرار مادرش انجام میشده ، یکم گندم و یکم جو جداگونه میکاشتن و ادرار خانوم باردار رو روی بذر ها میریختن و صبر میکردن ببینن کدوم زودتر جوونه میزنه
اگه گندم زودتر سبز میشده بچه دختر بوده
اگه جو زودتر سبز میشده پسر بوده",1,4.199329646366095,Moderate
thread_8858733_starter,من تازه هفته هشتم بارداریم ولی بدجور ترس اومده تو بدنم ینی با یه صدای کوچیک یهو دلم میریزه یارزیر دلم تیر میکشه. نمیدونم باید چیکار کنم بعد که میترسمم خون  ابه میاد ازم یکم. کسی بوده لینجوری بوده چی خربه برام  خیلی داغوم,5,5.874986063470715,High
thread_14718368_starter,"سلام دوستان من به حساب پریود شش هفته و پنج روزم بود رقتم سونو بهم گفت ساک و کیسه زرده هست اما جننین نیست سن حاملگی ام پنج هفته و شش روژ گفت .گفت ده روز دیگ بیا سونو کنترلی ‌من هشت هفته شدم روژ نهم رقتم سونو .گفت چیزی ک من میبینم شش هفته و دوروزه قلبم نداره .از نظر من تموم شدش ‌بعد گفت دقیقا ده روز شد اومدی منم گفتم امروژ روژ نهمه گفت باید ده روژ میومدی .ولی وو برگه نوشته miss abortion
نظرتون چیه به نظرتون امیدی هست .
علائم خاصی هم ندارم .لکه بینی هم ندارم اینم یگم من ۲۶ ام مثلا باید پریود میشذم .لقاحم بین ۱۵ تا ۲۰ اتفاق افتاده",4,6.142992324377246,Very High
thread_14488234_starter,"خانومایی که تازه باردارن من شش هفتمه
شکمم خیلی درد میکنه انگار که پری میخواد بیاد اونطور درد میکنه و راه که میرم خیلی ترشح میاد
کمرم درد میکنه
همه حالتهای پریودی رو دارم نگرانم یعنی سقط میشه",4,6.03960602603911,Very High
392283087,"اره دختر عمه شو میخان
ولی بهونه الکی در میارن
اینکه محجبه نیستم
و پزشکی رو میگن خوب نی😐(بهونه الکی)",3,3.192341070971452,Low
386392534,نه از لباس بچه بدم میاد مامانم گفت چندتا لباس براش گرفتم نگاه کن تهوع گرفتم 🥲,2,3.191304396219493,Low
thread_17533093_starter,کسی با این شرابط بوده که بچه اش به دنیا اومده باشه و مشکلی نداشته باشه؟,1,3.19879735984432,Low
thread_15186766_starter,"سلام من امروز قرص مصرف کردم خونریزی شدید شروع شد تقریبا زیاد بود
بعد یه چند تا تیکه اندازه ناخن لخته اومد
یه تیکه زرد رنگ ژله ای هم اومد
دسشویی که نشستم این ازم اومد بیرون اومدن برش دارم که جدا شد از هم
هر کی بدش میاد نیاد تورو خدا",4,5.967480365817927,Very High
255921942,"منم شرایط شمارو داشتم با یه بچه کوچیک که هنوز ۲ سالش نشده بود
ولی ۶ هفته سقط شد میدونم گناهه ولی خیلی خوشحال شدم قربون خدا برم",2,3.188924418320312,Low
264122188,من واقعیت دکتر گفت تا سه ماه نداشته باش و ب همسرم نگفتم الآنم چارماهمه و رابطه داریم .اگر نگرانی پوزیشن هایی انتخاب کن ک عمیق نباشه و اینکه روش جلوگیری داشته باشین یا ک.ا.ندوم یا طبیعی میگن منی باعث میشه دهانه رحم باز بشه کسی ک میخاد طبیعی زایمان کنه میگن جلوگیری نکنه ک راحت بشه زایمانش البته ماه اخر,1,3.191096826958073,Low
thread_8062253_starter,"کسی بوده ک پاپ اسمیرش مشکوک بوده باشه وتستhpvمنفی؟
خاهشاکسایی ک نمیدونن جوابای بی ربط ندن",2,3.208569252768484,Moderate
thread_6092049_nazli_jooon_1399/12/25 23:20,"عزیزدلم از ابراز علاقه نترس
حتی اینکه آدم رو رد کنه از بلاتکلیفی بهتره
( عاشقم گر نیستی ، لطفی بکن نفرت بورز بی تفاوت بودنت هر لحظه آبم میکند )
.......
من پسر همسایه مونو دوست داشتم که بابا هامون دوست بودن و خودشم از من ۷ سال بزرگتر هر لحظه ممکن بود بره بهشون بگه ،
اما تو ۱۸ سالگی ی دفتر برداشتم چند صحفه متن و نقاشی عاشقانه کشیدم
ی صحفه هم حرفامو زدم و گفتم من دوستدارم و مطمعنم اگه باهات باشم خوشبخت ترین خواهی شد چون کسی اندازه من دوست نداره
و همین باعث اشنایمون شد
چندماه اول دوسم نداشت حتی یکی دوبار بهم خیانت کرد
اما کم کم وابسته شد و عاشقم
و الان دقیقا ۲ سال و ۱ ماه و ۱۵ روزه که ازدواج کردیم
البته ۱ سال و ۸ ماه و ۹ روز هم دوست بودیم
سوالی داشتی در خدمتم",1,4.227577438291974,High
309505551,"جنگجوی درون
علاوه بر اینکه انگیزشیه شدید خیلیم آموزندس
من فیلم های انگیزشیو یکبار فقط میبینم ولی اینو خیییلی دیدم چون هربار که میبینم یه چیز جدیدی ازش یاد میگیرم
خیلی کمکت میکنه رو ذهنت کار کنی",1,3.208642430852706,Moderate
thread_17964171_starter,آیا طبیعی قبلا اینطوری نبودم دو سه ماهی هست اینطوری شدم نظرتون چیه,2,3.188842339005077,Low
335950553,"ازمایش امینوسنتز جنین رو از لحاظ ژنتیکی بررسی میکنه باگرفتن مایع امینوتیک از شکم مادر، من این ازمایش رو انجام دادم و مشخص شد که کروموزوم ۲۱ رو یکی بیشتر از حد نرمال داره، به عبارتی بچه بچای ۴۶ کروموزوم ۴۷ کروموزوم داره
البته هم دکتر پریتانولوژیست و هم دکتر ژنتیک ازمایشگاه که پیششون مشاوره شدیمگفتن دلیلش فقط و ففط تقسیم سلولی میتوز اشتباه هست و هیچگونه مشکل ژنتیکی ندارید
فقط اگر بارداری بعدیت امینوسنتز شدی و باز هم سندروم دان‌بود اونوقت مطمینا یا خودت یا همسرت نقص کروموزومی دارید! که اینم احتمالش بسیار کمه و شاید کمتر از ۵درصد!
البته احتمال سندروم دان هم ۱ در ۱۰۰۰ بود😭😭😭",2,6.070442573894979,Very High
288153945,یه ذره این مردا سواد داشتن و اطلاعاتشون رو در مورد این مسائل بالا میبردن این مشکلات پیش نمی اومد خیلی ببخشید ابن مردا از زندگی مشترک و زن فقط بغل خوابی رو آموزش دیدن؟! عزیزم خودت رو سرزنش نکن این حالی که داری کاملا طبیعیه بخاطر شرایطی که توش هستی اونه که باید درک کنه بشین باهاش درموردش حرف بزن نه با گریه نه با دعوا خیلی منطقی و محکم,1,4.201653035461277,High
413228226,"اینجوری نیست که همیشه باشه که.چند وقت یبار عود میکنه.چندروز هست بعد دوباره خوب میشه.ممکنه توی بعضیا چندسال یبار.یا حتی اصلا عود نکنه.ولی هردفعه که عود میکنه از دفعه ی قبل ضعیف تر میشه.ولی همیشه توی بدن هست و قابل انتقاله
تعداد عود کردنش بستگی به سیستم ایمنی بدن داره",1,3.207852737465601,Moderate
thread_16607522_starter,کاربری دیگمو میگم .اون شروع کرد و اون هم توهین کرد و من جواب دادم حالا چنان خودشو به قربت بازی زد اومدن منو تعلیق کردن😐😐😐😐,4,4.205349212847068,High
thread_13408817_starter,شاید از دعاهای شما این لجن بمیره خسته شدم,5,3.189273618940206,Low
thread_15684453_starter,امروز رفتم سونو واژینال طبق پریودی ۸هفته هستم اما سونو گفت ۶هفتم قلب تشکیل نشده و هفته آینده تکرار کن آخه چرا من دوبار سقط داشتم بخاطر تشکیل نشدن قلب چرا بار سوم دوباره تشکیل نشد😭,4,5.98357425093991,Very High
407524921,"عکسشو گذاشتم گفته منتشر بشه ....صبر کن تا بیاد
از این خوشگلتر شده بود یه کم بد افتاده 😅
فووووووووووق العاده شده بود ، فقط خب شکر خیلی کم زدم با این وجود قندم ناشتا امروز کمی بالا رفته بود ....خود آلو ممنوعه برای دیابت دیگ یه قاشق سر خالی شکر زدم تازه نه پُر
حتما حتما بذار نرم بشه آلو هات ، در حد له بشه ، کامل هم بذار جای بیفته ، شیرین هم کن ، یه ذره هم سیب پوره کن داخلش
با گوشت چرخی هم بذار
مطمعنم خوشت میاد
هنوز دوست دارم بخورم 😭",2,4.200315268066333,High
thread_16668624_starter,"سلام دوستان لطفا هرکی میتونه کمکم کنه
من بعد تأخیر پریودیم تست زدم مثبت شد آز خون دادم که نشون داد باردارم
ده روز پیش افتادم به لکه بینی ولی درد نداشتم رفتم پیش یه دکتری گفت که خانم سقط کردی
اما شک کردم که سقط بدون درد هم مگه ممکنه
رفتم پیش یه دکتر دیگه سنو شکمی و واژینال انجام داد گفت که ۴ هفته و ۲ روزه بارداری دکترم برام شبی یه شیاف پروژسترون از واژینال داده الانم سه چهار روزه که لکه بینی تبدیل شده به خون ریزی شبیه پریودی
خیلی نگرانم نمیدونم عادیه یا نه
و اینکه آزمایش تیتر بتام واسه ۴ هفته شده ۸۳۰ آیا این عدد برای این سن خوبه یا نه",4,6.123661567380168,Very High
349440063,من خیلی تلاش کردم بخدا.از اول بارداریم بهش گفتم.گفتم تو فکر منو نکن من نمیذارم تو اذیت بشی از لحاظ جنسی،مراقب خودمم هستم اتفاقی نمیفته.خودش ازم فاصله میگیره تقصیر من چیه,4,3.191749781862654,Low
378887535,عزیزم تا خوب نشدی باردار نشو منم این حملات داشتم موقتی خوب شدم باردار شدم الان بچه امو داغون کردم از استرس خواهش میکنم تحت نظر روانشاس و روانپزشک باش و اطلاعاتت و از بارداری به اندازه نرمال ببر بالا بعد باردار شو تا مثل من اذیت نشی من همین امروز کلی زار زدم سر یک چیزی که استرس داشتم,6,4.216900866073047,High
334254329,خوب کاری کردی دیوار و پاک کردی. اصلا کاری به رفتار شوهرت نداشته باش، برای خودت ارزش قائل باش به تن و نفس خودت خیانت نکن. به بچت خیانت نکن. شخصیت خودتو عوض نکن هیچوقت به خاطر محبت نکردن شوهرت. موفق باشی عزیزم 🌱🌱,1,3.204450757721133,Moderate
thread_17353407_starter,من ۲۴ شهریور آخرین پریودم بود شنبه رفتم سونو گفت سن ساک ۷ هفته و ۴ روز سن جنین ۶ هفته و یک روز ضربان قلب ۷۴ . دکتر سونو گفت هفته دیگه بیا دوباره سونو بده شاید جنین هنوز کوچیکه دکتر خودم که رفتم گفت خیلی ضربان قلبش پایین بهم شیاف و قرص داد گفت برو ده روز دیگه بیا گفتم یعنی سقط میشه گفت نه ما هنوز بهش امید داریم ولی خیلی بهش دل نبند . حالا هی به خودم دلداری می دم همین که قلب داشته خوبه کوچولو بوده هنوز ولی خیلی استرس دارم . دق میکنم تا یه هفته دیگه . چربی شکمیم زیاده یعتی تاثیر داره تو شنیدن تو صدای جنین . کسی تجربه نداره تو خودش ید اطرافیان,5,5.989310472694342,Very High
thread_12564933_کبوترصلح_1402/09/15 05:12,"میتونی پرستار شبانه روزی سالمند شی یه مدت
سخته ولی برای شروع چاره ای نیست اگر جایی نداری",2,3.204160132787365,Moderate
409972701,"خود کمخونی با ارثی فرق داره
من خودم مینورم ینی ارثی
آزمایش ازدواج دادیم شکر خدا همسرم مشکل نداشت
فعلا عروسی نکردیم بچه بیاد",1,3.192419686645735,Low
thread_18118732_starter,میمیرم براش اینقدرررر ماهه😭😭😭🥲🥲 بادم براش در میره نفسم به جونش بستس🥲🥲😭😭😭,1,4.208478939288206,High
thread_15832348_starter,"دوستان 5 هفته و 2روزم
احساس خیسی بهم دست میده هی فکر میکنم ترشح یا خدایی نکرده لکه ای چیزی میاد اما دستمال میکشم خشکه
و اینکه چند روز اسهال گرفتم و دل پیچه
طبیعی هستن اینا؟
علائم خاصی دیگه ندارم گاهی سینه هام سنگین و سفت میشه گاهی شل",3,5.958638098964002,Very High
407783381,عزیزم اتفاق بد تکرار نمیشه .....انشالله که فردا میری و همه چی عالیه بیا اینجا به منم بگو .....منم بی بی میزنم با فاصله یک ساعت هاله میندازه دو روز به پریود مه برام دعا کن,2,3.201372002098651,Moderate
413548803,"اولی قلبش تشکیل شد اما توی هشت هفته گی افتادم لکه بینی خونریری سقط شد دومی که با آی وی اف شدم اصلا قلب نداشت ..
الانم با آی وی اف باردارم ..هنوز سونوی قلب نرفتم",3,4.219200474615718,High
413948122,فاصله هم میگیرم میگه تو چرا با ما صمیمی نیستی ما تو رو مث دختر خودمون دوست داریم ولی تو کم رفت و امد میکنی😑,3,3.197186682482425,Low
406236529,من خیلی معده درد شدید میشم,3,3.199099909128563,Low
402118160,میدونم سخته خودمم دلم نمیخاد ولی من الان باید داروهای قوی بخورم بخاطر بارداریم نمیتونم ن عکس بگیرم ن داروهای قوی تر بخورم.,3,3.189471518871869,Low
413991219,"پارتنر کسیه که برای زندگی انتخابش میکنی و باهاش حس عشق و دوست داشته شدن رو تجربه میکنی و برای ایندتون برنامه ریزی میکنی و تلاش میکنی
خواستگار کسیه که تورو مثل یه میوه جدا کرده پسندیده و قراره برای به دست اوردنت پول خرج کنه",1,3.190959595463937,Low
thread_16092036_starter,من ۵ هفته ام ۶ روزه لک میبینم دیشب یه لخته اندازه نخود دفع کردم از بعد اون ترشح خونی چسبناک دارم یعنی ممکنه سقط کنم؟ به دکترمم زنگ زدم گفت شیاف هر ۱۲ ساعت بردار اگه تا دو روز خوب نشدی برو بیمارستان تروخدا اگه کسی مثل من شده بگه الان نمی‌دونم سقط کردم یا نه بلاتکلیفم,5,6.063031265424797,Very High
253590597,"خداروشکر
نی نیت چیه عزیزم چرا تکون نمیخوره تو هفته ۲۲ باید تا حدودی حسش میکردی من هفته ۲۱ قشنگ حرکاتشو حس میکنم از ۱۸ هفتگی",1,3.199220893845904,Low
402465728,"من وقتی بیبی چک گذاشتم یک هفته تاخیر داشتم
با تاریخ پریود  میشدم ۶ هفته و دکترم گفت ۲ هفته دیگ برو سونو قلب. ۸ هفته با تاریخ پریود ک رفتم تااااازه گفت جنین ۶ هفته است
یعنی دو هفته پیشش طبق تاریخ لقاح من چهار هفته بودم😂😂😂🤌🤌",1,4.214994367384669,High
364481657,واقعا چقدرتاپیکهای این شکلی زیاد شده حقشونه باردار باشن  وقتی میرن شلوارشون رو پیش پسر غریبه پایین میکشن تا درس عبرت برای بقیه شه,2,3.203140383448044,Moderate
413218743,"بحث پختگی و اقتضای سنه دیگه
طرف تو ۱۷,۱۸سالگی هیجاناتش زیاده چون باید بره دنبال تجربه کردن و یاد گرفتن بیشتر و از طرفی هم چون بلوغ کمتری داره واسه همه چیز واکنش شدید تری نشون میده
ولی خب ادم سنش که بالاتر میره ارام تر میشه و منطقی تر دیگه واسه همه چیز واکنش شدیدی نشون نمیده
اما اینو با افسردگی اشتباه میگیرن
در حالی که افسردگی کاملا فرق داره",1,4.198592502909378,Moderate
347156672,الان هر دو روز میرم آز میدم دستام همه کبوده سونو اینام که نگو هر هفته یا دوهفته میرم,4,3.203224491517176,Moderate
405716550,همه اینجا میدونن من خانمم ثابت شده هم هستم شما نگران جنسیت من نباش اسمم ه همینه تغییر هم نمیکنه اگه مشکل داری به مدیر سایت شکایت کن 😂,2,3.199240834846933,Low
402204178,"من کیست ۶  سانت داشتم متوجه نبودم
ولی خیلیم چاق نشدم
قدم ۱۶۷ مثلا وزنم همون ۶۰ ۶۲ شد نهایت",1,3.187484905705787,Low
thread_17238423_starter,"بچه ها من شوهرم عاشق دختر بود خیلییی دوس داشت دختر باشه بچمون و تعیین جنسیت شد و بچم پسر شد
خودش خیلی خوشحال شد ولی مامانش اینا همش میگن کاش دخترشده بوده
شما بودین چی میگفتین خیلللی ناراحت میشم 😥",3,5.94145757059232,Very High
thread_14412953_starter,"دوستان حساب قبلیم معلق شد بخاطر تاپیکیه زدم و بسته شد
میشه اینجا راهنماییم کنید لطفا
دوستان من هفت ماه پیش یه رابطه داشتم و خودم ترس از بارداری دارم رابطه از مقعد و محافظتی نبود و آقا حین رابطه چندبار به واژن برخورد داشت ولی دخول واژنی نبود
تو این هفت ماه من پریود شدم شیش روز کامل ولی سیکلم از اون مدت تغییر کرده همیشه سر 28 روز پریود میشدم الان شده 26 28 30 روزه و الان یک هفته سر معدم درد میکنه و حالت تهوع ببخشید وباد گلو هم دارم احتمال داره باردار باشم بارداری پنهان ؟
لاغر هم هستم کلا 41 کیلو و تغییر وزنی نداشتم تو این مدت میشه راهنمایی کنید خیلی ترسیدم",4,6.019117422292766,Very High
thread_17989073_starter,"بنظرتون ممکنه بدتر ریزش کنه موهام
موهام خشکه و یه کم وز خواستم پروتئین کنم از ریزش مو میترسم.قبلا کراتین کردم داغونم کرد دیگه گنجایش ندارم باز ببینم موهام میریزه",2,4.228783955968538,High
404055089,دکترم عوض کردم,1,3.204918879287824,Moderate
413972004,منم همین حسو دارم ۲۱ سالمم هست متاسفانه نه میشه خونه گرفت نه ازدواج کرد باید باهاشون تا ابد بسازیم,4,3.189246913272654,Low
thread_16141064_starter,"چندروز‌رژیم‌بثدین
جیا خذف بود براتون
چندکیلو‌وزن‌کم‌کردین
فست چندساعته بودین چندروز در هفته
بنظرتون‌اثر‌داشته",1,3.206940256415692,Moderate
355019945,"سلام من ۹ هفته ام
اصلا تهوع مداوم و تنفر غذایی ندارم
فقط با بوی سیر و پیاز و یسری غذاها اوق میزنم
هیچ علائم اذیت کننده ای ندارم
جز اینکه بی اعصاب و بی حوصله ام
همه میگن خوش بحالت راحتی
ولی دیگه واقعا نگران میشم وقتی میبینم شماها اینقدر سختتونه
پس چرا من اینجوری نیستم😐😐😐",2,4.224637537217859,High
thread_15296607_starter,"من‌ادم‌بشدت زیاد مقیدی بودم نماز اول‌وقتم ترک‌نمیشد وقتی پذرم‌فوت شد یجوری از خدا دلخور شدم قهر کردم دیگ‌نماز نخوندم بابام‌اومد خوابم بهم کفت نمازت بخون خیلییی مهمه اولین چیز اخرین چیز‌مهمترین چیز اینجا نماز فقط نمازمهمه بیدار ک شدم دقیقا داشتن اذان ظهر میگفتن همون لحظه نماز‌خوندم تا چندوقت نمازم میخوندم بعد یمدت باز نخوندم دیگ انکار نخوندنش برام عادت شد قبحش ریخته بود
هی یدوره میخوندم ی دوره نه چندروز تصمیم‌گرفتم‌حتما بخونم ک ی مشکلی پیش اومد نشد دوباره امروز که خوندم قسم خوردم دیک ترک‌نکنم الان پریود شدم اعصابم خورد شد پلم میخواست حداقل ی هفته بخونم ک دوباره عادت بشه برام😭😭",4,6.002913970143709,Very High
325706321,خیلی دلتنگشم وقتی فکر میکنم پارسال چ ذوقی داشتم کیک درست کردیم رفتیم پیشش😭😭😭,1,3.207971187948715,Moderate
thread_11242037_starter,میگن اب پز کنی ۲ دقیقه خواصش میره خام‌خواص داره,1,3.19964596266982,Low
thread_16169469_starter,"سلام خانوما کسی بوده با وجود تزریق سرم ivig و امپول انوکساپارین.قرص پردنیزولون و کپسول ساندیمون و...بازم جنینش سقط شده باشه؟
با وجود مصرف همه اینا بازم جنینم درست سره هفته ۱۰ ایست قلبی کرده دیگه نمیدونم چه خاکی بسر کنم😭
رحمم یکم دوشاخه ممکنه از اون باشه؟واقعا نمیدونم دیگه چخاکی بسرم بریزم درمونده شدم توروخدا اگه میدونید راهنماییم کنید😭😭😭",6,6.130746898732923,Very High
362760153,گناه داره وقتی پشیمون شده بابات هم زیاده روی کرده بنظرم ارتباط با خانوادت کم کن,1,3.196414617043047,Low
thread_13478193_starter,خواب بودم داشتم خواب بد میدیدم بعد ی هو صدای شوهرم اومد ک داره صدام میزنه کامل توی گوشم صدام زد با مهربونی چشم باز کردم دیدم کسی نیس شوهرمم رفته سرکار،چنان قلبم داره میکوبه حس میکنم الان کنده میشه،قبلا هم بوده با صدای شوهرم اسممو صدا زدن این چیه ک تو گوشم حرف میزنه,3,6.071471044514055,Very High
376618423,سابقع خیانت داشته بعد میگی گفته عاشقتم؟چقد خودتونو میارین پایین قیدشو بزنن بابا,2,3.195227014270131,Low
348090282,ظرفارو هم همیشه باید میشستم حتی یه سری مهمون داشتن یه عالمه ظرف بود منم زیاد وایمیستادم کف پاهام درد میگرفت چون خیلی اضافه وزن پیدا کرده بودم تو حاملگیم بعد قابلمه بزرگ کردن ظرفارو گذاشتن زمین که من بشینم بشورم دو هفته بعدش زاییدم در این حد،،بعد دختر خودش که حامله بود موقع مهمونی یه گوشه دراز میکشید,5,4.22580330586834,High
387953509,"منم لگن درد بدی دارم قسمت چپ
انگار اتیش میگیره توش مخصوصا موقع نشستن بلند شدن",3,3.208484931252315,Moderate
315642970,اگه کمتر بخوری چن کیلو لاغر میشی؟؟۶۴ کیلوااامممم. میخاممم۵۶بشممممم☹️😭😭😭,4,3.205856428692641,Moderate
thread_7136669_mamy_reyhan72_1400/06/05 20:39,عزیزم نرو، اختیار زندگیت بذار دست خودت باشه تو دیگه مادر شدی باید محکم باشی، نذار برات تصمیم بگیرن. حتی نذار تو بچه داریت دخالت کنن، منم اوایل بچه م دنیا اومده بود تجربه نداشتم خیلی اذیتم کردن، این بچم بدنیا بیاد اگه دوباره حرفا و دخالتا ادامه داشته باشه دیگه رنگ منو بچمو نمیبینن,2,4.203637041224283,High
thread_15470452_starter,قرص تاوانکس ۵۰۰..برای چی مصرف کردید؟,1,3.203002410882618,Moderate
381577330,منم سر بارداری اول تا آخر ماه ششم ویار داشتم وزن کم می‌کردم و هیچی نمی‌خوردم وزن بچه هم خیلی کم بود ولی سه ماه آخر که بهتر شدم و خوردم زود وزن گرفت و با ۳۸۰۰ گرم دنیا اومد نگران نباش خوراکت خوب بشه وزن اضافه می‌کنه,1,4.225234973997431,High
285475006,یعنی زایمان طبیعی نکردی؟ با وزن کم کردن گ.... نمیشه اگر خیلی عضلاتت شله برو باشگاه ورزش کگل هم شنیدم خوبه جراحی لازم نداری حساس شدی,1,3.193851858046401,Low
379865792,"نمیدونم
هر وقت مخالفت کنم با حرفش  جواب فوشاش نمیدم و زورش میاد این طور با روانم بازی میکنه",4,3.208204563867184,Moderate
thread_10368237_wetdh_1401/11/26 17:05,"وای نه ترو خدا من جات بودم براش همه چی ابی میگرفتم
برای دخترم از از جوراب بگیر تا کلاه همه چیش صورتی گرفتم باورت میشه اگه اینم دختر بشع بازم نمیتونم از سیسمونی دخترم استفاده کنم دلم میخواد دوباره همچی نو بخرم منو شوهرم هیجا نشده سر همین موضوع بحث داریم میگه فقط لباس جدید و حوله میخرم ولی من قانع نمیشم نمیدونم شاید پدرم برام کم گذاشت عقده شده تو دلم",3,4.219442867920407,High
thread_18096858_starter,"سلام دوستان کم خونیم 11 تا 11ونیم هست امروز ازمایش ازدواج دادم نگرانم بنظرتون گیر میدن؟ پسر هم فک میکنم کم خونی نیس توروخدا جواب بدین نگرانم
MCV72 MCH22 مال من هموگلوبین همینطور ک گفتم  بین 11تا 11.5",4,4.206353908317396,High
thread_11421164_starter,"همیشه خشمگین و عصبی ام
کنترل خشم ندارم
همش دادو بیداد
متاسفانه دستم هرز شده با کسی دعوا کنم میزنم
خدا منو بکشه نمیشه دوکلمه باهام حرف زد
برای خودم متاسفم😭بچم ازم میترسه",7,5.926043013647167,Very High
thread_17145910_starter,دکترم گفته ۱۲قرص بزار زیر زبانی ۸تاشو گذاشتم درد دارم لرز دارم ولی لکه بینی خیلی کم دارم چسکار کنم دیگه جون ندارم چرا خونریزی نمیکنم,6,4.205327067040344,High
thread_13190277_starter,کسی بوده بچه ها ک سلفری سندروم ترنر یا همون اختلال کروموزومی تشخیص داره باشن ولی بعدش امینو سنتز بده هیچی نباشه؟؟؟توروخداااا,3,4.213265761434741,High
413215750,چطور زیر اسمم زمان سنج هفته بیاد برای بارداری ؟همین نموداری که هفته هارو نشون میده زیر اسم پروفایلتون,1,3.204451344605332,Moderate
320723072,"حرفات درسته
نمی‌دونم واقعا ازدواج به چیه...
تو همین نی نی سایت طرف اومد گفت ارشد دارم ، دکترا دارم، شاغل ،خوشگلم ، خانواده محترمی دارم ، ولی خواستگار درست و حسابی ندارم😑
بعد دوره ازدواج مامان من اینطور بود که دختر ماهی یدونه خاستگارو ‌‌‌‌‌‌‌‌‌‌‌حتماداشت
حالا بحث شوهر خواستن نیست ، بحث اینکه واقعا چه اتفاقی افتاده؟!😐😑😑😑",2,4.213770314445355,High
399930724,چقدر شبیه هم ،واسه منم دومی تو ۵ هفته و ۵ روز متوقف شده بود گفتن قلب نداره،منم خیلی روحیم خراب شده سثط دومم شهریور بود خیلی سخت گذشت ،انشالله بزودی زود دوباره مامان بشیم و اینبار سالم بغلشون کنیم 💕,3,3.206702849391149,Moderate
thread_14441712_starter,سلام خانوما .من تیرماه یه رابطه داشتم بعدش پِر شدم شروع کردم قرص ال دی خوردن تواون یک ماه صبحا اصلا حالم خوب نبود بعداز ۱۵روزنوک سینه هام به شدت دردمیکردو میسوخت تا این ک قرصم تموم شد بعداز۵روزپِرشدم .پر شدنای من ۵روزه بود ولی این سری سه روز شدم اونم لک به رنگ صورتی رنگ الان ۱۵،۱۶روزه میگذره کمر دردای شدید بی حالی ضعف خستگی زیر شکمم سمت چپ هی نبض احساس میکنم بنظرتون امکانش هست که باردارشدع باشم ؟؟؟؟,3,6.009544302120048,Very High
403640111,"پس ببخشید اون هم در این روز فرخنده
آخه دیدگاه های دیگه رو ندیده بودم که مثل من گفته بودن و گر نه رنجوندن به دور از منه!😒",2,3.194741779923788,Low
381257127,"وای سقط نگو
من ناخواسته سقط کردم ببین تا بیان ازم سونو بگیرن و معاینه و.... چند تا نوار عوض کردم دیگه اونقدر حالم بد بود کل خاندان همه میگفتن یلدا چی شده ما هم چون نخواستیم بفهمن گفتم کیست دارم
واقعا همین ک زنده ام تعجب میکنم",5,4.193368091255252,Moderate
304365239,منم دوروزه باشوهرم قهرم اون هی زنگ میزنه من جواب نمی‌دم میدم دست پسرم باهاش حرف بزنه.😞,3,3.202241535655048,Moderate
365233322,من جای تو بودم طلاق نمیگرفتم یه مدت تنهایی میرفتم مشاوره شاید یه راهکاری بهم پیشنهاد بده,1,3.196024507145921,Low
401177252,آره متاسفانه، لعنت به من، کیک و شیرینی خوردم این مدت، با شروع بارداری اصلا نمیتونم چای و نوشیدنی گرم رو بدن شیرینی بخورم,2,3.207964971661113,Moderate
381286077,"آره عوارضش ک هس.. اون ماسکا تاثیر داشت ؟
درکل دردش قابل تحمل بود عین پریودیه دردش یا نه",1,3.189842150810364,Low
thread_14558422_starter,سلام. من ۲۳ هفته اورژانسی سرکلاژ شدم....۱۰ روز استراحت کاملا مطلق بعد اونم خییلی کم کارای شخصی رو میکنم. ولی سرویس بهداشتیمون پله داره که با احتیاط میرم ... نمیتونم استراحت مطلق باشم چون یه کلاس اولی و یه ۳ ساله دارم.... دکتر فقط بهم شیاف داده شبی یه دونه الان چندروزه حرکت بچه کاااااملا پایینه حس میکنم اندازه‌ یه انگشت فاصله داره تا بیرون اومدن... و طی هفته گذشته گاهی ترشح سفید معمولیم داخلش اندازه یه مو و خییلی گم رگه خونی هست.... میشه اونایی که تجربه داشتید بگید که آمپول نیاز نبوده که دکتر نداده؟ خیلی نگرانم... یعنی تا چند هفته پیش میره؟,5,6.108090596684178,Very High
377391466,"دیگ دستشویی نرفتی؟
اگ رفتی و باز چیزی اومد بیرون شاید سقطه.
سقط بدون درد نداریم
حداقل یکم باید درد بکشی
شیاف پروژسترون بگو شوهرت بخره.
بهش بگو بره بیمارستان و از مامای شیفت بپرسه هر چند ساعت باید مصرف شه.
ب من گف هر 12 ساعت مقعدی.
واژینال هم میشه،ولی سوال کن.
یا زنگ بزن 115",1,4.218265368041102,High
304747045,وای من الان تو ماه اول تحمل این دردای کوچیکو ندارم نمیدونم چجوری میخوام دردای اخرشو تحمل کنم میمیرم😔..خیلی میترسم,4,4.193097015478997,Moderate
310878866,"وا فکر کردم اشتباه نوشتی دو ماه
توی هر اقدام فقط 25% احتمال حاملگی هست ، تا یک سال هم باردار نشی کاملا طبیعیه انتظار چیو داری توی دو ماه ؟
اگه سنتون بالاست و عجله داری به شوهرت بگو بره یه آزمایش اسپرم بده اگر مشکل نداشت بدون هیچ گونه استرسی اقدام کنین
استرس عامل بسیار مهم ناباروریه",1,4.208881081227446,High
331257380,"خوب لب پارس دیگه یکمی ترسناکه ولی راه جلوگیری نداره
و بچه ای که ب لب شکری مبتلا میشه از هر نظر سالمخ یعنی حتی اگه سونو بگه جنین لب شکریه بازم نمیشه کاریش کرد تا دنیا بیاد و بعد جراحی کنن
امارش دقیق یادم نیس ولی یه ناهنجاری هست که مثلا از هر ۱۰۰۰جنین یکیش اینجوری میشه",1,4.206390363890478,High
thread_16111913_starter,"تریاک فروش بوده  ده سال پیش و کنار گذاشته من الان فهمیدم
آیا این روی زندگی من انتخابم تاثیری داره ؟
نامزدم اصلا اهل دود نیست",2,3.193986296348157,Low
thread_11853416_starter,"کیا از درد واژنو کشاله ران و کوفتگی کل شکم نمیتونن بخابن شبارو یعنی اسیر شدم بخدا راضی نیسم شب بشه تا خود صبح درد میکشم نمیدونمم از چیه درد زایمان یا بچه داره میاد پایین درد چه کوفتیه شب بیداری میکشم هرشب
۳۵هفتم...",7,6.04577303834958,Very High
355003114,"من اصفهان بیمارستان دولتی رفتم ولی خوب بود
قبلش بپرس ببین کدوم ماما و پرستارها خوبن،صحبت کن فقط همون یه نفر برای معاینه بیاد
به دکترت بگو حتما برای درد یه فکری بکنه،اکثر بیمارستان ها ماسک دارن برای درد،من چون اپیدورال بودم بهم ندادن
کیسه آبجوش هم خیلی دردو کم میکنه،یا خودت ببر یا بگو بهت بدن",1,4.19431711677862,Moderate
409835725,فراموش که نکردم اما ادم جدیده خیلی تلاش میکنه خوشحالم کنه  و تمام چیزایی که با اون بودم نمیتونستم داشته باشمو با ادم جدید دارم,1,3.194027045577968,Low
383174061,"کم کم عادت کردم و سعی کردم بابروز احساسات بیش از حدخودموعاشق نشون بدم درصورتیکه فقط عادت بود
ولی اونم بادرفت زیرپوستش فکر کردکیه ک من انقدر عاشقش شدم خیانت کرد
خدالعنتت کنه یادم ک میوفته نابود میشم الانم حس میکنم داره خیانت میکنه ولی نمیتونم مچشوبگیرم",4,4.200873965164647,High
thread_16844590_starter,خانوما من بیست هفتمه دیشب و چند بار دیگه متوجه شدم تو خواب غلت میزنم و درحالیکه روی شکم خوابیده بودم از خواب بیدارم شدم😥 از صبی از نگرانی دارم میمیرم نکنه له شده باشه یا خدایی نکرده دست و پاش زیر پهلوم اومده باشن چون وقتی بلند میشدم خیلی تکون میخورد😭😭,4,5.985120054458093,Very High
396874219,"واای دلم میخواد پوچ باشه😭
اصلا نمیتونم بهش فکر کنم  شرایط ما هم خوب نیست متأسفانه",3,3.188984304324549,Low
thread_15171260_starter,من از اول تو سونو هام هم جنین سمت چپ بودالان اول هفت ماهم جنین بزرگ تر شده بازم سمت چپ حرکت دست و پا داره اما همش سمت چپ و ی چیز سفت نمیدونم سرشه توی نافمه من چهار روز درد شدید داشتم این عادیه ک سمت راست بدنم نمیاد ?با بزرگ شدنش درد من بیشتر میشه اینکه همش ی طرفه,3,6.080649550975068,Very High
412181144,"عزیزم خیلییییی بد شدم خیلی 😭😭😭😭😭
اخه ی تقطه ام نخوندم
نهایی شب امتخان فقط میخوندک",6,4.197720376547103,Moderate
thread_18097781_starter,"بچه ها دو عزیز دارم که بیمارن و محتاج شدید به دعاهاتونم
خواهش میکنم براشون دعا کنید منم شمارو دعا میکنم و به نیتتون زیارت عاشورا میخونم
خیر ببینید",2,3.208278160982445,Moderate
407849836,"برای بارداری
بخدا وسواس گرفتم دیگه
حتی نمیتدونم چجوری باید یه دکترخوب پیداکنم خودم اینجا زندگی نمیکردم اخه",3,3.188771632590942,Low
thread_13792458_starter,"دختربزرگم کلاس اوله و می‌ره دوم امسال هر شب شب ادراری داره  می خوام پوشکش کنم مثلا پریشب قبل خواب رفت دستشویی یک ساعت و نیم بعدش رفتم بیدارش کنم دیدم خیسه خسته شدم و بیشتر از خودم خودش ناراحته
تمام کارها ک تو تاپیک های مشابه بوده خوندم مایعات و سردی نمیدم شب اما مشکل خواب سنگینشه یعنی شدید خوابش سنگینه یعنی تو بارداریم هم همش خواب بود اصلا نمی‌دونستم تکون خوردن بچه تا شش ماه و نیم چیه همش سونو بودم ببینم سالمه مثلا یبار بیدارش کردم بردم دستشویی لباسشو میگم بکش پایین تا بیدار شه خودش میگه باشه اما نمی‌کشه چند بار میگم آخر یا خیس می‌کنه یا من باید بکشم پایین تو روز هم خیس می کنه نمی دونم چی کار کنم سونوگرافی کردم مثانش ضعیف هست دکتر گفته تا نه سالگی خوب میشه میشه کمکم کنید",4,6.035803350780043,Very High
thread_15128442_starter,"من اهل شیرازم دیروز سنو بارداری دارم که دکتر گفت شیش هفته باردارم ولی قلبش هنوز تشکیل نشده دکتر گفت دوهفته دیگه بیا ولی من این بچمو نمیخوام چون از شوهرم که شیشه مصرف میکرد جداشدم تازع فهمیدم باردارم و بچه رو نمیتونم نگهدارم خودمو دیابت دارم وضعیت مالیم ضعیفه خودم هزارتا بدبختی دارم دکتر هم گفت ما سقط نمیکنیم غیر قانونیه الان سع تا قرص هس باید از انوری بخرم که خوراکیه که هر نیم ساعت باید بخورم ولی من تک تنها میترسم که بلایی سرم بیاد بیمارستانی نیس که منو قبول کنن مواظبم باشن برای سفط ؟, بخدا خیلی میترسم دارم اذییت میشم و خانوادمم نمیدونن باردارم اگه بفهمن بخدا منو میزنن میگن چرا ازش باردارشدی مادرم به شدت حساسه رو این قضیه من نمیدونم الان چیکار کنم",8,6.104081730355119,Very High
thread_16869355_starter,"پست قبلی عکسم نیومد
الان عکس میزارم ببینید واقعا قیاقم واقعا بد عنقه",1,3.205858652863753,Moderate
thread_17334488_starter,۸تاخیرم بتادادم ۱۴۴۶بوددو روزبعدمجددهمونجابتادادم اومدپایین شد۱۴۱۴دکترگفت احتمال خارج رحمه سونوواژینال دادم گفت ۲قلوهستن هردوهم داخل رحمن حالادکترمیگه امیدالکی نداشته باش چون بتات پایین اومده کسی تجربه مشابه من نداره؟همش تواستراحتم لک وخونریزی ندارم شیاف هم میزارم بنظورتوامیدی هست اصلارشدبکنن؟هفته دیگه بایدبرم سونوبراقلب,4,5.965030467530596,Very High
412024806,ای خدا بد دردیه هزینه های مطب ها ام خیلی زیاده خدایا ب دادم برس,4,3.188947720982469,Low
thread_12372025_zeinabmba_1402/08/14 11:12,"ممنون عزیزم
من الان سه هفته است که دارم عذاب میکشم
انشا...به حق اقا امام رضا بتونم به زندگیم برسم و ارو م بشم",5,3.204620679061918,Moderate
413878719,"هفته ۱۵بارداری عزیزم انشالله که خیر باشه من استرس گرفتم فقط
توی آزمایش زده up to30 یعنی پایین تر از ۳۰باید باشه عددم؟",3,3.204401557650272,Moderate
thread_17986662_starter,"سلام خانما
NTمن ۲.۳۴ هست ولی CRL۴۷.۹۵گفته مشکوک
ازمایش غربالگری دادم گفته کروموزوم ۱۳و۱۸و۲۱ درگیره و احتمال وجود مشکل هست گفتن باید برم ازمایش سلفری بدم
ایا کسی بوده تو این شرایط باشه
بچه الان سالمه یا ن باید سقط کنم",4,6.018223085600766,Very High
411884259,"مردا همینن هیچوقتم درست نمیشن
بابای من نصف شب با تلفن با صدای خیلی بلند صحبت میکنه
یا همه خوابیم لامپ روشن میکنه الکی الکی
یوقتاییم خوابش نمیبره تلویزیون روشن مییکنه نصف شب
کلا مردا تو خونه دیکتاتورن",3,4.217732277771383,High
thread_12074977_پزشک_حاشیه_شهر_1402/06/29 19:27,"جالب کلی من ت  بارداری هوس هیچی نداشتم
تازه من تک و تنها تو شهر غریب بودم تو یه خونه تنها شبانه روزی",2,3.190708624922536,Low
332207223,"چرا بعضی از خانمها اینطور کامنت میزارن
آخه بچه دار شدن ایشون به شما چه ،مگه شماها می‌خواید خرجشو بدید ،جرات نیست یکی درد و دل کنه همه این جمله مسخره و تکراری تکرار میکنن پول نداری بچه نیار ....خواهشاً درست صحبت کنید ،ایشون مگه گفته لنگ نون شب ،
میگه خونه خریدم ،از مادرم طلا قرض گرفتم ،خوب کار برادر و مادرت واقعا بد بوده یعنی نمی تونست تا دو ماه صبر کنه ...الآنم غصه نخور اتفاقیه که افتاده بنظرم خانوادت فقط ارزش خودشون رو پایین آوردن کاملا حق داری ازشون ناراحت باشید .....",3,4.196338721446864,Moderate
thread_12057844_starter,پریروز با آمپول فشار زایمان کردم . بعد از ۷ ساعت درد طاقت فرسا بچه به دنیا اومد. بدترین درد دنیا بود. الان اصلا شیر ندارم بدم بچم همش شیر خشک. دلم خونه هیچی شیر نمیاد. زردی گرفته تو دستگاهه مک میزنه سیر نمیشه گریه میکنه. چیکار کنم شیرم زیاد شه؟,5,6.142258059160668,Very High
thread_8793837_starter,شوهرم یه شهر دیگست تا وقتیی من دردام شروع نشه نمیتونه بیاد منم اینور خیلی ناراحتم الانم زنگ زدم جواب نداد دیگه گریم میاد نمیدونید چی بخورم دردم بگیره😢,5,5.937215271056175,Very High
334602342,بابا محض سرگرمی...آدم دلش میخواد بدونه نه رو حسادت و...من خودم هم دختر دارم هم پسر.مگه باید حتما تاثیری تو زندگیم داشته باشه؟آدم از غریبه هم تو خیابون می‌پرسه بچت چیه که ذوق کنه,2,4.227608136006893,High
thread_14523319_starter,"خدا خوشت میاد زجر بنده هاتو ببینی دوست داری؟
من تو نوزادی هم بهت بدی کرده بودم؟
حق بنده هاتو خورده بودم
من انقدر بد بودم که حق داشتن پدر مادر هم نداشتم؟
کاش فقط بدونم من کثافت چیکار کرده بودم کاش فقط یه کلمه جواب میداد یکی بهم یه کلمه دم نمیزدم گناهمو میدونستم اگه دم میزدم نامردم
چیکارت کردم که؟
خواهر دوقلویی هم که بهم دادی معلول
روز به روز داره دیوونه تر میشه
بیا مشکل بذار جلو پاهام بتونم حلش کنم اگه نکردم اگه نکردم بی شعورم
این چه کاریه من چیکار کنم پدر معتاد عم‌ها معتاد مادر ندیدمش مادربزرگ سرطانی خواهر معلول روانی
شما بگین من اون کارو بکنم درس بخون خوندم رتبه ۳۰۰
نه پول نداریم برو فرهنگیان
نه کمه برو با ۱۸ سال سنت بیشتر کار کن شاگرد درس بده
ارشد بخون ررتبه ۲۵
من کاری بوده از دستم بر بیاد نکنم؟؟؟
یکی جواب بده دارم دیوونه میشم",9,5.928538875086815,Very High
thread_15923125_starter,"لایف استایلمون شبیه باشه کسی هست تو گروه
یا حالا چادری هم نباشه اهل دود و دم و اینا نباشع🥲",1,4.226127281070148,High
289123900,من خوردم بچه ام ۳۸ هفته با وزن ۳۷۰۰ ب دنیا آمد,1,3.200664030762518,Moderate
385191973,من خودم این ماه از تست تخمک گذاری استفاده کردم سیکلم ۳۳ روزه هست و من ۲۵ سیکل کیتم نشون داد که تخمک گذاری دارم درست ۸ روز قبل پریود شدن ولی دکتر بهم گفت احتمال حاملگی پایینه و در کل نباید این زمان از سیکل تخمک گذاری باشه,1,3.200447259689099,Moderate
thread_18022336_starter,"بچه ها من با یکی حدود یک ماهه دارم اشنا میشم تلفنی بیشتر حرف میزنیم همچیش خوبه ولی یکی از چیزایی که خیلی تاکید و تکرار داشت این بود با دست و بغل و بوس و اینا مشکلی نداری که چون تو دوستی عادیه منم گفتم نهایتش همون بغل و بوس تازه بعد ۶ ماه یا یکسال اونم گفت چیییی بعد یکماه تو این مورد باهاش اختلاف دارم حس میکنم انگار فقط دنبال اینچیزاس به روشم اوردم گفتم تو انگار بیشتر دنبال ارتباط جسمی هستی تا شناخت طرف اونم گفت من دوس دارم طرف همچیش مال من باشه
تازه یبارم ازش پرسیدم هدفت از رابطه چیه گفت یکسال اول شناخت بعد تصمیم گرفته میشه که رابطه طولانی مدت و فاب باشه تا تهش باهم باشن یا نه حالا تهش ازدواج یا هرچی و تو این مدت طرفین بهم قول میدن عهد میبندن با هم باشن و بقیه پیشنهاد هارو رد کنن حالا شاید هم یه زمانی شرایط ازدواج پیش بیاد ولی تو اون زمان باید بهم قول بدن
و گفت گذشته طرف هم براش مهمه اگ دختر رابطه جنسی قبلا داشته باشه باهاش ازدواج نمیکنه فقط نهایت دوستی یکساله",3,6.033268459465489,Very High
353291062,"یا خدا خب چه کاریه
انقدر زنا خودشون رو اذیت میکنن تا ته آخه؟
حالا ظاهرش بد شکل شده درساش کنن یه چیزی دیگه تا اون ته و عمقش رو تنگ کنن
فردا خودشون عذاب میکشن درد و گریه موقع رابطه
لذتش برای شوهر",1,4.22107787413006,High
347075759,"اصن از ماشینم زیاد استفاده نمیکنم مسافرت اینا که نمیرم جاهاییم که با خانواده میریم باغی باشه خریدی باشه خونه کسی بریم مهمونی باشه با ماشین مامانم یا بابام میریم
ماشین خودم فقط میرم سرکار و میام خونه که جمعا رفت و برگشت روزی کمتر از ۱۵ کیلومتر میوفته",1,4.199536821591209,Moderate
386453795,"آره انشالله قطعا تشکیل شده
منم درد خفیف پریودی اومده سراغم🥲🥲🥲",2,4.226798854606194,High
thread_14694249_starter,سلام ببخشید تورو خدا اگ میشه جواب بدید خیلی استرس دارم دیشب رفتم سرویس بعد از ادرارم یه سری چیزای قهوه‌ی سیاه  و کوچولو اومدن بیرون خیلی ترسیدم امروز بازم این علائم تکرار شد باردارم ۱۰هفتمه بچه اولمه,5,5.965067679724598,Very High
thread_15650564_starter,"این حکمت خدا بوده
فهمیدم شوهرم از بارداری من خوشحال نمیشه مردن و‌موندن من براش مهم نیست،اون‌ وقتی که بیمارستان زیر سرم بودم،وقتی که دکتر میرفتم‌و‌ازمایش میدادم ببینم سقط شده یا نه،کنارم که نبود هیچ،در فکر گیر دادن به چیزهای الکی مثل بی بی چک و قد پالتوی من و عیدی خواهراش بود.
مادرمو چی بگم.....چجور مادری هست
هیچ وقت مادری نکرد همراهم نبود
میدونستم اگه بهش بگم‌عکس العملش‌خوب نیست و‌دلسوزم نیست،میدونستم بدجنس عالمه و قراره تنها بمونم
اشتباه کردم بهش گفتم،برام چاره شد.دهنم هم پر خون شد به این نامادری نمیگم.دیگه من از این سخت تر نداشتم.
زخم زبون و بی رحمیاش بدتر حس بی کسی بهم میده.
من دیگه غلط کنم به بچه فکر کنم
خودم هنوز ضعیفم...من توان اینو ندارم یک تنه زندگی بچه رو تضمین کنم",7,5.880029451174778,High
383871675,الان چیکار کنم یعنی تو ۷ماهگی بزنم براش مشکلی پیش نمیاد یا اینکه فایده نداره,1,3.187552230781876,Low
413372707,"جه اخلاق بدی داشت؟
از من بدتر شد ۳ بار رفتم قهر و بار اخر شکایت هم کردم باز اومد گفت درست میشم و بریم دکتر
منتظرم ماه جدید نوبت دکتر بگیرم و اگر با دارو هم خوب نشد
دعوای بعدی دیگه مستقیم درخواست طلاق بدم خودم.",5,3.200673343104427,Moderate
391412201,"من اینقدر درد داشتم که موقع زایمان گفتم خدایا من و بکش راحتم کن.
اون عوضی میگفتن حلالت نمکنیم اینقدر داد میزنی ...
خدا به درد بی درمون گرفتارشون کنه امییین",7,4.219828370076357,High
thread_16822596_starter,"سلام
من اول ماه که پریودم تموم شد وسط سیکل بود رفتم مسافرت وقتی میخواستم لباس عوض کنم دیدم کل شلوار قهوه ای شده انگار پریود شدم بدون حتی یک ذره درد و حسی و کمردرد های شدید ۱۱ روز تاخیر دارم الان روز ۹ تاخیری بی بی خودکاری مدیکور زدم منفی شد و کمردرد های من همینجور ادامه داره و حالت تهو بعد از غذا",3,6.051425324723823,Very High
413742859,"اولین باره که میشنوم والا🙄
خمیر دندون خودش زیاد استفاده کردنش باعث پوسیدگی دندون میشه",1,3.197994681468117,Low
329768085,"هرکی ی دلیل
مثلا یکیشون دیروز سرکارش از رو پشت بوم میوفته
یکی ماشینش و تازه خریده بود زنگ زده مادرش اسپند بذار دارم میام تصادف کرد همون‌لحظه😭😭😭
یکی اتوبوس چپ شده مسافر بود
یکی خودکشی
یکی سرطان
واقعا نگران کننده",3,4.212057546879805,High
thread_15109261_starter,"۳۰نفر اومده  بودن
ولی آخرین نفر من بودم منشی‌ها گفت که چون همسنمی من تورو به آقای دکتر معرفی میکنم
بعد رفتم مصاحبه با دکتر
خداحافظی کردم اومدم بیرون گفتن تا امشب خبر میدیم
ولی زنگ نزدن تاالان دیگه شانسی نیست حالم بده:(",3,5.910508635977749,Very High
thread_16663424_starter,سلام خانمایی که تجربه سقط با سایتوتک دارن بگم چجوریه؟من زایمان اولم طبیعی بود بخاطر اینکه بیمارستان خیلی دستکاریم نکنن تا ۷سانت خونه بودم تحمل کردم رفتم بیمارستان تو دوساعت زایمان کردم میخوام بدونم شدتش مثل زایمان طبیعی میشه؟چن ساعت درد کشیدین تو سقط,2,5.87448668757861,High
413640937,"امیدوارم ناراحت نشی
ولی خیلی آدم خامی و نا پخته هستی
به هر حال به وجه طرفت توجه کن
ازدواج الکی نیست باید همه جوانب در نظر بگیری",1,3.189395800034617,Low
314202700,بله من هماتوم دارم و دکتر استراحت مطلق بهم داده .حتی دوماهه ادویه ام غذاهام نداره.هیچ غذای گرمی استفاده ندارم .دکترم میگه من تمام داروهای لازم رو بهت دادم دیگه موندنش با خداست .خستم,6,3.193065319224388,Low
thread_18139342_starter,"توی تاپیک قبلیم یعنی همون تاپیکم که خیلی بازدید خورد صفحه 26 یه جواب کلی در جواب همه نظراتتون دادم
نظرات زیاد بود و نتونستم تک ب تک جواب بدم
مرسی از همگیتون❤️",1,3.204915575061023,Moderate
394154541,۳ هفته دیگه تحمل کن.اره باید بخوری.برو خوش بو کننده منزل بگیر.خداروشکر اون روزام گذشت.حتی خیابوناهم بوی لجن میدادن,2,3.203977267183291,Moderate
thread_18140343_starter,خانوما میشه برای حاجت رواییم یه صلوات بفرستین,1,3.204684391673972,Moderate
