unique_post_id,content,is_starter,A3_stress,A3_anxiety,A3_depression
411566829,من با لتروزل و آمپول hmg و سینال اف,False,1,1,1
332235635,"به هر حال مثل بقیه رفتارهای اشتباهات نگه داشتن این بچه هم اشتباه بود
الانم جلو بچه باید کتک بخوری و یک بچه با روح مریض بزرگ کنی
فقط بیچاره اون بچه که مادرش با بی فکری وارد دنیا کرد",False,1,1,1
389467576,ربطی ب لر یا کورد بودن نداره به خانواده بستگی داره,False,1,1,1
368673842,نه بابا چرت و پرته چه ربطی داره قسمت چی باشه,False,1,1,1
402293065,"یه دستگاه قند خون بگیر قیمتی نداره
تند تند چک کن روزی 2 بار
گاهی سیستم بدن ما از بقیه بالاتره
من همیشه قندم 95 هست توبارداری میگن لب مرز و بالا ورعایت کن ولی قند من همیشه همین بوده",False,1,1,1
356510099,"جدی خوبه
آشنایی داری در موردش",False,1,1,1
392181431,ممنون ببخشید میشه بگی از امسالم چی حس میکنی,False,1,1,1
395812858,دیگه نوبت اینترنتی برای فردا گرفتم,False,1,1,1
363481024,من هرروز بخاطر شوهرم گریه میکنم الان دارم گریه میکنم,False,7,4,7
400261413,"نورهان
ارهان
اورهان",False,1,1,1
346946250,"دلیلش اضطراب و استرس هست. من هم می جویدم ولی از موقعی گه به ناخن ها و پوست اطرافش، پماد آد می زنم، خیلی بهتر شده. امتحان کن.
چون چرب میشه، جویدنش سخته . من همینجا تو نی نی سایت یادگرفتم و اجرا کردم که دیدم جواب داد برای من . خدا خیرش بده",False,5,5,1
336132888,"دسکه دوبرابرنیست که
بعضی ها گفتن ۱۰ تومن حقوقمونه که قابل باور نیست",False,2,1,1
341400247,الان زدم تو نت خانومی بیا ببین اگه هم میخواین کامل متنو بخونید سرچ کنید تو نت هر چی رو باور نکنید,False,1,1,1
thread_6624545_آراممممم_1400/03/16 21:53,از اینکه فهمیدی پسره گریه کردی؟؟؟؟واقعا که آدم مونده چی بگه,False,1,1,1
413980635,"بنظرم این وام خیلی خوبه من خودم 200 گذاشتم 400 گرفتم
بخاطر این که قسط هاش خیلی کمه،،،،،
متلا برای 400 ملیون من 11 ملیون قسط میدم
بديش هم اینه پول خودمون رو بلوکه میکنه تا سه سال دیگه کع قسط ها تموم بشه !!! نمیشه پول خودت رو برداری
اصلا سخت گیری خاصی هم لازم نیست،،، ضامن خاصی هم نمیخواد،،، فقط دسته چک یه نفر رو باید ببری،،،،",False,1,1,1
256431909,"خانم ها پیج دکترنوبت  👇👇
💫 بزرگترین پیج بارداری و کودک هستش
هرروز کلی، پست و استوری در مورد( بارداری ،تخمک گذاری و پریود، ناباروری ،هفته های بارداری ، زایمان ،دخترزایی و پسرزایی و ....) به صورت رایگان به نمایش میذاره
🔴 در ضمن پزشکان متخصص زنان خبره هم برای هر شهر به صورت جدا، معرفی میکنه
میتونید فالوو کنید و برای دوستانتون بفرستید
@drnobat.ir
👇👇👇👇بزرگترین پیج بارداری و کودک
https://instagram.com/drnobat.ir",False,1,1,1
thread_17136656_starter,دوستان کسی مشکل مشابه داشته سینه راستم از دیشب تیر میکشه و گاهی درد داره  ولی سینه سمت چپم درد نداره طبیعیه یا نه توروخدا کسی مث من بوده راهنمایی کنه ؟,True,3,4,1
406892531,طلاق در صورتی خوبه که اولا شرایط توی خونه پدر مهیا و خوب باشه. یا زن اونقدری پول داشته باشه ک خونه مستقل بگیره خودش زندگی کنه. از طلاق پشیمونی؟ والا ن اونور زندگیت زندگی بود نه اینور,False,2,1,1
thread_17374745_starter,سلام من هفته شش بارداری لک بینی داشتم رفتم دکتر بهم آمپول پروژسترون هفته ای یکی و شیاف روزی ۲ تا داد بعد مصرف خوب شدم و گفت همچنان ادامه بدم الان هفته ۹ بارداری هستم دیشب لک بینی داشتم ولی شدید تر از قبل قهوه ای سوخته تا صبح هم ادامه داشت کلا استراحت مطلق هستم کار سنگین نمیکنم رابطه هم ندارم اگر تجربه ای دارید خوسحال میشم بشنوم,True,4,5,1
399958185,همه رفتن 🥲,False,1,1,3
thread_14710991_starter,فردا آمنیوسنتز دارم قبلا امتحان کردم ولی واقعا ایندفعه استرس دارم .کیا تجربه دارن؟,True,6,6,1
thread_14967521_starter,من به یه دلایلی. سیسمونی  کامل نگرفتم لباس فقط سایز صفر و سه تا سایز یک گرفتم  الان بچم لباس. کم میاره. شوهرم دیشب 1تومن داد به مواد من امروز صبح چنددست لباس برای بچم سفارش داد کلش شد 1600   دیشب بهش گفتم افرا لباس هاش کوچیک شده   کم میارم. لباس سفارش میدم گفت درحد 500   اخه در حد 500    لباس نوزادی میشه. الان از وقتی بیدار شد دعوا باهام دار که چرا ولخرجی میکنی چرا درک نمیکنی گرونی چرا این همه لباس میخری,True,6,3,3
328368322,یارانه نقد رو به فنا ندم,False,2,1,1
406777093,تجربه ندارم راستش,False,1,1,1
353835732,"خودت به خدا گفته بودی چنین چیزایی برات اتفاق بیوفته خودت خانوادتو انتخاب کردی
ناراحت نباش صبر پاداش داره
من شاید از توهم بدتر کشیدم
زیر هجدم دوتا کلیه هام بخاطر اعصابم داغون شدن
پوستم انقدر افتاده شده",False,5,3,3
280309949,"همسرتون کمکتون میکنه؟؟؟
خودتون بهش میگید ؟؟
چرا برای ممن کمک نمیکنه اصن 😭😭😭😭😭😭",False,5,3,4
413652864,سعی کن در موردش خوب تحقیق کنی مورد تایید بود ازدواج کن,False,1,1,1
413492685,نه اگه حدومرز داشته باشید و از چارچوب کاری خارج نشه,False,1,1,1
thread_8829382_starter,فردا غربالگری دارم 12 هفتمه ولی تواین 1 ماه حتی 1 روزم حال روحی خوبی نداشتم تحت استرس شدید بودم خیلیم توسایت خوندم مشکلات بقیه ک رفتیم فلانو فلان شده از فکرشم اشکم درمیاد. ..هرچند الانم خیلی فکرم خرابه😔همه دوستام باردارن همشونم ماشالله نزدیک زایمان میشه فردا برم بگه سالمه? یعنی خدایا منم اون روزو میبینم ک ب دنیا بیارمش..,True,8,9,6
374409781,منم تازه متوجه شدم پولیپ رحم دارم افسردگی گرفتم اصلا یجوریم میترسم.....همش ناامیدم 😔,False,6,8,9
400777122,میترسم پیش فعال باشه از ترس شیطونیاش هم استرس دارم.چون من دوتا دارم اینقد خستم دستشون حوصله  نق نوقای اینو ندارم,False,7,7,4
341974368,مرسی عزیزم حتما الان میخونم,False,1,1,1
411687631,یادمه یکی از کاربردهای همین سایت .تو دوران طلاقش وارد رابطه ی عاطفی شده بود و در دوران عده هم با طرف رابطه ی جنسی برقرار کرده بود و خبر نداشت که بهم حرام ابدی میشن .,False,1,1,1
413743820,شربت لاکتولوز لاکسی ژل شربت انجیر,False,1,1,1
412023310,"چون شما گفتی هر وقت خواستی بیاین .
پس اسکل کسی نشدی . خیالت راحت",False,1,1,1
406412742,ن بعدش جدا شدم الان ۱۱/۱۲ساله میگذره  .تازگیا شل شلکی اقدام کردم,False,1,1,1
267390340,با مریضا افتادم تازه همین رفتارارو شوهر خواهرش باهاش میکنه هی میگن بیچاره خواهرم بیچاره,False,2,1,1
344226864,خداروشکر انشالله همیشه سلامت باشه,False,1,1,1
thread_8771170_banoazar_1401/03/13 16:03,اگه دکتر منع نکنه مشکلی نداره,False,1,1,1
412536797,"میگن عابدینی  شریفی مقدم را طلاق داده
علی مصفا هم لیلا حاتمی را طلاق داده
اینا  زشت و بد هیکلن؟",False,1,1,1
363172827,"هعی
من دست خودم نبود خیلی سعی کردم خودمو کنترل کنم اما همینطور اشک هام می اومد و میخواستم با حرف زدن  تخلیه کنم حتی قرآن گوش کردم تا آروم بگیرم
من هم نمیخوام بچه ام آسیب ببینه واسه همین عذاب وجدان دارم
اما میخواستم یاد بگیره پس فردا بچه میاد بخواد همه چی رو بده دست من که نمیشه",False,8,7,6
413562136,"بله دکتر هم گفت
ولی تا فردا روانی میشم
احساس میکنم باید با آمادگی قبلی باردار می شدم
من همینطور یرخی باردار شدم
آماده میشدم 12 اردیبهشت برم انتقال",False,7,8,3
411694895,"انشاالله
دختر فامیل ماهم 15 سالگی بچه دار شد 17 جدا شد
چند ازدواج کرد؟13",False,1,1,1
thread_12260668_starter,سلام دوستان خوبید، من دو سه روزه زایمان کردم در طول روز گاهی اوقات ی حس بدی بهم دست میده حس افسردگی حس تنهایی پشیمونی. خونه بابام میمونم بنظرتون برم خونه خودم، یا تنها نمیرسونم؟؟,True,5,3,8
413344644,چهره گاهی اوقات دست خود ادم نیست این بی انصافیه که  قیافه معیارت قرار بدی باید شرایط مهم دیگه رو داشته باشن مثلا دوست داره ؟ پرتلاشه ؟ خوش اخلاقه ؟ با اراده س ؟ اگه کسی این طوری باشه بنظرم قیافه اینجا مهم نیست اگه خیلی زشت باشن خب  مشکل بی توجهی به خودشونه باید به خودشون برسن مثلا ورزش کنن لباس متناسب بپوشن اب و تغذیه درست باشه کلا قیافه میتونه بهتر باشه البته با تلاش,False,1,1,1
thread_16392413_starter,باردارم.   باید خیلی شاد باشم.  بالخره ب آرزوم رسیدم.  اما دلم آروم نیست.  ناراحتم.  شوهرم ی ذره کمکی نکرد تازه بیشتر خونه رو بهم ریخت.   ی مسافرت ی جایی ک بهم خوش بگذره نبرد.   بردند هم جاهایی برد ک میدونست خوشم نمیاد.  دستش رو ی بار با میل خودش رو شکم من نزاشت. ذوقی برا اسم گذاری نداشت میگ هر چی میزاری بزاریم. حتی پیشنهادی نداد. از گوشی در نمیاد همیشه تو گوشی در حال فیلم دیدن هست.  من هستم و دل تنهام.  بیرون رفتنم کار نداره میرم ولی دلم تنهاست.  غصه میخورم. هد وقت افسرده شم موهامو میزنم و زدم. بدون دعوا و دلیل قهر کردم و اینم هر وقت من قهرم با من قهره. خیلی تنهام. خیلی.   شوهر مردم موقع بارداری چه ها که نمی‌کند اینم از این.  ۶ ماهه خونه مامانم میخوریم با ن قهر بودنی با اونم قهر میکنه اونم از دستت درد نکنه هس.  خانوادش هم ی ذره درک و محبت ندارن.  خستم.  خستم.   فقط خسته. دلم میترکه.  باهاش حرف نمیزنم. اصلا نمیپرسه و براش ام مهم نیس. خستم.  میگ همیشه اخمو هستی خونه اومدنم نمیاد.  نمیخوام پا بزارم تو خونه.,True,8,4,9
thread_17982318_starter,"برام زده ۱۹/۹ H
یه اچ هم پیششه
یعنی بالاس؟
استرس گرفتم🥲
دکترمم فردا میشه دید حس میکنم تا فردا دیوونه بشم",True,8,9,2
330927833,"وابستگی نیست بابا
بعدش شما هم گاهی تنهایی برو خونه مامانت...ببین چقدر خوبه...
گاهی هم که همسرتون که داره میره دیدن مامانش بگو منم میام دلم براشون تنگ شده...
گاهی نیازه تنهایی بره آدم گاهی نیازه با همسرش بره....چه خونه مامان خود آدم چه خونه مامان همسر...
حیفه زندگی با این فکر و خیال برای خودت سختش نکن...
منم اوایل خیلی سختم بود همسرم تنهایی جایی بره یا من تنهایی برم جایی چون خیلی وابسته هستم ولی الان میبینم گاهی نیازه و حتی زن و شوهر رو نسبت بهم وابسته تر و دلگرم تر میکنه...
من هروقت تنهایی میرم جایی که همسرم نمیاد...براش یه چیزی میارم از مهمونی..یا تعریف میکنم چیکارا کردیم...
اونم گاهی نیاز داره با خانوادش تنها باشه یا با دوستاش...و همینطوره
اشکال نداره...
ازدواج نکردیم که همدیگرو کنترل کنیم یا محدود کنیم
تو همه چیز اعتدال خوبه",False,2,3,1
thread_11203110_mambardia_1402/03/08 21:34,ن شوهرم دخول نداریم .بخاطر بچه نمی تونه حالش بد میشه 😖😖😖😞😞👎👎👎,False,4,2,3
360876957,"بی احترامی نبود حرف حق بود منم اگه عروسم رو اینطوری اذیت کنم والا تحمل میکنم پسرم اینطوری بهم بگه
مگه چی میشه ؟؟؟؟ یکی هر روز از صبح تا شب بیاد خونت تو خونه خودت راحت نباشی چی میشه ؟ قبلش جور دیگه گفته بود",False,2,1,1
thread_16862535_starter,"چه گهی خوردم
میدونین دنیا زرنگی میخاد من احمق بودم بدجور چوب میخورم😭",True,7,5,6
398058186,چرا زود قضاوت می کنی ،هر جا بری یه مشکلاتی هست دیگه.. نترس باش ،برو تو دل مشکلات..چرا اینقدر زندگی رو برای خودت سخت می گیری ؟حتی اگه بخواد باهات آشنا بشه ،چه اشکالی داره وقتی طلاق گرفتی ،با هاش آشنا شو ،شاید همین آدم زندگیت رو قشنگ کرد..مگه تو از همه چیز خبر داری ؟,False,1,1,1
thread_12254105_دختــرشیــرااازی_1402/07/27 18:32,عزیزم سالم بودن بکارت از رو عکس تشخیصش یکم دشواره چون زمان معاینه باید کف لگن آزاد باشه و یکم زور بزنی,False,1,1,1
407816395,چن روزه کارم شده گریه .دکتر گفت بعد دنیا اومدن کچمیگیرن اگخوب نشد عمل میکنن😭😭,False,7,7,7
413225830,چیزی بخوام میبرمش بیرون دگ خودش حساب میکنه ولی بعد امروز دگ همینم خجالت میکشم ازش بگیرم،کار بیرونو اینا ن منظورم انلاین شاپو ازین چیزا بود,False,4,3,3
366296667,"فک نمیکردم اینجوری کنه دیگه     دیشبم یکی دو قطره لک داشتم
به نظرتون خطرناکه🥺",False,4,6,2
256256892,سلام دکتر برا ترک به من کرم مارگریت داد. ایرانیه و قیمتش خوبه,False,1,1,1
336998037,به نظرم برای زندگیت بجنگ . مشکلت حاد نیست. بچت گناه داره.زندگب بعد طلاق هم آسون نیست خودت میدونی,False,1,1,1
374990999,اون مال پریشبه اونا مارودعوت کرده بودن من قبل رمضون دعوت کرده بودم,False,1,1,1
411734297,فدات بیدار شدم اینقددددد گلوم درد میکنه اصلا اب دهنمم نمیتونم قورت بدم ،😷🤕🤕🤕🤒🤒🤒🤒,False,2,1,1
413731261,غلط کرده ۳ میلیون چخبرشه خیلی گرون میگه تهش ۱ و نیم,False,1,1,1
thread_14344920_starter,"من آخرین پریودم ۳۰ تیر بوده
دقیق نمیدونم الان چند هفته ام
اپلیکیشن میگه پنج تموم شده ولی دکتر گفت هنوز چهاری
امروز که جمعه بود تا خارج شهر رفتیم خیلیم احتیاط کردیم
ولی وقتی رفتم دستشویی دیدم در حد پنج شش قطره خون میاد😭😭😭
از وقتی اومدیم هیچ خبری نبوده تا الان که رفتم دستشویی و دوباره پنج شیش قطره خون اومد...
خطرناکه؟ 😭😭😭
خونش رنگ صورتی رو به قرمز داره
حالا چه غلطی بکنم خدایا😭😭😭😭
تو شورتم چیزی نمیاد، فقط وقتی میشینم",True,8,9,4
378990160,برام سونو نوشته که پنجم برم انحام بدم...امید به خدا برام دعا کن کورتاژ لازم نباشه دیگه,False,3,5,2
362214007,عزیزم منم اوایل بارداری  داشتم پماد بهم داد ۷ روز استفاده کردم خوب شدم,False,1,1,1
353721082,"منم بچم یک روز کامل تکون نخورد
بعدش شروع کرد فوتبال بازی کردن
حساس نشو بابا .. خوابه حتما",False,1,1,1
333639726,درکت میکنم دقیقا پارسال تو اسفند یه سقط به خاطر همین مشکل داشتم که البته برای من دوقلو بود قرصا روم اثر نکرد کورتاژ شدم دقیقا یه سال بعد یعنی اسفندی که گذشت فهمیدم باردارم حالا من هردو بارداریمم با دارو باردار شدم اولین بارداریمم بعد سه و نیم سال بود که اینطور شد خدا به دلت آرامش بده سخته ولی میگذره انشالله خدا جاشو با یه نینی دیگه برات پر کنه پوشک بچه بگیر پد جواب نمیده شرت یه بار مصرف هم میتونی از بوفه بیمارستان بگیری,False,2,2,3
342081465,مهم عدد مام هست,False,1,1,1
412014735,ریزش موهاش در حده ۲۰ ۳۰ تا در روز دختر شما داره یا نه؟؟,False,1,1,1
386297156,سوال منم جواب میدی من هفته ی ۱۶همم اصلاشکم ندارم انگارنه انگارباردارم میترسم بچه زشدنکرده باشه هفته ی ۱۲رفتم سونوفقط قرارهفته ی ۱۸برم آنومالی هیچ علایمی ندارم مثل روزای عادی🥺🥺🥺,False,5,8,2
408899084,قربونت برم امیدوارم خدا به دلت ارامش بده با این فکرای الکی و ناراحتیا خودتو داغون نکن,False,1,1,1
267700446,"تهرانم-اينجا همه دكترها قبول ميكنن!!
دكترت رو عوض كن عزيزم",False,1,1,1
308300129,"چرا همه اینجوری شدید بابا یکم اروم باشید شاد باشید بزارید بچه هاتون فردا تو زندگی استرس نگیرن گریه برای چی برید شکر خدا کنید خدا بهتون بچه داده باهاش حرف بزنید شادی کنید براش کتاب بخونید اهنگ بزارید با نی نی تون برقصید از لحظه هاتون استفاده کنید خاطره ی خوب بسازید
برای منم دعا کنید خدا فرزند سالم و صالح بهم ببخشه",False,1,1,1
412186625,"بگو مامان جون این حرفااا چیهههه آقا غلام علی عاشقتونه مامان جوووون
یکم خرش بکن که باهات بد نشع مادر شوهرت
بگو نههه مامان جان اشتباه فکر میکنی اصلااا اینطوری نیست همیشه خوبیتون توی خونمون هست",False,1,1,1
411645393,منم جواب عنوان شما رو دادم,False,1,1,1
410759337,"اخیرا یک هفته ای هس ک زانو درد دارم
قبلا نداشتم اصلا/ 😭 چقد بده بارداری خدایا..... البته همه ک اینطورنیستن، بخدا خواهرشوهرم بارداربود انگار نه انگار همه چی هم میخورد از مرغ و گوشت گرفته تا میوه و سبزیجات، اما منه بیچاره نمیتونم لب به گوشت و مرغ بزنم",False,4,2,4
392847401,بیشترین درد من بی کسیمه .. هیچکسسس پشتم نیست حتی مادرم ک همش ساز سازش میزنه .. شوهرم که بوقه کلا .. خشورشون کلامشون خیلی ازار دهنده س اما بیشترین دردم بی کسیمه ..,False,7,3,8
370109816,خب الان چرا نمیخوای؟,False,1,1,1
347667705,آغوش یار کجابود،سرصبحی دعوامون شد منم دارم گریه میکنم،خودش تا ساعت نه گرفت خابید منم خابیدم،دیوونه شده و بیدار شده گفتم صبحونه تموم شده برو بگیر گف جایی نمیرم،پسرم گریه میکرد صبونه میخام اونم دعوا کرد ساکت شو،از دیشب یکم نون مونده بود اونو دادم به بچه هام پرو پرو میگه اونو من میخاستم بخورم،بعد نشست خورد به بچه ها هر کدوم یه تیکه کوچیک داد،منم الان هیچی نخوردم،,False,8,4,6
360909874,درد 10برابر پریود معمولی .خونریزی شدید با لخته .حدود 10روز .عوارضش کم خونی .عفونت .ریزش مو ...,False,2,1,1
thread_6752768_mahrad70_1400/04/07 05:45,"بخدا همین کارو کردم دو ساعت تمام چشمام بسته بود
تکرر ادرار گرفتم نمیدونم چم شده",False,3,5,1
349210145,ببین دخترم وقتی سیر بشهذحتی ۱۰تا از شیرخشکش مونده باشه دیگ‌نمیخوره اصلا یعنی اینطوری نیست هرچقدر شیر بهش بذم بخوره متوجه نشه چون مادرشوهرم‌میگه شاید سیر شده فقط متوجه نمیشه کوچیک و‌همش ادامه میده ولی فکر کن‌از هردو سینم شیر میخوره وقتی میخوره هی بزور نگهش میدارم‌وگرنه میخواد سینه از دهنش بیاره بیرون بعد ک ۲۰دقیقه هم شیر خورد ۹۰تاشیر خشک‌حتمااا میخوره شده۱۲۰تاهم خورده چون اصلا سیر نبوده یبار۹۰تا بعد شیر خودم به شیر خشک دادم باز گریه کرد۳۰تا دیگ‌خورد کامل  سیر شد خوابید,False,4,5,1
413776438,"فقطم برای این نیست تو کامنت بالا تر گفتم
کلا از ازدواج بدم اومده
اگه از این جدا شم تا اخر عمرم مجرد میمونم چون میترسم نفر بعدی بدتر باشه ، از طرفی از تنهایی میترسم ، میترسم زبونم لال مامان بابامو به خاطر افزایش سن از دست بدم و تو این دنیا تک و تنها بدون خانواده  بمونم 😑",False,7,9,6
333533237,نه نیتروژن اوره خونت  اصولا باید بای ۷باشه و شما نرمالی آب زیاد بخور بخاطر کم آبی تو کلیه این می‌ره پایین از شما نرماله,False,1,1,1
344160529,فکر خودت و تو راهیت باش استرس برات خوب نیست متاسفانه اکثر آقایون حرفاشون تا عملشون .... اگر میتونی برو مشاور خانواده,False,1,1,1
396887263,بیخیال الان پاییزه همه کلی عطسه می‌کنند طبیعیه شما هم چون بارداری همیشه فکر بچه ای اینکه این دو تا با هم هماهنگ شن خیلی عادیه چرا ربط میدی اخه,False,1,1,1
310257577,"بدو بیمارستان دختر جون زنگ بزن به دکترت
ماه چندی",False,1,1,1
394069566,"کی میکه ضرر داره
نزدنش ممکنه خطرناک باشه برای خودت  البتا ممکنه هیچ مشکلی هم پیش نیاد",False,1,1,1
thread_12932299_starter,"سلام خانوما. ۸ روزه که سقط کردم  و خونریزی دارم چقد بعد سقط باید بریم سونو برای بقایا؟
و اینکه درد مقعد و ناف طبیعیه بعد سقط؟",True,4,5,2
362211409,بلهه من خودم سردخترم ازمایشم مشکوک بود انقد گریه کردیم با همسرم بعد غربالگری مرحله دوام دادم اونم مشکوک شد امینو شدم و سر پسرمم بازم غربالگری اولم مشکوک بود بااینکه میدونستم سالمه ولی بازم niptدادم نمیتونستم تااخر بارداری صب کنم ببینم معلوله یان بعضیا نمیدونم چجوری ریسک میکنن,False,7,8,4
387996343,میترسم همسرم آدم متدینیه ولی از بس تو پروژه ها که می‌ره با همه جور آدمی همنشین میشه میترسم,False,5,7,1
413123507,"تاپیک قبلت رو خوندم ..
واقعا منطقی نیست که هر شب جدا میخوابه",False,1,1,1
321738278,میگم اگه جذبی نبوده چطورعفونت نکرده؟ قبل اینکه بارداربشه باید یه متخصص زنان میگفت یاچک میشد,False,1,1,1
362743486,"چون بعضی آدم ها عوضی هستن
عزیزم من خیلی مشاغل رو دیدم کلا شگردشون اینه هر ماه بکی رو میارن آخر ماه میزنن بیرونش می کنن نفر بعدی همین طور یک ماه یک ماه بیگاری می کشن از افراد
واسه همین همیشه میگم اول کار قرارداد ببندید اونم حتما دو نسخه که یکیش دست خودتون باشه تحت یک نسخه دست کارفرما هیچی نداری عملا",False,1,1,1
380354264,شما که هم تهران زندگی کردید هم شمال به نظرتون یک دختر مجرد می‌تونه شمال تنها زندگی کنه؟ تهران براش امن تره یا شمال؟,False,2,4,1
411872888,چون سوره قویه و اونا خیلی اذیت میشن و در نهایت هم بعد چله برای همیشه میرن(این کارارو میکنن که دست برداری از خوندن),False,1,1,1
397481384,استرس به خودت نده,False,1,1,1
thread_13106295_starter,سلام دوستان من طبق اخرین پریود الان ۸ هفته و ۴ روزم امروز رفتم سونو واسه تشکیل قلب دکتر گفت ۶ هفته و ۴ روز هستم و فقط ساک تشکیل شده جسم زرد و جنین نیست کسی بوده اینجور بگه دکترش؟؟؟خیلی استرس گرفتم لطفا جواب بدید😭😭😭,True,8,9,4
353718851,بیا تاپیک قبلی زیاده,False,1,1,1
thread_6077129_ورودجدید_1399/12/23 13:49,تا ۸ هفته صبر کن بعد برو,False,1,1,1
413742082,انشالله نوبتت بشه برای منم دعا کن خیلی دلم میحواد ازدواج کنم مادر بشم,False,1,1,1
328856148,دایرکت میدن دیگع,False,1,1,1
349730466,امیر رضا .....آیهان,False,1,1,1
thread_17950084_starter,از استرس قلبم داره وایمیسه،من سونو انتی رو رفتم ولی فک کردم ازمایش خونش مهم نیست نرفتم،الانم چهارده هفته ام چیکار کنم؟بخدا دارم دیوونه میشم,True,9,9,2
361814943,بگو من کارخونه ی بچه درست کن نیستم. دکتر برم ازتو هم آزمایش اسپرم میگیرن. چقدر رو دارن مردا ک اصلا خودشونو مقصر نمیدونن,False,4,1,1
399964509,سونو هیچ مشکلی نداشت، فقط ازمایش انتی ریسک کمی رو نشون داد که من خیلی بابتش استرسی شدم و درست وقتی جواب سلفریم اومد که سلامته سلامته ،رسید دستم رفتم دمتر نشون دادم یه سونو بابت طول سرویکس نوشت و اونجا بود که فهمیدم دیگه ندارمش،آرامش خودتو حفظ کن که خدا نگهدارشه،و هیچ کس اندازه خودت نمیتونه بهش اسیب بزنه با استرس!,False,7,6,3
313818887,"مام یه فامیل داریم وقتی بخوای دعوتشون کنی میگن ما دوس داریم خواهر برادری با هم بیاییم
میشن ۶۰ نفر
منو مامانمو ابجیم هرکدوم ۲بار دعوتشون کردیم
دیدیم به روی مبارک نمیارن دعوت کنن
منم دعوت کردم که بچه هامم در عوص ببرم مهمونی خونشون و سرگرم بشن
دیدم نه که نه
الانم اگه جایی ببینم تصمیم گرفتم به روشون بیارم
چون خیلی بدم میاد کسی حس زرنگی کنه",False,4,1,1
thread_15042181_starter,هجده ماه پیش به خاطر مریضی برادرم مجبور شدم پسرمو سقط کنم هنوزم نتونستم فراموشش کنم هنوزم شبا با گریه می‌خوابم همش میگم نکنه دکترا اشتباه کردن نکنه بچه ام سالم بود خدایا این چه درد بی درمونی بود من بدبخت و گرفتار کردی,True,7,7,9
348801449,منم بچه سوم   ناخواسته. خیلی اذیتم اصلا نمیخوام. الانم روز و شبام تاریکه افسردگی شدید  حال ندارم پاشم وسایل آماده کنم  وزنش پایین شاید باشه  اصلا میلی به غذا ندارم  شما چه طور روحیه داری. من که به خودکشی فکر میکنم. باز میخوام سزارین شم اعصابم خورده ای کاش مثل بعضیا  چنین بمیره,False,8,5,10
thread_17510600_starter,"کسی سابقه داشته که لاغر بوده باشه بعد یهو وزن اضافه کرده باشه ترکای صورتی و قرمز بیوفته رو پوستش؟؟؟
خوب میشن منظورم اینه که از بین میرن مثلا اگه لاغر کنم دوباره؟؟
پمادی چیزی مصرف کردین واسشون اگه مورد مشابه داشتین یا نه؟؟؟
لازم برم دکتر؟؟؟کاهش وزن تاثیر داره؟؟؟؟",True,3,4,1
thread_10185456_starter,"ببننیل‌. سنسننسه ینین؟ ججکسمق نینسس،😭😭😭
نبنیننس😐😐😐
ینبننینسمس؟",True,1,1,2
thread_13170997_starter,"انگار من خوشم میاد برم سونو اضافی
نگرانی و استرس اضافی داشته باشم
بخدا دکترم میگه، تازه دکترمم قبول داره
هی میگه داری زیاده روی می‌کنی
همه این سونوهایی ک رفتی تهش فهمیدیم هیچیت نیس😐😐 چرا رفتی
فلان دارو رو چرا میخوری
بخدا انقدر ک این ب من فشار میاره تو بارداری، ویار و و باقی دردام اذیتم نکرده...",True,8,8,2
383183076,به من نگفتن🥲😒,False,1,1,2
413174365,خدا که مثل ما بنده ها نیست حتما میبخشه,False,1,1,1
393892368,گفت دوهفته دیگه بیا ۱۰ هفته بود,False,1,1,1
388759073,"میشه لطفا تایپیک دلداری میخام منو گزارش بزنی لطفا زنده باشی
میدونی چن نفر باید بزنن بترکه؟",False,2,2,3
338901308,"استرس نداشته باش میتونی یک دونه قرص پرانول مصرف کنی
صادرک و کدرتا حفظ باش مراحل شروع رانندگی
زمان سوار شدن و پیاده شدن از پشت ماشین رد شو از جلو زد بشی ردی
خاموش کنی ردی
هر کجا که ممنوعه بود ولی گفتن دنده سه برو یا ایست کن یا دور بزن از کلمه استثنا استفاده کن
فرمون را دو دستی بگیر یک دستی بگیری ردی
در ماشین با دست راست باز کن
آزمون تمام شد بپرس که ماشین خاموش کنم یا خیر
دور دو فرمان و دنده عقب و دوبل بلد باش
همینا یادم هست برای ده سال پیش",False,1,1,1
344993204,از بیکاری بهتره تا شغل مناسب تر پیدا کنی,False,1,1,1
384557453,سلام روز های زوج از ساعت ۱۰ونیم تا۱۲  یا از ساعت۲تا۳ بعد از ظهر لینک سایت مورد نظر رو برای نی نی یار می فرستید و میگین حذف شه,False,1,1,1
375179792,عزیزم شهرستان باشین اجاره مناسب پیدا بکنین خودت و خواهرت و مامان بزرگت برین . بذار پدرت هم پیش عموهاش بمونه . ناراحت نشی وعذر میخام این تاپیکات که یه دوتاش رو گذرا الان نگاه کردم همه از بی عرضگی پدرت هست . اون عموهای الدنگت هم نکنه خدای نکرده رفتار ناشایست با خواهرت داشته باشن ؟؟ مرد معتاد و بیعار و بیکار ،عقل تو کله اش نیست و به درد جرز دیوار هم نمیخورن.,False,2,2,1
395720471,نمیشه شکایت کرد,False,1,1,1
412629104,من ک معده درد بیچارم کرده اصلا نمیتونم ی دل سیر غذا بخورم,False,4,1,1
317671572,بیرون میومد که میفهمیدم,False,1,1,1
409127688,"من متاسفانه تهران نیستم دکتری که بهم معرفی کردن رشته
ولی میخوام برم تهران چون از دکترم راضی نیستم",False,2,2,1
359714068,😐😐💔💔💔حالا من و تو,False,2,1,3
390512748,اخه هفته بعد باید برم دکتر سرخودم ک نمیشه قرص بخورم چیکار کنم 😭😭😭,False,5,6,2
413957645,دکتر باید بگه اکو .ک همون بار اول انجام میده,False,1,1,1
thread_7833045_shirin_2125_1400/10/02 01:13,یه چی بگم.من رفته رفته پریودام دردش بدتر شد همچنین خواهرم.خواهرم انقد قرص میخورد ک بالا میاورد!!دکتر اوردیم خونه امپول زد هیچی به هیچی.امااااا شیاف دیکلوفناک استفاده کردیم معجزه س امتحان کن,False,3,1,1
297588675,"یا ابلفضل میخوای چیکار کنی خدایی 🤷🏼‍♀️😭من اول برم ببینم یکم گریه کنم بیام
خودم ۴اولیه ۱/۵دومی دارم دیونه میشم",False,7,7,4
392466456,"نه اصلا اینکارو نکن که بدتر میشه
همین که ببینه تایید میکنن منطقی و پشتتن کافیه اینجوری کلا دیگه شل میگیره همه چیو",False,1,1,1
339859434,وای منم دارم میمیرم از درد دیروز رفتم دندانپزشکی بعد اثر یی حسی که رفت سر درد بدی گرفتم امروزم از بدن درد نمیتونم اصلا از جام تکون بخورم😭😭😭😭😭,False,7,2,2
411963061,"عزیزم راه حل دست من نیست
بابام بهشون میگه بیایید چون زنش زنگ زده اصرار کرده!بابامم دلش رحم اومده",False,4,2,2
361935366,"کاش منم ی روز از آدمی که عاشقشم بچه دار شم ...
کاش بتونم همونقدر عاشقش بشم مثل روز اول
با نی نی تو دلیت برام دعا کن",False,1,1,3
321896091,"عزیزم تسلیت میگم روح پدرتون شاد
ولی عزیزم مرگ حقه وبرای همه ی ما هست چه زود چه دیر
عمر سر میرسه
ولی نماز روزه وقرآن خواندن ما نباید ربطی به مرگ کسی داشته باشه
دوباره شروع کن و از حرم الهی دور نشو 💚",False,1,1,1
413550009,نه برادرش رفته خواستگاری دختر دایی من بحث مون خیلی بیخود بود  ولی همون خانوادش بزرگ کرذند  و هرکار شد گفتند طلاق,False,3,1,1
thread_7291377_starter,"بدنم هم حساس شده 😐
عصبیم میخوام یکی جر بدم 😡😡😕
روز دوم پریودیم 😭غم و خشم و ضعف باهم دارم تجربه میکنم",True,7,2,5
413783223,چرا خیلیم گرمه,False,1,1,1
396101043,خون تو ادرارت بوده؟,False,1,1,1
345393591,"من پنج هفته با قرص سقط کردم هفته پیش با ۵ تا قرص هر یه ساعت
دیروز سونو دادم بقایا هم نداشتم",False,1,1,1
356016359,چون هزاران نفر دیدم شنیدم مشکل و منعی نداشتن اما با رابطه کیسه آب ترکیده یا به خونریزی افتادن. خودم منعی نداشتم اما ۹ ماه رابطه نداشتیم. و سه ماه بعد زایمان. بعد بچه و خودت کمی خویشتن داری کنید چیزی نمیشه,False,2,2,1
370497498,احساس میکنم بخیه میزد زود جمع میشپ,False,1,1,1
392598801,نعنا خشک دم کن بخور,False,1,1,1
388238232,"از الان نگران اتفاق نیفتاده ای؟؟؟ همین نگرانیت بیشتر به جنین تو شکمت آسیب میرسونه . توکل کن به خدا
منم دندون عصب کشی کردم تو بارداری همه هم گفتم خطرناکه بعدش ولی خب دیگه انجام داده بودم باقیشم توکل به خدا
منم هفته ۳۱ ام ، انشاالله به سلامتی یه بچه سالم به دنیا میاری",False,1,1,1
thread_6951070_لاله_1400/05/08 16:50,"اول از همه بدون با این سویه ی جدید، امکانش کمه نگیرید.
قرنطینه در اتاق، ضدعفونی ظرفهای مصرفی...ضد عفونی سرویس و حمام. باز گذاشتن دائم پنجره",False,1,1,1
401347774,درسته.قطعا درد زایمان قابل مقایسه با هیچ دردی نیست.بیخود نیست که میگن بهشت زیر پای مادراست.,False,1,1,1
370705363,برو حال و هوات عوض میشه :),False,1,1,1
340276822,با دوستام اومدیم جوج بزنیم؟؟!😐😐 شوهر من از بعد ازدواج دوستاشو گذاشت کنار غیراز منم با کسی جوج نمیزنه😑😑,False,3,1,1
259567118,"اره جان
۳شنبه با ۳روز تاخیر بتا دادم ۸۶۰ بود
ماما گفت نرماله حدودا ۴هفته
حالا نمیدونم کی برم دکتر
یکم درد پهلو و تخمدان و پریودی دارم",False,3,4,1
330758122,عزیزم انشالله که این اتفاق نیافته وصحیح وسالم بغلش بگیری..۱۰تا آبت الکرسی واست میخونم,False,1,1,1
thread_15784692_starter,"بچها شوهرم خسته ام کرده نمیدونم چیکار کنم ن میتونم برگردم چون پدر مادرم درکی از مشکلی من دارم ندارن نه میتونم بمونم  تو زندگیم دارم اب میشم تو شهر غریب الان ویلون سیرونم
خسته شدم خسته   خیلی اذیتم میکنه بهم دروغ میگه از  پنهون کاری میکنه
به خونوادش ی مدت پول میداد خیلی بی رویه زیاد بد به من دروغ میگفت رمنم میفهمیدم باهاش حرف زدم با دعوا با ارومی که چیزی رو از من پنهون نکن توروخدا نکن   راستشو بگو گفت باش باز دروغ دروغ
جلوی خونوادش جوزی رفتار میکنع که مثلا زن من نمیدونه به شما پول میدم  مثلا من  زنمو ادم حساب نمیکنم
مثلا امرپز رو موتور بودیم یهو مادرش زنگ زد بد شوهرم بهش فهموند کع زنم پیشمه
نمیتونم راحت حرف بزنم
بش گفتم مگه چی میخواستی بگی کع نمیتونستی پیش من حرف بزنی
چرا اینجوری حرف زدی من که همه چیزو میدونم عادی حرفتو میزدی انقد دلم سوخت انقد گریه کزدم زدم از خونه بیرون   برگشته ب من میگه گمشو بیا خونه یا برو شهرتون خونه بابات
من زنگ میزنم بابات تکلیفتو روشن کنه
همیشه خونوادش اذیتم میکنن هیچ کاری نمیکنع پشت سرم ی جور رفتار میکنه جلوم ی جوز
درد من پول نیس بچها درد من حرفای ک میزنن نیس
درد من اینه کاری میکنه اونا فک کنن من هیچی نیستم اونا فک کنن شوهرم منو ادم حساب نمیکنه
خپاهر شوهرم رفته بود پیش عمه شوهرش گفته داداشم بهش نمیگه به ما کمک میکنه
هر کاری میکنم درس نمیشع
نمیدونم چیکار کنم  از بی جایی اومدم تو پارک نشستم 🥲🥲🥲🥲🥲🥲🥲🥲🥲🥲",True,9,8,8
342317416,"خودتو سرگرم میکنی؟! مثلا ورزش برو
دوستی داری باهم برین بیرون؟!
تنهایی نمون",False,1,1,1
413688208,"سوال منم هست
نمیدونم خوبه یا نه
صفری توام؟ یا پیش زمینه داری",False,2,3,1
403180853,از ممنوعیتش نمیدونم ولی کتاب  قدیمی پر از علوم غریبه ست,False,1,1,1
412941207,اخ دست گذاشتی رو درد ودلم.منم همینم.اندام ساعت شنی.بعد از دوتا زایمان تازه شدم ۶۱ کیلو.استخوان بندیمم ریزه💔💔,False,2,1,3
413072167,اسی الان منم از اینا میخوام 😐🔪,False,1,1,1
395358611,"اتفاقا دوتا داداش عالیه، پسر تنها یا دختر تنها خوب نیست
دختر خواهر میخواد ، پسر برادر
والا من میبینم شوهرم پسر یکی هست چقدر تنهاست
میبینم که من چقدر با خواهرم راحت ترم تا با برادرم
از نظر توجه بچه هم بدون هر چی بکاری درو می‌کنی
عشق بدی، عشق میبینی، دختر پسر نداره",False,1,1,1
368908917,خب یه ماه گذشته رفع نشده دوتا دیگه هم زده 😭😭😭از همینش میترسم,False,4,6,2
thread_14430366_starter,"یه دندان دارم که ریشه ش مشکل داره و باید بکشم و ایمپلنت کنم البته الان که باردارم ایمپلنت نمیکنم فقط قصد کشیدن دارم اواخر ماه چهارم هستم
میخواستم بپرسم کسی بوده تجربه کشیدن دندون داشته باشه توی بارداری؟؟؟ بعد رفتن بی حسی با درد بعدش چیکار کردین ایا تونستین مسکن مصرف کنید؟؟",True,3,4,1
397814816,نکن با خودت اولا  یه سالو چند ماه هیچی نیست اینقدر بخایی خودتو عذاب بدی دوماه دوست منم مث تو بود دوسال اقدام داشت خودشم یکم تنبلی داشت و اسپرم شوهرش ضعیف تا شوهرش  اسپرمش درست نشد واقعا باردار نشد بعد دوماه دارو خوردن شوهرش خداشکر باردار شد انشالله به زودی توم ب نتیجه میرسی. منم یه شهر غریبم کسیو اینجا ندارم این بیشتر اذیتم میکرد ولی خب کنار اومدم,False,2,1,2
thread_9736375_l_am_ryhane_1401/09/02 12:46,من حامله نیستم این چیزا رو نمیفهمم... ولی احساس کردم خیلی استرس داری😔ایشالا ک اوکی میشع,False,1,1,1
325364853,چیکار باید کنیم,False,1,1,1
325145497,سقط درد نداره ترس هم نداره نگران نباش,False,1,1,1
350853418,"منم چند سال پیش تو ساختمون تنها بودم همسایه های دو طبقه دیگه نبودن دم غروب خوابیدم یهو خودمو دیدم رو تخت خوابم خیلی ترسیدم و دو نفر دل‌هامون به زور میکشیدن منم لبه ی تخت رو محکم گرفته بودم و التماسشون میکردم به خاطر مامانم منو نبرن و خودمو روی تخت میدیدم قشنگ اون زوری که لبه تخت نگه داشته بودم یادمه یهو ولم کردن خوردم به میز توالت و مدادا ریخت از خواب پریدم دیدم لبه تخت شکسته و مدادا ریخته پای برهنه فقط دویدم تو کوچه هنوزم نمیدونم دقیق چه اتفاقی افتاد
همش فکر میکنم شاید تخت از قبل شکسته بود یا مدادا ریخته بود اما خودمو با همون لباسا دیدم که خوابیده رو تخت چی یا اون زور؟!؟؟",False,7,8,2
349143519,"البته قرص هم میخوردم و هر ماه گریه میکردم شدید ک بشه
اون ماه ک گرفت فقط گریه میکردم ک نمیشه چون کم اقدام کردم و خدا خواست شد من اوج گریه و استرس داشتم",False,6,6,4
377780593,"برا چیزی ک حالتو خوب میکنه تلاش کن عزیزم ..
من یه مدت کار کردم .اول ک خسته میشدم
بعدشم زورم میومد میگفتم شوهرم وظیفشه خرجیمو بده
وقتی کار می‌کردم. اون توقع داشت همش پول خودم خرج کنم .اون آنچنان خرجی نمیکرد
الان ک سرکار نمیرم خرجا گردن خودشه ..منم با منت یا هرچیز دیگ میگیرم ازش ک پررو نشه و عادت کنه ب خرج کردن",False,4,2,2
356412210,همینه دیگه کلاس ها شدن بالای 40نفر بخاطر افغانیا هر روز دیگه بچه ها مریض میشن بعلت تعداد زیاد,False,3,2,1
390097606,چیکار می کنن,False,1,1,1
336236076,"من یک هفته مونده به پریودی داخل سینم بازو و صورتم جوش های التهابی بد میشه
رفتم دکتر اینو داد",False,1,1,1
283536818,پس عیبش چیه,False,1,1,1
409776045,"خدا خیرت بده معلومه خیلی با شخصیتی
دست مادرت هم درد نکنه از قدیم گفتن دندون اسب پیشکی رو نمیشمارن
بخاطر بیشعور بودن مادر شوهر به خودت استرس نده و برات مهم نباشه چون واقعا ارزشش رو نداره",False,1,1,1
411503128,همون که تو گفتی و میخام یاد بگیرم احساس میکنم خوشمزه اس,False,1,1,1
275530434,اره شوهرم خوبه در کل ولی چ کار کنم دیگ دلم خواست اونم نخرید,False,2,1,2
353724019,انشاالله که خدا هم واسه ما بهترشو بخواد انقد تو عذاب وجدانم همش میگم نکنه پیش بچه ها شرمنده بشیم ،واسه اینا کم بذاریم 😮‍💨,False,6,6,4
thread_16481208_starter,"من نقشی توش نداشته باشم خدا نفسش رو بگیره که قربانی نشه تو زندگی
خیلی امروز دلم گرفته کسی که دهنش چفت و بست نداره و میخواد چرت و پرت تحویلم بده نیاد تو تاپیک ام فقط اومدم درد دل بکنم",True,7,5,8
382326542,چون فشارم بالا  حالم خراب ؟  باید به دکترم فردا بگم,False,4,5,1
412612624,"نه درست بود کارت
برای ی دکتر رفتن همه رو اسیر خودش میکنه
شوهرت چرا نمیتونه تنها برگرده از اونجا؟",False,1,1,1
413962487,لطفاً نظر بدین,False,1,1,1
thread_16110869_starter,"من یه هفته پیش کورتاژ کردم
از همون اول هیچ استراحتی نداشتم
مامانمم همراهم نبود تو بیمارستان یا بعدش
دو روز بعد شوهرم بخاطر اینکه خونه مرتب نیست باهام دعوا راه مینداخت‌
دیشب مهمون داشتم اینقدر کل دیروز کار کردم که شبش دیگه با زور مسکن یه مقدار درد کمرم آروم گرفت
امروز صبح بیدار شدم دیدم کل بدنم شکسته از درد
همه ظرفای آشپژخونه کثیف شده
کارای بچه و پوشک عوض کردنش و گاهی بلند کردنشم‌ با منه‌ در حالیکه بعد کورتاژ نباید چیز سنگین بلند کنم
صبح به شوهرم گفتم خیلی درد دارم اصلا توجهی نکرد فقط گفت لباسمو اتو کنی من میرم خونه بابام و برمی‌گردم
حالم داره از خودم و از همه بهم میخوره",True,8,3,7
380979059,اره بابا الکیه من که سر سومی یعنی نابود شدم از بس تهوع داشتم,False,5,1,1
355880309,به خدا دیدی هرچی کشیدم ازدل رحمیمه الان بلندشدم یه جارو زدم چنان جا بچم درد میکنه نگران شدم دکترم بابت دردم گفت استراحت کن,False,5,6,2
406033633,بهترین راه خوردننون خشک یا ساقه طلاییه ناشتا  و بوییدن لیمو هنگام شروع تهوع.من اینا کمکم میکرد تازه سرکارم بودم.دکتر گفته بود زیاد استفراغ کنی یا عوق بزنی جفت ورحم میاد پایین پس جلوگیری کن.و هنگام عپق زدن بشنید توی دستشویی شکمتو هم با دست بگیر نزار فشاربیاد,False,1,1,1
411789887,"نخریدیم فقط فروختیم
فرش / میز عسلی",False,1,1,1
thread_14826441_starter,"200تومن تو حسابم داره
اومدم خونه گفت هفته دیگه جدا بشبم
آقا عاشق یه هرزه شده
بهش گفتم توافق کن پیش وکیل صد میلیون بهم میدی
بعد از اون 200تومن که تو حسابم100میدم به تو اون0صد تومن هم خودم میبرم
اولش گفت نه اول باید پولام رو بدی
بهش گفتم نترس من فقط حق خودم رو بر میدارم
بقیه پولت رو بهت میدم
حالا گفته باشه
گفته بچه ها هم هر جا خاستن بمونن
الان بنظرتون از کجا باید شروع کنم
بریم پیش وکیل؟
نمیخام کاری کنه که اخرش هیچی بهم نده
این توافق۱٠٠تومن رو باید کجا بگم که بدونن این اقا خودش گفته",True,8,8,6
271263144,خودت و آقاتون حتما برید آزمایش بدید و مایع منی آقا رو حتما چک کنید و شروع کنید ویتامین درمانی یک ماهی رابطه نداشته باشید بعد ویتامین درمانی شروع کنید انشالله که میگیره . مایع منی باید حتما برسی کنید از نظر اندازه و شکل و شناور بودن و سرعت اسپرم وگرنه زحمت الکی میدید به خودتون,False,1,1,1
342028236,تو چشم بینا نداری,False,2,1,1
thread_12181295_starter,بحث ازدواج و معرف بود من گفتم منم لعنت زیاد میفرستم به معرف مون  بعد پدرشوهرم گفت مگه خوبید و راضی هستی از اون تشکر میکنی منم گفتم تا حالا نشده راضی باشم. جاریمم سریع بحث و عوض کرد بالا نگیره بحث. ولی خب مادرشوهرم ناراحت شد رفت تو قیافه ولی من راضی نیستم چون وضع مالی خانواده شوهرم معمولی هست پدرم پولدار درسته شاید بگید خودت بله دادی اما تقصیر پدرم شد گفت خوبه اخلاقش خوبه سالمه فلان ولی الان وضع مالیش خوب نیست شوهرم منم ناراضی ام کاش هرکس با هم کفو خودش ازدواج کنه,True,5,3,5
371630462,نگران نباش هفته دوم هیچ خطری نداره من هفته پنجم زده بودم دکتر م چند تا نامه نوشت واسه متخصص زنان زایمان گفتن مشکلی نیس ولی از هفته هقتم به بعد نباید تزیق بشه چون تو شنوایی جنین تاثیر میزاره من بچم دنیا اومد کاملا سالمه انشالله شماهم به سلامتی بچه تو بغل بگیری,False,1,1,1
thread_10157128_fatmjoon_1401/10/29 10:27,ببخشید من دکتر نرفتم اصلا یعنی تحت نظر نبودم خودم طبق بارداری قبلیم قرصو ازمایشو سونو دادم  الان ۱۸ هفته و ۲ روزمه شما چه قرصایی میخورید,False,2,3,1
thread_8669803_الیزابت۷۴_1401/02/27 12:44,"تنها چیزی ک بهش فکر نمیکردم همین مرغ بود🤣🤣 اخه قبل اینکه اینهمه گرون بشه زیاد خریدم و فریز کردم
همیشه همینکار میکنم .کم کم حوصلم نمیکشه🤣",False,1,1,1
282842535,"من خودم اجازه نمیدم😐😐
به اندازه کافی مشکلات داره بارداری",False,1,1,1
thread_8704641_ane7814_1401/03/02 09:33,"امتحان امروزم و امتحان ریاضی چهارشنبم ۲۰ شع
ممنونم",False,1,1,1
thread_8356775_starter,ازکجا بدونیم افسردگی بارداری گرفتیم؟ کار هرروزم شده گریه دلم گرفته ماشینم نداریم بریم بیرون شوهرم از تاکسی وکرایه متنفره.. کار خاصیم نمیکنم توخونه نمیدونم چکارکنم,True,6,4,8
thread_8408022_mamandibba_1401/01/13 12:12,اتفاقا دیروز بچه ام می‌گفت توروخدا آشتی کنید چی میشه، گفتم مامان جان نمیشه، از دعوای ما نگران نباش هیچ اتفاقی نمی افته بلاخره خیلی از پدر و مادرا هستن که دیگه به دلایلی نمیتونن با هم زندگی کنند و طلاق میگیرن هیچ اتفاقی هم نمیافته خیالت راحت باشه، پس تو استرس نداشته باش، دیدم ساکت شده بود با تعجب نگاه میکرد، بهش گفتم هیچ ترسی ندارم این همه آدم طلاق میگیرن و تنها زندگی می کنن منم روش... بعدش کلا دیگه لال شده بود ... یبار جدی باید اینارو میگفتم ، ولی راست میگی دقت نکرده بودم با گفتنه اینا شوکه شده بود انتظارشو نداشت، فقط بلوف میزنن، موقع عمل موش میشن آقایون، در موردبچه هم اصلا نقطه ضعف نباید نشون بدم بفهمه حساسم سو استفاده می کنه,False,6,4,3
309128872,چنین روزی فعلا نرسیده,False,1,1,1
thread_11488172_starter,"شما ک کارمند نیستین چجوری دستتون تو جیب خودتونه یه کار خونگی پیشنهاد بدین یا همکاری در فروش
دلم میخواد حداقل کمترین نیاز های خودمو بتونم تعیه کنم برای خودم بدون ترس ازینکه وای الان اسمس خرید میره برای شوهرم😭😭😭",True,6,6,5
408336125,"رژیم آخه؟؟؟؟؟؟؟😱😱😱😱😱
خب ورزش که بهتره خواهر من.ورزش بارداری .من از اون آدماییم آب میخورم نفس میکشم چاق میشم😔😔ولی تو بارداری که زیر نظر ماما ورزش میکردم اونجوری که فکر میکردم بترکم تو حاملگیم نشد.خدا شاهده خیلی خوب بود .وزنم بالا رفت ولی اصولی چون تغذیه هم بهم داده بودن.رژیم مخصوص بارداری میگما نه لینکه سر خود هیچی نخوری یا کم بخوری.نمیترسی بچت وزنش کم شه خدای نکرده.
غصه نخور دختر خوب شماره تلفن میدم یه زنگ بزن یه صحبتی باهاشون داشته باش به امید خدا که نگرانیت رفع میشه
۴۴۳۵۳۵۵۰ سرکار خانم بهبودی",False,1,1,1
thread_8880238_77shaghi_1401/04/01 00:46,"دختر خاله من عین شما بود شوهرش به مادرزنشم رحم نمیکرد چشمش دنبال همه بود آخرشم زنه با یه بچه12ساله دید هرکارمیکنه درست نمیشه سختی های دیگرم تحمل میکرد مثل بی پولی و مادرشوهر
رفت خونه مادرش قهر دوماه موند شوهرش گفت طلاقت نمیدم زنه هم یسری پیام نشونش داد ک مثلا بهش خیانت کرده گفت برگردم منم خیانت میکنم حرفی داری؟دیگه مرده گفت پس بریم جداشیم",False,1,1,1
321769389,خوبه ریسک نداری,False,1,1,1
402306616,"الهی...
منم دیشب باخودم میگفتم خدایا چیکار کردم انقدر استرس و نگرانی داشتم امروز از صبح حتی بااستراحت دل‌درد داشتم
یکم دوش گرفتم و از خدا طلب بخشش کردم گفتم خدایا خودت مراقبمون باش و حواست بهمون باشه یکم بهتر شدم..تهوع توام رفته رفته بهتر میشه'بالام میاری یا فقط تهوع",False,7,7,3
thread_11761771_starter,"سلام خانومای زیبای سایت من دو روزه پریودم عقب افتاده و سمت چپ شکمم درد میکنه و زیر دلم یکم سرگیجه و سردرد و یکم حالت تهوع دارم وقتی پرخوری میکنم انگار دارم خفه میشم البته زیاد نمیخورما ولی مثلا یه قاشق بیشتر بخورم حالم خیلی بد میشه  کمردرد دارم بدجور و بدنم درده و دلم میخواد بیشتر دراز بکشم و بخوابم
وای ۴ روز قبل از پری ازمایش بتا انجام دادم منفی شد حتی عددش هم  صفر شد وای بی بی چکم هاله انداخت ب ندشVitasign  بود و بعضی ها میگن خطا داره و...
ترو خدا راهنماییم کنیم هنوز پریود نشدم و درد پریودی دارم ولی ترشح هست ممکنه باردار باشم یا نه؟؟",True,5,6,2
413960265,"بگو بهش و بپرس ازش
چرا الکی فکرخودت درگیر میکنی وقتی میتونی بپرسی",False,1,1,1
246749152,قد و وزنشو بگو و چندسالشع؟,False,1,1,1
402712679,"فقط یه سوال
چرا با شما تنها بد دهن بود؟",False,2,2,1
353941547,"عزیزم میشهیه سوال دیگه از من جواب بدی؟
من انتخاب رشته واسه دانشگاه کردم.اما خیلی الان پشیمونم.
بینایی سنجی پروتز دندانی و فیزیوتراپی تهران رو زدم.
اما الان میگم کاش پروتز دندانی رو اصلا نمیزدم.
دکترم گف چرا زدی.؟
گفت باید فیزیوتراپی میزدی.
الان بنظرت فیزیوتراپی قبول میشم؟خیلی ناراحتم.
چون اول بینایی سنجی زدم.بعد پروتز دندانی بعد فیزیوتراپی
کاش اول فیزیو میزدم...",False,5,6,3
410184223,نه تومور که نیست.اما باد کرده یا نفغ نیست؟؟؟درد داری؟؟,False,2,3,1
thread_15221409_starter,سلام دوستان لطفا کمکم کنید من هفته ۳۰ بارداریم چند شب پیش متوجه شدم شوهرم با یکی چت کرده با یکی از دوسدخترای قدیمیش حدود دوماه پیش این اتفاق افتاده و دختره میخاسته از ایران بره پیام داده بود که خدافظی کنه،بهش که گفتم صب تا شب سرم عربده کشید جوری که تمام همسایه ها متوجه شدن و من شدیدا از اونروز تنگی نفس دارم نمیتونم چیزی بخورم حتی آبم از گلوم پایین نمیره کلا سر هرموضوعی بحثمون بشه فقط داد میزنه چیکار کنم تو بدترین حال ممکنم توروخدا کمکم کنید😔😔😔,True,9,9,6
412908181,"برات صلوات فرستادم ان شاالله  بارداریت به سلامتی باشه گلم...
اگه دوست داشتی برو این مطالبو بخون برای زیبایی و هوش و خوش اخلاق و خوش روزی بودن بچه و........ داره
اگه دقیق انجام بدی نتیجه صد در صدی میگیری .
استفاده کردی برای شادی روح خواهرم صلوات بفرست 💓
اگه میخوای بچت تو فامیل از همه نظر زیبایی و اخلاق و... تک باشه بخون و انجام بده .. فقط اونایی که میترسی نخور مثل رازیانه و....❌️❌️❤️
فارغ از هر دین و باوری آدم دوست داره بچه های باهوش وسالم و خوبی داشته باشه ... که نه غصه دیر راه افتادنش یا دیر حرف زدنشو داشته باشه نه غصه ناله نفرین دیگران...🚫
اگه دوست داری بچه باهوش و خوش اخلاق و باایمان و زیبا داشته باشی این مطالبو بخون و انجام بده ❌❌❌
یادت باشه
شخصیت و اخلاق و ایمان و عقل و همه چی بچت به دست تو میخواد شکل بگیره... پس حسابی تلاش کن ..
توی حاملگی همه کارارو بکن بچت دنیا بیاد نصف راهو رفتی
یه مثال هست که میگه ذات بد نیکو نگردد چون که بنیادش بد است ... پس بنیاد بچتو عالی بساز .. وسعی کن تو اون نه ماه از گناه دوری کنی ....
غیبت ..تهمت...حسودی... دروغ.. یاهرچی که گناهه تو اون نه ماه دوری کن ازش 💓موفق باشین عزیز
https://www.ninisite.com/profile/forum/topic?topicId=10683214&slug=خانم-های-باردار-یاهرکی-در-آینده-میخواد-باردار-بشه-بدو-بیا&postId=308706153",False,1,1,1
386556476,برای عفونت و درد دندون میتونید پوست انار بزارین رو موضع تا عفونت رو تخلیه کنه,False,1,1,1
329248272,"چرا طرف ما همه باردارن پس
خیلی ها ناخواسته",False,1,1,1
406363611,حسودن که میگن,False,1,1,1
308396362,ایشون ۱۹ سالگی یه نفر بود ۱۷ سالگی یه نفر دیگه ۱۸ سالگی یه نفر ۳۰ سالگی سن یعنی نداره؟؟؟,False,1,1,1
293689876,منم یه روزی برای همیشه میرم,False,2,1,5
thread_8737068_monarch_1401/03/07 19:13,14هقته ای، ینی 3ماه و نیم. برای اینکه حرکتو حس کنی تا 22هفته وقت هست نگران نباش,False,1,1,1
408543031,"منم کم خونی داشتم.هفته اول اون دو روزی که باید ۵۰۰ میخوردم احساس میکردم دارم یه حالی شبیه به مرگ رو تجربه میکنم.
حالم داغون،روحیه داغون
هفته دوم جوری خودم رعایت میکردم حتی میدیدم اینقدر حساس شدم اون ۵۰۰ تا رو هم به زور پر میکنم",False,6,5,6
thread_17401588_starter,"من طبق آخرین پریود، ۷ هفته و ۵ روزم
ولی طبق سونو، ۶ هفته و ۲ روز هستم
ساک بارداری و کیسه زرده دیده شد ولی جنین دیده نشده
واکنش دسیدوال طبیعی در اطراف ساک نوشته
خونریزی ساب کوریونیک ۱۰ ×۲۰ میلی متر هم زده برام
به نظرتون جنین تشکیل میشه یا نه؟
استرس دارم",True,7,8,2
413011203,"الآنم میگه من پشمیونم برگرد و خانوادم هم میگن پشیمون نرسیده و برگرد ولی من دیگه نمیتونم برگشتن من به اون خونه یعنی مساوی با خورد شدم شخصیت من
هر چی به خانوادم میگم نمیتونم بسازم و نمیتونم سازش کنم خسته شدم میگن نه برو خونه خودت درست میشه",False,7,5,6
325891005,باید ۴۸ ساعت بعد تکرار کنی اگر داره میره بالا مشکلی نداری,False,1,1,1
341943328,"نه نزنی بهتره
اون ۹۹ درصد توی ایران فیکه",False,1,1,1
356958409,"عزیزم برخورد منظورم نیست
مثلا دانش اموزو ماساژ دادی فرداش ازت شکایت کردن که نیشگون گرفتی
مثلا با ارفاق خیلی خوب دادی وگریه گریه گریه
وفرداش شکایت که این معلم اشک بچه منو دراورده
هرچی میگم نمره گریه نداره ومهم تلاشتونه
خیلی خوب که خب عالیه
باز گریه گریه ومادر از بچش هم بی منطقتر و...
بخوام بگم یه کتابه بخدا",False,5,3,2
408781970,"یه علامت سرد شدن دست و پا هست من اینطوری بودم
من کلا علائم پسرو داشتم به دلمم افتاده بود پسره
نقویم چینی هم گفت پسره، شوری دوست داشتم، سر درد هفتهای یکبار داشتم، ویارم کم بود، عصرها ویار داشتم به جای صبح ها، شکمم هم تیز بود، ناخودآگاه تند راه میرفتم همه بهم میگفتن چرا اینطوری راه میری
اما همه بهم میگفتن بچه دختره چون یکم پف کرده بودم
تنها علامتی که اوایل نداشتم پر شدن موهام بود که از ماه پنج شروع شد",False,1,1,1
369618149,"بدوننن دخووول
یعنی رابطه سطحی داشتن",False,1,1,1
413987913,"اره ادامه دادم
۱سال",False,1,1,1
295252006,"وااای یک چیزی میگم یک چیزی میشنوی ها
یک زنه سزارین کرده بود نمیدونم خون تو بدنش مونده بود یا چی همش میومدن فشارش میدادن جیغ میزد بخیه هاش درد میکرد من براش گریم گرفته بود",False,2,1,2
413353615,"خجالت نمیکشین  برای زن هایی که جدا شدن اسم میذارین   تا حالا  دیدین رو مردی که جدا شده اسم بذارن یا برچسب بزنن؟!!
مخصوصا  که دخترا  برای ازدواجشون اختیار ندارن  باید اجازه پدر باشه   خیلی از دخترا رو مجبور به ازدواج میکن!",False,3,1,1
413831136,"ایشالله خوابت تعبیر بشه
فکر کنم به خاطر فشار های طلاقه از این خوابا میبینی عزیزم",False,1,1,1
412147824,"اون یکی کاربریمو ترکوندن با این اومدم😐🤦
عه؟نمیدونستم😐
بعد نامزدم میگه برو رحمتو بردار
فکر میکنه بود بود نبودم نبوده😂",False,1,1,1
403582489,"از لحاظ طب سنتی یچیزایی رعایت کردم
والا میگن اگه سمت راست باشه قطعا پسره
سمت راستمه
بچه اولم سمت راست بود پسر
دومی دخترم سمت چپ
اینم سمت راست فکرشم نمیتونم بکنم دختر باشه",False,1,1,1
354414779,عزیزم منم اینطوری بودم طوری بود که نمیتونستم راه برم بخاطر وزن شکمته و عضلات ضعیف پاها.من هفته های آخر دیگه اینقد گریه وداد وبیداد میکردم از درد,False,7,2,3
thread_17269841_starter,24هفتمه دندون درد شدید دارم  عفونت کرده  دکتر بهم مفنامیک اسید داده ضرر نداره؟,True,5,4,1
332408758,"نه
من بارها خواستم حلقم رو بفروشم
ولی انتظار نداشتم دو هفته قبل از زایمانم مامانم مجبورم‌کنه‌ حلقم رو بفروشم که اون النگو دستش کنه
اگه بهم نمیگفت تا اردیبهشت نیازی ندارم من رو قولش حساب نمیکردم و اصلا قرض نمیگرفتم ازش",False,5,2,4
thread_12744284_starter,"باردارم ولی نمیدونه
میخواستم سر فرصت سوپریزش کنم
دیشب دعوامون شد و ..‌‌
لخته خون دارم
یعنی بلایی سر بچم اومده؟😔😭",True,8,9,4
403371080,من روز ۱۶هم بتا مشکوک بود روز ۱۹بعد از انتقال مشخص شد تازه دو قلو هم بود,False,1,1,1
411894754,"بیکار نبودم! خانواده همسرم بسیار کم جمعیت هستن،همسرمم دوست داشت با برادرش ارتباط بگیره،منم یک سال تمام سعیمو کردم از محبت کردن هم پشیمون نیستم
تلاشمو کردم،ایشون نخواست،و قطعا بسیار هم ضرر کرده
من اگر این کارو انجام نمی دادم تا ابد می گفتم نکنه میشد کاری کرد،و من تلاشی نکردم
الانم منم عین خودشم و قطع رابطه ایم گرچه هیچ وقتم رابطه ای به وجود نیومد",False,4,2,3
362866130,من پنج هفته ام اسهال دارم  اذیتم طبیعی هست درد هم دارم,False,4,4,1
341173719,سعی کنه جوری رانندگی نکنه که جریمه بشه یا جایی پارک نکنه ماشین رو ببرن پارکینگ,False,1,1,1
413947525,"نه دارو بخوری میاد پایین
من همه چیم منظم بود فقط ریزش مو داشتم و اصلا برا یه چیزه دیگ آزمایش دادم ک دیدم پرولاکتینم بالاست بار اول ۵۷۰ بود بعد دوباره کارای قبل آزمایش رعایت کردم دوباره آزمایش دادم ۶۸۰ بود دارو خوردم دوماه آزمایش دادم ۶ شده بود و دیگ بالا نرفت و بعدشم راحت باردار شدم",False,1,1,1
383553148,یعنی شایدده یایازده تالخته خیلی بزرگ دفع کردم آخریشم یه ساعت پیش که دردام آروم شد,False,5,4,1
340939114,"من ۲۵ مجردم ولی خیلی خیلی دوقلو دختر و پسر دوسدارم
دوستدارم اگ میشه هزینه کنم یه دفعه خودمو راحت کنم",False,1,1,1
384964858,من پای سمت راستم خیلییییی درد میکنه ولی کمر درد ندارم ، هرچی هم مسکن زدم و تزریق کردم پام خوب نشد دردش,False,6,3,2
404232501,"نه خطرناک نیس
دکترتو دیدی بهش بگو",False,1,1,1
284311590,منم استرس دارم همین الان داشتن گریه میکردم,False,7,7,4
thread_16420723_starter,"از صبح حتی نتونستمم بخوابم
از دلشوره و استرس اینقد گریه کردم چشام ورم کردن
تو اقدامم هرچی میخوام استرس ندم به خودم نمیتونم😔",True,8,9,5
thread_13712193_starter,سلام دوستان من باردارم و افسردگی شدید گرفتم در حدی که غیر قابل تحمل شده لطفا اگه تراپیست خوب و کار بلد میشناسید تو اصفهان بهم معرفی کنید از بیخودیا و پولکیا نباشه شدیدا نیاز دارم دیگه از حالم خسته شدم ۱ماهی میشه دارم تحمل میکنم و روز به روز بدتر میشم,True,6,4,10
thread_13329526_starter,"تازه وارد ۶ هفته شدم، صبح دیدم لکه‌های قهوه‌ایی روشن که روش یه‌کوچولو لخته قهوه ایب هست ازم دفع شد رفتم دکتر سونو کرد فقط کیسه آب مشخص بود گفت ۶ هفته ایی ۱۰ روز دیگه باز برگرد و همه چی نرماله، شیاف پروژسترون داد استفاده کنم...
گفت تا ۱۰ روز شیاف بذار شبها
این لکه لکه های قهوه‌ایی آبکی که ازم میاد چیه آخه ؟ من دیگه تحمل سقط ندارم خدایا 😭😭😭😭😭😭😭",True,8,9,6
359315644,"بزار دو ساعت بعد حالتو می پرسم
ستاد تضعیف روحیه مادر خسته خخخ",False,1,1,1
412781358,نه ما سنتی,False,1,1,1
332695570,"به نظرم اصلا زیر بار نرو محکم باشی و قاطع نمی تونن کاری کنند
دست و پات و که نمی تونن ببندند زوری ببرن سقط کنی اصلا قبول نکن عذاب جسمی و روحی عذاب وجدان بکشی به خاطر اونا به خدا سی سالم هم خودم مشکل دارم هم شوهرم آرزو دارم مادر شم آیا باivf بشه آیا نشه
یک درصد فک کن خدایی نکرده دیگه مادر نشی می دونی چی میشه
برو زندگی پس از زندگی قسمت بهار و ببین نظرت عوض میشه",False,2,2,3
335784960,"من سرکلاژ
ن ب منم گفتن سرکلاژ کنی خیالت راحت تره حداقل کارای سبک رو میتونی بکنی ولی بعد سرکلاژ مدام درد داشتم مدام دراز کش بودم هر لحظه ممکن بود یه خطری پیش بیاد چند هفته هی بیمارستان بستری میشدم یه چشمم اشک یه چشمم خون بود دلشوره های کشیدم ک نگو",False,8,8,5
383313133,"بهترین تایم سونو آن تی مگر 12هفته ای نیست.
دکتر متخصص گفته
به نظر شما چه تاریخی هست",False,2,3,1
375782229,"روزا استرس دارم گریه می کنم شبها یکم بهترم
قبل بارداریم داروی اعصاب می‌خوردم دوباره دکترم گفته شروع کن",False,8,8,5
410373481,"وای عزیزم مبارکه قدمش خیر باشه براتون 😍
نمیدونی چند وقتته ؟",False,1,1,1
411684550,"اینم سایتش
delvingallery.co",False,1,1,1
thread_15317716_starter,سلام دوستای گلم چند روزه درد زیر شکم سمت چپ دارم خطرناکه به نظرتون؟میتونید راهنماییم کنید ممنونم . مثلا راه که میرم یا میخابم دردش حس میشه,True,3,5,1
thread_8548684_ژالبن_1401/02/06 08:00,نه شاید پولشو ازراه خسیسی پس اندازه کرده ازکجامعلوم بده,False,1,1,1
401142027,"ن استرس نگیر هیچی نیست
بعد یه سوال برام پیش آمد شما چجوری اینقدر وزن کم کردی ؟",False,1,1,1
322239515,خب عوض کن دکتر تو تا هشت هفته که ادم سونو نمیره,False,1,1,1
395056071,"من نیلو رفتم
معطلیش زیاد نیست معمولا
خودش میگه گوشیتو حالت هواپیما بذار بیار تو
شوهرتم صدا میزنه بیاد ببینه",False,1,1,1
thread_14635054_starter,هفته ۳۴ هستم  سرماخوردم گلوم خییییلی درد می‌کنه میزنه به پشت سرم سردرد شدیدی هم دارم تروخدا یچیزی بگین بخورم خوب شم نگران نی نی هم هستم خیلیی,True,6,6,2
thread_17680065_starter,با ای وی اف باردار شدم لکه بینی دارم دعا کنید قطع بشه و بچم سالم بیاد تو بغلم پارسال توی هشت ماهگی بچمو از دست دادم ،😔😔😔,True,7,8,6
368095658,"حیف اگه اینطوری دوست داره واقعا نزار تهش بد باشه تلاشتو بکن🥲
خدا بزرگه توکل کن به خدا عزیزم انشاالله همه چیز درست میشه ته دلم روشنه انشاالله که درست میشه فقط یکم تلاش کن🫠",False,1,1,1
413839272,راه حلی پیدا گردی به منم بگو🫠,False,2,2,1
thread_13943957_starter,"شبتون بخیر دارم از استرس میمیرمری روز رفتم سونو ۱۶ هفتگی بود .
دکترم گفت احتمال سقط داری.
گفت برو دوهفته دیگ بیا سرکلاژ کنم و شیاف پروژسترون داد
چرا تو این دو هفته وقت داد ک استراحت کنم چرا سرکلاژ نکرد
۲۶ خیلی بده تو ۱۶ ۱۷ هفته؟؟؟",True,9,10,5
350215566,"دیروز با لکه ها دل درد و کمردرد شدید داشتم تا کف پام و زانومم دردناک بود و تیر میکشید حتی پهلوهام
ولی امروز خوبم فقط لکه میبینم",False,6,5,2
thread_15298861_starter,"سلام خانوما پریروز دوستم بر اثر تصادف جونشو از دست داد
و فوت کرد و.... وارد حاشیه هاش نمیشم
اما برای غسل و کفن همراهشون رفتم و دوست داشتم کمکشون کنم... دین گردنم بود
ک یهو دیدم گفتن ناخن داره و... هم ناخن دست کاشت داشت هم پا.
بهمون گفتم ناخن هاشو ی جور ک زخم نشه جاییش و.. جدا کنید 😔خیلی برام سخت گذشت...
دنیا هیچی نیست جز درد...
مراقب اعمال و کارا و... باشیم
ب شخصه دیگ حتی لاک هم نمیزنم...
ببخشید اگ ناراحتتون کردم فقط خاستم بدونید بعد مرگ چ بلایی سرمون میاد و چحور از دنیا میریم",True,5,3,7
359817901,"عه!
اونوقت دکتر دوز داروهاتون تغییر میداد؟",False,1,1,1
280092199,امتحدان میکنم مرسی,False,1,1,1
thread_8202132_سرودهای_دلتنگی_1400/12/04 23:39,به من بگه میگم خدا پشت و پناهت بریم محضر,False,1,1,1
thread_14330545_starter,"سلام دوستان روم نبود از کسی بپرسم واسه همین اومدم اینجا شما کمکم کنید
ببخشید من 5ماه ازدواج کردم میشه با سه بار رابطه یعنی ریختن اب منی امکان بارداری وجود داشته باشه و اینکه یک هفته قبل پریودی ادم علائم بارداری داره
چون من الان سینه هام یکم سفت شدن و درد دارن و یکم زیر شکمم یک هفته دیگه باید پریود شم",True,2,4,1
thread_17517109_starter,"سلام دوستان
كسى تجربه ى باردارى دوقلو داره ؟
١٠ روز پيش لك ديدم، هفته ١٩ رفتم پريناتولوژيست، سونو كرد گفت سرويكس ت صفر شده، دارى زايمان مى كنى، كيسه آبت هم زده بيرون، خودت هم شايد نتونم نجات بدم چى برسه بچه هات، يه شوكى بهمون وارد شد تا بيمارستان اتيه نمى دونيد چى به روزمون گذشت، دكترم جواب نميداد، بى توجهى زياد مى كرد، مامام هم همينطور، يه نفر راضى شد تو اتيه عملم كنه، شب بسترى م كرد، فرداش هم سونو كردن سرويكس حدود ١٧ بود، آنتى بيوتيك سنگين با همين پرژسترون و داروهاى حمايتى، ده روزه كامل استراحت مطلق م، گفته هفته ٢٤ بيا مطبم، دكتر خودم رو عوض كردم ديگه، از هفته ى ١٢ با سرويكس ٣٦ هى مى گفتم سركلاژ مى كفت نه، انقدر شوك بهم وارد شده ديگه خيلى نا اميدم، كسى بوده با اين شرايط برسه هفته ٣٠ ؟
و اينكه حتما با يه دكتر با وجدان بمونيد، باورم نميشه تو اون شرايط جواب نميداد مى گفت بريد بيمارستان، همه تو بيمارستان از نبود دكترم تعجب مى كردن",True,9,9,8
thread_6215718_مانلی۴۴۴_1400/01/17 12:51,"ماه بابا هفته بود که نفرینم میکردن..
به خدا ادم نفس بکشه نفرین میکنن😭😭😭😭😭از طرفی بیان خونه ی ما با وجود ماشین ظرف شویی دوتا قابلمه رو نمیشورن که جا نمیشه تو ماشین ادم خیلی زورش میاد از رندیشون",False,6,4,5
395647177,"مثبته عزیزم
بعد چند دقیقه خط انداخت",False,1,1,1
413980052,بله داستان قشنگی داره با صبوری بخونید اثار هدایت,False,1,1,1
thread_18138146_starter,با یقه یکم بسته تر,True,1,1,1
403095679,سلام احوال پرسی کردم ولی دیگه نگفتن بیا اینجا و فلان منم گفتم بریم بشینیم جای دیگه ولی بعدش دیدم همه رو اونجا صدا میزنن از فامیلامون بیا بشین پیشمون هرچیم بود ما تنها بودیم باید میگفتن اومدم خونه به تنهاییم فقط زار زار گریه کردم,False,6,4,7
382717062,نه احتمال زیاد پسره،عکس ان تی نداری؟,False,1,1,1
413927763,"چجوری انجام میدی؟روش خود شما چیع
من هروقت میام انجام میدم حوصله م نمیکشه انگار انگار یچی نمیزاره انجام بدم",False,3,2,4
310319093,من26سالمه ومث توام😁😬,False,1,1,1
375167674,"وای دختر داری نابود میشی که
بنظر من الان که شغل داری ابجیتم معلوله از بهزیستی کمک بگیر  شرایط جو زندگی بگو کمکت میکنن با خواهرت برید ی جا اجاره کنید از تنهایی نترس از بودن با این  داغونا بترس",False,1,1,1
401989730,چون نمیتونم تنها زندگی کنم طلاق هم نمیشه گرفت چون ازدواج فامیلیه نمیزارن طلاق بگیرم,False,7,6,6
316973553,"یه سوال نخندید
من مربا شو خوردم و دمنوشش
خودش خیلی سفته چجوری باید خورد
عاشق بوشم",False,1,1,1
320462018,"نمیشه الان سقطش کنم😭😭😭😭😭؟؟؟؟
چونک میدونم اینم مثل قبلیا میشه  یکشال هم ازش نگذشته اخه",False,8,8,6
411881410,"دیدم
فقط سواله برام مادرش درحقش ظلم کرده بود ولی این به پدرش درحالی ادم خوبی بود حس بد داشت
اصلا چرا به تراپیست دروغ میگفت؟",False,1,1,1
390277439,خیلی امیدوارم کردی خدا خیرت بده,False,1,1,1
376577989,وای قربونت برم عزیزم خیالمو راحت کردی ببین دقیقا همینه که میگی کلا یه دقیقه هم نمیشه و سریع رفع میشه کلا دو سه بار اینطوری شدم تو یک ساعت اونم هر بار خیلی کوتاه و الان خوبم اصلا درد ندارم ممکنه همون انقباض باشه ؟خطری نداره؟,False,3,6,1
412747570,خب خانواده من ک اخلاقای برادرشوهر منو نمیدونن گفتم دوماد ما خوبه,False,1,1,1
thread_7464820_shanli66_1400/07/26 21:21,"اوکی
همه رو امتحان میکنیم توکلت علی الله",False,1,1,1
404494720,"برا مام همینه 🤪
اصن دعوا جزو جدا نشدنیه بچه هاس
ولی تو مدرسه خیلی هوای همو دارن
حیف که سال بعد از هم جدا میشن
دوس داشتم کوچیکه دوم رو جهشی بخونه که فقط یه سال فرقشون بشه
حالا بازم ببینم خدا چی میخواد",False,2,1,1
407028148,"چیکار کنم ؟ باید صبر کنم دردام شروع شه تازه بعدش بفرستنم بیمارستان دولتی 😨
سز اول هست",False,5,7,2
342324540,ایشون باید همزمان و به مدت طولانی برن دکتر روانشناس و روان پزشک برای روان درمانی و دریافت دارو,False,1,1,1
258179972,"خدانکنه  عزیزم .
بسلامتی بغلش کنی 😘
اره شنیدم تو دوران بارداری  معده درد زیاده حتما به دکترت بگو
منم دعاکن معجزه بشه 😞",False,2,2,3
374732827,"قرص زنجبیل و ب ۶
ولی تاثیری نداره 😭😭😭😭😭",False,5,3,3
404684787,برو بهداشت تشکیل پرونده میدن برات خودشونم رایگان قرص میدن هم ویتامین دی هم یدوفولیک,False,1,1,1
353723049,ن من نماز میخونم و یه عالمه نذر کردم دعا خوندم اما نمیشه اینم انجام میدم انشاالله که جواب بده,False,4,4,4
319255785,گفت هفته دیگه بیا،نرم یعنی؟,False,2,3,1
408578149,ای وای سوپراپلیکیشن قطع شد,False,2,1,1
402731614,"میگن تن ماهی جیوه داره خوب نیست ولی حقیقتا من بدویار بودم بارها و باها هوسشو کردم و خوردم.دست خودم نبود و نمیتونستم نخورم.چیزی هم نشد خدارو شکر
نمیخوام بگم توام بخوری ها..ولی میگم با یه بار چیزی نمیشه الکی استرس نگیر",False,1,1,1
413952446,"چرا باهام بیرون نیومد؟؟؟
😑😑😑😑😑",False,3,2,2
292097414,"براچی نری
چندماهته ؟
من رفتم ماه اخرم بود لباس مجلسی بارداری بود بعدم رفتم اتلیه یک تیر دونشون کردم
کفش یا دمپایی بپوش کمرت درد نگیره",False,1,1,1
360205713,"نکن با خودت اینطور
حیف زندگیته",False,1,1,1
376163312,"بد گفتی واقعا
اما منم دوست ندارم آدم های غریبه بهم دست بزنن. یک طوری انگار ورود به حریم خصوصی من بدون اجازه اس.
بیخیال
امشب براش دعا کن. انشالله خدا از سر اشتباهات همه ما بگذره",False,2,2,1
375825482,"استرس نه
ولی خیلی عصبی میشدم",False,3,1,1
387644662,"اره من دوهفته اخر و کلا شبا خوابم نبرد همش بیداربودم اصلا بخاطر کم خوابی عصبی میشدم
اره بعدش اوکی شدم ولی باز بچم دل دردی بود شبا نمیخوابیدم ولی خداروشکر افسردگی نگرفتم اطرافیانم خیلی کمکم کردن",False,6,2,1
thread_6698397_سبزهزار_1400/03/29 00:37,اگ همه چیزت طبیعیبوده نگران ناش خوابه بچه استرس بدترین سمه یکم مایعات شیرین بخور بخواب قول میدم فردا با تکوناش بیدار شی,False,1,1,1
412533375,"برگه  رو  صاف بزار  روی  میری  چیزی برق  توش  نافته  صاف  از  بالا  عکس  بگیر
بعد همون  یک  عکس  بهت  داده
؟
قبلا  چند  تا  عکس  از محور  های  مختلف  بهشون  میدادن
مثلا  توی  یکیش   روی  گردن  بیشتر  زوم  هست  مثلا  اگه  کوتاه  تر  باشه  از  حد  نرمال  احتمال  بیماری  ژنتیکی  داره
یکیش  روی   دست  و  پا  زوم  هست و..",False,1,1,1
402554430,"چی بگم.استرس تو بارداری زیاد هست این دکتراهم شلوغش میکنن
طول سرویکس شما چند بود؟",False,2,1,1
386948948,"شما تو این شرایط بودی ؟
چند هفته رسوندی خودت با این کار
استرس زایمان زودرس منو کشت",False,8,8,2
353431202,دقیقااا عروسی بگیرین یاا ی جشن کوچیک ک برین سرخونه زندگیتون,False,1,1,1
363521844,پس دیگه تحت هیچ عنوان با طناب اونا تو چاه نرو ،بدم میاد قدیم رو مثال میزنن انگار تا آخرالزمان زن باید ببخشید حلقه به گوش شوهر و بچه باشه و بسوزه ،من ازت چند سال بزرگترم ترجیح میدم اصلا ازدواج نکنم تا اینکه ازدواج بد بکنم انگار کاپ اخلاق به آدم میدن,False,2,1,1
413985110,دلیل به این واضحی؟ دوست نداره اگرم داره خیلی خیلی کم الویتش نیستی عزیزم,False,1,1,1
378400133,تاریخش گذشته عزیزم,False,1,1,1
thread_18138437_starter,"پارسال برا اولین بار تو عمرم بعد سالها شغل خوبی گیرم اومد اتفاقی
کارمندی تو یه شرکت نیمه دولتی با حقوق اداره کار و ..
ولی متاسفانه چن تا از همکارا شروع کردن زیرآب زنی و بدگویی من و خراب کردنم پیش مدیرا و کارمندای بخشای دیگه که آخرم بعد سه ماه باعث اخراجم شدن
حال و روز بدی داشتم
تاپیکای پارسالم شده بود التماس دعا فقط که برم گردونن
اینقدر گریه کردم پلکام افتاد
بعد یه سال تازه داشت حالم خوب میشد دیگه کامل از اون فضا اومده بودم بیرون که این همکارم زنگ زد حلالیت بگیره مثلا
یه ساعت حرف زد همش فحشای رکیک به بقیه همکارا و مدیرا
که آره تقصیر اونا بوده فشار کار من زیاد بود و فلان همکار علیه تو تو گوشم میخوند و اگه طرفداری تو میکردم فلانی بام قهرمیکردو...
من که همون اول همه رو حلال کردم
ولی این صحبتا باعث شد باز حالم بد بشه و برم تو همون حال و هوا...
هر روزم پیام میده از اتفاقای اونجا تعریف میکنه😐
نمیدونم چه لزومی داره منی که اخراج شدم و همین خانم باعثش بوده الان بشینم ببینم اونجا کی رفت و کی اومد و...",True,7,4,7
345877830,"چرت گفته
خواهر من سرکلاژ بود استراحت مطلق",False,1,1,1
thread_16479773_مامانبرقی_1404/04/12 21:38,"نه عزیزم زوده برای اینکه حرکت جنین رو حس کنی.
بعد از ۲۲، ۲۳ هفته حس میشه",False,1,1,1
thread_7360842_نداجونم_1400/07/09 19:45,چه ربطی به جم داره...اینا اسمای اصیل تورکی هس,False,1,1,1
374887476,چ ربطی داره ب اعتیاد خانواده مهم عرضه خود دختره ک از اون محیط سمی خودشو خارج کرده,False,1,1,1
407419774,"عزیزم اسپرم خودشو میرسونه به تخمک
تخمک وارد رحم میشه
جایگزینی میکنه
و کم کم جنین شروع میشه به تشکیل",False,1,1,1
thread_12960189_starter,"من الان که وارد ماه هفتم شدم میشینم همسرم خیلی نگرانه میگه بهت فشار میاد نشین کمرت زیر دلت درد میگیره
موقع رانندگی اذیت نمیشم ولی چون کمرم مشکل داره حس میکنم بعدش کمی اذیت میشم اما مجبورم یسری وقتا یجاهایی برم با ماشین خودمون چون هم بچه کوچیک دارم هم تاکسی سوار میشم اصلا رعایت نمیکنن مثل تپه دست اندازارو رد میکنن
شما تا کی رانندگی کردید؟؟",True,3,3,1
339667965,روش زده ۳ تا د  تا بزنم یعنی ؟,False,1,1,1
387719225,"خانم دکتر هدی علیخانی که مراجعه زید هم داره برای ختنه
بزن نت آدرس و تلفنشو برات میاره بالا
در ضمن فوق تخصص جراحی کودکان هستش",False,1,1,1
360982674,سونو چی رفتی؟آنومالی؟یا وزن گیری؟,False,1,1,1
410829881,"من میدونم ادبیاتم رو برای کی چطور استفاده کنم
هرکسی قابل احترام نیس",False,2,1,1
413936407,"سلام عزيزدل، مباركت باشه، چه استرس قشنگى😭♥️
بنظرم اول سعى كن اروم باشي، اين خيلي مهمه، شايد شعارى بنظر بياد ولى باوركن مديتيشن و نفس عميق روزانه حتى ده دقيقه خيلي تو درست تصميم گيرى و عملكرد بهتر كمكت ميكنه
بعدشم كاراتو ليست كن حتما بنويس، مثلا لباس خودت شوهرت، تعداد مهمونا، تالار كجا باشه، كدوم موزيك واسه رقص(من خودم فارسى نظرمه(اهنگ يكى يدونمى عشقم مال منى عشقم و سرچ كن خيلي قشنگه، محلى اخه دوست ندارم)، وقتى شروع كنى به نوشتن به مرور هى يادت مياد چيا لازمه، بعد شروع كن به انجام و تيك زدن
واقع اين ليست بهت ارامش ميده
واسه پوستت هر شب دو شب درميون ماسك بخر بذار(اگه ميتونى بايودنس بخرى ، بخر عاليه)
تيپ بدنتو بشناس متناسب با اون لباس انتخاب كن، مثلا اگه ساعت شنى اى قشنگ بولدش كن با لباس مدل ماهى يا اگه هيكلت نقصي داره سعى كن با لباس هوشمندانه از ديد برش دارى(بعضيا شونه و بازو پهن دارن دكلته ميپوشن متاسفانه)
رقص جديد بنظرم يادنگير فاجعه ميشه تو عروسي، ولى رو رقص نرمال خودت چندتا حركت سوار كن جزيى
هر روز هر روز با اهنگ انتخابيت جلو اين برقص
با شوهرت هناهنگ كن كه خيلي حواسش بهت باشه تو جشن، مثلا وقتى حس تنهايي كردى يا اذيتت كرد يه موضوعى يه اسم رمز بذارين كه بيشتر كنارت باشه همون لحظه",False,1,1,1
246952723,راستش من تو آزمایش روتین یکم کم خونی نداشتم بعد این فروس سولفات هم بهداشت داده نمی‌دونم چکار کنم راستش دیروز بخاطر سر گیجه رفتم پیش دکترم برام قرص مولتی ویتامین خارجی تجویز کرد,False,2,2,1
thread_18141665_starter,"دندون یکی مونده به عقل خرابه
تازه جدیدا شروع کرده به درد کردن فقط هم همون قسمتی که سوراخه با فشار درد میگیره قسمت پشتیش که شکستگی نداره با فشار درد نمیگیره
بنظرتون روکش میخواد ؟ چقدره هزینش",True,2,2,1
413975757,ببین من سن بالا ازدواج کردم شوارم خوب نیس ولی چون سنم بالاس دیگه بعداز طلاق اون موقعیتهایی ک میتونس تو سن کم برام ایجادبشه کمتره سن بالا خدانکرده طلاق بگیری موقعیت شروع دوباره برات سخته ولی اگه سنت کم باشه موقعیتهای زیادی برای شروع و تلاش برای زندگیت داری.من اگه سنم کمتربود حتما طلاق میگرفتم,False,4,3,5
326925605,قبلا برش ام دی اف الان بی مار. خواهشا لایک نکن,False,1,1,1
332234938,"ازش جدا شدی مهریه تو بخشیدی دوباره باهاش ازدواج کردی تازه باردار هم شدی
خدایی ما چیکار بگیم بکن ؟",False,2,1,1
413326063,"سلام خوشگلم ببین من هم دانشجو هستم
قبل از هر چیز ببین ""دلت چی میگه ( ندای قلبت )""
نظر شخصی خودم :
سعی کن اول خودت رو تا حد امکان بشناسی ببین علایقت چیا هستن و به چه رنگی علاقه داری و به چه مهارت ، توانایی و تخصص داری ، و دلت میخواد تو چه زمینه و رشته ای کار کنی
، ببین بدون هیچ محدودیتی فکر کن واقعا اگه شکست نمی خوردی ،واقعا میخواستی کی باشی و چرا ؟
هیچ چیز غیر ممکن نیست ، فقط ببین واقعا میخوای کی باشی و بعدش برای رسیدن بهش تلاش کن و اجازه نده کسی با حرف هاش ناراحتت کنه و به چیزی که باور داری ایمان داشته باش
و مهم ترین چیز {{ عزیزم لطفا خودت باش . و خودت رو دوست داشته باش و به خودت ایمان داشته باش }}
و اهدافتو به کسی نگو(من خودم با هوش مصنوعی تونستم راهمو راحت تر پیدا کنم چون متخصصی که بشه بهش اعتماد کرد و حسودی نکنه پیدا کردنش زمان بره ) ، و سعی کن نتیجه رو نشون بدی
و هرگز از ندونستن و ابهام نترس ، همه ما نمی دونیم چطور به چیزی که میخوام میتونیم برسیم اما اگه چرایی هارو بدونیم ، چگونگی آسون میشه .
و یادت باشه هیچ کس اولش ممکنه باور نکنه تو واقعا میتونی ، پس ناراحت نشو و به ندای قلبت گوش کن و برو دنبال رویا و اهدافی که داری
و ما فقط یک بار زنده ایم پس لطفا خودت باش و رویا هات رو دنبال کن اونا مسیر رو نشونت میدن
نظر شما چیه دخترم ♡
( راستی عزیزم من هم ازت یه راهنمایی میخوام اگه راحت بودی بیای خصوصی ، پیشنهاد دوستی دادم )
و جوابت اگه نه هست قابل درکه ، بازم ممنونم که مشکلاتتو بیان میکنی چون همین نصف راه بوده که مشکل تعریف بشه تا بشه راحت حلش کرد",False,1,1,1
thread_16064900_starter,"سلام مامانا من تو اقدامم دو هفته پیش خواب دیدم یکی از دوستام بهم انگشتر  کادو داده خواهرم آورد دادم بهم اما طلا نبودا ولی خیلی خوشحال شدم.تعبیرس چییه؟؟؟
الآنم ۵روز مونده ب پریودم شدید سینه و کمر درد دارم امکانش هست باردار باشم؟؟؟اخه ۶ماهه اقدام میکنم نمیشه",True,3,4,2
398628772,بگو مگه معیر الممالکی برات دعا بگیرم,False,1,1,1
thread_12787540_starter,"موافع استرس دردتون تشدید میشه؟؟
چه داروهایی مصرف میکنید؟",True,1,1,1
thread_11034227_starter,سلام خانوما  من همسرم سه روز پیش سرماخورده بود خفیف فقط بینیش کیپ شده الان خیلی بهتره فقط یکم بینیش گرفته ولی اون قرص کلد استاپ اینا میخورد الانم متاسفانه من گرفتم گلو درد تب اینجور چیزا ندارم فقط بینیم کیپ شده و پشت بینیم میسوزه یکمم بی حالم انگار از داخل بیحسم دراز کشیدم خوبم پاشم یا کار انجام بدم حالم بد میشه ضعف میکنم الان من برم دکتر؟میگم اگه مشکلی ایجاد نمیکنه الکی نرم اگه خطرناکه برم دکتر شاید بهم قرص سبک داد؟,True,3,4,1
376028055,سلام من امروز خوندم پیاماتونو منم جنینم بعد سونو واژینال دوروز بعد ایست قلبی کرد الان برای شما دلیلش مشخص شد؟ به من دکتر هیچی نداده برای سقط گفت خودش باید سقط شه و من اصلا علایم سقط و لکه بینی ندارم ترسیدم باید چیکار کنم🥺,False,9,9,6
329205968,منم یک ساله خانوادمو ندیدم منم توی غربتم خونمون کوچیکه یک خوابه منم تمام وسایل نوزادو گذاشتم توی یک کشو منم بارداری پر خطر دارم لباس بارداری هم نگرفتم جز یک شلوار. ولی بخوام غصشو بخورم زندگی از اینم سخت تر میشه,False,5,3,4
thread_9120914_rozitakhanomi_1401/05/09 20:00,پس اگر قصد جدا شدن داشتی همینطوری و الکی خونه رو ترک نکن با یک وکیل صحبت کن  با دلیل و مدرک و شاید صحنه سازی خونه رو ترک کن که هم حق و حقوقت رو بگیری هم بتونی راحت طلاق بگیری,False,1,1,1
363112002,سلام عزیزم منم هفته نوزدهم هستم،  جواب آمینوسنتزم خوب بود،  آنومالی هم گفت سالمه، پریروز هم رفتم اکو الحمدلله سالم بود،  یک درصد هم نگران نباش آنومالی که خوب بوده، اکو هم خوبه،  الان میگم حیف استرس های الکی که این مدت کشیدم،  حتی یک درصد هم بهش فکر نکن عزیزم فرشته کوچولوت هیچ مشکلی نداره,False,4,4,1
thread_10448788_starter,"رفتم دکتر دکترم گف کیسه آبت خشک شده باید بری بستری بشی اومدم داشتم ب شوهرم توضیح میدادم جلو همه زد تو دهنم گف بلند تر بگو
دعا کنید بمیرم امشب",True,10,8,10
295990918,"شمام میگرنی؟
من هرچیم دکتر میرم بی فایدست
دردش دیوانه کنندس",False,4,2,2
272388740,"زایمانم افتضاح بود واژن لعنتیم اصلا باز نمیشد و من از درد داشتم میمردم چندین ساعت درد شدید کشیدم انقد معاینه ام کردن جِرَم دادن همش میگفتن ۲ سانت بیشتر باز نشده چندین ساعت درد کشیدم همش ۲ سانت باز شده بود آخرین لحظه در اثر معاینه یکی از پرستارا کیسه آبم ترکید یهو گفت بچه اش مدفوع کرده ببرینش اتاق عمل سزارین بشه
که خوشبختانه بردنم و از اون درد لعنتی رهایی یافتم🤪🤪🤪",False,7,3,1
356399699,"خب اگه چادری هستید حتما مراسماتون جداست زنانه و مردانه دیگه
پس بره بخره دیگه",False,1,1,1
298224094,واقعاا گل گفتی، بعدم چقد عذاب وجدان میدن ب آدم با حرفاشون,False,3,2,2
346602295,من هماتوم داشتم خودبخود رفع شد دارو نخوردم,False,1,1,1
thread_8332965_رز۷۵_1400/12/26 23:57,عزیزم عید نزدیکه باهم پاشید برید مسافرت توروحیت خیلی تاثیر داره اینم خیلی خوبه که از رفتارخودت پشیمونی یعنی دوس داری که شاد باشی ولی اون فکر پریشونی که داری نمیزاره پس باید مغزت رو گول بزنی یه تایمی رو فقط خلاف میلت رفتارکن ببین درست میشه بعد یع مدت میبینی که اره دیگه مغزم هم عادت کرده به شادی ودورهمی واون روحیه ی بد وزننده دیگه به سراغت نمیاد پس دورت رو شلوغ کن ونزار تنها باشی اگرهم بودی وقتت رو با کتاب و فیلم و سریال گرم کن که افکار منفی نیاد سراغت,False,1,1,1
397470448,شمارو یادمه چی بگم خواهر ...خواهرت چی شد,False,1,1,2
343365062,😭😭چرا گریه کردمممم با این حرفی که زدییییی,False,1,1,2
261678959,"منم هفته ی ۱۶ ام خیلی استرس دارم قبلا سابقه سقط دارم
من هیچ حسی ندارم تو شکمم و اینا تو چی؟",False,8,8,3
294521720,سخت بود یا اسون ؟,False,1,1,1
314201523,مشکلی برات پیش میومد ؟؟؟من دارم سر همچین مسئله ایی بچمو نابود میکنم😭😭😭😭,False,9,9,5
409480540,بستگی به شرایط بدنت داره عزیزم اگه طول سرویکس پایین باشه ممکنه تا آخر بارداری استفاده کنی اگه هم همه چیز خوب باشه نهایتش 20 هفته من تا 20هفتع استفاده میکردم و بعد از قطع شیاف شبی ی دونه قرص دوفامد 10 میخوردم,False,1,1,1
412057485,"عزیز بچت کولیک داشت چیکار کردی براش
بهتره؟",False,2,2,1
371022829,ماکارونی اره ولی سوپ شیر و لازانیا خیلی نه,False,1,1,1
thread_14662143_starter,۲۰ هفتمه کشاله ران هام بغل واژن ب شدتتت درد میکنه نمیتونم راه برم یا دسشویی بنظرتون طبیعیه ؟؟؟,True,6,6,1
356851125,"هر مشكلي راهي داره
اونجا خراب ميشه ك تو درد ميمونيم و دوا نميكنيم
خودتو دوا درمون كن
ميفهمي چي ميگم؟؟؟
نه قرص و دارو ها
منظوره دردت رو چاره كن راهي پيدا كن
وگرنه هيچ چيز و هيچ كس نجات دهنده ما آدما نيست الا خودمون",False,1,1,1
395772922,"زایمان در آب خوبه
ماما همراه داشته باشی
فکر نکنم حالا کامل بدون درد بشه",False,1,1,1
413109037,"تاپیکاتو خوندم چقدر تو قید ازدواجی ولش کن رهاش کن تا به دست بیاری بابا برو دنبال یه کاری شغلی هنری
اگر اینقدر که میگی شوهر دوست داری برو تو سایت ادم و حوا ثبت نام کن تو شهر خودتون بگرد ببین کی واسطه ازدواجه شرایطتو بگو و اونام کیس برات میفرستن
ولی واقعا موندم یعنی اینقدر لنگ ازدواجی؟!
ازدواج خوبه با ادم خوبش خیلیم خوبه اما دیگه تو داری خودکشی میکنی",False,2,1,1
400294912,من الان ماه نهم هستم سه ماه اول و اخر سخت تره الان احساس سنگینی و فشار پا درد و انقباض  دارم و دلدرد و اینا ولی با استراحت خوب میشه اونقد وحشتناک نیست که نتونی تحمل کنی ولی سه ماهه اول بنظر من برای من سخت تر بود چون اونجا هیشکار نمتونستم بکنم همش سرگیجه و بد غذایی از لحاظ روحیم بهم ریخته بودم اما الان روحیم خوبه فقط جسمی کمی سختی داره,False,4,2,3
404414601,"والا دختر دارم و دخترم ۳ماهشه عشق شوهرمه😂یعنی شوهرم جونش ب جون دخترمون بستس گاهی بچه گریه میکنه شوهرم تو چشاش پر اشک میشع میگه دل ندارم ببینم گریه میکنه 🥹خودشم میگه هیچکسیو ب اندازه دخترمون دوست نداره هیچکس
البته منم گاهی حسودی میکنم 😁😂😂😂",False,1,1,1
403176088,"اولین بار که رفتم سونو ۵ هفته و چهاروزم بود
یعنی توی شش هفته بودم",False,1,1,1
315469896,1ماه شوهرم و ندیذم. بابام میگ. طلاق,False,5,3,3
384642987,از یوتیوب ویدیو ببین,False,1,1,1
399967086,چون اون موقع نمی‌دونستم ی سری چیزارو,False,1,1,1
thread_17385384_starter,"از دست شوهرم هر روز مثل این یارو زنه شوهرکشه هست ده بار حکم اعدام اومده براش‌ روزی10بار تا پای دار میرمو‌میام‌ فحش به پدرم شده ورد زبونش میترسم آخر بزنم فکشو‌ بیارم پایین روانیو
خیلی عصبی شدم میترسم رو‌ دختر2سالو6ماهم تاثیر بد بزارم.
یه قرصی بگید بیخیالم کنه ولی بی ضرر باشه ها نزنه کبد مبدمو‌داغون کنه .",True,10,8,4
413374561,"در ضمن پسری که بی تفاوت از کنار اشک ی دختر رد بشه ینی حتی یک ذره هم بهش علاقه نداره حتی یک ذره اینو خود شوهرم بم گفت . گفت اگهی مرد دوستت داشته باشه کاری نمیکنه ک باعث ناراحتیت بشه و اگه هم ناراحتیتو ببینه دق میکنه .
خوبه هنوز نامزدین و اینجوری رفتار میکنه برین زیر یک سقف ازین بدتر میشه ترو خدا خودتو بدبخت نکن دختر جدا شو درسته جدا شدن سخته ولی هرروز مردن و زنده شدن خیلی سخت تره",False,1,1,1
386480083,"اخی عزیزدلم🥺خدابزرگه نگران نباش خیلیا اینطوری هستن ولی بچه هاشون سلامت بدنیا میان
اسیدفولیکم نمیتونی بخوری؟
جنسیتش روهم که نمیدونی هنوز درسته؟",False,1,1,1
thread_16297414_starter,امروز ۲۷ پریودیم بود صبح خواب بودم حس کردم پریود شدم از خواب بیدارشدم بازم خوابیدم ۱۲ اینا رفتم دیدم ی لک قهوه ایی مایل ب صورتی ک دقیقا ب رنگ حنایی بود رو لباسم بود و ۲هفته بود کمر درد و دل درد داشتم و سرددرد الانم دارم اینارو و قرص لتروزول هر روز سه تا و سه تا امپول سینال آف مصرف کردم و الان نگاه کردم دستمال کشیدم دیدم ابکی و صورتی خیلیی کمرنگ ترشحاتم الان پریودیه یا لانه گزینی تنبلی تخمدانم دارم,True,3,5,1
413943414,"منم تار موی سفید دارم
هم کلاسیامم خیلیهاشون دارن
چه پسر چه دختر
دیگه با اینهمه استرس زندگی چه میشه کرد",False,4,3,2
386220114,منم از شدت استرس قلب درد میگیرم😔😔😔,False,9,8,3
372091003,"بله عزیزم
چقد استرس کشیدم
سلفری دادم
انقد میترسیدم که آمنیوسنتر هم دادم
بچم الان ۵ سالشه",False,7,8,1
413109188,اون نمیاد بامن ک اخه😵💫😵💫🤕🤕ای خدا,False,3,2,3
383269532,ای وای نمیدونستم،ممنون ازاینک بهم گفتین,False,1,1,1
347571981,"الان هم که دارم می نویسم بغض کردم به خدا 😔😭
کاش هیچ مادری این اتفاق رو تجربه نکنه خیلی سخت بودن اون روزا ولی گذشتن...برای توام می گذره باید دوباره از اول سروع کنی و تا وقتی که فرصت داری ادامه بدی و تلاش کنی
برای این روزهات هم حتما دربارش با یه ادم امن حرف بزن با همسرت با کسی که بفهمه تورو
من اگه همسرم و خواهرام نبودن خیلی تحملش برام سخت می شد
حتما غمت رو با یکی شریک شو و دربارش حرف بزن",False,5,2,8
395449702,"چرا اخه😔
حیفه واقعا
نمیتونی پشت بمونی؟
میخوای چی بخونی؟",False,1,1,2
303694559,"وا بگو یهو وسط راه کیسه آبم پاره شده میخوای چیکار کنی؟
مردا فکر میکنن دکتر تاریخ داده دیگه قبلش هیچ امکانی نیست
بگو خطرش رو بهش",False,1,1,1
413157558,"ترس؟؟
اين حرفا تموم نميشه بعد بچه هم ادامه داره
با شوهري كه ميگي ارزش موندن داره؟",False,1,1,1
413462617,"سر درخواست یک شارژ با برادر و همکار و دوست راحت نبوده بعد با خانمی که هدفش ازدواجه و تازه هنوز رضایت خانم هم جلب نشده راحت تر بوده ؟
موقع قرار دونفره برادرش ماشینش رو از ایشون میگیره ....بعد ایشون شارژش رو از شما؟
فرزندتون دختره؟",False,2,2,1
388711886,"چییی
من شوخی کردم چی میگی عزیزم",False,1,1,1
339254762,من خوردم حالت تهوع بهم دست میداد,False,1,1,1
406670419,چقد علایمت مثل این بارداری اخریم بوده بچم الان یک سالشه. تو خارج رحمی رشد بتا خیلی کنده و بعد از ۴۸ ساعت دوبرابر نمیشه. نمیدونم چند هفته ای ولی زودتر از ۸ هفته نرو. و اینکه درد پریودیو تا هفته ۱۲ داری,False,1,1,1
399824909,"آخی عزیزم
خدا برات حفظ کنه تو راهی تو 😘🌹
کی میری ان تی ؟؟",False,1,1,1
367820735,امکان داره فردا بشم ؟,False,1,2,1
380717036,اون کبری بود نه اکرم 😒,False,1,1,1
thread_17667077_starter,"نظرتون رو میگید؟
خودم انگاری یه هاله ای میبینم 😭",True,4,6,2
thread_17668245_starter,"خانمای باردار سایت لطفا خواهشا انقدر ذهنتون رو درگیر سونو و آزمایشات غربالگری نکنید. مخخخخصوصا اگر با شوهرتون فامیل نیستید.
استرس برا جنین سمه، باعث میشه هوشش کم بشه. خودم ۵ ماه زجر کشیدم تو بارداری همش گریه و استرس، چون سلفری ریسک بالا بود، شرایطم خاص بود نمیشد آمینوسنتز انجام بدم.
الان بچم دنیا اومده از من و باباش سالم تره، هی تو سونو نگا نکنید بگید سرش گندس پاش کوتاهه دستش کجه، خواهش می کنم مثل من سر خودتون نیارین همش عذاب وجدان دارم",True,9,8,7
thread_18129952_starter,تنها اشکال شوهرم اینه که هفته ای سه روز میره خونه مادرش میمونه( مادرش تنهاست) منم میذاره خونه مادرم.. دلش خیلی تنگ نمیشه وقتی اونجاست زیاد زنگ و پیام نمیده ولی وقتایی که هست فوق العاده مهربون و حمایتگره.. چجوری با این اخلاقش کنار بیام؟ من به شدت بهش وابسته م از طرفیم زورش کنم شرایطش خوب نیست که هردفعه باهاش برم ..اون موقع که نیست خیلی اذیت میشم خونه مامانم,True,6,7,5
379534878,"خب کجا ان اس تی میگیرن؟
باورت میشه از ۱۸ هفته مال انومالی بوده دیگه نرفتم🥲",False,2,3,1
413848969,چیشد واقعیه؟؟؟ 🤔,False,1,1,1
413354802,"اول استرس نداشته باش باهاش حرف بزن با یک جلسه کسی به دل نمیشینه چند بار ببینش
خوشت نیومد میگی نه استرس نداره",False,1,1,1
341737811,دیشب اتفاقا ازش پرسیدم ک چرا من گریه میکنم تو یجوری میشی گف گریه ات غیرتمو خورد میکنه کمرم میشکنه چون من هنوز بیغیرت نشدم ب گریه های زنم بیتفاوت باشم,False,2,1,3
thread_10172881_پریا۱۳۰۰_1401/11/01 12:16,"نه بابا اخراجِ چی
دانشگاه آزادی؟",False,1,1,1
308391188,"من هر ۴ تا دندون عقلمو  جراحی کردم
هر ۴ تاشم بخیه خورد
موقع کشیدن و بخیه زدن نمیفهمی
بعدش که بی حسی میره دردت شروع میشه ولی نترس چیزیت نمیشه
ببین من الان زندم",False,1,1,1
392710636,یعنی انقدر فرق میکنه؟از دکترم پرسیدم گف فرق ندارم که,False,1,2,1
371513146,منم توشیردهی اینجوری شدم اندومترم ۱۵بودنمیشدم برای شیر بودمنظمم فقطم یه بار یه هفته عقب انداختم,False,1,1,1
324763437,ن فقط با زایمان طبیعی,False,1,1,1
thread_7278834_مهوش221_1400/06/27 21:04,نه نداشتم هيچ علائمي تهوع و معده درد و نفخ و سوزش سردلم دارم ولي چون يك شب درميون شياف ميزارم بخاطر اينكه يه هماتوم كوچيك كنارجفت بود نگرانم اين علائما بخاطر شياف باشه نه بخاطر بچه,False,4,6,1
thread_17709543_starter,"۲۰ سالمه هنوز اختیار خودمو ندارم ن از درس ن کار ن بیرون رفتن ن چیزی دیگه هممون انسانیم حق قانونیمونه ک آرامش و حق انتخاب داشته باشیم
اعتماد ب نفسمم ک هربار پدر مادرم خورد میکنن 🥲 نه فقط با من برادر بزرگمم باهاش اینکارو کردن، همش جون میکنم ک یوقت بلایی سر خودش نیاره
کشش ندارم واقعا قفلم انگار دیگ خدا نمیبینه 😢💔 لطفا اگ قراره بیاین بگین پدر مادرن نگین الکی مقدس سازی نکنین همونطور ک فرزندان بد و نا به کار وجود داره چنین پدرمادرایی هم هستن
دیگ نمیکشم خستم ، من برا بقا دارم جون میکنم هیچوقت شرایطم یکی با کسایی ک پدر مادر خوبی داشتن نیس
چون روحم ازشون آسیب دیده :)
بچگی هم ک سوخت  اینم از جوونی😞",True,10,8,10
401373302,نباید مکمل بخورم 🤦🏻‍♀️🤦🏻‍♀️🤦🏻‍♀️,False,2,1,1
413981873,واقعا ناهار عدسی میخورین...خیلی بیکلاسین بخدا..ما غذا دریایی داریم بازم به مامیم گیر میدم..,False,1,1,1
392956692,"ممنون که وقت گذاشتید و این عکسو فرستادید
منم این اسمو شنیده بودم ...",False,1,1,1
408440405,"۵ هفته ساک دیده میشه
جنین رو بعد از ۸ هفته میرن",False,1,1,1
thread_11389002_میهندوست_1402/04/02 16:33,"بچت چند هفته به دنیا اومد؟؟ استرست دائم بود یا گاه گاه؟؟
بچه که کاری نشد نه؟؟",False,2,4,1
thread_18119187_starter,"بچه ها ی ماگ تراول بود مامان بزرگ داشتم خیلی خوب گرم نمیکرد مثلا یکی دو ساهت گرم نگه میداشت بعد ولی مال اون نو بود مال من یکم استفاده شده بود
ولی خارجی بود خیلی گرم نگه میداره ۷_۸ساهت قرار شد من اونو بدم به دوستم برای تولدش مال خودم بدم ب اون مال من بنفش صورتی اون مال اون ابی ی دست دیروز ایش گرفتم حس میکنم ناراحت شد شبم گفت بهش دادی اونو گفنم اره گفتم ناراحت شدس گف واسه من فرقی نداره
حالم بده 😭😭😭😭",True,5,4,5
332093757,لطفا دلیلشم بگو,False,1,1,1
thread_11816883_فنچ_قرمز_1402/05/26 15:13,"باورت میشه اصلا نمیتونم سمت قرآن برم همش خستم میگم بزار برا بعد قرار بود قرانو کامل ختم کنم جز ۵ دیگه ولش کردم شوهرمم دوماهه بیکار شده دارم دق میکنم اصلا وضعیتم خوب نیست تا کی افسردگی و استرس نگیرم😭
آره منم اطلاعاتم خیلی بالاس هروز دارم سرچ میکنم چیزای جدید تر یاد میگیرم ک وقتی ب یکی میگم میخنده بهم",False,8,4,7
384131366,"شما قطعا داری خودتواذیت میکنی
وگرنه رابطه بدون دخول مگه تو فیلم هندی باردار بشه
چرا اینقد خودتو استرس میدی؟
استرس بدتر پریود بهم می ریزه
درضمن نیاز به قرص هم نبود،فیلم و داستان برا خودت نساز",False,1,1,1
thread_14662777_starter,"سلام من بیماری ام اس دارم و توی سن ۴۰ سالگی باردار شدم پارسال چون دارو برای بیماریم مصرف میکردم مجبور شدم سقط کنم ولی امسال بعد از قطع داروهام و تحت نظر دکتر باردار شدم الان توی هفته ۱۳ هستم دیروز توی سونو دکتر بهم گفت یک پاش کاملا به سمت داخل چرخیده از دیروز توی جهنم هستم و فقط دارم گریه میکنم از یه طرف میگم با جراحی درست میشه.از یه طرف میگم اگه با این همه فشار و استرس و غصه خودم بدتر بشم چی؟یه ساعت میگم سقط میکنم یه ساعت دیگه میگم نه
میشه کسانی که تجربه دارن منو راهنمایی کنن.",True,9,9,7
thread_6421102_ماهلیا_1400/02/16 04:20,"دوتایی با همسرم هرچی لازم بود کم کم تا الان خریدیم حتی یه پستونک هم نزاشتم خانوادم بخرن
دختر بده بعد جهاز بده بعد دختر باردار بشه اونهمه درد و زایمانو تحمل کنه تازه بیا سیسمونی هم بده دیگه چی واقعا؟؟؟",False,3,1,1
342115286,این چه حرفیه,False,1,1,1
thread_11863827_starter,چند روزه  علائم بارداری دارم ولی شوهرم میگه از استرسه آخه قرص زد بارداری هم خوردم همون شب بچم تازه شده دوماهش,True,2,3,1
370555001,"اینجا که یه هفته بری مسافرت میگن چه طور تونستی شوهرت رو تنها بذاری بعد میگی خیانت کرد 😑😑😑
دیگه نمیدونن اون گاوی که خیانت می‌کنه بیست چهاری هم در اختیارش باشی کار خودش رو می‌کنه",False,1,1,1
354948423,"اینا چین میذارین
مردمو میترسونین",False,1,1,1
348039079,"عزیزم حس مادر شدن اینقدر خوبه
اصلا هم روزگارت سیاه نیس وقتینی نی تو به سلامتی بغلت بگیری میفهمی",False,1,1,1
thread_16801847_starter,"چیزایی که خیلی مسخره بنظر میرسه و یجوری باهام رفتار میکنن انگار چیکار کردم ....
من تو خونه هرکاری بهم بگن انجام میدم و اینطوری نیستم که بگم وظیفه من نیست و...... حالا من امروز حال ظرف شستن نداشتم مامانم مدام غر میزد و تحقیرم میکرد می‌گفت جای تو بودم خجالت می‌کشیدم و..... یا حتی شده سر کارای خونه سرم داد میزنن با اینکه من واقعا کاری نکردم
یه مورد دیگه هم همین امروز که من آرایش کرده بودم با ذوق داشتم جلو آینده کارمو انجام میدادم و بعد مامانم یه حرفی زد که مفهومش این بود: تو خودت هرچی یاد میگیری از این بلاگراست  و تو اصلا اینکار بلد نیستی و....
مگه من خودم دل ندارم؟:))))
یا گوشی دست می‌گیرم همشون بهم گیر میدن که تو الان داری با کی چت می‌کنی و چرا در اتاقتو میبندی تازه یبارم گفتن میخوای گوشی دست بگیری بیا پیش همینجا پیش خودمون بشین:)❤️‍🩹
همین خانوادم یبارم نشد گریه کنم و بغلم کنن و بگن چته یا باهام حرف بزنن و کنارم باشن یا مسخره کردن یا بی تفاوت گذشتن و قضاوتم کردن:)))",True,6,3,6
413151176,"خیلی ناراحت شدم برات🥲💔
برات دعا میکنم💔",False,1,1,1
411035591,و بعدشم با شوهرت محکم حرف بزن جلوشو وایسه,False,1,1,1
365634440,خیلی خوبه :)))))),False,1,1,1
408480912,"نگران نباش دختر طبیعیه. شیاف پروژسترون استفاده میکنی؟
حقیقت اینه که هیچ کاری نمیتونی بکنی تا روز آزمایش و فقط باید صبر کنی، پس سعی کن خودت رو مشغول کنی و به چیزای خوب فکر کنی. میدونم زمان هم دیر میگذره ادم هی استرس میگیره ولی صبر داشته باش، همه چی به وقتش درست میشه",False,1,1,1
thread_6235224_7379ali_1400/01/20 03:54,چون نگف قرص چی هست و اینکه حالم با خوردنش بدتر شد و منم نخوردم بهم گف برا اینک راحتر زایمان  کنی,False,1,1,1
326269561,من که به خدا گفته بودم خودت دادیش خودت مواظبش باش هر چی زور میزنم‌نمیشه مگه من چیم از بقیه کمتر چرا اونایی که بعد من ازدواج کردن دارن ذوق اومدن بچشون رو میکنن من باید داغ بچم بمونه رو دلم و سوگواری کنم من این روزا رو یادم نمیره روز قیامت پیش خدا از خود خدا شکایت میکنم😭😭😭😭,False,7,2,9
thread_17338779_starter,خیلی تنها هستم دیگه خسته شدم از تنهایی,True,4,2,8
thread_18139276_starter,"من خواستگار زیاد دارم اما هیچکدوم معیار های من رو ندارن و توقعات من رو برآورده نمیکنن من فقط ده تومن تو دو سه روز خرجم شد چطور میتونم با یه پسر با حقوق پنجاه شصت تومن تو خونه مستجری پنجاه متری زندگی کنم و میخوام با یه آدم خوشتیپ خیلی پولدار و جذاب ازدواج کنم
گریه کردن تو بنز شرف داره به گریه کردن تو پراید",True,1,1,1
401520346,میشه بگین اسم دکترتون چی بوده؟ تهرانین؟ و یادتون هست چه داروهایی داده بود؟ ♥️,False,1,1,1
369556023,"عزیزم یه جوری با بچها بحث میکنی انگار مقصر اونان
خب هر جور صلاح می‌دونی بچه بیار تنهاش بزار خونه برو سرکار
نه ب مامانت بدش نه ب پرستار
تنها میمونه بلاخره کم کم یاد میگیره خودش شیرخشک درست کنه خودش پوشک عوض کنه بیشتر بخوابه...
#
‍ سرزمین عجایب 🤕😑",False,1,1,1
thread_15363698_starter,"سلام خانوما خوووبین
من ماه چهارم بارداری هستم امشب با مامانم میخواستیم سالاد الویه درست کنیم، ب مامانم گفتم من میخوام خیارشورارو رنده کنم، رفتم دیدم خودش داره رنده میکنه 😭همون جا زدم زیر گریهههه
احساس میکردم قلبمو تکه تکه کردن
چرا انقدر حساس شدم؟ تاکی اینجوریم؟ یه مدته خیلی حساسم سر همه چی گریه میکنم. طفلی مامانم خیلی ناراحت شد همش ازم معذرت خواهی میکرد 😭😭😭",True,4,2,4
413945586,بزن به چاک,False,1,1,1
379335369,استراحت چند ساعته پس از عملحدودا دو ساعت در کلینیک، بیمارستان یا مطب استراحت خواهید کرد.استفاده منظم از نوار بهداشتیبه دلیل وجود خونریزی یا لکه بینی لازم است از نوار بهداشتی استفاده کنید. (استفاده از تامپون در این دوران ممنوع است.)عدم فعالیت شدید یا بلند کردن اجسام سنگینممکن است در چند روز اول پس از کورتاژ دچار گرفتگی عضلانی شوید. به همین خاطر باید از فعالیت شدید یا بلند کردن اجسام سنگین خودداری کنید.مصرف مسکن برای تسکین درد و عدم استفاده از آسپرینطبق توصیه پزشک برای گرفتگی یا درد مسکن مصرف کنید. آسپرین یا برخی داروهای ضد درد دیگر ممکن است خونریزی را افزایش دهند. به همین دلیل باید تنها داروهای توصیه شده از سمت پزشک را مصرف کنید,False,1,1,1
401639781,یعنی کسی نیس جواب منو بده دوستان خیلی حالم بده,False,5,3,4
412751779,"حق داری الان روحت خسته اس
زیر نظر باش هر وقت شرایط جسم و روحت خوب شد انتقال بده
تا بعدها حسرت نخوری که ای کاش تلاش میکردی
چسب جنین هم شنیدم خیلی تو انتقال موفق موثره درباره اش از پزشکت بپرس",False,1,1,1
366351769,یبار کاشت جواب نداد,False,2,1,1
381956351,کسی نیس 😍,False,1,1,1
410902729,"مشکلت چیه که طبیعی نمیشه
من همش سفط میکردم و جنینا مشکل داشت دکتر گفت باید ای وی اف کنی
ولی طبیعی اوردم",False,2,1,1
261626674,"مگه بقیه قداره مداره ی محل پشت به پشتشونه
بیشتر ماها تنهاییم
پر کَس بی کس",False,3,1,6
thread_8130945_مامانl_1400/11/22 21:57,نه درد ندارم. فقط لک قهوه ای دارم. خیلی استرس گرفتم,False,7,7,1
412885435,یکی از اشنها ناخواسته باردار شد خواهرم میگف میگن ناخواسته ولی خودشون میخوان سومیش در عین ناباوری ناخواسته باردار شد,False,1,1,1
330693939,"۵۰-۵۰دختره
البته چندروزپیش بهت گفتم پسر",False,1,1,1
413961491,اخه شب قبل ما دعوامون شده بود چون رفته بود خونه مادرش و ب من گفت بیرونم منم گفتم تو دروغ گفتی من ماشینت اونجا دیدمگفت نگفتم بهت اونجام چون تو ناراحت میشدی چون هر وقت میرم اونجا هی زنگ میزنی سیم جیمم میکنی و میگی چرا تنها رفتی اونجامنم بهش گفتم از بس24 ساعت اونجایی گفت یعنی نرم مادرم ببینم گفتم خب باهم میریمبعد دعوامون شد گفتم هر وقت یاد گرفتی اول زنت بعد خانواده بعد حرف بزن,False,6,3,2
411696063,۲۹ اره دوساله عروسی کردیم,False,1,1,1
thread_17990003_starter,"دیرشده برای شروع هرچی نه؟
شغلی رو شروع میکنین",True,3,4,2
411601986,"مثلا ته محبت کلامیش عزیزم بیشتر از این بلد نیست
حالا انتگرال و چیزای دیگه بده بهش",False,1,1,1
412158476,ی مقدار حالش طبیعی نبود وگرنه از این عادتا نداره ک بدون هماهنگی کاری انجام بده,False,1,1,1
377731356,"من سه بار هم ivfکردم
تو اینکار خیلی این حالت مرسومه
خیلی سخته میدونم😭😢
تازه یبارم juiکردم ناموفق بود
کلا که میتونی سه تا پریود دیگه شروع کنی اما باید آز amh یا همون ذخیره تخمدان بدی اگر بالای ۱ باشه میتونی محدد انجام بدی
اما تو ivf آزمایشگاه خیلی مهمه
میدونم چقدر سختی کشیدی آمپول‌های هورمونی زدی
روان آدم نابود میشه
امیدوارم
که خدا صلاح و مصلحت رو با خواسته دلت یکی قرار بده و زود زود به خواسته ات برسی",False,7,4,6
351142714,خوب تکرار کردی؟اگه میخوای بچه دار بشی حتما تیروئیدتو چک کن و اگه لازم شد داروشو بخور.چون روی رشد مغز و اعصاب بچه خیلی تاثیر میذاره و توی بارداری هم باید مدام چک کنی,False,1,1,1
340957670,امکانش هست چیزی مونده باشه؟؟من پریودام همیشه ۳روزه و خونریزی کم بود این درد طبیعیه؟؟,False,4,6,1
411896795,"پس نمیخواد خیلی ناراحت باشی
یکی از مهم ترین عواملی گه زندگی رو نگه میداره دوست داشتن پسره.... پسر اگر بخواد شده قید همه رو میزنه که به دختره برسه اما کافیه دلش نخواد شده یه حرف کوچیک و بهونه میکنه و میزاره میره.
سنت کمه عزیزم اصلا نگران نباش بزودی موردهای خیلی خوب میاد اصلا نگران نباش.
با عمت و خونوادش هم سرسنگین برخورد کن دیگ نزار زیاد تو زندگیت دخالت کنن هی اظهار نظر کنن. اگر همین الان سنگین برخورد کنی دیگ جرات نمیکنن یه وقت اگر خواستگاری اومد بیام جلو چیزی بگن دیگ نخند باهاشون",False,1,1,1
348881881,"با لاخره  با ید ۱ جور حالیش کنی حر ف فقط حر ف ا ون نیست
بز رگ تر واسطه کن",False,1,1,1
378156330,من ۲۱هفتم..واژنم درد میکنع سفت میشه .روپام ک میشینم انگار میخواد یچیز بیفته ..چیکار کنم,False,6,7,1
331238276,"انگار پسره
هفته چندم رفتی",False,1,1,1
402494348,سونو ساده برای چکاپ ۶۰۰ و سونو آن تی ۱۲۰۰ ،قرص و دارو و ویتامین ۱ تومن زایمانم فعلا خبر ندارم ولی برای بچه اولم طبیعی بودم ۴ سال پیش شد ۵ تومن 🙄😬😬,False,2,1,1
thread_8676042_بارانشونم_1401/02/28 14:43,هنوز قلب هم نداره,False,1,1,1
395286393,"از خودم فقط با لباسی که میرم بیمارستان وتنمه میبرم چون اونجا لباس بیمارستان میدن بپوشم ونیازم نمیشه
موقع ترخیص هم همون لباسی ک باهاش اومدم ومیپوشم یعنی واقعا نیاز هست براخودمم لباس بردارم؟",False,2,2,1
thread_18140156_starter,اصلا متوجه نبودم تف به هوش وحواسم😭😭😭😭رفتم از مسئول آزمایشگاه پرسیدم گفت اشکال نداره ولی به نظرم داره😔😔💔💔💔💔,True,7,8,4
343942711,صدای قلبشو شنیدی یا نه,False,1,1,1
322179619,"خوب تحمل داری من همسنتم با پیام اولش اینو می‌فرستادم:
😭😭😭😭 کجا بودی بیمعرفت
دلم هواتو کرده
🤣🤣🤣🤣🤣",False,1,1,1
397644214,عزیزم سخت نگیر الان یادم اومد شما دیگه سخت نگیر دوماه دیگه دخترت میاد بغلت اینقده آروم میشی که خودت هم باورت نمیشه,False,1,1,1
382585438,"بارداری همینه
بچه هم نبود تنها بودی و تهوع و ...
منکه بعد ۱۶سال بود جونم به لبم رسید
نمیخوام بترسونمت ولی تازه اول راهه
بعد که بونیا اومد میگی وای چقد خوب بود توشکمم بود آزار و ادیتی نداشت
سخت نگیر
چون نفر اول خودت اسیب میبینی",False,4,1,2
413988084,گذاشتی لایک کن,False,1,1,1
279866139,با بشکاف خیاطی,False,1,1,1
401015965,ثابت در خونه بودن یا مثلاً صبح میومدن تا ظهر؟ چقدر میگیرن حقوق؟ میشه راهنمایی کنید,False,1,1,1
thread_16302658_starter,"سلام الان از وقت پری گذشته فک کنم باردارم اما تو بارداری قبلی که سقط شد روگام نزدم یعنی قصد بارداری نداشتم اما الان شده
چیکار کنم خیلی استرس دادم مشکلی پیش نیاد براش من میمیرم اینطوری😭😭😭😭😭",True,9,9,4
310984490,"ببخشیدا اما ماشالله شکاکههههه. یعنی چی؟؟ یعنی شما نیازمند نگهبانی. ببخشید ببخشید مگه ادم نیستین که سگ پاسبون میذاره واستون. چی بگم والا. مشاوره هم نمیاد حتما؟؟
چند سالتونه",False,1,1,1
403340401,ببخشید اهل سنت بدون مهر نماز میخونن؟,False,1,1,1
330927592,مگه از صبح ک سرکار میره تنها نیستی؟؟ یکساعتم رو اون چی میشه مگه؟,False,1,1,1
thread_16647431_starter,"جادوی سفید برای مقابله با نر ها
آیا می‌دونستید در ددی سایت به ما میگن ماده
وقتشه اتمام حجت کنیم
از فردا هر نری وارد سایت بشه شامل نفرین چهل نفر میشه
اگه موافقی بنویس جتما",True,1,1,1
359105333,"خدا رو شکر...
ولی همه مثل هم نیستند.‌ من ماه اول بارداری تو یه روز چند بار از پله‌ها پایین بالا کردم، تازه خیلی هم آروم میرم، اومدم خونه زیر دلم درد گرفت به لکه بینی افتادم . دیگه هم خوب نشد لکه بینی ام. دیگه نمیدونم جنین افتاده یا نه،،😟",False,7,8,3
290555824,"خیلیا اینجوری ان
من مادرشوهرم اینا خونه سازی داشتن مجبور شدن ۴ماه خونه من بمونن من بچه کوچسک زیر یکسال داشتم،مادرشوهرم یه بااار محض دلخوشی من بچمو نبرد بشوره وقتایی که من دستم بند بود
یه بار بهش گفتم میشوریش گف عروس جان دستم درد میکنه میترسم از دستم بیفته...بچه ۸ماهه😳
الان بچه های جاریمو سه تاشون و صفر تا صد کاراشونو میکنه ۲۴ساعت
حتی شب پیش خودش میخابن همشون پشت همن یکیشون پوشکی سه سالشه .جاریم و شوهرش مثل عروس داماد خونشون تنهان همیشه
به شوهرم گفتم الان بعد ۶سال دستش دردنمیکنه مادرت؟
گف چی بگم والا!
ولی ادعاش میشه من بین پسرام و عروسام فرق نمیزارم
من الان دیگه به این چیزا فکرنمیکنم چون تهش جز اعصاب خوردی خودم هیچی نداره",False,4,1,2
289477413,پس تخمک گذاریته,False,1,1,1
380194321,مگه میشه تو بارداری؟؟؟تنها میکن مجاز استامینوفنه,False,1,1,1
258281682,نه منم بچه اول طول کشید باید بدنت عادت کنه اصلنم نرفتم دکتر... ولی بچه اولم قسمت نبود سقط شد.. خب فکر نکن بهش نگو کی پریود میشم وای استرس بدی اصلا بیخیاااال من از پریم هیلی گذشت استرس گرفتم چون بی بی چک و از منفی میشد برا اون زیاد سوال میکردم استرس داشتم چون سونو گفت کیسته تنبلی هم داری,False,7,7,2
349974496,"الهی
ایشالا همیشه سلامت باشی و غم و درد نبینی
منم۳۳سالمه هنوز نینی ندارم",False,1,1,2
413933323,من موی مشکی رو ترجیح میدم,False,1,1,1
413409634,اره باید اصل عقدنامه یا رونوشت محضر عقدتون و کارت ملی و شناسناسنامه تون باید باشه ،نفقه میتونین واسه معوقعه اقدام کنین یکماه قبل ترک منزل تون و استرداد جهیزیه تون ،لیست سیاهه دارین? ،بعد مهریه هم مرحله اول همش اجرا نزارین گیر میکنین زمانبر میشه چون هیچی نداره ،بعد نهایت یک چهارم حقوق انتخاب میکنین و بعد مجبور میشین کل مهریه تون ببخشین بیاد طلاق توافقی,False,1,1,1
353290919,سلام عزیزم دکتر سعیده کرد جزی من تعریفشون رو خیییلی شنیده بودم الان دکترخودمم هستن باردارم حتما ی جلسه برو پیشش خیابان جی کلینیک شبانه روزی جی,False,1,1,1
thread_14016949_starter,۴ساله تهوع دارم کلا بی حال و کسلم بی انگیزم جون ندارم کارامو کنم ظرفامو نمیشورم مدام خستم اینقد خسته که جون ندارم تا دستشویی برم مدام دراز میکشم استرس و ترس اینکه خوب نشم مدام تو جونمه ۵ تا روانپزشکم رفتن ولی خوب نشدم اصلا فقط دارو دادن چاق شدم و میخوابم ولی علائمم از بین نمیره چه کنم,True,8,9,9
379562141,زیر شکمم درد داره ولی دردش شبیه درد پریودیه طبیعیه؟,False,3,4,1
thread_15765766_starter,"ش
اید تاپیکامو زیاد دیده باشین
۲۳ سالمه معلم رسمی هستم دبیر تیزهوشان
پدر مادرم تو نوزادی جدا شدن
مادرمو کلا ندیدم
بابام بیکار معتاد
با مادربزرگ پدری بزرگ شدیم
مامانبزرگم سرطانی
خواهر دوقلوم معلول که مشکل روحی روانی پیدا کرده
از وقتی بابا بزرگم فوت کرده سه تا عموی معتاد بیکارم اومدن خونه ما
به گند کشیدن هرروز دعوا
دود دم ادمای مختلف معتاد میان میرن
تعرض دیدم از عموم
مامانبزرگم باهام نمیاد جای دیگه اجاره کنم
نمیتونم برم جای دیگه خونه جدا میترسم
نمیدونم از چی
پولمم نمیرسه ماهانه ۶ ملیون قسط میدم ۲۰۰ تومن وام واسه درمان خواهرم گرفته بودم
درامدم زیاد نیست
نای زندگی کردن ندارم
یکی از عموهام به زن معتاد کرجی از گوشه خیابون برده صیغه کرده اوزده خونه ما
میترسممم
حموم دستشویی نمیرم خونمون
غذا نمیخورم
پولم نمیرسه همش دارم از بیرون میخرم
چیکار کنم",True,10,10,10
413331580,بگو سرماخوردم یا بگو اون روز اون شهر نیستم,False,1,1,1
313323793,"خخخخ منم باردارم دلم میخاد نی نی خیلییی ریزه میزه باشه
البته نه هفته هستم حالا",False,1,1,1
thread_14844287_starter,"سلام من اخرین بارداریم12مهر بود
دو روز قبل پریودیم بی بی زدم مثبت بودش
کمرم خیلی وحشناک درد میکرد اومدم دکتر گفت سنو انجام بده حالا انجام دادم میگن داخل رحمت چیزی نیست سنو داخلی انجام بدههه
بنظرتون خیلی زود نیست بچه داخل رحم میره😭",True,7,8,3
389373435,خب خوبه مرد خوشگل ک نداریم و به درد نمیخوره معمولی برای شوهر و زندگی خوبه اینستاگرامی و مدل اگر میخوای بدون دروغه و بی ارزش به درد زندگی نمیخورن,False,1,1,1
thread_6310312_آویشنا۲_1400/01/31 02:10,"مهر؟؟؟
منظورت نمازه'؟؟؟🙄",False,1,1,1
thread_17562526_starter,"خانما لطفا اونایی که تجربه دارن راهنماییم کنید
من کل داستانو میگم همینجا 🥲
من الان هفته ۲۹ بارداریم
اصفهان زندگی میکنم
خونه پدری من شهرستان هست
تو دوران بارداریم اوایل زایمان دچار افسردگی شدم چون تنعا بودم
مادرم مدتی پیشم موند تا حالم بهتر بشه
تصمیم گرفتیم برای مدتی برم شهرستان خونه مادرم بمونم
من شدیییید از زایمان طبیعی میترسم و دکتر خودم قراره سزارین اختیاری انجام بده برام اصفهان
با مشورت دکترم روز قبل از سفر رفتم سونوگرافی که شرایطمو چک کنه که اگه نمیتونم برم اصلاااا نرم اونجا گیر بیمارستان دولتی بیوفتم .چون اونجا اصلاااا اجازه سز اختیاری نمیدن
خب من شرایطم خوب بود و طول سرویکسم ۳۵ بود (البته سونو شکمی)
رفتم خونه مادرم 🥲که به گفته دکتر حتمااا قبل از هفته ۳۲ برگردم
حالا یک ماه از اومدم میگذره و من وارد هفته ۳۰ شدم
ولییییییی بخاطر یه درد عادی زیر شکم و خود خواسته و اتفاقی رفتم طول سرویکسمو چک کردم (سونو داخلی)
دیدن بچه سرش وارد لگن اومده و به دهانه رحم فشار وارد کرده و طول سرویکسمو کرده ۲۳ 😭😭😭😭😭😭
بهم گفتن سریع باید بستری بشی
چهار روز بیمارستان بستری شدم
اموپول تشکیل ریه و ضد انقباضو سرم سدیم زدن بهم
هزارتا دکتر اومدن بالا سرم
هر کدوم یه نظری میدادن
دکترای اینجا یه تعدادی گفتن فقطططط استراحت مطلق باش چند تا دیگه میگفتن دیگه استراحت بدردت نمیخوره باید پساری بذاری(مثل دوختن هست ولی یه حلقه پلاستیکیه)
درصورتیکه من دهانه رحمم بسته هست و انقباضه رحمی هم نداشتم
حالا پساری گذاشتن تو شهر ما نیست باید برم شیراز دوساعت راه هست
حالا باوجود ریسک رفت و امد من میترسم برم پساری بذارم ولی بخاطر این رفت و امد بدتر بشم و پساری گذاشتن برام بدتر بشه یا نمیدونم دهانه رحممو تحریک کنه
اون وقت برگردم خونه مادرم بعد دوهفته بدتر بشم و بجای اون سزارین اختیاری بشم یه زایمان طبیعی و بچه نارس 😭😭😭😭😭😭
من رفتنم درسته ؟ بخاطر پساری برم تا شیراز ؟؟؟؟ یا خونه موندن و استراحتم بهترهه؟؟؟
خدا کمکم کن",True,10,10,6
356304771,نه اصلا نگران نباش,False,1,1,1
277331582,دو تا نی نی اتون دختره؟,False,1,1,1
341239636,عزیزم من آزمایش دادم منفی شد الان تو سری انتقال دادم هردوسری زودتر از موعد پریود میشم،ان شالله برای شما مثبت باشه و بسلامت بغلش کنید,False,3,2,2
thread_9961437_norieh_1401/10/04 22:15,"ترس نداره
همسرتونم مواظبه
برید حالشو ببرید
ولی حتما نظر پزشکتو بپرس
من به محض بارداری چه اولی چه دومی از پزشکم پرسیدم که برای  رابطه مشکلی ندارم ؟",False,1,1,1
288473882,"💎لیست پرو کسی های متصل همراه اول
💎
https://t.me/proxy?server=45.61.139.153&port=443&secret=7hGXzGb1HoGKGgn-iE0s_2Bnb29nbGUuY29t : https://t.me/proxy?server=45.61.139.153&port=443&secret=7hGXzGb1HoGKGgn-iE0s_2Bnb29nbGUuY29t
💎
https://t.me/proxy?server=193.149.189.104&port=443&secret=dd6450705f715c91a6f89ea5d54c74b5bb : https://t.me/proxy?server=193.149.189.104&port=443&secret=dd6450705f715c91a6f89ea5d54c74b5bb
💎
https://t.me/proxy?server=193.149.189.104&port=443&secret=ee6450705f715c91a6f89ea5d54c74b5bb676f6f676c652e636f6d : https://t.me/proxy?server=193.149.189.104&port=443&secret=ee6450705f715c91a6f89ea5d54c74b5bb676f6f676c652e636f6d
💎
https://t.me/proxy?server=193.149.189.104&port=443&secret=7mRQcF9xXJGm-J6l1Ux0tbtnb29nbGUuY29t : https://t.me/proxy?server=193.149.189.104&port=443&secret=7mRQcF9xXJGm-J6l1Ux0tbtnb29nbGUuY29t
💎
https://t.me/proxy?server=193.149.189.142&port=6969&secret=7gb05uIfqXtuYosURzNiYN1nb29nbGUuY29t : https://t.me/proxy?server=193.149.189.142&port=6969&secret=7gb05uIfqXtuYosURzNiYN1nb29nbGUuY29t",False,1,1,1
398786877,"من نمیشناسم ولی ان شالله بسلامتی نی نی رو بغل بگیری.😍
بچه اول؟",False,1,1,1
379656337,"یه اشغاله
دنبال رابطه جنسیه",False,1,1,1
thread_14808080_starter,"بچه ها ناشتا ی بار دادم ازمایش
بعدش پودر رو خوردم نیم ساعت بعدش باز ازمایش دادم بازم بعد نیم ساعت ازمایش دادم
الان باز نیم ساعت دیگ باید بدم
بعد اونم نیم ساعت دیگ
دارم میمیرم اینقد ک بدحالم از ساعت۱۲شب تا الن هیچی نخوردم😭😭",True,6,2,2
258094665,"من هنوز نخوابيدم كمرم خيلي درد ميكنه
٤ ساعت قبل چاه آشپزخونه اومد بالا فرش اشپزخونه و كف 💩شد منم تا حالا تميز ميكردم با سطل اب جمع ميكردم",False,5,1,2
412149764,کدوممونده واست اینو بگو,False,1,1,1
322634581,"ممنون‌پدرشمارو هم😭😭
مجرد بودین همش میگم کاش ماهم مجرد بودیم😭",False,5,2,6
345515493,برای تشنج باید برید دکتر مغزو اعصاب.,False,1,1,1
286466009,"کدوم قسمتای صورتت داشتی ؟ چندسالت بود میکرو کردی ؟ من همش ۲۴ سالمه 😔
بعد درد و سوزش و نقاهتش چطور بود ؟ بی حسیم زد یا ن درد میکشیدی",False,3,5,2
362617731,گفته ضعف تخمدان ولی طفلک فکر می کنه لیزر باعث شده تخمدان هاش ضعیف شن,False,1,1,1
357838242,درد ، منم دفعه اول ، بعد دو روز رفت ، اما کمر درد نه ، سیاتیک گرفتم,False,2,1,1
thread_12372198_۲۷_1402/08/20 17:59,منم مامان سرطان داشت انقد ناله و گریه کردم ۱۸ سالم بود همه طلاهامو نظرش کردم واقعا از ته دل ازش هر لحظه خواستم ولی مامانم رفت خیلی دلم ازش شکست بعد ۸ سال رفتم مشهد به امام رضا گفتم باهات قهرم ولی باز اومدم,False,6,1,8
413857709,"😑😑😑😑😑
چجوری هنو باهاش زندگی میکنی جوووون من؟",False,1,1,1
413404709,"هرکاری کنی باز میخواد یه حرفی بزنه
پس هرکاری که خودت دوست داری بکن اصلا اینکه اون قراره چه برداشتی داشته باشه برات مهم نباشه",False,1,1,1
370148436,واقعا برات متاسفم اون موقع یادت نبود که باید جلوگیری کنی؟اینم مثل اون یکی بچته من کسایی رو مشناسم که تو شهر غریب بودن تونستن چند تا بچه رو پشت هم بزرگ کنن مهر مادریت اجازه میده یه بچه که به جیگرت وصله رو عذاب بدی و بکشی؟ اگه تا اخر عمر باردار نشدی یاد این روزات بیوفت,False,1,1,1
thread_10411494_روح_حیران_الدوله_1401/12/02 00:21,"رابر؟
بسلامتی برای ما هم دعا کنین
برای یه صاحبخانه فرق نداره مهمان بالای مجلس نشسته و اونی که دم دره همین که هستی رو قدر بدون برای عاقبت بخیری ماهم دعا کن🎈",False,1,1,1
thread_14398550_starter,رشتم ریاضی رتبه ام نزدیک ۲۹.۰۰۰ ولی روزانه نیاوردم😭😭😭😭,True,4,2,4
405245196,حس میکنی چرا شوهرم آنقدر باهام بد رفتاری میکنه؟,False,5,3,3
thread_17843090_starter,"لک و این چیزا ندارم اصلا
ولی از دیروز پایین کمرم و زیردلم بیشتر قسمت واژن درد داره و با استراحتم خوب نمیشه
کسی تجربه اینطوری داشته؟!",True,4,5,1
406497498,"ممنون
چرا میخندی ؟:)",False,1,1,1
349439455,شوهرت چند سالشه,False,1,1,1
397197912,"خیلی ممنون از همه اتون
فعلا یکم با قاشق روی لبش شیر خشک ریختیم بعدشم‌ یکم شیر مادر گرفت
بالاخره خوابید🥲",False,3,2,1
411710596,مگه میشه؟برا بومی باید سابقه ی ده سال سکونت داشته باشی که,False,2,2,1
405658833,خوب منظورش چیه؟ دارن زحمت میکشن ازت پرستاری میکنن. استرس برات خوب نیست، استراحت مطلق هم اولاش راحته بعد خیلی سخت میشه و بیشتر اذیت میشی. جوابشو نده . سعی کن خودتو با خانواده ات سرگرم کنی,False,1,1,1
381245562,من یه تایمی با همین تنها از 84 شدم 69 بعدش دوباره چاق شدم و رسیدم به 105 این بار هم ورزش هم رژیم هم فستینگ و به طور کلی همه چی با هم رسیدم به64 الان دوباره چاق شدم و 67 هستم,False,2,1,1
338972405,من عاشق رطب و خرما بودم پسرم 36هفته با وزن 3900به دنیا اومد,False,1,1,1
409868022,من ک باردار نشدم تاحالا ولی بله دیدم یکم شکم میفته و باسن بزرگ میشه,False,1,1,1
343527077,"۲/۸۰۰
من نه چون بچه ضعیف بود سریع اومد بیرون ساعت ده رفتم بیمارستان ۱۱ نیم زایمان کردم
اما سر پسرم چون چهار کیلو بود از ۸ شب رفتم بیمارستان تا تا خوده صبح فقط درد کشیدمو گریه کردم تا ۵ نیم صبح دنیا اومد",False,2,1,1
thread_9848289_starter,"یه چیزی بگید آروم شم از دست خونوادم کارم شده گریه
😭😭😭
ببخشید اصلا نمستونم تایپ کنم لطفا نپرسید چرا
فقط یه چیزی بگید حالم یکم بهتر شه😭😢",True,9,7,8
thread_8332965_angel82_1400/12/26 23:40,به این شماره زنگ بزن ولی با شرایط شما فقط دوای دردتون ارتباط با خداست... کسی رو میشناختم که افسردگی شدید داشت . از وقتی ارتباطش رو با خدا بیشتر کرد خیلی بهتر شد,False,1,1,1
371791590,نه حسه پوستمو داره فشار میدم درد میگیره خون میاد مثل گوشت اضافه,False,3,3,1
295931565,[QUOTE=295930708] من اقیانوس رو رفتم و تازه فهمیدم خلبان با کمک خلبان  سویچ میکنن هواپیما رو واونساعت  خواب بودن .   از اونسال   ۸ ساعت پرواز روی اقیانوس رو  حاضرم انتخاب کنم .,False,1,1,1
381578952,چند هفته ای؟,False,1,1,1
277845997,عزیزم علایم بارداریت چی بود؟ ی تاپیکتو دیدم گفتی تب و بدن درد.من روز ۱۵سیکلم رفتم سونو فولیکول ۲۴ داشتم.اقدام داشتم یک شب در میان دیشب اقدام سومم بود بعدش لرز گرفتم خفیف بدن درد ،درد پا دلپیچه شدید .سوزش معده ترشح بد بو الان ۷روز از اقدامم میگذره,False,4,5,1
276203863,"سلام و عرض ادب
۱_اگه در دادگاه کیفری شکایت کرده باشیم بابت کلاهبرداری اما رای خیانت در امانت صادر شده باشه
مجدد میتونیم  کلاهبرداری شکایت کنیم ولی این دفعه مدارکمون کاملتر باشه و از نفرات بیشتری شکایت بشه؟
۲_متهم یه خونه داشته باشه به مبلغ ۲میلیارد
دو‌تا شاکی وجود داشته باشه هر کدام ۱میلیارد طلب داشته باشند
شاکی اول خونه را سند بزنه بنام خودش
شاکی دوم باید چیکار کنه؟؟؟؟
چطوری باید به اجرای احکام بگم که طلب شاکی اول ۱میلیارد بوده",False,3,3,1
356290569,دست میزنم مشخصه. تورم صورتم خوابید اینو امروز متوجه شدم این دندونمو ترمیم کرده بودم الان از این تورمه خیلی میترسم,False,6,7,1
381860745,آره سخت شدنشو که آره ولی خب شرایط اوکی نشه چی میترسم اذیت شیم,False,5,6,2
413101443,"وای دقیقا از پایین شهر میان برای دزدی
ادم وحشت میکنه",False,4,6,1
thread_16338853_starter,"دوست پسر قبلیم پیام میده
نمیفهمه تموم شده
با پیاماش روحیه ام خراب میکنه
بعد این انقدر دختر تو‌دست و پاش داره
از این دخترای وان نایتی و پاپتی مثل خو‌دش
اصلا درکش نمیکنم چرا گیر داده به من وقتی دوستم نداره
هر بارم پیام میده فقط چسناله میکنه
که من تورو شناختمت
تو خودخواهی تو فلانی
تو قیافه خاصی نداری
فکر کن به یکی پیام بدی که بگی زشتی
و دوستت ندارم
انگار میخواد خودشو قانع کنه که مثلا منو از دست داده
عیب رو من بذاره
بعدم اومده میگه من نمیگیرمت عزیزم
بچه ها اصلا بحث ازدواج نبود
یهو مثل خل مغزا پیام میده من نمیگیرمت
یا یهو میاد عکس از خودش میفرسته
یا التماس میکنه عکس از خودم بفرستم
خب اگه زشتم چرا عکس میخوای
اخه چه مرگشه
کنه شده تو زندگیم
و چسناله میکنه
خودش پیام میده بعد میگه حوصله اتو ندارم
اصلا کی گفت پیام بده؟؟؟
از صدجا بلاکش کردم با سیم کارت جدید پیام میده
دردش چیه ؟ کسی فاز اینو درک میکنه
برا منم توضیح بده؟",True,8,6,5
412190785,"منه احمق فک میکردم اگ زنگ بزنم و قهرو کش ندم همچی درست میشه ولی اون با بی تفاوتیش فقط دلمو شکس
ممنون ازت همین کارو میکنم
بخدا اگ برات تعریف کنم که چه کارایی ک میکرد واسم
انقد خوب بود خوب بود ک به خدا میگفتم چ کار خوبی کردم ک معینو اوردی تو زندگیم
ولی الان دقیق یک ماهه انگار همچی بهم ریخته
هرچی دس و پا میزنم بدتر خراب میشه
دیگ بسمه دیگ اهمیت نمیدم بهش",False,8,4,6
350556630,"مادر من ۸هفتگی سقط کرد به هر حال بچه الان اندازه لوبیاسو‌قلبش میزنه
درد داره با کورتاژ ولی دردش همون لحظس
درد قرص طول میکشه",False,1,1,1
366298223,ممنونم ازتون .انشالله خدا هم نینی شمارو حفظ کنه صحیح سالم بدنیا بیاد .اصلا استرس و نگرانی نداشته باش که بدترین چیز الان استرس داشتنه . به خودت فشار نیار کار سنگین نکن بار سنگین بلند نکن .حسابی استراحت کن .راستی اونموقع که اینجور شدم دکترمنو منع رابطه کرد.,False,1,1,1
thread_7380443_starter,نشستم گریه کردم خسته شدم😢😢,True,7,3,7
thread_18132012_starter,"جای تنباکو رو با دوستش عوض کرده نگو شل شده گذاشتم رو میز افتاد زمین
دو تیکه فرش سوخت و شوهرم اصلا چیزی نگفت گریه کردم گفت فدای سرت شد که شد
بعد گفتم یکی هست اینارو ور میداره به جاش فرش نو میده یکم بحث کرد ک نه ماشینی خوب نیست دستباف خوبه گفتم خب سوخته دیگه یکم بحث کردیم گفت من اعصابم از صبح خورده باهات سر فرش خوب رفتار کردم زن قبلم بود میزدم در گوشش
گفتم همچین ادمی باشی با من ازت جدا میشم
گفت همچین اتفاقی ۲ ۳ بار بیوفته من خودم طلاقت میدم ماشینو بکوبی یا هرچی
بحث کردیم گفتم تویی که دوتا تیکه اهن رو از من بیشتر دوس داری برو با همونا رفتم اتاق گریه کزدم اومد به غلط کردن افتاد چند بار هم امروز گفتم ناراحتم از حرفت گفت خب حساسم گفتم اتفاقه شاید یچی خراب شد ماشینو کوبیدم سر این جدا میشی گفت حساسم دیگه
از اینکه باز حرفشو عوض نکرد ناراحتم چیکار کنم",True,8,7,6
342461252,ببخشید دو قطبی باید حتما چند روز افسرده چند روز خوب باشه منظورم منظمه هر ماه? من تمام علائم شما رو دارم ولی زمانش متفاوته مثلا دو سه روز حالم بشدت بده بعد چند روز مثلا پنج روز خوبم انگار اصلا مشکلی نیست میدونم افسردگی شدید دارم دکتره گفت افسردگی و اضطراب شدید داری ولی دکتر نگفت دو قطبی البته دکتر رو قبولش نداشتم بنظرم بلد نبود ...,False,5,8,9
282470579,ببین تمن دوقلو نداشتم یکی اما بگم بهت احتمال خیلی زیاد دچار افسردگی میشی، ی دکتر بهم گفت بخش مهمی از افسردگی بعد از زایمان بخاطر کمخونی فقر اهن بدن ک باعث حالت بی قراری بی حوصله شدن، ناراحت بودن و افسردگی میشه، مواظب باش قرص اهن قطع نکن، اطرافت خلوت نشه دلت نگیره ک استارت افسردگی همونه,False,1,1,1
256282370,باردار باشی ثبت نامت می ککندد,False,1,1,1
363489940,"واقعا زیاده و اصلا قشنگ نمیشه
لب های نژاد ما اصلا شبیه آفریقایی ها نیست",False,1,1,1
287338836,من خیلی ارومم بهش حرفی نمیزنم باورت میشه اصلااا وقت نداره؟برامن وقت نمیزاره امابرای کارای دیگش چرا فقط شبا میادخونه میخوابه همین,False,5,3,4
337886201,"برای کسایی که انقد نگران دارو خوردن بچه استارتر هستن....
اگر به بچه هاتون گریپ میکسچر، قطره های کولیک، پلارژین یا هر شربت گیاهی دیگه ای برای دلدرد و سرماخوردگی و سرفه و فلان و فلان دادید، نمی‌تونید بگید بی‌بی‌سد نده
عزیزم
به تنهایی اثر چشمگیر نداره
حتما باید با روتین خواب همراه باشه",False,1,1,1
thread_17920844_starter,"برای زایمان طبیعی چه جوره؟
خواهشا اگه چیزی میدونید بگید رد نشید، من واقعا استرس دارم
زایمان های قبلیم ولیعصر و گلپایگانی بوده، ولی الان بیمه ام مشکل پیدا کرده و درست نمیشه تا سال جدید
میخوام بدونم اتاق زایمان ها جداست یا نه
ولیعصر با اینکه خصوصیه ۳ نفر یه جا زایمان میکنن",True,7,7,1
401533814,یکم برنج هندی بزن داخلش هم خوب در میاد هم دیگه ریز نیست,False,1,1,1
339667424,حق تنصیف کنار حق طلاق بی معنی هس,False,1,1,1
404479373,بله عزیزم بپرس . البته شارژم کمه اگه الان جواب ندادم بدونید گوشیم خاموش شد و فردا میام جواب میدم,False,1,1,1
384696775,میگ صب کن دنیا بیاد,False,1,1,1
thread_18137777_starter,"سلام خانوما
کسی تجربه رسوب کلسیم در شانه داشته میشه اگر خودتون یا اطرافیانتون همچین تجربه ای داشتید بگید چکار کردید خوب شدید الان هفتاد روزه که پرد شدید داره یکی از عزیزانم مخصوصا شبا نشسته میخوابه از درد فیزیو لیزر هم رفته تاثیر نداشته",True,2,2,1
270638685,آن شاءالله هیچی نمیشه عزیزم نگران نباش,False,1,1,1
412059883,"عزیزم منم دقیقا همین بودم دقیق دقیق اصلا از زندگی ناامید شده بودم من خیلی هم دست تنها بودم فقط شوهرم بود اون شب میومد خودشم خسته ولی نوبتی بغلش میکردیم میگردوندیم
ببین بذار روش نت تا میتونی راه برو خیلی براشون خوبه قطره من دای کولیک گات بهش دادم خیلی بهش ساخت البته برو دکتر ک براش تجویز کنه سرخود نده بهش
صبوری کن میگذره
بعدم ببخشید اینو میگم من بر خلاف نطر دوستان روی نظر خودم هستم هنوز خیلی نشورش بعد هر پی پی فقط بشورش و نذار دلش یخ کنه چون کولیک بدتر میشه منم برا همین ی بار میشستمش چون دقیق میدیدم هر بار نمیشورمش بعدش بیشتر ب خودش میپیچید مخصوصا آلن ک هوا هنوز سرده
روز ک خوبه دلشو بزن بالا با روغن زیتون ماساژ بده ی کوچولو بعدم آب گرم بزار رو دلش",False,6,3,7
405586796,امیدوارم رو ب سقط،نباشه,False,2,3,1
413974668,اووو طومار نوشتی,False,1,1,1
341824025,انشاالله توکل به خدا,False,1,1,1
413930398,منم همینوو میگم,False,1,1,1
thread_18142065_starter,"دوست ۱۳ سالم ۵ روز بعد تولدم تبریک گفت و گفت یادم نبود چندم بودی تشکر کردم گفتم تولدم خیلی ازش گذشته بهش برخورد که چرا به روم میاری
کساییم که براشون خودم هرسال کادو میخرم چیزی بهم ندادن در کل
همدیگه رو ندیدیم ولی من وقتی تولد اونا بود اگر نمی دیدیم هم کادوشون رو میفرستادم یا پول میزدم براشون
باور کنید بحث ی هدیه و نیازمند بودن بهش نیستا
کلا حالم گرفته شد",True,4,2,5
335685576,"اگر دیدید سال قبل فقط یک نفر بیست گرفت برای این بود که حتی رتبه های تک رقمی هم از همون تابستون نهایی رو نخوندند،امسال هم هر چقدر هم سخت بشه بازم خارج از کتاب نیست
از الان شروع کنید بخونید،شدن یا نشدن به شما بستگی داره
یک نفر امروز شروع میکنه و رروزی ۱ ساعت میخونه
یکی ساعت مطلوبی میخونه
ما به هر دو نفر بگیم میشه؟
خیر،پس نا امید نباشید و تلاشتون رو کنید",False,1,1,1
thread_18063914_starter,"مامانا و خواهرا اولین بار که برای پسرتون یا برادرتون رفتید
خواستگاری چه حسی داشتید
داداشتون یا پسرتون خجالت نمی کشید ؟؟ 😁😁
من خودم برادر ندارم",True,1,1,1
413927806,واقعا تعریف نمیکنم و نمیخوام خودمو تبلیغ کنم. اما واقعا من و خانوادم زیادی خوبیم. حتی میتونم بگم تنها کسی که توی این دوره زمونه میتونه زن زندگی باشه خودمم ولی مرد زندگی واقعی پیدا نمیکنم. با خواستگاری حرف میزنم، بهم چرت و پرت میگه. کاش واقعا یه مرد قدردان پیدا بشه که واقعا مرد زندگیم باشه,False,4,2,4
thread_12337937_اشپزخونه_1402/08/08 19:07,نمیدونم اصن دست خودم نیس بخدا مغرم همکاری نمیکنه همش انرژی منفی دارم,False,7,5,7
381457925,"اگر توی قسمت پیشونی و سینوس ها درد داری و علائم های آبریزش بینی یا گرفتگی بینی و یا سرفه و گلو درد و بینی ترشحات زرد رنگ یا سبز رنگ داره و تب داری احتمال اینکه سینوزیت باشه هست
عزیزم این مشکل دلایل خاصی داره ولی وقتی سرم زدی دیگه بدنت کم آب نیس
شاید بخاطر همون میگرن هست و یا شاید بخاطر بارداریت هستش یه دکتر مغز و اعصاب برو حتما عزیزم",False,1,1,1
325727169,😭😭😭😭😭من دماغ بابام بوسیدم نارش کردم سبیلاشو‌تاب دادم پیشونیشو لباشو‌بوسیدم و من هرلحظه ب یاد اینا میمیرم 😭😭😭😭کاش بمیرم راحت شم کاش خدا منو‌پیش مرگش میکرد کااااش,False,9,5,10
394620727,خدارحمتش کنه منم پدرمو از دست دادم اونموقع سنم کم بود اما برای پسرعمم و مادرشوهرم خیلی بهم سخت گذشت تا دوسه ماه هرشب ک همه میخوابیدن گریه میکردم ک یکم اروم بگیرم نهایتا اینطوری خودمو اروم میکردم ک خوشبحالشون از این دنیای حال به هم زن کثیف راحت شدن و مگ ماهم چندسال عمر میکنیم هممون بالاخره میمیریم خداروشکر ک با نام نیک از این دنیا رفتن پس سعی کنیم عزیزانی ک هنوز درکنارمون هستن رو دریابیم,False,7,3,8
362832092,گلم تروخدا میشه برای منم سرکتاب باز کنین . خیلی گره افتاده تو زندگیم . میشه درخواستم رو خواهری کنین قبول کنین ؟ 🙏🙏🙏,False,5,5,3
393034621,"من حاضرم با هزینه خودم خونه بگیرم براش مخارجشم بدم
سر هم بزنم
ولی اخه میگه تنها نمیمونم واسم همخونه پیدا کنین با من دوست بشه
منطقی نیست که همخونه ادم معلول کی میشه",False,5,4,2
381891157,اهمیت نده رد شو,False,1,1,1
338278016,جیگر میخوری؟؟؟؟؟؟ضرر داره که ،البته سه چهار دونه ش نه،ولی زیادش ضرر داره,False,1,1,1
386025280,حلقه که گشاد باشه داخلش ژل میزنن یا همون چسب که سایز بشه !! نشنیده بودی فکر کنم تاحالا,False,1,1,1
411875069,درسته ولی سرنوشت همه یه جور نیست عزیزم من تنهایی رو دوست ندارم اصلا ادم تنهایی نیستم,False,3,2,4
331888763,تا ده هفته وقته برای تشکیل قلب عزیزم نترس,False,1,1,1
352773250,"منم ۱۲ هفته فهمیدم هفته ۹ جنین ایست قلبی کرده
دستمو بریده بودم و خیلی ترسیدم و دکتر احتمال داد بخاطر اون جنین ایست قلبی کرده
با قرص دفع کردم ولی حواسم نبود جنین و بدم پاتولوژی
سقط در هر شرایطی سخته چون فشار روانی داره
چون خونریزی داری زود سقط میکنی اگه قرص هم بزاری با دوتای اول میوفته
بعدش هم حتما سونو بده بقایا نداشته باشی
با دمنوش و اینا دفع نمیشه من خیلی چیزا خوردم فایده نداشت
اگه دوتا سونو داشته باشی که نداشتن ضربان رو تایید کنه بهت دارو میدن
یا میتونی بری بیمارستان واست بزاره
موقع سقط هم تنها نباش و فقط راه برو و پله برو البته اگه نتونستی هم چیزی نیست چون بدن جون نداره و حرکت خیلی سخته",False,6,5,3
413930422,"عزیزم من یه پسر بزرگ دارم پس زمانی که گفتم متاهل بودم.
بارداری ناخواسته بود سقط عمدی داشتم و بعدش ایو دی باعث ایجاد التهاب و زخم شد
گاهی دکتر اگر پیشرفته باشه و خطر پیش سرطانی پیشنهاد فریز میده ولی گفتم با مصرف آنتی بیوتیک و داروهای موضعی هم رفع میشه",False,2,2,1
351877726,لعنت به هرچی مرد😑چرا آخه اینجوریه خانوادگی خسیسن؟,False,5,2,2
315007101,بخدا بعضی اوقات میگم کاش اصلا هیچ سونو گرافی نبود. فقط نگرانی و استرس میدن به آدم😔,False,5,6,2
370373041,فداااات عزیزم♥️ خیلییی استرس دارم که زودتر برم سونو بدم.بهم میگی چطوری از دستش دادی؟ علائم خاصی داشتی؟ من همه چیزم خوبه فقط این لامصب لکه ای که دو بار پیش اومده بعد یبوست ذهنمو‌ مشغول کرده،پسرم هم تو شکمم حرکتاش خوبه,False,7,8,2
407846120,الان رفتم نمیاره میخاستم کانفیگ بفرستم,False,1,1,1
412504678,منم پریود شدم خیلی بد مخصوصا عصبی و زود رنج میشی,False,5,2,3
306895755,چقدر  بود سنگتون من ۱۱ میل و ۱۲ میله فقط یک ماه نیم پیش درد گرفت رفتم مورفین زد بعد دیگ درد نگرفت دکتر گفت اون یبار خربزه خوردی دو ساعت بعد عسل خوردی تحریکش کرده,False,3,2,1
376828218,زود ببین عکس میخوام بردارم,False,1,1,1
412748044,"😑😑😑😑😑😑
متاهل بودی این حرفا رو نمیزدی😂
تازه ممکن بود با حاملگی پای گاز در حال اشپزی باشی🤪",False,1,1,1
413948772,من شنیدم استاد شجاعی، استاد براتی، و صد البته استاد ملاکیان🫠,False,1,1,1
357800750,نه بابا مال همه بالاس معمولا,False,1,1,1
410167333,یکی از هزار دلایلی ک نمیخوام ازدواج کنم 😈,False,2,1,1
347563801,کاریو تایپ و آزمایشهای ایمنی و انعقادی هم انجام دادی؟,False,1,1,1
373621058,نمیتونی طلاق بگیری بچه دنیا بیاد میفهمی تو چه مصیبتی افتادی دست تنها ببین واقعااا نمیتونی از پس نوزاد بربیای اگر بتونی باید مدال شیرزنی بهت بدن انقدر سخته به نظرم بیخیال شو حداقل بچه دو سالش شد بعد نسخه شو بپیج,False,1,1,1
408688967,رفتم پیش ایزدی خیلی مراجعه کننده داشت ولی خب باراول نگرفت واسه من متاسفانه,False,3,2,2
384483201,روزی که خیلی درد داشتم فرداش گفتم‌بیا بریم دکتر خیلی مسیره دکتره دور بود گفت یه جا دیگه نوبت بگیر خیلی دوره .فردا شبش خواب دید و صبح که بیدار شد خیلی ترسیده بود گفت مراقبه بچه باش گفتم‌من‌که بهت میگم حالم بده باید برم دکتر.خلاصه به محضه اینکه رفتم ارجاعم داد جایه دیگه اولش گفت تقصیره خودته بعد تو ماشین سکوت کرده بود من رفتم پیشه دکتر دومیه و پیشه ماما وقتی اومدم بیرون دیدم‌گریه کرده چشماش قرمزه قرمز بود ولی میدونی چیه بازم فکرشون این نیس که کارشون اشتباه بوده که اینهمه دعوتی داشتن میگن تو کاری نمیکردی میذاشتی خودشون بکنن .یادشون نیس هر یه دقه چقدر بهم دستور میدادن .همین شوهرم شبه حنا بدون سره یه چایی کلی حرف بارم کرد که چرا یه چایی درست نکردی که همه منتظرن .,False,7,5,5
thread_11186657_دختر_بهار۷۴۷۴_1402/03/07 12:58,اره عزیزم اولیه,False,1,1,1
373741445,بروزرسانی سوخته چرا😐😑,False,2,1,1
388715605,برام میگی عزیزم سوالم دوپیام بالاتره.,False,1,1,1
381515291,"احتمالا بد تزریق کردی ، چیزی نیست ، کبودی که کلا طبیعیه ولی وقتی قلمبه میشه دردناک میشه
نگران نباش ولی خب باید تحمل کنی تا خوب بشه ، یه کم خوی شدنش زمان بره",False,1,1,1
thread_9293586_الوانا_1401/06/06 11:39,"چطوری روت میشه تویی که انکار کردی دوباره تو صورتشون نگاه کنی
عزیزم مگه جرم کردی یا کار خلاف شرع
خاله های شوهرت صاف کف دست مادر شوهرت گذاشتن یا پای دروغی که گفتی نمیاد خودش کوچیک کنه بپرسه که بهش بگی نه یا اینکه تصور چاق شدن ازت داره یا اینکه اینقدر که ندیدت اصلا بهت فکرنمیکنه",False,1,1,1
409551727,آنوکساا باید بزنی یا فقط آسپرین خوراکی؟,False,2,2,1
thread_13844393_starter,یکدفعه دلم پر آشوب میشه تهوع میگیرم میترسم مدام خسته ام اینقدر که نا ندارم کارامو بکنم الان ۳ ساله اینطوری میشم الانم ۱ سال ونیم قرص اعصاب میخورم بازم این حس هست چکار کنم دکترا هم تشخیص نمیدن چرا اینطور میشم کسی مثل من هست بخدا بریدم دیگه زندگیم داره از هم میپاشه تمام آزمایش هارم دادم آندوسکپی سونوگرافی حتی آزمایش سرطان من چمه روانپزشکم فقط دارو میده خوابم و خسته کمکم کنید جان عزیزاتون مثلا ۱۵ روز میگرتم از صبح تا شب  تهوع و بی اشتهایی و ترس و اضطراب دارم بعدش خودش خوب میشه دوباره شروع میشه بیچاره شدم دیگه خوب نمیشم اصلا,True,10,10,9
408337546,"آریا..
آیهان خیلللللی زیاد شده دگ",False,1,1,1
331731875,من توی ۸ هفته ضربانش قطع شد ی هفته منتظر شدم ک خودش سقط نشد .بعد قرص  بهم داد دکتر زیر زبونی تا گذاشتمو اب شد دردای وحشتناک شروع شد  خیلی بد بود از ۴ بعدظهر تا ۹ شب درد کشیدم   تا دفع شد تیکه تیکه بعد تا ۱۱ شب بازم درد داشتم حتی فرداش موقع دفع لخته درد خیلی شدید میگرفتم. خدا برای کسی نخواد,False,6,4,4
367738141,۳۱ سالمه ناخواسته بود,False,1,1,1
354063237,"ضرر نداره از داروخانه بخرم
دکتر بهم داده بود
سعی کن با سرعت از جات بلند نشی از خواب که بیدار شدی نون خشک مثل نان گندم جو بخور یا بیسکوییت جو",False,1,1,1
thread_15544453_starter,"سلام 🥲من تو کل پریودیم بار دومه سابقه عقب افتادن گرفتم و باردار نبودم یکبار 11روز یکبار فکر کنم،3یا 4روز.
با اینکه من پریودی هام منظم بوده الان یه هفتس طبق تقویم پریودیم عقب انداختم بی بی بزنم یا نه برای عقب افتادنم برم دکتر🥺🥺🥺🥺",True,5,6,2
301338944,"درد ک زیاده
یجایی ب بعد بدن ب مسکن اعتیاد پیدا میکنه
😥",False,4,3,2
413781566,"ن عزیزم چرا خجالت اور باشه
هرجور شده تقلا کن ولی اروم نشین بیاد کتکت بزنه و بره",False,1,1,1
381928740,منم پنج هفته بودم ببین من سقط کردم خونریزی خیلی کم داشتم عقلم نرسید دارو گیاهی بخورم همش دفع بشه حتی درد هم نداشتم هی بتا چک کن اه به دکتر میگم مگه سقط بدون درد میشه میگه آره خب اشغال پیگیری کن ببین دفع کامل کردم یا نه یه جوش رو تبدیل به دمل کردن برام باور میکنید ده روز بعد سقط رفتم دکتر اینم بخاطر اینکه پریود بشم داعم رفتم تا فهمیدم وگرنه دکتر می‌گفت شاید تا دوماه دیگه نشی خیلی ناراحتم,False,8,6,6
400223648,اره کمی ، مثلا الان نمیدونم چه مرگم شده وقتی پامو دراز میکنم شکمم سفت میشه میاد جلو,False,4,4,1
413965985,بین ۶۰۰ تا ۷۰۰ سوت,False,1,1,1
388359045,بسته به روحیه و جسم خودت داره.من سزارین کردم و به شدت راضی,False,1,1,1
thread_13363518_starter,دلم میخواد تنها باشم هیچکس تو اتاق نفس نکشه بوی خواب نده سرصدا نکنه دست خودم نیست نمیتونم هزاربار بیدار میشم اصلا نمیشه چقد سختهههه بارداری هزارتا مشکل داره😭,True,8,6,6
337913265,"۹ ماهههه 😭
چجوری دکترت نفهمیده قلب نداره مگه میشه مگه داریم 😵",False,1,1,1
thread_11168059_کلید۹_1402/03/04 12:22,به چیش دلتو خوش کردی وقتی تو روت میگه یه زن دیگه بگیرم خرجتم که پدر مادرت میدن,False,1,1,1
thread_13768670_starter,"الان 30 هفتمهولی بالای نافم انقدرررنازک شده اصلا نمیتونم دست بزنم داره پاره میشه
توی نورم برق میزنه قشنگ مشخصه نازک شده
شکم اولمم نیستا",True,3,4,1
343916868,منفیه خودتو خسته نکن اون خط تبخیره بوه هم نمیخوای فعلا دستگاه بذار,False,1,1,1
386504211,رقیه چه حسی داشت صداشو شنیدی؟🥲🥲🥲,False,1,1,1
413936368,من خودم خیلی بعد از کات اذیت شدم 5 ساله جدا شدیم همش توی ذهنم اونو تصور میکردم و خیلی اذیت بودم هنوزم عاشقش بودم وقتی خاطرتمو باهاش مرور میکردم اول یه لبخند میزدم که چه خاطرات شیرینی داشتیم بعد شروع میکردم گریه کردن و خودخوری که چرا از دستش دادم   یه روز به خودم گفتم ببین این ادم دیگه تموم شدست گفتم شاید یه روز از خواهرش بشنوم که ازدواج کرده ( چون فامیله )  بعد باید بشینم گریه کنم؟ حتی تصور همچین چیزی ام کلافه م میکرد به  قدری روی خودم کار کردم کم کم داشتم فراموشش میکردم بعد شنیدم زن گرفته اصلا اذیت نشدم برام عادی بود انگار پسر بققالی سر کوچمون زن گرفته بود   چون قبلش خودم رو برای همچین روزی آماده کرده بود رو خودم کار کرده بودم,False,6,4,7
thread_12638391_starter,"من امروز رفتم سونو جنین دیده نمیشد نه تو رحم نه تو لوله رحم گفتن حتی ساک بارداری هم دیده نمیشه
چرا اینجوری شده من واقعا سردرگمم امروزم باز فقط دل درد و کمردرد دارم مثل درد پریودی
گفتن طبیعیه چون ماهای اولته
چیکاربایدبکنم بنظرتون😑",True,6,7,1
342738350,من گواهینامه دارم ولی شوهرم اجازه نمیده بشینم چند بار یواشکی برداشتم,False,2,1,1
377402296,شما کسی رو سراغ دارین,False,1,1,1
thread_6272259_mahrad70_1400/01/25 19:57,من تنهاچیزی که هنوز حالمو بهم میزنه شیره,False,1,1,1
299861162,طاهره جان شما علائمت سر پسرت فرق میکرد میشه از علائم هات بگی,False,1,1,1
413023200,اگه بچه نداری طلاقتو بگیر اینو یک عزیزی ب من گفت من گوش ندادم حالا مثل سگ پشیمونم,False,3,1,4
341267817,عزیز مشکلی پیش نمیاد؟؟درد نداره؟،امپول وشفاف استفاده کرد؟؟,False,3,4,1
386422250,"اشکال نداره
برای ناف هم چهار انگشت اطرف ناف
بالا پایین چپ راست فرقی نداره",False,1,1,1
345604869,نه خون روشن خطرناکه .خون قهوه‌ای یعنی خون مونده,False,1,1,1
thread_13554770_starter,"صبح رابطه داشتم ازدهمون‌مثقع ترشح صورتی دیدم فک کردم طبیعی یکم درد داشتم از ظهر دردام‌بیشتر شده وقتی راه میرم هر تقریبا۵دقیقه اینا میگیره ۳۰ثانیه ول میکنه ولی دراز کشیدم ارومم
دلم‌میخواد راه برم‌ولی خوابم‌میاد خستم
نمیخوام‌تا مطمئن نشدم‌از دردام برم‌زایشگاه",True,4,3,1
374787581,"اها پس قبل از رسیدن به گردن رحمه
مرسی عزیزم لطف کزدی",False,1,1,1
thread_11430239_گوفی_goofy_1402/04/07 16:25,"من دیشب دکتر بودم بهم گف عفونت و‌زخم داری
پاپ اسمیر دادم
نه یه ساله ازدواج کردم فعلا بچه نمیخوام",False,1,1,1
372584072,پس چیکار کنم,False,2,2,1
287252607,جایی نگو مسافری عزیزم,False,1,1,1
411594189,"ممنون عزیزم همچنین شما
اگه در حد لک باشه نترس اگه شیاف داری استفاده کن فردا برو دکتر",False,1,1,1
286488682,بخور بابا اینهمه نردم میخورن چیزیشون نشده سخت نگیرین خیلی,False,1,1,1
330759339,ازمایشگاه انجام داد اورژانسی زد😔دارم دق میکنم دیشب سرم زدم صبم باید میزدم نزاشتم بدنم تحمل نداره ن خونم جمع کردم ن بچه هام حمام کردم ن غذا پختم عین یه مرده نشستم ی گوشه گریه میکنم این اشکا تموم نمیشه نمیتونمم گریه نکنم,False,9,8,9
368839888,"متاسفم که  قرن ها    احکام رو   مردها نوشتن   و ما نمیدونیم  همه چیزهایی که  الان میگن   واقعا سندش درست یانه
حمله نکنید    من آدم معتقدی  هستم
ولی  واقعا   تو بعضی موارد  شک میکنم",False,3,2,1
thread_15063413_starter,"سلام من هفته هفتم بارداری هستم اصلا نمیتونم غذا بخورم حالت تهوع دارم و ببخشید چون چیزی نخوردم چیزی هم بالا نمیارم فقط اسید معده
سر گیجه هم دارم کلافه شدم یه لیوان آب هم ک میخورم بالا میارم",True,6,3,2
413725491,فک کنن موذی هستی بهتره تا یه خرفی بزنی که هودت سبک شی ،منم اکثرا سعی میکنم سکوت کنم و خودمو قاطی نکنم باهاشون,False,3,3,1
409129972,برا یه کلمه ساک جمع کردی طلاق بگیری؟؟؟ 😳😳,False,1,1,1
385746397,ینی بخاطر قرصاس؟ خیلی استرس گرفتم الان,False,7,6,1
407028864,چرا اپلود نمیشه؟؟,False,2,1,1
290034020,عزیزم من بارداری اولم کلا هیچ علامتی نداشتم.نه ماه رو هم مضطرب بودم چرا اینطورم.نگران نباش.مشکلی نیست انشاا..,False,4,6,1
374332040,عزیزم زیر نظر پریناتولوژیست هستم ،آزمایش دادم هنوز جوابش نیومده ،خواستم از تجربیات بقیه استفاده کنم,False,2,3,1
400530170,من تواقدامم،هرشب خواب پسر بچه میبینم،فعلا هم که خبری از بارداری نیست,False,2,2,2
373053551,اشکال نداره اونم مشکلات خودش داره اینطوری پیش خودت بگو سرخودتو با زندگیت گرم کن کم کم کارهاتو بکن بخدا من نه تمام تو شهر غریب بودم تنها بارداری کم کم تو ماه نهم شستم وتکیز کردم مجبوری دیگه خونه بمونه بدتر بشه زحمات دوبرابر میشه,False,3,1,1
412894335,یک سال ونیم تا دنیا اومد دوسال بعد عروسی مون شد,False,1,1,1
390328419,"میدونه این فکر و استرسی که میگیری براش چند برابر بدتره؟
مهم اینه ادامه بدی یه چیز کوچیک بوده هوس کردی تموم ولی دیگه کنترل کن",False,1,1,1
329363700,استرس داشتی سردرد وگیجی داشتی؟,False,1,1,1
400178717,خیلی دارم عذاب میکشم نمیدونم چیکار کنم دردش اروم سه,False,8,5,3
394450709,فردای روزی که مریض شدم رفتم دکتر سرم زدم. ولی اسپری زدم شربت خوردم سرفه‌م درست نمیشه🫤🫠,False,3,2,1
381603722,رفته بودیم خونه یکی از فامیلای دور مامانم دقیقا همین تعریف کرد گفت پسرم چندبار با زنش درگیر شده خوشش از زنش نمیاد اومده گفته میخوام خونه رو بزنم بنامت منم قبول کردم گفته برا طلاق بگیره من درحد ۴۰۰ میلیون این ماشین بش میدم همین,False,1,1,1
thread_16784244_starter,"سلام دوستان عزیز
مامانای گل من تو هفته 11 بارداری هستم برای تغذیه خیلی گیج شدم دیگه تخم مرغ زیاد نمیتونم بخورم، کوکو سبزی و سیب زمینی میخورم معدم درد میگیره
عدسی میخورم همینطور، و چیزای دیگه
یه تعداد کم غذا رو میخورم اذیت نمیشم
میوه هم فقط سیب و پرتقال میخورم حالم بد نمیکنه
هلو میخورم اذیت میشم، خربزه میخورم همینطور 😑😒😶🤦
ولی گوشت و مرغ رو میتونم بخورم شکر خدا
ولی باز میترسم خطرناک باشه اونم زیادش
اگر دوستان تجربه ای دارند ممنون میشم کمکم کنن
یا برای ویتامین های بقیه چیزا جایگزین اگر میشه کرد بگید ممنون میشم واقعا 🌹💚🙏",True,6,7,1
294691229,این مربوط ب دوستمه با گوشیه من تایپک زد,False,1,1,1
349049910,آره دقیقا من با یه تا بچه برام خواستگار پیدا میشه خجالت میکشم خب,False,4,4,2
344852503,ادعای عاشقی میکنن   از اونور بعد فوت یا طلاق  زود ازدواج میکنن  بعد جدایم  دست به خودکشی چرا اخه؟؟,False,1,1,1
413979888,"بستگی داره چند سالته
اگه کم سنی
ارع اشتباهه",False,1,1,1
336205384,خب الان دکتر باید بهت دارو بده,False,1,1,1
411721874,عزیزم شوهر منم همین طوریه متاسفانه 😑😑😑😑 خودت پنهانی پس انداز کن چه میشه کرد 😑,False,4,1,3
413598944,"اگه ضرایط طلاق داری جدا شو
شوهرت ک سگه
مادرشوهرتم ک اونطور
ب شوهرت بگو مسئله رو ولی اروم
بگو مادرت ب این رفتار ها و این وسایل دادنا ادامه بده میرم
بگو همیشه بعد اینا بحثمون میشه
البته ی چیزی هم هست شاید تو حساس شدی",False,1,1,1
thread_13126293_paradise__blossom_1402/12/08 13:34,سرش مشکل داشت، با شوهرمم ازدواجمون فامیلی نبود اما نمیدونم چرا یهو بچمون اینطوری شد,False,5,5,3
thread_12074826_starter,"سلام دوستان
امروز جواب آزمایشم اومده
تو هفته 16 این آزمایش و داده بودم
که مقدار inhibin a 180 بود
شما میدونید نرمالش چقدر باید باشه؟
سونو هم هنوز نرفتم",True,3,4,1
413183181,اها خب اون چیه !؟؟؟ نشنیدم تاحالا,False,1,1,1
413981961,"عزیزم فقط دوستای شما خار داشتن واسه همسرت بی خار هستن؟😬😬😬
چرا اینقدر مرد زلیلید ؟هر آدمی به دوست و رفیق نیاز داره چرا اینقدر سریع بخاطر یه پسر حاضرید از رفیقاتون دست بکشید",False,1,1,1
388341623,کاندوم دوس نداره قرصم تا حالا نخوردم طبیعی جلوگیری میکنیم 🥲😔😓,False,2,2,2
333006953,عکس هیکل میزاشتی بهتر بود ولی رقص عالیه,False,1,1,1
396788437,نی نیت چیه,False,1,1,1
395411876,"این حرکتا دهانه ی رحم رو نرم میکنه اماده میکنه برای باز شدن بخاطر اون کمردرد میشه ادم
الان اصلا ب خودت فشار نیار ..کارای روزنرتو داشته باشه ولی پیاده روی زیاد اینا رو انجام نده ایشالا تا وقتش",False,1,1,1
thread_18140508_starter,"برای شیمی پایه دهم رشته ریاضی هادیان فرد یا مومن زاده
فقط بین همین دوتا اساتید دیگه ای معرفی نکنید",True,1,1,1
412024546,هیچی میگم که فقط یه مدت فاصله,False,1,1,1
355611232,من هیچی نکردم سرجاشه کاریش ندارم,False,1,1,1
397348073,بنظرم قرص متیل به تنهایی اثر میکنه,False,1,1,1
thread_12540988_z77بهار_1402/09/11 13:34,دختر عموی منم دختر سه سالشو ول کرد رفت ی جای دور برا خودش داره عشق میکنه اصلا به فکر بچش نیست..آنقدر بهونه مادرشو می‌گرفته مادر شوهر دختر عموم به نو ها ش گفته مامانت مرده ..بچه بعد از سه ماه ک مادرشو میبینه انقدر گریه میکنه شوکه میشه فک میکرده مادرش واقعی مرده آنقدر گریه کرده از حال رفته,False,1,1,1
342739048,منم همین طور🤦‍♀️,False,1,1,1
413962373,"دیگه پول دادم باید برم ، جا بزنم اثرشو نمیبینم رو بدنم .
۱/۷۰۰ برای هر دوره ۱۲ جلسه .",False,2,1,1
335699001,"بمن گف بقایات مونده باید بیای ساکشن.
من با دمنوش اینا.الان یادم نمیاد واقعا چیا بود.اما زعفرونو اویشن اینا یادمه.
و فهمیدم که زیر ۵ هفته یکم سخت کامل دفع میشع.
بزرگتر بهتر دفع میشع.
انشالله واسه شما دیگه تموم شده.
نگران نباش.
دو روز بعد برو سونو .
تا اونروز تحرک داشته باش",False,1,1,1
thread_17321332_starter,"خانما من با IVFباردار شدم الان هفته چهارمم، دو هفته دیگه قراره برم صدای قلب جنینمو بشنوم،
میخواستم ببینم تا کی تا چند ماهگی باید استراحت کنم پرهیز کنم تا مطمعن شم دیگه خطری برای بچه ها پیش نمیاد یا جاشون سفته؟؟؟؟  دعا کنید برام تا دو هفته دیگه قلبشون تشکیل شه خییییلی نگرانم🥺",True,7,8,1
thread_18144989_starter,"۲۲ سالمه حس میکنم جا موندم و چون افسردگی دارم و هیچ کاری نمیکنم بعدا حسرت جوونیمو میخورم همونطور که الان حسرت ۱۶_۱۷ سالگیمو دارم
سن الانتونو بگین بهتره
شما برمیگشتین به اون دوران چی کار میکردین که الان بابت انجام ندادنش پشیمونین؟ یا چی کار نمیکردین؟ تو همه چیز چه اخلاقی چه درسی چه تفریح چه کار چه ازدواج و دوستی چه مادر شدن هر چیزی به نظرتون میرسه
من خودم اینا رو مهم میدونم به نظرتون درست فکر میکنم
اول اینکه میگم قدر زندگی با پدرمادرمو باید بدونم و استفاده کنم از این فرصت بعدا اینقدر مسئولیت رو سرم میریزه و شاید دیگه تو این خونه نباشم دیگه فرصت نمیکنم پدرمادرمو یه دل سیر ببینم بعد اینکه تا دیرتر نشده رشتمو عوض کنم یه چیز خوب بخونم الان پیراپزشکی ام و دوسش ندارم ولی میگم سنم بالاست دیر شده برای کنکور اینقدر کنکور دادم خجالت میکشم باز کنکور بدم ولی از یه طرفم میگم دیرتر نشه باز بخونم ولی خیلی حسرت عاطفی و جوونی کردن دارم چون هیچکس تو زندگیم نبوده هیچوقت با هیچ اکیپی تفریح نکردم سفر نرفتم کافه نرفتم پسر تو زندگیم نیومد",True,7,7,9
383020488,ازهمون اول قصدمون ازدواج بود و یازده سال طول کشید تاشد,False,1,1,1
413943327,بلافاصله بعد اولین قرار یعنی نمی خاد,False,1,1,1
thread_12084168_جوجوطلا۵۳_1402/06/31 00:16,بنظرم حضوری و تنها بگو اینجوری دیگ خیالت راحته ک مدرکی نداره ب کسی بگه،،بعدشم  میگم مگه طرف از اون پسراس ک میره به خانوادش میگه؟؟,False,1,1,1
380016176,من کلا از خوراکی های بقیه نمیخورم ولی همه که مثل من نیستن,False,1,1,1
360116850,هشت هفته اینا اره منم اصلا زیاد نمیخورم,False,1,1,1
332207295,"الهی بگردم اسی
خیلی ناراحت شدم
میفهممت
نمیدونم چرا دم بارداری. ادم یکم بی پول میشه
ولی بعد زایمان رزق و روزیه که میباره خداوکلی بچه خوش قدم میشه و خدا روزیشو میده، جدی میگم، فقط. اعتقاد داشته باش و توکل
تو لحظه ی. زایمانت دعا کن حتما، برای منم دعا کن، عاطفه ام
گلم غصه نخور
ای کاش از اول انگشتراتو میفروختی
کلا قرض گرفتن از کسی جالب نیست مگر ضرورت، تا میتونی به خدا و بعد خودتون تکیه کنید،
مادرت اینا خیلی بی رحمن...
درسته اونا موظف به تامین زندگی شما نیستن...
درسته نباسد جور بیپولی شما رو بکشن، مطابق حرف های. تند بعضی کاربرا...!!!
ولی خانواده پس به چه دردی. میخوره؟
اگر خانواده تو لحظات سخت پشت ادم نباشه که خانواده نیست!!!
ای بابا
رابطتو قطع نکن. ولی سر سنگین باش
ببین کی گفتم
یه روز میبینی اونا محتاجت میشن، زمین گگرده، ادم به ادم میرسه بلاخره!!!
خودشون شرمنده خواهند شد",False,1,1,2
328075987,باردلر نیستی استرس نمیزاره پریود بشی,False,1,1,1
332385799,"ول کن هر کی تو هر شرایطی دست به دامن عزیزانش میشه. اینا خودشون هم همینطورن فقط چندتا جمله رو یاد گرفتن که الکی تکرار میکنن.
من خودم کامل حس اسی رو درک کردم.
ماهم زمان خونه خریدن همه پول و طلا و ماشین رو گذاشتیم تا یه خونه مناسب گرفتیم و خوشحال که میخوام اسباب کشی کنم و راحت بشم از مستاجری. من پدر نداشتم و خودم جهاز خریده بودم و مادرم خرجی نکرده بود حتی مراسم رو تا قرون آخر خودم دادم. مادرم حتی شاباش و کارت هدیه ای که داده بود رو همون شب که مهمونا رفتن ازم پس گرفت.
منه خاک بر سر سر خرید این خونه گفتم یه ذره کم داشتیم اونو به مادرم رو بندازم چون هم سهم ارث ما دستش بود و هم از مادرش کلی ارث رسیده بود. ولی مادرم نداد.
شوهرم پیشنهاد داد از خونه دونگی بنامش بزنیم ولی بازم قبول نکرد. با همسرم خوبه ها فکر نکنید مشکلی دارن فقط از پولش دل نکَند. مجبور شدم از خواهرم ۵۰ میلیون قرض کردم تا وام بگیریم بدیم به اون.
وام ها بسته شد و ندادند. خواهرم پولش رو خواست. نداشتیم. درگیر بسته بندی خونه و اماده شدن برای رفتن به خونه جدید بودم و زنگ زدم به مادرم که ۵۰ تومن خواهرم رو بده و منم به نرخ سکه بهش پس میدم. قبول نکرد.
آخرین لحظات اسباب کشی بودیم که دیگه روزگارمون رو هر دو باهم سیاه کردند. شوهرم به بنگاه گفت مستاجر بیاره واسه خونه جدیدی که خریده بودیم و پول خواهرم رو دادیم با بقیه اش یه سگدونی اجاره کردیم واسه خودمون چون از اون خونه قبلی مون تسویه کرده بودیم و هزینه رهن دوباره اونجا گرون بود. یکساله چشم انتظارم که قسمت بشه برم خونه جدیدمون انشالله. دوماه دیگه موعدش سر میرسه . شکر خدا پولش رو جور کردیم ولی ای خواهرررررر 😔😔😔
تو این ۱۰ ماهی که اینجا هستم با هزار و یک مشکلات سر کردم فقط سر چندرغازی که هنوزم تو حساب مادرم هست و از ارزش افتاده...
اما من مادرم رو بازم دوست دارم و هر روز بهش سر میزنم و هرکاری داشته باشه هم خودم هم شوهرم انجامش میدیم ولی اون کارش رو نه ما بخشیدیم و نه خدا خوشش اومده... 😔
ببخشید زیاد حرف زدم",False,8,4,7
thread_9576910_starter,"سلام من هفته 19 بارداریم ولی حرکت یا چیزی از بچه احساس نمیکنم خیلیم استرس دارم
دیابتم دارم، امکان داره روش تاثیر گذاشته باشه؟
نمیدونم چکار کنم 😢",True,7,8,2
320158308,"من تا هفتم پدرم بودم بعد اومدم خونه خودمون دوران کرونا هم بود مراسم چهلم و...نداشتیم
هیچ وقت گریه نکردم ابراز ناراحتی نکردم زندگیمو عادیمو کردم جلو همسرم و پسرم اما وقتهای تنهاییم اشک ریختم تو خلوت خودم هر روز خاطرات پدرم رو مرور میکنم تو خونه
شما اولش هستی کنار میای عادت میکنی",False,5,1,8
342226490,ایمپلنت؟؟؟؟یعنی دندونمو باید از ریشه در بیارم؟؟ننننننننههههه,False,5,6,1
409757854,خلاصه اگه خواهرشوهرت خوبه این دعا رو هم در حقش نکن,False,1,1,1
364844138,بهداشت برای چک کردن وضعیت سلامت روند بارداری میریم پرونده باز میکنیم بعد زایمان هم واجبه بچه باید بره بهداشت،ازمایش دادم اونم چندین بار مثبت بود کلی هم سونو واژینال رفتم تو مراکز دولتی  ،یک بار هم قبلا ازمایشم مثبت شده بود خودش افتاد اصلا خودم  نفهمیدم  چی شد یهو ،هیچ کسی هم نفهمید ،اصلا کسی پیگیری نمیکنه نگران نباش,False,1,1,1
411595177,بجااین ۴۰ روز ، توی ی شب و چندساعت ۴۰ تا خوندم..... اذیت شدم ولی ترجیحم اینه ......... دعام کنید دلش بلرزه برام . خداشاهده ی توجه گنده بهم کرد انقد ک خانوادمم متوجه شده بودن ... ولی .... 😞😞😞,False,5,4,6
thread_8569951_سوگند۲۵۵۱۰_1401/02/10 00:31,منم همینم دارم نفرین میکنم ته دلم میگم خدا گوش نکنی یه چی گفتم بیخیال تا یه روز عذاب وجدان دارم,False,5,5,2
406885784,بنظرتون دیگه تمومه ؟,False,2,3,1
413881156,زوج خوشبخت که اصلا ندیدم  تو هیچ سنی،همه فقط ادامه میدن ... دوست خودم بنا به شرایطی با یکی که ۲۵ سال ازش بزرگتر بود ازدواج کرد ده سالم باهاش زندگی کرد ،شکر خدا جدا شد راحت شد از دستش....,False,1,1,3
332063810,"من
دکتر گفت احتمالا تنبلی داری یدونه از هورمونام بالا بود
متفورمین داده فعلا",False,1,1,1
347756525,"اسمش بذار نگم چون شاید خوب شعععع گناه داره اونجوری الکی خرابش کنم
نگفتم چون جرات ندارم مامانم بگم غر میزنه کی‌دونم میخواد  کلی فحشم بده ک حقتع هی میگفتی عمل عمل پس تحمل کن🥲
سه هفته دیگه نوبت داریم اون موقع به دکتر بگم دیره؟
یازده روزه عمل کردم",False,7,7,2
412368370,این همه احتیاط لازم نیس😂,False,1,1,1
356870227,فقط استراحت کن,False,1,1,1
thread_17272394_starter,"سلام ماه آخرم ۳۷ هفته با درد شدید پهلو رفتم بیمارستان
گفتن کلیه سمت راست متورم شده و داره سنگ ریزه دفع میکنه
به شدت درد دارم و فقط قرص هیوسین بهم دادم
راهکاری برای زودتر دفع شدن سنگ ریزه دارین
دارم از درد میمیرم",True,9,4,2
373443451,"سابقه آلرژی داشتی؟
ایشالا که بهتر بشید",False,1,1,1
412472636,دیگه فکر کنم اصلش بر تحمل هست,False,1,1,1
377675773,برای چی پیام بدم,False,1,1,1
408913303,بله تا دو یا سه هفته فکر کنم دقیقا یادم نیست خونریزی داشتم، هفته ۶ که سونو شکمی دادم رسیدم خونه خونریزی شروع شد زیاد هم بود بعد لکه بینی شد(قبول نکردم سونو واژینال انجام بدن) . اگه امکانش رو دارید شیاف خارجی سیکلوژست استفاده کنید از ایرانی خیلی بهتره,False,2,2,1
326901431,برای خودت میخوای یا کس دیگه,False,1,1,1
294426926,نگران نباش عزیزم توکل بخدا. خدا بخاد سالم بغلش میکنی هیچکسم‌ نمیتونه جلوش رو بگیره,False,1,1,1
412441916,ازدواج کردی الان؟,False,1,1,1
390512679,دردش هزار برابرم باشه برام مهم نیس فقط میخوام بدونم طبیعیه یا نه 😭,False,7,8,2
thread_16391443_starter,خانوما کسی هست ، من ۲۹ اردیبهشت ۳ تا جنین بلاست انتقال دادم  بعدروز ۱۳ انتقال مثبت شدم تاریخ ۱۰ خرداد تیتر بتا ۱۷۰ بود بعدش دو روز بعد یعنی ۴۸ ساعت تاریخ ۱۲ خرداد تیتر بتا ۲۷۲ شد بهم گفتن باز چک کنم دو برابر نشده اما یک و نیم برابر شده که دیگه خورد به تعطیلات من شیش روز بعد تاریخ ۱۸ خرداد تیتر بتا دادم شده بود ۲۹۱ زنگ زدم بیمارستان گفتن عجیبه تا الان باید ۲۰۰۰ می‌شد تو این شیش روز گفتن مجدد تکرار کن دو روز بعد تاریخ ۲۰ خرداد هم رفتم آزمایشگاه خودم هم یه جای دیگه،، آزمایشگاه خودم ۲۶۲ شده بود افت پیدا کرده بود آزمایشگاه دوم دادم ۳۶۲ بود خلاصه گفتم فرق آنچنانی نداره زنگ زدم بیمارستان گفتن  تمام داروهات آنوکسا و پروژسترون و استرادیول و استرومارین و هر چی داری قطع کن احتمالا میخواد سقط بشه ، باز ۴۸ ساعت تکرار کن ببین داره میاد پایین یا نه خلاصه ما دارو قطع کردیم روز بعدش افتادیم خونریزی و صبحش همون آزمایشگاه دوم تیتر بتا چک کردم بعد جواب آزمایشگاه اومد تیتر بتا بعد دو روز ۲۲ خرداد  شده بود ۴۰۷ رفته بالا باز ترسیدم سریع رفتم بی بی چک زدم ببینم هاله میندازه یا نه چون تمام بی بی چکام هاله مینداخت بی بی چک زدم سریع پررنگ شد گفتم پس درسته تیتر رفته بالا و رفتم بیمارستان بهم گفتن فقط پروژسترون بزن سونوگرافی هم قبلن با تیتر ۲۹۱ رفتم ولی خوب با این تیتر چیزی مشخص نمیشه و سقط مکرر هستم قبلن بارداری هام تا ۱۰۰۰ میرفت ساک تشکیل می‌شد این دفعه آی وی اف کردم خیلی عجیبه بارداریم میگم نکنه خارج رحمی باشه بیمارستان گفتن ن خارج رحمی میره بالا وحشتناک 🥲🥲🥲🥲🥲 کسی بوده اینجوری,True,9,9,7
406274613,"پرخوری عصبی یه دلیلی داره اونو برطرف کن خودت اگه خودت نتونستی
میتونی یه چند جلسه برو مشاوره که کمکت کنه
استرس رو باید یادبگیری کنترل کنی",False,1,1,1
403389114,من چکاپ میدم کامل نوشته hpv,False,1,1,1
thread_10913873_بهاااار۷۷_1402/02/02 15:33,متوجه سوالت نمیشم دوست گلم,False,1,1,1
366992279,"کیه اشناست حضوری میده؟
والا من که زدم هیچی نداد
اونای هم که زدن تقریبا ۱۰۰دلار فکر کنم بهشون داده بود ولی قابل برداشت نبود باید ارز میخریدن و سودش قابل برداشت بود
بیشتر اطلاع ندارم",False,1,1,1
412504469,"دنیا همونطوری که فکر میکنی باهات رفتار میکنه پس فکرت رو درست کن
الان از ده تا زن هشت تا طلاق گرفته هستن
چرا خودتو عذاب میدی",False,1,1,1
322650749,عزیزم صبحانه کامل بخور ،ماهی ،مرغ گوشت مصرف کن ،درطول روز شیر و خرما بخور ، روزی یدونه تخم مرغ بخور ،یدونه بستنی ظهر بخور یدونه شب ،میوه و سبزیجات مصرف کن ،قهوه و نسکافه نخور،اگر وضع مالیتون خوبه چهار مغز بخر و روزی یه مشت بخور،مولتی ویتامین بارداری بخر برند new mom بخر عالیه,False,1,1,1
353913273,مادر شوهرت جوونه ؟ ناف مگه می افته ؟ در هر صورت درد شکمی خطرناکه .حالا اگه خدای نکرده آپاندیس بود چی ؟,False,1,1,1
thread_12239309_starter,"خانمادکترم بخاطر درد شدید پاهام این قرص بهم داد (عکسش الان میزارم) الان تموم شده هرداروخونه که میرم میگن ندارن شما چه قرص منیزیمی استفاده میکنین؟! میشه اسمش بگین بجاش بخرم دارم از کوفتگی وبدن درد داغون میشم میگرن هم دارم دارم تباه میشم
دکترم هم این 2هفته نیستش واسه همین نمی تونم برم پیشش",True,8,5,3
413506290,خوب کردی قوی بمون ايشالا دستش بشکنه مرتیکه الاغ,False,1,1,1
408510507,هماتوم هم حتما دفع نمیشه .. بیشتر جذب میشه . فقط و فقط باید استراحت کنی . اگرم مجبور بودی دکتر سونو حموم یا هرجایی بری خیلی بااحتیاط و با زمان کوتاه باشه,False,1,1,1
thread_14286727_starter,سلام من باردارم پنج ماهمه شوهرمم تامین میکنم ولی چندبار باهام بد دعوا کرد و یهو عصر یکی ازون دعواها با یه زن شوهر دار خوابید و هم پیاماشو دیدم هم تماس و هم همسایم تایید کرد ک کسیو اورده خونه. طرف رو میشناسم. الان ب خودش بگم ماجرا و تکلیف خودمو روشن کنم یا ب دادگاه و مشاور ؟؟؟ تو این وضع حاملگیم باید تحمل کنم و با عقل برم جلو؟؟ بارها اینکارو کرده و هربار بهش نشون دادم ک فهمیدم زد زیرش ولی نمیتونم تحمل کنم سکوت کنم....دارم زحر میکشم این بچه میفهمه حالمو تو شکمم گناهه..,True,9,7,7
thread_18143558_starter,"چه مارکی خوبه؟
لدورا گرفتم قبلا بد نبود ولی میخوام ی چیز بهتر باشه",True,1,1,1
372941920,اصلا از درد نمیتونم تکون بخورم چه برسه طناب شکمم زیرش سفت سنگین انقدر درد میکنه,False,7,2,1
404037288,الان درازکشم و شیاف استفاده کردم ...یهو از درون خالی شدم,False,3,2,1
286883261,"واقعا لعنت
تازه من با این شرایط عروسیم دعوتم🥲",False,4,2,3
369330271,"این چه حرف زشتی بود زدی!
پدر یه بچه ارو نفرین میکنی !
واقعا متاسفم",False,2,1,1
352931621,"ببین این علایمی ک گفتی بیشتر اوقات تا ۱۴دیا ۱۵ هفته هستن همراه با استفراغ و حالت تهوع شدید...بعد یهو از اسمون میوفتی زمین و تو سه ماهه دوم بارداری خیلی خوب میشه...بعد دوباره تو سه ماهه سوم سنگین میشی...درد کمر ...واژن...معده...سوزش و نفخ و یبوست میاد سراغت...هورمونها هم بعد زایمان میریزه بهم و معمولا افسردگی بعد زایمان میگیره ادم...خلاصه اینکه همه چیز بصوزت هفته ب هفته تغییر میکنه تو بدن..تازه اگر یه مادر باردار سالم باشی و بیماریهای دیگه نداشته باشی و نگیری...و ضربه اخر هم زایمانه ک هم طبیعی و هم سزارین درد خودشو داره...و واقعا بدنمون میترکه و تا اخر دو سال شیردهی ریکاوری میشه تازه...
اما خب وقتی به بچه و اون لباسهای کوچولو نگاه میکنی همه چیییییز یادت میره و باز ب دومی فکر میکنی🤪",False,1,1,1
309575154,بچه ی دیگه دارین ؟ مشکلش رو بررسی کردین ؟🥺🥺 اصلا دلیل این توقف رشد چیه؟,False,3,5,2
409255214,به خودت اصلا فشار نیار سرپا واینستا حالا این چند روز غذاهای سخت درست نکن,False,1,1,1
255644913,ریزه خواری کن ولی تنقلات چیزای قند دار بیخود نخور,False,1,1,1
278412608,خواستی عکس بچگیشومیذارم,False,1,1,1
thread_9115890_starter,"چهارشنبه هفته قبل سنوگرافی 12هفته گفت قل اول پسر ولی قل دوم 80درصد پسره
یعنی از همونجا اشک ریختم تا خونه الآنم سه روزه همش کارم گریس چکار کنم دلم آروم بشه تروخدا کمکم کنید",True,7,5,7
332917007,"سقط،خیلی اشتباهه بارها پشیمونی بعد از سقط و دیدم و این که یه تجربه نزدیک به مرگ روسی رو دیدم که واقعا وحشتناک بود
چنتا هم زندگب پس از زندگی",False,1,2,1
382068951,"بدبيني بهانه است دوست عزيزم! شوهر منم از اين چرنديات ميگفت كه آره بايد اعتمادم رو جلب كني بايد اعتمادسازي كني و من فكر ميكردم براي همه همينه تا اينكه پارسال ديدم رفته با پسر نره خر خواهرش حساب مشترك باز كرده مدت دار و با سود، سودشم ميره توي جيب اون آشغال مفتخور
من همون روز به وكيلم گفتم ديگه تصميمم قطعيه، طلاق!
به خودشم گفتم كه تو از همين لحظه براي من مردي نمو شدي!
از حرفم هم برنگشتم
من نميگم شما طلاق بخير يا لج و لجبازي كن، نه، هيچكس نميخواد طلاق بگيره، حتي منم ١٥ سال با اين مرد زندگي نكردم كه طلاق بگيرم
منتهي ميگم برو پيش يه وكيل شرايط رو بگو ببين چي ميگه؟ شوهرت تو همين الان مطمئن باش ١٠ بار پيش وكيل رفته شك نكن! هر قدمي كه برميداره براي اينه كه اگر خواست طلاق بگيره تف كف دست شما نيندازه! چشمات رو باز كن! حق گرفتنيه! حق شما رو چرا مادرش بخوره؟",False,7,3,3
406876865,حقوق کارمندا همه همینه نهایت ۲۰؟؟؟؟؟؟؟؟,False,2,2,1
thread_14156597_starter,تو روخدا اگه راه حلی هست بگید ک تیرگی واژن چکار کنیم بهتر شه من از وقتی زایمان کردم خیلی تیره شده لطفا فاز نصیحت و اینا نگیرید و کسی اگه راه حل داره بگه لطفا🥺🥺,True,4,4,3
thread_6636832_swallows_1400/03/18 19:48,"خدا کنه شوهرت اهل داد و بیداد نباشه شوهره من هم بی محلی میکرد هم داد و بیداد اصلا براش مهم نبود میگفتم داد نزن میگفت نترس بچه هیچیش نمیشه الان ۴سالشه ۲ساله فهمیدیم اوتیسم داره.
علتشم همون داد و بیدادها و گریه و استرس ۸ماه بارداریم بود الان بچه طفل معصوم باید تاوان بده.
خودمم هر روز تو عذابم افسردگی شدید دارم کلا داغونم.",False,9,3,10
413948196,برو دفترچه سالهای گذشته رو بخون ببین رشته تو برای آموزگاری میخوان یا نه,False,1,1,1
323424219,"@اردکشم
تو بیا بینم نظرت چیه
حقوق سخته ؟
پشیمون نیستی؟",False,2,2,1
380029291,"من با بتا ۲۴۰ برام پرونده بارداری تشکیل دادن
بالا ۲۵ مثبته
اطلاعاتتو از کجا آوردی ؟
یه سرچ کوچیک تو همین نی نی سایت بزن ببین از چند مثبته",False,1,1,1
375089066,"وقتی منتظر چیزی باشی براش اشک شوق میریزی
شما منتظر نبودی،انتظار نکشیدی ،خدا بهت رو کرده یه فرزند رو گذاشته داخل بطنت
اگر ب هر دلیلی چیزی رو که میخوای بهت ندن وقتی بهش برسی شوق داری",False,1,1,1
thread_7503258_مامان،حسینم_1400/08/03 13:37,"نمیدونم عزیزم ان شاالله اول سالم باشه بعدم جنسیتی که دوست داری
تهوع شدید من طوری بود که از جام نمیتونستم بلندشم اول دراز کشیده قرص زدتهوع میخوردم بعد نیم ساعت بلند میشدم در این حد بود برای شما اینجوریه",False,3,1,1
366317363,"خب مثلا دوست نداره یه جایی زنش بره
واسه همین میگه اجازه
من مامانم  هم همیشه میگه هر چی شوهرم بگه
حالا اخرشم کار خودش میکنه",False,1,1,1
thread_17976005_starter,"من با خانواده شوهرم تو یه ساختمون زندگی می کنم. شاغلم تمام کار خونه هم رو دوش خودمه. خانواده شوهرم از اول باهام خوب تا نمی کردن شوهرمم شدیدا طرفدار خانواده اش بوده و هست یعنی هر روز یه بهانه پیدا می کردن خانوادگی با من قهر می کردن😐 دیگه آخرین بار بدون هیچ دلیل خاصی مادرشوهرم من رو به مهمونی که گرفته بود دعوت نکرده بود(شوهرم خونه نبود و من تنها بودم) منم دیگه تصمیم گرفتم فاصله بگیرم ازشون و بدون دعوت نمیرم خونه اشون اما شوهرم تقریبا وقت و بی وقت هر وقت دلش بخواد میره و میاد و منم مشکلی ندارم اما این شده یه اختلاف بزرگ بین ما و ایشون میگه تو حسرت گذاشتی به دل من خونه پدر و مادرم کم میری و منتظری دعوتت کنن 😐 میگم من دور از خانواده ام زندگی می کنم من بدبخت بین این همه کار بیرون و خونه به زور دو ساعت میرم خونه پدر و مادرم اونم باید بدو بدو بیام شام و ناهار بپزم بعد تو حسرت به دل موندی؟
فاصله اش با مامانش اندازه پوشیدن شلوارش و زدن دکمه آسانسوره بعد نمی دونم حسرت چرا مونده رو دلش شما بفرمایید چون من عقلم قد نمیده",True,8,2,4
thread_16026811_starter,"سلام دوستان ۳۶ هفته ۱ روزم هست امروز برای بار دوم داپلر انجام دادم جنینم ۲۲۰۰ وزنش بود
با اینکه حسابی تغذیه ام خوب بوده خودم فقط وزن گرفتم🥲خیلی نگرانم کوچولوم چیزیش نشه
آمپول ریه زدم ۲ هفته پیش
Nst هم نرمال بود
شرایطم خیلی پیچیده شده کلافم 😭😭😭",True,8,9,5
412944148,"تعهد محضری ازش بگیر 😊 اینا همش حرف هست
بعدم نیاز ب بچه اول باید شما و همسرت حس کنید نه اون خانم",False,1,1,1
353835778,"مگه من جز خواب راحت شب چیز دیگه ای خواستم ؟
لعنت بهم اگه خواسته باشم",False,7,3,5
411722013,"مثلا من شوهر پولدار دارم
دوستم هم یه شوهر پولدار میکنه
من دوست ندارم اون هم سطح من بشه
لایقش نیست
باید ازش گرفته بشه",False,1,1,1
326342450,😒😒😒آره والاخداکنه آدم کارش پیش اینا گیرنکنه,False,2,2,1
333373786,😔😔😔😔بعد این همه سال اینم شانس من قلبشم میزنه شما ترشحات قرمز داشتین؟,False,6,7,5
thread_17769566_starter,"....من،نوری که تو تاریکی زندگیم پیدا کردم،
دستی که در تاریک ترین شب زندگیم سمتم دراز شد،
کوه استواری که بهش تکیه کردم،مردی که برای یک عمر دراز انتخابش کردم،آدمی که میخوام کنارش تک تک موهای سرم سفید بشن،ذوق قلبِ من،پناه لحظاتِ زندگیم،بودنت کنار من مثل سیب قرمز برای من شیرینِ،مثل خوردن یه قهوه ی داغ وسط یه روز زمستونی به دلم میشینه،صبوریایی که تو زندگیمون ازت میبینم،مثل پر پرنده قلبم رو نوازش میکنه،عشقی که ازت میبینم جون میده به تن من،
من تو رو انتخاب کردم،برای زندگیم و این بزرگترین و شیرین ترین انتخاب من بود،اما الان تو رو برای یه مسیر جدید انتخاب کردم،و پیوندی میون من و تو رخ داد،قوی تر از هر ریسمانی،
من تو رو انتخاب کردم که اول همسر من باشی رفیق من باشی امید لحظات سخت زندگیم باشی،پناه بی پناهی هام باشی؛
اما الان تو رو انتخاب کردم که سایبان دلچسب زندگیمون باشی،
انتخاب کردم که نیمی از من نیمی از تو،در درون من نشات بگیره،حیات بگیره،روشنی بگیره،
تو رو انتخاب کردم که برای ابد «پدر» بشی و کلمه ی بابا رو بشنوی،که ریشات جلوی چشمام سفید بشه و پدر بودنت رو ببینم،دلسوز بودنت رو حامی بودنت رو ببینم،ببینم که چطور قراره دستای ابرک نرم رو بگیری و کمکمش کنی که راه بره،
که یادش بدی چطوری،دوچرخه سواری کنه،و عشق بکاره
کمکش کنی که مثل خودت یه آدم قوی و مهربون باشه
پدر شدنت مبارک عزیزم.
قشنکه بچه ها خودم نوشتمش تروخدا بهم بگید چون غروبی میخوام بهش بگم اینو مینویسم تو نامه با یه بی بی چک و پیرهن بچه گونه و ی شاخه گل",True,1,2,1
thread_7856775_samin_a_1400/10/06 13:24,معنی زندگی مشترک رو هنوز نفهمیدیم. اونیکی میگه ابهتش کم میشه. خب حموم یبرش سرپاش بگیر جیش کردن از ابهتش کم نکنه 😑😑 ادم باید کاراای شخصیشو انجام بده لباس شستن اتو کردن غذا پختن ظرف شستن جارو کشیدن گردگیری نظافت و مرتب کردن محل زندگی‌. خب حالا که دوتایی زندگی میکنیم دوتایی باید کارای شخصیمونو انجام بدیم. برای درامد هم من نظرم همینه که هر کی پول درمیاره بذاره وسط همه چی نصف نصف. بچه هم اومد اونم باید مشارکت کنه تو کار خونه. اخه این چه سیستمه مریضیه ما داریم‌. میگه بهم برمیخوره کارامو اون انجام بده. مگه کارای تو هستن ظرف شستن پختن و شستن و نظافت و اتو و ... 🤦‍♀️🤦‍♀️,False,3,1,1
380978261,جنسیت بچش چیه منم خیلی خوابم میاد همیشه,False,1,1,1
413483738,"شایدم از خیلی از خانوم ها بیشتر
من نیاز دارم یه نفر باشه بهش بگم دوست دارم
بهش محبت کنم
بهش گل بدم
با هم بریم مسافرت با هم دعوا کنیم
زن و مرد به همدیگه نیاز دارن
کسی برتر از اون یکی نیست",False,1,1,2
286234919,اخه تو کویر ؟ انوقت خاکی میشن که,False,1,1,1
thread_6197391_2wب_1400/01/14 19:34,دیدم واسه تنظیم تجویز میشه,False,1,1,1
thread_13861545_starter,سلام خانما پهلوم از دو روز پیش درد میکرد خوب شد دیشب بیرون بودم باد سرد میومد اومدم خونه پهلو درد ول نکرد چیکار کنم به نظرتون,True,3,4,1
340531928,افقط پشیمونم   از درد سزارین سومی ترس تمام وجودمو گرفته. آرامش ندارم,False,9,9,5
413967427,اینا فقط یه بخشی بود طولانی شد اذیت میشی 💔 گریه سر  داداشم با داداشم مثلا بحثش بشه داداشم بهش فحشای خیلی زشت و بد میده و مثلا بهش کادو پول به تومان میده بعد یکسال میگه زنیکه فلان پول کادو منو به دلار باید بدی 🤔😐  بعدم مامانم شروع میکنه فحش و جیغ سر من ..و به اون قربون صدقه میره هر اتفاقی بیوفته انگار من کیسه بوکسم . اینایی که میگم واقعیه ها ن که فک کنی مبالغه کردم کمتر گفتم که بیشتر نگفتم,False,9,4,7
407688752,اگر ۱۲ تا ۱۶ روز از روز اول پریود گذشته ، مربوطه به تخمک گذاری و مشکلی نیست.,False,1,1,1
388300548,"اون موقع خانوادم میگن توالکی کشش میدی ک فقط جدابشی
😭😭😭😭😭😭😭😭😭😭😭😭",False,7,5,7
thread_14846163_starter,"بچه ها هفته هفتم بارداری ام احساس کردم دوقطره مثل آب ازم خارج شد که دستمال کاغذی چند لایه گزاشتم ببینم ترشح بوده یا آب که دوباره اومد فهمیدم کاملا جذب شد و آب بود
یهو دلم درد گرفت که نیاز به دستشویی داشتم
منی که یبوست داشتم الان اسهال شدم و مقدار زیادی آب زرد از واژنم خارج شد ترسیدم دیگه به خودم فشار نیاوردم
کسی سابقه داشته
سر شب هم چیپس و ماست خوردم که خب قبلا هم میخوردم مشکلی نداشتم
شامم گوشت چرخ کرده با گوجه و سیب زمینی خوردم گوشتارو کامل پختم
حالا چیکار کنم",True,6,8,1
thread_17714620_starter,امروز ۴۰ هفته ام تموم شد هیچ دردی ندارم فقط وقتی راه میرم زیر دلم تیر میکشه حال عمومی خوبی هم ندارم برم بیمارستان با نامه بهداشت بستری میکنن یا نه؟ خیلی اذیتم و تحت فشااااار😭🥲,True,8,6,4
405638871,دیشب تا صبح کنار دستگاه بودم و دستم ب بچع بود همه بدنم درد میکنه و جای بخیه هام میسوزه ک نمیتونم تکون بخورم بدنم خشک شده.چهارساعت بچه کشنه الان شوهرم اومد براش شیر زذ,False,9,4,3
411657398,من نه سال با یه بچه ننه وحشی سر کردم. نزاشتم بچه دار شم. تمام راهها رو رفتم. درست نشد .طلاق گرفتم ازدواج مجدد کردم. حواست باشه بچه نیار بتونی همه راهها رو بری,False,5,1,3
thread_17480768_starter,سلام خانوما میگم که من دوشب به شدت دندون درد داشتم استامینوفن ۳۲۵ خوردم با آموکسیسیلین تو همین دو رور حرکات بچم کم شده چیکار کنم هفته ی28 بارداری هستم,True,6,8,1
413980397,اره عزیزم ناخنای خودمه,False,1,1,1
394751335,"من همه علائمم پسر بود
ولی دختر شد😂",False,1,1,1
thread_16976209_starter,فردا نوبت سونوگرافی NT دارم،2جا وقت گرفتم زهراشکری و فهیمه قدیمیان،زهرا شکری اصلا جواب سوال آدمو نمیده اخلاقشم بده،فهیمه قدیمیان رو کسی پیشش رفته؟نمیدونم کدوم برم هرکی تجربه داره لطفا بگه خدا خیرتون بده,True,3,4,1
411337025,چرا نفرستاد سونو🤔,False,1,2,1
267363492,"نه زیاد نارارومی نمیکنه فقط یخورده سخته برام با موضوع بچه داشتن کنار بیام
میخاستم درین مورد با همسرم حرف بزنم",False,4,3,3
thread_18012047_starter,"سلام شب  قبل خواب شروع کردم با  مادر بزرگ  جون خدابیامرزم ، حرف  زدن گفتم از  این مریضی خستم
گفتم نه کارم میشه نه ازدواجم خوبم  نمیشم کاش بود کاااااش زنگ میزدم میگفتم چی نذر موسی بن جعفر کردی اونسری که خوب شدم ؟
کااااش بود بهش میگفنم خسته شدم برام نذر کن برام دعا کن کاش بود میرفتم سرجادش  😭😭😭😭😭😭",True,8,3,9
402172260,مهم اینه یک مادر بلوغ عاطفی و اجتماعی و عقلی رو دارا باشه...,False,1,1,1
353717154,"خیانت در پی طلاق عاطفی شاید گریزی ازش نیست .
کاش به جای سه سال دوری .اون مشکل کتک زدن را حل میکردید .",False,1,1,1
413936960,به نظرم فعلا رنگ نکن خوشگله کرلی کنی خیلی باحال میشه چون دو رنگه,False,1,1,1
383055366,با لیزر هم میشه,False,1,1,1
279402952,الان مقاومت کن...ولی سالها بعد که همه چی توی زندگیت خراب شد و بخاطر همون دوتا احوالپرسی آبروت رفت...اونوقت میگی کاش اونروز به حرف نی نی سایتیها گوش میکردم.,False,1,2,1
412521704,"نه خيلي خوبه
من راضي ام",False,1,1,1
413968228,دقیقا اون شب پاچه مردمو هم بی جهت میگرفت,False,1,1,1
thread_13538747_starter,"لطفا همه رو بخونید
عقدیم
بکی دیروز برای نامزدم فرستاده بود اهل حال نیستی؟
اولین بارش بود
گوشیش دست من بود خودش خونه نبود من نگاه نکردم به نامزدمم چیزی نگفتم ک یه پیام اومده فقط تلگرامشو روی گوشی خودمم نصب کردم میخواستم واکنش نامزدمو ببینم چی جواب میده
نامزدم سین کرده بود جواب نداده بود بازم دختره چند بار پشت سر هم علامت سوال فرستاده بود  نانزدم نگا کرده بود جواب نداده بود چند ساعت بعدش دیدم نانزدم براش فرستاده عکستو بفرست
دختره فرستاده بود سلام یه عکسم فرستاده بود ولی من عکسشو باز نکردم چون نامزدم متوجه میشد تلگرامش تو گوشی منه😕 بعد که خواستم ببینم دیدم پاکش کرده بود
نامزدمم فرستاده بود سلام دیگ در مورد عکسش نظر نداده بود
دختره فرستاده بود خوبی نامزدم فرستاده بود بخوبیت دختره هم فرستاده بود خوبم تو خوبی نامزدم فرستاده به چیزی برام سوال شد دختره فرستاده بود چی نامزدم گفت تو چطور آیدیمو داری  دختره گفت تو گروه نامزدمم فرستاده کدوم گروه
دختره انلاینه جواب نداده هنوز
نامزدمم پیامای خودش و دختررو حذف کرده نمیدونم چرا
گروه فکر کنم منظورش گروهاییه که خودکار ادم میره داخلش چون خودمم خبر نبودم تو چندین گروه ادم کرده بودن ک لفت دادم
شما جام بودین چکار میکردین
چجوری به نامزدم بگم چکار کنم
اسکرین شات گرفتم از پیاماشون ولی تو سایت نمیتونم بزارم
به نظرتون اسکرین شاتارو بفرستم براش بگم متاسفم برات
یا نه
شما جام بودین چکار میکردین",True,8,8,5
403905544,علائمم درد بود ی شب ی طرف شکمم ی ساعتی بدجور تیر کشید مردم و زنده شدم ولی بعدش هیچیم نبود چند روز بعدش رفتم دکتر که گفت خارجه و تو بیمارستان قبل عمل عین زایمان درد تو لگنم میپیچید,False,7,3,1
412834211,سرچ کنین میاد,False,1,1,1
402022910,"بهش فکر کنی سرت میاد
من انقدر تودوران بارداری به پارگی کیسه آب فکر کردم هم کابوسشو میدبدم هم اخرش سرم اومد",False,7,9,2
413473991,اندازه اینا مهمه چقدر میخوری فکر نکن چون سالمه میتونی هر چقدر دلت خواست بخوری کالریت در طول روز از ۱۵۰۰نباید بالا بزنه وگرنه تاثیر نداره رژیم غذایی۹۰ درصد تاثیر داره ورزش ده درصد,False,1,1,1
413938097,داخل تهران خیلی زود اذیت میشید با این درامد,False,1,1,1
380996754,خدا کنه، آخه مسئول آزمایشگاه گفت باید سقط کنی😔,False,7,8,6
344693455,"حتماا میری
چن سالته
منم با ی آدم سمی ی سال تو رابطه بودم
نمیتونستم جدا شم ازش تا دوماه حرف نمیزدم هیچی نمیخوردم
اللن ک رفته خدا زندگی رو داده بهم شکرش میکنم ک نجاتم داده
با ی نفر تو رابطه‌ام ک واقعا پسر خوبیه",False,7,3,8
380872414,من ماست و بستنی زیاد خوردم  ماشاالله دخترم فوق‌العاده زیبا شده هرکس میبینه می‌پرسه این شبیه کیه,False,1,1,1
402973688,و منی که در به در مطب دکترها شدم و در حسرت یه بچه 🥲🥲🥲🥲,False,6,4,7
396134793,بچه خودم نیست خالش میشم😍,False,1,1,1
413956566,"خب بابا مامان پیش هم باشن تو رو تو ی اتاق
یا برو بالکن
یا برو پشته بوم
یا بشین رو سر من",False,2,1,1
412985206,"مبارکتون باشه
حرفی نزنید برید خونشون
ی جعبه شیرینی بخرین ، ی جوراب بچگونه بزارید روش
همین",False,1,1,1
409944214,"من دختر عمم حامله بوده نمیدونسته هیییییییچ علائمی نداشته عادی و معمولی هر ماه سر موعد پریود میشده دقیق مثل همیشه تا حس میکنه زیر دلش درد میکنه میره دکتر سنو مینویسه بعد میفهمه چند ماه حاملست....
من خیلی تعجب کردم",False,1,1,1
315449621,"😭😭😭😭
ی لنگ جوراب ازم پیشش جامونده بودد
گفت میخوای بری برو اصلا اشکالی ندارهه اون جورابت برای من کافیه😭😭😭",False,2,1,2
353967398,بگو بگو پارتنرم مهری,False,1,1,1
259250612,تجربه ندارم منتظرم از راه حل های بقیه استفاده کنم 😂البته فک نکنم روشی وجود داشته باشه که کاملا جواب بده ب نظرم رنگ پوست تغییر نمیکنه شایدم واسه یه مدت کوتاه سفید بشه باز به رنگ اولش برگرده,False,1,1,1
375276347,"حق دارین خانم
بعضی از اذیت و آزارا مث یه زخم کهنه هنوز جاش درد داره و دردش فراموش نمیشه
زخم های روحی و روانی",False,1,1,1
411560184,ان شاالله چیزی نمیشه استراحت کن کار نکن. غلیظ بود؟چند ماهت؟دردت بیشتر شد یا لک دیدی برو دکتر,False,1,1,1
411993613,حق داری عزیزممم .به پرس کوبیده بدون برنج .۶۰۰😑😑😑😮💨😮💨,False,1,1,1
371717060,مطمعنن دوباره میاد برای قرض و اگر ندید داد و بیداد راه میندازه چون ما خودمون یکی اینطوری داریم شمام داد و بیداد کنید ساکت بمونید و پول بدید کارش رو ادامه میده اون گریه کرد توم گریه کن اون جیغ زد تو بدتر بزن,False,2,1,1
298843250,من ۴هفتمه فقط درد پریودی دارم،هیچ حسی ندارم فعلا به نظرت عادیع؟؟,False,3,5,1
386360483,برو دکتر حتما عزیزم,False,1,1,1
411338403,"ممنون عزیزم.
مطمئن باش همینه چون میگی بی دلیل. مثلا چیزای سنگین بلند نکردی.
خیلی چیزا باعث لکه بینی و خونریزی میشه که آسیبی به جنین نمیرسونه و عادیه. مثل همین سونو واژینال که ۹۰ درصد مواقع ضرورتی نداره ولی خانما میدن. اصلا به دلت نگرانی راه نده.
استرس و نگرانی تو واسه بچه در حد سمی هس که از بند ناف وارد بدنش میشه. نگران نباش. تجربه همه همینه.
رابطه جنسی هم نداشته باش.",False,1,1,1
268406587,وایییی خوشبحالت،چه بهتر ،چیزی که خدابده عالیییییه.خدا چیز بد به بندش نمیده,False,1,1,1
391411700,ی مشت ظالم عقده ایین اکثرا ..من واقعا داشتم غش میکردم اصلا توان نداشتم هرچقد زور میزدم هیچی که هیچی بعد من برادرم تو کما بود بیست روز بود شبانه روز گریه میکردم  اصلا بدنم سست بود ولی تلاشمو میکردم فقط کم مونده بود کتکم بزنن خودشون میگفتن اکسیژن خودمم شدیداف کرده بود همش زیر اکسیژن بودم بچم ضربان قلبش رو شصت بود ولی فقط با حرفاشون حالمو بد میکردن میگفتن یا میمیره یا عقب مونده میشه,False,10,9,8
thread_11956298_starter,"سلام من هفته ۶ لکه بینی داشتم
هفته ۱۲ رفتم سونو طول سرویکسم۳۵ بود
الان هفته ۱۷ هستم روزامو با استرس دارم میگذرونم
بنظرتون کمه ۳۵؟؟؟ بارداری اولمه",True,8,8,2
411490383,درک رابطه جنسی توی اون سن که گفتین و ی ۲۵ ساله خیلی متفاوته,False,1,1,1
307310229,کی بگذره این ماه راحت شم,False,5,4,2
thread_7464489_taranumebahari_1400/07/26 20:05,بنظرم خانما خیلی خیلی حقشون ضایع میشه تو این‌جامعه مرد این ‌کاراو و کرد زن باید غصه بخوره,False,2,1,2
thread_15701732_starter,یا جایی میرید .ایشون جاری من هستند .بنظرتون مثل خودش باشم,True,2,2,1
405692122,دیگه دوست داشتی حرفی باقی نمی مونه,False,2,1,2
398541656,اگ اومدن گفتن کجا بودی چ بگم,False,3,5,1
307992600,"تا ساعت چند وقت هس انجام بدیم؟؟
من حالم خوب نیس میخوام اخر شب با شوهرم برم تنها نمیتونم",False,5,6,2
410166310,منم میخوام خودمو بکشممم,False,8,2,10
thread_16548589_starter,"سلام خانمای گل گلاب
اول تاپیک بگم که ، لطفا لطفا اگه میخوای توهین کنی و انرژی منفی بدید تو این تاپیک نیاید
فقط بیاین از تجربه های به درد بخور  خودتون و اطرافیانتون بگید
من 4 ماه دیگه پسر دومم بدنیا میاد و پسر اولم اون موقع یه سال و نه ماهشه
بنظرتون صندلی ماشین بگیرم برا دومی ؟
بنظرتون تا قبل تر از بدنیا اومدن دومی ، اولی رو از شیر خشک بگیرم یا نه؟
بنظرتون خودم و شوهرم بعد از زایمان از پسشون برمیایم؟یا حتما باید کمکی بیاد ؟
شوهرم دست کمکمه خدارو شکر ، آشپزی و کارخونه بلد نیست ولی از بیرون غذا میگیره و بچه رو بیرون میبره و سرگرمش می‌کنه
ممنون میشم کمکم کنید مامانای باتجربه 🥰",True,4,5,1
399806255,"به روانشناس مراجعه کن
داری خودتو آزار میدی",False,1,1,1
411662090,تقریبا سی و پنج,False,1,1,1
thread_6157536_starter,سلام دوستان الان 34هفته هستم افسردگی گرفتم همش کارم شده گریه، از خونه خسته شدم، ماه هشت هستم نمیتونم حداقل ی طبیعتی جایی با همسرم برم خیلی حالم بده، خودش یکی دو روز با دوستاش رفت طبیعت ولی ب من میرسه میگه تو نمیتونی راه خرابه پر از چاله و دست اندازه.. اصلا دوس ندارم با کسی حرف بزنم,True,7,3,9
thread_16407264_starter,"بنظرتون چند مشت لوبیا لازمه؟ و چقد سبزی🥲
استرس دارم برای اولین بار برای خانواده همسرم میخام درست کنم😂",True,4,3,1
395107236,"نه بابا
میره تو جیب مدیر",False,1,1,1
thread_16031006_starter,"وای دیوونه شدم از بس تو اینترنت گشتم.
بتام دو برابر میشه ولی درد سمت راست شکم دارم.یه درد مبهم که میپیچه تو کشاله رونم.
😭😭😭خیلی میترسم.۳ تا سقط داشتم.
میترسم‌اینم خارج رحمی باشه.
تازه ۴ هفته و سه روزه.
تا یک هفته دیگه باید صبر کنم‌که برم سونو
تورخدا هرکی خارج رحمی بوده علائمشو میگه",True,8,9,2
381234698,واس مرد ک گناه نی بچشو بکشه بزار با اجازش سقط کن با این روانی بچ‌میخای چیکار جدا شو,False,1,1,1
391396419,"[QUOTE=391396035] خونه بنده خدایی رفتم، دیدم دوتا ویترین، دو دست مبل، دوتا تی وی دارن. متوجه شدم عروسشون باهاشون زن ..
اره عزیزم...بلاخره باید یه راهی پیدا کنه،با قهر رفتن خونه ی پدر به این امید که حرفشو به کرسی بنشونه ریسکه،پنجاه پنجاه،اگه قبول نکنه شوهرش با شکم حامله مجبور میشه دست از پا درازتر برگرده....حالا یه جایی رو در نظر بگیره و یه گاز و یخچال و موادخوراکی رو تهیه کنه تا لااقل از این نظر تحت فشار نباشه.",False,1,1,1
340724631,درد شدید واژن چی؟ از درد از خواب بیدار شدم,False,5,4,1
363990653,تکون بچه مربوط به آبله نیست مالِ استرسه حرص نخور چیزی نیست این نشانه‌ها که تو میگی مالِ یه ویروس جدیده،که تازه اومده آبله نیست مثل سرما خوردگی منتها این شکلی،خوب میشی نترس فقط استرسی نباش,False,1,1,1
398750204,پیش مشاور رفتی؟,False,1,1,1
394085325,من سر بچه اولم چون خونه مادرشوهرم زندگی میکردم و مامانم راحت نبود هفته ای ی بار میومد پیشم هیچ کاری نمیکرد ولی بچه دوم خونمون جدا کردم و استراحت مطلق بودم مامانم کلن پیشم موند تا بچم شد ۴۰ روزش,False,1,1,1
413807609,شوهر منم موقع عقد همینو میگفت که عیب میدونیم حق طلاق رو از این چرت و پرتا....الان خواهراش و خواهرزادهاش همه حق طلاق گرفتن,False,2,1,1
371454375,اره منم میوه زیاد میخورم اخر شبام کیوی میخورم میگن برای یبوست خوبه,False,1,1,1
284918386,نه خدا رو شکرش زند است 😭😭😭,False,2,2,1
411789793,"میشه زندگی کرد یا فقط میره واسه خورد و خوراک؟
منظورم لباس و تفریح و ایناس",False,3,3,1
373974722,نه اینطوری نیست ‌😅نترس. من بچم دو ماهشه روزای اول اون گریه میکرد کلی دردسر داشتیم طوری که خودمم باهاش گریه میکردم از شدت خستگی و درد ولی الان خدا رو شکر یکم بهتر شده. الان که میخنده همه ی اون روزا فراموش شده برام,False,5,2,2
400912217,"من امروز طبق اپلیکیشن وارد هفته هفتم شدم، فردا برم دکتر معلوم میشه دقیقن هفته چندمم🥹
علائمم هم مثله ۲ هفته گذشته است، زیر دلم تیر میکشه و سینه درد شدید.
همش هم میرم دسشویی. خوابم هم به هم ریخته.
حالت تهوع ندارم و به بو هم حساس نیستم.",False,3,3,1
thread_10013823_بهارک۷۳_1401/10/11 20:44,من هیچی کم نکردم چون ویارم فقط ۱ماه ونیم سیری کاذب بود اما از چیزی بدم نیومد بالام نیاوردم اما اضافه کردنمم خیلی کنده,False,1,1,1
345214019,وآقا الان حالش چطوره چطوری با بدن خسته و داغون ورزش کنم,False,3,2,2
340849262,همین دیگه بیشتر استراحت کن عزیزم برای منم دعا کن,False,1,1,1
395286920,تو که اینهمه زدی ۴ دیگه دیگشم بزن 😂,False,1,1,1
410829762,مادر داریم تا مادر,False,1,1,1
257729396,"نه
با احترام خوشم نیومد",False,1,1,1
90945812,"بیاید از علائمتون بگید
من دیروز تا پای مرگ رفتم حالم خوب نبود ولی نمیتونم توصیف کنم چطور بودم
امروزم زیر شکمم گرفت
تنگی نفسم همیشه دارم دیشب ولی داشتم خفه میشدم
پاهام مخصوصا خصلص درد میکنه حتی وقتی استراحتم
شما چی",True,7,7,1
261005269,باید زبون دار شی بخاطر بچه هات، وگرنه فردا میشن دوتا بچه پر از عقده و حسرت که نمیتونن از خودشون دفاع کنن و همش سرکوفت میشنون,False,1,1,1
thread_15361591_starter,هفته ۳۴ بارداری هستم نزدیک یک هفتست کمر درد شدید دارم طوری که مدام گریه میکنم از درد غیرقابل تحمله قرص و شیاف و کمپرس هم فایده ای نداره. نمیدونم چیکارکنم واقعا,True,8,4,3
412504400,من جدا نشدم ولی الان اکثرا همه جدا شدن خیلی نرمال و عادیه گلم,False,1,1,1
401738206,خدا کنه🥺 ینی دیشب از استرس مردم زنده شدم,False,8,8,1
thread_11868956_starter,من ماه هفتم فقط یکبار لک بینی داشتم بنظرتون محدودیت هست برای رابطه؟و اینکه آیا رابطه هاتون در بارداری محافظت شده بود ؟تعدادش چقد بود؟,True,3,4,1
403194908,موسسه مام رفتی؟,False,1,1,1
thread_9966511_کاپو_چینو_1401/10/05 16:04,"سلام عزیزم
اره گلی امروز میخام برم سونو وزن ان شالله
شما رفتی؟ چند بود؟ خودت چند کیلو اضافه کردی!؟
منم گاهی کم درد پریودی دارم اما خیلی کم
بیشتر دردمم موقع تو خاب میخام پهلو به پهلو بشم یا نشستم میخام پاشم.
من بیشتر همش نگران کم شدن اب و یا بند نافم🤕",False,5,6,1
255241351,من درد شدید دنبالچه هم اضافه بود 😭,False,5,2,2
361837167,😐من ازخدام بچم بشه ۴کیلو,False,1,1,1
401497877,چون دوتا سقط پشت سرهم داشتم از یه طرف استرس سقط دارم از یه طرف استرس جنسیت کاش خدا به همه از هر دوجنسشم میداد بخدا روزای بدی رو میگذرونم همش بخاطر حرف مردم🥲🥲,False,8,8,4
thread_15190001_starter,"هيچ علايمي ندارم تازه امروز يكم سينه هام درد ميكنه يذره تهوع فقط موقع اب خوردن دارم ديگه هيچي
علايم خارج رحمي چيه ؟و هفته چندم معلوم ميشه",True,3,4,1
thread_15527747_starter,"چی بخورم برا استرس خوبه؟
دست هام حس میکنم میلرزه
همیشه نگرانم",True,8,8,2
366363984,مامان منم میگه,False,1,1,1
thread_11389002_پرپر۱۳۷۸_1402/04/01 23:54,"شوهرمنم خون به جیگرم کرده دیگه نفرین هم نمیتونم بکنم گاهی گریه میکنم ولی دلم واسه بچم میسوزع تموم میکنم
ولی درکل دلم که خوش نیست خداکنه تاثیر روش نذاره کاش بمیرم",False,9,5,10
thread_18010311_starter,من این ماه پریود نشدم بعد۴۲روز خون قهوه خیلی کم برا یک روز اومد و تموم شد بدون درد بنظرتون ماه بعدی میشم؟,True,3,4,1
323054408,باردار نیستی خیالت راحت,False,1,1,1
397333172,کاش یکی پیدا بشه اینقد نگه این دارو ،اون دارو تنبلی روده میاره لااقل یک قرص مینداختیم بالا خلاص، ..خدا مرگ‌ بده خلاص شیم ..یعنی ریدنمونم غصه شده یکی میره ریدن میاد من حسودیم میشه 😁😂😭😭,False,3,1,1
389854527,یعنی باردار نیستی و بتات صفر شده,False,1,1,1
thread_18079151_starter,"آقایون شد بخواین جدا بشین طلاق بگیرن سفت محکم
پشیمون شدین
زنتون دختر پاک خانواده داری بوده کم توقع به حرف همسرش ازلحاظ زیبای عالی
آیا بعد امکان پشیمونی وجود داره
یا اصلا امکان داره بهم فکر کنه خودش منو تخواسته",True,5,5,5
380721864,"نمیدونم واقعا
بچگی کردم
الان میگم کاش رفیقش که اصرار کرد قبول میکردم😂",False,2,1,2
thread_12416037_zhra0010_1402/08/21 13:37,"خدا ستارالعیوب (پوشاننده عیب ها)
غفار الذنوب(بخشنده گناهان)
حس پشیمانی خود توبه هست عزیزم
وقتی خدا بهت نعمت داده با آغوش باز بغلش کن
غسل توبه کن ، وضو بگیر نمازاتم بخون
با اون نی نی هم مهربون باش",False,1,1,1
355362046,تنها راهش اینه که راضیش کنی برید مشاور.کاری که من کردم بگو بیا یریم مشاور بذار بگه ایراد از منه اصلا.بگو یه ادم بی طرفه و کارش همینه.خلاصه راضیش کن .امان از این مادر شوهرا که میشینن با آه و ناز و ناله پیش پسراشون کاراشونو پیش میبرن.آخه چه جور راحت ان؟چه جور از گلوشون پایین میره؟چه جور جواب خدا رو میدن؟,False,2,1,1
335032875,"اگر گرمای تابستون رو نداشت حاضرم قسم بخورم بهشت شداد
باور کن خدا خیلی دوستت داشته ک قسمت شده دزفول زندگی کنی",False,1,1,1
413950241,"میفهمم🥲 فعلا همین قرص هارو بخور تا چند روز دیگه دردش کمتر میشه کاری دیگه نمیتونی کنی
آب نمک هم قرقره کن
منم تا چند روز نتونستم غذا بخورم مجبوری بیسکوییت میکردم تو آب نرم بشه  میخوردم",False,2,1,1
401904387,"هر سوالی داری بپرس در حد تجربم بهت میگم
عفونت هم تا زمانی که ترشحاتت مثل قبل باشه رنگ و بو نداشته باشه نگرانش نباش در غیر اینصورت هم دکتر دارو تجویز میکنه و خوب میشه
عفونت ادرار هم که سوزش داره و مشخصه
پس عفونت پنهان نمیمونه
من از اولش شوهرم و خواهرم همه کارارو میکردن الان هم یک مدته اومدم پیش مادر شوهرم
من از اول بارداریم خوابیدم
روزها هم کلا تکراری😂گوشی،سریال
انقباض هم مثل این میمونه که بچه خودش رو تو شکم گوله میکنه با این تفاصل که انقباض شکم به حدی سفت میشه که انگشت فرو نمیره داخل و همراه با درد و احساس سنگینی و‌فشار به دهانه رحم و لگن میاد",False,1,1,1
304459083,"نخود آب پز با فلفل سیاه و یه کوچولو رب گوجه برای وعده غذایی
معجزس
مصرف نان جو
کدو سبز بخارپز با نمک و نون تازه 😎به به دلم خواست
من عاشق عذاهای ساده و گیاهی ام ترجیحا
محود کردن مصرف میوه های شیرین،قندهای مصنوعی، حذف ماکارانی و سی زمینی
کم خوردن و خوردن غذاهای کم کالری",False,1,1,1
368749284,عزیزم حتما باهاشون صحبت کن خجالتو بزارکنترمن خودمم خیلی خجالتبما اما واقعا رابطه توزندگی زناشویی خیلی مسئله مهمیه,False,1,1,1
359827758,و بعد که زن ترکش کرده چه اتفاقی افتاده؟زن از رها کردن عمری که زندگی ساخته خوشحال بوده و تا آخر عمر لحظه به لحظه در اوج شادی بوده؟مرد خیانتکار چی شده؟از افسردگی و غم تنهایی مرده؟!,False,1,1,1
366142169,کسی نبود جواب بده,False,2,2,1
294423754,ولش کن ان شالله به سلامتی زایمان کنی بعدا این حرفشو تو سرش بزن,False,1,1,1
400277033,نگران نباش بچه منم دور شکمش کوچیک بود هفته 37 زایمان کردم با وزن 2500,False,1,1,1
404917948,چه دردی؟ چند هفته ای؟,False,1,1,1
359952676,🥲🥲🥲من افسرگی کشیدم می‌دونم چقدر بده..الان بهترم خداروشکر و بهت می‌گم که تحمل کن..و هر کار از دستت بر میاد بکن فقط برای خودت...یه روزایی بوده که حالم از خودم بهم بخوره و کارایی کنم که ازم بعید بوده و..خلاصه می‌فهمم حرفتو.ولی تمام کاری که می‌کنی اول بدون خدا حواسش هست و برگی بدون اجازش نمی‌افته و دوم اینکه برای دل خودت و ارامش خودت هرکار که میتونی بکن.و بعد هم برای بچت..شرایط مشاور رفتن داری؟ سعی کن بری..اگر نه یه ادم یا دوستی که عاقل و قابل اعتماده پیدا کن باهاش صحبت کن،خیلی می‌تونه کمک کنه💗,False,5,3,8
413836787,"البته زایمان الان شاید با زیرمیزی به دویست تومن هم برسه
اما قسمت تراپیست کودک رو نفهمیدم چرا باید بچه رو ببریم تراپیست ؟مگه بچه مریضی روحی داره
الکی کارهای جدید و ادایی مد نکنید من خودم بچه ندارم اما برادرزاده ام مثل بچه خودم هست همه کار هم براش میکنم اما دیگه تراپیست به نظرم اداهای جدیده",False,2,1,1
406865158,"چه جور خواهر برادرین که سر هزینه پستی دعوا دارین؟
شماره کارت بده هزینه پستی رو من بزنم یوقت دشمن خونی نشین سر چهل پنجاه تومن !!",False,1,1,1
413488561,"واقعا؟ پس من فردا برم دکتر استرس دارم ازین حالتا
فانلینگ چی هست؟",False,6,6,1
315483708,همش استرس حاملگی پوچ و خارج رحمی دارم🥲🥲🥲,False,8,8,2
413077722,"میشه گزارش بزنید خواهش میکنم
https://www.ninisite.com/profile/forum/topic?topicId=18055480&slug=بیاین-این-عکسا-رو-ببینین&postId=413075303",False,2,1,1
thread_18139798_starter,همسرم اخلاقای بد داره به خصوص خسیس بودنش داره اذیتم میکنه..میخام با مادرش راجب این قضیه صحبت کنم یعنی میخام یجور پا ترسِ برم به شوهرم ..هنوز یکسال نشده عروسی کردیم..نظرتون چیه خانمای عاقل راهنمایی کنن اینکارو کنم یا نه,True,6,4,3
thread_14260097_starter,"دلم غذا میخاد ولی نمی‌دونم چی میخام
خوشمزه و چرب و چیلی باشه کنارشم دوغ آبعلی باشه 😕
شما الان چی میخان
حال ندارم پاشم غذا گرم کنم بخورم 😕😕
شوهرمم خابه سر و صدا شه غر میزنه حوصله اونم ندارم",True,3,1,3
411833974,"اینجا سن ازدواجم  خیلبییییییی پایینه
مثلا طرف بیست سالشه دو تا بچه داره یکیم حاملست
یا یکی دیدم ۲۱سالش طلاق گرفته بود نگران بود برای اینکه ازدواج دومش دیر شه",False,1,1,1
401131794,من ان تی رفتم خدا رحمی آنومالی رو هم همونجا میرم احتمالا,False,1,1,1
319754243,چرا هیچی نمیگن پس بهشون؟,False,2,2,1
350556790,"دخترخاله ی منم بدون عروسی رفت سر زندگیش هرچند مراسم توتالار بایه لباس سفید گرفتن براش،کلیپ اسپورت درست کردن ،جشن عقدونامزدی جدا گرفتن خونه دادن بهشون،بااز حرف جاری شمارو میزنه میگه اگه برادرشوهرم ازدواج کرد حق ندارن واسشون  عروسی بگیرن هرکاری برامانکردنوبرااون نباید کنن
خب تایجایی حق داره ولی خب ازیه جایی به بعدم نداره خب اون دختر بیچاره که میخوادعروس شه چه تقصیری داره اونکه نباید تاوان اشتباهات گذشته خانواده شوهروپس بده",False,2,1,1
thread_13152440_starter,"دوستان طبیعیه؟؟؟
تا5صبح بیدار بودم از درد",True,6,5,1
342608818,برو دعانویس تو چیزیت نیست برات دعا نوشتن برو باطلش کن,False,1,1,1
360229418,اخ کجا من فرار کنم😭😭😭جامعه برا دخترا امن نیسنت کجا برم؟؟من برم مامانم چی😭,False,9,9,6
thread_12132086_starter,"خانوما من ۴ ماهمه تازه رفتم ت ۴ماه بفد سرپا بودم ی بچه محکم خورد ب شکمم بنظرتون خطرناک نیست؟؟؟؟
سکم دلدرد گرفتم",True,7,8,1
367384082,"مگه چجوری جدا کردن؟؟؟
کشیدن😐😢😢😥😥😥😥",False,4,4,2
392935298,"پسر میخوای چیکار
کلا ۳۰۰-۴۰۰ میلیونی میشه",False,1,1,1
359989164,"عزیزم گل پسرات را انسان تربیت کن و تحویل جامعه بده🌹 وقتی داری یه انسان را تربیت میکنی، جنسبتش مهم نیست، اون انسان بودنش مهمه.
اینکه پسر پشت و پناهه و ... را بریز دور، نه دختر نه پسر هیچکدوم قرار نیست برای ما کاری کنند، مگه ما اونا را برای سواستفاده ی خودمون میاریم؟؟! اونا را ما به این دنیا دعوت میکنیم فقط برای تجربه ی یه زندگی خوب، نه اینکه بیاند پشت و پناه و سنگ صبور ما بشند! دختر و پسر جفتشون ماهند.",False,1,1,1
thread_11409103_دخترمدیترانه_1402/04/04 18:12,نه گلم به مرور که بارداریت بره جلو درست میشه,False,1,1,1
375167592,"مامانجونم مریضه تنها میمونه اخه
خدایا چیکار کنم تا خود صبح نخوابیدم عموهام باهم دعوا کردن",False,9,8,4
246750589,4سالگیش 13/5بوده...الآن که 6سالشه 14/5...تقریبا میشه گفت استپ وزنی کرده...مچ دستش لاااااغر...آزمایش خونم داد با تیروئید مشکلی نداشت...البته فردا میخوام تازه آزمایشش رو ببرم پیش دکتر...میخوام بگم هورمون رشدشم چک کنه...از مچ دستشم عکس بگیرم....دلم کبااااب واسه بچم...لباسای سه سالگیش هنوزم تنش میرن😢😔😔😔😔,False,7,7,4
380481321,بخدا بقزان راس میگم.. زنگ زدم هی گریه کردم که توروخدا پول بده برم دکتر اونقدر گریه کردم بعدش استفراغ کردم..هی گفتم بده قرض برمیگردونم سرماه بهت,False,9,8,6
336161322,"منم تنها خوابیدنی همیشه بختک میفته روم . من اما اصلااا نمیترسم جالبه
دو روز قبلم یهو صدای خنده چند نفر اومد . شوهرم تو هال بود ، گفتم صدا چیه گفت هیچی ‌ حتی تلوزیون هم خاموش بود",False,2,1,1
thread_11762214_starter,"نی نی هام پسرن ❤️
اما دیشب خواب میدیدم رفتیم خونه مادرشوهرم ، یه نی نی پنج ماهه دختر بغلمه و رفلاکس داشت . داشت شیر بالا می‌آورد.  شوهرم و بچمم اومده بودن کمکم .
من خواب هام اکثرش درست هستن
از اینکه نی نی هام پسرن تا حدود زیادی مطمئنم
اما دلشوره گرفتم چون اینا امروز تکون نمیخورن فکرای بد اومده تو سرم 😢نمیخوام به زبون بیارم
دوباره سه شب پیشم خواب یه نی نی دختر دیدم اسمشم فاطمه گذاشته بودم.
اعصابم خراب شده
آخه من اصلا خدا خودش شاهده هیچوقت هیچ جنسیتی برام مهم نبوده خدا اگر صدتا پسر بهم بده . یا صدتا دختر بده . اصلا مهم نیست برام
یعنی فکر نمی‌کنم به جنس خاصی
چرا دارم این خواب ها رو میبینم😢",True,8,9,4
413816611,عزیزم اینا ملاک نیس طرف منم ناشناس سئو کرده بود با اصرار شدید منو اسم خودشو سئو کرد بعد من اسمشو چیزای خاص میزاشتم ذوق میکرد من میگفتم ک اون عوض کنه اونم عین خیالش نبود پسرا اسمارو همینطوری سئو میکنن,False,1,1,1
thread_13504806_starter,"؟
پریناتال ؟
امگا ۳ ؟",True,1,1,1
313543746,عزیزم همین که الان بابتش ناراحتی خدا میبخشه,False,1,1,1
413670126,ینی مشکلی داره خانم,False,2,3,1
412047811,شما درست میگی برو با همین حرف خوش باش 🙂,False,1,1,1
361188822,"وای بمیرم برات
قلبم درد گرفت💔
خدا لعنتش کنه که باهات اینجوری می‌کرد
مادرتون طلاق گرفتند؟",False,2,1,2
341461638,درد سقط خیلیه اکه میتونی تحمل کنی چند روز دردشو تو خونه سقط کن,False,1,1,1
400078855,تو اقوام ما دوتا خواهر هستن با این اسم ها 😂,False,1,1,1
403291400,نه کارت شوهرم,False,1,1,1
330966322,"تهمت زدن خیلی کار کثیفیه جدا از اون شما کاریم بکنی اونا باید بپوشونن خواهرت چطور رفته با اینا اخه
پس عمل تجاوزی رخ نداده؟خیالم از این بابت راحت باشه؟
بعدشم اونا سر زندکی خودشونن شما اگر اینا رو رها نکنی از زندکیت عقب میفتی",False,4,5,1
364404260,راستش نمیدونم درست یا اشتباه ولی خب من شرایط نگهداری بچه نداشتم دوران درس و دانشگاه بود ب پزشکم التماس کردم گفت انجام نمیده ولی خانوم سهیلی معرفی کرد گفت ماما و دارو داره خدا خیر ش بده دارو گرفتم ازشون انجام دادم بعد ی هفته رفتم سونو بقایا ام نداشتم درد داشتم ولی خوب قابل تحمل بود با مشاوره خانوم سهیلی سخت نبود شماره میزارم از کمک بگیرید۰۹۱۹۷۱۴۱۴۸۷,False,2,1,1
386770473,ژن ژنتیک نمیدونم سوره شایدکمی تاثیربذاره ولی دیگه مهران رجبی رونمیکنه بردپیت,False,1,1,1
322152891,دلش برای پسرش تنگ شده نه اسی,False,1,1,1
375682901,"نه اصلا خودتو مقصر ندون من رفتم آزمایش امنیوسنتز دادم مشاور ژنتیک صدام کرد گفت خودتو مقصر ندون تو کاری نکردی که بچه ات اینجوری شده،میخوام بهت بگم خودت رو مقصر ندون ولی یه هفته صبر کن تا بهدها عذاب وجدان نگیری کاش صبر میکردم
این فکر و خیالا ادمو دور از جون روانی میکنه
من الان اعصابم خیلی ضعیفه زود اشکم در میاد و میشکنم
میخوام بگم شما اینجوری نباش
بعد اینکه رو به راه شدی اقدام کن به بارداری
ان شاءالله سری بعد بارداری سالمی رو طی کنی
منم دعا کن🤲💚",False,7,7,6
403079809,"نترس سزارین اصلا اذیت نداره
فقط اگه لازم شد پمپ درد بگیر
شیاف و مفنامیک اسید بعد زایمان استفاده کن",False,1,1,1
386067492,"متوجه شدم
ببین اگه بخوام اختصاصا در مورد موضوع تاپیکت نظر بدم باید بگم، مطلقه بودن، فی الذاته بد نیست
اولا باید متوجه شد که دلیل طلاقش چی بوده
دوما طلاق برای ازدواج بعدی، شمشیر دو دَم هست.
گاهی زندگی بعدی، دچار قیاس منفی، با زندگی قبلی میشه و گاهی هم تجربه و درسها و عبرتهای کسب شده در زندگی قبلی، زندگی بعدی رو شیرینتر، مستحکم تر میکنه.",False,1,1,1
412189298,رفتم گفت باید زایمان کنی بعد دارو بخوری رو مغز جنین تاثیر می گذاره وگرنه,False,2,2,1
413792205,"اگه عادت به تنها موندن تو خونه نداری
اگه می ترسی شب تنها بمونی
اگه دوست داری همه ی مناسبت های مهم سال همسرت پیشت باشه
اگه حساسی روی راحتی با خانم ها تو محیط کاری همسرت و قراره هی بره رو مخت این قضیه
صادقانه می گم قبول نکن
همسر من کادر درمانه
مواردی که گفتم من رو اذیت نمیکنه
و کنار هم حالمون خوبه",False,1,1,1
318323892,اگه همه مشکلات یه شبه حل شه...دیگه انسانی که معنای درد رو نفهمیده..نمیتونه قدر خوشبختی رو بدونه....سلامتی نعمته چون مریضی هست وقتی مریضی نباشه دیگه سلامتی نعمت نیست!,False,1,1,1
404921583,"دقیق یادمنیست اسمش انگلیسی بود دکتر میگفت یکیش محرک تخمک گذاریه یکیش محرک آزاد سازی اسمشو نمیدونم
نگران نباش من بعد باردار شدنم حیف روزایی رو میخوردم که با گریه سر کرده بودم به خدا توکل کن",False,4,4,4
379830024,من ۱۴هفته داشتم خب طبیعتن درد زیادی کشیدم برای شما درد داره ولی خیلی کمتر در حد پریودی,False,5,2,1
355575937,منم بی بی مثبت میشد حتی بتا مشکوک اما باردار نبودم پریود میشدم اصلا به بی بی اعتمادی نیست خیلی ها براشون الکی مثبت میشه,False,2,2,1
390654104,پریودی من ۳.۴ روزس من روز ۵رابطه داشتم خونریزی تداشتم در حدی که برم دستشویی یکمی بیاد,False,2,3,1
thread_17729577_starter,همین طور روز شب ،پشت هم,True,1,1,1
thread_11186657_saeede7598_1402/03/06 20:47,نرو بابا...از اولین روز پریود هشت هفته که شد بعد برو سونو با خیال راحت ببینش صدا قلبش هم بشنوی بعد برو زیر نظر دکتر...الان اصلا با دکتر صحبتم نکن حتی فقط بهت استرس بیخود میدن,False,1,1,1
thread_16026496_starter,"یا داره وقت میگذرونه میگه اگه نشه عذاب وجدان میگیرم میترسم من شرایط ندارم فلان
چرااین حرفارو میزنه میخاد خودم برم؟؟!!",True,6,7,3
362297506,"کل هفته روز شماری می کنم برای جمعه که بخوالم
جمعه ۶ صبح منو بیدار می کنه چای بده میخوام برم",False,4,2,3
thread_6530624_fh137275_1400/03/02 01:03,ویتامین دی همراه با ناهار. کلسیم بعدازظهر. قرص اهن هم قبل ازخواب,False,1,1,1
360909082,دردش مثل زایمانه میگیره ول میکنه میگیره ول میکنه بعدشم خونریزی داری مگ برا سقط نمبخای؟,False,2,1,1
260176135,زدن یه همچین عنوانی واسه حیوان خانگی واقعا درست نیست آدم میبینه چهارستون بدنش میلرزه,False,4,6,1
346726629,"هم به یونانی هم به فرانسوی میشه آسمان
ریشه ترکی ام داره",False,1,1,1
412877698,نه نمیندازه.کرم سایه تمیندازه,False,1,1,1
353725776,واقعا؟ چرا؟ دکترم گفت سر ساعت ۸‌. همه قرصام با شام و ناهاره اینو گفت سر ساعت باید بخوری‌‌.,False,2,3,1
409253955,"خدارو شکر عزیزم
حالا این هفته برم سونو و جوابو ببرم واسه دکتر ببینم چی میشه",False,2,3,1
405157574,عزیزم میدونم درکت میکنم .الان مشکل نگهداری داری یا مالی؟,False,1,1,1
400316145,"عزیزم چقد فاصله دادی برای بچه دوم
منم همش نگران اینم فاصله سنی بچه هام زیاد باشه از طرفی هم شرایط بچه دوم ندارم🥲",False,5,6,3
411722572,"نمی تونم  این اول
دوم اینکه مثلا فقط این یه نفر نیست که شوهر پولدار داه و لایقش نیست
تعدادشون خیلی زیاده
من هیچ کاری از دستم بر نمیاد!!!",False,6,3,6
thread_11418445_sahar11112222_1402/04/05 22:57,"شما ها با کی درد و دل میکنید ؟ بعدا عذاب وجدان ندارید؟
من معمولا با خدا حرف میزنم",False,3,3,3
413176780,اآقا ی راهنمایی هم نمیشه بکنید😐,False,3,2,1
347667629,"همه رو تجربه کردم ..
چند سال دیگه میفهمی چی میگم ...
که اون دانش آموز روستایی با کتاب خالی رتبه اول کنکور میشه",False,1,1,1
409651712,حس شیشمت قویه؟,False,1,1,1
410952580,"ینی ۴ ماهگی؟
چجوری اسی ۳ ماهه فهمیده جنسیت رو؟",False,1,2,1
345829845,"قربونت
مراقب خودت و اون فرشته باش",False,1,1,1
381283618,طبیعی یکی دو روز عقب جلو داره، منم سر دخترم زده بود ۲۱شهریور اما از هفدهم دردام کم کم شروع شد ۱۹شهریور هم زایمان کردم,False,1,1,1
260997732,آره خوندم تو نت فقط این عذاب دفع لخته خیلی سخته خیلی درد داره خواستم ببینم کسی مثل من بوده,False,5,2,2
384503719,هیچی نیست الکی خودتو نگران نکن....تا زایمان باید هر هفته بری بهداشت صدای قلبشو چک کنن,False,1,1,1
355974987,آره میتونی بگی این چیکار کنه,False,1,1,1
thread_15792508_starter,سلام من امروز آزمایش خون غربالگری اولمو گرفتم سونو همه چی اوکی بود ولی تو ازمایش سندروم داون رو نوشته مثبت .عددشو نوشته ۱ به ۶۸ .الان هم دم عیده نمیدونم چیکار کنم خیلی نگرانم کلی گریه کردم دست و پام بی حس شدن عدد بتام ۷۶ زده کسی مثل من بوده؟؟؟چیکار باید بکنم الان خدای من,True,9,10,6
312484467,سعی کن روزانه بریزی خوب,False,1,1,1
362941413,تب که ضرر داره برو دکتر,False,1,1,1
thread_13079632_sshabnaam_1402/12/01 14:00,وای اختیارش دست خودشه نه پسر مردم,False,1,1,1
thread_18139739_starter,من دو کیلو می تونم بیشتر کم نمی شه چرا ؟,True,3,2,2
thread_18143955_starter,از سایت کیان اکسسوری که اینهمه تو اینستاگرام و سایتش معروف بود و چند تا شعبه داره تو ایران یه گردنبند سفارش دادم. قرار بود با پست تا 3 الی 6 روز به دستم برسونن و هزینه پست هم 100 تومن از همون اول گرفتن. الان روز هشتم و هنوز هیچ خبری از سفارشم نیست. نه زنگ میزنم جواب میدن نه پیام میدم جواب میدن هیچی...نه میتونم پیگیری کنم نه سفارشمو بگیرم نه پولمو برمیگردونن. من چیکار کنم بنظرتون؟ واقعاً کلاهبرداری بوده؟ برای شما هم پیش اومده؟,True,6,6,2
355608491,نه من بواسیر دارم زیاد پیشرفته نیست ولی از مال شما ندارم,False,1,1,1
thread_7188582_jila1375_1400/06/13 20:04,"ای جان....
حالا رو نی نی تاثیر داشت؟",False,2,3,1
378655316,اخرین دعواموون 4 روز اومدم خونه پدرم قرلر شد دیگه با اون رفیقش رابطه نداشته باشه حتی دست رو قران گزاشت روز سیزده بدر دیدم این رفیقش دباره زنگ زد دعوا راه انداختم با مشت زد تو سرم انقدر سرم درد گرفته بود تا چند ساعت هنگ بودم با خدم گفتم حتما اوون نبوده وگرنه من نمیزد من دوست داره به خاطر یع رفیق اینطوری با من رفتارر نمیکنه,False,9,7,6
thread_6698397_roooooyaaa_1400/03/29 00:32,وای خوشبحالتون پس کی نوبت من میشه🥺🥺🥺,False,2,3,4
thread_14936228_starter,"از بیرون اومدم به زور از پله ها بالا میومدم
شوهر همسایمون پرستاره شیفتش تازه تموم شده بود منو که دید پرسید باز کلیه ات درد گرفته؟گفتم آره
و اومدم داخل
خانومش زنگ زد گفت کسی پیشته گفتم نه
گفت خیلی درد داری گفتم آره مسکنم تموم کردم زنگ زدم بیارن برام گفت بذار بیام پایین پیشت پس گفتم نیازی نیست و ....
یهو بعد پنج دقیقه اومد پایین یه بسته قرص و شیاف همراهش بود گفت حتما استفاده کن حالتم بد شد اول به خودم بگو🥺
فداش بشم من پنج ماهه بارداره خودش دو تا بچه کوچیکم داره
همه همسایه هامون اینطورین
من خودم بچه غرب کشورم جنوب زندگی میکنم مردمش خیلی خونگرم و مهربونن🥺
خدا حفظشون کنه",True,3,2,1
401854789,"مرسی
حتما امتحان میکنم",False,1,1,1
thread_18139910_starter,"کسی میبینید هدفش پزشکی همه میریزید  سرش پزشکی خوب نیس پشیمون میشی
عزیزان هررشته ای بگیری واقعا سخته تا سختی نکشی به اون جایگاه ودرامد واینا نمیرسی
همه هم گیر دادین برید دندان، درسته دندان رشته تاپ وعالیع ولی خوب اینم درنظر بگیر اونم 6 ساله، دوسال طرح داره، هزینه مطب زدن با توجه به الان به شدت سرمایع زیادی میخواد،، هرکسی واقعا توانشو نداره یا سرمایشو نداره،، شغل فرسایشی بعدا گردن ودیسک واینام هست
باید امتیاز جمع کنی تا توشهر های بزرگ بزارن مطب بزنی.. ولی در نهایت اگه همه اینا بزاریم کنار واقعا رشته تاپیه وعالیه
وهمچنین پزشکی، پزشکی هم باید تخصص خوبی بگیری ووقتی هم بگیری واقعا رشته تاپ وعالیه واینده داره، یه پزشک همیشه نیاز جامعس
همه رشته ها تا خون گریه نکنی وسختی نکشی هیچ وقت تاپ نمیشی
هر رشته ای صدتو براش بزاری قطعا درخشان میشی
من دایممم دندانپزشک وکلی سختی کشید که تونست یه دندانپزشک معروف بشه وحتی تخصص ارتودنسی هم گرفت واوعضاشم عالیه
دخترعمم متخصص سونوگرافی 35 سالشه درسته این همه سال خوند ولی واقعا واقعا تو شهرمون درجه یکه، جایی نیس اسمشو نبرن، وضعشمم عالیییه
پدربزرگم جراح قلبه،  گفت از همون زمان ماهم میگفتن پزشکی فلانه فلان نیس، گفت اگه واقعا وجودشو داری وعلاقت داری برو پزشکی ادامش بده وقطعا اینده درخشانی داره ولی باید فقط وفقط تحمل کنی هرکیم گفت بده وفلان، اینو بهش بگو همه چی پول نیس، پول به مرور به دست میاد مهم اعتبار وجایگاه وادامای که باهاشون به منظره شغلت درارتباطی و..",True,1,1,1
413256585,غصه نخور خدا بزرگه..,False,1,1,1
390753009,چوب تو کو.ن خودشون و طرفداراشون,False,1,1,1
407455082,"وای خدا دارم تعجب میکنم مگه بدون شکر میشه 😐
چند نفر از کاربرام گفتن نمیزنن
وای خیلی ترشه
من شیرین دوست دارم",False,1,1,1
363179735,به قول یه خانمی خودشون سزارین می کنن از دکترش بگیر تا پرستارش بعد میان چنان معاینت می کنن از درد زایمان بدتر عذاب میکشی مثلا طرف دکتر بود با ناخن بلند یه مادریو معاینه طفلک از درد به خودش می پیچید رحم ندارن که,False,1,1,1
347670859,عزمزمه اول تحقیق کن ببین هر سال ۴ تا تک ماده هست یا فقد ۴ تا تک ماده برای برای ۳ سال اگه اینطوری بود برو امتحان بده,False,1,1,1
413950589,بیا قشنگم گذاشتم,False,1,1,1
399772744,خب همیشه اسم قشنکتری هست ، ولی وقتی میگید نه حداقل یکی بهتر پیشنهاد بدید ادم بدونه با چی مقایسه کردید,False,2,1,1
409591091,گفت زاویه اش به نفع دختره ولی فعلا به کسی نگو لباس هم نخر تا انومالی..بنظر خودت چیه؟,False,1,2,1
377508370,"شاید یسریا الان بیان توهین کنن
ولی علاوه بر اینکه روش علمیو جدی بگیری از امام رضا کمک بخواه توسل کن بهش دست رد ب سینت نمیزنه اگه به صلاحت باشه این بچه",False,1,1,1
413478401,سخت نگیر حالا.مواد غذایی کم بوده مقصر پسر خودشونه,False,1,1,1
334589798,"من ۱۳ هفته ام الان
بنظرم بعضی دکترا با آزمایشگاه ها همکاری میکنن برای اینکه مردمو سرکیسه کنن مینویسن
مال من آزمایشگاه دقیقا کنار مطبش بود گفت برو همینجا
منم دیگه بهش فکر نکردم سریع رفتم آزمایش دادم",False,2,2,1
397708369,دعا کن واسه منم مادربشم,False,1,2,2
thread_14118507_starter,"از دیروز یه کف دست نون خوردم همین .
هر چی خوردم به مردم نرسیده بالا آوردم
رفتم دکتر گفته باید بیای بستری بشه 😑😑😑😑
اصلا از حاملگي خوشم نیامد
بعضیا حامله میشن از روزای عادی هم حالشون بهتره
اونوقت من حسرت یه لیوان آب خنک یه هفته تو دلم مونده",True,8,3,6
413224095,وا عزیزم حرفی بدی نزد که,False,1,1,1
330425922,"واقعا خیلی برام جالبه
کسی که خودش دختره
بخاطر بچه اول هزار تا تاپیک بزنه
دیگه آلان باید بری انومالی عزیزم
اونجا بهت صد در صد میگه
انشالله دختر دار نشی ،چون بدونه چقدر مادرش هر روز تاپیک میزده افسردگی میگیره",False,1,1,1
thread_17990777_starter,"من خودم پسرم
چرا جای پسر و دختر عوض شده؟
چه از لحاظ جسمی چه از لحاظ روحی
قدیم ها پسرها هیکلی بودن ولی الان ریزه میزه و گوگولی
شدن
ولی دخترا نسبت به قبل قد بلند تر شدن
قدیم ها طرف دعا میکرد بچه اش پسر بشه بره کار کنه
الان همه میگن دختر بشه کار کنه
تو شرکت ما همه دخترن
پسرا میان کار میکنن فرار میکنن میرن
من پسر دیدم از سوسک میترسه
ولی دختر دیدم نترسیده
تو باشگاه های بدنسازی و رزمی همه خانومن
نصف راننده ها خانومن",True,2,1,1
355826080,غمت نباشه زود بلند میشه,False,1,1,1
346257194,راستی بیشتر از ۷ روز استفادش نکنی من که ۵ روز استفاده کردم,False,1,1,1
371566235,یکیم اون نمیگه ناز کن عزیزم باید خودت ناز کنی زیادی ن ک نخاد با بی خیالی با اینکه حتی فکرشم نکنی ک اون ازت چیزی نمیخاد الان دوران ویار هستی هر چیزی ک دلت میخاد بگو خودتو نزدیک کن تا خودش دلش بخاد نازتو بکشه هر دفعه هردم پیشش نباش بزار بگردت صدات کنه کجایی ویدیی کوتاه خنده دار میبینی نشونش بده بگو نگاه کن بخند اونم بخنده بگو پشتم درد داره مساژ میدی ولی زیاد نزدیکش نشو بزار دلش واست تنگ شه نگو داری سرد رفتار میکنی یه چند وقت اینجوری رفتار کن ببین چی میشخ,False,1,1,1
thread_17890635_starter,"از وقتی وارد ماه هشتم شدم یک سنگینی در روی مثانه و واژن احساس میکنم انگار یه وزنه بستن بهاون قسمت
چهارزانو که میشینم اصن بعدش نمیتونم بلند بشم از روی زمین
کشاله ران من قفل میکنه و درد میگیره تا بخوام بلند بشم
طبیعیه؟
ممکنه چرخیده باشه سرش به پایین؟
کیا اینطوری بودن
یوقت علائم چیزی نباشه
یه هفته دیگه میرم سونوگرافی الان ۳۵ هفته ام",True,5,6,1
388599899,"اره دقیقا منم کمتر از ۵۰درصد جفت کنده شده بود و هماتوم داشتم تازه مال من هماتوم دو طرفه بود یعنی از دوطرف جفت کنده شده بود
۸هفته تا۱۰هفته هرروز خونریزی داشتم که همون هماتوم بود دفع شد",False,2,2,1
thread_15284751_starter,بچه هفت ماهه منو روی بی احتیاطی ایشون صمدی از دست دادم بعداز هفت سال انتظار دستم خالی شد خیالمو راحت کرد گفت نیاز به سونو گرافی و داروی جدید نداری اما بچم بعد از چند هفته از بین رفت بهش گفتم نگران حال پسرم هستم گفت نگران نباش نمیبخشمش جون خودم و جون پسرم و در خطر انداخت خدا نگذره,True,9,4,9
356411726,"فولیک اسیدو اهن میخورم
تالاسمی مینور هستم
ادم عصبی هستم یه مقدار
و بله دارو ها مو مدت طولانی قطع کنم عصبی میشم",False,4,2,1
412056805,"بشوری خیلی بهتره اما خب همون روزی یبار چون پهلوهاش سرما میخوره
وقتی مجبور بودم حوله رو شوفاژ میزاشتیم گرم بشه ابم ولرم میشستیم زود حوله رم میپیچیدیم",False,1,1,1
346715950,"دستام باد کرده. الانم دراط کشیدم ولی رو واژنم فشار حس میکنم
یعنی ماه درد نیست؟ امروز عجیب غریب شده دردام",False,4,4,1
381596490,منم قدم بلنده . به نظرم مانتو کوتاه به ما نمیاد مانتو بلند شیک تر میشیم,False,1,1,1
413113495,"اره بهتر از بدبخت کردن یه بچه اس
بچه ای که اینده ای نداره، هرچقدر هم که بگی پولداریم و فلان
زمانی که سیستم اموزشی و اقتصاد و.... افتضاحه اون بچه چطوری مستقل شه چطور پیشرفت کنه؟",False,2,2,2
308244450,همش میگفتن چیزی نیست خوب میشه یا اینا مشکلی به وجود نمیاد چه میدونم اینجوری میشه همش تقصیر اونا بود خدا ازتو نگذره,False,7,2,5
thread_14268488_starter,سلام خانما وقتتون بخیر من با هزار سختی باردار شدم الان21هفته هستم تازه استرس سالم بودنش رو پشت سر گذاشتم میخواستم بدونم شما که تجربه دارید چیکار کنم برای نی نی قرآن خواندن تاثیر داره؟چیا بخورم وزن بگیره؟یا اگه چیزی میدونید راهنماییم کنید ممنون میشم,True,5,4,1
334551247,"همون موقع آن تی
اتفاقا یه دکتر گفت سرکلاژ کن کلی هم بهم استرس داد
رفتم پیش دکتر دیگه گفت نه لازم نیست
بعضی دکترا فقط استرس میدن",False,3,2,1
333816248,کاش بیاد از خدامه خیلی خودخواه اصلا منو درک نمیکنه  همیشه بین مون مشکلی بود به مادر شوهرم کوچولو چیزی میگفتم میگفت میشه طلاق بگیری میشه نخوری میشه نپوشی خسته شدم تا کی باید عذاب بکشم,False,8,5,8
370926246,"اونقدرا نسبت به کره ای ها اعتماد دارین که اونام تا میخوان یکیو بدست بیارن میان سمت ایرانی ها
بابا بخدا من واسه خودم نمیگم واسه خودتون میگم
طرف خیر سرش از طریق پسره رفته کره اقامت بگیره و ازدواج کنه و به دنبال علاقه اش بره سمت مدلینگ
بابت وارد شدن به صنعت مدلینگ تن به تجاوز هزار کمپانی داده
برای اقامت همخواب و همخونه همون پسر شده و اونم نصف شب دختره رو بدون وسیله هاش از خونه میندازه بیرون و دِ برو که رفتیم
مگه دلشون واسه ماها میسوزه که میخوان به ما خوبی کنن؟",False,1,1,1
391511277,به دکترت نشون دادی جوابو؟,False,1,2,1
345234251,"دوست بابام اومده خونمون میگه ماشالله پسرتون چقدر بزرگ شده…چند سالشه؟
بابامم میگه نمیدونم خیلی وقته داریمش !!
منو میگفـت😢
میفهمـی؟؟؟!
خیلی وقته دارنم😐
ادم تو زندگیش…
همه چی رو راحت از دست میده
جز چربی دور شکم…
خاک بر سر خیلی وفاداره😂😂
دوران راهنمايي يه معلم داشتيم ميگفت
كسي كه مشروب بنوشه موجب قهر خدا در  اين دنيا و آن دنيا میشود
ديروز تو عروسي ديدمش
بدون مزه داشت مشروب ميخورد
فك كنم با خدا كات كرده كلا
پیدا کردن فرند همستر از پیدا کردن ضامن بانک سخت تر شده
مردی پس از طلاق گرفتن از
همسر خود با او تماس گرفت !
و گفت : خانم ببخشید اشتباه کردم
لطفا مرا ببخش و به خانه برگرد !
زن در جواب گفت :
آیا در کنارت یک لیوان داری ؟
مرد گفت: بله دارم !
زن گفت : اکنون آن را محکم بر زمین بکوب
مرد چنان کرد که زن گفته بود
سپس زن گفت : حالا که دیدی آن لیوان
شکسته و هزار تکه شده ، آیا میتوانی
تکه هایش را جمع کنی و دوباره بسازی ؟!
مرد در پاسخ گفت: نه  نشكسته !
آخه ليوان استیل بود !
و زن پاسخ داد :
عالی بود پس عصر بیا دنبالم 😂😂😂
یادش بخیر من یه بار دوم راهنمایی کاندید شورای دانش آموزی شدم بیشتر از پورمحمدی رای آوردم
انقدر بدم‌میاد تا بیتربیتی میکنم خانوادم‌میگن ما اینارو یادت دادیم؟
نخیر، همشو با تلاش و زحمت خودم یاد گرفتم
نگو کسخل
بگو ناحیه شرمگاهی شما رفتار پریشان‌گونه‌ای دارد
بدبخت ترین مؤمن کسی است که:
هنگام ورود به بهشت ببیند زنش هم آنجاست!
ینی حوری بازی تعطیل😂",False,1,1,1
372315285,صبح دکترم بودم آخه سزارین بوده زایمان اولم مگه میشه دردم بگیره تا ۳۸هفته؟,False,2,3,1
300400566,"عزیزم فقط سعی کن بهش فکر نکنی و استرس نداشته باشی
هر چقدر بیخیال تر باشی بهتر نتیجه میگیری",False,1,1,1
thread_17549852_starter,خیلی بیحالم خیلی شدید فشارم پایینه هر چی میخورم سر دلم میمونه بالا میارم از بچه بیزار شدم😭😭😭😭😭😭😭😭😭😭😭😭😭😭😭😭😭,True,8,3,8
thread_16157985_starter,من باردارم tsh ام نرمال بود حالا خواستم قند چک کنم تو هفته 3۴بارداری قند چهارمرحله ای چک کردم . گفتم دکتر tshهم بنویسه الان عددش بالاست مگه میشه شده 5.5 . خیلی استرس دارم حالم بده امروز هم جمعه .دیروز آزمایش دادم جواب اورژانسی گرفتم عصر جواب اومد اصلا از خواب و خوراک افتادم . سی روز دیگه زایمانمه,True,9,10,6
311820651,"شما بارداری ؟‌
کمبود وزن داری؟
پودر لیدی میل بخور",False,1,1,1
408880981,ویارم از شش هفته شروع شد سوزش معده شدید بالا آوردن زیاد از بوی شوهرم بدم نیومد و حالم بهم میخورد و زمانیکه انقد بالا میاوردم از شدت تشنگی نمیتونستم آب بخورم اونوقت میرفتم سرم میزدم هفته ای یک بار سرم,False,3,2,1
thread_12626461_ماه_تاریک_1402/09/24 20:13,چقدر سخته ولی بهش فرصت حرف زدن بدین که دلایلشو بگه,False,1,1,1
thread_18141943_starter,به خاطر مادرشوهرم که بهش احترام نمیزارم شوهرم وقتی مجرد بود دختر داییش دوس داشت اما اون ازدواج کرد و این افسرده شد بعد مادرشوهرم منو دید تو خیابون مات چهره خوشگلم شد و انقد اصرار کرد من قبول کردم وقتی فهمیدم شوهرم دختر داییش دوس داشته شروع کردم لج کردن و بی احترامی به کل خانوادش اونم میخواد طلاقم بده وای من  خیلی غرور دارم و خوشگلم بهتر که طلاقم میده بذار دخترای فامیل حسودیمو کنند چون دخترای حسود فامیل فکر میکنند اکه من طلاق بگیرم خاطر خواهان زیادی برای ازدواج بعدیم پیدا خواهد شد🥰,True,4,2,2
379885212,آره عزیزم الان پسرم ۴ ماهشه ۳۶ هفته بدنیا اومد اورژانسی سزارین شدم اصلا شیر نداشتم وضعیتم جسمانی افتضاح بود پودر شیر افزا خوردم شیرم باز شد همه بهم میگفتن شیرخشک بده ولی تسلیم نشدم با اینکه تنها بودم و کمکی نداشتم پسرم با وزن کم بود طوری یک ماهی از وزن تولدش ۶۰۰ گرم هم کمتر شده بود ولی الان طوری اضاف کرده ماشالله دکتر گفت مگه در کنار شیرت شیر خشک میدی گفتم نه اصلا شیر خشک ندادم گفت عالی اضافه کرده,False,5,2,2
397891511,ژنتیکه ربطی به واکسن و ویتامین نداره ولی خب هوای الوده و خوراک شیمیایی و اعصاب خراب و استرس و..تاثیر داره دیگه روی ژنها,False,1,1,1
366364278,بزار روزش که برسه زار زار تو مراسم عقدت گریه میکنه مادر منم بود,False,1,1,1
410281046,"هزینه تخمک کشی جداس حدودا ۲۳ ملیون
انتقال حدودای۱۵ ملیون
دارو ها جدا و ویزیت و آزمایش و سونوگرافی ها هم که جدا",False,1,1,1
404332023,"سلام عزیزم چرا میخای پساری بذاری؟طول سرویکس چند بودمگه؟؟
دکترمن میگفت اصلاااااا هیچ دردی نداره،یک دقیقه هم طول میکشه فقط",False,1,1,1
thread_15111010_starter,"خانما من یک هفته دیگه وارد ماه ۹ میشم
حس میکنم از زمانی باردار شدم همسرم از احاظ جنسی بهم سردتر شده
قبل از بارداری یک شب در میون نزدیکی لثد ، اما الان دو هفته ای یکبار ، ده روزی یکبار اونم شاید …😔
من خب توی دوران بارداری میل جنسیم بیشتر شده
میاد توی تخت دو دقیقه نشده خواب میره
علتش چیه
کسی تجربه داره؟؟
چکار کنم
ایا درست میشه نمیشه!!",True,6,6,4
383065239,"خانمها بنظرم لیلا حاتمی والناز شاکردوست
اقایون هم زیادن مثلا یکیش شهاب حسینی همین اقای اصلانی،",False,1,1,1
thread_8081945_mj1371_1400/11/14 21:57,تو رو خدا واسه منم بخواه,False,1,2,1
332206682,والله خانواده برا دکور نیست هان برا حمایت تو روزهای سخته هی میان میگن تاوان بارداری تو. را کی قراره بده مادری که عاطفه نداره مسولیت حالیش نیست بچه پس، می‌اندازه وولش میکنه تو خیابون زورش، میاد ازبچه اش حمایت کنه وقتی میبینه خودخواه نمیتونه به بچه عشق بده بیجا میکنه بچه دار میشه جلو گیری میکنه هزاربار با مادر بیرحمم گفتم دختر دوست نداشتی منو زنده به گور کرده بودی بهتر بود تا به این زندگی لجن محکوم بشم بخدا مادر دخترا را می‌بینم با هم خوبن مثل بچه ها اشکم درمیاد مادر اونقد بی عاطفه که بخاطز مال دنیا بچه اش دربه در شه عذاب بکشه خوار خفیف شه آخه اونایی که عاطفه مادری ندارن خواهشا بچه دار نشین که فردا نتونی بخاطر بچه ات از دوتا تیکه النگو بگذری غریبه ها برا آدم هزار کار میکنن مادر آدم زورش، میاد بچه نیارین وقتی قلب نداری کی میگه بچه دار شی وقتی فداکاری نداری برا بچه ات من هرروز مادرم را نفرین میکنم حلالش نمیکنم که منو به این حال روز انداحت یه ریال ارث بم نداد همه را داد پسر افعی اش خودش هم به فلاکت افتاد,False,9,5,10
thread_8506003_توسکا95_1401/01/30 02:06,"اوایل باراریم مصادف بود با مرگ مادرش همش دور و بر خونوادش بود یا شهر دور
دائمنم میگفت برو بچه رو بنداز نمیخامش
الان همش فکر میکنم از گلوی من و بچم  در میاره میخاد بزارهتوی حلق خانوادش
اصلا دلم باهاش صاف نمیشه
دائمن فکر میکنم به کارهاش
از درون غمگینم و میترسم بچم چیزیش شه",False,8,8,8
268352156,منم ۱۲هفته و ۵روزم بود رفتم ان تی گفتن احتمال ۹۰ درصد دختره بنظرتون ممکنه برامنو اشتباه گفته باشه و پسر باشه اخه حسم میگ پسره حالمو ویارمم بادخترم کلا فرق میکنه,False,1,3,1
366106309,"ببین من هفته ۵ ساک حاملگی رو ندید نترس
خارج رحمی دردش مثل درد عود کردن آپاندیس وحشتناکه",False,1,1,1
392737375,نه هنوز گفتم اگر این ماه نگرفت میرم,False,1,1,1
thread_14860585_starter,بیدار شدم لباس زیرم خیس خالی بود حالا نمیدونم چیکار کنم😭,True,7,8,3
409868178,الان حامله ای و همچین افکاری نسبت به خودت داری 🤦🏻♀️🤦🏻♀️🤦🏻♀️,False,1,1,1
313544736,"بله دقیقا ی ادم بی سواد
چهار ماه رفته دوره دیده
دو تا کتاب ایا خونده .
داره پول میگره این کارو میکنه
اون که شما میگین پروانه طبابت داره
حالا هر کجا
میتونه از علم و دانشش استفاه کنه",False,1,1,1
411965819,هیشکی نمیفهمه ما چی میگیم هیشکی هیشکی بجز کسی که داغ مادر دیده مامانی امروز بلند صدات زدم زار زدم تو که طاقت یک قطره اشکمو نداشتی کجاییییی😭😭😭😭😭,False,8,4,10
299804894,عزیزم هر کسی نظری داره ولی مهم اینه تو ابراز نظر غرض ورزی و بی احترامی نشه ،هر کی شان خودشو میرسونه من البته صحبتای ایشونو ندیدم ولی توصیه به صبر میکنم،خب یکی دلش میخواد بگه چه اشکالی داره ولی مسول نگفتن مردم نیست دیگه،به نظرم هیچعروسی نیست که نخواد خونواده شوهرش بارداریشو ندونن مگه اینکه بدونه دونستن ندونستنشون فرقی نمیکنه یا اینکه بدونه ممکنه اذیتش کنن وگرنه همه میگن,False,1,1,1
353835047,"اره دقیقا تایم بارداریم درسته یکم سخت بود ولی یهترین روزای زندگیم بود🥺
منم.حس میکنم یه خواب شیرین بوده ک زود تموم شده🥺🖤",False,2,1,4
343583522,"میدونم
خیلی وقته که میدونم💔
بنظر شما یه مرد چرا باید از یه طرف حمایتهای خانمشو داشته باشه وزندگیش از این رو به اون روبشه وراضی
از طرف دیگه اینجور عذابش بده سر درس وپیشرفتش؟؟",False,6,3,5
thread_8549554_starter,"گفتم که شوهرم ۴ ماهه اعتیاد داره به حشیش
گفتم نمیاد کلینیک گفت ما یه ماده ای میدیم میریزی تو آبمیوش بعد حالت گیجی پیدا میکنه بعد مثلا زنگ میزنی آمبولانس میان میبرنش
من نمیدونم چکارکنم باید واسه این کار به برادرش خبر بدم گفتن باید باشه
خودش میخواد ترک کنه اما وقت خواسته تازه هیچ وقتم کمپ نمیاد که کسی نفهمه خودش تو خونه میخواد ترک کنه که نمیشه اما این ماده مغزشو داغون میکنه باید الان اقدام کنه
نمیدونم چه غلطی کنم 😔😔😔",True,8,7,4
412532227,"آها
چندی مگه ،مردا قد کوتاه دوست دارن که..",False,1,1,1
380865388,نه عدد ها آزمایش آن تی,False,1,1,1
thread_17928472_starter,"از استرس دیگ نمیتونم بمونم🫠🫠🫠🫠🫠🫠
سه تا جنین انتقال دادن
برام دعا کنید پنجشنبه میرم آزمایش🥺
خیلی اذیت شدم خیلی سخت بود
از بس آمپول زدن دیگ کل بدنم درد میکنه 🥴
یا مهدی🥺❤️🤚",True,9,8,3
thread_14967261_starter,"دوستان علائماتونو میشه بگین میشه خواهش کنم کمکم کنین
من روزه موعد یکم احساس بی حالی میکردم و زیر دلم خیلی خیلی نامحسوس تیر میکشید
این روند تا یه هفته ادامه داشت
بعضی وقتا یهو شدید می‌گرفت ولی در کل اونقدر درگیرش نبودم
سینه دردم بعده یه هفته شروع شد اونم در صورتی که خودم دست بزنم این شکلی نیست که خودش دردش بیاد درد زیر دلم که تقریبا به کل ازبین رفت و فقط روزی دوبار اینا احساس گرفتگی میکنم نامحسوس
بیرون روی زیادی دارم چن روزه
گذاشتم پایه اون همه گرمیجاتی که خوردم
۵ روز بعد موعد آزمایش بتا منفی شد
بیبی چک دیشب هاله انداخت
الان طاقت نیاوردم و با وجود اینکه کلا ۱۰ دیقه از سرویس رفتن می‌گذشت بیبی چک گذاشتم و منفی بود
من الان چه کنم
با این تفاسیر باردارم
به خدا حس میکنم باردارم و زمین و زمان دست ب دست هم میده که من انقد دیر بفهمم که نشه کاری کرد دارم دیوونه میشم",True,9,10,3
281067740,نه دیگه وقتی درد نداره کاریش نداشته باش,False,1,1,1
398059330,"خدا لعنتش کنه
کاش همون جا دیگه رو میرفتم .
مرده انقدر خوب بود برا بخاطر  تایم کاریش نرفتم .
قشنگ سر به زیر بود.
متاهلم بود",False,4,1,3
396708197,"خب بنطرم لازم نبود
ی تشک درست کردم و بالش ی پتو خریدم رو اون میخوابوندم
مخصوصا ک کولیک داشت باید تکون میدادم رو پا تا بخوابه",False,1,1,1
413070547,"از گذاشتن کامنت بی معنی چه سودی میبرید؟
واقعا آدم اذیت میشه
سوالش چیه جواب شما چی؟!!!
ایا میتونی الان تخمک و اسپرم بچشو جدا کنه بذاره سرجاش؟؟؟؟",False,5,1,2
365139241,"من نتونستم کنار بیام و جام رو جدا کردم
چون من اینجوری ام که شب رو خوب نخوابم فرداش عصبی و پرخاشگرم دیدم واقعا نمیتونم با خروپفش کنار بیام و نه شب خواب خوبی دارم نه روز انرژی خوبی دارم",False,6,2,2
360065484,منم باحجابم ولی اصلا رنگ تیره نمیپوشم,False,1,1,1
411930558,۷ازفردا شب..ینی ببین بااختلاف بهترین سریال طنزه🤣🤣,False,1,1,1
thread_15780665_starter,"یکساعتیه اونقدری شدید درد داره و تیر میکشه که محکم نفس بکشم یا سرمو تکون بدم از دردش نفسم بند میاد
درد زایمان که نیست چیکار کنم خوب بشه
قرص هیوسین و نبات داغ خوردم خوب نشد چیکار کنم",True,5,4,1
386059026,نکن بی نهایت پشیمون میشی و عذاب وجدان افسرده ات میکنه,False,1,1,1
thread_9772735_هیمالیااا_1401/09/07 22:47,چرا به خودت استرس میدی اینکه تجریه یه نفر بد بوده قرار نیست همه اینطورباشن فقط به خداتوکل کن برامنکه هیچکدوم ازاین مشکلا پیش نیومد,False,1,1,1
thread_9428877_مرسده2mersedeh_1401/07/07 17:38,منم باردارم شانسن اروم اروم بودا عصبی شده خیلی😞,False,4,2,2
407970553,درخواست دوستی زدم عزیزم,False,1,1,1
382804280,🥲اره.میدونی ی مدت بود خوب میشدم اما من کلا بهار تابستون بهم میریزم.الان دوبار لک میبینم.😭نمیدونم مشکل دارم یا حاملم.وای خیلی استرس دارم.یعنی منکنه ادم حامله باشه همچین دردایی داشته باشه اخه؟,False,8,8,3
404728943,"من  از ۸ هفته  یهو تهوع شدید  گرفتم   در حد مرگ  رسیدم     اولین  علامت حاملگی منم  این  بود نصف شب  از خواب بیدار شدم به سوهرم  گفتم پاشو من گشنمه   حالم  بده  گفت وا چته گفتم  نمیدونم  دلم کیک  میخواد اصلا نمیدونستم حامله ام      پاشدم  ۳ نصف شب  گیک  خوردم    سیر شدم   گفتم اخبش  خوابیدم
هفته  بعدش  فهمیدم  حامله ام     تااا۸ هفته   که  یهو تهوع گرفتم  که دکترم  گفت  قلبش  تسکیل  شده",False,1,1,1
thread_13492127_starter,"سلام
من هفته ی سی و پنجمم
تا یکی دو هفته پیش زیر دنده راستم وحشتناک درد میکرد ک اصلا نمی‌تونستم بشینم یا بخوابم الان اون درد خوب شده ولی درد معده اضافه شده بیشتر هم سمت چپ درد می‌کنه زیر دنده یا پایین تر هر طور بخوابم درد می‌کنه
دردش وحشتناک
شکمم سفت میشه و بچه ک جمع میشه این درد خیلی بدتر میشه
دیگه خسته شدم
کسی تجربه ای داره ؟",True,6,4,3
413960778,"عجب دوست احمقی داری
ملت سر دو ریال با شوهراشون تا طلاق پیش میرن
اونوقت این ۲۰ میلیون داده ب کسی ک هیچ قید و تعهدی بهش ندارع؟؟؟",False,1,1,1
413412423,"استرس چی؟ همه طرف توییم اینجا هر چیزی شد بیا بنویس .
الانم کامل حق باتوعه . اگه همینا درست باشن",False,1,1,1
405283162,آره بابا ، منم اینطور بودم ... هر دردی جز خونریزی طبیعیه نگران نباش,False,1,1,1
thread_9396920_feriii75_1401/06/23 22:29,عزیزم دقیقا یک ماه پیش بود یه ست دسبند وانگشتر گرفتم ۱۸۰ بالا تابلو برداشته شده خیلیا هنوز حساب میکنن,False,1,1,1
thread_13234836_starter,"بچه ها تروخدا اگه کسی میدونه بگه من ۸ روز میشه سقط کردم رفتم سونو فهمیدم بقایا دارم ۳۴ در ۱۹ میلی متر
دکتر بهم قرص متیل داده هنوز ازم خون میاد ولی لخته نیست یه دکتر ماما گف بعد قرصا برو سونو یعنی یه هفته دیگه
دکتر متخصص گف صبر کن بعد پریود بعدی برو نمیدونم چیکار کنم",True,8,7,2
383791500,"چ پلی؟؟؟
من قشمم",False,1,1,1
407431450,شما همونی بودی که درد شدید داشتی اره؟ چیکار کردی رفتی سونوگرافی؟,False,1,1,1
413009704,اره بخدا من اونقدر حالم بد شد که حاضر بودم اون لحظه بمیرم,False,7,2,1
413964199,"اجازه میدید تو مسائل کوچک و بزرگ نظر بدن براتون؟
در مورد اینکه جقد باید خرج کنید برای مادر شوهر پدر شوهر و ..
یا مثلا یکی دو تا تاپیک قبلم؟",False,1,1,1
thread_6319625_یاسم_1400/02/01 13:07,عزیزم کروناس . والا به خدا منم همین بودم باردارم تب و لرز و بدن درد و اینا داشتم بعد میگفتم کروناست مامانم میگفت به خاطر استرسته نزدیک زایمانته از اعصابته شوهر میگف چون ۵ذا نمیخوری اصلا یه وضعی حالا هم که خوب شدم بازم میگن کرونا نبوده مامانم مسخرم میکنه میگه ما منتظریم هر علائمی داریم کرونا نباشه خدا رو شکر کنیم تو همش میگیری کرونا داشتی. و بعد جالبه تا دم مرگ رفتما,False,2,1,1
271056089,انشاالله که چیزی نیست منم درد داشتم ولی دکترم گفت طبیعیه این درد ها,False,1,1,1
332301721,غصه ای که میخورم یه طرف احساس حقارت یه طرف,False,6,2,8
331667811,ازچهره اش مشخص بود ناراحته ولی به روی من نیاورد ولی من دیشب تاصبح همش گریه کردم نزد خدا ازبس گریه کرده بودم چشمام ورم کرده بود ازصبح هم سردرد عجیبی گرفتم بیشتر شوکه شدم وگرنه جنسیت برام مهم نبوده هیچ وقت چون تواین ۵ماه همش فکرمیکردم پسره هم خیلی تحت تاثیر حرف های شوهرم قرارگرفته بودم چقداکثرا شب ها خواب می دیدم ولی ازدیشب دیگه دغدغه ندارم حالم بهترشده,False,7,4,7
389742426,"خودت رو عذاب نده.
هرچی قایم کنی بدتره و استرس بیشتری به خودت و بچه میدی.
ربلکس کن و کسی ام پرسید،  بگو بهش.
هیچ ایرادی نداره.",False,1,1,1
thread_10393495_starter,"دوست دارم ببوسه منو بغل کنه
وقتایی ک بیرونم یا اون بیرونه پیگیرم باشه
ولی انگار به یه ورشم نیستم
خدایی چیز زیادیه ازش میخوام؟؟",True,5,2,6
349580035,"[QUOTE=34957م9335]خب نتیجش چی شد بچتون سالمه؟[/QUOTE]
ببینید عزیزم من ان تی عددش ۱ بود
غربالگری اول ریسک بسیار پایین یک به ۱۰۰هزار
با اینکه دکتر گفت میتونی غربالگری دوم رو ندی اما انجام دادم سندروم slos ریسکم شده بود ۱ به ۱۰ یعنی یک چیز وحشتناک از همه مهم تر سونو آنومالی هست که اون رو دکتر گفت خوبه. بعدش آمنیوسنتز شدم که گفتن مشکلی نیست. ولی من از ترس حتی میخواستم توی ۲۰ هفته غیرقانونی سقط کنم اما نشد و تا پایان بارداری زندگیم جهنم بود. الان پسرم یک سال و نیمش هست و خدا رو شکر سالم و فوق العاده باهوشه.
اما با این که ۹۹ درصد پزشکها و آزمایشات چرت میگن ولی روی اون یک درصد نمیشه ریسک کرد و برای آنومالی یه جای خیلی خیلی دقیق برن",False,9,10,7
404054515,منم این اتفاق برام افتاد اونم نه یک بار 2بار ، بدترین چیز استرس هست ، اگه استرست زیاد باشه خیلی بده ، همون روند طبیعی خودتو طی کن و اینقدر تو سایت ها در مورد این موضوع نچرخ و استرس به خودت راه نده ، بزار هفته ششم برو سونو بده,False,2,2,2
thread_15334904_starter,"۲۶ هفته ام
صدا قلبش شنیدن ولی همچنان نی نی تکون نمیخوره
چرا؟
پرستارام چه بداخلاقن اونجا
دکترم گفت اکه یه روز تکون نخورد مراجعه کن
بعد من رفتم میگن عه حالا یادت افتاده
چرا اینجوری میکنن
من حرف کیو گوش‌کنم",True,8,8,2
413942989,"چقدر خوب خیالم راحت کردین
ببخشید چی میپرسین تو مصاحبه؟تجربتون رو میگین؟خیلی استرس دارم",False,7,7,1
407769945,"همسرم ک سرکاره
نی نی هم پرستار داره
سوال بعدی",False,1,1,1
thread_9993961_starter,اولین بتام چهارروز مونده له پریودی دومین بتام دوروز مونده به پریودی,True,1,1,1
thread_14279309_starter,"سقط کردم با شیاف 3تا داخل واژن گزاشتم
الان هی پشت سرهم تیکه های بزرگ لخته خون میاد
از درد انگار رحمم داره میاد بیرون خوب میشه قطع میشه؟",True,8,8,2
405738060,آره هست تو خود مراکز ناباروری قرارداد میبندن,False,1,1,1
379750052,اوایل همینه طاق بازم دیگه نخواب اکسیژن کم میاره,False,1,1,1
412908591,"تاج و تخت ک نمیشه بدون وارث بدونه.
یکی دو تا پسر لازمه خب!😅",False,1,1,1
353563808,تورو‌خدا التماس میکنم کمکم کنید 😭😭😭😭😭,False,8,7,6
263317456,ببین تو رنج ازمایش شما باید ۲۵ تا ۵۰ باشه ، پس مصرف کنید علاوه بر اون تو آفتاب هم باید بشینید. تا فرصتی مصرف کرده جذب بشن ، نگران نباش، حل میشه به زودی...,False,1,1,1
369939985,انگار خواهرم استرس داشته و اظطراب بعد مرگ پدرم زیاد روحیه خوبی نداشت خیلی بهش گفتم فعلا حامله نشه ولی گوش نداد,False,1,1,1
413935467,"مبارک باشه، عزیزم خوشگلی زحمت داره و همه این ها طبیعیه. منم شرایط شما رو داشتم، یک هفته بعد از عمل رفتم آتل رو برداشتن و بخیه ها رو کشیدن و اکثر بخیه ها جذبی هست و کشیدینی نیست پس نگران نباش، اصلا درد نداشت و من قلقلکم شد. تا اتل رو بردارن از دهن نفس بکش و مدام لب هات رو چرب کن یا آب بخور، من بخور سرد بالای سرم گذاشته بودم  . بعد از یک هفته از بینی میتونی نفس بکشی، من  ورم داشتم و شرایطم سختتر بود. اما همینکه به نتیجه فکر مبکردم میگفتم ارزشش رو داره.
تو غذا نمک نزن اصلا غذای جویدنی تا یک هفته نخور و سوپ رو میکس کن بخور یاغذاهای خیییلی نرم.
این ها خاطرم بود",False,2,1,1
401848171,"نگران نباش تمام کارها خودت میتونی انجام بدی .به ۳۸هفته سز شدم .من درد کمر از اول بارداریم داشتم و بعد سرکلاژ درد لگن داشتم که با داروها خوب میشد کارام میکردم. سرکلاژ کلا استراحت مطلقه باید احتیاط کرد ولی من کارا خونه تمام خودم میکردم و همسرمم کمک حالم بدد
نزدیکی ممموعه. عفونت نداشتم",False,2,1,1
thread_14644222_starter,"نگین عکس بذار که نمیذارم😥
فقط خواستم اطلاع رسانی کنم که چتری به هر کسی نمیاد 😭",True,2,1,2
332234409,خب الان کاربرا بهت بگن جدا شو قطعا می خوای بگی شرایطش رو ندارم پس آستانه تحملت رو برای کتک خوردن ببر بالا,False,1,1,1
413359733,"بستگی داره به شرایطم گاهی ۲ ماهی یبار گاهی ماهی ۱
ولی در کل سخت نگیر بخودت
وقتی میان راحت باش و عادی تدارکات نبین زیاد مهم دیدار و احوالپرسی",False,1,1,1
409758059,"بله عزیزم بچه اولمه...دختره...داداشم دوسال ازم بزرگتره میگن وقتی بدنیا اومده ۱۸۰۰ بوده خیلی ریز بوده
اما نمیدونم ژنتیکیه یا نه ...امیدوارم خوب بشه رشدش😔😔",False,5,6,3
382266138,باید چکار کنم,False,3,3,1
394465545,چقد مث منی :) منم ماه پیش سقط کردم تو نه هفته برای بقایا تخم هویجو با تخم شوید مخلوط کردم دم کرده شو خوردم بعدش خیلی دفع داشتم احتمالا بقایا داری سونو رفتی؟,False,3,1,2
358580751,دیگه برای چی بری؟؟ تموم شده دیگه بعد پودره ک آزمایش دادی,False,1,1,1
404840072,اره االبته هوا سرد شده بیشتز شده من دخترم مدرسه اس. صبح ییدار میشم راهی کنم بد خواب میشم برا همین کل عصر خوابم,False,2,1,1
381234761,عزیز دلم اولا اینکه بگم تو وقتی همچین شوهرو خانواده شوهری داری بچه میخوای چکار این وسط چرا پای ی بچه بیگناه و باز میکنید تو همچین زندگی 😔دوما تنها راه حلت اینکه که ی مدتی بری خونه مامانت تا ی بلایی سر خودتو بچه نیاوردن .چند ماهه بارداری ؟,False,1,1,1
334436854,"عزیزم استراحت کن پاهاتون بده بالا
اصلا زیاد نشین و سرپا نمون
بیشتر بخواب مایعات بخور
پناه برخدا عزیزم،ولی نگران نباش ماشالله زودم قلبش تشکیل شده خیلی زود رفتی سونوی قلب",False,1,1,1
362084037,باید دقیق دو ساعت بعد از آخرین لقمه خوردی قندت بگیری,False,1,1,1
380450039,عزیزم همسرش نیست که,False,1,1,1
278215477,اگه هاله افتاده بارداری,False,1,1,1
349763399,باردارشدم چاق شدم,False,1,1,1
323838614,میشه یکم بیشتر توضیح بدی,False,1,1,1
407451816,"ttps://t.me/proxy?server=87.229.100.18&port=443&secret=EEABAzJJlbB8AwOG6Ibn8QRueWVrdGFuZXQuY
H بزار اولش",False,1,1,1
thread_18140622_starter,"ستون فقرات کمری نوشته دکتر ولی من بهش گفته بودم گردنم هم درد میکنه....
ستون فقرات گردنی و سینه ای رو هم باید مینوشت؟😑😬",True,3,3,1
thread_15450422_starter,"چرا انقدر دارم وزن میگیرم😭۲۳هفته ام😫
زیاد نشون نمیده فقط شکمم اومده جلو ولی اگ اینجوری پیش برم ک صد کیلو میشم😭
خیلی اشتها دارم همش دارم میخورم چیکار کنم بنظرتون!؟؟؟",True,6,6,3
thread_14408505__stella__1403/06/11 11:45,"سلام منم اوایل بارداریم افسردگی و وسواس فکری گرفتم رفتم مشاوره و خیلی از خدا خواستم کمکم کنه و خداروشکر حالم خوب شد این افکار به خاطر بهم ریختگی هورمون هاس اصلا واقعیت نداره، هورمون هات به تعادل برسه از همون وقتی که تو شکمته دیوونش میشی
فقط از الان بری مشاوره خیلی بهتره چون ممکنه ادامه دار بشه و خدایی نکرده افسردگی بعد زایمان بگیری",False,4,5,6
408503116,سلام اگر قابل تحمله و درد حد درد پریودی کاملا طبیعیه نگران نباش,False,1,1,1
413949119,الان چیکارش کنم..نمیتونم و بریزم بیرون موادو,False,3,3,1
377235683,"خودتو یه جور دیگه بشناسون تا طور دیگه بشناسنت.. خودت ناراحت نمیشی کسی اینطوری خطابت کنه? عه تو همونی که عموت بهت تجاوز کرد؟
بگو‌همونم که خواهر‌معلول دارم و با مادر بزرگم زندگی می‌کردم..",False,2,1,2
413936749,"پرسیدن داره
شوخی میکنی دیگه؟",False,1,1,1
343902964,"🥺🥺🥺🥺 بخدا همکارش چقد ازم تعریف کرد به مامانم گفت ببین اصلا غوصه نخور بیین چقد دختر خوشگلی نازی داری  همینکه دخترتو داری خوشحال باشه خیلی ازم تعریف کردم
وای من بمردم بمردمم چرا چیزی نگفتم بهش چرا سوال نکردم ازش چرا خدا منو گاو کن چرا سر بحثو باز نکردم باهاش",False,7,5,5
thread_8489984_nafasrad97_1401/01/27 11:25,"استرس افسردگی دارم
اماحتاوقتایی ک کم میشه هم همینجوریم
64
قهوه چای کلانوشیدنی های گرم نمیخورم گاهی اوقات دم نوش زیره وگل محمدی",False,7,3,7
thread_13682518_starter,یه ساعته سرم داره میترکه از درد قرص نداریم ک بخورم چکار کنم دردش بیفته گیج و سر دردم چکار کنم خوب شم به جز خوابیدن یه چیز دیکه بگین,True,5,4,1
358822961,"😣😂😂😂من‌بدبختیم‌اینه با ی دور یاد نمیگیرم‌اصلااا حتی با دو دور هم یاد نمیگیرم باید حتما حتما سه دور‌بخومم اگ۳دور‌بخونم‌قطعا۲۰میشم
الانم‌میگم‌هی امروز‌بخونم فردام‌بخونم ک‌شنبه‌هم‌بخونم ولی😣😣😣",False,5,4,2
384237780,"خیلی متاسفم بابت این اتفاق
ولی اینو بدون من با وجود اینکه کل بارداریم رو یا استراحت مطلق بودم یا نسبی و حتی تو بارداریم داروهای انعقادی مصرف میکردم ولی جفتم تو ۳۴ هفته جدا شد ولی هیچ خونریزی و درد اینا نداشتم و کاملا اتفاقی رفته بودم نوار قلب بگیرم که از رو اون متوجه شدن که ضربان قلب جنین بالاست و بردن اتاق عمل و گفتن دکولمان جفت شده بودی و خواست خدا بود که بچم بمونه برام
منم قبلش دو تا سقط و یه مرده زایی تو هفت ماهگی داشتم و به این باور رسیدم که همه چی دست خداست و هر اتفاقی یه حکمتی داره و خدا بخواد میمونه و نخوادم نمیمونه
اینا رو گفتم که اصلا خودتو ناراحت نکنی که چرا بیشتر استراحت نکردی ، خدا میخواست قطعا بچه میموند",False,4,2,4
308391978,🥲🥲🥲صدتا صلوات نذر میکنم بخیه نخورم,False,4,5,1
343541130,"نه معمولا اگر خفیف باشه چیز مهمی نیست
اگر درد شدید کمر یا زیر دل نداری و لکه بینی خفیف بود و ادامه دار نشد نیاز نیست کاری انجام بدی و فقط استراحت کن",False,1,1,1
398213205,"بمونه لعابی میشه
جامیفته",False,1,1,1
413720392,"چون مثل قبل فکر نمیکنن حتی اگر زیر کتکهای شوهر دست و پاشونم شکست اشکال نداره فقط آبرومون حفظ بشه
میبینن تفاهم ندارن عمرشونو پای هم حروم نمیکنن
فقط کاش به سرعت و هیجانی تصمیم به ازدواج نگیرن
کمی فرصت شناخت به خودشون بدن",False,1,1,1
404143871,"۵ روز انتقال داشتی؟؟
خیلی زود برا علامت   ولی دلدرد شاید بخاطر لانه گزینی خوب باشه
استرس نداشته باش سعی کن موزیک شاد گوش بدی. روحیه بالا خیلی تاثیر داره",False,1,1,1
385639206,شما با دوست شوهر سابقتون که ارتباطی نداشتید زمان متأهلی؟,False,1,1,1
373970697,"نگران نباش.استراحت کن.مقوی بخور.شیاف بزار.از استرس دوری کن
من خونریزی داشتم با شیاف و استراحت رد داد",False,1,1,1
thread_16747183_starter,از اول بارداری تا آخرش استرس اظطراب دعوا و ناراحتی داشتم زیاااد گریه کردم این ماه آخرم کلن همش گریه زاری بنابه دلایلی حالا میگم چی بر سر بچم میاد کسی بود مثل من باشه میترسم بچم قلبش یه چیزی بشه امروز انقدر استرس کشیدم دستام میلرزید تو رو خدا یه چیزی بگین بهم,True,10,10,7
324259140,بی بی چک نشون نمیده حتما آزمایش بده اگ پریودیای منظم داری من خودم بی بی چک نشون نداد آزمایش دادم البته اگ بقیه علائمارو‌داری,False,1,1,1
408590151,دکترم واسه اضطراب و استرس داده یعنی اشتباه داده .آسنترا باعث وزوز گوشم شده بود عوض کرد این و داد .الان با دوروز مصرف حالم خیلی خرابه دارم دیوونه میشم بی قراری و بی حالی و فشار پایین,False,8,9,3
thread_10929344_مامان_زهرا2_1402/02/04 15:03,"سلام منم تو هشتم این احساسات طبیعیه الان غمگینی یهو فردا بهتری من پنجاه و سه روز به زایمان دارم برای خودم برنامه ریختم هر روز یکجور تا زمان بگذره البته من دوتا بچه دارم که کلی از زمانم برای اونجاست.
ولی سر بچه اول هم تنهای تنها بودم تو مملکت غریب.",False,3,3,4
390447073,"بخاطر همین موضوع زیاد به دخترام سخت نمیگیرم ما که از بچگی پختیم و شستیم الان تو این سن فقط درد و بیماری داریم
اونا هم به موقع یاد میگیرن",False,2,1,2
412188419,وای درکت میکنم من اینقدررررر بارداری پراسترسی داشتم میگفتم کاش دکمه عقب گردداشت برمیگشتم عقب,False,7,6,5
thread_11747162_starter,خیلی دلم گرفته کلی ادعای عاشقی کرد ک منو بدست اورد خیللللی خیلی ازش سرتر بودم دوستش داشتم ولی اون فیلم بازی میکرد طولی نکشید ک خیانتاش رو شد هرروز با ی نفر چت میکرد ومیگف مجردم عاشقتم میگیرمت 😔اولش ک دیدم خاستم خودمو بکشم بمیرم برا خودم چقد ضجه زدم چقد گریه کردم رفتم جدا بشم بماند ک خانواده ام حمایت نمیکردن ومیگفتن انتخاب خودته باحرفاشون دلم شکست شوهرم اصرار مبکرد ک اشتباه کرده وبرگرشتم بعد ازاون هعععی تکرار شد و رفته رفته بدتر چن بار رفتم قهر وخاستم جدا بشم ولی بخاطر عدم حمایت خانواده و نداشتن پول وبخاطر دخترم برگشتم رفتم پیش مشاور ی جلسه شوهرمم از پاسگاه فرستادن مشاور گف شوهرت دوستت داره فقط نمیتونه رفتار جوانیشو ترک کنه ومدام علاقه منده خودشو اونطوری ک نیس پیش بقیه جلوه بده وب زنها ودخترا حرف بزنه تازگیا حرفمون شد باز دادگاه وپاسگاه ولی باز برگشتم چون دوسش دارم چون حمایت خانواده مو ندارم 😔الان مدام اصرار میکنه ی بچه دیگه بیاریم تا حدودی منم راضی کرده بود ولی الان چن روزه باز رفتارشو شروع کرده چن ساعت نمیدونم کجا میره هرچقد میزنیم گوشی رو جواب نمیده هرووقت زنگ میزنم حالشو بپرسم فحش میده قطع میکنه اونقد دلم گرفته الان چن روزه دارم ب خیانت فک میکنم کاش میتونستم اونوقت تا عمق وجودش میسوخت بخدا ک منم ادمم دلم محبت میخاد دلم میخاد یکی تعریفم کنه ببوستم بغلم کنه بهم زنگ‌بزنه باهام حرف بزنه ولی این مدام دعوا میکنه وفحش میده کاش یکی بود 😔کاش من میتونستم چقد بده تو این سنت هیچکس نباشه نازتو بکشه برام دعا کنین فقط بخاطر دخترم زنده ام,True,10,8,10
329961165,ذرت لیوانی ۸۰😒,False,1,1,1
368972410,زایمان کردم این بارداری دوومه,False,1,1,1
297269705,"نه نگران نباش.
حرفای بقیه رو ول کن ماها عادتمونه تو همه چی دخالت میکنیم",False,1,1,1
384945479,یه کاریه که بعدش خیلی مستقیم پشیمون شدم و گریه کردم البته بخاطره صربه هایی بود که از خانواده خوردم میترسم بمیرم,False,7,8,6
371612651,حالا با برف هی دل مارو آب کن 😢😢😢,False,1,1,1
thread_16128640_starter,"بچه هام با مادربزرگشون رفتن
شوهرمم نبود
چقد دلم این تنهایو لازم داشت
رفتم پشت بوم یه دونه سیگار روشن کردم آهنگ غمگین گذاشتم تاااااااااااااااا اشک داشتم گریه کردمو زجه زدم .انقد جیغ و داد و فریاد تو گلوم بود که راه نفسمو بند آورده بود...
چقد الان سبک شدم چقد حالم بهتره پوستم چقد روشن شد...
😮‍💨",True,9,3,8
290131270,ببخشید بعد ربط فوت بچه با رابطه تو دوران بارداریتون چی بود؟🤔,False,1,1,1
356852370,من یه مادرم از دست پسرم خیلی ناراحتم دخترم پانزده ماهشه از وقتی به دنیا اومد پسرم به کل عوض شد چهارده سالشه از صبح تا شب فقط گوشی و میبینه بیرون باهام نمیاد انگار دوسمون نداره میترسم تو آینده بدتر شه رو سر خواهر یه سالش پرخاشگری میکنه دلم برا دخترم میسوزه تا داداشش از جاش بلند شه با ترس میدوعه بغلم با این کم سنی از داداشش میترسه,False,7,7,5
381577311,"به دکترت بگو اون شربته بود قرص بود چی بود اسمش یادم رفته رو برات بنویسه برا وزن گیری بچه
سرخود نخورش چون ممکنه برا شما زود باشه خوردنش
نوزده هفته چقد بود وزنش؟",False,1,1,1
337616795,"از دکترت بپرس ان شاالله که مشکلی پیش نیاد
برات صلوات فرستادم ان شاالله  بارداریت به سلامتی باشه گلم...
اگه دوست داشتی برو این مطالبو بخون برای زیبایی و هوش و خوش اخلاق و خوش روزی بودن بچه و........ داره
اگه دقیق انجام بدی نتیجه صد در صدی میگیری .
دوستم پسر داره من دختر اون تو بارداریش بیشتر انجام داد و دقیق تر .. دختر من هرجا میرم ازش عکس میگیرن میگن وای چقدر قشنگه .. ولی وقتی با پسر دوستم هست همه توجه ها به اونه از دختر من خیلی قشنگتره
اگه میخوای بچت تو فامیل از همه نظر زیبایی و اخلاق و... تک باشه بخون و انجام بده .. فقط اونایی که می‌ترسی نخور مثل رازیانه و....❌️❌️❤️
فارغ از هر دین و باوری آدم دوست داره بچه های باهوش وسالم و خوبی داشته باشه ... که نه غصه دیر راه افتادنش یا دیر حرف زدنشو داشته باشه نه غصه ناله نفرین دیگران...🚫
اگه دوست داری بچه باهوش و خوش اخلاق و باایمان و زیبا داشته باشی این مطالبو بخون و انجام بده ❌❌❌
یادت باشه
شخصیت و اخلاق و ایمان و عقل و همه چی بچت به دست تو میخواد شکل بگیره... پس حسابی تلاش کن ..
توی حاملگی همه کارارو بکن بچت دنیا بیاد نصف راهو رفتی
یه مثال هست که میگه ذات بد نیکو نگردد چون که بنیادش بد است ... پس بنیاد بچتو عالی بساز .. وسعی کن تو اون نه ماه از گناه دوری کنی ....
غیبت ..تهمت...حسودی... دروغ.. یاهرچی که گناهه تو اون نه ماه دوری کن ازش 💓موفق باشی
🟥 چون ❌️🟧❌️🟧❌️ سایت اشکال داره لینک آبی نشد روش نگه دارین بعد بزنین بازکردن
https://www.ninisite.com/profile/forum/topic?topicId=10683214&slug=%D8%AE%D8%A7%D9%86%D9%85-%D9%87%D8%A7%DB%8C-%D8%A8%D8%A7%D8%B1%D8%AF%D8%A7%D8%B1-%DB%8C%D8%A7%D9%87%D8%B1%DA%A9%DB%8C-%D8%AF%D8%B1-%D8%A7%D9%93%DB%8C%D9%86%D8%AF%D9%87-%D9%85%DB%8C%D8%AE%D9%88%D8%A7%D8%AF-%D8%A8%D8%A7%D8%B1%D8%AF%D8%A7%D8%B1-%D8%A8%D8%B4%D9%87-%D8%A8%D8%AF%D9%88-%D8%A8%DB%8C%D8%A7&postId=321174568",False,1,1,1
413959650,تهران قسمت بالاش خوبه,False,1,1,1
413948377,"مرسی
همینش بده",False,1,1,1
411779650,آخ دقیقا تیر امسال این حرفو زد،,False,1,1,1
412582162,"منم تابستون می خوام انجام بدم .
درد نداشت؟؟؟
تو رو خدا بگو چند روز درد داره",False,3,4,1
353751354,اها پس اینجا اون خیلی خیلی مقصره من اول گفتم پنجاه وپنجاس ولی الان اون مقصره,False,2,1,1
thread_6341246_starter,زیر دلم خیلی درد میکنه. همشم توهم حاملگی دارم😑,True,4,5,1
412309996,واااایییییی من فک کردم این تاپیک واقعیهههه🤣🤣💔💔💔,False,1,1,1
thread_17962215_starter,"قرار بود امروز جوابش بیاد ولی زنگ زدم گفتن مرحله اخرش تکرار خورده.
گفتم مشکلی هست؟ گف نه برا همه تکرار میخوره
این معنیش چیه؟
برا کسی اینطوری بوده بچه ش سالم باشه؟
گفتن فردا زنگ بزن با مسوول بخش ژنتیک حرف بزن
خیلی نگران شدم
یه بارم دو سال پیش جنینم تریزومی ۱۸ بود ولی یه بچه سالم هم دارم
دوسال پیشم همین ازمایشگاه بهم گفت بچت سالمه فقط مرحله اخرت تکرار خورده و فرداش کازمایش رو برام فرستادن گفتن مشکل تریزومی ۱۸ داره",True,8,9,4
381552371,اصلا شاید حامله نباشی,False,1,1,1
266146145,دلم میخواست بشم ولی نشدم نصفه شبی رویاهایی که ساخته بودم خراب شد🥲🥲🥲,False,4,2,6
413936915,هیچ گربه ای محض رضای خدا موش نمیگیره,False,1,1,1
336139551,"اهااااا اونو میگیی اختلاس دو میلیون دلاری روو
فک کردم دوباره اختلاس شده😂",False,1,1,1
308390790,"بيخيال بابا فكر نكنم بدتر از من باشي من ميشينم گريه ميكنم دكترم روزنامه ميخوند
ميگفت گريه ت تموم شد بگو بيام",False,5,5,5
405919454,ممنون عزیزم لطف کردی که جواب دادی پس دیگه نگران نباشم و صبر میکنم تا شنبه که برم سونوی انومالی,False,2,2,1
thread_11805524_starter,"بچه ها ۲۰ هفته باردارم
قبل از بارداری رفته بودم دندون پزشکی بکی از دندون هامو پر کرد ولی حس کردم اون موقعی که داشت پر می‌کرد یه آسیبی به عصب دندنم وارد کرد ولی هیچی نگفت
الان دندونم بدون اینکه هیچ پوسیدگی ظاهری داشته باشه ریشه اش درد میکنه داره عذابم میده
نمیدونم چکار کنم
راه حلی چیزی دارین کمکم کنین",True,7,5,2
344380469,"از هفته بیستم به بعد افزایش وزن داری اونم شدید
نگران نباش
مولتی میخوری؟",False,1,1,1
thread_16170774_starter,"من وسواس فکری شدید دارم ۱۰ ماهه..وسواس حرف زدن کلمات...اسفند ماه رفتم مشهد از امام رضا بچه خواستم بهم داد قربونش برم😍🥰 این بچه رو اول از خدا بعد از امام رضا دارم❤️❤️❤️
دیروز دو تا بیبی چک زدم و هر دو تاش مثبت بود ولی از وقتی بیبی چکا مثبت شده من وسواسم بدتر شده احساس میکنم مفرد یا جمع بودن افعال رو بلد نیستم بچم چیزیش نشه به خاطر استرس دیروزم؟ امروز میرم آزمایش بارداری بدم
ولی من اصلا از این به بعد کلا اشتباهی حرف بزنم اصلا میخوام به جای اینکه بگم چاییتو خوردی؟ بگم چاییتونو خوردین؟ یا مثلا به چند نفر مهمون که دارم میخوام بگم چاییتو خوردی؟ اصلااااا به جای چاییتو خوردی میخوام بگم قندتو خوردی؟؟؟؟؟؟ اصلا کلا میخوام اشتباه حرف بزنم بهتز از این وسواسیه که دارم فقط دیروز بچم چیزیش نشده باشه؟🥺❤️",True,8,10,3
thread_12365765_آشرشته_1402/08/13 08:42,منم استرس همین دارم چه آخر اسفند چه توعید دکتر نیست اگه دوم سوم عید درد بگیرمون که اصلا دکتر نیست,False,6,7,1
thread_8570985_تاااارا_1401/02/10 04:10,"شوهرت مزاحم تلفنی داره و به خاطرش گریه میکنه😐😐😐 خب خطش رو عوض کنه، شماره ها رو بلاک کنه
دو تایی میشینین سر این مسایل گریه میکنین😶😶",False,1,1,1
thread_13262859_zizigoolootabeta_1402/12/28 18:13,لطفا میشه خواهشا خواهشا خواهشا دعا کنید حاجات دلم زود و عالی روا بشه🥺🥺😭😭😭,False,5,5,4
403066840,"سه بار .. بترتیب از اولین سقط دردام در حد مرگگ بود
اولی خارج رحمی بود رفتم اون دنیا تا افتاد.. دومی هم هماتوم داشتم اونم شدید بود ولی ن بشدت اولی سومی هم قلبش متوقف شد کورتاژ شدم .دردی نکشیدم",False,3,1,2
thread_18045798_starter,"ایشون خیلی پسر خوبیه هم موقعیت مالی داره هم خانواده خیلی خوبی داره هم چند ساله که رو هم کراشیم و از هم خوشمون میاد
فقط خانوادش از ما بسته ترن یه مقدار تفاوت فرهنگ داریم
من پوشش سر ندارم و کلا دختریم که دوست ندارم کسی برام تعیین تکلیف کنه دوست دارم برا همه چی خودم تصمیم بگیرم البته اونا هم خیلی بسته نیستن فقط یک مقدار ما راحت تریم مثلا اونا جلو هم شال میپوشن
خودش میگه من مشکلی ندارم با پوشش و تصمیمات ولی میترسم بعدا نظرش عوض شه
از طرف دیگه هم ازش خوشم میاد و تنها دغدغم همینه",True,5,6,2
thread_15414641_starter,"ازم تایم گرفته بود چندماه بعد بیاد خواستگاری
بعد معلوم شد که این تایم رو گرفته تا تااونموقهه ترک کنه
ترامادول میخوره
قرص افسردگی هم میخوره
فقط ۲۰ سالشه
اعصابم خورد شده",True,6,5,3
314911842,"وظفیه اون درقبال فداکاری تو باید خیلی بیشتراز یه دسته گل یا کادو میبود
ولی ببین الان نکرده نشده چرا خودتو عذاب میدی
من یادگرفتم فقط میزنم ب در بیخیالی خیلی راحت فراموش میکنم تا زجر نکشم
منک هنوز بچه ندارم کلییی ب شوهرم سفارش کردم موقع زایمان دستو گل بگیره شیرینی بگیره حتی گفتم ازین خرس گنده ها هست ازونا بگیره طلا بخره بیاره اووو حتی گفتم اگ نکنی خیلی دلم میشکنه و ناراحت میشم و..... شاید بعضی وقتا لازم باشه خودمون ب اطرافیانمون بگیم برامون چیکار کنن
حتی من تو مناسبت های مختلف بهش میگم یادت باشه ها کادو ندی دلم میشکنه چون سیستم  مردا واقعا با ما زنا فرق داره البته شاید خیلیا بگن مسخرس اینکار ک هی خودت بگی و...
ولی خوب تو اون شرایط شاید دلم بگیره ک اگ من نگفته بودم خوذش یادش میموند یا نع ولی دیگ دلم نمیشکنه ک چرا یادش نموند",False,3,2,2
412564683,من ادم میشنایم ۴ نفر طلاق داده و سه نفرم صیغه کرده ولی میگه هنوز به اون اگاهی نرسیدم,False,1,1,1
336983182,من میخورم چند نفر گفتن نباید بخوری قرص نگران شدم ممنون گلم,False,3,5,1
413876910,"فرش و اینا مهم نیست این قضیه هم تموم میشه با هم اوکی میشین ولی چقدر اینجا خانوما میگن با مرد زن طلاق داده ازدواج نکنین
نمی دونم چرا کسی توجهی نمیکنه",False,1,1,1
thread_12694984_starter,"من هفته ی ۷ بارداری هستم و به شدت حالم بد بود
روزی چندین بار گلاب به روتون ....🤮
ولی از روزی که سیرابی میخورم حالم خوب شده🥲
کسایی که ویار دارید شده به زور هم بخورید و امتحان کنید این کار رو انجام بدید
من از ترس جونم مثل چی سیرابی میخورم😃",True,4,3,1
412263728,سر هر سه درد كمر شديد,False,2,1,1
400323089,انشاالله نی نی سالم میاد تو بغلت🥺,False,1,1,1
402115682,نمیتونم نگهش دارم ک برام ضرر داره,False,5,4,3
402731618,"بری دکتر چی بگی؟؟؟
بگی تن ماهی خوردم اومدم چکاپ!؟
نه نمیخواد
فقط مراعات کن و زیاد و مدام نخور.
درحد رفع هوس مشکلی نداره.",False,1,1,1
405762960,قربونت عزیزم ان شاالله مشکلت حل میشه فکر و خیال نکن واقعا موضوع پیچیده ای نیست حل میشه,False,1,1,1
342328487,خواهش میکنم 🌹,False,1,1,1
336088013,"راهی هست که باید بری عزیزم.
خدا بهت صبر بده.
من رفتم بیمارستان از ۸ صبح تا ۱۲ شب چندبار سرم زدن و قرص گذاشتن.
دیگه آخر شب کیسه ی آبم ترکید بچه افتاد و واسه جفت بردنم کوتارژ.
اگر همش دفع بشه نیازی به کورتاژ نداری.
امیدوارم کورتاژ نشی عمل سبکی هست من سه روز خونریزی داشتم ولی بعدش همش لکه بینی و پریود شدید تا ۳ ماه.
الانم که باردارم خیلی درد دارم دکتر میگفت از کورتاژ میتونه باشه.
خدا کمکت کنه.",False,5,3,3
396365476,۱۸سانتهههههه😳مطمئنی؟! وای ول نکنیش اگه بترکه که میمیری از دردش که.مال من دو سانت شده بود بعد ترکید مردم و زنده شدم دردش زیاد بود,False,3,2,1
404559743,حدود یک ساعت قبل از وقت دکتر، مسکن بخور، هیچ دردی احساس نمی کنی. تا ٢٤ ساعت بعد هم ممکن هست درد داشته باشی که خفیف هست و حتی ممکنه نیاز به مسکن نباشه,False,1,1,1
398998685,"یکم بالا نبوده؟
دو قلو باردار نیستی؟
من دو روز بعد از تاخیر پریود بتام ۳۶۰ بود",False,2,2,1
307398355,"منم چربی م خیلی بالا رفته امروز این برنامه رو نوشتم مشتی چیزای بدمزه 💔💔💔😔
شنبه 🔆سبزیجات پخته🔶️سینه مرغ پخته آلو بخارا
یکشنبه 🔆 سالادلوبیاچیتی🔷️ دمپخت بی روغن نمک
دوشنبه 🔆آش گوجه 🔶️ سیب زمینی پخته شوید
سه شنبه🔆خورش کرفس آبپز🔷️ مرغ آبپز زرشک پلو
چهارشنبه🔆 قارچ کبابی 🔶️ ماست و خیار با سبزی
پنج شنبه 🔆 گوجه و سینه کبابی 🔷️سوپ سبزیجات
جمعه🔆ماهی کم چرب کبابی 🔶️کدو. ماست شوید",False,3,2,3
412232216,"من خیلی از رفتارهای خانواده شوهرم  آسیب دیدم، خودش هم یک مقدار شیطنت داره، اما باز هم راضیم اما سر بچه خیلی اذیت شدم
اولش به قول شما زوج های اطرافم و مشکلات شون و دیدم، سرنوشت بچه ها رو دیدم گفتم بچه نیارم . الان دیگه بچه دار نمیشم، خیلی خیلی اذیت شدم
همینه زندگی خوشی و سختی درهم
تو به زندگی دیگران نگاه نکن، نذار حرفای بقیه روت تاثیر بذاره.",False,7,4,6
thread_15461741_starter,چه کار کنم کلی زعفران دارچین دم کردم خوردم نشد الان زنجبیل گرفتم دم میکنم کلی پریدم حتی به شکمم محکم میزدم کلی درد کشیدم سقط نشد قرص سایتوتیک هم گرونه پولش رو ندارم چه کارم لطفا کمکم کنید به خدا به سرم زد خودکشی کنم😭😭😭😭😭,True,10,9,10
thread_18111931_starter,چقدر حرف میزنه باهاتون؟,True,1,1,1
thread_12273353_starter,سلام خانوم من یکم لکه بینی دارم خیلی خیلی کمرنگه یکم از ترشحات همیشه پررنگ تره ،تا الآن هیچ مشکلی نداشتم امشب یدفعه لک دیدم دردم ندارم ولی خیلی ترسیدم چیکار کنم ؟حلوا ارده خوردم امروز از اون میتونه باشه؟فردا وقت دکتر دارم سونو هم تا حالا ندادم یکبار رفتم دکترم نبود مجبور شدم برای فردا وقت بگیرم,True,7,8,2
thread_10932921_هرماینی_ویزلی_1402/02/04 22:48,لباس بچگانه عزیزم,False,1,1,1
thread_15885938_starter,من ناخواسته باردارشدم با اینکه قرص اورژانسی مصرف میکردم تقریبا ۱ماهو نیمه  ۱ هفتست فهمیدم باردارم  میخوام سقط کنم  قضاوتم نکنید من حتی پول دکتر رفت ندارم وضعیت روحیم خیلی بده میترسم کاری دست خودم بدم  توی یه خونه با مادرشوهر پدرشوهر خواهرشوهر برادرشوهر وجاریم میشینم ۸ سالم هست ازدواج کردم همش تقصیر قرص اورژانسیه نمیدونم چرا اینطوری شد بخدا نمیدونم چیکار بکنم فقط میدونم وقتی خودم بدبخت به دنیا اومدم بدبخت کردن یه بچه هم اشتباهه واگه بچه اوردن برکت داشت خودم تو فقر بزرگ نمیشدم  برای سقط باید چیکار کنم خودم به اندازه کافی عذاب وجدان دارم نمیتونم واقعا من خودمو به زور دارم نگه میدارم  همسرمم سپرده به خودم  حق انتخاب به من داده عاشق بچست ولی نمیخواد الکی به خاطر عشق خودش بچرو اذیت کنه دوستان من حتی مریض میشم به خاطر گرونی دکتر نمیرم اگر برم سراخر برای خرج خونه کم میارم,True,10,9,10
thread_17958922_starter,"۲۶ هفتم آزمایش دادم همچیم خوبه
ولی هر روز سردرد دارم تو سر و صدا دیوونه میشم از بس سرم درد میکنه
به طور عادیم هر روز دارم شقیقه هام حالت نبض میزنه نمیتونم چشمامو باز کنم از درد😭😭😢😢😢",True,7,4,3
413967148,قشنگم میشه منم بگی ؟🥺❤️ببخشید وقتتم گرفتم❤️❤️❤️سعید دوباره به من و رابطه برمیگرده ؟ اگه اره ، کی ؟ دستمم درد نکنه . ممنون🥺🌸,False,3,4,2
thread_8367373_مادرجانیم_1401/01/05 02:28,"ببین غیرت ب این چیزا نیست غیرت یعنی نذاری کسی اشک زنت در بیاره یعنی نذاره آب تو دلت تکون بخوره یعنی آرامش تو اولیت اش باشه
این ک گرزش بزنه سرت بگه سیاه و کبودت کنه
بگه حرف نزن راه نرو نخند بمیر کجاش غیرته آخه",False,2,1,1
361750725,آره عزیزم.البته من استارتر  نیستم,False,1,1,1
413972763,"مستوره مرتضایی
و
مهناز نظری
عالین",False,1,1,1
375167936,"چقدر جوابات توی تاپیکا تند و تیزه
خانمید؟",False,1,1,1
401827182,خب تو همین وزن جنین و رشدش رو نشون میده من ۳۱ هفته ام,False,1,1,1
268458841,اخه میگن بیهوشی خطر داره، من فک کنم خیلی بهتون استرس دادم ببخش منو,False,3,5,1
thread_10952183_starter,دخترا من قبل بارداری تو کل عمرم یکی دوتا خواب دیده بودم اونام فاقد معنا بودن اما از روزی که فهمیدم باردارم دو شب در میان خوابای بد میبینم همشون هم جنایی طوری که بیدار میشم فقط دلم گریه میخواد، مثلا دیشب خواب دیدم دارم به شوهرم خیانت میکنم بعد عکس و فیلمای این قضیه دست طرفه بعد من کل شبو درگیر پس گرفتن عکسا از اون عوضی بودم، چکار کنم,True,7,8,5
413249363,منم دقیقا همینجورم,False,1,1,1
thread_18051257_starter,"اصلا اینایی ک میگن در هر صورت بایذ ب خانواده احترام بزاریو درک نمیکنم
خانواده من از اونایی هستن ک دوست دارن دخترشون فقط بشینه خونه و کنارشون تکون نخوره
حتی دلشون نمیخواد رانندگی کنم
!
یه خواهر بزرگتر دارم ک متاهله ولی اونم زمان مجردیش همش خونه بود
منتها اون مظلومه ولی من نیستم
هرسری دعوا و بحث و بی احترامی میکنم و سوئیچ هارو برمیدارم و میرم بیرون
اونا هم نفرین میکنن
یعنی الان نفرین هاشون واقعا میگیره؟؟
باید بشینم توی خونه تا احترامشون حفظ شه؟",True,7,7,3
412903008,با تنها کسی که از خانوادم ارتباطش خوبه، بابامه,False,2,1,1
250333874,"نمک میخوری؟ حالت خوبه؟
.",False,1,1,1
412595308,کسی نیست جواب بده ، من امروز از شدت پا درد نتونستم اصلا بخوابم شیافم گذاشتم دوتا ولی انگار نه انگار اصلا حالم خوب نیست 😭😭😭😭,False,8,4,5
413930389,نگرد اینجا واست پیدا نمیشه,False,1,1,1
413965617,"هر وقت پسر مستقیم رک رودررو و جدی بهمون گفت دوستمون داره و عاشقمون شده و قصد دوستی یا ازدواج یا .... داره تازه اون موقع باید فکر کنیم منظور و حسی داره
وگرنه هر روز هزاران نفر به هزاران نفر میگن عزیزی و تاج سری و عشق منی کسی هم اهمیت نمیده",False,1,1,1
299171940,"من کم خونی فشار پایین حالت تهوع همشون کلافه م کرده گاهی میگم کاش فقط یه نفر یه لقمه غذا درست کنه بخورم اکثرا صبحا غذا درست میکنم حالم بهتره اما امروی صبحم حالم شدیدا خراب بود نشد
انیدوارم این روزا رو به بهترین شکل طی کنی❤",False,6,3,4
361666162,"من زود فهمیدم بعد از تاخیر پریود و لوله ها اسیب ندیده بود
بتای من کم بود حدود ۱۵۰ و ثابت مونده بود دردی نداشتم ولی لکه بینی سیاه داشتم ...بعد هر سختی آسانیست اگرم خدا نکرده خارج رحمی بود نگران نباش امیدت به خدا باشه❤️",False,2,2,1
thread_18103237_starter,"در حالی که کلافه بود و سردرگم از انتخاباش
در پاسخ سوال من از هدف ازدواجاش گفت:
«نیــــــــاز!
نیاز به بودن کنار یک جنس مخالف».
لَختی بعد که گِرد شده بود چشماناش و بالا رفته بود اَبروانش از خطابم به او که (تازه میتوانم گوساله یا بزقاله بخوانمت که فهمیدهای خوی حیوانیمان، فرای آب و نان، نیازمند روح و جان دیگریست) پرسید: بله؟
_ بی توجه خاصی به تعجباش ادامه دادم:
اتصاف انسانیت، در گرو پاسخ به این پرسش است: که حالا که آغوشها را چشیدی و آتش نیازهای جنسیتیات خاکستر شدند چه؟ حالا کدام سو خواهید خزید؟ حالا کدام آشیانه خواهی رمید؟!
هدفات از نشستن پای سفرهی ازدواج مگر رفع عطش نبود؟ شدی حالا.. بعدش چه؟
هاج بود و واج خیره گشته بود مرا..
عادتم بود چون که ایرادات اجناس را به کارخانهی سازندهاش، ارجاع دهم، دادم اینبار هم.. پاسخی که ارسالم کرده بود سازنده، پارهای از کتابی بود که آخرین نمایندگی عالم ملکوت، هزار و اندی سال پیش منتشر کرده بود، قرآن نامش.. به نویسندگی خودش..خود جناب سازنده
بیست و یکمین فراز از قسمتی که نامش بود الروم..نوشته بود: وَمِنْآيَاتِهِأَنْخَلَقَلَكُمْمِنْأَنْفُسِكُمْأَزْوَاجًالِتَسْكُنُواإِلَيْهَا وَجَعَلَبَيْنَكُمْمَوَدَّةًوَرَحْمَةًإِنَّفِيذَٰلِكَلَآيَاتٍلِقَوْمٍيَتَفَكَّرُونَ
خاصیتِ نیاز، آشفتگیها و شوریدگیهاست..
گرسنه که باشی، حوصلهی به خواب رفتن را حتی نداری..چه رسد به بیداری و بیگاری..
عطش است بلوغ جنسی و سراب میتواند شود ازدواج اگر که تار کرده باشد چشم دلت را تشنگیِ نیاز..
لذا زوجی که برمیگزینی اگر قد بلند و تن صدا و رنگ چشم های او.. و کمر باریک و بینی ظریف و اندام متناسب تو.. خنکای آبیست برای جگر سوختهی یکدیگر، که فبهاونعمة وگرنه تا نهایت ۷ ماه که مدتزمان عادی شدن قیافه و ظواهر است، سر زندگیات شیره میمالی و بعدش..
بعدش را خودت چشیدهای../بگذریم..
وسعت روح، لطافت زاست و آرامش میآورد، ولو جیبها خالی باشند و سفره ها کمرنگ؛ که طبعی گوسفندیست این که آخور پُر و طویلهی گرم آرامش آفرین شوند..
«لِتَسْكُنُواإِلَيْهَا،
سکینه اولین غایت و ثمرهی ازدواج و زوجیت انسانهاست که سازنده برایم نوشته بود (سکینه یعنی آرامش)
گفت: این که باز شد همان گرگم به هوای بزقالهها!
گفتم: مانده هنوز، صبر بایدت..
برخی خیال کردهاند عشق در اوج هیجانات و قلیانات روحی رخ میدهد، لذا دوستی را ترجیح میدهند تا ازدواج.. و میگویند هیجانش بیشتر است و عشقاش عمیقتر.. و هزینهاش بسا کمتر.. اما آنچه روز به روز عمیق گشته کنجکاوی جنسی و شهوت امتدادیست و نشانهاش اینکه فردای آن روز که کشف کرد تمام پنهانیها را و درید جمله پارچه و پردههایت را، بازنشسته میشوی و نیمکت نشینات میکنند.. آنهم تا پایان فصل..
که تا هیجانها به خواب روند، محبتها مردهاند!
لذا نوشته بود برایم سازنده در ادامه که:
«وَجَعَلَبَيْنَكُمْمَوَدَّةًوَرَحْمَةً
#
موّدت، نوعی رفاقت عمیق، یا همان عشق است و اینجا میشود اولین وجه تمایز انسانها از حیوانها.. که عشقها گره خوردن روحهاست نه تنها بهم ساییدن تنها..
که اگر علاقهها در حد تنها خلاصه شوند،، کافیست چروک بگیرند و تیره شوند رُخها و ترک بخورند لبها، که کناری خواهی رفت و سکینه که نداری هیچ، از مودت هم محروم خواهی ماند..
#
رحمت، اما همان غایت زندگی هاست..
که اگر گفتم چرا میخوری تا سیر شوی پاسخاش رحمت است.. و اینکه نیاز هایم را برطرف کردم که چه شود؟ رحمت است که پاسخگو خواهد بود..
رحمت همان پله های قرب جان است و سکوی پرواز روح.. همان رویش و تعالی وجود..که آدمی را به کمال متّصل و به انسانیت متّصف میکند..
سکینه و آرامش هم که آمده بودند مودّت و عشق را نشانه داشتند تا رحمت در روح و جان جاری شود..
و چقدر متفاوتاند ملاکها..
حال هدفات چه بود که زوج شدی؟
یا لااقل چه خواهد بود؟..
هان؟",True,1,1,1
317748605,"عزیزم همون قدر که سکینه برات خوب نیست آبتین هم همینطوره
ولی شما داری با تعصب نظر میدی
همکار شما سنش زیاده اطراف من هم اسم‌ پدر بزرگ هاست
بعدشم گفتم سلیقه ای هست این
من نظر خودمو گفتم شما الان ادعای عاقل بودن می‌کنی ولی بچه مدرسه ای که دو بار پیش دوستاش مسخره شه دیگه اعتماد به نفس براش نمیمونه حالا شما هی بگووو نه خوبه تو شاهنامه اومده خو رستم هم اومده الان کی اسم بچشو میزاره؟
هر چند بحث اسم کاملا سلیقه ای هست چون تو شاهنامه اومده دلیل بر خوب بودن این نیست . معنی اسم ، خوش آوا بودن ، حتی به روز بودن اسم مهمه",False,2,1,1
269513763,دارم وارد ۹ هفته میشم,False,1,1,1
thread_17991570_starter,شوهرم اکثر روزایی که از اداره میاد خونه اینطوریه. مثل امروز مثلا امروز که حالا روزه بود(روزه قضا). اومد خونه. منم خواب بودم. نمازشو خوند و بعد اومد روی تخت تا استراحت کنه. سلام کردم و اونم با خنده جواب داد. گوشیش رو گرفت دستش. منو اصلا نگاهمم نکرد. رومو کردم طرفش و گفتم چه خبر. گفت هیچی. اونم گفت چه خبر. منم گفتم خبری نیست. همین. اونم سرشو کرده بود توی گوشیش و داشت اینستاگرام رو چک میکرد و پست های اینستاگرام رو نگاه میکرد. اصلا سرش رو برنگردوند سمت من تا منو ببینه. من چند دقیقه سمت اون بودم. و ببخشید اینو میگم. کمی به بدنش دست زدم. همینطوری مشغول گوشیش بود. دیگه خودم حس بدی بهم دست داد و روم و برگردوندم. رفتم زیر پتو. بعد از چند دقیقه هم گوشیم رو دست گرفتم و اومدم از اتاق بیرون. البته اینم بگم که وقتی وارد اتاق شد و روی تخت دراز کشید، بهش گفتم افطاری تنها باشی اشکال نداره؟ اگه من برم؟ گفت نه. اخه بعضی وقتا با خواهرم میرم پیاده روی. اما فکر نمیکنم رفتارش ربطی به اون داشته باشه. حس میکنم نادیده گرفته شدم. از طرفی میگم شاید از اداره اومده خسته هست و میتونم رفتارش رو اینطوری پیش خودم توجیه کنم. اما فکر نمیکنم این باشه کاملا. یه جور نادیده گرفتن هست که حتی طرف سرش رو برنگردونه که تو رو نگاه کنه بعد از یه صبح تا ظهر که تو رو ندیده.,True,5,4,5
410575658,"برای غذا خوردن و غذا درست کردنش وقت بذارین ، تو صندلی غذا هم فقط بهش غذا بدین
این چرت و پرت غذای سفره هم الکیه من تا ۳ سالگی برای بچم غذای جدا درست می کردم
هر روز سوپ ماهیچه ، کتلت ، آش کشک با ماهیچه ، مغزیجات ، بستنی با پسته پودر شده ، تلیت ماست پر چرب و خیار و نون محلی و گردو پودر شده ، فرنی بادوم ، با حوصله و بازی بهش غذا بدین",False,1,1,1
371448645,یعنی من هفته دیگه برم ۸ هفته هستم خوبه ؟,False,2,3,1
401839015,من ۹مهر اولین روز پریودیم بودوپریودی هام هم ۳۵روزه بوده طبق آخرین پریودی من الان هفت هفته هشتم ولی امروز سونو دادم گفت ۵هفتع و۴روزوساک هم تشکیل شده ولی یه چیز ریزی میبینم قلب مشخص نیست میشه اگه میدونین راهنمایی کنین ممنونم چون خیلی استرس دارم,False,7,8,2
thread_17841121_starter,دو روز پیش سرکلاژ کردم با شوهرم دعوام شد جیغ کشیدم و گریه کردم یکم زیردلم تیر میکشه بچه م چیزیش نشده؟,True,8,8,4
339376622,"قربونتشم عزیزم ممنون
ان شاءالله ایندفعه خدا باز یکی سالم بهم بده بهش دوتا دیگه بسمه 🥺🥺خیلی بچه دوست دارم 🥺🥺",False,3,3,2
406046701,ببین مطمئن شو برو قسمت سفارش های جاری ببین چیری هشت یا نه اگر نیست پولت برمیگرده نگران نباش یا زنک بزن پشتیبانی,False,1,1,1
411771396,عزیزم من هماتوم داشتم.یه روز تو ۴ماهگی افتادم به خونریزی شدید.اما بیمارستان نرفتم.گفتم الان میگن سقط شده بلایی سرم نیارن.سریع رفتم سونو.گفت هماتوم ازبین رفته ولی جفتت خیلی پایین اومده.استراحت مطلق بودم وشیاف وامپول میزدم,False,5,6,2
thread_9642299_گلnooش_1401/08/18 00:32,"دیدی گفتم😬😬😬
یعنی سه تا فرزانه دور و ورم دارم همشون خودشونو می گیرن...یعنی یه چیز عجیب...یکی غریبه است یکی فامیل درجه ۱
یکی هم فامیل درجه ۳...همممه همینطورنن😒😒😒😒",False,2,1,1
362992794,"از نخ دندون متنفرم
چجوری دلتون میاد از نخ استفاده کنید علیه دندونتون
فاصله میندازه",False,2,1,1
363904931,میخواستم بدونم دوتاش تو یک روز هست,False,1,1,1
375783131,ممنون عزیزم حتما امتحان می کنم,False,1,1,1
thread_13235657_bamin_1402/12/24 19:26,از نگا کردن به گوشیم دیگه خسته شدم و میدونم کلی ضرر داره,False,3,1,2
thread_18132125_starter,من یه دخترم..پر از شوق زندگی،عاشق عشق و زن بودن...اغراق نیست اگه بگم سلول به سلولم از عشق و احساس لبریزه...همه ی ارزوم ساختن یه خانواده برای خودم بود،یه خانواده که توش زو و شوهر عاشق هم باشن و بچه ها لبریز از عشق بشن...الان ۳۰ سالمه و حس میکنم سرنوشتم تنهاییه و هیچوقت قرار نیست من هم ارامش بگیرم کنار یه شخص که از عشق لبریز باشه...از این دخترای هرز پر و با صد نفر دوست بوده هم نیستم...همه ی زندگیم تلاش کردم،درس خوندم،به شغل لول بالا رسیدم و درامدمم شکر خوبه اما جای یه همسر و همراه و عشق تو زندگیم خالیه...نمیدونم واقعا،مگه میشه خدا ابن همه تمنا تپی وجود بندش بزاره و جوابی براش نذاشته باشه...حس میکنم تا اخر عمر باید تنهایی بدوم و کار کنم و...,True,6,6,8
326079291,در گوشی نداریمممم,False,1,1,1
thread_17130915_starter,دلم می خواد بچم‌ خود به خود سقط بشه دلم باهاش نیست نمی تونم باور کنم الآن یه مادرم نمی تونم باور کنم آنقدر زود بزرگ شدم و باید یکی رو بزرگ کنم من اصلا نمی دونم می خوام چیکار کنم تو شهر غریب و دور از مادرم و پدرم کسی رو ندارم وسط درسم بود ۶ ماه بود عروسی کرده بودم من و شوهرم در کل یک و سال نیم که همو می شناسیم خدایا چیکار کنم بمیره هر روز میگم تو چرا نمی میری 😭😭😭,True,10,8,9
293930960,خدا کنه نیم کیلو اضاف کنه خیلی نگران وزنش هستم,False,5,7,2
378457716,مجردی یا متاهل,False,1,1,1
360228469,"بخدا۶ماهش خیلی سخته ک هررووووز اینجوری داره اذیت میشه
کلی طول کشید سختی کشیدم ی هفته بیمارستان ادیت شد بچم انقد سرم و دارو واییی نمیتونم یبار دیگ‌ببینم بستری بشه😭😭😭",False,9,8,6
359371046,شاید میخوان عملت کنند میترسن بگن بهت استرسی بشی...نوار قلبو معمولا واسه این میگیرن...مریضیت چیه عزیزم؟,False,1,1,1
thread_10571539_مامانmasi_1401/12/21 20:20,واسه منم نگفت چون اين مشخص نيست شنبه سونو آنومالي دارم اون موقع ديگه صد در صد ميگن,False,2,3,1
274318323,اسی کجایی هستی؟,False,1,1,1
413957981,همه دخترا قد هیکل شده معیارشون واسه ازدواج پسر با قد زیر ۱۸۰ قبول نمیکنم,False,1,1,1
256739742,خوشبحالت من ماه هفتم ۱۴ کیلو اضافه کردم شوهرم با هر بار خوردن من چشم غره میره که چاق میشی نخور اینقد😭😭😭😭,False,6,4,5
thread_17327615_starter,"سلام دوستان کسی هس که باردار باشه و ابله گرفته باشه
همزمان با مثبت شدن بیبیچکم ابله گرفته بودم الان خوب شدم ولی میترسم دکتر زنان و عفونی میگه ۴صدم درصد احتمال ناهنجاری تو این هفته هس و هفته ۱۳تا ۲۰خطریه ولی من باز میترسم با تحربه ۲تا سقطم دیگه نمیدونم چیکار کنم در ضمن من ابلم خیلی خفیف بود در حد ۲۰تا دونه",True,8,9,4
412139600,ماه رمضون امسال بدون عباس موزون رنگ و بویی نداره,False,1,1,1
413220026,شوهرم میخاست آنقدر گاو بودم 1ماهم شده بود نمیفهمیدم حاملم رفتم اسکن دندون گرفتم خداروشکر بچم چیزش نشد,False,2,2,1
280163622,"منم دلم مغز بادام هندی خواست خو😭😭😭
خدا برات نگهش داره واسه ما چشم انتظارا هم دعا کن",False,3,3,3
314881022,"اون الان یک موجود زنده است کشتنش بیشتر دق داره یک عمر عذاب وجدان ولت نخواهد کرد.
خدا روزیشو میده نه تو",False,1,1,1
293599232,دختر اون‌پره ماده شیمیایی واسه دستم میگن دستکش بپوشید موقع استفاده ازش اونوق تو میخوای مستیم بزنی به صورتت خنگوللیییی جان😂,False,1,1,1
thread_18044313_starter,"هفته ۸ بارداریم نمیدونم این علایمم تا کی ادامه داره؟
سرگیجه دارم تهوع دارم بدنم اب میخوره بهش درد میگیره چکار کنم",True,5,4,2
320398633,خلاصه مارو سوار ماشين كرد و با سرعت صدو پنجاه تا رانندگي ميكرد و ب خواهر غر ميزد ك اره ،مگه من ب خواهرت كم ميرسم مگه كم گذاشتم مگه دكتر ب درد نخور بردمش،با غر و عصبانيت،ب قران بيماريم يادم رفت،اخر من و خواهرم رو گذاشت خونه خواهرم خودش رفت خونه😔,False,6,4,2
412498969,"آخه من فقط درگیر یه مریضی نبودم من با این افکار حتی زندگیم تحت شعاع رفته یه روز سر..طان مری یه روز سر..طان استخوان یه روز سینه یه روز مغز روده بزرگ معده کبد پوست عده لنفاوی
اصلا پدرم در اومده ۳ ساله درگیرم تمومی نداره هر نشکلیم پیش میاد از پادرد گرفته تا.. دندون درد حتی درد انگشت کوچیک دست 😑 مینوسه سر..طانه",False,8,10,4
411350721,من خودم پیش خانم حنطوش زاده و خانم فاطمه صالحی که تو میدان توانیر میرفتم,False,1,1,1
386564170,شاید باور نکنی ولی مسکن فقط خاب اورده دردی نداره فقط سر و گیج میشی این حالتای تو همش تلقینه با ۱۰ مسکن هم چیزی نمیشه ادم,False,1,1,1
thread_9381868_starter,بچه ها خيلي از غذا افتادم فقط آش ميخورم هفته ١٤ امروز تموم ميكنم اشتهام به هيچي نميكشه انقدم اش خوردم دارم بالا ميارم ميشه بدونم يه امروزو تن ماهي بخورم ايرادي داره واسه ني ني احساس ميكنم ميتونم بخورم خيلي گشنمه 😭😭😭😭😭,True,5,4,2
362109977,میه فراموشش کن چون هنوز انگار رو آینده ات اثر منفی داره,False,1,1,1
401791199,اصلا استرس نداشته باش الان همه رو می‌فرستن اون آزمایش چون هزینه زیادی داره وگرنه بیشترین سالم هستن مشکلی هم ندارن تجربه خودم زن داداشم جفتمون همینو گفتن آزمایش دادیم و بچه ها سالم بود خداروشکر برای شما هم سالمه انشاالله اصلا به خودت استرس نده,False,1,1,1
377210265,"الان مشکل شما با چندتا کاربری داشتن من چیه؟
باید از شما اجازه بگیرم
عجبا",False,3,1,1
411681896,اول آزینرومایسین نوشت خوب نشد بعدش کلاربسین داد بهش,False,1,1,1
413601772,"ای جانم خداروشکر طبیعی باردار شدی.بهت گفتم نگران نباش
نرماله ۲برابر شده. منم تکرر ادرار داشتم تا الانم دارم ۱۵ هفتمه",False,1,1,1
403113203,چرا می خوای سقط کنی ؟,False,1,1,1
334474713,"من دو سه ماه از واژن میزدم دیگه لکه بینی شدم دکتر گفت از پشت بزن جذبش بیشتره دیگه از پشت زدم از خودش بپرس ببین چجوری برات بهتره
سرویکست چند شده؟",False,1,1,1
413107989,سه ساله روانشناس میرم,False,1,1,1
thread_13256643_starter,سلام دوستان من الان ۲۹ هفته هستم دو سه روز شده خیلی سرفه خشک دارم ، خیلی اذیت میشم بعضی وقتا از شدت سرفه شکمم درد میگیره. امروز هم پسرم رو بردم دکتر عمومی همون قدر نکرد گلو و گوش بچه رو چک کنه هیچی دارو نداد فقط یه امپول داد که دیگه بچه بالا نیاره و پودر ا اس آر که اگه اسهال بشه بدم بهش. برای همین دیدم چیزی بلد نیست دیگه خودم نرفتم پیشش. کسی تجربه ای داره؟,True,5,3,1
315449707,"😭😢😥🥺🥺🥺🥺
بهت قول میدم اون الان از تو دلتنگ تره
دیدی گفتم",False,1,1,1
thread_8229349_pink_bubble_1400/12/09 14:57,"کاری نمیشه کرد 😔
سعی کن از این به بعد تصمیم های بهتری بگیری اگه شرایط طلاق داری یه لحظه هم نمون",False,1,1,1
342272396,ب سلامتی چن هفته ای؟کیسه آب و جفت جدا دارن؟من هم دوقلو باردارم,False,1,1,1
thread_7502222_starter,۶روز مونده به موعدم حالم بده معده دردمی کنه حالت تهوع دازم گریه ام می گیره تکرر ادرارم دارم اکثرا یه چن ماهی اونجوریم  واز این طرفم معده و روده ام خیلی اذیت میشه شما چجورید؟؟,True,5,3,4
410013524,"اللهم عجل لولیک الفرج بحق فاطمه زهرا🤲♥️
آقا جانم تو رو به یکتایی خدا قسمت میدم مریضم رو شفا بده دیگه بریدم واقعا داره پیرم میکنه 🙏🏻😭😭😭
خدایاااا دیگه نمیتونم عذاب کشیدنشو ببینمم😭😭
شفااشو از شما میخام آقا جانم مثه همیشه هوامونو داشته باش خواهش میکنم امیدمو ازم نگیر🤲🙏🏻🙏🏻😭😭😭
مراقب زندیگمو حاجت دلم باش 🙏🏻🥲",False,9,8,7
368126108,"عزیزم مگه سوار ماشینمیشین تهوع دارین؟
دیمترون رو میشه از اول تا آخر بارداری خورد الان که سه ماهه اول تموم شده ایشالله تهوتونم کم میشه ولی سه ماهه دوم اکثر داروها سیف هستن",False,1,1,1
351508557,ولی برا تهوع دگزا نمیدن ها مطمینی,False,1,1,1
366988409,"اخی🥺
پایدار باشه تا ابد
چ رمانتیک",False,1,1,1
401877655,بازیگره همسایه ش بوده,False,1,1,1
380659231,"وزنش خیلی‌هم کم نیست ،ولی خب بچه درشتی هم نیست
دختر من ۳۴ هفته و ۴ روز با وزن ۲۱۵۰ دنیا اومد و الان ۳ سالشه و شکر خدا هیچ مشکلی نداره
البته سونو خطا هم داره گاهی کمتر گاهی هم بیشتر نشون میده
ولی سونوی داپلر رو حتما انجام بده تا از بابت خونرسانی مطمئن بشید و اصلا هم نگران ضررش نباش من به خاطر یه سری مشکلاتی که داشتم هر دو هفته و حتی گاهی هر هفته سونوی داپلر میشدم و هیچ مشکلی به وجود نیومد چون دکتر ها کارشون رو بلد هستن",False,1,1,1
371453696,وای خیلی سختهههه اره قرص آهن میخورم شبا,False,3,1,1
thread_10380504_تیادا_1401/11/28 01:40,شب خواب دیدی یا روز,False,1,1,1
249660715,هر چیزی در حد متعادل اشکال ندارد زیاده روی فقط نکن,False,1,1,1
288780924,خودتون یا اطرافیان کسی بوده به جای آبرسان روغن دنبه بزنه به صورتش,False,1,1,1
412862120,بله روستا من چند وقته تو انترنت نی نی سایت میبینم دیدم هرمی تو دلش درد داره میاد دردو دل میکنه منم آمدم نمیدونستم اینجوری جوابمو میدن😢😢😢😢😢,False,4,2,3
299812058,"واقعا؟ اخه من خیلی تنبلم.حوصله بچه ندارم با اینکه پسرم خیلی ارومه خیلی هم عاقله. حتی نوزادیشم ازین بچعهایی نبود کولیکی باشه و شبا نخابه. خیلی خوب بود.
ولی همش میگم بخاطر تنبلی من بچم در اینده تنها میمونه عذاب وجدان میگیرم.",False,5,6,3
331495784,دیروز رفتم تو ماه ۶.. ۴ ماه مونده حدودا😍 اره عزیزم ۶ هفته و ۳ روز باید بگی هفته ی ۷,False,1,1,1
364584489,"خوبه تو میتونستی تکیه بدی
من تکیه هم نمیتونم بدم😭
فقط به پهلوی چپم میخوابم
پای راستم که سیاتیک داره فقط در حالت تا شده درد نداره نمیتونم صاف کنم
غذا نمیتونم نشسته بخورم
دشویی وای دشویی😭
هربار میرم دشویی اون دنیا رو میبینم از درد
راه نمیتونم برم کلا
شماهم اینجوری هستی؟",False,8,3,3
342592726,"نمیخوام شانسم از دست بدم همش میگم اگر درحال تحقیق باشن چی
یک درصد شاید پشیمون نشدن
چون اگر صد در صدی پشیمون بودن میگفتن",False,6,8,2
thread_9514473_سیب_ترش_هستم_1401/07/24 02:33,برو نگران نباش خیلی خیلی کم پیش میاد مواردا توکل به خدا کن برو حتما الان بیشتر از هر چیز باید به عنوان یه مادر اولویتت استرس ندادن به جنینت باشه گلم بسپار به خدا و حیالتم راحت باشه هیچی نمیشه.,False,1,1,1
413685183,قطعا دومی پرسیدن داره سر صبحی,False,1,1,1
thread_8357366_nafasrad97_1401/01/03 00:30,"منم شوهرم یکی ازقوریاموناخاسته شکست خودش ترسیدگریش گرفته بودگفتم واسه قوری؟؟ فدای سرت
برگاش ریخت 😂",False,1,1,1
318326077,بهم میگه از لحاظ جنسی سرد شدم دیگ دلم رابطه نمیخواد بااینکه من هیچوقت ب زبون نمیارم..نمی دونم چرا متوجه نیست چی میگه و چقدر باعث ناراحتیم میشه,False,5,2,5
413066902,"4 تا بچه داشتن بد نیست ولی تو 25 سالگی یجوریه.
ولی خب صلاحشو خودش میدونه",False,1,1,1
292215607,"وای😐واقعا
چند جلسه رفتی",False,1,1,1
403039232,"من جزئیاتشو نمیخامم بدونم ولی کلی اشتباهه کارت
به خودت مربوطه منم نظرمو گفتم
خوش باشی",False,2,1,1
348144510,"نه بابا خدا به من رو سیاه نگاهم نمیکنه
چقد قران نماز می خونم ذره ایی حالم بهتر نکیشه حس میکنم تنهای تنها
مث ادمی که تو دریا روی قایق تنهاس و کسی نمیاد کمکش",False,6,4,9
thread_18024841_starter,"پ ر ی و دی
واقعا مزخرفه
بیحالی ، ضعف ، دل درد
چقدر بدبختیم ما خانوما ...
بدتر از اون اینکه فردا هم باید برم سرکار یعنی روز اول پری سر کار باشی 🫠😭😭😭😭😭😭",True,5,2,3
thread_9293586_سیندرلاتون_1401/06/06 11:34,"علم غیب نداره بنده خدا که،
...به نظرم یه جعبه شیرینی بگیر برو بگو حامله ای
نخریدی هم بالاخره خودت باید بگی",False,1,1,1
359954629,"قشنگ حرفاتو می‌فهمم همشو😭😭😭
خوبه باز ترم اخره...اگر توانشو داری ادامه بده تموم بشه
ولی دیدی واقعا سخته مرخصی بگیر..وگرنه هم زندگی شخصی از دماغت در میاد هم تحصیل..ادم مگه چقدر میتونه فشار تحمل کنه🥲
ولی تحمل کن...کم کم دستت میاد..و اسی درک می‌کنم که گاهی نخوای هیچ کاری کنی و فقط زل بزنی به سقف..قشنگ میفهمم که دلت میخواد همه مسیولیت ها و نقش هاتو بریزی دور..اما سعی کن حتی المقدور یه جا نشینی..با هر زوری شده گاهی خودتو جمع کن..حتی همون حموم رفتنه هم گاهی برام سخت بوده ولی وقای میرفتم بعدش بهتر بودم..گاهی برقص..گاهی با بچت حرف بزن...نه هنیشه..گاهی..اصلا ساکن نباش هر کاری میتونی بکن..حتی کوچک ترین کارا..",False,7,3,8
413504247,فکرکنم مال عروس داماده,False,1,1,1
339957132,منم خیلی عصبی شدم گریه میکنم همش,False,7,3,7
412805473,"یعنی النا رو یک نفر نزایید؟؟؟
گروهی زاییدن ش؟؟؟",False,1,1,1
401478409,"لتروزول رو که میگن واسه دختره فلوکونازول واسه پسره ☺️
آی وی اف شدید هزینه داره و مشکلات بعدش که فراوونه
و آسیب هاش که تا سالیان سال باهاته",False,1,1,1
366933590,"بیمارستان بستری بودم چندروز
والا من مثل فرش چسبیده بودم زمین از اول بارداریم
خودم هاج و واجم چجور نشتی پیدا کرده
واسه شما پاره شده بوده
این نشتیه",False,4,2,2
413990397,"عزیزم شما با دیگران اصلا کاریت نباشه بیشتر خودتو مد نظر بگیر
که باید فلان کنید
باید برای عیدی پافشاری میکردی و اگر بازم نیاوردن خوش و خرم رفتار نکنی
تو فامیل ما حرفش نشه سلیطه میشه هاااا ، ازش میترسنننااا
یه کاری کن ازت بترسن",False,1,1,1
406574756,اگه سوخت و ساز بدنت خوب باشه با کالری شماری همون شیرینی جاتم بخوری وزنت ثابت میمونه ها ، تازه ورزشم کنی که چه بهتر,False,1,1,1
404912057,من دو هفته پیش امضام قفل شده بود نمیشد عوض کنم,False,1,1,1
406222939,"نمیدونم والا
من یکی دوبار شده که بعدش درد پریودی گرفتم فکرکنم ولی رابطه عادی",False,1,1,1
332209586,همیشه از کامنت هاتون متنفر بودم در تاپیک همه با خفت کامنت میزاری خدا به دادت برسه,False,3,1,1
353314292,به دکترت بگو شاید نیاز باشه سرم بزنی,False,1,1,1
thread_7611913_سوفیام966_1400/08/22 14:02,شاید نوشته دقت نکردم برام ببینم,False,1,1,1
358985772,چطوری اینکارو کردیییییییی,False,1,1,1
412308147,"اسی عکس خودتم بزار مقایسه کنیم
پسر ها اینطورن تا بفهمن طرف عاشقشونه  میرن
نباید بهشون ابراز کنی",False,1,1,1
thread_18045693_starter,"سلام دوستای گل
من اعتقادی به مهریه نداشتم، حق طلاق گرفتم و حقوق دیگه و مهریه ام پنج تا سکه است.
در عوض همسرم سه دونگ خونه رو به اسمم زده. خونه قبلی رو نذاشتم خانواده شوهرم بفهمن. ولی خونه رو که عوض کردیم، خونه جدیدمون وقتی سندش رسید که خواهرشوهرم خونه مون بود و خودش سندها رو از پستچی تحویل گرفت و فهمید سه دونگ سه دونگه.
تقریبا یک هفته است فهمیده و در طول این یک هفته صد تا تیکه انداخته. میگه حاصل زحمات بابام بوده، زنی امروزی کیسه می دوزن، میگه یادم باشه دختر شوهر دادم کار تو رو بکنم الکی مهریه پایین بزنم که بگم دخترم امروزیه بعد ملک به نام کنم
تا الان جوابش رو ندادم. پنجاه سالشه سختمه بخوام باهاش یکی به دو کنم ولی دیگه واقعا داره با حرفاش اعصابم رو به هم میریزه",True,7,3,3
342951430,"""ای كاش..
می‌توانستم بگويم؛
كه با من چه میكنی..
تو جانی در جانم می‌آفرينی..
تو تنها سببی هستی كه به خاطر آن
روزهای بيشتر شب‌های بيشتر
و سهم بيشتری از زندگی میخواهم",False,1,1,1
413946439,بد نیست من پریسال ال جی دوآل اینورتر خریدم راضیم.کولر گازیها اکثرا خوبن,False,1,1,1
thread_17636269_starter,"با این شرایط شوهرم عمل واریکوسل کرد
من بلافاصله بعد عملش باردار شدم
بچم سالم میمونه؟
دکترم امپول انوپرا داده خیلی درد داره میزنم
اینم آزمایش بتام
رشدش کم بوده؟دکتر میگه کمه مشکوکه",True,6,8,2
356288995,فازت چیه از گذاشتن این عسک,False,2,1,1
361188954,"فامیل از کجا می دونن خودتون گفتین،خیلی تاثیر بدی رو روحیه بچه داره ,یه بار قاطعانه بگین که حق ندارن همچین حرفی به بچه بزنن،من خودم شب ادراری داشتم ،می دونم برای مادر خیلی سخته و خونه نجس می سه و بو می گیره ولی یادمه داییم بهم می گفت شاشو،یا مامان بابام دعوام می کردن خیلی خجالت می کشیدم ،شب ادراری از استرس و اضطراب یا سردی بیش از حد بدنه که من هردوتاش رو داشتم ،الانم یه کوچولو هوا سرد بشه تن تن می رم دستشویی و به زور خودمو کنترل می کنم،فک کنم طب سنتی جواب بده",False,4,3,2
413948459,"تربیت شما بر عهده پدر مادرتون هست نه من
شرم اوره",False,2,1,1
411950331,"دکتر پسر من میگفت زیر ۳ ماه خوب نیست
ما هم ۵ماه و نیمش بود ختنه کردیم ب روش جراحی یا همون سنتی
اذیت نداشت فقط جیش اول گریه شدید کرد",False,1,1,1
thread_10222994_starter,"خانوما ۹هفتم گاهی مقعدم تیر میکشه یا درد میاد
وقتی میشینم یا میرم دسشویی،بعد دسشویی کردن اینطور میشم
یبوستم ندارم
طبیعیه؟؟؟؟",True,3,4,1
304887674,"سلام عزیزم بسلامتی...من شنیدم که بین ۱۲۰ تا ۱۶۰ دختره بالا و پایینش پسره مال من ک واس تشکیل قلب ۱۹۸ بود تو ان تی شد ۱۷۵ کلا بالا بود
آره منم اصلا نمیتونم بخوابم خسته شدم",False,4,2,2
412328603,باهاش آشنا شو بشناسش ببین زورگو نیست خودشیفته نیست,False,1,1,1
409120922,درمانش چیه؟ همون برداشتن بافت سینه؟,False,1,1,1
413710315,"سلام بیتا جون خوبی عزیزم؟
راستش من تاپیکای شما رو دنبال میکنم و از نحوه برخوردتون واقعا لذت میبرم و میخواستم یه مشورتی باهاتون بگیرم
راستش نامزد من یه اخلاقی داره که سر کوچیک ترین مسائل که شاید اهمیت زیادی نداشته باشه قهر میکنه و میخواد من برم نازشو بکشم و من مدتی این کارو میکردم ولی الان واقعا دیگه از رفتاراش خسته شدم چون هر چند وقت یه بار الکی سر موضوعات بی اهمیت باید بحث کنیم و آخرش جوری رفتار میکنه که منو مقصر جلوه بده و وقتی میبینه ناراحتم شروع میکنه گریه کردن که من نمیخواستم ناراحتت کنم و حالم خوب نبود و از اینکه چرا مثلا قبل نازشو نمیکشم ابراز ناراحتی میکنه و شروع میکنه به گفتن جملاتی مثل من هیچ وقت واست مهم نبودم و همیشه تو منو بد قضاوت کردی و این حرفا
یه جورایی حس میکنم میخواد منو بسنجه ببینه چقدر واسم مهمه ولی واقعا منو با این رفتاراش کلافه کرده به نظر شما بهترین واکنشی که میشه نشون داد تا این رفتارا از سرش بیفته چیه؟",False,7,4,4
365187127,درسته همیشه که یجور نمیمونه,False,1,1,1
297556559,پس پزشک‌قانونی یا متخصص چیو‌تشخیص میده....من حی نمیدونم بکارتم‌چه نوعی بوده....😫😫😫😫,False,4,5,2
371305871,خوب وقتی تومسائلی که انقدر برای شما اهمیت داره اختلاف نظر دارید اصرار به ازدواج با این آقا دارید؟ابن آقا هم میتونه باخانمی ازدواج کنه که این شرایط رو بپذیره بنظرم ایشون هم حق دارن شماهم حق داری هرکدومتون رو خواسته هاتون پافشاری کنید,False,1,1,1
413080382,"اسیر گرفتی مگه؟ حساس بشی روی اینکه با دوستهاش نره بیرون که چی بشه؟
اگه دوستهاش آدمهای درستی نیستن بحث دیگه ایه. ولی اگه نه چرا دنبال بهونه ای",False,1,1,1
323550811,"تروخدا سقطش نکنیا
یه سرچ ت همین سایت بزنن ببین چند نفر هرروز ارزو میکنن بیبی چکشونو مثبت شه
خدا بهت معجزه داده بدون هیچ دارو دکتری نندازش🥺",False,1,1,1
351714146,"چون سن ازدواج خانم ها تو ایران۲۴
پس ۲۷ سال طبیعی که ازدواج کرده باشه",False,1,1,1
412173161,"خیییلی احتمالش کمه
ولی تا اطمینان پیدا نکردی نرو
من که تنها استرسم درد و مدل بینی بود
که خب درد نداشت",False,3,3,1
thread_16918715_starter,"میدونین دیگه من پدر مادرم تو نوزا ی جدا شدن ندیدمشون هر کدوم دنبال زندگی خودشون رفتن با مادربزرگ پدری بزرگ شدم که سه هفتست مامانجونم فوت کرده
جایی برای زندگی ندارم
خواهر دوقلوی معلولم رو هم فرستادن بهزیستی
نمیتونم حتی سرپا بشم
داغش مونده رو دلم بخدا شونه هام انگار بار چند صد کیلویی هست
با رفتن خواهرم انگار دوباره داغ دیدم
نمیتونم حالمو توصیف کنم نمیتونم نفس بکشم تصویرش جلو چشممه موقع رفتنش گریه هاش
تو شرف نامزدی بودم دیشب بهم زدم نمیتونم حرفامو بهش بزنم خجالت میکشم نمیخواستم بدونه خواهرم رفته بهزیستی
نمیتونم جواب زنگ و پیاماشو بدم بهم زدم
برای این بهم زدم که نمیخوام بفهمه خواهرم رفته بهزیستی
اگه بفهمه خیلی بد میشه شخصیت بابامم میره زیر سوال
بابای من معتاد بیکار حتی پول موادشم من میدم ولی همیشه جوری وانمود کردم که انگار پشتمونه
الان دیگه من پشتم خالی شده
از ازدواجم تو این شرایط میترسم
نمیتونم ریسک کنم هیچ کس پشتم نیست
خواهرمم بهزیستی
نمیخوام حس ترحم داشته باشن بهم",True,10,9,10
398027783,به قول شما خانم ها: آها,False,1,1,1
356255755,بهم اندازه ی ده روز قرص ضد بارداری داد که پریود بشم و توی اون پریود بقایا بیفته. قرصارو که قطع کردم فکر کنم یه هفته بعدش حدودا پروید شدم اونم در حد چند قطره. یعنی اصلا فایده نداشت. دوباره رفتم سونو، گفت بقایا شدن ۳/۶. و وقت میذارم بیا برای کورتاژ.(دکتر من معروف بود و توی پاسداران تهران بود.اسمش رو نمیگم اما میخوام بدونید دکتر بدی نرفتم) منم هم ترس داشتم از بیمارستان و هم منتظر بودم بدنم خودش پریود بشه به صورت طبیعی تا بعدش تصمیم بگیرم. پس بیمارستانو پیجوندم.خصوصا که درد و خونریزی نداشتم و ظاهرا بدنم نرمال بود. گاهی در خد جند قطره خونریزی یا لکه بینی پیدا میکردم که این طبیعیه کاملا تا چند ماه.دقیقا یک هفته بعد اون تاریخی که ایشون وقت کورتاژ گذاشته بودن و منم پیجونده بودم پریود شدم.شاید حدود ۶۰ روز بعد سقط بود. پریود خیلی شدید بود. درست به قدر همون سقط. یعنی نوار بهداشتی یلدای تافته جوابمو نمیداد. دو دقیقه که نشستم روی مبل نهار بخورم مبل کثیف شد.خیلی خیلی شدید. و میدیدم ریز ریز چیزایی دفع میشه. اما خیلی سر سوزنی بودن و من انتظار یه چیز چهار سانتی داشتم.,False,5,5,2
402738370,"قربونت عزیزم
نگران نباش هیچ اتفاقی نمیفته 😍😍",False,1,1,1
thread_14122377_starter,از دیشب اسهال گرفتم گلاب به روتون دکتر هم رفتم سرم هم زدم ....هفته ی سیزده بارداری هم هستم ....,True,3,2,1
393061150,"یعنی هیچ تاثیری نداشته
پیش ی دکتر مجرب برید حتمااا
طب سنتی هم خوبه",False,1,1,1
374694608,میگف بچه گریه میکنه اعصابم خورد میشه.خداییشم خیییلی گریه میکرد,False,1,1,1
thread_14050705_starter,امروز ناپرهیزی کردم بخاطر تنبلی تخمدان سعی کردم رعایت کنم ولی امروز ماکارانی خوردم با سس و ترشی عذاب وجدان گرفتم تو اقدامم,True,4,4,3
289614280,والا علائم تخمک گذاری رو بخونی همینان...خواهش عزیزم بازم میخوای یه دکتر یا ماما برو,False,1,1,1
308392595,"از خود کشیدنم میترسم ولی دوهفتس دارم درد میکشمم دیگه راضی شدم به کشیدنن
الان دیگه نمیترسم چون نمیخوام درد بکشم دیگه",False,6,6,2
315618375,"ن دیگ وقتی کاندوم سالم بوده و ریخته تو اون هیچی نمیشه
ما دو ساله عقدیم ولی رابطه از جلو نداریم
چون نمیتونم هرماه استرس حاملگی بکشم  و اینکه خیلی میترسم از رابطه میگم درد داره",False,7,8,2
397388455,"از خودم مطمئنم به نامزدم شک‌کردم وجودم داره از بین میره به طلاق فکر میکنم هم باکرگی مو ازم گرفت هم پاکیمو من استخر لیزر کاشت ناخن مژه اصلا نرفتم فقط دستشویی عمومی سرکار مون ۳ بار رفتم بدون تماس شیر اب یا دستم به خودم هرچی میخونم میگه تنها با تماس جنسی و‌رابطه منتقل میشه پس نامزدم از کجا گرفته
فعلا طلبکاره دست پیش گرفته پس نیفته زندگی برام تیره شد",False,9,9,8
349004054,"نه خوبه
من ۱۲ هف ۳۰ بود سرکلاژ شد",False,1,1,1
402975476,چرا این نازایی ریشه کن نمیشه هرچی علم پیشرفت کرده دمه دستگاه زیاد شده ولی بازم نازایی هست,False,2,1,1
409818160,"من سر زایمانم دوتا خواهرشوهرام نفری 1 تومن دادن ی جاریم 1 تومن داد اون یکی جاریم 1500
خاله ام 1 تومن داد
دایی هام نفری 350 تومن ،دوست و آشنا 500 تومن و 250 هزار تومن دادن
یه خاله آم بچم 3 ماهش شده هنوز نیومده خونمون
یه دونه عمه ام دارم اونم اصلن نیومد زنگم نزد منم توقعی ندارم فقط یکم ناراحت شدم ،",False,2,1,3
412800102,منم اهوازم همشهری,False,1,1,1
336099699,"عزیزم با همسرتون چه نسبتی دارید؟
سنتون چندساله؟",False,1,1,1
412966009,منم 29 البته خیلی کمتر بهم میخوره، نمیدونم واقعا,False,1,1,1
382114582,اخ چه زیبا,False,1,1,1
404883198,"ان شاااءالله عزیزم
فرداشب برای هم دعا کنیم شب آرزوهاست",False,1,1,1
381552062,بی بی زدی مثبت بوده؟؟؟؟,False,1,1,1
thread_16233127_starter,"تو رابطه خیلی خوبی هستم طرف مقابلم همه جور خونه اغراق نمیکنم واقعا انقدر ادم نرمال خوبیه خودم تعجب میکنم کاملا بزعکس من که از یه خانواده پر تنش و متلاشی بیرون اومدم هنوزم درگیرشم
خانواده هامو در جریانن
از سر کار اومدم معلمم
دیدم بین دوستاش از بابام شکایت شده (اسم چند نفر بود سر یه چیز پیش پا افتاده ) البته همه معتادن بودن پدر خودمم معتاد
برده بودنش
رفتم کلانتری فیش حقوقی گذاشتم دوستم وکیله اومد خلاصه حل شد
این فاصله خواستگارمم نگرتن شده من جواب ندادم گوشی تحویل داده بودم
نمیتونمم راستشو بگم
یچیز الکی سر هم کردم
اولین بازمم نیست هربار سر چالش با خانوادم نمیتونم رابطمو کنترل کنم
یبار کتک کاری میشه یبار مامانبزرگم بیمارستانی میشه یبار خواهر معلولم داستان بپا میکنه
الانم که فعلا پسرمون کلا نتشو خاموش کرده در دسترس نیس
اخلاق این که بخواد تلافی کنه نداشت
ولی چند بار گفته بود که از این رفتارم که بدون توضیح نا‌پدید میشم چند ساعت خوشش نمیاد",True,9,8,5
356941352,"بخدا اذیت شدنش مهم نیس از کورتاژ وحشت دارم و راستش الدن شوهرم بیوارشده و کلی قسط دارم گفتم بدهکارش نکنم
میگم ترس من از اینه مثلا ریشه نزنه یا نمیدونم کامل دفع نشه
اگه اطلاعاتی داری بهم بگو
با چی سقط کردی",False,8,9,3
403282132,منم اینجوری بودم سعی کن خودت و مشغول کن افکار منفی نداشته باش,False,2,3,2
270638842,"نه نگران نباش
برای راحتیه خیالت یک روز در میان زعفران دم کن
زعفرون هم گرون دیگه چه میشه کرد",False,1,1,1
360304077,"سلام عزیزم میتونی با دکتر آتوسا آیریا مشورت کنی،از ا ی ن س ت ا پیام بده بگو می‌خوام ویزیت آنلاین شم خیلی باسواد هست بگو از مریضاتون معرفی کرده منو
اگه تهران بودی میگفتم بیای سونو سلامت تو اسلامشهر پیشه دکتر سنگی کارش حرف نداره وخیلی دقیقه",False,1,1,1
382555719,تو قرانو بخون گوگلو ول کن,False,1,1,1
thread_10050737_starter,حاجت هاتون رو بگید نفری دوتا صلوات میفرستم شاید تواین روز عزیز هم حاجت من رواشد هم شما,True,2,1,1
344534453,الهی ایشالله دیگ پیش نیاد ما خانوما خیلی احساسیم زود بهم میریزیم,False,1,1,1
285958039,"من بشدددت میترسم مخصوصاً وقتی مرگ عزیزامو تصور میکنم
خیلی خیلی ترس دارم و دارم اذیت میشم همیشه بهش فکر میکنم وسواس فکری گرفتم
وای خدایا توبه",False,7,9,3
385476258,اره از ۱۶ هفتگی میدونستم ولی نگفتم تا این هفته,False,1,1,1
320099321,اره بابا چ خبره مگه .نتونستی دسته دو بخر,False,1,1,1
412796927,بذا سرچش کنم,False,1,1,1
412967779,"همین بود
اخرین نفر من گزارش زدم ترکید",False,1,1,1
407252186,میخورم جواب نمیده,False,1,1,1
410199348,"🔴سوره نساء آیات 29 تا 31 ⬅️ ای کسانی که ایمان آورده اید، ...
و خودکشی نکنید!
خداوند نسبت به شما مهربان است.
و هر كس از روى تجاوز و ستم چنين كند، بزودی او را در آتشی وارد خواهیم ساخت
و اين كار بر خدا آسان است. اگر از گناهان بزرگی که از آن نهی می شوید پرهیز کنید، بدی هایتان را از شما می زداییم، و شما را در جایگاه ارجمندی وارد می سازیم.",False,1,1,1
413962301,عزیزم من پسر بچه نمیخواماااا من مردی میخوام با ویژگی های مردونه مثل حمایت کردن و فراهم کردن و شجاع بودن و از این جور چیزا😁,False,1,1,1
thread_17431064_starter,"من ۳۱ هفتمه وقتی ایستادم جنین تکون میخوره خیلی میترسم انگار میخاد بیفته.
بنظرتون طبیعیه خیلی میترسم
لطفااا جواب بدین ممنون",True,7,8,1
256281249,آهان درسته. منم فکرشو می‌کردم,False,1,1,1
335260614,از امشب جامم جدا میکنم میدونم از عمد بهم توجه نمیکنه از بیرون میاد ی بار نشده حال منو بپرسه بگه بارداری بچه خوبه صب میره ده شب میاد یعنی من دیروز صب داشت صبحونه میخورد بچه رو بردم دستسویی اب پاشید روم کلا لباسمو عوض کردم اومدم سر میز انگار ن انگار بگه چیشد لباساتو عوض کردی یعنی کلا منو نمیبینه,False,6,3,5
370925132,"بله که دروغ میگن
اونام کارشون قشنگ جلوه دادن اونور و پول گرفتن از شما برای اقامته
عاشق چشم و ابرو تون شدن بیان درست و حسابی براتون بگن چقدر مرداشون مریضِ تجاوز و هولِ ایرانی هان؟
اونقدر دخترای ایرانی بدست اوردنشون راحت شده که پسره با دوتا کال دختره رو میکشونه کره و در آخر دختره بَرده صنعت جنسی شون میشه
همه این حرفام از روی تجربیات یسریا است که اونجا بودن و ضربه خوردن",False,2,1,1
thread_11355279_starter,هفته ۲۴ بارداری ام، الان چند روزه که مدام زیر شکمم درد می‌کنه گاهی سمت راست گاهی چپ، با خم و راست شدن و پهلو به پهلو شدن درد رو بیشتر احساس میکنم دیروز دکتر بودم گفت انقباض نداری اما برام آمپول جلوگیری از زایمان زودرس نوشت. سوالم اینه به نظرتون اینارو استفاده کنم یا ممکنه این دردا برای جا باز کردن رحم باشه و طبیعی این آمپول ها برای جنین ضرری داره؟,True,6,7,2
264921650,هر روز درد دارین؟ استراحت میکنین فقط؟,False,1,1,1
thread_12008908_starter,از دیروز گلو درد سوزش گلو آبریزش بینی سردرد شدید خواب آلودگی زیاد الان ۳ ساعته خوابیدم ولی هنوزم خسته خسته ام. بدنم هم حالت گرفتگی داره.  اینا برای چیههههه دارم دیوونه میشمممم.  😭😭😭😭😭😭,True,6,4,2
321055600,هیچ وقت نمیبخشمش تا چه حد عوضی...,False,4,1,2
370924425,همی کم داشتیم کره ای کجاپیداش کردی,False,1,1,1
391019290,ولی محشر بازی میکنه,False,1,1,1
317194875,"ولی من اونروز زنگ زدم جواب دادن
صبح ساعت ۹ زنگ بزن
بعدم گفتم باید حضوری بری پیش دکتر زنانش طبقه ی دوم
خودشون نوبت اکو میدن",False,1,1,1
412310782,مگه میشه نداشته باشه؟!!!,False,2,2,1
400310806,"خب به خاطر همین بوده
بچه احتمالا اومده پایین",False,1,1,1
342740988,مرسی حتما تک تکشون رو گوش میدم,False,1,1,1
406154950,مشکلمون پیدا کردن دکتریه که این کار رو انجام بده,False,3,2,1
412920963,کیستت چه نوع بوده,False,1,1,1
410274654,"عزیزم ممنون
اتفاقا حس خوبی بهم میده 🥺🥺🥺🥺❤️",False,1,1,1
337409042,نه 🙄باید پهلوی چپ بخوابیم,False,1,1,1
thread_17473534_starter,پريروز يكم ترشح صورتى داشتم به دكترم گفتم، گفت باردارى دوقلويى طبيعيه، ترسيدم خودم رفتم پيش پريناتولوژيست، تا نگاه كرد گفت سرويكست ٠ شده، دهانه رحمت باز شده، كيسه آب بيرونه، دارى زايمان مى كنى، ديگه كارى از دست ما برنمياد، هرچى زنگ زديم دكترم درست جواب نداد، فورى بردن م آتيه، هيچ دكترى حاضر نبود عملم كنه، به زور يك نفر سركلاژم كرد بهم شياف داد، انتى بيوتيك، امپول پروژسترون تا ده روز، كلكسال تا آخر باردارى تو رون پا، ١٠ روز پيش آنومالى ٣٦ بودم، انقدر حالم بده دارم از استرس مى ميرم، چطورى مى تونم اين بچه ها رو تا ٣٠ هفته نگهدارم، اصلا از جام پانميشم، همه ش پهلوى چپ دراز كشيدم، حتى غذا خوردنى ٣ دقيقه مى شينم، خيلى غصه دارم، با شوهرم خيلى گريه كرديم وقتى ختم باردارى دادن,True,10,9,8
353194502,"لانچ باکس برقی بخر
غذاتو بزنی برق گرم میشه داخل ماشینم میتونی گرمش کنی",False,1,1,1
409626473,"نوش جون خودتو و نینی
فقط زیاده رویی نکن بدن زن باردار حساسه  نمک زیاد فشار نگیری خدای نکرده",False,1,1,1
315614530,"عیبی نداره عزیزم چرا ناراحتی مگه خلاف شرع کردید
اگرم باردار باشی بچه شرعی و قانونیتون فقط ی ذره زودتر باید برید سر خونه زندگی
واقعااا انقدر ناراحتی نداره هیچ کار اشتباهی هم نکردی عذاب وجدان نداره",False,1,1,1
thread_16861240_starter,"کسی حس و حالش مثل من شده؟
من باردارم و نمیتونم حدودا یک سال سرکار برم.
و الان که خونه هستم همش احساس پوچی و بی مصرفی دارم.
نوش خوار فکری میکنم خیلی شرایط بدی و دارم میگذرونم",True,7,5,9
253620712,"بعضیا برا دیابت متفورمین میخورن آخه تو همین نی نی سایت دیدم
خدا کنه حداقل انسولین بده بهم، هرچند از تزریقش میترسم",False,3,4,1
292565904,حتما برو دکتر ....,False,1,1,1
383791945,عکس الصاق کردم بروو بخون,False,1,1,1
402712601,خب چرا جدا از هم زندگی می‌کنید,False,1,1,1
403162945,"حالا که قضیه زود لو رفته دیگه نمیشه کاریش کرد
پس باید صبوری به خرج میدادی بخاطر فندقت
میگفتی نه بابا کمر درد دارم نمیتونم بیام جایی",False,1,1,1
301138495,عقده ؟ گیراییتم میزنه مث عقلت ...منو باش چ چهار پایی رو ریپ زدم,False,3,1,1
404493809,اره طبیعیه من اولاش دردای وحشتناکی داشتم دردای پریودی تقریبا یه ماه بعدش خوب میشه,False,2,1,1
334342040,اخه من موندم منو چرا بدون اینکه آمینوسنتز بدم گفتن بچت باید سقط بشه مگه غربالگری همش احتمال نیس؟؟ چرا این نامردا منو دق مرگ میکنن,False,8,8,5
309161205,مگه طبیعی زایمان میکنی؟البته اینا که طبیعی بودن من چندنفر دیدم بخاطر بخیه که میزدن مشکلی نداشتن.تازه میگفتن بعد زایمان موقع رابطه درد هم داشتن بخاطر تنگ شدن,False,1,1,1
274692036,دانش اموز کنکوری به اندازه کافی فشار روحی و استرس داره ،مشاورت حتی اگر به خاطر خودت رفتار تندی از خودش نشون بده هم فقط بهت اسیب میرسونه، تو حتی به خاطر ترس، بهش دروغ گفتی پس این یعنی فشار زیادی روت بوده و باهاش هم راحت نبودی بنظرم با خوانوادت حرف بزن عوض کن چون حتی اگر از صفر هم شروع کنی دو ماهه دیگه بازم ممکنه بیخیال برنامت بشی ...,False,1,1,1
351133030,"بجا بگه مقصره و‌اشنباه کرده یا اصن هرچی
کتکم زد ک چرا بیدارم‌کردی اون پیام‌اصلا الکی بوده و قنگ‌پیچوندش جوری دروغ‌گغت هی باخودم‌میگفتم‌وای چرا زود قضاوت کردم شک کردم ب خودم
الان کلا جوری داره برخورد میکنه انگار و جوری باهام دعوا داره و‌ناراحت که من ب غلط کردن بیوفتم
ماشینشب نامم هست",False,8,5,5
271055693,وای دیشب منم درد اطراف ناف و زیرشکم داشتم یجوری بود اصلا نمی‌تونستم بشینم میترسم یوقت قلبش تشکیل نشه😔😔😔آخه هفته ۶ هستم دکتر گفته هفته ۸میری سونوقلب,False,7,8,2
thread_11937770_روغن_کرچک_1402/06/11 04:07,بهت حسودیم شد واسه بچه...,False,3,1,3
363805448,"من خونه مامانم جو مناسبی نداره زجر میکشم بخاطر همون تک و تنها تو خونه خودمم
شوهرم هم کلا خونه نیست ماهی چند روز میادخونه
دیگه هیچی😢",False,7,3,7
411892933,از چی پشیمونی؟ببخشید اما ایشون باید پشیمون باشه ،چون مقصر شمایید.نه به خاطر اینکه وسواس داری،به خاطر اینکه میدونی این مشکل رو داری اما دنبال درمان نیستی,False,1,1,1
358531905,😭😭😭😭بخدا جونم درمیاد هربار میبینم دخترم ک‌انقد حالش خوب بود میخندید الان چشاش انقد مریض لم اتیش میگیره من در برابر مریضی بچه هام میمیرم😭😭😭ی ماه هی میگم فردا خوب میشه فردا خوب میشه هی بدتر میشه,False,9,8,7
398736047,آره من زدم,False,1,1,1
thread_13187082_onyxxxxx_1402/12/17 15:47,مزوتراپی تاثیرش موقته باید اول دلیل داخلیش رو پیدا کنی برو دکتر داخلی,False,1,1,1
377226504,"جنینه دیگه
۲۶هفته خیلی واضحه",False,1,1,1
339405295,"آدم‌هایی که پول در نظرشون بزرگ و والا جلوه می‌کنه، از نظر اخلاقی افراد خطرناکی محسوب می‌شن.
میل به مال‌اندوزی در حد مستطیع بودن به امرار معاش منطقی و موجهه، فراتر از اون می‌شه دورریز  و تباه کردن عمر!",False,1,1,1
375819861,۱۳ هفته خیلی بزرگه وقتی دارو استفاده میکنی حواست به افت فشار و قند باشه مرتب چیز شیرین بخور وقتی خونریزی شروع میشه دردش مث پریوده نزدیک دفع درد زیاد میشه باید تحمل کنی دیگه,False,1,1,1
272388121,اره دقیقا از هرکی هم سوال میکنم دردش چطوریه میگن مث درد پریودی شدید تر اخه من پریودی هام دردناک نبوده که بدونم,False,2,3,1
346695829,۸ ملیون چند سال پیش,False,1,1,1
371326906,"داشتم میگفتم با تحصیل و اشتغالم مشکلی نداره اصلا صدرصد اجازشو میده …
و مهریه هم اوکیه ولی چون بقیه حق ها رو مثل حق طلاق خیلی ناراحتش کرده و بخاطر این میگه من هیچ حقی رو بهت نمیدم مهریه هر چی بخوای",False,3,2,2
307802936,"دلستر بخر
دلستر انگور فقط زیاده روی نکن
من یک هفته دلستر خوردم اب دور جنینم زیاد شده بود استراحت مطلق شدم😐وزن بچه هم زیاد میشه
۳۰هفته بودم اب دور جنینم ۲۹بود",False,1,1,1
409277380,"ببین ی سری چیزا رو دکتر برام نوشت ی سری چیز ها رو به مرور خودم بهشون رسیدم
در کل اگر تو این موارد زیاده روی کنم میگرن میشم
پنیر کهنه
گوجه
فلفل
گردو
خیار شور و ترشی
آب میوه طبیعی
شیره و شربت شیره
مرکبات
ی سری مکمل ها هم بهم نمیسازن مثلا مکمل آهن",False,1,1,1
404078181,واقعا ببین درد غیر قابل تحمل نیست ولی یکم دارم 🥺,False,2,2,1
284349373,میشه برای مادر شدنم صلوات بفرستید خیلی وقته منتظرم 😭😭😭😭🥺🥺😭😭,False,5,3,5
398384561,واله اینطوری میکفت بنفعم بود .اگه بدونی چ حالی داشتم رفتم مغازه ی بنده خدا نشستم حالم بد شد فشارم افتاد تو مغازش کلی بالا اورذم البته همش اب و شربت لعنتی بود.لینسور خجالت کشیدم لباس همه چیم کثیف کرذم,False,4,2,2
thread_11900475_starter,خانما من  ۶۱ روز از زایمانم میگذزه از وقتی رابطه دارم  یه بار لک میشه بعد ترشح کم رنگ دارم بو عفونت نمیده اما یه بوی میده  ن  سوزش نه خارش نه درد ن ترشح سبز اینا ندارم  ما میترسم,True,4,6,1
410156241,چمد هفته ایی منم بد خلقم تازه پسرمم کوچیکه,False,3,1,1
332745163,خیلی احساس حقارت میکنم راستش تمام ماجرا اینجوری شروع شد اینا خانوادگی بی ادب هستن منم ده سالی هست کناره گیری کردم تا اینکه پارسال,False,6,3,6
thread_7611913_سوفیام966_1400/08/22 13:51,هیچچچچچ حسی ندارم ذهنم درگیره چرا تکون نمیخوره اگه دکتر نمی‌رفتم اصلا نمیفهمیدم باردارم کسی مث من هست,False,5,7,2
359345697,اسم پسرتون آراز هست ؟,False,1,1,1
413202024,موقع ازدواج ترس نداشتید؟ ببخشید میپرسم چند سال پیش ازدواج کردید؟,False,1,1,1
thread_9977711_بودا_1404/05/28 07:10,خیلیییییی زجر میکشم😭😭😭😭🖤🖤🖤🖤,False,8,3,8
286512519,"فاطمه
ان شاءالله که به حاجتت برسی عزیزم",False,1,1,1
383908494,"با هیچ پسری وارد رابطه نشین
در هیچ حدی
ولی خصوصا رابطه احساسی و فاز عشقی برداشتن
رابطه با جنس مخالف جز ناراحتی و اعصاب خوردی و افسردگی و بی ابرویی و از دست دادن اعتماد خانواده هیچی نداره",False,1,1,1
thread_17812767_starter,"سلام خانوما .. من الان وارد 9 هفته شدم ولی نمیدونم چرا بد به دلم افتاده  فکر میکنم نی نی مرده😭 چون شاید خیلی   نگرانشم اینجور شدم
بعد من از همون اول بارداری هی یکم زیر شکمم درد میگره  حالت تهوم هم بخواطر خوردن قرص که خود دکتر تجویز کرده بهتر شده
بعدش نزدیک چهار روز پیش یکم خیلی کم ترشهاتم صورتی شد سریع رفتم دکتر گفت بخواطر رشت جنینه نگران نباش البته که بعد ظهر نکشیده کامل بند اومد شیاف بهم داد  استفاده کردم و دیگه اصلا هیچی نیومد. سینه هامم درد میکنن معدم هم  کمی درد میگره  خوب میشه درد زیر شکمم هم خیلی کم تر از پریودیه هی میگره بعضی وقتا ول میکنه زیاد نیست میگم کسی بوده این جوری بوده؟ مثل من؟ راستی قلبشم ماشالله خوب میزد توی هفت هفته و یک روز  و سنو هم بهم گفته بود سالم سالمه🥹نمیدونم چرا ا دیشب دلم افتادع تو فکر  ایا این علاعم خطرین دکترم که گفته نه",True,8,9,2
387998903,مشکل همینه چند بار با شوخی با طعنه هر چی شده سر حرف را باز کردم انگار سرد شده .میترسم افسردگی گرفته باشه سابقه اش را دارن خانوادگی,False,4,6,1
thread_9765695_سمنمن_1401/09/13 19:28,ممنونم خواهر جان ، دقیقا دو هفته  که گذشت بهتر شدم ، انگار دوره اش باید می‌گذشت ، همه این کارها رو میکردم ولی اصلا اثر نداشت خودش کم کم بهتر شد ، ولی پوستی ازم کنده شد,False,4,2,2
375596791,"کلا ارتودنسی خودش جلب توجه میکنه چه رژ قرمز بزنی چه نزنی😂
من همیشه طوسی زدم
الان انقدر ارتودنسی زیاده که همه براشون عادیه نگران نباش",False,1,1,1
thread_17980414_starter,"حتی اگ ب حال مرگ بیفتد یا حالتون بد بشه حالتونو نمیپرسه؟ شوهر من اینطوریه وقتی میونمون سرده تلاشی نمیکنه برای گرم شدن مینمون و وقتیم ت این موقعیت حالم بد باشه پشتشو بمن میکنه میخوابه حتی حالمم نمیپرسه... چن روز پیش دعوامون شد من اول داغ کردم ولی بعدش حرفایی زد ک اصلا از ذهنم پاک نمیشه از دلم هم... سر همین نمیتونم باهاش گرم باشم اونم کافیه کوچکترین سردی ببینه تبدیل ب سردخونه میشه
💔🥺",True,7,3,6
401452228,فهمیدم جی گفتی ولی خدت مگه نمیدونی ناخن پات چ ربطی ب جنبن ت شکن داره ک زیر هفته لایه ت شکمته 😕😕😕,False,1,1,1
411899234,متاسفانه از اصحاب کهف بیشتر رفتیم تو شوک,False,2,1,1
413024792,"مردا خیلی بیشعور و احمقن
شدیدا مشکل عصبی پیدا کردم حالم خوش نیس
خدا خودشونو مادرشونو خواهرشونو لعنت کنهههه",False,8,3,4
381927934,پریود شدی بعدش ؟چطور بود پریودیت,False,1,1,1
thread_18028954_starter,امروز بیماریش تشخیص داده میشه خواهش میکنم دعا کنید برا سلامتیش خواهشاااا😭😭💔💔💔,True,8,8,6
413451673,"ادمها متفاوتن
لزوما ربطی نداره به تجربه
البته تجربه مهمه در چه حد بوده باشه چرا جدا شده با چند نفر ارتباط داشته .....
ولی سیاست اینا لزوما به تجربه نیست دیدم که میگم",False,1,1,1
thread_17319060_starter,یکهفته هست کورتاژ شدم اونم بدون بی حسی خیلی درد کشیدم و احساس میکنم آسیب روحی دیدم چون دیدم که داره چطور انجامش میده😭😭هنوز خیلییی درد دارم احساس میکنم خیلی زخم شدم حتی یه خوابیدن راحت برام آرزو شده هستین بگم؟؟,True,9,6,7
thread_9078130_phr_1401/05/02 23:35,"هم چشم شور و هم این مزخرفی که فرمودید خرافاته و حقیقتی نداره
( ببخشید اگر بی احترامی ای شد )",False,1,1,1
348744614,دوستته ؟ خیلی قشنگ بکش کنار خودتا کوچیک نکن,False,1,1,1
315450246,"چون مامان بابام مریضن
من باید کنارشون باشمم ولی اون مال ی استان دیگس
بابام سرطان دارههه میخوام ازدواج کنممم که موقع ازدواجم بابام باشهه
ولی اون تا ۵_۶سال دیگه موقعیت ازدواج رو نداره
عقلم میگهه عقلانی نیست وقتی ۵ سال صبر کردیی ۵سال دیگه ام صبر کنی😭😭😭😭😭",False,8,7,7
413952004,"از مهره گردن تا دنبالچه دم باسن همه اش ستون فقرات هست.
معمولا شماره ی مهره می نویسند. مثلا c5  یکی از مهره های گردن هست.",False,1,1,1
410468757,"هرآنکس که دندان دهد نان دهد
خدا توقرآن میگه ما روزی دهنده هستیم
نگران چی هستی؟!
بچه به دونه باشه گناه داره، خداروشکر ۲تا هستن همبازی و همدم هم میشن",False,1,1,1
thread_12080880_starter,"شوهرم امروز بهم گفت اگه تو بری من پیشرفتم شروع میشه(کارگر شرکته)
خیلی دلم گرفت مگه من چ خرجی دارم😔
دلم میخاد برم ببینم چ کار میخاد بکنه ک من مانعشم..😔
بعدشم دید من بهم برخورده هی میگف الکی گفتم و شوخی بود
ولی ذهنِ منِ افسرده میگرده یه دلیل مسخره پیدا کنه برای اینک زار بزنه و ماتم بگیره😭😭",True,8,4,9
thread_13092209_آشرشته_1402/12/03 10:28,به سلامتی گلم زایمان کنی خیلی خوبه استرس نداری,False,1,1,1
341136694,میشه بپرسم چن وقته متاهلی؟,False,1,1,1
391500326,بدترین غذا سوشی هست به نظرم🤢🤢🤢🤢🤢,False,1,1,1
thread_7502222_9499mahtab_1400/08/03 09:41,آره خیلی، عصبی و پرخاشگر میشم، جدیدا تپش قلب و درد قفسه سینه هم بهش اضافه شده,False,7,7,3
380905850,"شاید بچه ام ارومه.چیز شیرین بخور و به پهلو دراز بکش ببین چطور میشه..
اخرای بارداری حرکات کمتر میشه  چون جاش تنگتر میشه",False,1,1,1
346387773,استراحت کن فعلا اورژانس زنان از 115 بپرس ببین تو شهرتون اورژانس زنان کجاست برو,False,1,1,1
361445038,سلام مرسی عزیزم اره رفتم گفت یا باید بستری بشی الان سونو نداریم یا برو بیرون یا برو بیمارستان های اطراف اونجا هم باید بستری بشی من امروز لکه بینی قهوه ای دارم خیلی کم بعضی از خانوما گفتن شاید هماتوم بوده دفع شده چون یهو ی خونریزی کردم دیشب هم چند قطره اومد امروز خوبم درد هم ندارم حالت تهوع هم دارم فقط لک قهوه ای میبینم,False,4,4,1
thread_11322121_starter,سلام دوستان ممنون میشم راهنماییم کنید من باردارم تقریبا ده روز تا فارغ شدنم مونده شوهرم شبکاره اوایل ازدواج شبایی که تنها بودم نمیتونستم بخوابم مثلا از اینه صدا میشنیدم یا روفرشی تکون میخورد ولی خیلی وقت بود دیگ این اتفاق نمیوفتاد اما امشب با اینکه داداشم و ابجیم پیشم خوابیدنو تنها نیستم انگار یکی از خواب بیدارم کرد بعد یه سایه دیدم که از در بیرون رفت حالا تا چشمامو میبندم میبینم میخواد بزنتم نمیدونم چطوری به ترسم غلبه کنم کسی میتونه راهنماییم کنه؟,True,7,9,2
402022790,ترست طبیعی نیست از اول خلقت این همه زن این دورانو گذروندن و حاضرن باز هم باردار بشن منم دو تا بارداری داشتم دوران سختی هست اما نه در حدی که ایجاد ترس کنه و خیلی اذیت کننده باشه,False,1,1,1
374786131,اهان ، میشه یه لحظه بیاین خصوصی,False,1,1,1
374945214,"میدونه چندبار دعوتمون کردن.
الان منتطرن دعوت کنم.",False,2,1,1
413936747,من که متاهل نیستم ولی خب اگه حساس شده حتما برای خودش دلیلی داره. به خصوص که میگی با بقیه خوبه و فقط با شما مشکل داره. شاید تو خوشگلی یا شاید موفقتری. البته امکان اینکه پیکمی باشی و لجش بگیره هم هست.,False,1,1,1
320952895,"دقیقا منم همین یه مدت پیش تجربه کردم
تا سر حد مرگ پیش رفتم و خدا نجاتم داد
هرگز نمیبخشم کسی که زندگیمو خراب میکنه
برای یه رتبه خوب چنان حرص خوردن و حسودیشون شد من که سابقه افت فشار نداشتم چیزی نمونده بود برم کما
بماند که چقدر اهل دعا گرفتنم هستن و با اینکه اعتقاد ندارم به دعا و این حرفها
بازم واگذارشون میکنم به خدا",False,8,4,5
339327674,شما چند وقت شد تا باردار شدین مشکل خاصی داشتین؟,False,1,2,1
369821765,موعدت گذشته؟!بی بی بزن اگه گذشته,False,1,1,1
thread_15764177_starter,"شاید تاپیکامو زیاد دیده باشین
۲۳ سالمه معلم رسمی هستم دبیر تیزهوشان
پدر مادرم تو نوزادی جدا شدن
مادرمو کلا ندیدم
بابام بیکار معتاد
با مادربزرگ پدری بزرگ شدیم
مامانبزرگم سرطانی
خواهر دوقلوم معلول که مشکل روحی روانی پیدا کرده
از وقتی بابا بزرگم فوت کرده سه تا عموی معتاد بیکارم اومدن خونه ما
به گند کشیدن هرروز دعوا
دود دم ادمای مختلف معتاد میان میرن
تعرض دیدم از عموم
مامانبزرگم باهام نمیاد جای دیگه اجاره کنم
نمیتونم برم جای دیگه خونه جدا میترسم
نمیدونم از چی
پولمم نمیرسه ماهانه ۶ ملیون قسط میدم ۲۰۰ تومن وام واسه درمان خواهرم گرفته بودم
درامدم زیاد نیست
نای زندگی کردن ندارم",True,10,8,10
thread_8394180_starter,"از ساعت ۹ صبح دیروز بیدارم تا الان خواب ب چشام نیومدههههه😭💔😑تاپیکم زدم گفتم من رفتم بخوابم ۵ دیقه بعدش ایفون زنگ خورد☹️اینم شانس ما
بعد ضعف دارم ،تهوع ،سرگیجه ،ینی دارم میمیرماااا😑☹️
برا بچه خطر نداره؟
الان میخام بخوابم....خوابم نویبره
چشام داره از کاسه در میادا",True,7,8,3
335567358,"بالاخره یه روزی باید از ترس الکی دست برداری برو یه شاخه گل بگیر بیار همین
هیچ اتفاقی هم رخ نمیده",False,1,1,1
338558546,وای من یبار تو سرویس مدرسمون اینجوری شدم پاشدنیم دیدم کثیف شده صندلی بچه بودم فقط پیاده شدم رفتم حموم انقد گریه کردم😑,False,3,3,2
322804610,"بخاطر بارداریت و هرمونات هست
منم سر بارداری سومم همش میگفتم دوتا داشتی برا چت بود و به شدت احساس افسردگی و ناراحتی داشتم بعد یه مدت درست شدم",False,3,3,7
400685736,اخه نمیشه استفاده نکنی اخه🤦🏻‍♀️🤦🏻‍♀️🤦🏻‍♀️,False,1,1,1
381182145,چه ذکری بگم مخصوصا الان که خیلی استرس دارم تروخدا چیکار کنم کم بشه استرسم,False,9,8,2
413304931,كارتون در چه زمينه اي هست؟,False,1,1,1
305228734,"اره میگم بیشتر بخاطر همون ژن آدمه که یا خط می افته یا ن
ولی خب گفتم تا خط نیافتاده حداقل کاری انجام بدم که پس فردا خطارو دیدم نگم ای کاش یکاری میکردم
مرسی عزیزم ❤️",False,2,3,1
411932982,"اخی🥲
مگ زیاد تنهای غذا میخوره ک اونطور گف؟",False,1,1,1
368301737,حتما دوس پسرت یه گدای عقده‌ایه که هزار تومنم نداره به پولدارا حسودی میکنه بدبخت,False,2,1,1
thread_9880759_liananill_1401/09/23 18:18,احتمالا اگه ویارت شبیه حاملگی قبلیه،جنسیتش فرق میکنه وپسر،منو تگ کن,False,1,1,1
353292460,"لااقل بگو زیاد تنگ نکنه
من چندسال پیش متخصص رفتم زنه کریه میکرد میگفت دارم اذاب میکشم چه اشتباهی کردم تو رابطه سهمم فقط درد و گریه ست
دکتره کفت من بهت گفتم قبول نگردی میخواستی تا این خد تنگ بشه دیگه من نمیدونم چی بود چه عملی بود",False,1,1,1
390101589,قرارنیست از بدو تولد باشه که .توی یک هفته چسبندگی شروع میشه .باید حواسش باشه تا ۳ ،۴ سالگی .بعدش رفع میشه,False,1,1,1
359931941,"یادم نمیاد
ولی الکی استرس نداشته باش استرس خودش سمه",False,1,1,1
397645120,"ملت هرچی میخوان بگن ،بگن، من خودم همیشه دوست داشتم چهارتا بچه داشته باشه ولی فقط یکی دارم قصد دارم برای دومی که فهمیدم فیبروم دارم باید جراحی کنم بعدش هم که معلوم نیست بشه یا نه
اصل دل خود ادمه، اینجا روشن فکری ک نمی‌فهمه زیاده
خودت ک می‌دونی میتونی و مالی و روحی میتونی پس مهم نباشه",False,3,3,2
290929873,"من روزی یک استکان میخوردم..اون میگفت من روزی دو سه  تا استکان میخوردم..پسردومی من سفیده .وزردیش خیلی پایین بود..اما اون خودش وهمسرش سبزه وچشم ایرو مشکی..بچه هاش سفیید..بور یکی چشماش عسلیه ..یکیش هم سبز
خودش میگفت دلیلش کاسنی..پسر خواهرمم که من گفتم وخورد سفید وبور",False,1,1,1
359395723,"مگ فقط ی شارژر من ی مثال زدم کل جیک پوکش میدونم تا پسورد گوشیش دارم همه زندگیش میدونم
هنیشه هرکاری میخواد بکنه بامن مشورت میکنه توحه بیش از حد داره رسما دوتا ادم ک تو رابطن چجوری ان؟؟ ما همینجوری ایم
وقتی اعتراف نمیکنه تصنیم گرفتم انقدر وقتی داره زبادروی میکنه  بگم بهش و گیر بدم بهش تا یا اعتراف کنه یا هم حدشو بدونه",False,4,4,2
280457835,عزیزم شما باردار هستین؟,False,1,1,1
thread_16576742_starter,من احساس میکنم وقتی جدی ام ب حرفم بیشتر گوش میده مثلا با ناز و لوس حرفمو نمیگم...  و اینکه ب خیلی چیزا گیر میده مثلا لباس و ناخن امتحان کردم وفتی خودمو عصبی میکنم میگم نه ایرادی نداره و... بیشتر گیر میده اما  اونوقت ک خودمو مظلوم و ناز کنم چیزی نمیگه...,True,3,2,1
thread_18010454_starter,"اعصااابمو خراب کرده
با پدرش اینا تو یه ساختمونیم هردفعه خواهرش میاد منو تنها میزاره میره اونجا پیش اونا
یه شبم قرار بود بریم بیرون من لباس پوشیده امادهههه چون اونا اومدن نبردم گفت نمیریم
امشب خونه بابام بودم از ساعت ۹ پیام پیام ک بریم خواهرم اونجاست زشته فلان گفتم نمیام گفت خب تو بمون برم پیششون رفتن میام سراغت گفتم بری دیگه نمیااام
هی وایساد پیام دادن بریم بریم منم پاشدم جمع کردم اومدم باهاش ولی یه کلمه ام حرف نزدم کیفمو گذاشتم رو اپن بابام اینا با یه رفتار بدی کلید خونمونو زد تو اپن و کیفمو برداشت بازم اون طلبکار بود من اومدم خونه خودمون اون رفت پیش اونا منتظرم فقطططط بیاد تا یه دعوا باهاش کنم بازم میگم ولش کن حوصله حرف زدن تکراری ندارم واقعا خستم کرده
بی محلش کنم بهتره یا دعوا؟",True,9,4,4
thread_16852577_starter,سلام من باردار هستم دکتر برام تست سل فری نوشته کسی تجربه ی این ازمایش داشته ؟ تروخدا جواب بدید خیلی استرس دارم,True,8,8,2
413024473,"سلام با اجازه استارتر لطفا پستمو پاک نکن عزیزم
میتونم یه درخواستی بکنم میشه دوستان تاپیک دوم منو گزارش بزنین؟؟پاک شه لطفاااا🙏🙏🙏",False,2,2,1
411949362,کسی که زنشو میزنه بنظر من اصلا مرد نیست☺️,False,1,1,1
366601742,"عزیزم بعضیا مشکل حنجره پیدا میکنن مجبور به عمل میشن بحثشون جدا
اما کسی برای زیبایی صداش من ندیدم بره عمل
بری دکتر عمل نمیکنن برات
یا اگر بکنن بخاطر پولشه",False,1,1,1
413744236,با اینکه خدا اینا رو به سختی به من داده بود،از بدترین خونریزی ها گذر کرده بودم اما دلم اروم نمیشد،همش گریه میکردم و میگفتم من لایق نبودم،مادرم حال زار منو دید یه داستانی برام تعریف کرد که خیلی ارومم کرد،بعد شوهرم کلی باهام صحبت کرد و گفت به نظرم با دکترت صحبت کن خدای نکرده دچار افسردگی نشی,False,7,7,8
344080860,من خودم از معده درد ۱میمیرم هر دیقه رفلاکس شدید گرفتم به خاطر بارداریم توام احتمالا رفلاکس ضعیفه بچت پسره؟,False,5,3,2
364247942,"آره عزیزم
دیشب که جنازه رو آوردن رفتن غسالخونه
خوب پسرشو بوس کرد
طوری ک بابام بوسش کرده بود اومد خونه موهاش خونی بود بابام 😭😭
وای جگرم آتیش گرفته
از این طرف استرس ابرو رو دارم",False,8,6,8
411606821,"بابای منه.
واااای بچه دار اگه بشین مثل من عذاب میبینه 🥲",False,4,2,4
409874399,الهم صلی علی محمد و آل محمد و عجل فرجهم,False,1,1,1
323998752,ربطی به علایم نداره.گاهی دختر و پسر هردو علایمش مثل همه,False,1,1,1
413976459,کافی نیست باید ورزشم انجام بدی,False,1,1,1
413837638,"نه چرا بمونه
البته همیشه مادیات ملاک نیست، اگر اخلاقتون هم اوکی باشه دیگه حله",False,1,1,1
403866940,آره منم ۱۹ هفته ام هنوز خوب حس نمی کنم. جفتم هم قدامیه دیگه اصلا نمیشه راحت حس کرد .,False,3,4,1
thread_17966299_starter,"هفته ۶ و یک روز هستم
شوهرم خیلی بی درکه
فکر میکنه فقط پول خرج کردن و خوراکی خریدن مهمه و اصلا درک نمیکنه باردارم
دکتر بهم استراحت مطلق داده
این از دیروز منو برده بانک واسه کارای بانکیش چهار ساعت بدون صبحانه از اول صبح بیرون بودیم کمرم درد گرفت
دوباره امروزم منو برد بانک یک ساعت نگه داشت و یکسره استرس خوب پیش رفتن کاراشو داشت هی داد میزد سرم منم عصبی شدم داد زدم پاهامو کوبیدم زمین گفتم بچمو کشی
از بس استرس دادی میدونم این قلبش نمیشه
و الان استرس دارم هم برای حرص خوردنم هم برای پا کوبیدنم به زمین و فشار رو پاها
بچم چیزیش شده؟ قلبش تشکیل میشه؟
اولین بارمه
چیکار کنم خدایا کمکم کن😭
لطفا نگید این چه شوهریه خودم میدونم بی درکه چاره چیه",True,10,10,5
413672291,عزیزم لانه گزینی زمانی هست که تخمک بارور شده و میخواد داخل رحمت جا بگیره,False,1,1,1
thread_17109815_starter,دنبال ایده قشنگ برای خبر بارداری ب خانواده ها هستم میشه کمک کنید,True,1,1,1
413934425,"نه من میزنمممم خیلی نرم و صاف و سفید میکنه
هیچ ضرری نداره",False,1,1,1
thread_9485660_فاطمه_هستم_۲۳__1401/07/19 14:01,من مث تو بودم انگار منو گفتی من میرفتم خونه تو زمستون همه پنجره باز میکردم میگفتم بو میاد همسرم میگفت به پیر ب پیغمبر بو نمیاد یخ زدم😂 . با مامانم دو دیقه میرفتیم خونم وسیله برداریم همش میگفتم بریم بریم نمیخام اینجا باشم,False,2,3,1
406620172,"شما میخوایین خب  عزیزم
برا من ناخواسته بوده",False,2,1,2
404068300,"بستگی به خودتون داره بعضی وقتا پول خرج یکی شه بهتر جوابه تا همون خرج چند نفر شه
و اینکه داشتن خواهر یا برادر صرفا این معنی رو نمیده که تنها نباشه
من خودم دوست ندارم تک فرزندی ولی خوب خودتون بهتر شرایط رو میدونید",False,1,1,1
413189613,گلم مادرتون چجوریه؟,False,1,1,1
406481647,الان پسرم کلاس چهارمه😁,False,1,1,1
349997903,"بله حتما
فقط استرس هم برای فشار خوب نیست وهم قند بالاخره بشدت اصلا استرس نداشته باش",False,1,1,1
332537326,[QUOTE=332537218]ماهی چیه[/QUOTEشوهر بی سلیقم انتخاب کرده,False,1,1,1
thread_18090539_starter,سلام دوستان با مردی که زود عصابی میشه و قهر میکنه چیکار کنیم ؟؟؟,True,4,3,2
379830088,نه بابا ..خیلیا همراه پریود لخته هم دفع میکنن البته لخته ها بزرگ باشه حتما باید مراجعه کنی دکتر ..من یوقتا دارم کوچیکه,False,1,1,1
thread_18115856_starter,"از وقتی عمل کردم افسردگی گرفتم قبلش افسردگی داشتم الان بدتر شده فک نمیکردم این شکلی بشم
ده روزه عمل کردن من فکم عقب بوده آوردن جلو ولی خیلی صورتم بد شده خیلی گرد شده یک گردو در نظر بگیرید با یک چونه پایینش دماغم بزرگ تر شده دندونام هم رفته عقب اصلا دیده نمیشه",True,7,5,9
331296924,چه افسرده گی من بچم مشکل ژنتیکی داشت و تو بارداری نفهمیدم و بچم به دنیا اومد دوماه فقط خوب بود بعد دوماه بیمارستان بود چهار ماه تا لحظه مرگش چه افسرده گی من اگه میدونستم سقط میکردم اون بچه مریض رو به دنیابیاری عذاب بکشه بهتر  سقط کنید,False,8,5,9
thread_18139371_starter,پریودم و اینسری بنظرم عجیب هم شکمم ورم کرده هم رونام تازه دو هفته هم هست باشگاه میرم دیشب در اومد بهم گفت چه چاق شدی😐دلم میخاس یکی بزنم درگوشش با صورت بیاد زمین😑پسره بیشعور😐حالا روم نمیشه مستقیم بگم پریودم چون یه بار بهش پیام دادم برام نوار بهداشتی بگیره جواب پیامم نداده بیشعور دیوث😑بقرآن دلم میخاد یچی بهش بندازم نفهمه از کجا خورده😑,True,7,2,2
405798956,"ماه واره،چندتاشبکه میده
شبکه تی وی ۸هم میده پیج داره برنامه هارومینویسه",False,1,1,1
314946053,آره ولی مرغم تموم شده,False,1,1,1
359715319,هزززرار ماشاالله بهش😍🥺😘😘🥺خدا حفظش کنه الاهی زیر سایه پدرو مادر بزرگ شه وای کاش اونجا بودم بوش میکردم,False,1,1,1
348782994,نمیدونم چیه ولی ما خانوادگی مردیم از سرفه تب اینا نداره ولی سرفه و اب ریزش و بدن درد,False,4,3,2
413317606,منم مشکل قلبی دارم 🥲 عمل کردم ولی از ترس دکتر نمیرم دیگه,False,6,8,2
394573467,رفتم دکتر دوتا قرص چرکخشکن داده تا یه هفته برم بکشم اما میخورم معدمم درد میکنه وای نمیدونم چیکار کنمممم,False,6,5,2
411936166,شما کاربر مهتابش نیستین گفتن که همسرش پیاز نمیخره اونهم شوهرش از باباش طلب داشت,False,1,1,1
320718138,من چند بار سقط داشتم تو سقط 6 جفت فهمیدم چیه چجور با سقط اول جفت رو شناختی ماشالا بهت,False,3,2,2
thread_11587309_starter,"بچه ها من شنبه فهمیدم باردارم پنج هفته ام
ب مامانم فرداش گفتم یعنی یکشنبه
ولی قرار گذاشتم با همسرم ک دیگ ب کسی نگیم‌ تا ماه بعد
ولی دوستامو‌ دیدم دوشنبه طاقت نیوردم ب اونا هم گفتم🤣🤣🥺
امروز هم رفتم خونه مادرشوهرم بازم‌ طاقت نیوردم اول ب خواهرشوهرم گفتم کلی گریه کرد❤️‍🩹🥺
بعد ب مادرشوهرمم گفتم اونم کلی گریه کرد🤣🤣🤣
از واکنش همه هم فیلم گرفتم یادگاری بمونه🥺🥺
فقط از واکنش پدرشوهرم نتونستم فیلم بگیرم چون مادرشوهرم‌ سریع بهش گف از ذوق چون نوه اولشونه😻
شوهرم سرکار بود مادرش زنگ زد بهش تبریک بگه
بعد شوهرم ب من میگه فقط خانه حافظ شیرازی نمیدونه دیگ🤣🤣🤣🤣
اما خب قراره فقط بین خودمون بمونه تا یه ماه دوماه بعد ب فامیلا بگیم
نمیدونم کار درستی کردم یا ن
ولی خب هم دلم طاقت نمیورد‌ ک نگم
هم داره حال بدیام‌ شروع میشه ما چون زیاد رفت و آمد میکنیم باهم‌ نمیگفتمم‌ می‌فهمیدین
بعدش با خواهرشوهر خیلی شوخی اینا میکنیم
گفتم نکنه یهو بی هوا هلم‌ بده خطر ناک باشه برام
نظرتون چیه با یه مامان کوچولوی عجول طرفید🤣🤣🤣",True,1,2,1
341383914,منم ویتامین دی بدنم پایین هس،واسم دارونوشت،نگران نباش میگرن هس،ولی خب میگرن خیلی بده،اصلاسردرداش عادی نیس,False,2,2,1
341974172,"نه بابا اصلا ااااا دوستم تو 6 ماه گرفت والا زونا شد بچه 3کیلو 800 به دنیا اومد الانم 9ماهشه سالم
الکی فاز منفی نده فردا حتما دکتر برات سونو واژینال مینویسه
انجام بده خطر هم نداره من خودمم لک بینی داشتم فک میکردم پریود شدم ولی دیدم باردارم
من آدم وحشتناک استرسی بودم ولی باید رو خودت کار کنی من روز و شبم با توکل به خداست قرآن زیاد بخون سوره یس بخون",False,4,5,1
297590018,من همسن شما هستم دیسک کمر دارم همه اینا از اعصاب و ناراحتی ها و رنج های درونی و پنهانیه وجودمونه,False,4,3,4
384417763,ممنون گلم نگران نباش عزیزم تو هفته ۲۲ یه اکو میدی میگه از بین رفته یا کوچیکه شده دیگه نیازی هم به اکو مجدد نیست,False,1,1,1
thread_18142118_starter,"پشت کنکوری ام
تا الان خیلی خوب خوندم ولی یک ماهی میشه دیگه اصلا دلم نمیخاد بخونم . نه انگیزه دارم نه حالشو  .
یه چیزی بگید بهم
به نظرتون چیکار کنم دوباره بر گردم به درس خوندنم",True,4,2,6
412841600,میشه علایمتو بگی عزیزم ببینم من کدوم را دارم,False,1,1,1
408956627,"بابا وسیله چیه من دل خودم خونه اون وقت تاحالا میگفتم پسرم الان چیجوری بگم دخترم
اعصابم خوردهههههههه😭😭😭",False,6,2,4
371909086,"به این فکر کن از درد و مریضی راحت شده و الان تو آرامش هست و در جوار ملائکه و ائمه
خودخواهی هست که بخواهیم یه نفر که داره از مریضی درد می کسه و به خاطر حس خودمون به زور روی زمین نگه داریم
بزار رها بشه و با خیال راحت بره و به سیر برزخی اش برسه",False,1,1,1
403144528,"اینا جواب هوش مصنوعیه ها:
عزیزم همین که در یک ساعت فقط ۲–۳ حرکت حس میکنی، مخصوصاً در هفته ۲۸، یعنی باید کمی جدیتر بگیری.
اما قبل از ترسیدن، چند کار هست که همین الان میتونی انجام بدی تا مطمئن بشیم واقعاً حرکت کم شده یا فقط کم حس میشه.
---
🌸 همین الان این کارها رو انجام بده:
۱️⃣ به پهلوى چپ دراز بکش
این بهترین وضعیت برای افزایش خونرسانی به جنینه.
۲️⃣ یک لیوان آب سرد یا آبمیوه شیرین بخور
خیلی وقتا سریع باعث زیاد شدن حرکات میشه.
۳️⃣ محیط آروم و ساکت
بدن خسته و بیخواب حرکات رو کمتر احساس میکنه.
4️⃣ شمارش دوباره
در ۲ ساعت آینده باید حداقل ۱۰ حرکت حس بشه.
---
❗ اگر کمتر از ۱۰ حرکت شد:
دیگه تعلل نکن عزیزم.
همین امروز برو اورژانس زنان یا بیمارستان برای NST یا چک قلب جنین.
این تست کاملاً بیخطره و خیلی سریع خیالت رو راحت میکنه.
کمحرکتی جنین همیشه خطرناک نیست، اما تنها راه مطمئن شدن، NST هست.
---
❤️ نکته مهم
استامینوفن و آموکسیسیلین هیچکدوم باعث کمحرکتی نمیشن.
بیخوابی و استرس شدید میتونن حرکت رو کمتر حسشده نشون بدن.
ولی باز هم نباید ریسک کرد.
---
اگه میخوای، بگو الان چند دقیقهست به پهلو دراز کشیدی و چی خوردی تا قدمبهقدم همراهت باشم ❤️",False,1,1,1
thread_12474402_مووفرفری_1402/08/30 15:58,مگه چی کار کردی آخه؟🙁 اگه دوست داری پیوی یا سر بسته بگو شاید بتونیم کمکت کنیم,False,1,1,1
thread_9648957_22aseman558_1401/08/19 00:25,من هم از خانواده خودم کشیدم هم از خانواده شوهر,False,6,3,4
362212208,یعنی جدا ازمایش می گیرن واسه سندروم,False,1,1,1
348791523,خب ببین من چون هیچ جوره شرایط جدایی ندارم و پشت و پناهی ندارم مجبورم بمونم وای شما اگه خانوادت پشتت هستن معطل نکن فقط مدرک جمع کن چون دادگاه ب این راحتیا مهریه و طلاق نمیده,False,8,7,6
351555867,"نه من هفته ششم هستم ولی همش میترسم سقط شده باشه
تاحالا خونریزی نداشتم ولی چند روز پیش یه چیز خیلی باریک مثل پای پشه توو ادرارم دیدم
در این حد ریز
الان دو روزم هست نافم درد میکنه
استرس گرفتم که اون چی بود",False,8,9,2
thread_18009386_starter,"با پیج فیک دختر رفتم پیویش
تقریباً پا داد
خیلی حالم بده
۹ ماه خاطره
مادرش حتی باهام حرف زده بود
همیشه به پسرش میگفت فلانی خیلی دختر خوبیه خیلی خوشگله
نمیدونم چیکار کنم...",True,8,7,7
410568779,"خواهش میکنم ببین تا هفته ۱۲ درد تو ناحیه زیر شکم زیاده ممکنه کمردرد شدید بیاد سراغت و درد پریودی حس کنی طوری که فک کنی هر لحظه پریود میشی ولی نمیشی
تا هفته ۱۲ فقط دراز بکش سعی کن آب زیادی بخوری و اصلا یبوست نشی
من تو سه ماه اول یک سره سرگیجه و حالت تهوع داشتم و درد پریودی و درد واژن فک میکردم بچه م نمیمونه اصلا نگران نباش ولی بهت میگم اگر رعایت کنی حتما جواب میگیری
ان شالله خدا برا همه خیر بخواد 🩷🩷",False,5,6,2
thread_15271286_starter,"از دیشب حالم گرفتس🥲
منو یکی از اعضای خانواده همسرم باهم بارداریم
بعد دیشب مهمونی بودیم
برادرشوهرم به اون شخص باردار با‌کلی ذوق تبریک گفت و کلی خوش و بش کرد
به من محل نذاشت و هیچی نگفت خیلی دلم شکست از دیشب همینجوری ناخوداگاه گریه میکنم…🙃یه حس بدی بهم دست داد
نمیدونم میتونید درک کنید یا نه،همش بغض دارم…",True,7,4,8
413941897,"من با یه آقایی که ۲۰ سال ازم بزرگتر بود عقد کردم بصورت سنتی
همه فکر میکردن پولداره
ایشون پول هم نداشت ،زیاد کار میکرد ولی رسما نوکره خانوادش بود و پولی بهش نمیدادن
این اینقدر عوضی بود اینقدر روانی بود که بعد از گذشت سالها که ازش طلاق گرفتم دیگه نتونستم ازدواج بکنم
وحشت از ازدواج پیدا کردم
.
ولی علاقه و درک مهمه ، حس خوب مهمه
اما منطق هم هست و میگه ۲۷ سال فاصله زیاده",False,8,9,7
413928523,"عالی. زندگی بدون استرس های مخرب، واقعا لذت بخشه.
به قولی میگن: آسان گیر بر خود کارها کز روی طبع / سخت میگردد جهان بر مردمان سختکوش
به جز همه ی گزینه هایی که دوستان گفتن یه ازمایش خون هم بدید. کمبود دیتامین های مثل بی و دی هم میتونه باعث خودخوری و فکرهای بیخودی و استرس های نابجا باشه.",False,1,1,1
392736880,نه چه مشکلی اخه,False,1,1,1
330926663,"خب بره چی میشه؟
شما هم گاهی تنهایی نیاز پیدا میکنی یا خانواده اتون نیاز پیدا میکنن که برین خونشون...
گاهی هم که خونه تنها هستین به عنوان رفت و آمد و دیدنی همراه همسرتون برین",False,1,1,1
413345037,۸ ساله ازدواج کردم و بزرگ ترین ترسم بچه دار شدنه! همش حس میکنم تهش پشیمونیه,False,6,8,2
thread_18101157_starter,"سلام
نمیدونم چرا انقدر زندگی برام تلخه یه پسر ۱۹ ساله سرباز که مبتلا به بیماری دوقطبی و دوست دارم ازدواج کنم توی ۳۰ سالگی ولی هیچ زنی سمت من نمیاد میگن که تو روانی، قاتلی. اسکلی و... اگه هم بخوام پنهان کاری بکنم میشه تدلیس خونه و ماشینم رو باید بفروشم بدم به زنم من بدبخت میشم واسه همین اگه صادق باشم احتمال درخواست ازدواج من به ۱۰ درصد میرسه ولی قلب پاکی دارم دیدگاه من به زنها جنسی نیست! بلکه عشق و عاطفه است همون چیزی که خیلی از شما دخترا میخواید معتقدم و چشم پاکم ولی باز لایق ازدواج پاک نیستم خواستم ازتون بپرسم چجوری با چه روشی در ۳۰ الی ۳۵ سالگی دنبال کیس مناسبم بگردم تا ضربه نخورم چون من زنی میخوام که توی محضر بیماریم رو قید کنه و صاحب بچه نشه چون این بیماری کوفتی ژنتیکی ۱۰۰ درصد منتقل میکنه!
ببخشید توی نینی سایت آمدم و تاپیک گذاشتم به عنوان یه پسر چون بحث بحث ازدواج گفتم تنها سایت برای تبادل نظر همینه که ساختن. درخواست دوستی قبول نمیکنم!",True,7,7,8
413717198,چه مرگشه مرتیکه,False,1,1,1
thread_17351135_starter,سنو دوبار رفتم در ۱۲ هفته ب زور گفت یکم تکون خورد,True,4,5,1
410448098,سلام الان که حامله هستی از ته قلبت برای هرکی بچه نداره دعا کن بچه دار بشن دلشون خوشحال بشه برای من هم دعا کن حامله بشم مامان بشم اسمم فرشته هست الهی بچتون رو صحیح و سلامت به دنیا بیاری و بغلش کنین و زیر سایه گدر و مادر بزرگ بشه ان شاالله,False,2,2,2
thread_12321228_starter,"سلام
ببخشید ...یه سوالی داشتم خیلی نگرانم از استرس دارم میمیرم
با شوهرم رابطه داشتیم .البته هنوز دخترم و یه سال عقد بسته هستیم ودخول انجام ندادیم در حد سطحی
هنگام رابطه بوی بد منی شوهرم به مشامم خورد
شوهرم میگفت ارضا نشدم ولی شک داشت. من استرس دارم نکنه حامله بشم نمیدونم چکار کنم
چون پام بوی همونو میده ...به خدا ببخشید اینقدر واضح گفتم
اگه میشه راهنماییم کنید😔",True,10,10,3
349139426,اصلا استرس نداشته باش عزیزم استرس خودش بدتر باهاش حرف بزن چیزی نمونده دیگه صحیح و سالم میاد بغلت گلم🥰🫠,False,1,1,1
413942465,"نزدیک 10 سال کوتاه نکردم موهام تا ده پونزده سانت بالای زانوم بود
یه اتفاقی افتاد قرص خوردم موهام ریخت رفتم کوتاه کردم
خیلی مراقبت کن",False,3,2,3
372483489,چ جالب یعنی از هفته های پونزده شونزده؟,False,1,1,1
380904363,ببخشید عزیزم هفته ۲۴ ام ماه ۶  درد واژن دارم ب همین میگن درد لگن یا درد لگن فرق میکنع؟  بنظرتون برای درد واژن باید برم پیش دکتر زود نیس از الان؟وقتی میخام بلند شم ازروی تخت یازمین درد دارم,False,4,5,1
270588835,خیلی بیعشور  فکر میکنه الان که اینجوری حرف میزنه باکلاس میشه امروزی میشه,False,2,1,1
413869690,بخاطر قرص اورژانسی دیر پریود میشی نگران نباش,False,1,1,1
304209386,"بله گلم
جدید درست کردم
برات صلوات فرستادم ان شاالله  بارداریت به سلامتی باشه گلم...
اگه دوست داشتی برو این مطالبو بخون برای زیبایی و هوش و خوش اخلاق و خوش روزی بودن بچه و........ داره
اگه میخوای بچت تو فامیل از همه نظر زیبایی و اخلاق و... تک باشه بخون و انجام بده .. فقط اونایی که می‌ترسی نخور
https://www.ninisite.com/discussion/topic/10683214/خانم-های-باردار-یاهرکی-در-آینده-میخواد-باردار-
فارغ از هر دین و باوری آدم دوست داره بچه های باهوش وسالم و خوبی داشته باشه ... که نه غصه دیر راه افتادنش یا دیر حرف زدنشو داشته باشه نه غصه ناله نفرین دیگران...🚫
اگه دوست داری بچه باهوش و خوش اخلاق و باایمان و زیبا داشته باشی این مطالبو بخون و انجام بده ❌❌❌
یادت باشه
شخصیت و اخلاق و ایمان و عقل و همه چی بچت به دست تو میخواد شکل بگیره... پس حسابی تلاش کن ..
توی حاملگی همه کارارو بکن بچت دنیا بیاد نصف راهو رفتی
یه مثال هست که میگه ذات بد نیکو نگردد چون که بنیادش بد است ... پس بنیاد بچتو عالی بساز .. وسعی کن تو اون نه ماه از گناه دوری کنی ....
غیبت ..تحمت...حسودی... دروغ.. یاهرچی که گناهه تو اون نه ماه دوری کن ازش 💓موفق باشین عزیز",False,1,1,1
310375103,کارش بد بوده نه تا این حد .خوب یه دوستی رفیقی پیدا میشه اطرافیان رو عضو میکنه اینم بائو پاک میکرده .پاک نکرده .خانم باید با سیاست تر می‌رفت جلو کار به اینجا نکشه معلومه وقتی طلبکارانه بری جلو .طرف جوابت میده .دفعه بعد هم میگه این جنبه صداقت داشتن رو نداره .خبطی .خطایی هم بخواد بکنه به ۸ روش سامورایی مخفی کاری میکنه,False,1,1,1
thread_18109895_starter,بازم کلاساشو خواب موندهههه🤣💔و تازه بیدار شدههههه هاهاها😂💔,True,1,1,1
380905300,"نه درد لگن که فرق میکنه گلم درد لگن مثل زمان پریودی کل محیط چهار بست رو درگیر میکنه چهار بست منظورم درد انتهای کمر ، قسمت زیر شکم و خود لگنت
دنبال راهی هم نباش که بهتر بشه با وزن جنین که زیاد میشه و کیسه آب دردش هم بیشتره مگر اینکه استراحت کنی",False,1,1,1
276515974,اهان یعنی خبری نیست🙈🤭,False,1,1,1
320016265,جاستین بیبر خاننده,False,1,1,1
thread_12622997_starter,سلام خانما۱۲هفتمه شبا استرس میاد ب جونم ب زایمان ک فک میکنم بدتر میشم گریه میکنم همش میگم بچرو بندازم ناخاسته بوده..خدامنو ببخشه...واقعا گاهی کم میارم مثل دیونه ها میرم اینور اونور چیکارکنممممممم,True,9,9,7
thread_6421102_ferida_kahlo_1400/02/16 04:29,"حالا بعضي دخترا مثل تو خانوم
بعضيام مثل خواهر من...
يني سه تا بچه اورد
واسه سه تاشون سيسموني گرفت
هنوزم واسه هر بچه اي تولد ميگيرن واسه بچه هاي اون بايد كادو بخرن
ناراحت نشه",False,2,1,1
thread_17467183_starter,من امروز هفته هفتمم تموم میشه از هفته پنجم لک میبینم البته اولین بار بعده نزدیکی دیدم شیاف میزارم مثلا یه روز قطع میسه دو روز میاد البته یرویس رفتنی موقع دستمال کشیدنی میاداااا بعضی وقتا هم زیر شکمم درد میکنه چندروز پیش سونو گفت قلبش ۱۲۶ تا میزنه و واکتش دسیدوال نامنظم هست..... کسی بوده لک ببینه ولی بارداری سالمی داشته باشه؟؟؟؟,True,6,7,1
389012725,من ۱۸ تازه معاونم اگه نبودم که دو سه تومن کمتر,False,1,1,1
306164247,من برای شبی که ماه کامل شد خونه رو گذاشته بودم رو سرم انقد بلند بلند گریه میکردم، ما ها بهتره از اینجور فیلما نبینیم بجاش ژانر کمدی نگاه کنیم یا کتابای روانشناسی بخونیم...,False,3,2,3
thread_13126293_paradise__blossom_1402/12/08 13:21,اگه پسر باشه تو دوماهگی به بعد لنگت درد میگیره یکی از پاهات کلن گاهی تیر میکشه توی لگنت اینو مطمئن باش بزرگترین علاعمشه... حالا برای بعضی هام یه طرف باسنشون گاهی درد میکنه,False,1,1,1
407058172,سوال منو با دقت نخوندی مث اینکه پرسیدم آیا با نامه بهداشت بستری میکنن یا نه؟؟؟ نگفتم میخوام معطل دردام باشم,False,3,2,1
297263785,چی بگم والا,False,1,1,1
411875803,"تولدت مبارک
من کی ۳۴ سالم شد نفهمیدم از لحظه لحظه ۲۰ سالگیت لذت ببر",False,1,1,2
390844989,"خوب شد از اون خونه رفتی
نگران خواهرت نباش اونو بهزیستی قبول میکنه ولی تو رو نه
بهزیستی جای ترسناکی نیست که انقدر گارد داری ادمهای مثل خودش تو شرایط خودش اونجا زندگی میکنن و انگیزه ای میشه برای خواهرت همصحبت هایی مثل خودش پیدا میکنه که شاید تو تنهایی براش خونه بگیری نتونه و افسردگیش بیشتر بشه  ، هر موقع شرایطشو تونستی فراهم کنی میتونی از اونجا به خواسته خودش بیاریش پیش خودت خواست یه مدت بره آزمایشی بمونه چون تحصیل کرده هم هست شاید شغلی هم بدن اونجا اگه اشنا داشته باشید بازم بپرس
فعلا هم که مادربزرگت زنده س و شاید سالها هم انشالله زندگی کنه پس نگرانی چیزی که اتفاق نیفتاده نباش اضطرابتو کنترل کن",False,1,1,1
384482762,"همینکارم کردم باور کن خیلی‌هاشون جواب ندادم .
فقط یه چی تو دلم مونده دلم میخواد به خانواده شوهرم بگم .که اگر دختره خودتون بود اینکارو باهاش میکردن شوهرشو جر میدادین.و اینکه این عروس و دامادی که ازدواجه اولشون نبودو قرار نبود عروسی بگیرن یهویی اینهمه شلوغش کردن رو تاوانش و من نباید میدادم وقتی میخواستین دعوت کنین فکره جا خوابشو میکردین فقط رو خودتون حساب باز میکردین نه منه بدبخت که حالا هم عوضه دستت درد نکنه بگن‌خودت کردی میخواستی نکنی.",False,7,3,5
412359429,من با دستم با ی مسواک کهنه میشورم همیشه,False,1,1,1
404759619,"الان از کجا ب زن گرفتن رسیدی؟
این ماجرا ربطی به زن گرفتن نداشت که الآنم دیگه کسی زن پیرمرد نمیشه
طرفای ما دیگه عادی و حتی مد شده خانمهای طلاق گرفته یا سن بالا با پسر مجرد و کوچکتر ازدواج میکنن
ازدواج یه چیز توافق یه
زنی هم که دنبال شوگرددی و ایناست دیگه انتخاب خودشه اکثرا هم ملاکش پوله",False,1,1,1
354834095,علتش اینه چندوقت زیاد باشوهرم بحث‌کردیم یجورایی ازم دلخوره من بیشتر همش باتیکه و کنایخ حرف میزنم اونم همش حرفاکارایی میکنه عمدا ک میدونه عذاب میکشم تااعتراض کنم میگه تو چیکار داری همه کاره خونه منم میدنه متنفرم از تبعیض عمدی میگه عصبی بشم,False,8,4,4
327961011,"شرایطشو ندارم. شما رفتی
واسه منم دعا کن",False,3,3,3
292792817,خب ک چی😐😐😐😐,False,1,1,1
thread_9867012_منیرای_1401/09/21 20:25,دکترا سنو ندارن که بیرون سونو میری,False,1,1,1
329478485,"به نظرم داری در حق خودت ظلم میکتی
وقتی میخونی یا حتی بهش فکر میکنی داری به خودت ظلم میکنی میدونی چرا ؟ چون اون رفته به یکی دیگه داره زندگیشو می‌کنه و خوش میگذرونه",False,1,1,1
376719954,الان زنگ میزنم ممنون از راهنماییت,False,1,1,1
370705733,"مشکلی پیش نمیاد .اگه بخواید جایی برید که گروهی میبرن
و احتمالا میتونی به یک نفر نزدیک بشی
اگه نشد هم تنهایی مزه میده واقعا
راهیان نور جالبه،از کلی شهر عبور میکنید،چیزای جدید میبینی",False,1,1,1
thread_10410834_starter,خانما از صبح امروز تاحالا بچم اروم نمیگیره ودیگه جایی برا تکون خوردن ندارع چون شکمم به کبودی میزنه‌ داره کبود میشه چون بچه جا نداره فوق العاذه شکمم کوچیکه میگم بااین وجود سزارین میکنن حتی  هفته ۳۶ ام من درد زایمان کاذب سراغم نیومدع فک‌کنم از حرفام‌میتونید نگرانی های یک مادر حس کنید 😔سورع والعصر برا صبوری بچه میخونم فایده نداره بنظرتون چون خیلی کم دوسه بار قران خوندم تو بارداریم اینجوری شد وای نفس عمیق باید بکشم ببخشید زیاد سوال پرسیدم😀,True,7,8,2
412185018,معدلت باید بالا باشه جز ۳ نفر اول ورودی یا نفر اول ورودی باید باشی,False,1,1,1
thread_7662750_starter,باردارم هفته نهم هستم سه روزه آبریزش بینی دارم ولی اصلا گلو درد یا عفونت ندارم فقط آبریزش بینی دارم قرص سیتریزین و شربت دیفن هیدرامین هم پرسیدم و خوردم ولی خوب نشدم چیکار کنم؟ نکنه کرونا باشه؟؟,True,4,7,1
389873737,من که نمیتونم استرسم کنترل کنم تازه روز آزمایش میدونم استرسم خیییلیییی بالاتر از اینه..ای خوداا😭😭😭,False,9,9,2
408894851,"پرسنل مخصوص عکاسی در اتاق عمل هم فیلمبرداری کردن و عکاسی البته با گوشی و درجا  تا من تو اتاق عمل بودم برای همسرم ارسال کردن
قبلش شماره ی همسرمو ازم گرفتن
هزینشم جدا از خرجای بیمارستان و اینا بود باید به حساب همون شخص واریز میزدیم یعنی تا داشتن کارای منو انجام میدادن برای عمل پرسنل عکاسی با همسرم هماهنگ شد و شروع کردن عکاسی حتی لحظه ی جدا کردن بند ناف هم فیلم گرفتن",False,1,1,1
337240977,"بی توجهی های همسرم بیشتر اذیتم می‌کنه
مسافرت رفته
ولی هیچ خبری ازم نمیگیره حالم چطوره و چکار میکنم
مدام منتظرم یک حالی ازم بپرسه اما هیچی به هیچی از طرفی درد و خستگی و حال روحی بد
کم آوردم",False,8,5,7
362787764,چند وقتش بود بچه دیگه ای داری,False,1,1,1
412190748,انگار آمادگی مادر شدن نداشتین همین که بارداریتونم سخته و میگه اشتها ندارید و اذیتید هم میتونه دلیل حال بدتون باشه🥲 فقط به اون کوچولوی ناز فک کن عزیزم,False,1,1,1
413413641,دوست عزیز ، برنج شما حتما باید ایرانی باشه ، با باسماتی هم میشه ولی مثل برنج شمال خوشمزه نمیشه ، برنج شما یه کوچولو دون باشه یعنی وقتی داره قل میزنه نگاه کن فقط یک سوم یک دونه برنج خم و شل شده باشه . برای قاطی کردن مواد مرغ ریش ریش و جدا بذار بقیه مواد و مخلوط کن بعد مرغ رو یک لایه وسطش بذار مجلسی خوشگله . از قالب کیک یا قابلمه تفلون یا چدن استفاده کن نچسبه و مثل کیک جدا بشه . برای دو پیمونه برنج با پیمانه استاندارد شیرینی پزی شما سه تا تخم مرغ لازم داری نصف پیمانه زرشک ، دو گرم زعفران ، تخم مرغ هم کامل باشه .,False,1,1,1
413933598,"منظورت از نداشتن وسیله چیه؟
کدوم وسایل رو نداری؟",False,1,1,1
332918554,بارها با خوندن قران و نماز  به خودم سعی می کنم ارامش بدم اما نمی دونم چه کار کنم . اگه می تونستم تو این چند سال خودم و درست کنم هرگز به این موضوع فک  نمی کردم . اما با  وجودتحصیلا ت دکتری و  شاغل بودن  و وضع مالی خوب اصلا با بچه هام یه تایمی که شلوغ می کنن رفتار خوبی ندارم .  و با وجود مصرف دارو اما کنترل رفتارم از دستم خارج میشه و میشم یه شیطان در جلد انسان 😔😔😔چه فایده که دو دقیقه بعدش پشیمون می شم . 😔😔😔  دور و اطرافم تازگی فهمیدم چندنفر مثل من سقط عمدی داشتن در ضمن به گفته خودشون شرایط روحی بهتر از من داشتن .,False,9,7,8
thread_7825859_نازگل۸۸۸_1400/09/30 18:08,الان بنظرتون طبق این آزمایش ها باردارم یا نه,False,2,4,1
386141946,چیکار کنم من اصلا آدمی ک نتونم جلو شکمم رو بگیرم نبودم ولی گشنه م ک میشه حس مرگ دارم آنقدر تهوع شدید میگیرم ، همش ی چیزی میخورم ک حالم بد نشه🥲,False,4,2,2
274683060,"آدم باید با مشاورش راحت باشه نه ک از ترس دروغ بگه
کنکوری هستی؟",False,1,1,1
369643609,آنابل وطنی 😬,False,1,1,1
413990819,اومد به خوشگله بلایک,False,1,1,1
397354016,"بینیت رو خراب نکرده؟
یکم لباتو به نظرم زیادی ژل زدی مدل لب روسی میزدی شیکتر بود.
ولی در کل نازی عزیزم",False,1,1,1
thread_11722190_starter,"زنگ زدم دکترم برای دندون درد گفت اموکسیسیلین بخور، حواسم نبود بگم اصلا البسه و عفونت ندارم اخه
دتدونم انگار شکسته و خراب گاهی دردش یکم ب گوشم میزنه به نطرتون آموکسیسیلین جوابه؟",True,3,4,1
360230822,"فایده نداره خودش میاد همش منو میگره شلوارمو
دیگ گریه واسم عادی شده بیخیال نمیشه تا برش دارم",False,6,2,5
403202708,منکه رفتم نکرد,False,1,1,1
thread_18018715_starter,"اینا امروز رفتن خرید اما ن به من نه به شوهرم هیچی نگفتن
شوهرم عصری اومد گفت زنگ مامانم زدیم گفت ما اومدیم خرید گفتم بسلامتی 🤔
یکی دو هفته پیش ک حرفش شد خونه مادرشوهرم.
مادرشوهرم گفت با عروسم یعنی من میریم
شوهرم گفت نه زن من بیکار نیس پشت اینا راه بیفته بیاد خودت برو
دیگه خلاصه گذشت منم هیچی نگفتم
و قصد رفتن باهاشون نداشتم و ندارم رابطم با خانواده شوهرم بد نیس خوبه 🙂
اما الان مامانم میگه گله کن و نشون بده دلخوری تو ک نمیخواستی بری اما زنگ نزدن ی تعارف خشک خالی کنن اگ نگی دیگه عادت میشه و سر هر موردی بهت بها نمیدن
اینم بگم من یدونه عروسشونم
خودم میگم شاید گفتنش بی مورد باشه و لزومی نداره رفتن من
اما از طرفی میگم شاید مامانم درست میگه 😕😕
چ کنم؟؟
الانم خواهر شوهرم پیام داده ک سلام عزیزم خوبی ما امروز رفتیم خرید بنظرت ست بله برونم نیازه بگیریم ؟! 😶
با زنداداش داماد هم رفته بودن",True,4,4,2
320873049,چرا وقتی کاری نکرده داری با شک بیخود زندگی تو خراب میکنی,False,1,1,1
thread_14987807_starter,من دیشب بستری شدم بارداریم پوچ بود دارو گرفتم خونریزی داشتم با دارو شدید شد درد وحشتناک ساعت 4 پنج دیشب دوتا چیز بزرگ دفع کردم سبک شدم دردام رفت ولی خونریزی داشتم باز صبح دکتر اومد معاینه کرد گفت ببرید سونو سونو گرفتن گفتن سقط شد ولی یکم لخته تو رحمم هست دکتر گفت تا فردا بمون اگه خونریزی زیاده باید بری کورتاژ من بعد سونو یکی اندازه گردو باز دفع کردم الان در حد پریود لکه دارم ولی از دیشب بهم دارو میزنن برای کورتاژ هرچی میپرسم باید کورتاژ بشم میگن باید صبح دکتر بیاد تصمیم بگیره؟؟الان پر حد پریود خون میاد درد ک اصلا ندارم ترسیدم خیلیییی کورتاژ درد داره؟؟؟؟,True,9,9,2
thread_16092848_starter,"بار سومم رفتم دکتر دارم میمیرم..خانما توروخدا دعام کنید.
شوهرم باهام دعوا کرد گفت دومیلیون این سه بار دکتر هزینت شده..اونقدر گریه کردم",True,9,8,7
391020608,"خوب مشکلی دارم که میدونم میگم
از خودم درنیاورده که
بعدشم اصلا ناراحت نیستم چرا باید مثلا ناراحت باشم",False,1,1,1
344053253,"زخم خوردی 🥲🥺🥺🥺؟
منم قبلا باور نداشتم ولی الان هر چی دیدم مردا طرف اونان",False,2,2,3
thread_15883052_مرمرم_1404/01/10 12:13,منم گفتم نه سمت راست مشکل داره نه طاق باز برای خون رسانی بهتر به جنین سعی کنین بیشتر به پهلوی چپ بخوابید,False,1,1,1
thread_9821639_sofisam_1401/09/15 00:46,ببین دخترا خیلی سختی میکشن.. واسه همین خانوما میگن پسر خوبه دیگه اهمیت نده چرا استرس مگه پسر بشه شاهزاده میشه!؟,False,1,1,1
thread_13324508_چش_قشنگ_سابقم_1403/01/09 12:27,"من ولی دلم سلامتی میخواد
تن بی درد و ارامش میخوام🥺🥺😶‍🌫🥺",False,4,3,4
298881902,آلفا برای سوختگی عالیه,False,1,1,1
308096498,"منم هرررچی گشتم زبان اصلی نبود با دوبله میبینم
اوووو تو خیلی جلویی من تازه اونجایی هستم که نهال مهند رو گاز میگیره بعد سمر میاد بالا میگه یواش تر یهو نهال وحشی میگه چیه نکنه فیروزه خانم ناراحت شدن بعد سمر ناراحت میشه میره پایین مادمازل و مهند هم به نهال میگن برو معذرت خواهی😂💔",False,1,1,1
thread_11758445_zahra_931388_1402/05/19 00:42,طبقه ی بالاشون زندگی میکنی ؟,False,1,1,1
390437997,"بعدشم واقعا حالم بد شد با تاپیکت استارتر
بچت دختر شده دلداری میخوای؟ به گریه افتادی؟
تبعیض و مرد پرستی تو خون ما ایرانیا رفته
بسته تروخدا اینا برا نسل قدیم و افکار قدیم بود بریزیدش دوووور
دختر و پسر هر دو عزیزن و برابر
لطفا قدر بدون و شاکر باش
خیلیا تو حسرت اینن جای تو باشن",False,5,1,2
thread_17740143_starter,صبح بخیر دوستان، من تازه فهمیدم باردارم، علائم هم ندارم، عدد بتام هم پایینه ( بابتش خیلی خیلی استرس دارم)، چند شبه اصلا خوابم نمیبره، مثلا نصف شب بیدار میشم دیگه هر کاری میکنم بیدارم، با اینکه خستمه، چکار کنم به نظرتون؟ کسی اینجوری بوده؟,True,9,9,3
328235217,از موتوری نگیرین لطفا😂,False,1,1,1
thread_6191977_مامان_آرین57_1400/02/21 19:42,ماپروتیلین ضعیفتره من هردورو میخورم الان,False,1,1,1
374033893,همینطوری بی دلیل!عجب🫠,False,1,1,1
345122465,خب شما علائمت چیه چطور خوب شدی,False,1,1,1
354205307,بسپارش به حضرت رقیه یا حضرت فاطمه,False,1,1,1
332054676,"اویشن دارم الان دم‌میکنم براش ممنون
این اصولا خیلی کم میکه جاییم درد میکنه براهمین‌یکم‌عجیب حرفش نگرانم شوهرم‌همش میک از معدش",False,3,5,1
405802678,اخه اصلا طول دهانه رحمم اونقدر پایین نیس ۲۹ من با کسایی صحبت کردم زیر ۲۰بودن ولی درد نداشتن,False,3,4,1
376527434,"بحث فایده نداره
بی خیال.",False,2,1,2
404494103,باشه ولی صبر کن🤪,False,1,1,1
thread_10337204_مامان_اولی_۷۸_1401/11/22 16:48,خداکنهههه من ویارمههه روزی ۴ تا حداقل میخورم دست خودم نیست,False,1,1,1
382713909,جنسیت بچت چیه؟,False,1,1,1
thread_17485268_starter,سلام خانوما ۶ هفته و ۵ روزم ترشح قهوه ای کمرنگ دارم ولی خداروشکر هیچ دردی ندارم فردا میخام برم سونو قلب استرس دارم میشه برام دعا کنید مشکلی نباشع🥺🙏🏻❤️,True,7,8,1
375017091,همه بهم میگن ک درد لگن و کمر طبیعی هست ولی خب تو وزنم زیاد گرفتی دیگه بدتره دکتر خودمم رژیم داده ولی اصن نمیتونم جلو خودمو بگیرم انگار خیلی داغونم انگار معدم مو جوراب کش میاد,False,5,3,4
thread_14902370_starter,اول از همه عذر میخوام که اینقدر راحت صحبت میکنم، چاره دیگه ای ندارم. ما پنج روز قبل برای اولین بار نزدیکی داشتیم ولی دخول کامل نبوده. تا نصف بود که بعدش بخاطر درد پشیمون شدیم. امروز یه لکه خون قهوه ای رو لباس زیرم دیدم. پریودم ده روز تموم شده بود که رابطه داشتیم، میخواستم بدونم احتمال حاملگیم هست؟؟ ممکنه اسپرم یطوری رسیده باشه به رحمم؟ دیشب زیر شکمم مثل زمانی بود که نزدیک پریودیمه. علامت دیگه ای ندارم. بنظرتون ممکنه علائم حاملگی باشه؟؟؟؟ لطفا جواب بدید خیلی نگرانم,True,7,9,1
315984241,رون و ساق پای لامصب😑😑😑کم کردنشون عذابه مثل سنگ,False,4,1,2
413905915,میشه بپرسم چندهفته ای و حرکت جنین رو حس میکنی یانه؟من ۱۶ هفته و دو روزم تا یک هفته پیش حرکت خیلی جزیی حس میکردم الان کلا حس نمیکنم و یکم نگرانم🫠🫠,False,3,5,1
345836157,اخه روز بیست انتقالم ینی خون لانه گزینی تا الان مونده ؟,False,2,4,1
330967302,"خب باز خوبه اگر شوهرت پشتت باشه
نمیدونم واقعا چی بگممم
ولی تمها کاری که باید بکنی اینکه خودتو اروم کنی",False,1,1,1
392845635,وای بخدااا تو منی حرف منو زدی .. متنفرم ازینکه برم خونشون یا بیان ... الان امروز اومدن معلومم نیست تا کی بمونن .. تو فکر لینم خدایاااا چجوری فردا اونا و شوهرمو بپبچونمشون بزنم از خونه بیرون... مامانم کلی مهمون داره ک خب نمیشه اونجا برم ..نه دوستی نه رفیقی دکترم نمیشه الکی بگم شوهرم میفهمه خدایااا نجاتم بده😭,False,9,8,4
413984684,"سلام عزیزموقتت بخیر من تو تاپیک های قبلیت خوندم که شما
قبلا فلج بلز گرفته بودید من ۲۵ روز دچاره این بیماری شدم
دقیقا یه هفته قبل زایمانم😔حالم خیلی بد
۱۰ جلسه ام فیزیو رفتم یعنی هنوز دارم ادامه میدم
شما چیکار کردی خوب شدی میشه کمکم کنی؟
به کل روحیه ام و از دست دادم😔😔😔",False,8,6,9
404374580,یکم که حالت بهتر شد بروخونتون  اگه مامانت میتونه بیشتربهت سربزنه,False,1,1,1
348920130,این که همون دوس داشتنه,False,1,1,1
357764556,"راستی کشورو خوب اومدی !!! با سواد ترین کشور ما اگر اینه خاک بر سر ما با کشورمون!!
دیگه خیلی تابلو کردی همکارشی یا شایدم فامیلشی!!
چون امار گند کاریهاش تو سایت خیلی زیاده باید چندتا بلاگر حتما بگیره ک به اونا هم پول بده علاوه بر منشی های جلوی در هه",False,6,1,1
thread_15040631_starter,"موضوع اینه ایشون ۳ سال پیش خیانت کرد بعدش پشیمون شد من گفتم باید از این ب بعد گوشیت در اختیار من باشه
قبول نکرد گفت تو دیگه حساس شدی و هر پیامی رو میخوای دعوا راه بندازی( چون کارش کلا با زناس)
من رفتم برا جدایی ۱ سال جدا از هم زندگی کردیم  کردیم خانواده ها هم متوجه شدن و پدر من خیلی خیلی باش بدخرف زد در حدی ک حتی جلو همسایه ها ابروشو برد از بس بهش فحش داد و حرف بد زد
بعد از یکسال اشتی کردیم و قرار شد گوشی و همه چیش باز باشه
الان یه مدت مشاوره میریم و قراره من رو کنترل خشمم کار کنم که بعد خیانت عصبی شدم و داد و اینا میزدم و اونم اعتمادسازی کنه
از طرفی میگه اگه بچه دار شدیم روز بیمارستان بابات نباید بیاد و من کلا دیگه ننیخام ببینمش
من قبول نکردم و گفتم ب خاطره بچه نباید قطع ارتباط باشیم
حالا پیامی که بهم دیگه دادیم بخونید و قضاوت کنید شما و نظر بدید",True,8,6,5
400419489,اگه ظرف کثیفاشو میشوره که عالیه,False,1,1,1
409128435,ادامه دار نبود اصلا یکشنبه تایم دکتر دارم,False,1,1,1
thread_14903020_starter,"من با آی وی اف باردار شدم. ان تی و سلفری مشکلی نداشتن.
آنومالی رو که دادم رشد جنین نسبت به ان تی چهار روز عقب بود و چند باری گفت پاشو راه برو...درآخر گفت ظاهرمشکلی نداره. رفتم پیش دکترم گفتم نگرانم دوست دارم تکرار کنم، گفت اگه دوست داری تکرار کن.
آنومالی دوم رو چون شهرستان بودیم گفتم دیگه مرکز استان نرم و توکل به خدا ایشاله مشکل نداره همین شهر خودم انجام بدم... آنومالی دوم گفت آب دور بچه کم شده و ده سانته و ظاهرا ساختارش سالمه، تکرار کن بعدا.
با دکترم تماس گرفتم و سونو داپلر بعد از ده روز از آنومالی دوم ،توی  مرکز استان انجام دادم . دیروز بود.با حساب آنومالی همونجا باید بیست هفته و دو روز میبود، و با حساب ان تی همونجا بیست هفته و شش روز. اما گفت ظاهرا رشد چندانی نکرده و آب دورش هشت سانته، ونوزده هفته و نیم تا بیست هفته متغیره.....
یعنی بچه داره رشدش هی عقب میاد و آب دورش  کم میشه.
بعددکترم ارجاعم داد پیش پرینتالوژیست. ایشون گفتن آبش هفت سانته و سرش رشد نکرده و شواهد میکروسفالی رو نشون میده و یا شروع میکروسفالی در آینده.
آمینوسنتز با آزایش ژنتیک و تورچ برام انجام دادن.
از دو هفته قبل دست و پا و صورتمم ورم کرده و فشارم که یه عمره ده و یازده اس الان سیزده و چهارده اس.
دیگه دکترامم نمیدونن باهام چیکار کنن.😞
من بینهایت ممنونم از کسی که جواب میده.
آیا کسی مث من بوده؟ در هر کدوم از شرایطم؟ آیا اگه مجوز قانونی سقط ندن میتونم غیر قانونی سقط کنم ؟",True,9,10,7
369432506,"اره 😭😭
بدبختی اینجاس از صب تا شب تهوع دارم نمیزاره چیزی بخورم ولی الان آلوچه باشه دوسه کیلو میخورم",False,5,2,3
392720745,هر چی شد بگو الهی سالم باشه رژیم اینا فقط احتماله,False,1,1,1
410558542,"منم هفته ای بار نسکافه
هر روز آب
برای  چک کردن حرکات جنین هم آبمیوه صنعتی",False,1,1,1
406086933,"لامصب بارداری شده همش استرس
به نظرتون بچم مشکل داره ؟؟",False,8,9,1
413688650,از کجا میبینی لینارو؟ میشه چنلاشو برام بفرستی,False,1,1,1
413966167,"قبول کردم فحش بدم...هميشه اینکارو میکنم
این انقد پرنسس بود😂
رو دادن دیگه...نشستن مث حموم زنونه باهاش حرف زدن دریغ ازینکه یه نفر بگه تو این سایت دنبال چی؟؟؟",False,3,1,1
352377506,سه تاشو باهم؟,False,1,1,1
403428891,سزارین خوبه وقتی جراحی بیهوشی قرارنیست دردبکشی,False,1,1,1
342840964,دورساک خونریزی کرد دکتر گفت با این وضع قلبش تشکیل نمیشه که نشد,False,3,1,3
393809881,"شما حتما همون دوره ۳ ماه اقدام باردار شدید . درسته؟
منم همین فکرو میکردم ولی خب بعد چند ماه باردار نمیشم.ازمایشامم خوبه و مشکلی ندارم",False,4,5,3
thread_8735629_ندايييي_1401/03/07 14:44,اخت ازدواجم فاميلي بوده البته تمام غربالگري و ازمايش ژنتيكم دادم اما بازم نگرانم,False,4,6,1
413023928,هم دیروز و هم امروز عصر حس کردم موقع بستنی خوردن,False,1,1,1
344159000,"ب کوچولوت فکر کن عزیزم
من اینطوری بودم همسرم هم ذره ای درک و شعور نداشت آنقدر دعوا میکردم گریه میکردم تا اینکه هون اوایل یه درد بدی اومد سراغم دقیقا بعد یه دعوا و گریه
هی درد میومد می‌رفت رفتم سونو گفتن دهانه رحمت خیلی کوتاه شده احتمال سقط هست
بعد مجبوری سرکلاژ شدم و تا آخرش استراحت مطلق",False,8,7,3
316534253,"برات صلوات فرستادم ان شاالله  بارداریت به سلامتی باشه گلم...
اگه دوست داشتی برو این مطالبو بخون برای زیبایی و هوش و خوش اخلاق و خوش روزی بودن بچه و........ داره
اگه دقیق انجام بدی نتیجه صد در صدی میگیری .
دوستم پسر داره من دختر اون تو بارداریش بیشتر انجام داد و دقیق تر .. دختر من هرجا میرم ازش عکس میگیرن میگن وای چقدر قشنگه .. ولی وقتی با پسر دوستم هست همه توجه ها به اونه از دختر من خیلی قشنگتره
اگه میخوای بچت تو فامیل از همه نظر زیبایی و اخلاق و... تک باشه بخون و انجام بده .. فقط اونایی که می‌ترسی نخور مثل رازیانه و....❌️❌️❤️
فارغ از هر دین و باوری آدم دوست داره بچه های باهوش وسالم و خوبی داشته باشه ... که نه غصه دیر راه افتادنش یا دیر حرف زدنشو داشته باشه نه غصه ناله نفرین دیگران...🚫
اگه دوست داری بچه باهوش و خوش اخلاق و باایمان و زیبا داشته باشی این مطالبو بخون و انجام بده ❌❌❌
یادت باشه
شخصیت و اخلاق و ایمان و عقل و همه چی بچت به دست تو میخواد شکل بگیره... پس حسابی تلاش کن ..
توی حاملگی همه کارارو بکن بچت دنیا بیاد نصف راهو رفتی
یه مثال هست که میگه ذات بد نیکو نگردد چون که بنیادش بد است ... پس بنیاد بچتو عالی بساز .. وسعی کن تو اون نه ماه از گناه دوری کنی ....
غیبت ..تهمت...حسودی... دروغ.. یاهرچی که گناهه تو اون نه ماه دوری کن ازش 💓موفق باشین عزیز
https://www.ninisite.com/profile/forum/topic?topicId=10683214&slug=خانم-های-باردار-یاهرکی-در-آینده-میخواد-باردار-بشه-بدو-بیا&postId=308706153",False,1,1,1
373787987,ناشناس چی هست اصلا تو نینی سایته ،؟؟؟,False,1,1,1
thread_16730803_starter,اگه بچه دیگه بزنه بچتونو می‌تونه از خودش دفاع کنه؟چجوری دفاع میکنه؟یچه من تو خونه از گل نازک‌تر داداشش بگه میزنتش یا با حرف تشر می‌ره ولی تو پارک یه دختره چنگش گرفت از پشت گردنش هیچی بهش نگفت با گریه اومد سمت من.خب اگه برمیگشت اونو میزد هم کار خوبی نبود راه حل پس چیه,True,4,4,1
413964760,"خدایااااااااا
من نمیدونم چی بگم
که دردت عمیق تر نشه
با گوشت و استخون درکت کردم",False,1,1,1
339479631,دیگه بعد از انجامش اشعه تو بدن نیس؟,False,2,3,1
thread_16685553_starter,"رفتم آبگرم یه هفته پیش
الان نگا میکنم قارچ واژینال گرفتم بعد یکم کرم زدم به دستم بزنم واژن
دستمو یه نقدار داخلتر که بردم احساس کردم یه مقدار ملتهبه و شاید یه تیکه گوشت میخوره دست، قسمت بالای داخل واژن
الان استرس گرفتم",True,6,6,1
thread_8352350_starter,"خاهش میکنم نترکونین مسخره بازی هم نکنین
امکان داره حین رابطه واژن یارحم زخم شه ولی خون نیاد
ب سزارین ربط داره؟",True,4,5,1
351398194,چه باتربیته هزار الله اکبر 😐,False,1,1,1
thread_17396111_starter,"دیابت بارداری دارم
۳ هفته دیگ هم ازمایش گلوکز
خیلی خیلی دارم اذیت میشم 😭
لب ب هیچی نمی‌زنم ، دلم داره ضعف می‌کنه
علاقه هم همیشه به شیرینی داشتم
۲ ماهه تقریبا رژیمم فقط چند وقتی صبح ها عسل مثلا طبیعی  می‌خوردم که قندمو برد بالا لعنتی و قطعش کردم
خیلی روزهای سختیه دلم شیرینی میخواد 😭
یه خرما 😭",True,7,4,3
347940985,اسی جان تو رو خدا بگو برای جوسهای چرکی یا همون عفونی چی خوبه 😭😭😭,False,5,5,2
411902504,"ببین برو یه درخواست طلاق بده یکی برات تنظیم کنه
یا خودت از نت بگیر
نمیخواد اجراییش کنیا
به روش که اوردی اونا نشونش بده
بگو کارت برام خیلی سنگین بود و با اینکه عاشقتم نمیتونم دیگه باهات بمونم",False,1,1,1
413568233,افرین. حرف حف. ربطی به خواهر نداره,False,1,1,1
thread_13385517_starter,بدجور زمین گیرم کرده نه میتونم کاری کنم نه هیچی دچتا بچه کوچول موچولم دارم افتادم گوشه خونه,True,6,2,5
404797947,"عزیزم با اجازه یه سر به تاپیکات زدم .شماهم مثل من خیلی زود بچه دار شدین این احساساتت بخاطر اینه .منم همش میگفتم خودم بچم منو چه به بچه داری چرا خدا داد و ...اما وقتی بیاد خودش عزیز میشه .قرار نیست جیزی از عشق شما و شوهرت کم بشه تازه خوشبحتیتون چند برابر میشه .فکر میکنم از لحاظ مالی هم مشکل زیادی نخورین .سخت نگیر میگذره یکم که بزرگ شد میفهمی خوب کردی زود اوردی .الان همین دختر من که خداخواسته بود ۱۰ سالشه .همه افتخارمه
پشیمونم که روزی راجبش فکر بد میکردم و فقط به خودم استرس میدادم و اوقاتم رو تلخ میکردم",False,5,4,3
413322883,"بستگی به اخلاق خودت و رسم خانواده تون داره
در مجموع استقلال خودتو حفظ کنی بهتره
مگر که بخای ازدواج مجدد کنی و توی شهر و محله تون تنها زندگی کردن برای خانم مجرد رو خوب ندونن",False,1,1,1
413414618,"چرا دو تا دارم
روم نمیشد زنگ بزنم گفتم شاید مزاحم بشم
یه بار که سرباز بودم با شماره اونجا زنگ زدم که نفهمه منم
دیدم خاموشه",False,2,2,1
413958022,"@niniyar
❌❌❌
این کاربر مرد که با دخترای ایتجا رل زده ❌❌❌❌",False,1,1,1
thread_10920848_starter,مادر شوهرم ده سال پیش ی تشک بهمون داد ک اصلا استفاده نکردیم حالا پارسال برای اولین بار ازش استفاده کردم برای همین تصمیم گرفتم کلا بازش کنم بشورمش ک توش ی تیکه کاغذ و ی آهن کوچیک مثل نقاب پیدا کردم بنظرتون دعاس؟؟ ترسیدم دیگه نگشتم همینجوری تشک و بردم پرتش دادم اما کاغذ و نقاب و نگه داشتم,True,6,7,1
400424798,"دستگاههای سونوگرافی مطب متخصص های زنان گاهی قدیمی هستن و خودشونم طبیعتا درحد سونوگرافیست تحربه ندارن.
فقط سونوگرافی مطب پریناتولوژی ها قابل اعتماده چون ی بخش عمده کارشون سونوهای غربالگری و سونوهای تخصصی جنینه.
کلا شما همه چیت طبیعیه نگران نباش.ایشالا ۱۰ روز دیگه میری صدای قلب شو میشنوی.",False,1,1,1
413939174,"ظاهرت  چطوری  هست ؟
خوشکلی؟
اون  چی؟",False,1,1,1
332259134,همع مثل شما مومن نیستن که روزه بگیرن,False,1,1,1
413945455,ب ولله ادم سراغ دارم تو خانوادشون ک ۴۰ میلیارد فقط ماشینشه,False,1,1,1
413964125,"چرا به کار نیاد اتفاقا خوبه
من از اینا که لگن و سبد میرن داخل هم خریدم جا کمتر میگیره خوبه",False,1,1,1
395000084,شما انجام دادی؟,False,1,1,1
325425896,تاعید اب نمیشه لنظرت؟,False,1,1,1
404877938,"حتما
هر وقت نی نی دار شدی بیا بگو خیلی خوشحال میشم منم میگم بهت توم واسم دعا کن",False,1,1,1
400976772,من اش دادم شیش ماه پیش بقران همینجوری دور هم باشیم با خاله هام مادرم فهمید باردارم گفت خدا بلخره جواب نذر هاتو داد حالا من ناخواسته بادارشدم و هیچ مشکلی نداشتم اینکه مادرمه اینجور میگه,False,3,2,1
404463628,"خودت داری میگی باحجابش خودت بودی به نظرم مرد متاهل درست نیس تنهایی رفت و آمد کنه بالاخره پیش میاد دورهمی بعدی هم مختلط باشه و خودش تنها بره ..شما هم ک بری کدورت پیش میاد پس بهش بگو مجردی با دوستاش رفت و آمد نکنه اگر هم دوست نداره تورو ببره متقابلا توام دوست نداشته باش تنها بره
همون بیخیال دوستاش بشه بهتره",False,1,1,1
381038864,ای وای آره دیدی چه الکی به همه کاربرا پرید و توهین کرد من انقدر واسش ناراحت شدم ولی یه جوری بهم پرید خودم موندم اصلا,False,4,3,2
404783182,موقع مهریه گرفتن میشه قانون طرف مردها رو میگیره.زنی که از شوهرش کتک میخوره مهریه رو میبخشه تا بتونه جدا بشه,False,1,1,1
413940956,بنظرم باهاش همکاری کن بعدشم واقعا تلویزیون چی داره که آدم بخواد اینهمه خرج کنه,False,1,1,1
399385189,۷تا۱۰ساعت بقیش دانشگام,False,1,1,1
327747307,رفتم الان مرخصم کردن به بدبختی همراه نداشتم همسرمم راه نمیدادن خیلی درد کشیدم تنهایی🥺گریه میکردم مرخصم کنید خودم امضا میدم,False,8,4,5
306782582,خیلی زوده واسه تشکیل قلب،نگران نباش ایشالله که این بار بری قلبش می زنه,False,1,1,1
thread_16110875_starter,"من یه هفته پیش کورتاژ کردم
از همون اول هیچ استراحتی نداشتم
مامانمم همراهم نبود تو بیمارستان یا بعدش
دو روز بعد شوهرم بخاطر اینکه خونه مرتب نیست باهام دعوا راه مینداخت‌
دیشب مهمون داشتم اینقدر کل دیروز کار کردم که شبش دیگه با زور مسکن یه مقدار درد کمرم آروم گرفت
امروز صبح بیدار شدم دیدم کل بدنم شکسته از درد
همه ظرفای آشپژخونه کثیف شده
کارای بچه و پوشک عوض کردنش و گاهی بلند کردنشم‌ با منه‌ در حالیکه بعد کورتاژ نباید چیز سنگین بلند کنم
صبح به شوهرم گفتم خیلی درد دارم اصلا توجهی نکرد فقط گفت لباسمو اتو کنی من میرم خونه بابام و برمی‌گردم
حالم داره از خودم و از همه بهم میخوره",True,9,5,8
349281513,پسر اخه چشم زدن داره,False,1,1,1
341383559,طلاق و بی آبرویی؟ متوجه نمیشم علت طلاقش چیه؟,False,1,1,1
390655435,"آهان من اینو نمیدونستم. خداروشکر برای من همون دفعه اول کفایت کرد.
مازندران هستم.
حدود یه ربع الی ۲۰ دقیقه طول کشید.",False,1,1,1
thread_11806754_کوالاءخسته_1402/05/25 02:04,اره خب اما میخام ببینم کسی مورد اینطور بوده که بدونه ریشه ارثی هست یا نه🥲,False,3,5,1
411966058,"مادرشوهر تو ۵ سالگی مادرو پدرشو از دست داد
پسر خالم با دپتا بچه کوچیک جوون مرگ شد
خالم در حالی دختر اخریشو تنها گذاشت به خاطر سرطان که دختر خالم فقط ۲۰ سالش بود
دخترخالم تنها فرزندشو تو ۱۶ سالگی از دست داد و دیگه بچه دار نشد
و ........
هزاران هزار تجربه ی دیگه
داغ سختی خوردی  قلبت پر از رنج و درده  امیدوارم مامانت دلتو اروم کنه غم مادر دیر هضمه ولی تو باید ادامه بدی به خاطر خودت",False,1,1,1
413920366,"بادی اسپلشش ب نسبت قیمتش واقعا بوش خوبه
سبزشو داشتم
موندگاریشم اگ زیاد بزنی از نزدیک بوش میاد و رو تاپت بوش میمونه",False,1,1,1
347085078,خب سوال تقریبا مردونه است,False,1,1,1
370923206,با شوهرم مشکل دارم,False,4,2,2
289916700,چند هفته بعد از واکسن هجده ماهگیش از شیر گرفتم اونم یهویی چون اصلا بچه ای نیست که بشه کم کم از سرش انداخت هم غذا خوردنش بهتر شد هم خودم راحت شدم بزرگ که میشن آدم دست درد و گردن درد میگیره موقع شیر دادن,False,2,1,1
337558735,بچه تکون میخوره؟؟؟,False,2,3,1
400530861,خدا رفتگان شماروهم بیامرزه🥀♥️,False,1,1,1
405745942,"اوووووه چه خبره چقدر شلوغش کردی تا رحم اجاره هم رفتی تو بیشتر به روان درمانی نیاز داری تا درمان جسمی
اولا منم تنگی مجرا داشتم ، برای من رو با عمل تنگی رو برداشتن ولی اگر تنگی مجرات شدید نباشه چند بار میل میزنن حل میشه دیگه برنمیگرده
دوما هیدرونفرو بخاطر همین تنگی مجرا به وجود اومده تنگی رفع بشه کلیه هم برمیگرده به حالت اولیه ش
سوما خودت داری میگی عملکرد کلیه هات اوکیه دیگه چی از جون کلیه ت میخوای ؟
بعد همه اینا دقیقا چه ربطی به رحم داره که نیاز باشه بری رحم اجاره ای ؟😫
واقعا سایت شده پر از عقل بچه ، کامنت ها رو نگاه آخه از خود تاپیک سم تر 🤢
برو متخصص مجاری ادراری معاینه میکنه تنگی مجرا تعیین تکلیف میشه که باید عمل کنی یا توی مطب با میل حلش میکنه
مسأله ای نیست که پشت گوش بندازی و ولش کنی ولی این همه هیاهو و عزاداری و ناراحتی هم نیاز نداره اگر تهرانی بگو بهت دو تا دکتر اورولوژی خانم خوب معرفی کنم",False,2,1,1
406649796,بالای پنج مثبته واسه هفته دوم. درست گفته دکتر ادامه بده داروهات رو تا ازمایش مجدد بدی.,False,1,1,1
396453994,احتمالا تو هم ذاتت هم صورتت خوشگله خوشگلیارو میبینی,False,1,1,1
thread_11467811_fandogh_3_1402/04/12 16:30,"میفهمم باید سخت باشه ولی فردا روز دامادش کردی، سرکار رفت و نرسید بهتون سر بزنه چی؟ اون موقعم قراره مریض بشین؟!؟ رحم کنین به خودتون
من تنها کسی که ازم دوره مادرمه💔.... دو و نیم ساله ندارمش.... شاید باور نکنین ولی چیزایی که مامانم دوس داشتو وقتی میخورم بغضم میگیره😔",False,4,1,7
thread_15842338_starter,"سه قلو باردارم چند روزه پهلوم و گاها شکمم درد میگیره هفته ۱۲ ام
یبوست دارم امروز توی مدفوع خون دیدم خیلی ترسیدم نمیدونم چیکار کنم...",True,8,9,1
378229233,یه راه حل بهت میدم برای من ک جواب دادمن قرص روباخوذم همه جامیبردم دلم ب این خوش بودک باهامه هروقت استرس بگیرم میخورم چون میدونستم باهام هیچوقت استرس نمی‌گرفتم,False,6,7,1
273009572,خدا حاجتتو بده به صلاح خودش، خیلی‌ نگران بودم,False,4,5,1
413939329,"ببین عزیزم از نظر نی نی سایتی ها زیر ۵۰۰ میلیون درماه کمه کنسل کن . برا دو نفر خوبه خبب مگه درامد میانگین جامعه چقده؟
البته اگ خودت پولداری ن",False,1,1,1
413813065,اگ زنشون زشت باشه چی؟؟؟؟,False,1,1,1
403475369,من پسراولم200بودم چطوری بهت گفته پایینی,False,1,1,1
thread_16671494_starter,ببینم تلوزیون رو کجا گذاشتین منم بزارم موندم کجا بزارم جلو پرده جلو دیواااار کجا ؟,True,1,1,1
406337968,من هشت هفته میرسیدم بدون قلب با درد زیاد سقط میشد خودش.وای چه دردی داشت.درداش یادم نمیره.دوتا دوتا شیاف میذاشتم,False,6,3,3
362085127,مرسی اتفاقا می‌خوام مادر برم,False,1,1,1
thread_17430283_starter,بچهایی ک ای وی اف کردین روز ۱۲ انتقال میشه به ازمایش اعتماد کرد؟,True,2,3,1
413988471,دو تا جیز متفاوته,False,1,1,1
407060872,بعد دهانه رحم در عرض یکساعت میتونه به هشت نه سانت برسه الان تنها چیزی که هست هفته چهلم که خیلی ریسکه مدفوع کردن بچه هست.میدونی چرا خرص میخورم چون خودم به یه نفر دیگه با این شرایط گفتم برو خطرناکه نرفت و الان یه بچه مشکل دار داره.,False,5,6,1
thread_18138461_starter,"با یه پسری اشنا شدمم تایپمه تقریباً خوشم میاد ازش
چون ی اکیپ ۶ نفره شدیممم پسرا ۳ نفری میرن بیرون ما ۳ نفری
ولییی من سال دوازدهمم و نمیگم زیاد ولی کم و بیش درس میخونم و حوصله بیرون و باشگاه و این چیزا رو نداارممم
تو فاز لباس خریدن و.. هم این چن وقته اصن نیسم
دوس دارم بعد امتحانا وارد رابطه بشم نه الان
امروز مامانم و مجبور کردم بهم پول بده برم باشگاه ثبت نام کنم
میترسم دوباره مقایسه کردن و ... هام شروع شهه
تا حالا دیت نرفتم باهاش
ولیییی بنظرتون چیکار کنممم؟!؟!!
خواهش میکنم فک کنین راهنمایی کنین🩷",True,4,5,2
413972660,من لیمو ترش بو میکردم  و آب میخوردم و سیب زیاد میخوردم,False,1,1,1
413561979,"من واژینیسموس داشتم
برای همین اقدام برای ivf کرده بودم
همسرم هم اسپرمش کم تحرک بود
ببخشید یکبار فقط رابطه داشتیم اونم 6 فروردین
من هیچ امیدی نداشتم به باردار شدن طبیعی برا همین کنجکاو نبودم تا دیروز که دیدم یک هفته پریودم عقب افتاده بی بی چک زدم مثبت شد بلافاصله بتا دادم
تنها رابطه موفق زندگیم همون یه بار بوده که منجر به بارداری شد اونم که استرس خارج رحمی دیوونه ام کرده",False,9,9,1
363377994,"واسه من ان تی عددش آزمایشش سونوگرافیش اوکی بود
ولی غربالگری دوم ریسک نشون داد مجبور شدم آمینوسنتز انجام بدم برای اطمینان",False,3,3,1
400965676,شما سرکلاژ کردی ؟ درد پریود نداشتین,False,2,3,1
293691572,من خودم مجبور باشم جایی غیر از خونم برم حمام حتما و حتما پلاستیک با خودم می برم زیر وسایلم میزاره  حتی حوله و لباسم و تو پلاستیک میزارم,False,4,6,1
340327635,غذای خودتو بهش بده بلکه گول بخوره😑,False,1,1,1
thread_16198400_starter,5 هفتمه چکار کنم راهکاری دارید نمیشه غذا خورد اینقد سخته 🥲🥲🥲,True,6,3,3
413808025,"اگه ادم بدی باشه به مرور که جنگ و دعوا کنید حق طلاقتم میتونی بگیری اصلا جالب نیست هنوز ار راه نرسیده اسم حق طلاق اوردی
خیلی از خانمای اینجا با بحشش مهریه حق طلاق گرفتن تو هم نهایت همینگارو کن",False,1,1,1
399742360,درد داری ؟,False,1,1,1
301337358,لعنت به ذهن منحرف من ازبس دوپهلو مینویسن مخ نمونده برامون🙄😅,False,1,1,1
344987304,"منظورت از ساکشن چیه؟
جنین کاشتی",False,1,1,1
400522403,آره منم قدامیه به خاطر همونه قبلی خلفی بود زود متوجه شدم,False,1,1,1
thread_16416779_starter,مثلا مانتو ابی سبز زرد و.... همرنگ خودشون ساق دست بزنم یا سفید یا مشکی.  حجابم برام مهمه,True,1,1,1
388236794,عزیزم اون دکتر الکی که دکتر نشده درس خونده والبته تجربه زیاد داره وقتی تشخیص داده که مشکلی پیش نمیاد دیگه چرا اینقدر به خودت استرس میدی؟؟,False,1,1,1
411343200,"همون موقع که سرت درد میکنه فشارت و میگیری؟
مامانم میگرن داشت فشارش هم بالا میرفت
میگرن دردش خیلی زیاده و باید چشماشون و ببندن با چشم بند و برن ی جا تاریک و ساکت بخوابند تا اروم بشه
از دکترت نپرسیدی؟",False,1,1,1
334741798,"یه خانومی اینجا عضون کاربر قدیمی هم هستن
میگن چه دلیلی داره بچه اتاق جدا داشته باشه
سه چهارتا هم بچه داره
اتاق جدا برای بچه ها اصلا نیاز نیست حتی اگر خونم ده خوابه باشه",False,1,1,1
412017527,"همونطور که ماهواره دیدن ربطی به مسلمون بودن نداره
اینکه یه آدم نماز نخونه یا روزه نگیره هم دلیل بر این نیست که آدم بدی باشه، اون صرفا مربوط به اعمالی هست که بین خودش هست و خدای خودش
چون برات مهمه باهاش صحبت کن، ولی اگه نخواست قبول کنه اون دیگه به خودش ربط داره نه به تو، اعمال هرکسی که بین خودش و خدای خودشه صرفا به خودش مربوطه
قبول نکرد با هم بحث نکنید که رو اعصاب هم نباشید، تو کار خودتو بکن اونم کار خودشو",False,1,1,1
314310961,"مگه قورمه سبزی جا بیفته
تا یکماه باید اذیت بشه به نظرت ارزشش رو داره",False,1,1,1
349342500,اینا ضرر ندارن تو بارداری؟دندون شما مواقع عادی هم درد میکنه؟مال من زمان غذا خوردن درد داره,False,3,4,1
412065108,"تو اطراف یا فامیلتون اینجور زوج با اختلاف سنی ندارین؟
الان چطوریه زندگیشون؟",False,1,1,1
thread_9080191_girizli_1401/05/03 09:56,اينا ذاتي هست ياد گرفتي نيست,False,1,1,1
thread_15490586_starter,"من تازه رفتم توی شش حرکتاش و دیگه کامل حس میکنم 😍😍 تنها چیزی که خیلی اذیتم می‌کنه ترش کردن معده ست و کمی دندون درد
شما چی علائمتون چیه نی نی جنسیتش چیه
اسم انتخاب کردین ؟؟",True,3,2,1
304902732,این هزینه رو از کجا میدونید؟امروز یکی رفته بود می‌گفت حدود ۱۸میلیون شده,False,2,2,1
343078619,چیزی ک ذهنی ب وجود میاد داورها موقع کنترل و سرکوب میکنن فقد خودت میتونی کمک کنی ب خودت بگرد ریشه مشکلتو با کمک تراپیست پیدا کن,False,1,1,1
412737875,اصلا ترس نداره نگران نباش,False,1,1,1
407090853,"اگه به بعدش فکر کنی دست خودته
فکر کنی بعدا حوصله داری؟ وقت داری؟
خواسته و هدف دیگه ای نداری که فعلا باید بهش برسی؟
اون وقت هدف دار تصمیم میگیری",False,1,1,1
377295256,همونجا باید میگفتی یکی میخواد ادای تو رو در بیاره خدا زده تو داری ادای منو درمیاری هاهاهاها ببین دنیا چی شده,False,1,1,1
thread_15575708_starter,من کلا تو مجازی یا به دوستی آشنایی از خوشی هام گفتم همون روز دعوا شده یا اون چیزه بهم خورده قرار  یبار تاپیک زدم چقد آرامش دارم عصرش دعوامون شد الکی الکی من موهامو کوتاه کردم با ابرو هام 😂😂 بعد قرار بود. بریم مسافرت اینجا گفتم اول خطر ماشین خراب شد نتونستیم بریم چون شب خطر داشت بعدش قرار بود صبح بریم دیس صفحه ماشین شکست 😂😂 این چند وقته کلا یا همسرم الکی الکی بحث میکردم که الان رفتم قرص آرامبخش خریدم 😂😂,True,6,5,2
320187542,نه دیگه کم کم خوب میشه,False,1,1,1
413046230,خب مثلا اینو بزنی چه فرقی با معمولیا داره!,False,1,1,1
thread_12296938_starter,سلام. دیروز سونو ۱۸ هفته دادم. غربالگری اولم خوب بود ولی دیروز گفت یه کیست کوچیک طرف چپ مغز جنین هست و همچنین کلیه هاش یکم متورمه به اندازه ۴/۵ میلی. خیلی ترسیدم. تو نت سرچ کردم نوشته بود ممکنه علائم سندروم داون باشه. دکترم نامه داد برم پیش یه دکتر دیگه که اون تشخیص بده.اون دکتره هم خیلی شلوغ بود چند وقت دیگه نوبت داد بهم. دارم از استرس میمیرم. من بچمو میخوام. دوست ندارم مشکلی داشته باشه😔😢,True,10,10,4
314915388,جمع نبندید مردان حالا هرکی شوهرش بد میگن مال همه بد این همه مرد باشعور پس نفهمیدم به پستت خورده تو,False,2,1,1
thread_9730976_starter,"سلام من 6روز از دوره پریودم گذشته بود پام بشدت درد میکرد..علایم حاملگی داشتم مشتاق و ذوق زده بودیم
کیسه آب گرم برای مفصل پام گذاشته بودم.گفتم رو شکمم بزارم رحمم گرم بشه
نیم ساعت بعد پریود شدم.اختمال بارداری درست بود درد مفصلی رفع شد.لخته خون دفع کردم...
بمیرم برای چشای ذوق زده همسرم😞😞😞😞😞
خیلی ناراحتم.خیلی",True,7,4,9
413534723,استارتر منم مثل شمام خیلی میترسم از بیهوشی ولی عاشق عمل بینی هستم 😪,False,4,7,1
380873897,آب دریا میخوام 😭😭😭,False,2,1,2
thread_6421102_yalda2021_1400/02/16 04:17,حال نباید اینجوری میگفتن ولی واقعا سیسمونی رو پدر و مادر میدن .. من که تا حالا اینجوری دیدم و شنیدم و غیر از این ندیدم,False,1,1,1
331250233,نمیدونم حتی گفتم آزمایشات قبل بارداری رو دادم گفت یاسه اصلا نگا نکرد,False,2,2,1
413364600,"دست روم بلند کرد و به شدت دروغگو همه حرفاش دروغه
تو زندگی فقط جنس مخالف میخاسته تمام مهر و محبتش برا مادرشه
به شدت غیر قابل اعتماد یعنی جرئت نمیکنی درد و دل کنی باهاش
بعدم بعداز یک هفته بهم پیام داد اونم طلبکارانه
نمیتونیم حرف بزنیم چون آدم زود جوشیه زود عصبی میشه داد میکنه",False,7,5,3
thread_15761768_starter,"لعنتی دمی گوجه درست کردن شفت شد اهههههه چندروز برنج و‌خریده اصن یاد نمیگیرم با خام و‌نپخته و‌سفت یا شفت
ایندفعه دیگ دعوامون میشه
من‌روزم براشوهرم تنها درست کردم",True,6,4,2
thread_11293496_امیدوار۴۰۱_1402/03/20 15:49,"من ۳۶ هفته و‌۴ روز کیسه ابم ترکید .تا دیروزش اصلا هیچ درد و‌هیچ‌مشکلی نداشتم.
البته بچمم مشکلی نداشت حتی دستگاهم نرفت.
اما چون هر شب پیاده روی داشتم یادم میاد بچه رو فشارشو پایین حس میکردم",False,1,1,1
298303722,اونا لابد وحشی بازی درآوردن وگرنه بچه تو رحمه نه واژن,False,1,1,1
403113606,عزیزم اون برا بارداری قبلی هست,False,1,1,1
thread_17644969_starter,خانما من امروز خیلی عصبی شدم الکی الکی اینجوری شد کلی حیغ های هیستیریک و عصبی زدم گریه های شدید کردم جوری ک هنوز داره  دست هام میلرزه و گلوم میسوزه میترسم نی نی ام چیزیش شده باشه ب نظرتون تاثیر داره؟  چیکار کنم اروم بشم,True,9,8,5
409973689,از طرفی جاریم هم در تکاپوی بارداری هست و بزودی باردار میشه بچه اول ، مطمئنم با عزت و احترام براش سیسمونی میارن ، مهمانی میدن ، البته ما اصلا رسم مهمانی سیسمونی نداریم و خودم نمیدم,False,3,2,3
406665493,"چندتا بخیه خوردی؟
برمیگرده نگران نباش",False,1,1,1
299808556,آره همه همین و میگن میگن بعداً پشیمون میشی این بدتر بهم استرس میده,False,6,4,2
413162468,"اره تنها کاری که میتونم کنم همینه
بخاطر کتک زدناش ازش شکایت کردم فعلا 🤕",False,6,4,3
256740788,"اگه مثل من تهوع شدید داشته باشی اینجوری میشی
گاهی اوقات انقدر دلم ی چیزی رو میخواد اما از شدت تهوع نمیتونم سمتش برم😭
اما خداروشکر الان خیلی خیلی بهترم",False,4,2,2
403181895,واقعااا؟؟ ترس از مرگ و افسردگی داری برو فورا متخصص اعصاب و روان قرص میده اوکی میشی . منم سه سال تجربی  پشت بودم,False,1,1,1
thread_16339612_starter,"عروسی بود یه عاااالمه مهمون از شهرستان اومد مهمونها هم مهمونهای خانواده شوهرم‌بودن و چهار پنج روز موندن و منم که باردارم .روزه بعدی که مهمونها رفتن یه نصفه روز کامل درد ‌کشیدم و فقط خوابیده بودم دیروز رفتم دکتر صدای قلبه جنین خیلی پایین شنیده شدو دکتر گفت اون دردها انقباضات رحمی بوده و شدیدا خطرناکه و باید خیلی استراحت کنی. واسم سونو نوشته .
کسی بوده اینجور شده باشه؟خوب میشم که بچه بره بالاتر؟واقعا خیلی اذیتم وحس میکنم بچه خیلی خیلی پایینه .همش خوابیدم پامیشم برم دسشویی حتی درده زیره شکمم شروع میشه .دکترم گفته فعلا فقط استراحت",True,8,8,3
320382438,من بعد انومالی,False,1,1,1
389033418,"نه من یه مشکل قضایی دارم که بشدت درگیرشم بخاطر همین بشدت استرس دارم و پرولاکتینم الان حدود ۹ ماهه بالاست و با داروها نمیاد پایین
و گر نه تا یک هفته پیش میخواستم باردار بشم ولی الان پشیمونم و می‌خوام طلاق بگیرم
خدا نکنه باردار باشم",False,9,8,4
380370189,"ان شالله عزیزم🌹
من فعلا دوتا سرهمی- با کلاه- دستکش و پاپوش- دو سه تا بادی زیردکمه و شلوار... با چندتا پوشک و شیشه شیر و شیر خشک- وشیر دوش و دستمال مرطوب- نمیدونم لباس شاید کم باشه...",False,2,2,1
thread_13084962_اقاقیا13_1402/12/02 02:33,"خیلی عجله نکن.. منم علائم حاملگی خاصی نداشتم. فقط درد رحم بود و...
از هفته بیست و یک خیلی کم کم حرکتش حس کردم. نگران هم نباش اون جاش امنه.",False,1,1,1
411582935,برای منم دعا کنید بهش برسم😭😭😭😭😭😭😭😭😭😭😭😭😭😭😭,False,3,2,5
403549406,دیگ عزیزم.میخوای چکار کنی؟   خودتو عذاب نده ..سعی کن بهداشت جنسی رو رعایت کنی ...میگیری ک چی میگم ....خدا کمکت کنه و دوم ب یه مشاور خانواده رجوع کن .,False,1,1,1
413898382,"ببین من نه تو این زمینه تخصص دارم نه چیزی
ولی اگه میخوای قهر و این کارا کنی و واقعا
رو مخته ازش جدا شو
یا کنار بیا همین
چون بعد ازدواج سختت میشه",False,1,1,1
403463015,با مشورت پزشکت با هواپیما برو,False,1,1,1
377395824,خیلی استرس به خودت وارد نکن ، اونم حالش خوبه ❤️,False,1,1,1
407161922,عدد الان مهم نیست . باید ۴۸ ساعت بعد حداقل دوبرابر شده باشه,False,1,1,1
353286397,منم دوتا طبیعی پشت هم داشتم ولی بد نشده اصلا,False,1,1,1
413970577,"خوبه ؟چند نفره؟
برای جهازه ال جی بهتره یا دوو",False,1,1,1
412917318,اگه دچار بی اختیاری نزار جای سرد بشینه حتی روی مبل یا فرش هم یه پتو کوچیک بنداز حتما بعد دستشویی خشک کن شلوار گرم کن,False,1,1,1
thread_18082186_starter,"سه هفته بود عقد کرده بودیم اونم با کلی عشق و پیگیری از سمت خودش ازدواجمونم سنتی نبود ،
سه هفته بعد عقد هرروز خونمون بود یروز تو بایگانی تلگرامش دیدم نامزدم به یکی دیگه زده بود
عشقم ترخدا ببخشید ک نمیتونم اینروزا زیاد بهت برسم تو ک میدونی سرم شلوغه
تو که میدونی بخاطر شغلم روم حساسن
ترخدا جواب بده
ترخدا ناراحت نباش😔💔
یادم دوشب قبلش ولنتاین بود پیش هم بودیم...
به نظرتون یعنی رابطش قدیمی بوده با اون طرف؟اینکه گفته نمیتونم زیاد بهت برسم یعنی چی؟؟
بعد یعنی طرف بهش نزدیک بوده ک راجب شغل و اینک سرش شلوغه و اینا میدونسته درسته؟؟
نگید چقدر ذهنت درگیر مونده چرا تو ذهنت ولش نمیکنی،دست خود ادم نیست درگیر میشه",True,8,8,7
393533686,ایودی یک درصد خطا داره من جز اون یک درصد بودم البته انتی بیوتیک‌میخوردم همون ماه نمیدونم ربطی ب اون داشت یا ن,False,2,2,1
thread_12780066_starter,دو‌روز اول پریودی خیلی درد دارم 🤕🤧,True,3,1,1
400358122,حالا چرا فک میکنی براش مهمه پشت لبتو برداشتی یا نه,False,1,1,1
thread_17611819_starter,"بچه ها من ۵ ماهمه
خواهرشوهرم طبقه بالای ما هستش و ۲تا بچه داره که فوق العاده اذیت میکنن و سر صدا دارن
از اول بارداری بارها گفتیم یواش برید بیاین من از صدای شما ظهرا که خوابم میپرم و واقعا میترسم ولی خوب ک نشد بدترم میکنن🫠و منم هر روز با ترس خیلی بدی از خواب میپرم ، دیگه واقعا نگرانم نی نیم شدم اتفاقی براش نمیوفته؟",True,7,8,2
310040992,"عزیزم حتما برو ،  خیلی خطرناک هست ، چهل هفته دیگه بارداری کامل هست
منم چهل هفته درد نداشتم با آمپول فشار دنیا اومد",False,1,1,1
thread_10529758_starter,بچه هااا تو هفته یازده هستم حالم خیلی داغونه گرسنگی شدید دارم اما نمیتونم هرچیزی رو بخورم. اگه یکی برام غذا درست کرد میتونم بخورم وگرنه اصلا نمیتونم چیزی درست کنم خودم. مادر شوهر ندارم و خانواده خودم هم شهر دیگه هستن. چیکار کنم تا الان ۳ کیلو وزن کم کردم دارم میمیرم دیگه 😭😭 وقتی گرسنه میشم تهوع خیلی خیلی شدید میگیرم. آب نمیتونم بخورم چون حالم رو خیلیییی بد می‌کنه خیلی دلم برای خودم میسوزه چیکار کنم؟ تصمیم گرفتم پفیلا درست کنم مدام یک دونه یک دونه بخورم که گشنه نشم. اگه پیشنهاد. دیگه دارین بگین بهم. میوه اصلا نمیتونم بخورم,True,7,4,5
338943237,میگفتی میترسم بچم از ترس اخلاقای گند عمش ۱۰ ماهه به دنیا بیاد 😁😑,False,1,1,1
411884706,"خودت واقعا نمیتونی فکر کنی ک بدردت نمیخوره؟؟
از لحاظ سن نمیگم
از کتک زدناش و فحشای زنش میگم
ک بعدا زنش و بچه هاش زنده ت نمیزارن
حماقت محض",False,1,1,1
thread_12447056_panah_ir_1402/08/26 08:18,"اهوم درسته!
بنظرت تعبیر این خابم چیع گلم؟",False,1,1,1
thread_8122505_آوای_تابستان۲_1400/11/21 13:16,من میخوام یا چنتا لایت فانتزی(آبی یا بنفش)دربیارم رو زمینه ی موهای خودم یا ی تیکه از موهای جلورو آبی یا بنفش کنم رنگ کامل دوس ندارم,False,1,1,1
401268293,دیدن عکس طلای یکی دیگه چه ربطی به بالارفتن انرژی دیگران داره😒😒,False,3,1,1
thread_17811541_starter,چیزی راجبش شنیدید؟ کسی انجام داده؟ ماما به من گفت قبل رابطه انجام بدم خوبه! بد نباشه یه وقت,True,2,3,1
387802752,"نه لاغر نبودم تپل بودم از قبل هم ترک داشتم تو پهلو هام که اونا دیگه سفید شدن
لیزرم که تا دوسال دیگه نمیتونم بکنم 😢
همش روغن زیتون میزنم نمیدونم چرا اینجوری میشه شب می‌خوابم صبح بیدار میشم میبینم یه عالمه ترک اضافه شده",False,3,2,3
401280266,"واقعا بیاین یاد بگیریم این کلمه رو نگیم منم به شدت متنفرم و برام بد بیاره ...
تازه هیچ‌ چیزی از زندگیمم نمیزارم کسی بفهمه اما مثلا همین چیزای کوچیکی هم که میبینن میگن واقعا عصبی میشم.
به جاش بگین ایشالا خدا به منم بده",False,5,2,2
334729594,"نمیدونم نتونستم بمونم آزمایشگاه فقط زنگ زدم گفتن مشکوک
ازرابطه ی پرخطرمونم حدود ۲هفته س میگدره
دیدم چن روزه پریودم عقب افتاده رفتم آزمایش دادم",False,5,6,1
401719401,نه هیچ کدوم .فقط تو هوای آزاد تو سرما با پیراهن آستین کوتاه ورزش کردم .نمیدونم ربطی داره یا نه .ممنون از نظرت عزیزم.خیلی استرس داشتم که نکنه فلج بشم یا دیسک گردنی چیزی داشته باشم,False,7,8,2
thread_8403790_غزل25508_1401/01/12 02:55,همه که براشون سخت نیست. بعضی ها بارداری های پرخطر دارن نباید ریسک کنن,False,1,1,1
322152394,خوش بحالت که مامانت دلش برات تنگ میشه,False,1,1,3
365884744,"خب دیگه وقتی تو سونو دیده نمیشه یعنی اونقدری بزرگ نیست که علائم اصلی رو که درد شکم و درد کتف و اینا هست بفهمی
ولی اینکه تو شش هفته هم ساک رو ندیده  یعنی دستگاه ضعيف بوده جایی ک سونو میدی رو تغییر بده
شما الان دو روز دیگه شش هفته ات تموم میشه میری تو هفت",False,1,1,1
398737018,خوب تربیتش کنی قوی و مستقل بار میاد نگرانی برای چیه یه برادرم که داره، بعدشم عمر دست خداست این همه مادر جوون که فوت شدن، اگه به صلاح نبود اصلا باردار نمیشدی بچتو و نگرانی هاتو بسپار به همون خدایی که این طفل معصومو بهت بخشیده,False,1,1,1
405476812,گفتن اقتباس شده از رمان بامداد خمار.نه ابنکه کلا مثل اون رمان باش,False,1,1,1
407840032,"درود
سه ساعت 400 مگ با گردو هم زیاده
Adblock Browser مصرفش از گردو کمتره فکر کنم",False,1,1,1
413431393,حتما باید پزشک باشه؟ چرا دانشجوی phd نه؟😂😂😂,False,1,1,1
374245781,منم ی قرون پول نمونده تو جیبو کارتم کلی بدهکارم هستم موندم چطور پولشونو بدم لباس برا بچم دلم برا شوهرم میسوزه بخدا نزدیکه عیده ن لباس گرفتم ن لوازم ارایش مبلو فرشمو عوض کردم دیگه روم نمیشه ب شوهرم گیر بدم ک پول بده,False,8,7,5
401783083,باید دارو خورد,False,1,1,1
thread_9284614_starter,"هفته ۳ و ۴ هستم(اگه هنوز باشه و سقط نشده باشه، چون خون ریزی دارم)
الان کامل استراحتم‌. همش دلم چیز میز میخواد بخورم، ولی همش میترسم خونریزیمو بیشتر کنه و بد باشه... چیا میتونم بخورم که مطمئن باشم بی خطره؟؟",True,7,9,4
398628653,"🫤
عزیزم همیشه این کش دادنا خوب نیست مراقب باش",False,1,1,1
thread_11389002_دوستتونم_1404/11/09 22:03,"عزیزم منم دقیقا ۱۶ هفته هستم و دائم گریم میاد و غصه و بحث با شوهرم.. الان بچتون سالمه خداروشکر؟ دو روزه اینطورم
گریه ک میکنم شکمم درد میگیره",False,7,5,7
411126143,وای نه شوخی نکن توروخدا 😭😭,False,4,5,3
324251993,هردو هم باهم شیر خوردن مامانم شیره بزرگ رو قطع نکرد,False,1,1,1
333855122,"چند هفته باشیم سنو تشخیص میده؟ من ماه قبل تاخیر داشتم ۱۰ روز بتا دادم ۱بود تست ام زدم منفی بود بعدش پریود شدم
این ماه ۶ روز تاخیر داشتم و چون شکمم خیلی بزرگ شده تست زدم دیدم مثبته
ممکنه از پنج هفته بیشتر باشم؟ چون شکمم بزرگ شده",False,3,4,1
400447650,ن فکر کنم از عربای جنوب کشور باشن,False,1,1,1
thread_16782826_starter,"خانوما استراحتم یکسره ولی بازم درد شدید. دارم
کمرم خیلی درده شیاف و آمپول هم میزنم
بنظرتون طبیعیه
کیا مثل من بودن",True,5,5,2
409544388,"من هفت ماه پیش زایمان طبیعی کردم
بچه دومم بود
خیلی سریع زایمان کردم
کیسه آبم هفته ۳۹توی خونه ترکید و سریع رفتم بیمارستان ۴:۵۰رسیدم بیمارستان ۵:۳۰ بچم بغلم بود .درد کشیدم ولی همش ۴۰ دقیقه طول کشید بعدشم بخیه با بیحسی زدن",False,1,1,1
thread_8914324_موز_قرمز_1401/04/06 17:36,وا ینی پسره هم عرضه نداره خونوادشو راضی کنه ببره خاستگاری,False,1,1,1
368889846,ای جونم چه قدر امیدوار کننده بود چند کیلو بود ؟,False,1,1,1
412865852,"فکر کنم پسر دوست داری!!!
برو خداروشکر کن سالمه واسه جنسیت گریه نکن",False,1,1,1
288108932,منم همینو گفتم برگرد پشتت بهش باشه که بوش بهت نخوره,False,1,1,1
408568963,ببری بهتر خب از نظر بهداشت عرق و کفش کثیف....,False,1,1,1
366469726,"تمام حقوق و شروط ضمن عقد
و یک سکه
ولی اموالمون نصف، نصف هست",False,1,1,1
352774507,"عزیزم الهی خدا براتون جبران کنه هر چه زودتر یه گل پسر دیگه سالم و صالح قسمتتون کنه
اره منم اون هفته خیلی حساس شده بودم حتی باور نمیکنید به دختر خاله ام خبر بارداریم دادم یهو زد زیر گریه مجبور شدم آرومش کنم
تا سه روز حالم بد شده بود سر همین که جلوم گریه شدید کرد! حالا بنده خدا از خوشحالی گریه کرد ولی من به خاطر هورمونهام احتمالا خیلی حساس شده بودم",False,4,2,4
thread_17419717_starter,"شبا ساکت و بیداری  ولی معلومه درد داری
♫♪
بین هر نفس پر اشک سکوت تو پر گریه قنوت تو
کنج این قفس بیا امشب بذار خودتو جای من
♫♪
چه کنم فاطمه پاشو یه حرفی بزن
بار غمت افتاد روی دوش زینب
♫♪
داری میگی اون اسرارو توی گوش زینب
شب آخره و حالا بی امون میشه گریه ت با
♫♪
دیدن حسین با این اشکای خاموشت
می گیری توی آغوشت پیرهن حسین
♫♪
نفسات میگه این دم آخر حسین",True,1,1,1
413002855,ینی اسمال اقا🤭😍,False,1,1,1
thread_15671111_starter,سلام خودتون یا اطرافیانتون کسی بوده که با وجود صرع باردار شده باشه ؟ میدونم یسری داروهای امن براش هست ولی دراصل منظورم کسی هست که مثلا دپاکین یا داروی پرخطر مصرف میکنه و نمیشه که قطع یا عوضش کنه ، اگه امکانش هست نوع صرعتونم بگین لطفا 🙏🏻,True,2,3,1
413243642,"پماد کلوترومازول بزن روش خوب میشه
فکرکنم شما ب مواد پاکسازی حساس بودی
بعداز فشیال هم جوش ها میریزن بیرون بعدش پوست صاف میشه نگران نباش",False,1,1,1
412766363,سونوی ۱۲ هفتگی پسر منم همین بود دقیقا بعد دکتر گفت دختره,False,1,1,1
384271438,"میترسم دیر بشه یخورده گیج میزنه دکتر این روزا.
انوکسا کار ا اس ا رو میکنه یا نه؟",False,5,7,1
412229631,به شوهرم 20میدن,False,1,1,1
411388830,خب چرا خوابیدن ؟ کار بهتر نمی تونی پیدا کنی که ساعت کاری مناسب تری داشته باشه؟,False,1,1,1
398481592,اون موقع هم همین کارو بکن روال زندگی عادیت,False,1,1,1
377609540,فکر کنم باید شیاف مصرف کنید,False,1,1,1
377584533,آخه میزنه به زانو ها و کل کمرم خیلی درد میکشم نمیتونم تحمل کنم,False,5,2,2
268736106,بقیه رو نمیدونم چه طوری هست. من دوقلو داشتم یه دختر یه پسر،دخترم ۳۸۵۰ بود،پسرم ۳۸۰۰  ..,False,1,1,1
405406677,"عه ۱۶ ام ؟من دلم میخواد فروردین زایمان کنم اخه دیدی که هرروز یه چی میگن .طرح های فرزند اوریو میگم میخوام حالا که اوردیم شامل طرح ها هم بشیم بد نی یه مو از خرس کندن غنیمته😂 من تهرانم ..
بسلامتی بغلش بگیری ان شالله",False,1,1,1
362296046,😭😭🤣۷سااااااله زندگی رو بهم جهنم کردن خدا ازشون نگذره که حتی میخان بچمم ازم دورکنن باکارهاشون,False,8,6,7
413982796,"چندتا بود چجوری سوزوندی؟
هزینه چقدر شد؟",False,1,1,1
400294830,از همه چی نوشته بود خواب نداشتن تنگی نفس مشکلات جسمی شدید و...,False,1,1,1
thread_18003173_starter,"همسر من مشکل اسپرم داشت
سر بچه ی اول چند ماه درمان کردیم و کلی دارو خورد تا خب من باردار شدم
الانم ببخشید باز علائم ظاهری واریکوسل رو داره ولی آزمایش نداده و من باردار شدم
بدون دارو و...
الان هفته 5 و 5 روزم. سونو رفتم گفتن ساک بارداری هست ولی کیسه نویان و قلب نیست و گفتن هشت هفته تکرار سونو بده.
الان استرس گرفتم نکنه بارداریم پوچه. نکنه قلبش تشکیل نشه😭",True,7,9,4
thread_9675131_حسناامیدم_1401/08/22 22:43,"اونکه گذشته رفته
با گریه و استرس الانت حتما آسیب میزنی جلوی خودتو بگیر
قرآن بخون برو سر سجاده با خدا دردو دل کن تا آروم بشی
استرس میدونم بده برای جنین",False,1,1,1
411670690,نه دیگه. استراحت مطلق بودم.,False,1,1,1
310374536,تو اینستا که پره این زناس.نگاه میکنی یهو میاد.شوهر منم میبینه میگه وای سینه رو.خخخخ,False,1,1,1
371523123,"من الان بخاطر تهوع شدید ۸ کیلو کم کردم، بارداری اولم ۱۰ کیلو ولی دو ماه آخر که تهوع نداشتم وزنم بالا رفت بچم هم ۲ کیلو و ۸۰۰ گرم بود
نگران نباش کاهش وزن بخاطر تهوع و ویار طبیعیع",False,1,1,1
thread_11168059_starter,واقعا خسته شدم از زندگی باهاش، یهو خودشو نشون هم نمیده که ادم ازش دل بکنه. هر دفعه باید یه تیکه از وجود بی ارزششو نشونم بده. دو سال پیش یه دختری بهش پیام داد که دختره اصلا قیافه هم نداره، دختره گفته بود من طلاق گرفتم بیا منو بگیر، اینم به من اینو گفت. اصلا نمیفهمم دارم با چه موجودی زندگی میکنم. حالا هم ناراحته و حرف نمیزنه . اول گفت بچه رو بنداز بعد هم گفت برم یه زن دیگه بگیرم. همش بهونشه. واقعا خسته شدم از زندگی با کسی که هویت واحدی نداره.,True,9,6,7
331296730,وقتی به دنیا بیاید و مشکل داشته باشه اون عذاب نداره  بچه عذاب بکشه. اگه قتل نفس بود دکتر ها هم انجام نمیدادن میگفتن بیارین مشکل هم داشت اشکال نداره,False,1,1,1
404080244,"پسر
سونو چی گفت",False,1,1,1
382554091,چند روزه بس زنگ میزنن بمن بیا مراقبت پدرم دراومد هیچکاری هم نمیکنن برا ادم,False,5,1,2
391485471,عزیزم میشه اسم قرصی که مصرف کردید رو بگید واینکه از کجا تهیه کردید,False,1,1,1
358822697,دانشجویی که شب امتحان نخونه که دانشجو نیست 😁🐾,False,1,1,1
thread_16093555_starter,"دیروز ی بسته پفک امروزم ی بسته پفیلا خوردم پنیری😬🙈
پشیمون شدم از خوردنش همه لذتی که از خوردنش بردم ت به کوفت بدل شد
نمیتونم سالم زیست کنم چه کنم؟
باردارم هستم 😑",True,4,3,3
383447534,خودایهههههه من خیلی باحالی تووووو,False,1,1,1
thread_15142776_starter,"سلام خواهرا
دیشبم تاپیک زدم شاید دیروقت بود نیومدید
لطفا هرکی اطلاع یا تجربه داره بیاد بگه چیکارکرده خوب شده
بچه ها من از هفته پنجم رفتم سونو هماتومم۵×۴میلیمتر بود.دیروز هفته هفتممه رفتم شده بود۷×۱۷میلیمتر
استراحت نسبی داشتم
هرشب شیاف میزارم
اما بازم بزرگ شده
درد شدید دارم (ببخشید بیشتر واژن)لک و اینا ندارم فقطططط درد
یعنی چی میشه هماتوم از بین میره؟چجوری؟کِی؟
بچه چی میشه؟
کیا با این شرایط بارداریشون و بسلامتی طی کردن و نی نی بغل گرفتن",True,8,9,4
413929855,برو کلاس گل آرایی سفالگری خیاطی و ... باشگاه,False,1,1,1
408035531,نمیدونم دکتر برای جفت اینا چیزی بهم نگفت فقط خودم وقتی سرپا زیاد باشم زیر دلم شدیدا درد میگیره نمیتونم  خیلی زود باید بشینم.,False,4,1,1
370896290,قربونت همچنین،نترس بچه که یه جا نمیمونه میچرخه من حتی ضربه هاشو قشنگ تو واژن حس میکنم حس درد بهم دست میده ،منم سر پسرم توهم داشتم خداروشکر هیچ اتفاقیم نیوفتاد البته بگم من شیاف استفاده میکنم اگه خیلی نگرانی به دکتر بگو شیاف برات بنویسه ی سونو طول سرویکسم بده خیالت راحت شه اما مطمئنم هیچی نیس,False,2,2,1
399144660,منم همینجوری بودم، اگر دکتر هم بررسی کرده و گفته مشکلی نداری پس نگران نباش طبیعیه، بخاطر اینه که الان رحمت داره کم کم بزرگ میشه لوله های رحمی کشیده میشن,False,1,1,1
thread_15844616_starter,"میخوام از ترب خرید کنم اما شرایطش نیست چون رمز دوم ندارم
ونمی تونم فعلا فعال کنم
کسی می دونه باید چی کار‌کنم",True,2,1,1
412957811,آبجی آخرین پیامم دو هفته پیش بود گفتم بیا درست کنیم نزار خراب بشه گفت دوست ندارم حالم ازت بهم میخوره ریدی تو زندگیم چی میخای از جونم دیگه پیاماتو نبینم اینارو نوشتم یه هفته مریض شدم اونارو گفت دلم شکست دیگه الان دو هفته اس پیام ندادم اما برنمیگرده میدونم,False,7,4,8
403407173,"به سلامتی
مبارک باشه
فقط یه سوال،از ده روز پیش تا الان رابطه نداشتین؟؟😄زیاده",False,1,1,1
thread_17701544_starter,۴ هفتمه بعضی وقتا زیر شکمم خفیف درد میکنه علتش چی میتونه باشه طبیعیه؟,True,2,3,1
321624238,اره طول بارداری رو میگم,False,1,1,1
347980316,ولش کن اصلا بهش فکر نکن هرجا بره باز برمی‌گرده پیش تو که زنشی هرچقدر بیشتر واکنش نشون بدی اون فکر می‌کنه کی هست کلا به کتفت بگیر تنها راه اینکه خودمون رو عذاب ندیم همین,False,1,1,1
383199179,"منم هستمم🙋🏻‍♀️
اعتقادی ندارم محض سرگرمی
اول تو بگو اتفاق توی ذهنم‌ میوفته یا نه؟😃",False,1,1,1
341847339,خب ب کسی ک ازش جدا شدی زنگ بزن بگو ازش بارداری بیاد راه چاره پیدا کنید تا کی میتونی مخفی کنی؟؟؟؟؟,False,1,1,1
411691079,خودمم ۱۲ عقد شدم ۱۴ سالو شیش ماه رفتم خونه خودم الانم ۲ سالو نیمه خونه دارم🥺🥺🥺,False,1,1,2
412515195,"ببین من یه چیزی خیلی برام مهمه چه خودم چه بچه ام
بعضی از لباس ها داد میزنه ارزون قیمت هست
من خیلی بدم میاد لباس اونجوری تن خودم یا بچه ام باشه
مردم بگن زن و شوهر دارند کار می کنند این وضع لباس پوشیدنشون هست خودم هم حس خوبی ندارم
قیمت اون لباس برام مهم نیست مثلاً امسال زمستون پالتو خریدم چهار تومن نمی دونم پالتو بیست تومنی هم هست
ولی این پالتو از اوناست که حس جنس ارزون و بنجل نمیده
بچه ام همین طور
حالا اگه اون یک تومنیه معلومه ارزون هست و من باشم گرونه رو میخرم بچه هم حس بهتری بهش دست میده
ولی اگه معلوم نیست همون رو بخر",False,2,3,1
302955027,"نخور
چون نمیدونی بچه فاویسمی هست یا نه!
در بدو تولد ازمایش از نوزاد می گیره چون حتی خیلی داروها براشون ممنوعه",False,1,1,1
381294765,"ارومم مشغول اکسپلور بودم یهو الان داره اینطوری میشه
امروز بعدظهرم شد اما خواب بودم سعی کردم به خوابم ادامه بدم",False,2,2,1
thread_18032368_starter,از اینور کنکور دارم نمیرم نمیخونم میگم فردا میخونم متنفرم😭😭😭,True,6,4,4
396810478,سلام گلم رفتی ان تی جنسیتو گفتن بهت؟,False,1,1,1
403031260,اخه من ۷ ماه و گذروندم میترسم نچرخه,False,3,6,1
355728832,"بله طبیعیه
من رفتم باغمون اون زمان ها
و سگ مون همون روز از شانس من زایمان کرد و دوتا توله ب دنیا اورد
هیچ یادم نمیره چقدر برای مظلومیت و تنهاییش گریه کردم
بعد دوست نداشت به توله هاش دست بزنی، حساس بود رو توله ها، دست میزنی غر غر میکرد
منم گریه میکردم ک باید توله ها و مادر رو ببریم جای بهتر
این عقلش نمیرسه اومده رو خاک خوابیده
رفتیم براش مرغ خریدیم ریخایم جلوش.یعنی تا یکی دوماه ک سرپا شه، من پدر این شوهر بدبختمو دراوردم بس ک گفتم بریم بهش سر بزنیم کمک لازم نداشته باشه😁🤦🏻‍♀️",False,2,1,2
thread_8408022_mamandibba_1401/01/13 00:50,فدات بشم من...مرسی از دعات عزیزم.. ایشالا هرکی امشب دلش آشوبه خدا کمکش کنه 💔💔😓,False,1,1,1
thread_16102378_starter,"سه روزه درد و خون ریزی شدید داشتم امشب یه تیکه گوشت مانند دفع شد حالا باید چی کار کنم صبر کنم تمیز شم بعد برم سونو؟
شکمم خیلی درد میکنه نمیتونم خم بشم این همین بود یا بازم دفع میشه",True,7,7,2
392868599,شرایط مالی تو زندگی این ندارم وگرنه خودم هزار تومن هم ندارم مثلا کارت به من نمیده برم تنهایی خرید خودش میاد میخره با حساب کتاب طلا که اصلا نمیخره هیچی پول هم تو خونه نمیزاره من کار هم مردم همش و خالی مرد ارثم هم داداش گلم داد دست شوهرم اونم نقدی شکایت کردم توی حسابش نه پولی اومده نه رفته ریخته بود حساب مادرش,False,8,5,5
407776233,"جدا بخری بهتره. من اول سه کاره خریدم بعد یه مدت سریش خراب شد اونجوری سه تا وسیله انگار خراب بشه
بعدا رفتم هر کدومو جدا خریدم",False,1,1,1
413670626,الان پیامم گم شد دوباره🙄🙄🙄🙄,False,2,1,1
336360105,"حالا من باردار بودم دعوا داشتیم که چرا پسره
خلن مردا
ولش کن
خودتو ناراحت نکن برای این چیزا
دو روز دیگه بچه رو میبینه دلش میره براش",False,2,1,1
412928406,من چرا زیاد خندم نمیگیره ب طنزا,False,1,1,3
403045920,لعضیا چون کمبود بچه پسر ارن تو فامیل و توخانواده خودشون اینجوری میشن ریشه در کودکی و باور هایی که گفتن پسر خوبه شده وگرنه دختر پسر فرقی نداره از حرف مردمه که ادم میترسه,False,1,2,1
413921245,به کیا؟ خانواده خودت یا شوهرت چند وقتته؟,False,1,1,1
403379729,حالا زنداییت بفهمه یا نه ، چقدر تو زندگیت ارزش داشت ، اصلا خود زنداییت چقدر تو زندگیت اولویت داره که هم هودتو هم بچه ات رو هم شوهرت رو ناراحت کردی ، گفتگو بلد نیستید ؟ حتما باید خودتون رو بزنید و داد بکشید ، اولویت بندی تو زندگی بلد نیستید ، خب شما قرار مادر بشی تو زندگی ، به نظرم از همین حالا کلاسهای مدیریت خشم رو برو ، از من ناراحت نشو ، اگه خواهرم هم بودی همینو میگفتم، بچه ات قراره کلی چیز ازت یاد بگیره,False,1,1,1
351644812,"خب عزیزم الان پاشو برو بیمارستان...معمولا از شیاف استفاده کنی باید خونریزیتو کنترل کنه برای شما برعکس شده
یه سر بیمارستان حتما برو انشاالله که چیزی نیست",False,1,1,1
thread_6442764_فونیکس1990_1400/02/19 16:29,اینجوری فقط خودت رو اذیت می کنی عزیزم سعی کن مراقب خودت باشی اما وسواس گونه نباشه چون ترس و استرس خوب نیست برات 😘😘,False,1,1,1
411862129,نه طبیعی نیس والا شوهر من روز دوم زایمان ازم میخواست کلی باهاش دعوا کردم,False,3,1,1
360395756,"گنده یا نچرال
از بس همه دماغشونو عمل کردن ما نچرالا فکر میکنیم خیلی دماغمون گنده س",False,1,2,2
318483100,مطمئن باش دیده میشه اصلا نگران نباش،به من گفت برو سلفری ولی من نرفتم میدونستم خیلیارو میفرستن،خداروشکر سالمم بود,False,1,1,1
324164633,"خیلی بدترین درد دنیا
از ساعت چهار عصر درد کشیدم و گریه کردم
تا ساعت هفت دکتر اومد گفت بزار راحتت کنم
خداخیرش بده",False,5,1,2
356961583,درد بعدش ومراقبتهای بعدش چیجوریه؟مگه با لیزر هم درد داره؟,False,2,3,1
286140275,"الان زنگ زد
گفت حرفا قشنگ ک‌بلد نیستی بزنی با پیاما کسشریت میرینی ت عصاب ادم
😭😭😭😭😭
ولی در صورتی ک من از خاستم گفتم
واقعا مردا چقد پرو شدن قبلا احساس میکردم زنا ناز میدن واسه رابطه حالا برعکس شده",False,7,3,6
411594562,😭😭😭😭شوهرم خوابیده گفتم پاشو بریم دکترنیومد گفت فردا,False,6,7,5
410625538,به پسر میخوره دکتر احتمال نداد؟,False,1,1,1
thread_13296066_عشقم،همسرم_1403/01/04 23:53,"هر وقت سفت شدن شکمت خیلی زود به زود شد برو
البته اگه خونریزی نداری یا کیسه آبت سالمه",False,1,1,1
408982093,اگه فاصله درد ها کمتر و شدتش بیشتر شد درد زایمانه,False,1,1,1
406067278,از کمر درد که نگم من 10روز مونده به موعدم که کمر درد شروع شد و 5روز مونده بود به تاریخ پریودم بی بی چک همون لحظه دو خط قرمز شد,False,2,1,1
339392745,شیاف رو قط،نکن و فقط استراحت کن,False,1,1,1
thread_10379801_fatima24_1401/11/28 00:25,باردارم بچه ندارم میترسم رو نی نی ام اثر بزاره این حالتام,False,4,6,2
thread_18013153_starter,"دوست دارم پارچه بخرم البته طرح و رنگ پارچه هاش تغییر بدم بدوزن حالا بنظر شما مدلش چطوره
الان میزارم",True,1,1,1
thread_18141578_starter,بیشتر از دو سه دقیقه نمیتونم بشینم یه نقطه از پایین کمرم کمی سمت چپ درد میکنه همون لحظه که درد و سوزش میاد دراز می کشم کمرم صدای قلنج میده ،از اون طرف تو حالت ایستاده  شکمم سفت سفت میشه و از داخل فشار میاد بهم به محض اینکه دراز می کشم راحت میشم ،زمینگیر شدم کلا یه دردایی مثل درد پریود هم میاد و میره ،تا حالا ده تا دکتر مختلف رفتم کسی نفهمید چیه😭,True,8,6,6
302340691,"نگران نباش
ماه چندی؟!
از دکتر سونوگرافیستت بپرس بهت میگه که لب شکریه یا نه….
منم همیشه فوبیای لب شکری داشتم از دکترم پرسیدم نگاه کردن گفت خداروشکر سالمه",False,3,6,1
382073181,اره گلم هم میتونه شکایت کنه هم دیه بگیره هم طلاقت بده ..دوستم بچه سومش و میخواسته سقط کنه شوهرش گفته هم شکایت میکنم هم طلاق ،بعد عجیبتر اینکه گفته اگه دختر بود ۷ ماهگی بریم بدنیا بیارش، تا سریع اقدام کنیم برای بعدی میخوام اسم بابام و روش بزارم اگه پسر شد ..مردها چقد مسخره ن ..آخه احمق میخوای چیکار ..واقعا بعض مردها مریضن,False,1,1,1
thread_14820613_starter,سازمان برنامه مرکزی تهران هستم و کل محله های غرب تهران پوشش میدهم 09905069276,True,1,1,1
352773543,منم چهار روز قبل سقط کردم تاپیکم هست ، ایست فلبی توی نه هفته ، بعد از یه ماه خودش دفع شد با درد زیاد ،اول کیسه اب پاره شد بعد نیم ساعت خودش. البته جفتش هنوز  نیفتاده 😢,False,7,5,7
403996203,غلط کرده پس من این پولو واسه چی بهش دادم... خودشم دکتر نیس اصلا ماماییه.. کارش طبیعیه کلا به من گفت من واسه سزارین اختیاری دکتر بهت معرفی میکنم,False,5,1,1
404518882,والا خوب تجزیه تحلیل کردی ما که ده بار خوندیم نفهمیدیم چی شد. اسی کاشکی شوهرت یه دست کتکم بهت میزد دلمون خنک میشد با این نوشتنت عه,False,1,1,1
408672088,خب تو خونه چیا داری؟؟بگو کمکت کنیم,False,1,1,1
408893349,میخورم اما نه برای زیبایی چون چیز دیگه نمیتونم بخورم میوه فقط سیب موز خیار 😭 گلابی و کیوی پرتقال نارنگی معده مو سوراخ میکنه چون اسیدیه,False,3,1,2
413780258,"من که ازدواج کردم واقعا نمیدونم چه گلی یه سرم زدم
منم همش فکر میکردم تو ازدواج ریختن برام
نصف موهام سفید شده از خود شوهر و هرچیز مربوط بهش حالم بهم میخوره نفرت دارم شب بغلم میخوابه قیافشو میبینم میخوام با دستم صورتشو له کنم حالا نامزدم خیلی شبا پیشم نیست وضعم اینه",False,9,4,8
thread_14678864_starter,"رفتم دیروز قبل ازینکه برن تو کلاس باهاش حرف زدم
گفت دخترتون یکم عصبیه و زود حوصلش سرمیره
کلاس دومه
دخترم خودش بود گفت اخه خانوم بچه ها دورم میزنن هی صدام میزنن کلافه میشم
منم گفتم اره اینو مدام میگه
گفت نه درحالت عادیم  عصبیه بهش گفتم مقنعه تو سرت کن گفته دارم میکنم دیگه باحالت عصبی
گفت احتمالا کمخونی داره ازمایش داده
گفتم نه سرامپول انقد گریه و داد داره هیچوقت نگرفتم
گفتص بچه منم اینجوری بود بهش شربت هموگلوبین داددکتر خیلی بهتر شده
گفتم زینک راستش بخاطر بلوغ زودرس میترسم بدم
گفت نه زینک نداره
الان شربت گرفتم ویتاگلوبین
به نظرتون به دردمون میخوره؟",True,4,4,1
350630842,"ماهم هیچ پولی نداشتیم برا زایمانم
همسرم
محل کارش خیلی اذیت میشد با اینکه درآمد خوبی داشت ولی دیگه نرفت گفت تا بچه بدنیا بیاد کار خوب پیدا میکنم
یه شب من حالم بد شد چون پول نداشتیم نرفتیم دکتر  صبح همسرم با دوستش رفت دنبال کار اونم راهش دور بود
تو خونه تنها بودم کیسه آیم پاره شد
بچم هفت ماهه بدنیا اومد اونم تو گرونترین بیمارستان تبریز  خداروشکر تو دستگاه هم نرفت بچم
همسرمم یه کارخوب پیدا کرد با اینکه درآمدش کمه ولی با برکته",False,5,3,2
thread_18041435_starter,"من تا جایی که بتونم خونه رو مرتب و تمیز نگه میدارم
امروز چون روزه بودم و کلاس آنلاین هم داشتم خیلی خسته و بی حال بودم خونه رو مرتب نکردم البته سالن کاملا مرتب بود فقط ظرفا تو آبچکان مونده بود و تحت یکم نامرتب بود، سریع گیر داد که مگه از صبح تو خونه چیکار میکنی من وقتی میام خونه انرژی منفی میگیریم و ...اینا
حالا اگه خودش کامل تو خرج و اینا برام سنگ تموم میذاشت میگفتم حق داره ولی دیگه خیلی گیر میده شورشو درآورده
خونه از تمیزی برق بزنه چیزی نمیگه ، کافیه یه چیز نامرتب ببینه سریع میگه",True,7,3,4
306978552,برا منم ایست کرد مشکلی نبود قبلش پا درد شدید داشتم توبارداری قبلش هم همیشه پا درد بودم خودم حس میکنم خون رسانی نميشد بهش بعد سقط ۳ ماه بکوب ورزش کردم خداروشکر دیگه پا درد ندارم,False,3,1,2
413878755,ببین زندگیهمه جدا از هم.ممکن دونفر خوشبخت شن دونفر دیگه نشن.به خیلی چیزا بستگی داره. چرا نمیرین پیش مشاوره؟؟,False,1,1,1
371604742,"چقد ارتباط مجازی بده ...
شما هرر روز میحرفید ؟",False,2,1,1
356411527,خانم اینا کنگر بخورن لنگر میندازن ، داریم به فاجعه افغان ایران نزدیک میشیم,False,2,2,1
358779962,منم امروز کابینت ها رو دستمال کشیدم و جارو زدم,False,1,1,1
411964565,چرا دلیلی بگین منظورم اینه برا برادرتون رفتین خواستگاری گفته نه بهتون با چشم و ابرو میگین برم حرف بزنن یا نه,False,1,1,1
397197484,🙄🙄🙄چقدرررر بدم میاد از اینجور آدما,False,2,1,1
399790213,بارداری اول دیرتر متوجه حرکاتش میشین..بیشتر ماه هشتم ونهم..قبل از اون درحد ضربه کوچک حس میشه نه تکون خوردن وچرخیدن,False,1,1,1
406897606,اره ولی الان سرممنت میزاره,False,3,1,2
thread_13552822_starter,"بچه ها دیروز تاپیک زدم نصفشب سرتا پام خون شد(خون کمرنگ و زیاد)
رفتم بیمارستان سونو گرفتن گفتن بچه سالمه
شیاف دادن
خوب بودم
تا امروز صبح بیدار شدم خیلی معذرت میخوام رفتم دستشویی دیدم سنگ کلا قرمز شد
خون میومد عین پریودی
غلیظ و پررنگ
یعنی الان انگار پریودم
چه خاکی تو سرم بریزم
دیروز تا ظهر بیمارستان بودم
الان چکار کنم
از این طرفم هم خودم هم دخترم صبح بیدار شدیم با گلو درد سرما خوردیم😭😭😭😭😭😭 کسی تجربه ای داشته خونریزی تو بارداری؟
هفته پانزده هستم😞",True,9,9,6
thread_14835631_starter,میگم ازمایش بده بابت سرد مزاجیت یک سری فاکتور ها و پنل هورمونی چک کن.حالا راضی شده بره پیش اورولوژیست بعد اینهمه گفتن من.میکه تو نباید بیای داخل اتاق پزشک اورولوژیست این مساله شخصی هست.اخرم میگه نمیرم مشکلی ندارم اصلا اگه میخای تو بیای.چ گیری کردیم بخدا.دکتری ک نوبت گرفتم براش همکارمه,True,6,4,2
thread_8221954_نسادات_1400/12/08 11:21,"کسی بود که مشکلات خیلی شدید تو دوران هشت ماهگی نه ماهگی بچش داشت کار تا طلاق کشید و هرروز گریه میکرد ولی خداروشکر بچش سالمه
البته دوران نوزادی بچه یکم ناراحتی تو چهرش دیده میشد ولی الان چهارپنج سالشه سالمه خداروشکر",False,1,1,1
286808424,"من الان دوبارداری با جنسیت متفاوت داشتم ک فهمیدم به ویار ک اصلا ربطی نداره و هر بار خانم بارداری رو دیدم و حدس زدم درست بوده
یکم از رنگ و روی صورتت بگو که تغییری کردی یا پوستت چجوریاس خشک شده یا نه
ر‌نگ صورت چجوریه رنگ پریده و زرد هستی یا نه",False,1,1,1
336796897,"عزیزم قبل ازدواج معاینه بکارت انجام دادی؟
یه سری بکارت ها به خاطر نوعشون یا ضخامتشون از طریق رابطه نمیشه برداشته بشن و خانوم بخواد با رابطه بکارتشو از دست بده خیلی درد داره و اذیت میشه و حتما باید با جراحی براشون هایمن رو بردارن.",False,1,1,1
341109592,انشاالله هرچی از خدا میخای بهت بده,False,1,1,1
thread_13296066_پرنده__غربت_1403/01/04 23:59,خیلی میترسم اما دوست دارم طبیعی بیارم,False,5,8,1
339198518,"چرا مراقب نیستید
واسه حمام اونم خانوم باردار که نباید دمپایی داشته باشه !
درد لگن و شکم ندارید ؟
لک خونی ندارید ؟
وقتی خوردید زمین سریع احساس پری مثانه و ادرار نداشتید ؟",False,1,1,1
thread_7650399_starter,من از هفته ۳۶بغضی روزا ترشحات خیلی غلیظ بی رنگ معروف ب موکوس داشتم.اما دیشب این ترشح زرد خیلی پررنگ شد.میترسم جنین مدفوع کرده باشه.ب شوهرم گفتم میگه بسه همش دکتر دکتر خستم کردی بخدا من دوبار اضافه رفتم دکتر.بچه حرکاتش خوبه.استرس دارم,True,7,8,2
thread_17870637_starter,"سلام مامان ها
من وزن بچم ۲۹ هفته بود ۱۳۰۰ که دکتر گفت کمه. بعد شروع کردم روزی یکبار ۲۰۰ میل لیدی میل خوردم ۳۳ هفته و ۴ روز شد ۱۸۸۰.(روی قوطی نوشته روزی دوبار هر بار ۲۰۰ میل من انگار نصف این مقدار و خوردم)
کسی بوده مثل من وزن بچش کم باشه و چیزی بخوره که وزن بیش تا زایمان خوب شه؟
من وزن بچه اولمم کم بود دلم میخواد این بیشتر بشه 😓",True,4,5,2
thread_10314630_starter,"میخوام تجربه ی خودم رو بگم از اینکه چطور تونستم استرس بسیاررر زیادم رو در بارداری از خودم دور کنم.
من چون تحربه ی دوبارداری شیمایی داشتم و بارداری اولم هم پره کلامپسی شدم و زایمان زودرس بشدت گرفتار استرس و اضطراب زیاد از حد شدم. حتی بعد از اینکه فهمیدم قلب جنینم‌ تشکیل شده ، کلا هرجا علائم خطری می‌شنیدم همونو منتظر بودم به سرم بیاد. یه استرس غیر قابل کنترل داشتم دوست داشتم مدام برم پیش دکترم چکم کنه چیزی نباشه، خیلی بد بود حالم، واقعا بد.یادمه منتظر  جواب غربالگری اول که بودم از شدت استرس میزدم زیر گریه و کلا جام تو دستشویی بود. اومدم برای درمان نگرانی ام مراقبه رو امتحان کردم اما یه چندباری انجامش دادم بیخیالش شدم. یبار هم با خانم روستا مشاوره گرفتم ایشون هم پیشنهاد دوری از اخبار بارداری و مراقبه رو پیشنهاد دادن، تا اینکه رسیدم به هفته ی ۲۰ بود فکر کنم که فشار خونم مثل بارداری قبلم رفت بالا،روی ۱۶ و دفع پروتئین ام شروع شد دیگه با خودم عهد بستم سفت و سخت برای رفع استرسم مراقبه کنم. مراقبه با مانترا رو از کتاب دکتر محسن بهشتی پور پیدا کردم و انجام دادم ، روزی دوبار در یه جای ثابت و ساعت ثابت به حالت ریلکس می نشستم و دستام رو پاهام میذاشتم با پشت صاف. یه کلمه ای که باهاش راحت هستید رو مدام تو ذهنتون باید تکرار کنید من کلمه ی ""اوووم"" رو تکرار میکردم با چشمان بسته. و اجازه بدید هر فکری که میخواد به ذهنتون بیاد هر فکر منفی، استرس غم هرچیزی اجازه بدید راحت بیان فقط شما تماشاشون کنیو اون افکار رو اصلا باهاشون نجنگید که چرا دارن میان، برای من تا ماه ها تنها فکری که به ذهنم میومد کابوس هام بودن از کودکی تا به اون روزم، خوابای بد و تلخی که دیده بودم اصلا فکر نمیکردم این کابوس ها بار سنگینی بودن برای ذهنم ، یکی یکی شناور میشدن از پس اعماق ذهنم، از روزی ۵، ۶ دقیقه شروع کنید تا برسه به روزی ۲۰ دقیقه، رمز موفقیت فقط و فقط تکرار و مداومت هست، بعد چند هفته حرفه ای تر میشید در انجامش و آرامش می‌گیرد. سعی کنید در هر شرایطی انجامش بدید و ترکش نکنید، من به طرز معجزه آسایی میدیدم که کابوس هایی که فقط تماشاشون میکنم کم کم محو میشن ، و جالبیش اینجاست الان از ذهنم حذف شدن ، بعد کابوس ها برای من نگرانی ها و ترس هام بودن که بالا میومدن و خودشونم حذف میشدن، من به آرامش عمیق رسیدم ، وای الانم یادم میفته کیف میکنم، حتما حتما امتحانش کنید
.",True,9,9,4
347006311,"۲۴ هفتس
وایی ن آخه چرا الان من ۱۶ سال تنها بودم 😭",False,4,3,4
411426841,"ماما بم میگه نگران نباش شاید هماتوم بود دفع شد
ولی آخه میگم چطور هیچی درباره ش بم نگفتن تو سونو ، جای معتبر هم رفتم
الانم برم بیمارستان کاری برام نمیکنن باید برم سونو بگیرم ک کسی نیست الان",False,6,7,2
390273737,افراط در خوردن خاکشی خوب نیست نه نشسته بودنش,False,1,1,1
270408517,"اینجا که هرکی میتونست با هر زبونی بهت گفت دلت برا این آدم نسوزه ولی نمیخوای متوجه بشی خودتو زدی به کوچه علی چپ فقط برای بقیه گریه زاری میکنی ولی راهکارشونو نمیخوای.
اون گرسنه نبوده داشته برای تو فیلم بازی میکرده.خودش نگفته بود دلم میخواد آرد تفت میدم میخورم؟؟؟ نمیتونست نیمرو بخوره یا اون ننه عفریته اش نون نداشت این بخوره؟ چرا اینقدر بدبخت و زودباوری؟
خب توکه پول داری حق طلاقم داری وکیل بگیر عدم صلاحیت شوهرتو ثابت کن بچه رو برای خودت نگهدار خودتو بچه رو از یوغ این گراز نجات بده.بچت میشه همه چیزت
این کثافتی که به زن حامله و بچه خودش رحم نمیکنه رو میخوای سایه سرت باشه؟ خودت نمیتونی مراقب خودت باشی حتما باید یه نره غول بالاسرت باشه؟ نمیتونی آقای خودت و بی بی خودت باشی؟
یه شغلی راه بنداز برای زنان سرپرست خانوار و دخترای یتیم باهم توخونه کار کنید درامد دربیارید
کلفتی مامانتم نمیخواد بکنی یه مدت بمون تا کارات جور بشه بچه ات از آب و گل دربیاد بعد خونه مستقل بگیر",False,1,1,1
413947437,"برا منم میگیری.محمد پشیمون میشه برگرده ب شیلا یا ن؟
پیام میده خبری میشه ازش یا ن",False,2,3,2
320391940,میخوام برم سلفری گفت ۱۵ هفته باید بری تا اون موقع دیوونه میشم.۱۲ هفته و دوروز بودم,False,5,7,2
336490156,"بی حسی بودم
بعد عمل هیچ دردی نداشتم عمل خیلی راحتیه
موقع بارداری هم اذیت نشدم
بخیه رو موقع سزارین باز کردم تو ۳۹هفته",False,1,1,1
378070287,"از کباب مرغ اینا نفرت دارم
البته قبل بارداری عاشق اینا بودن",False,1,1,1
thread_13437258_starter,"سلام وقتتون بخیر من تازه اومدم نی نی سایت
بارداری خارج رحم داشتم هشت هفته که رفتم برا سونو تشکیل قلب متوجه شدم هیچ علائمی هم نداشتم نه درد نه خونریزی نه لک بینی
با بتا ۶۷۷۴بستری شدم دوز اول mtxدریافت کردم فرداش مرخص شدم سه روز بعد بتام اومد ۴۱۷۹ و‌روز هفتم شد ۴۲۹۴ دکتر گفت خوبه و ازین به بعد هفته ای بتا بده
ولی نمی‌دونم چرا استرس دارم میشه تجربه دارید بهم بگید چیکار کنم یکم آروم بگیرم و اینکه به حرف دکتر هفته ای بتا بدم یا هر ۴۸ ساعت یه بار چون میترسم هفته ای برم ببینم خدایی نکرده بالا رفته خیلی",True,8,9,3
354488844,"اگه مثبت بود اینم نشون میداد بعده یه هفته تاخیر
ولی مدیکور دقیق تره
بله مدیکور مارک بی بی چکه
و تو اکثر داروخانه ها هست",False,1,1,1
319828418,"نه عزیزم
میخواستم ببینم حس شیشمیه درست گفت بت که ازش بپرسم یا نه",False,1,1,1
thread_17083432_starter,این طوری بهتره,True,1,1,1
332218074,ار صورتش تشخبص بدیم؟؟ هفته چنذی و علایمت چیه,False,1,1,1
338752814,یه مدت زیاد مهمونی نرو بزار کامل متوجه بشه بچه ها باهوش هستن زود یاد میگرین,False,1,1,1
thread_16035845_starter,سلام دوستان من در هفته ٣٣ بارداري هستم و دردهايي مثل باد توي كمرم و شكمم ميپيچه اين درد چيه,True,2,3,1
thread_15851205_starter,"بچه ها من سونو ان تی دکتر گفت همه چیز عالیه
جواب ازمایشم الان اومده دارم سکتته میکنم
میشه راهنماییم کنید
NT =1.84
Mom=1.53
Papp=1.92
Free hcg=37.50
ریسک سندروم دوان هم زده متوسط",True,8,9,2
318327294,نه والا چند ماهه همش کارم گریه اس. روزی نیس گریه نکنم. نمیدونم تغییرات هورمونیه چیه. سر بارداری اولم اینجور نبودم.,False,7,5,9
404728930,"ی سوال
سینه درد توپریودیم داشتی؟ سینت سفت سنگین شده یا فقط نوک سینه از کی شروع شده
ببخشید سوال کردم منم اقداممبرا همینه",False,2,3,1
255663303,وای آره راست میگی به خدا 😭😭😭,False,2,1,3
412505176,خو به مردم چه خیلی بدم میاد از اینایی که تو زندگی دیگران دخالت میکنن تو خودت زندگی کن به کسی اهمیت نده,False,3,1,1
thread_9821639_النازی۲۳۷_1401/09/15 00:44,مثل من ک چون شوهرم تک پسره هی میخونن تو گوشم الهی پسر شه پسر شه با اینکه خودم برام مهم نبود حنسیتش ولی الان یحورایی استرس گرفتم 😑😑الان وارده هفتمه میگم سونو میدم خودم قبلش ببینم چی میگن,False,6,5,2
347070156,واییییییییییی خیلی بده شوهر آدم تنها بره، من که اگه تنها بره همش حس میکنم دارن یادش میدن و پشت سر من صفحه گذاشتن، کاش یکی از اول به ماهایی که پیششونیم،  می‌گفت رد ندین و رسمی باشی، یکی از اقوام دور ما کنار مادرشوهر بوده، اما آنقدر مثل غریبه ها و رسمی رفتار کرده که هیچ کس جرات نداره چیزی بهش یگه، مادر شوهرم هرچند وقت یه بال براش برنج و روغن و... میخره میبره دم در خونش،  اما من از اول مهربون بودم و خیلی  خودمونیشون کردم، به نظرم آدم باید از اول رسمی باشه ، حیف.‌‌...,False,5,6,3
thread_11018093_adrina_______1402/02/15 12:43,۹ هفته ک مهم نیس چجوری بخوابی,False,1,1,1
396661925,"من تو ظاهر باهاش خوبم بخشیدمش اما دلی نبخشیده ام
بعدم من برم دنبال مهریه و.... خانوادم با اینکه دوس دارن جدا شم ولی میدونم آدمای استرسی هستن میترسم ناراحت شن اذیت شن گناه دارن آخه تو این سن و سال",False,5,6,3
thread_16971864_starter,"انگار فقط من دارم تو این مملکت
سوال دارم کسی نیست جواب بده 😷😭
واقعا بیماری سختیه امروز تو مترو نفسم گرفت مجبور شدم پیش اون همه آدم اسپری بزنم
آخه خجالت میکشم از اسپری زدن پیش بقیه نه من همه آسمی ها خجالت میکشن از اسپری زدن😭😭😭
خودتون کسی پیش تون اسپری آسم زده تا به حال؟",True,5,5,3
thread_13287301_عسلی۰۰_1403/01/03 15:16,از چشمم افتاده لعنت بهش😞😞,False,3,1,4
413954893,من از خانواده جدا نشدم ولی دیگه هیچی پول بهم نمیدن حتی یک ریال خیلی سخته ولی من بیکارم مطمئنا شغل داشتم سخت نبود اونقدر,False,7,3,4
thread_10952183_عطرعاشقی_1402/02/07 09:59,منم خیلی خواب ترسناک و چرت و پرت میبینم هم اوایل بارداری یکم وسطا کم شد الان باز شروع شده,False,3,5,1
328217929,"به ی دکتر اکتفا نکن برو ی بیمارستانی که اورژانس بخش زنان داشته باشه و متخصص
تا کمکت کنه ‌",False,1,1,1
412986171,خب تغییر بده اگ تو پدرمادرت بدترین ادم زمین باشن خوشت میاد همسرت بدشونو بگه وا.,False,3,1,1
412888865,"اون خودش با حرفاش باعث شد بقیه بهش توهین کنن
مردی که پول فقط با پول یارانه زندگی میکنه میتونه شکم ۶ نفر سیر کنه اون خودش گفت فقط با یارانه زندگی میکنم
درضمن من دیگه بیشتر حرفی نمیزنم فقط گفتم طرف حق بگیرید",False,2,1,1
thread_11976631_starter,سلام این بیماری درمان قطعی داره ؟؟یعنی طوری که ویروس کاملااز بدن خارج بشه ؟؟ وامکان الوده شدن از تخت وملافه الوده یا لیزر الوده هست ؟؟؟وچند وقت بعداز الوده شدن زگیل میزنیم ؟؟؟,True,4,6,1
400066613,ایشالا به زودی مامان شی گلم,False,1,1,1
401889669,من دو روز بعد تاخیر بله منفیه,False,1,1,1
278195679,دست زدنش خطرناکه؟,False,2,3,1
380897964,ناشکری نمی کنم ولی خیلی دارم اذیت میشم 😔,False,6,2,4
413858838,مطمعنی میره پیش مادرش ؟شب نصف شبی زن میاره خونه,False,5,5,2
329363550,اره برا من که خیلی خوب بود,False,1,1,1
thread_6489092_ملکه_یخی_هستم_1400/02/26 16:28,"ندارم..
ولی نمیدونم چرا خوشم نمیاد مرد گریه کنه
ابهتش میریزه😕",False,1,1,1
394029451,نه تنگی نفس ندارم ولی بشدت درد کشاله دارم میخوام تو جام پهلو به پهلو شم خیییییلی درد میگیره یا موقع نشستن پاشدن,False,3,1,1
408490480,"سلام عزیزممم مبارکههه استرس به خودت نده من خودم هفت هفته و پنج روزم بود رفتم صدا قلب  میزد خداروشکررر بعد اقاهع گفت الان هفت هفته و یک روزته
بنظرم بزار بری تو هشت هفته بعد برو  اصلا استرس نداشته باش هرچند از فهمیدن بارداری تا روز صدا قلب انقدر سخت میگذره برا ادم 😍🥹اونم اگه چشم انتظار نینی باشی انشالللههع که  میری و دل شاد برمیگردی استراحت کن فولیک اسید حتما بخور با میوه پرتقال خوبه برا قلب😍😍🫀",False,3,2,1
413701543,"اعتماد به نفست کو دختر زیبا؟؟؟
بخدا ازدواج هم کنی دردی ازت دوا نمیشه",False,1,1,1
338397125,نمیگم نخره ولی با گوشی ده تومنی کارش راه نمیافتاد؟,False,1,1,1
318367906,ولی انصافا این دیگه هیچیش معلوم نیست🥲,False,2,2,1
378530214,"من زودتر شروع کردم الان ۹ هفته ام ولی نصف میخورم
دعا کن برام گلم",False,1,2,1
344477567,از‌من‌ی ساعت کلا وصل نمیشه,False,2,1,1
396447617,"عزیزدلم خواهش می کنم ترک کن من یه مادرم حاضرم خودم هر زجر و سختی بکشم اما بچم در آرامش کامل باشه چون زجر بچم صد برابر برام سخت تره تا زجر خودم شمام مثل من مادری
حالا خوب فکر کن الان خودت زجر بکشی سخت تره یا هشت ماهه دیگه پاره ی تنت ؟؟؟؟؟!!!!!!!",False,3,2,1
349656682,"وقتی عکس خودشو نشونش میدم میگم کیه با انگشت اشاره به خودش اشاره میکنه و میگه ایح.به جای من میگه ایح.جمله نمیگه هنوز 21ماهشه.کلمه میگه ولی تلفظ هاش خوب نیست.
دانش آموزتون چه سطحی از اتیسم بود ؟",False,2,3,1
412406255,"یک نکته ی دیگه اینکه منم قبلاً هدایتگر و راهنمای دوستام بودم، غم ها و مشکلاتشون رو میگفتن بهم تا به قولی دنبال راه حل باشن...
من نخواستم دیگه هادی اونا باشم.. و مشاوره دادن گذاشتم کنار. یه مدت هرچی پرسیدن، گفتم نمیدونم والا! چی بگم!
دوستا یا عزیزای آدم مگه فقط توی غم دوست میخوان؟
توی شادی، توی تولدها توی عروسی ها و ... بازم آدما به همدیگه نیاز دارن!
من میخوام رفیق شادی ها باشم 😃",False,2,1,1
404985851,"خارج رحمی فک کنم درد کتف وشانه و دل درد شدید داشته باشه
من تو همین هفته ها همینجکر اول لکه قهوه ای کمرنگ شدم بعدش بیشتر بیتشر شد سقط شد شما همین اول برو دکتر شاید به شیاف وامپول احتیاج داشته باشی ک جای بچه سفت بشه و زیادم کار نکن استراحت کن",False,2,2,2
385641304,"شرایطمون عین همه
منم باردارم
شما چند هفتت هس",False,1,1,1
380871303,درد پریود و درد تخمدان طبیعیه. استراحت بکن اگر لک بیشتر دیدی برو دکتر.,False,1,1,1
411940700,چشم عزیزم خودت میگی شیطان شیطان وقتی یک انسانی می خواد مومن بهش خیلیی سعی میکنه از در دیوار برای طرف سختی بفرسته تا پشیمون بشه دور بشه از خدا تا می تونی موقع عصبانیت دور شو از عاملش برو وضو بگیر یا قرآن بخون یا هدفون بزار یا برا خودت تنبیه بزار هر موقع عصبی شدی باید برای همه اطرافیانت ۱۰۰ صلوات بفرستی  انشالله از هرچی شر شیطاین جن انس دور باشی التماس دعا,False,1,1,1
329520624,نه عزیزم چیزی نمیشه نگران نباش اصلا این استرس برات بدتره نه اون رابطه,False,1,1,1
364879796,"خداروشکر عزیزدلم
انشالله به خواسته دلت برسی
واسه منم دعا کن منم استرس دارم🥲",False,5,4,1
383426493,ژل روان کننده بزن و اینک اولین رابطه درد داره تا چندوقت ک عادت کنه بدنت من الان بااینک 9ساله ازدواج کردم هنوز موقع رابطه درد دارم مث اولین بار,False,3,1,1
335387371,"بالا ی دل ممکنه از معده ات باشه
کلا درد ها طبیعیه فقط درد مثل پریودی باید سریع بری دکتر",False,1,1,1
372112307,نه نشاسته گل,False,1,1,1
thread_15857281_starter,خانما هفته ششم بارداریمه امروز از صب حالت تهوع دارم و اسهال شدم کلا آبکی بنظرتون طبیعیه ؟نگرانم داعم تو دستشوییم بخاطر اسهال🤮😭,True,5,6,2
thread_16515234_starter,"من حاملم بچه اولمه تا حالا ۲ تا از فامیلامون این حرفو بهم زده یکیش که پیر زن بود باز حالا اون اشکال نداره پیرزنه دیگه....ولی امروز یکی از فامیلامون که جوان هم هست برگشته بهم میگه رفتی سونوگرافی؟ گفتم نه بعد برگشته بهم میگه ایشالا پسر میشه
یجوزی حرف میزنن انگار پسر با ارزش تر از دختره!
بعد منم گفتم دختر پسرش فرقی نمیکنه فقط سالم باشه
واقعا من نمیدونم بعضیا منظورشون از این حرف چیه!
یعنی چی آخه این حرف!!!!!!!! آخه یه حرفی بزنید منطقی باشه چیه آخه هر چی میاد تو فکر مریضتون از دهنتون پرت مبکنید بیرون!
بعد این خانم جوانی که این حرفو بهم زد اصلا خیرخواه منم نیستااا یعنی راضیه بدترینااا بشه
یجوری حرف میزنن آدم ناراحت میشه آخه مگه دختر بده؟
والا ما فرقی نمیدونیم بین دختر و پسر.....ولی یجوزی حرف میزنن مستقیما منظورشون اینه که دختر بده بعد اینا با خودشون نمیگن که الان ما از این حرفمون منظورمون اینه که دختر بده بعد اگه این پس فردا بزنه بچش دختر بشه از این حرف ما ناراحت میشه دیگه..میگه حتما دختر بده که این این حرفو بهم زد!
واقعا آدم باید حرف زدنی خییییلی دقت کنه خواهشا راجب هر چیزی نظر ندید راجب هر چیزی صحبت نکنید سکوت کنید..... مجبور نیستید درمورد همه چیز حرف بزنید
چه دختر چه پسر مگه قراره کسی خرجشو بده که اینجوری حرف میزنن!!!!!!",True,5,1,3
351716160,"اینجا گفتن ندارع
اصلا تو این ده سال به قدری زجر کشیدم
به همین ماه صفر قسم هیچ دل خوشی نداشتم ،،،،داعم استرس و ناراحتی و دعوا و اضطراب کشیدم
از یه طرف هم آدم طلاقی نیستم !!!
بچه نه ساله دارم
نمی‌دونم چیکار کنم",False,9,8,8
347071187,"خدا رحمتش کنه الان چه حالی داره تو قبرش 💔🖤🖤😔
میگم اسی واکنش مامانت چی بود وقتی بهش گفتین",False,2,1,4
292566474,اب ولرم و نمک و آب لیمو قاطی کردم تو دهنم نگه میدارم فقط واسه پنج دقیقه خوبه,False,1,1,1
407884663,روی دستت منظورمه ها نه کف دستت,False,1,1,1
252781142,"عزیزم سه ماهه اول که پیشکش
من سه ماهه دوم و سومم واسم ممنوعه همه چی",False,2,1,1
391723078,خب یه آدم دیگه تورحم داره رشدمیکنه ها کش میادرحم بخاطراونه,False,1,1,1
345813835,چرا من دلم برای هیچ آخرین باری تنگ نشد؟؟؟😕😕😕,False,1,1,2
386289626,میترسم نتونه جور کنه خدایی,False,4,6,1
321002103,من ۳ روز خونریزی داشتم، بعدش قطع شد. ولی کمرم درد بود تا چند روز بعدش,False,2,1,1
412864990,مرسی آبجی زندگیم درست بشه دیگه هیچی نمیخام نذر کردم اولین روز ماه رمضون خدایا حاجتمو بده,False,6,4,4
352727905,اخه کوچیکه دیگه .... یعنی درد داره ؟ وحشت دارم بخدا .,False,5,8,1
384886664,چقد هزینه دادید؟,False,1,1,1
thread_17999237_starter,"سلام
نوزاد من تقریبا چهار ماهش هست من وقتی کوچیکتر بود وقتی مدفوع میمرد روزی ی بار با شوهرم میشتسمش تو لگن
چون روشوییمون جوریه نمیشه شست وبعد بچه هم خیلی ریزه میزه بود میترسیدم از دستم بیفته
بعد چون کولیک داشت من ب ای اینکه بیشتر دل درد نشه با آب و پنبه پاکش میکردم کامل بعصی وقتا هم دستمال مرطوب میزدم بعد دوباره با آب وپنبه تمیزش میکنم و بعد خشکش میکنم
چون هوا سرد بود وجا درست حسابی نبود زیر آب نمیبردم یعنی تنهایی میترسیدم  تا الان روشم اینجوری بوده البته حسابی پاکش میکردم بعدم کرم میزدم بعصی وقتا
یعنی روشم اشتباه بوده تا الان؟",True,5,7,1
thread_11036040_82ayhan_1402/02/17 19:54,بزاریکم خشک شه بعدبزار,False,1,1,1
326343479,اره خیلیییی سخته واقعا اون چندثانیه که که درد قطع میشه قشنگ بیهوش میشی دوباره مث برق گرفته ها بلند میشی هوار میکنی 😭خدا رحم کنه به همه,False,7,4,2
408773616,به نظر من که بتا میزانش جنسیت رو تعیین نمیکنه،من بتام بالابود،سرچ کردم،نوشته بود بتای بالا نشان دهنده جنسیت دختره،ولی بچم پسر شد,False,1,1,1
384114751,بله ممکنه اشتباه باشه به نظرم صبر کن,False,1,1,1
413933415,"یعنی همسرتون طلاق میخواد شما نه؟
دلیل طلاق رو توی دادگاه چی عنوان کرده؟",False,1,1,1
thread_14123256_starter,رابطه تو باداری مشکل برای بچه پیش میاره  اونم سه ماه اخر جنین ت هفته ۲۷ هست ش,True,3,5,1
412754051,این کت قشنگه ؟ من اینو خریدم,False,1,1,1
323876291,"نه عزیزم فقط خواستم ببینم خودت مشکلتو با این داروها حل کردی یا دکتر داده
چون همسره منم خون ریزی شقاق داره
هر چی دارو میخوره یه ذره عصبی میشه باز برمیگرده
این آزمایش هیدروژن که گفتی رو میشه برای این مشکل داد ؟؟؟؟",False,3,4,1
329072569,شکایت از دندونپزشکا به هیچ جا نمیرسه,False,1,1,1
thread_17918129_starter,"سونو دادم12 روز پیش سونو گفت هیچ تشکیل نشد زوده هنوز برا بارداری تو اخر ماه باردار شدی امروز سونو دادم
دکتر سونو دید گفت ساک بارداری ضعیف و احتمالا نطفه هم ضعیف بوده باشه بهم گفت احتمالا سقط بشه بچه اگر رحم نتونه نگهش داره یا که رشدش متوقفش بشه😭😭😭کسی نبوده مثل من ینی؟ گفته تو خیلی استرسی هستی هرکس دیگه بود رک بهش میگفتم بچت نمیمونه دل نبند
ب نظر خودمم مشکلی هست اخه اخرین پریم 29آذر بود ب تاریخ برنامه 7هفتم ولی ب تاریخ سونو5 هفته 5روز  عکس سونوم میذارم ببینین",True,9,9,7
279543448,"عزیزم من ۰/۸ طبیعی بدون حتی یک قرص باردار شدم
اینا همش دکان کاسبی دکترا برای ivf",False,1,1,1
299812726,"من خودم دوتا دارم
بچه دوم که بیاری درد سرای خودشو داره ولی بعد یه مدت که بزرگ تر بشن تموم میشه مخصوصا دختر شمام که ۵_۶ساله است تو یه سری کارا کمکه برات
دخترت هم سن دختر اول منه
دختر من خیلی علاقه ایی به بچه ها نداشت خدایی ام خیلی اذیت شدیم تا با خواهرش کنار اومد ولی الان که دختر دومم ۲ سال و ۳ ماهشه به شدت بهم وابسته ان یعنی اگر یک ساعت ازش دوره شه حرفشو بزنی بغض میکنه
حالا من در مورد بچه سوم تردید دارم میگم اگه نیارم چه تضمینی هست که ۱۰ سال دیگه پشیمون نشدم که دیگه دیره
حالا که خدارو شکر از نظر مالی ام مشکل نداری تا دیر نشده دومی رو بیار به سختیش میارزه
دختر من اون وقت که تک بودو کامل یادشه گاهی ازش میپرسم اون موقع بهتر بود یا الان همیشه میگه الان با اینکه با هم دعوا هم زیاد میکنن",False,4,4,2
350812851,جددددی میگی؟ 😭😭😭😭😭😭😭,False,3,3,2
412352374,"بداخلاقی
دهن بینی
بعد طلاق باید دستتو بذاری رو زانوت بلند شی بری دنبال موفقیت
ن بشینی منتظر خواستگار ازچاه بیفتی توچاله",False,1,1,1
376283558,"صبح ها احساس دفع شدید داشتم و تهوع و تنگی نفس
سفت شدن و درد سینه ها
احساس خیس شدن
نفخ اسهال و احساس نبض توی شکمم
البته سر بارداری قبلیم تهوع شدید و احساس سوزش توی پهلوی راستم و بالا آوردن شدید داشتم و نمیدونم این نفخ و اسهال ربطی به بارداری داره یا ن",False,3,2,1
382910056,"هیرا
هیربد
مهبد",False,1,1,1
thread_17981136_starter,"فک کن ی چی تو اتاقت بو گرفته
همه جارو بو گرفت 😭😭😭😭😭😭😭",True,3,1,1
373314928,ماه تولد خودم اردیبهشت اون تیر,False,1,1,1
thread_14620497_starter,"کسی هست همسرش لکنت داشته باشه؟
۳ روز پیش موقع تلفنی حرف زدن دیدم وقتایی که من تند تند حرف میزنم اون استرس گرفتنی لکنتش مشخص میشه نفس نفس میزد
بهم گفته بود ولی وقتی ویس میداد یا ویدئو مسیج چن بدون استرس حرف میزد چیزی مشخص نبود
پسر خوبیه کلا شخصیت و خانواده و موقعیت و... فقط این ویژگیش یکم..",True,2,2,1
394070186,"علائم تشخیص قطعی جنسیت نیست
اما به نظرم دختر",False,1,1,1
376805078,عزیزم بهتر صحبت کن ، زحمت کشیده استخدام رسمی شده ، ارشدشم‌گرفته,False,1,1,1
thread_11543948_fall_girll_1402/04/22 12:07,نگران نباش عزیزم استرس نداشته باش اروم باش انشالله ک چیزی نیست,False,1,1,1
thread_15825151_starter,"شکمش به شدت بزررگه هرروز هم بیست تا سیگار میکشه رفته آزمایش داده هییییچیییی نداره
دو کفگیر برنج میکشه یه کره ی درسته میذاره روش تحرک هم نداره 😑😑 با چایی ۱۰ تا قند میخوره
پس چجوری بابام اینجوریه؟؟بابا بزرگمم همین بود ۱۱۵ سال طبق شناسنامش عمر کرد حالا شناسنامشم ۱۶ سالگی گرفته بودن براش یه بیماری کوچیک نداشت 😐😐حتی سرشم درد نمیکرد آخرش با نصادف فوت کرد تازه میخواست با پرستارش ازدواج کنخ",True,2,1,1
thread_16810862_starter,"از من بزرگ تره تو این شهر بیشتر از همه بهم نزدیکه از وقتی مامانم فوت شده جاشو برام پر کرده زیاد نمیبینمش شاغله تلفنی حرف میزنیم گاهی
چند وقته با پدرشوهرش به مشکل خورده ناراحته بخاطر اینکه من تو این شرایط درگیر مشکلاتش نشم رفت و آمد نمیکنه
همیشه وقتی به مسکلی میخوره یهو غیب میشه تا حل شه
دلم براش تنگ شده🥲",True,3,1,4
396309721,برا من زده ۲۴۵ mm نمیدونم چقدر زیاده ، حالا شما بر حسب سانتی گفتید که سونو گفته ، نمیدونم یعنی باید همین میلی رو به سانتی تبدیل کنم یا فرق داره اندازه گیری این سونوگرافیست با سونو شما ، بعد سی و سه هفتم,False,2,3,1
thread_16836204_starter,توی اقدام بارداری چون مشخص نیست که کدوم ماه احتمال تشکیل لقاح و بارداریه و مطمئن نیستین که باردار هستین یا نیستین اگه سردرد بشین چه قرصی میخورین؟ بجز سردرد اگه دردهای دیگه ای داشته باشین برای مصرف قرص چکار میکنین؟ مثلاً من برای سردرد قرص های دوز پایین برام جواب نمیده و از طرفی در ماه چند بار پیش میاد سردرد میشم و برای مصرف قرص استرس دارم. بجز مصرف قرص و دارو یکسری موادغذایی که توی دوران بارداری باید رعایت کرد مثل زعفرون و چیزای دیگه رو چطوری استفاده میکنین؟ توی اقدام کمتر میخورین یا اصلا نمیخورین؟,True,5,6,1
thread_16656529_starter,"من هفته ۱۴ سرکلاژ شدم
الان نزدیک ۲۲ هفته هستم ...می‌خوام از تخت بلند شم یا یکم سرپا بمونم قسمت شامگاهی تیر می‌کشه یا درد میگیره
احساس فشار دارم ، دکتر گفت استراحت نسبی باش
و اینکه من از هفته ۱۵ حرکت بچه ریز حس میکردم چون اصلا شکم نداشتم چربی نداشتم تازه سه ماه اول بد ویار بودم رسیدم به ۴۰ کیلو الان در اواخر ماه پنج شروع شش ماه با وزن ۴۴ در خدمت شمام دکتر نگفت خوبه یا بده ولی من نگرانم
البته گفت رشد جنین خوبه
و اینکه من حرکت بچه رو یک هفته خیلی حس میکردم وقتی همسرم دست می‌داشت اونم حس میکرد
ولی از دیشب تکون نمیخوره یا یه حرکت ریز داره اونم حس میکنم تو لگنمع
کسی تجربه ای داشته",True,7,8,2
thread_6215718_داستان_زندگیم_1400/01/17 12:48,شایدم عزیزم.. به هرحال من تو زندگیت نیستم.. صلاح خودتو بهتر میدونی,False,1,1,1
389469092,"بهش بگو عزیزم یکمم حال دست آوردتو بپرس
از خونه بابایم نیاوردم که",False,1,1,1
358262353,ممکنه با قرص بقایا داشته باشی سونو بده من ساکشن کردم بقایا خب نداشتم دوستم قرص خورد بقایا داشت خیلی اسیر شد,False,1,1,1
thread_16459599_starter,چند وقته اینجوری شدم موقعی که دراز میکشم نشستم درهم حال سرگیجه میگیرم چیکار کنم خیلی بده,True,4,3,1
thread_7141679_سارا_فروزان_1400/06/06 15:23,"عزیز دلم
درسته پدر و مادر و خواهر جایگاهشون ویژست
ولی یادت نره که زندگیت دیگه ماله خودت تنها نیست
تو شوهر و بچه داری
اگر بخوای بهشون اجازه بدی همیشه تو زندگیتردخالت کنن یا تو رو با حرفاشون تحت تاثیر قرار بدن ، اونی که ممکنه خدایی نکرده زندگیش از هم بپاشه ، خودتی .
منم یه مشکلات ریزی با خانوادم داشتم .
مثلا مادرم تو دوران نامزدیم دوست داشت پیامایی که تو واتساپ با شوهرم رد و بدل میکنیمو ببینه یا میگفت چرا پدر شوهر و مادر شوهرت مثلا با برادر زاده هاشون رفت و آمد دارن و امر میکرد که اجازه نداری جایی که اونا هستن بری و یا بعد ازدواجت حق نداری بخوای باهاشون بری و بیای .
دلیل حساسیتش هم خیلی بی خود بود . (حسادتای مادرانه ی جدایی از فرزند) .
۳.۴ ماهی درگیر بودم تا اینکه وایستادم و گفتم شاید تو پیامام چیزی باشه که درست نباشه شما بخونید .
از اینجا شروعش کردم و تا جایی که دیگه دخالت نکنن ادامه دادمش .
اینم بگم اوایل یه جوری ناراحت میشدن انگار کار اشتباهی انجام دادم که خواستم حریم خصوصی خود و شوهرمو حفظ کنم .",False,3,2,1
406620503,خواهر چت جی بی تی خدای اطلاعات جامع کامله برنامه غذایی میده همه کار میکنه پروفسوره ماها که مث اون نیستیم😐,False,1,1,1
343745491,درخواستمو قبول کن سوال داشتم ازت,False,1,1,1
353050687,"احتمالا منم وقتی عفونت داشتم پاهام درد میکرد
ولی وقتی ترشحات جنسی هم کامل ازت خارج نشه و داخل بمونه هم فکر میکنم درد میگیره..چون خودم تجربه دارم زیر دلم درد میگیره.",False,2,1,1
315758933,هر طور صلاح میدونی، شما ۴۰ هفته هستی البته، الان دیگه سقط محسوب نمیشی,False,1,1,1
thread_7161040_کاربری_جدید_1400/06/09 15:34,"انتظار چی داشتی مگه ؟؟
وقتی مادرها بعد زایمان تا دو سال بخاطر گریه ی بچه آرامش ندارن و زمین و زمان و فحش میدن
خدا لطف کرده و به من یه پسر آروم داده مگه کمه ؟؟",False,1,1,1
291999037,"وقتی همه چیز رو گردن میگیری دیگه چه انتظاری داری
فقط همین قدر بگم مردا کافیه حس کنن خودت از پس همه چیز، برمیایی
دیگه کارت تمومه",False,1,1,1
407788028,ببین منو دکتر زنان سونو کرد نگفت ضربان قلبشون چنده. ولی فیلم گرفت برام و توی فیلمه هم خودم هم شوهرم متوجه شدیم ضربان قلبشون اصلا مثل هم نیست. ولی چون کوچیکتر بود گفتیم شاید بعدا بزرگتر شه و ضربان قلبش پایدار شه. بعد ١١ هفته که بودم با این که یه هفته مونده بود به سونوی ان تی ولی یهو دلم شور افتاد رفتم پیش دکترم گفت اون کوچیکه توی هشت هفته مونده 🥲,False,6,7,4
406215399,"قبل گریه
دلیل گریه ش اینه که به شش هاش فشار میاد و دردش میگیره چون هنوز عادت نکرده به محیط بیرون",False,1,1,1
338895904,چیکار کردی اول قبول شدی,False,1,1,1
356885507,رمان اما رو بخون قشنگه فیلمش هم هست با بازی آنیا تیلور جوی,False,1,1,1
285476011,من غلط بکنم ...بادوتا بچه اونم آخریم کوچیکه.....فعلا ن شاید بعدها,False,2,1,1
410259098,"ای خدا انشاءالله ❤️
نظرم بدین بین این دوتا
من ۹ ماه دنبال اسمم
دیوونه شدم",False,2,1,1
405442853,منظورش داستان هست,False,1,1,1
thread_9677762_starter,انشالله بگه همه چیز خوبه و بچه سالمه. لایکم کنید صلوات براتون بفرستم,True,1,2,1
thread_12329536_starter,انقدر که گریه کردم چون رفته بودم سونگرافی واسه ضربان قلب بچه. من خودم که شنیدمش فکر کردم قشنگ میزنه ذوق کردم ولی دکتر سریع رفت بیرون پرستارو صدا کرد اومدن بعد دوباره با نگرانی ضربانشو گوش دادن و الانم ۳ روز گذشته شوهرم نمیذاره ورق سونگرافی رو ببینم ممکنه از دست بره؟ چیشده اخه😢من پنج ماهمه ممکنه که هنوز قلبش تشکیل نشده باشه؟,True,9,10,7
349741187,"ان شاالله
حالا فعلا که حال روحی م خوب نیست و خیلی خسته م از دکتر رفتن چون بهم گفت برم برای تخمک اهدایی....
شاید یه مدت بعد بازم درمان رو با یه دکتر دیگه امتحان کردم",False,8,5,8
411925943,"و اینکه دم عیده و هزار خرج این تست ها رو بزارین واسه مواقع عادی
من که دخترم خودم سمتم میاد میگم نکن",False,4,2,1
