unique_post_id,group_id,author,thread_id,content_hash,final_stress,clinical_class,label_source,label_round,label_confidence_tier,annotation_weight,class_weight,training_sample_weight,original_component_split,model_role,official_eval,moved_from_original_split,oof_fold,split_seed,dataset_hash,manifest_version,use_for_training,use_for_model_selection,use_for_final_test,exclude_from_modeling
254311996,G00009,غزل۲۰۲۰,9476773,29a482c512f3219c8c3056fa189cdf612c1bb7404e05b3ee028174953fce7125,1.871310434327066,Low,active_p2_calibrated,active_learning_round,medium,0.65,0.684177788873456,,val,embargo,False,False,,20260804,f9b1810e611cf7b7c25ea3e15c4f4145a1df7b92435c2953b72e088a89f7e109,2,False,False,False,True
261472437,G00020,آفتابگردون۱۱۱,9780000,153bc8b54bb6cace573fcb8a6c9fcff7d016d283dba9f36589ce003032aeb5ec,4.202504980223004,Moderate,active_p2_calibrated,active_learning_round,medium,0.65,1.0556758388791745,,test,embargo,False,False,,20260804,f9b1810e611cf7b7c25ea3e15c4f4145a1df7b92435c2953b72e088a89f7e109,2,False,False,False,True
261753547,G00021,رویا_77,9792039,1b628226965f20214ec1df3bd0e65c5e37e8038a6b57463a6a2f91a42638097d,1.0942455856950868,Low,active_p2_calibrated,active_learning_round,medium,0.65,0.684177788873456,,val,embargo,False,False,,20260804,f9b1810e611cf7b7c25ea3e15c4f4145a1df7b92435c2953b72e088a89f7e109,2,False,False,False,True
266915312,G00029,narjesk,10013485,,6.0,High,original_p1_high_selected,original_extra_person1_round,medium_high,0.9,1.198107656482396,,test,embargo,False,False,,20260804,f9b1810e611cf7b7c25ea3e15c4f4145a1df7b92435c2953b72e088a89f7e109,2,False,False,False,True
270778770,G00037,سلوی70سابق,10189461,ac9efcf870cfcbdefa3ee1aa2d5adaa0a0145dfde5c1dbfa89cb2b7cc978fc9c,4.979569828854984,Moderate,active_p2_calibrated,active_learning_round,medium,0.65,1.0556758388791745,,test,embargo,False,False,,20260804,f9b1810e611cf7b7c25ea3e15c4f4145a1df7b92435c2953b72e088a89f7e109,2,False,False,False,True
273384140,G00041,مامان_اولی_۷۸,10314718,d9bd42e6e444eb21b8655e937cd8e84ee71d9a9039855e6a6538bb0eda2678df,1.0942455856950868,Low,active_p2_calibrated,active_learning_round,medium,0.65,0.684177788873456,,test,embargo,False,False,,20260804,f9b1810e611cf7b7c25ea3e15c4f4145a1df7b92435c2953b72e088a89f7e109,2,False,False,False,True
279401520,G00058,babayedokhtaram,10576714,10292a2eaa887cdb26770fa959ae966b8f1e9fe1fcbfa4a28da8548204c6bb82,1.871310434327066,Low,active_p2_calibrated,active_learning_round,medium,0.65,0.684177788873456,,test,embargo,False,False,,20260804,f9b1810e611cf7b7c25ea3e15c4f4145a1df7b92435c2953b72e088a89f7e109,2,False,False,False,True
280092741,G00059,چشم_سفید۷۹,10606058,93b1ea50902c53cde1b860e53995badf012a899b25d6ff97eb86e4f5f608ac5a,4.979569828854984,Moderate,active_p2_calibrated,active_learning_round,medium,0.65,1.0556758388791745,,val,embargo,False,False,,20260804,f9b1810e611cf7b7c25ea3e15c4f4145a1df7b92435c2953b72e088a89f7e109,2,False,False,False,True
282233944,G00056,dokhtarenazzz20,10699964,730ad8c249234394ce7ec6f67bcb7385de463a401ce9a6495e0e9c11af31fae1,1.0942455856950868,Low,active_p2_calibrated,active_learning_round,medium,0.65,0.684177788873456,,val,embargo,False,False,,20260804,f9b1810e611cf7b7c25ea3e15c4f4145a1df7b92435c2953b72e088a89f7e109,2,False,False,False,True
282470440,G00062,nargesam9198,10710343,d65e26d09c966c0757e41afd407e990b8b3baf4edd53d151f475d234d5b851d4,1.0942455856950868,Low,active_p2_calibrated,active_learning_round,medium,0.65,0.684177788873456,,val,embargo,False,False,,20260804,f9b1810e611cf7b7c25ea3e15c4f4145a1df7b92435c2953b72e088a89f7e109,2,False,False,False,True
286104301,G01340,شبهای_مهتاب,10871543,,4.0,Moderate,original_p1_high_selected,original_extra_person1_round,medium_high,0.9,1.0556758388791745,,test,embargo,False,False,,20260804,f9b1810e611cf7b7c25ea3e15c4f4145a1df7b92435c2953b72e088a89f7e109,2,False,False,False,True
286104709,G01340,nazzzbanooo,10871543,,6.0,High,original_p1_high_selected,original_extra_person1_round,medium_high,0.9,1.198107656482396,,test,embargo,False,False,,20260804,f9b1810e611cf7b7c25ea3e15c4f4145a1df7b92435c2953b72e088a89f7e109,2,False,False,False,True
287338581,G00068,8hadiye,10927534,a37faeaa21232753ab49d130a3e0d1ac9a2f3623067b431e5749e1aedf60fb3e,7.310764374750923,Very High,active_p2_calibrated,active_learning_round,medium,0.65,1.9253616657292336,,test,embargo,False,False,,20260804,f9b1810e611cf7b7c25ea3e15c4f4145a1df7b92435c2953b72e088a89f7e109,2,False,False,False,True
287342049,G00068,sonya_khanoom,10927534,af62e3a268e40aef2f477ae6684ae25317a106d7b29385bd527268f36f020cee,1.871310434327066,Low,active_p2_calibrated,active_learning_round,medium,0.65,0.684177788873456,,test,embargo,False,False,,20260804,f9b1810e611cf7b7c25ea3e15c4f4145a1df7b92435c2953b72e088a89f7e109,2,False,False,False,True
287512767,G00068,سنا۶تپلی,10927534,,6.0,High,original_p1_high_selected,original_extra_person1_round,medium_high,0.9,1.198107656482396,,test,embargo,False,False,,20260804,f9b1810e611cf7b7c25ea3e15c4f4145a1df7b92435c2953b72e088a89f7e109,2,False,False,False,True
288047505,G00070,شیواجون,10959911,c39e447eabcaed353529a8cce1cca383af4b29729a1a6f4f905711f1e4cee6ae,1.871310434327066,Low,active_p2_calibrated,active_learning_round,medium,0.65,0.684177788873456,,test,embargo,False,False,,20260804,f9b1810e611cf7b7c25ea3e15c4f4145a1df7b92435c2953b72e088a89f7e109,2,False,False,False,True
290556092,G00079,ترانه۳۴۲۹,11075790,9319669529238996c0715a975d5e185b09fb9f88771da9578381562e41e55740,1.871310434327066,Low,active_p2_calibrated,active_learning_round,medium,0.65,0.684177788873456,,val,embargo,False,False,,20260804,f9b1810e611cf7b7c25ea3e15c4f4145a1df7b92435c2953b72e088a89f7e109,2,False,False,False,True
290569145,G00100,نازبافت,11076444,,6.0,High,original_p1_high_selected,original_extra_person1_round,medium_high,0.9,1.198107656482396,,val,embargo,False,False,,20260804,f9b1810e611cf7b7c25ea3e15c4f4145a1df7b92435c2953b72e088a89f7e109,2,False,False,False,True
298843947,G00096,fandogt1401,11462770,7ae9452c9672ac71f4dc9b95a6956149c29e9198dec0addcb82c3e302d92b4de,1.0942455856950868,Low,active_p2_calibrated,active_learning_round,medium,0.65,0.684177788873456,,val,embargo,False,False,,20260804,f9b1810e611cf7b7c25ea3e15c4f4145a1df7b92435c2953b72e088a89f7e109,2,False,False,False,True
299048798,G00058,setare1374,11472706,20e51773c75900ba4a80d127b0f5baec277e110aaa8932d7fd5ca6441781d3a3,3.425440131591025,Moderate,active_p2_calibrated,active_learning_round,medium,0.65,1.0556758388791745,,test,embargo,False,False,,20260804,f9b1810e611cf7b7c25ea3e15c4f4145a1df7b92435c2953b72e088a89f7e109,2,False,False,False,True
299804131,G00099,گردویی_بادومی,11509499,1ae7d9e95d911560c49d777699e3328f9bb9497add77990b6806cef9b8375b5a,3.425440131591025,Moderate,active_p2_calibrated,active_learning_round,medium,0.65,1.0556758388791745,,test,embargo,False,False,,20260804,f9b1810e611cf7b7c25ea3e15c4f4145a1df7b92435c2953b72e088a89f7e109,2,False,False,False,True
299807877,G00100,نازبافت,11510040,cbe35428735f62343529f5e8de3d10c427609cdc2e09420f01ac2b01bbbca9dc,5.7566346774869634,High,active_p2_calibrated,active_learning_round,medium,0.65,1.198107656482396,,val,embargo,False,False,,20260804,f9b1810e611cf7b7c25ea3e15c4f4145a1df7b92435c2953b72e088a89f7e109,2,False,False,False,True
304208581,G00105,shaghayegh0117,10029902,4880e138867b22f28db1e1c43453fa9d18d688b415d5392102678da23be0a2b3,1.0942455856950868,Low,active_p2_calibrated,active_learning_round,medium,0.65,0.684177788873456,,test,embargo,False,False,,20260804,f9b1810e611cf7b7c25ea3e15c4f4145a1df7b92435c2953b72e088a89f7e109,2,False,False,False,True
307000833,G00118,موناگلي,11830772,e03023675cb68f39f674ed6351db852ff11b1b15291c8caa494c8f8b13a74699,1.871310434327066,Low,active_p2_calibrated,active_learning_round,medium,0.65,0.684177788873456,,val,embargo,False,False,,20260804,f9b1810e611cf7b7c25ea3e15c4f4145a1df7b92435c2953b72e088a89f7e109,2,False,False,False,True
308390434,G00132,stilamim,11940277,03eb2e7b40215ea1bd693eee276c328d93981a835afbf7c91a5ffcd22a3c1652,1.0942455856950868,Low,active_p2_calibrated,active_learning_round,medium,0.65,0.684177788873456,,test,embargo,False,False,,20260804,f9b1810e611cf7b7c25ea3e15c4f4145a1df7b92435c2953b72e088a89f7e109,2,False,False,False,True
308390627,G00132,دلتنگ_خود_واقعیمم,11940277,,4.0,Moderate,original_p1_high_selected,original_extra_person1_round,medium_high,0.9,1.0556758388791745,,test,embargo,False,False,,20260804,f9b1810e611cf7b7c25ea3e15c4f4145a1df7b92435c2953b72e088a89f7e109,2,False,False,False,True
308393621,G00132,دلتنگ_خود_واقعیمم,11940277,f11156cac44bb864f8c5a8d9d27ed3defbbfd03e213ab78b8919949ed291b490,4.202504980223004,Moderate,active_p2_calibrated,active_learning_round,medium,0.65,1.0556758388791745,,test,embargo,False,False,,20260804,f9b1810e611cf7b7c25ea3e15c4f4145a1df7b92435c2953b72e088a89f7e109,2,False,False,False,True
308931534,G00135,mamanradinm,11967690,ce144867de715e71474e3e89316a923f198b7ce556680004ec1b2c0582ec4d1c,4.202504980223004,Moderate,active_p2_calibrated,active_learning_round,medium,0.65,1.0556758388791745,,val,embargo,False,False,,20260804,f9b1810e611cf7b7c25ea3e15c4f4145a1df7b92435c2953b72e088a89f7e109,2,False,False,False,True
312948623,G00070,شیواجون,12181295,06edaf5486e37cc53d9bb5a55dd80763d8369f1a0ef5752c86a1952bdd67f900,1.871310434327066,Low,active_p2_calibrated,active_learning_round,medium,0.65,0.684177788873456,,test,embargo,False,False,,20260804,f9b1810e611cf7b7c25ea3e15c4f4145a1df7b92435c2953b72e088a89f7e109,2,False,False,False,True
314867962,G00096,fandogt1401,12289302,a1129b5437b6d45174e6471085d236f4e474c09d17ddc539fabfd20d5456ca7c,2.648375282959045,Low,active_p2_calibrated,active_learning_round,medium,0.65,0.684177788873456,,val,embargo,False,False,,20260804,f9b1810e611cf7b7c25ea3e15c4f4145a1df7b92435c2953b72e088a89f7e109,2,False,False,False,True
314881477,G00154,کلوچه_فومن,12290165,,6.0,High,original_p1_high_selected,original_extra_person1_round,medium_high,0.9,1.198107656482396,,test,embargo,False,False,,20260804,f9b1810e611cf7b7c25ea3e15c4f4145a1df7b92435c2953b72e088a89f7e109,2,False,False,False,True
315451309,G00132,الماس۱۳۷۹,12320923,c5ef7fcdd7367a6ec5a5408eeafc088733e803a8f78f81b826979583dfe055ff,1.0942455856950868,Low,active_p2_calibrated,active_learning_round,medium,0.65,0.684177788873456,,test,embargo,False,False,,20260804,f9b1810e611cf7b7c25ea3e15c4f4145a1df7b92435c2953b72e088a89f7e109,2,False,False,False,True
315863479,G00934,sadaf__far,12344320,,3.0,Moderate,original_p1_high_selected,original_extra_person1_round,medium_high,0.9,1.0556758388791745,,test,embargo,False,False,,20260804,f9b1810e611cf7b7c25ea3e15c4f4145a1df7b92435c2953b72e088a89f7e109,2,False,False,False,True
319269949,G00154,70arezoo,12532021,25842d22c466aa2053a210397363fe289082671f4ae07f3472e8f37548c40b26,1.0942455856950868,Low,active_p2_calibrated,active_learning_round,medium,0.65,0.684177788873456,,test,embargo,False,False,,20260804,f9b1810e611cf7b7c25ea3e15c4f4145a1df7b92435c2953b72e088a89f7e109,2,False,False,False,True
320158338,G00184,دخترپاییز۹۹۰,12580667,e4314913b867c18538942d7b96e07ab7ade50964321b01f68d418c7c78e8449d,4.979569828854984,Moderate,active_p2_calibrated,active_learning_round,medium,0.65,1.0556758388791745,,test,embargo,False,False,,20260804,f9b1810e611cf7b7c25ea3e15c4f4145a1df7b92435c2953b72e088a89f7e109,2,False,False,False,True
320383353,G00187,mamisarah68,12592461,f438297e80bfd0fb8ae55fa760abfa592c5088a26ffb01a10e1ba9579b80626d,4.979569828854984,Moderate,active_p2_calibrated,active_learning_round,medium,0.65,1.0556758388791745,,val,embargo,False,False,,20260804,f9b1810e611cf7b7c25ea3e15c4f4145a1df7b92435c2953b72e088a89f7e109,2,False,False,False,True
320634086,G00188,گل_آرا_بانو,12605973,c84494b71e0cff43538294e7688667b6bdaaec4262e0356ebd0ac0c66181171d,2.648375282959045,Low,active_p2_calibrated,active_learning_round,medium,0.65,0.684177788873456,,test,embargo,False,False,,20260804,f9b1810e611cf7b7c25ea3e15c4f4145a1df7b92435c2953b72e088a89f7e109,2,False,False,False,True
321046406,G00184,دخترپاییز۹۹۰,12627471,0aa573adc3a1902c560ee6f8c4e3c7c4c487a42f3dd5848971c03de6b154273f,4.979569828854984,Moderate,active_p2_calibrated,active_learning_round,medium,0.65,1.0556758388791745,,test,embargo,False,False,,20260804,f9b1810e611cf7b7c25ea3e15c4f4145a1df7b92435c2953b72e088a89f7e109,2,False,False,False,True
322634731,G00184,هیسبابا2,12718853,5b692fbe2dc237355feaac279bca6c7e9b12ae8899a5b27a76eb710311fb936d,1.871310434327066,Low,active_p2_calibrated,active_learning_round,medium,0.65,0.684177788873456,,test,embargo,False,False,,20260804,f9b1810e611cf7b7c25ea3e15c4f4145a1df7b92435c2953b72e088a89f7e109,2,False,False,False,True
323698148,G00202,پاییزروشن,12780066,812a62c701d83b58a95b1ad4c79796784ca1b550dbdb81b532b0039260396977,1.0942455856950868,Low,active_p2_calibrated,active_learning_round,medium,0.65,0.684177788873456,,test,embargo,False,False,,20260804,f9b1810e611cf7b7c25ea3e15c4f4145a1df7b92435c2953b72e088a89f7e109,2,False,False,False,True
323837311,G00203,mahta08,12787540,b2866e994d65fc5eb53afdbeb8dd691be7e8f50be5e5b8f1b223d5ad21d0ec47,4.202504980223004,Moderate,active_p2_calibrated,active_learning_round,medium,0.65,1.0556758388791745,,val,embargo,False,False,,20260804,f9b1810e611cf7b7c25ea3e15c4f4145a1df7b92435c2953b72e088a89f7e109,2,False,False,False,True
323839059,G00204,آشرشته,12787695,e13c28b77248c87965bfd98bec0a496b9764645726d186876da692cb1f93edac,2.648375282959045,Low,active_p2_calibrated,active_learning_round,medium,0.65,0.684177788873456,,val,embargo,False,False,,20260804,f9b1810e611cf7b7c25ea3e15c4f4145a1df7b92435c2953b72e088a89f7e109,2,False,False,False,True
329147474,G00184,دخترپاییز۹۹۰,13083498,44243440a46aab0e4d8eabb359b56ea0478a9771cead5afce507ea5e199b431c,7.310764374750923,Very High,active_p2_calibrated,active_learning_round,medium,0.65,1.9253616657292336,,test,embargo,False,False,,20260804,f9b1810e611cf7b7c25ea3e15c4f4145a1df7b92435c2953b72e088a89f7e109,2,False,False,False,True
330145018,G00204,آشرشته,13139079,,4.0,Moderate,original_p1_high_selected,original_extra_person1_round,medium_high,0.9,1.0556758388791745,,val,embargo,False,False,,20260804,f9b1810e611cf7b7c25ea3e15c4f4145a1df7b92435c2953b72e088a89f7e109,2,False,False,False,True
330695821,G00246,نازنین2222,13168638,,6.0,High,original_p1_high_selected,original_extra_person1_round,medium_high,0.9,1.198107656482396,,test,embargo,False,False,,20260804,f9b1810e611cf7b7c25ea3e15c4f4145a1df7b92435c2953b72e088a89f7e109,2,False,False,False,True
330698041,G00246,نازنین2222,13168638,4fa6c2adf79ae28c622f175c269958c1870b25587b2b49d19b9bad09ba62cf1f,4.979569828854984,Moderate,active_p2_calibrated,active_learning_round,medium,0.65,1.0556758388791745,,test,embargo,False,False,,20260804,f9b1810e611cf7b7c25ea3e15c4f4145a1df7b92435c2953b72e088a89f7e109,2,False,False,False,True
330759091,G00246,عروسک_زنجبیلی,13168638,20f18b581b21ea88b461e423ae579c5ff8cf12b9280e4691bf0f82ef891155ce,5.7566346774869634,High,active_p2_calibrated,active_learning_round,medium,0.65,1.198107656482396,,test,embargo,False,False,,20260804,f9b1810e611cf7b7c25ea3e15c4f4145a1df7b92435c2953b72e088a89f7e109,2,False,False,False,True
331022374,G00184,دخترپاییز۹۹۰,13186353,,3.0,Moderate,original_p1_high_selected,original_extra_person1_round,medium_high,0.9,1.0556758388791745,,test,embargo,False,False,,20260804,f9b1810e611cf7b7c25ea3e15c4f4145a1df7b92435c2953b72e088a89f7e109,2,False,False,False,True
331022545,G00184,سوشی۷۰,13186353,,6.0,High,original_p1_high_selected,original_extra_person1_round,medium_high,0.9,1.198107656482396,,test,embargo,False,False,,20260804,f9b1810e611cf7b7c25ea3e15c4f4145a1df7b92435c2953b72e088a89f7e109,2,False,False,False,True
331297965,G00252,_eshgham_dokhtarham,13202486,,6.0,High,original_p1_high_selected,original_extra_person1_round,medium_high,0.9,1.198107656482396,,test,embargo,False,False,,20260804,f9b1810e611cf7b7c25ea3e15c4f4145a1df7b92435c2953b72e088a89f7e109,2,False,False,False,True
331644580,G00246,پفک1نمکی۲۴,13168638,,5.0,High,original_p1_high_selected,original_extra_person1_round,medium_high,0.9,1.198107656482396,,test,embargo,False,False,,20260804,f9b1810e611cf7b7c25ea3e15c4f4145a1df7b92435c2953b72e088a89f7e109,2,False,False,False,True
332095470,G00257,par75,13246423,30778f7bb7e16b847343d39c6f8dc7a216179ce229856ceea7558d6bb00388ad,1.0942455856950868,Low,active_p2_calibrated,active_learning_round,medium,0.65,0.684177788873456,,test,embargo,False,False,,20260804,f9b1810e611cf7b7c25ea3e15c4f4145a1df7b92435c2953b72e088a89f7e109,2,False,False,False,True
332193338,G00021,لیلی_آگان,13248699,,4.0,Moderate,original_p1_high_selected,original_extra_person1_round,medium_high,0.9,1.0556758388791745,,val,embargo,False,False,,20260804,f9b1810e611cf7b7c25ea3e15c4f4145a1df7b92435c2953b72e088a89f7e109,2,False,False,False,True
332197925,G00021,سوگلی_قبله_عالم,13248699,,5.0,High,original_p1_high_selected,original_extra_person1_round,medium_high,0.9,1.198107656482396,,val,embargo,False,False,,20260804,f9b1810e611cf7b7c25ea3e15c4f4145a1df7b92435c2953b72e088a89f7e109,2,False,False,False,True
332198054,G00021,پریمااااااهم,13248699,98d5994c8089838f181398865f1c244d870ab1c6368add22f6c9df0c05b3e69c,1.0942455856950868,Low,active_p2_calibrated,active_learning_round,medium,0.65,0.684177788873456,,val,embargo,False,False,,20260804,f9b1810e611cf7b7c25ea3e15c4f4145a1df7b92435c2953b72e088a89f7e109,2,False,False,False,True
332201166,G00021,رویا_77,13248699,,3.0,Moderate,original_p1_high_selected,original_extra_person1_round,medium_high,0.9,1.0556758388791745,,val,embargo,False,False,,20260804,f9b1810e611cf7b7c25ea3e15c4f4145a1df7b92435c2953b72e088a89f7e109,2,False,False,False,True
332201816,G00021,callmeladybird,13248699,ec75e60b2ca40ac9be099638462a0aeca8f584d6e2cd3e89932da84d6d937615,1.871310434327066,Low,active_p2_calibrated,active_learning_round,medium,0.65,0.684177788873456,,val,embargo,False,False,,20260804,f9b1810e611cf7b7c25ea3e15c4f4145a1df7b92435c2953b72e088a89f7e109,2,False,False,False,True
332210428,G00021,آروم_باش,13248699,c59ba4820a3a56729d174fbca7bed1ad5c3b85cb506a1b7eae176742ee6690b8,1.871310434327066,Low,active_p2_calibrated,active_learning_round,medium,0.65,0.684177788873456,,val,embargo,False,False,,20260804,f9b1810e611cf7b7c25ea3e15c4f4145a1df7b92435c2953b72e088a89f7e109,2,False,False,False,True
332231690,G00259,خبرینیست,13254284,490f3bd82d029ec19bd49b1a68b82848dd907b439a5034539ac3a4fc935a5511,1.0942455856950868,Low,active_p2_calibrated,active_learning_round,medium,0.65,0.684177788873456,,test,embargo,False,False,,20260804,f9b1810e611cf7b7c25ea3e15c4f4145a1df7b92435c2953b72e088a89f7e109,2,False,False,False,True
332232871,G00259,lady_lovly,13254284,,6.0,High,original_p1_high_selected,original_extra_person1_round,medium_high,0.9,1.198107656482396,,test,embargo,False,False,,20260804,f9b1810e611cf7b7c25ea3e15c4f4145a1df7b92435c2953b72e088a89f7e109,2,False,False,False,True
332238331,G00260,عشق_یارمم,13254449,2b257af57200de4ecff744ba9fb5be9ec1239d1d401626e07c4bbb4fb690d8b3,1.0942455856950868,Low,active_p2_calibrated,active_learning_round,medium,0.65,0.684177788873456,,val,embargo,False,False,,20260804,f9b1810e611cf7b7c25ea3e15c4f4145a1df7b92435c2953b72e088a89f7e109,2,False,False,False,True
332295620,G00262,استانبولیپلو,13257890,52ef282f92ee0ec5ba8feef991f5b3a592c22e1fb1e3bad6a8b14b8d8932dba1,1.0942455856950868,Low,active_p2_calibrated,active_learning_round,medium,0.65,0.684177788873456,,val,embargo,False,False,,20260804,f9b1810e611cf7b7c25ea3e15c4f4145a1df7b92435c2953b72e088a89f7e109,2,False,False,False,True
332300347,G00021,gryu,13248699,408d87eab398f9e81f38a52de4d6e885b870d9f563c46b8c6b34ded956fe78af,1.871310434327066,Low,active_p2_calibrated,active_learning_round,medium,0.65,0.684177788873456,,val,embargo,False,False,,20260804,f9b1810e611cf7b7c25ea3e15c4f4145a1df7b92435c2953b72e088a89f7e109,2,False,False,False,True
332301331,G00262,استانبولیپلو,13257890,29a69f5d8265697b6f08b0ef0fcd8d0f2251cc3563d5dd350db1887b5d68f5e5,4.979569828854984,Moderate,active_p2_calibrated,active_learning_round,medium,0.65,1.0556758388791745,,val,embargo,False,False,,20260804,f9b1810e611cf7b7c25ea3e15c4f4145a1df7b92435c2953b72e088a89f7e109,2,False,False,False,True
332304401,G00262,استانبولیپلو,13257890,,6.0,High,original_p1_high_selected,original_extra_person1_round,medium_high,0.9,1.198107656482396,,val,embargo,False,False,,20260804,f9b1810e611cf7b7c25ea3e15c4f4145a1df7b92435c2953b72e088a89f7e109,2,False,False,False,True
332322064,G00021,daryajan85,13248699,,3.0,Moderate,original_p1_high_selected,original_extra_person1_round,medium_high,0.9,1.0556758388791745,,val,embargo,False,False,,20260804,f9b1810e611cf7b7c25ea3e15c4f4145a1df7b92435c2953b72e088a89f7e109,2,False,False,False,True
332746248,G00262,استانبولیپلو,13284279,,3.0,Moderate,original_p1_high_selected,original_extra_person1_round,medium_high,0.9,1.0556758388791745,,val,embargo,False,False,,20260804,f9b1810e611cf7b7c25ea3e15c4f4145a1df7b92435c2953b72e088a89f7e109,2,False,False,False,True
334814995,G00276,فریماه۴۶۵۴,13401784,,4.0,Moderate,original_p1_high_selected,original_extra_person1_round,medium_high,0.9,1.0556758388791745,,val,embargo,False,False,,20260804,f9b1810e611cf7b7c25ea3e15c4f4145a1df7b92435c2953b72e088a89f7e109,2,False,False,False,True
334930931,G00276,r_a_h_a_1370,13401784,041f544f9ff08f43d382dcd6377827e78b722381f8ec4b91d3df183862d3abc1,1.871310434327066,Low,active_p2_calibrated,active_learning_round,medium,0.65,0.684177788873456,,val,embargo,False,False,,20260804,f9b1810e611cf7b7c25ea3e15c4f4145a1df7b92435c2953b72e088a89f7e109,2,False,False,False,True
335566278,G00285,شجریانم,13444334,f40d3a365aa030c682afbf05a2d0f37095fc36a59dd688654504a9131f531389,1.0942455856950868,Low,active_p2_calibrated,active_learning_round,medium,0.65,0.684177788873456,,test,embargo,False,False,,20260804,f9b1810e611cf7b7c25ea3e15c4f4145a1df7b92435c2953b72e088a89f7e109,2,False,False,False,True
335566521,G00285,نفرین_شده,13444334,e8fc4af63f4d15bcbbafe7f95cdcfc00716464ef0cfa64c70c016cbd8c32e8d8,2.648375282959045,Low,active_p2_calibrated,active_learning_round,medium,0.65,0.684177788873456,,test,embargo,False,False,,20260804,f9b1810e611cf7b7c25ea3e15c4f4145a1df7b92435c2953b72e088a89f7e109,2,False,False,False,True
335687882,G00246,پفک1نمکی۲۴,13451332,,5.0,High,original_p1_high_selected,original_extra_person1_round,medium_high,0.9,1.198107656482396,,test,embargo,False,False,,20260804,f9b1810e611cf7b7c25ea3e15c4f4145a1df7b92435c2953b72e088a89f7e109,2,False,False,False,True
335699290,G00289,nastaran749,13451898,e6563f850ef6f8df065f16d2a138944a93e8ee67e738f7319ec6e5d6c743b439,1.0942455856950868,Low,active_p2_calibrated,active_learning_round,medium,0.65,0.684177788873456,,val,embargo,False,False,,20260804,f9b1810e611cf7b7c25ea3e15c4f4145a1df7b92435c2953b72e088a89f7e109,2,False,False,False,True
336087701,G00293,78hana78,13461893,ac22796440d95995284551e10b7b839fa6f3ae18b231f2469ca6c10cebd90221,1.871310434327066,Low,active_p2_calibrated,active_learning_round,medium,0.65,0.684177788873456,,test,embargo,False,False,,20260804,f9b1810e611cf7b7c25ea3e15c4f4145a1df7b92435c2953b72e088a89f7e109,2,False,False,False,True
336099033,G00293,ارادمامان,13461893,65a9340bb05674a8d7629febb47df57ca6acf1baaf3e921602f08520a0429de8,4.979569828854984,Moderate,active_p2_calibrated,active_learning_round,medium,0.65,1.0556758388791745,,test,embargo,False,False,,20260804,f9b1810e611cf7b7c25ea3e15c4f4145a1df7b92435c2953b72e088a89f7e109,2,False,False,False,True
336490492,G00302,عطیه_سادات_شیطون,13457019,77071ab1628ee9a1c40ffb05e90709e939a7e81cc334d9142095b60b3cdec491,1.0942455856950868,Low,active_p2_calibrated,active_learning_round,medium,0.65,0.684177788873456,,val,embargo,False,False,,20260804,f9b1810e611cf7b7c25ea3e15c4f4145a1df7b92435c2953b72e088a89f7e109,2,False,False,False,True
336891669,G00625,someoneintheworld,13518198,,5.0,High,original_p1_high_selected,original_extra_person1_round,medium_high,0.9,1.198107656482396,,val,embargo,False,False,,20260804,f9b1810e611cf7b7c25ea3e15c4f4145a1df7b92435c2953b72e088a89f7e109,2,False,False,False,True
337560029,G00184,mamanbeniii,13554770,a0db8be025b486a7b4566ecf4367cc31c836506366a4fcff3cac5502c0bb0f8b,1.0942455856950868,Low,active_p2_calibrated,active_learning_round,medium,0.65,0.684177788873456,,test,embargo,False,False,,20260804,f9b1810e611cf7b7c25ea3e15c4f4145a1df7b92435c2953b72e088a89f7e109,2,False,False,False,True
337713281,G00184,دخترپاییز۹۹۰,13534809,,3.0,Moderate,original_p1_high_selected,original_extra_person1_round,medium_high,0.9,1.0556758388791745,,test,embargo,False,False,,20260804,f9b1810e611cf7b7c25ea3e15c4f4145a1df7b92435c2953b72e088a89f7e109,2,False,False,False,True
337750400,G00317,negarian78,13566017,4aacdc441099a07043db74effeed7c550710e3caefafcae9e33ccf5308ce5b23,2.648375282959045,Low,active_p2_calibrated,active_learning_round,medium,0.65,0.684177788873456,,val,embargo,False,False,,20260804,f9b1810e611cf7b7c25ea3e15c4f4145a1df7b92435c2953b72e088a89f7e109,2,False,False,False,True
338402186,G00324,baran3227,13602365,d89d3b58c1a196f66715aa61acd9541e27b146fee68e92d5b57403007d38e588,3.425440131591025,Moderate,active_p2_calibrated,active_learning_round,medium,0.65,1.0556758388791745,,test,embargo,False,False,,20260804,f9b1810e611cf7b7c25ea3e15c4f4145a1df7b92435c2953b72e088a89f7e109,2,False,False,False,True
340724668,G00402,نیکی۶۹,13733280,,5.0,High,original_p1_high_selected,original_extra_person1_round,medium_high,0.9,1.198107656482396,,val,embargo,False,False,,20260804,f9b1810e611cf7b7c25ea3e15c4f4145a1df7b92435c2953b72e088a89f7e109,2,False,False,False,True
340997716,G00202,_قرص_ماه_سابق,13749943,e7dda1cf1c71fe03e1c1c9a422593679e24149ed931a014bf0041fde44bcb0ac,4.979569828854984,Moderate,active_p2_calibrated,active_learning_round,medium,0.65,1.0556758388791745,,test,embargo,False,False,,20260804,f9b1810e611cf7b7c25ea3e15c4f4145a1df7b92435c2953b72e088a89f7e109,2,False,False,False,True
341185772,G00344,ماهلیناممممممم,13761311,587cb4eaea82e8142950a258f763b0ed14020f76974a8acd25841446e5a51ac0,4.202504980223004,Moderate,active_p2_calibrated,active_learning_round,medium,0.65,1.0556758388791745,,test,embargo,False,False,,20260804,f9b1810e611cf7b7c25ea3e15c4f4145a1df7b92435c2953b72e088a89f7e109,2,False,False,False,True
341923239,G00349,نیروووووو,13804461,,4.0,Moderate,original_p1_high_selected,original_extra_person1_round,medium_high,0.9,1.0556758388791745,,test,embargo,False,False,,20260804,f9b1810e611cf7b7c25ea3e15c4f4145a1df7b92435c2953b72e088a89f7e109,2,False,False,False,True
341926103,G00349,رز_بنفش_خدازده,13804461,018b0edfe10a14f93abefe923276460fcabc56bd006698877bfea25f91c267ee,1.0942455856950868,Low,active_p2_calibrated,active_learning_round,medium,0.65,0.684177788873456,,test,embargo,False,False,,20260804,f9b1810e611cf7b7c25ea3e15c4f4145a1df7b92435c2953b72e088a89f7e109,2,False,False,False,True
342468044,G00362,baranaa021,13836935,a0f416534fee536aba2ad6153dd192d3ab46a231fc775e0eb328fbb2cdc7f211,1.0942455856950868,Low,active_p2_calibrated,active_learning_round,medium,0.65,0.684177788873456,,test,embargo,False,False,,20260804,f9b1810e611cf7b7c25ea3e15c4f4145a1df7b92435c2953b72e088a89f7e109,2,False,False,False,True
342606592,G00364,حتالب432,13844957,ceadb61768e874b9ed9538346a1a73153fc14d9346dd0f906f712e4d2e8104bb,1.871310434327066,Low,active_p2_calibrated,active_learning_round,medium,0.65,0.684177788873456,,val,embargo,False,False,,20260804,f9b1810e611cf7b7c25ea3e15c4f4145a1df7b92435c2953b72e088a89f7e109,2,False,False,False,True
343071754,G00779,دختری_از_دیار_افتاب,13871679,,4.0,Moderate,original_p1_high_selected,original_extra_person1_round,medium_high,0.9,1.0556758388791745,,test,embargo,False,False,,20260804,f9b1810e611cf7b7c25ea3e15c4f4145a1df7b92435c2953b72e088a89f7e109,2,False,False,False,True
343405048,G00368,ریحان_reyhan,13890884,0694d74e4dca0217d1313ac7a55ba86d2a78bb083d90ab1e04151621e028ddf1,1.0942455856950868,Low,active_p2_calibrated,active_learning_round,medium,0.65,0.684177788873456,,test,embargo,False,False,,20260804,f9b1810e611cf7b7c25ea3e15c4f4145a1df7b92435c2953b72e088a89f7e109,2,False,False,False,True
343405413,G00368,ایبوبوم,13890884,,5.0,High,original_p1_high_selected,original_extra_person1_round,medium_high,0.9,1.198107656482396,,test,embargo,False,False,,20260804,f9b1810e611cf7b7c25ea3e15c4f4145a1df7b92435c2953b72e088a89f7e109,2,False,False,False,True
343407081,G00368,bamdad8899khomar,13890884,,9.0,Very High,original_p1_high_selected,original_extra_person1_round,medium_high,0.9,1.9253616657292336,,test,embargo,False,False,,20260804,f9b1810e611cf7b7c25ea3e15c4f4145a1df7b92435c2953b72e088a89f7e109,2,False,False,False,True
343407506,G00368,تبسم1363,13890884,,8.0,Very High,original_p1_high_selected,original_extra_person1_round,medium_high,0.9,1.9253616657292336,,test,embargo,False,False,,20260804,f9b1810e611cf7b7c25ea3e15c4f4145a1df7b92435c2953b72e088a89f7e109,2,False,False,False,True
343587001,G02273,موفقجذاب,13901371,,5.0,High,original_p1_high_selected,original_extra_person1_round,medium_high,0.9,1.198107656482396,,val,embargo,False,False,,20260804,f9b1810e611cf7b7c25ea3e15c4f4145a1df7b92435c2953b72e088a89f7e109,2,False,False,False,True
346716929,G00402,نیکی۶۹,14092436,fca420819698b0eab757804d7f64a2d2defc1547eed78cd537a67d315ee6836d,3.425440131591025,Moderate,active_p2_calibrated,active_learning_round,medium,0.65,1.0556758388791745,,val,embargo,False,False,,20260804,f9b1810e611cf7b7c25ea3e15c4f4145a1df7b92435c2953b72e088a89f7e109,2,False,False,False,True
347006509,G00403,ماهی_آکواریومی,14109567,224185f2f0c3b008b707a0f899f4f66e08dc9c6152a7cbac7ae363d4a5147f7e,1.0942455856950868,Low,active_p2_calibrated,active_learning_round,medium,0.65,0.684177788873456,,val,embargo,False,False,,20260804,f9b1810e611cf7b7c25ea3e15c4f4145a1df7b92435c2953b72e088a89f7e109,2,False,False,False,True
347318522,G00406,daryyaram,14128940,f10a2a815902879a5f362d40fdf91b5070cff2703db0f38880dc4ac02091e79a,1.0942455856950868,Low,active_p2_calibrated,active_learning_round,medium,0.65,0.684177788873456,,test,embargo,False,False,,20260804,f9b1810e611cf7b7c25ea3e15c4f4145a1df7b92435c2953b72e088a89f7e109,2,False,False,False,True
347667992,G02276,۸۵۶۸۹,14150835,,6.0,High,original_p1_high_selected,original_extra_person1_round,medium_high,0.9,1.198107656482396,,test,embargo,False,False,,20260804,f9b1810e611cf7b7c25ea3e15c4f4145a1df7b92435c2953b72e088a89f7e109,2,False,False,False,True
348791372,G00416,انی,14228267,,7.0,Very High,original_p1_high_selected,original_extra_person1_round,medium_high,0.9,1.9253616657292336,,test,embargo,False,False,,20260804,f9b1810e611cf7b7c25ea3e15c4f4145a1df7b92435c2953b72e088a89f7e109,2,False,False,False,True
349289790,G00421,shanaaaa,14258983,,3.0,Moderate,original_p1_high_selected,original_extra_person1_round,medium_high,0.9,1.0556758388791745,,val,embargo,False,False,,20260804,f9b1810e611cf7b7c25ea3e15c4f4145a1df7b92435c2953b72e088a89f7e109,2,False,False,False,True
352773068,G00118,sormeh75,14458575,,4.0,Moderate,original_p1_high_selected,original_extra_person1_round,medium_high,0.9,1.0556758388791745,,val,embargo,False,False,,20260804,f9b1810e611cf7b7c25ea3e15c4f4145a1df7b92435c2953b72e088a89f7e109,2,False,False,False,True
352780792,G00118,موناگلي,14458575,6f0d484866eb8afbad392469e246407a50cec218c10b530c9748eed4c2a3b08d,1.0942455856950868,Low,active_p2_calibrated,active_learning_round,medium,0.65,0.684177788873456,,val,embargo,False,False,,20260804,f9b1810e611cf7b7c25ea3e15c4f4145a1df7b92435c2953b72e088a89f7e109,2,False,False,False,True
353366776,G00455,sazahra,14494727,,8.0,Very High,original_p1_high_selected,original_extra_person1_round,medium_high,0.9,1.9253616657292336,,val,embargo,False,False,,20260804,f9b1810e611cf7b7c25ea3e15c4f4145a1df7b92435c2953b72e088a89f7e109,2,False,False,False,True
353368628,G00455,sazahra,14494727,,6.0,High,original_p1_high_selected,original_extra_person1_round,medium_high,0.9,1.198107656482396,,val,embargo,False,False,,20260804,f9b1810e611cf7b7c25ea3e15c4f4145a1df7b92435c2953b72e088a89f7e109,2,False,False,False,True
353644317,G00454,دلوین۰۰۰,14511839,,5.0,High,original_p1_high_selected,original_extra_person1_round,medium_high,0.9,1.198107656482396,,val,embargo,False,False,,20260804,f9b1810e611cf7b7c25ea3e15c4f4145a1df7b92435c2953b72e088a89f7e109,2,False,False,False,True
353748715,G00454,پرستارتون,14518111,f57fa840c769fddc31bab32137215fd8aa257b8969eb25913a956f566c8a2f5d,1.0942455856950868,Low,active_p2_calibrated,active_learning_round,medium,0.65,0.684177788873456,,val,embargo,False,False,,20260804,f9b1810e611cf7b7c25ea3e15c4f4145a1df7b92435c2953b72e088a89f7e109,2,False,False,False,True
353750307,G00454,hanijoonam2,14518111,bd69f0de67b6e08f21c81f125e3ef1b664243743449039100a034f8f38a97b99,1.0942455856950868,Low,active_p2_calibrated,active_learning_round,medium,0.65,0.684177788873456,,val,embargo,False,False,,20260804,f9b1810e611cf7b7c25ea3e15c4f4145a1df7b92435c2953b72e088a89f7e109,2,False,False,False,True
353752471,G00454,دلوین۰۰۰,14518111,3497a84c4d013ba1fa5cf16cee46f004d11012ea4a3a4da3b470e393001ffe2e,5.7566346774869634,High,active_p2_calibrated,active_learning_round,medium,0.65,1.198107656482396,,val,embargo,False,False,,20260804,f9b1810e611cf7b7c25ea3e15c4f4145a1df7b92435c2953b72e088a89f7e109,2,False,False,False,True
353773064,G00455,sazahra,14494727,8abf3832ce090a91a3c00377389fd6ac6531daa1e7ea5687516d577c603883e3,2.648375282959045,Low,active_p2_calibrated,active_learning_round,medium,0.65,0.684177788873456,,val,embargo,False,False,,20260804,f9b1810e611cf7b7c25ea3e15c4f4145a1df7b92435c2953b72e088a89f7e109,2,False,False,False,True
353835703,G00456,setarehatar,14523376,cb617417090240456ac3cec6972b7cf6a0f9c36f06231684fdb88e61fa038a50,8.0878292233829,Very High,active_p2_calibrated,active_learning_round,medium,0.65,1.9253616657292336,,val,embargo,False,False,,20260804,f9b1810e611cf7b7c25ea3e15c4f4145a1df7b92435c2953b72e088a89f7e109,2,False,False,False,True
353837663,G00456,setarehatar,14523376,,8.0,Very High,original_p1_high_selected,original_extra_person1_round,medium_high,0.9,1.9253616657292336,,val,embargo,False,False,,20260804,f9b1810e611cf7b7c25ea3e15c4f4145a1df7b92435c2953b72e088a89f7e109,2,False,False,False,True
354621554,G00911,مامانریحانا,14551082,,4.0,Moderate,original_p1_high_selected,original_extra_person1_round,medium_high,0.9,1.0556758388791745,,val,embargo,False,False,,20260804,f9b1810e611cf7b7c25ea3e15c4f4145a1df7b92435c2953b72e088a89f7e109,2,False,False,False,True
355431530,G00469,ململننش,14620497,933f20fffce2ed80d07f709a026b30febe7cffa042e90fbd7e20e0d5bc942703,1.0942455856950868,Low,active_p2_calibrated,active_learning_round,medium,0.65,0.684177788873456,,val,embargo,False,False,,20260804,f9b1810e611cf7b7c25ea3e15c4f4145a1df7b92435c2953b72e088a89f7e109,2,False,False,False,True
355877653,G00390,هایدي,14647294,0f4eb131ddaf43dc0dc29591e033371253294741a5e315136933aafebfca4c4b,1.0942455856950868,Low,active_p2_calibrated,active_learning_round,medium,0.65,0.684177788873456,,val,embargo,False,False,,20260804,f9b1810e611cf7b7c25ea3e15c4f4145a1df7b92435c2953b72e088a89f7e109,2,False,False,False,True
355878603,G00390,هایدي,14647294,3fbc4786462254a70abc56e1e90427082dc02ae7d86b37918bd77a07017221dc,1.0942455856950868,Low,active_p2_calibrated,active_learning_round,medium,0.65,0.684177788873456,,val,embargo,False,False,,20260804,f9b1810e611cf7b7c25ea3e15c4f4145a1df7b92435c2953b72e088a89f7e109,2,False,False,False,True
356412526,G00478,aram_bash,14678935,153e019e54b4fabcc259dc15996ac58258113fecf1f9696397101aad61c1408a,4.979569828854984,Moderate,active_p2_calibrated,active_learning_round,medium,0.65,1.0556758388791745,,val,embargo,False,False,,20260804,f9b1810e611cf7b7c25ea3e15c4f4145a1df7b92435c2953b72e088a89f7e109,2,False,False,False,True
356452215,G02291,سروین4,14681198,,3.0,Moderate,original_p1_high_selected,original_extra_person1_round,medium_high,0.9,1.0556758388791745,,test,embargo,False,False,,20260804,f9b1810e611cf7b7c25ea3e15c4f4145a1df7b92435c2953b72e088a89f7e109,2,False,False,False,True
356850839,G00482,angelkiss,14708515,084f5afe99bbde1cc89ec05ad81882c3318e158299a7b5aae0ba998ef6eb59b1,1.0942455856950868,Low,active_p2_calibrated,active_learning_round,medium,0.65,0.684177788873456,,val,embargo,False,False,,20260804,f9b1810e611cf7b7c25ea3e15c4f4145a1df7b92435c2953b72e088a89f7e109,2,False,False,False,True
358532937,G00184,دخترپاییز۹۹۰,14805485,8c199e878c7225cac3a8fda5ce4557695492a91c0258b1d83bac4e8afc65f639,8.0878292233829,Very High,active_p2_calibrated,active_learning_round,medium,0.65,1.9253616657292336,,test,embargo,False,False,,20260804,f9b1810e611cf7b7c25ea3e15c4f4145a1df7b92435c2953b72e088a89f7e109,2,False,False,False,True
359949976,G00509,nabattallaee84,14882908,5ce7e894c36433e372db35bc99460ebbb8c95b6fee52f971b48c91eab52644fd,1.0942455856950868,Low,active_p2_calibrated,active_learning_round,medium,0.65,0.684177788873456,,test,embargo,False,False,,20260804,f9b1810e611cf7b7c25ea3e15c4f4145a1df7b92435c2953b72e088a89f7e109,2,False,False,False,True
360444812,G00512,parva1376,14911801,aee74570536fd468b410babf7de635605f85a4a72610202839c64279432d222d,1.0942455856950868,Low,active_p2_calibrated,active_learning_round,medium,0.65,0.684177788873456,,test,embargo,False,False,,20260804,f9b1810e611cf7b7c25ea3e15c4f4145a1df7b92435c2953b72e088a89f7e109,2,False,False,False,True
362070926,G00512,azade69,15002940,,4.0,Moderate,original_p1_high_selected,original_extra_person1_round,medium_high,0.9,1.0556758388791745,,test,embargo,False,False,,20260804,f9b1810e611cf7b7c25ea3e15c4f4145a1df7b92435c2953b72e088a89f7e109,2,False,False,False,True
362084284,G00512,نازیمهر,15002940,eb68bccd5f83fb4fc1755235c088cfccd4204d29cbcf7047b69939b4ac346c52,1.0942455856950868,Low,active_p2_calibrated,active_learning_round,medium,0.65,0.684177788873456,,test,embargo,False,False,,20260804,f9b1810e611cf7b7c25ea3e15c4f4145a1df7b92435c2953b72e088a89f7e109,2,False,False,False,True
362087673,G00512,کلیلهودمنه,15002940,64100c51839d83fd70f1b8446671078d8c162efa421ddff29119f926de2b87b3,4.979569828854984,Moderate,active_p2_calibrated,active_learning_round,medium,0.65,1.0556758388791745,,test,embargo,False,False,,20260804,f9b1810e611cf7b7c25ea3e15c4f4145a1df7b92435c2953b72e088a89f7e109,2,False,False,False,True
362393685,G00317,هرروزپاییزه,15020587,5b8389f90f6b39fcca801adee1018cd9ebd6f8afac6f2c759788936b2482fed4,3.425440131591025,Moderate,active_p2_calibrated,active_learning_round,medium,0.65,1.0556758388791745,,val,embargo,False,False,,20260804,f9b1810e611cf7b7c25ea3e15c4f4145a1df7b92435c2953b72e088a89f7e109,2,False,False,False,True
362396590,G00317,negarian78,15020587,,4.0,Moderate,original_p1_high_selected,original_extra_person1_round,medium_high,0.9,1.0556758388791745,,val,embargo,False,False,,20260804,f9b1810e611cf7b7c25ea3e15c4f4145a1df7b92435c2953b72e088a89f7e109,2,False,False,False,True
363825639,G00541,ssahhar,15096494,,8.0,Very High,original_p1_high_selected,original_extra_person1_round,medium_high,0.9,1.9253616657292336,,test,embargo,False,False,,20260804,f9b1810e611cf7b7c25ea3e15c4f4145a1df7b92435c2953b72e088a89f7e109,2,False,False,False,True
364585085,G00541,دستکش,15139293,165490631d7f9f17ce8a2c5348e7fba3bd68319cc984cc0ed1671f93c55bb9be,4.202504980223004,Moderate,active_p2_calibrated,active_learning_round,medium,0.65,1.0556758388791745,,test,embargo,False,False,,20260804,f9b1810e611cf7b7c25ea3e15c4f4145a1df7b92435c2953b72e088a89f7e109,2,False,False,False,True
364687695,G00635,77__reyhan,15144544,,3.0,Moderate,original_p1_high_selected,original_extra_person1_round,medium_high,0.9,1.0556758388791745,,test,embargo,False,False,,20260804,f9b1810e611cf7b7c25ea3e15c4f4145a1df7b92435c2953b72e088a89f7e109,2,False,False,False,True
366602571,G00184,دخترپاییز۹۹۰,15253887,,5.0,High,original_p1_high_selected,original_extra_person1_round,medium_high,0.9,1.198107656482396,,test,embargo,False,False,,20260804,f9b1810e611cf7b7c25ea3e15c4f4145a1df7b92435c2953b72e088a89f7e109,2,False,False,False,True
366758029,G00068,8hadiye,15263469,6af6a90aea3011dfcf4c26af308254a58d1fe3082e26ec37478e7b88c894df98,1.0942455856950868,Low,active_p2_calibrated,active_learning_round,medium,0.65,0.684177788873456,,test,embargo,False,False,,20260804,f9b1810e611cf7b7c25ea3e15c4f4145a1df7b92435c2953b72e088a89f7e109,2,False,False,False,True
368720379,G00456,ffbb0967,15377843,1bfeaf9bdd923a439ef25c1de17c45d6451d4b66f53c5dd20d4334a522f136e7,2.648375282959045,Low,active_p2_calibrated,active_learning_round,medium,0.65,0.684177788873456,,val,embargo,False,False,,20260804,f9b1810e611cf7b7c25ea3e15c4f4145a1df7b92435c2953b72e088a89f7e109,2,False,False,False,True
369618834,G00586,mahbobe7,15431043,284d3ccbcb8d6c6ab2e57674a5416a9ec523b92c35061fb26c21fcaec2b781a4,1.0942455856950868,Low,active_p2_calibrated,active_learning_round,medium,0.65,0.684177788873456,,test,embargo,False,False,,20260804,f9b1810e611cf7b7c25ea3e15c4f4145a1df7b92435c2953b72e088a89f7e109,2,False,False,False,True
370926238,G00595,یلدا۱۲۳۴۵۶۷۸۹۱۰,15507009,4f869d46f077aeaf4122294f87488a70dd3123cb6fa0ebd1f0b3390409b9b105,1.0942455856950868,Low,active_p2_calibrated,active_learning_round,medium,0.65,0.684177788873456,,test,embargo,False,False,,20260804,f9b1810e611cf7b7c25ea3e15c4f4145a1df7b92435c2953b72e088a89f7e109,2,False,False,False,True
371301066,G00601,آرام۶۵,15529171,9dd1719cb325da5fecceaf122c248b493d87f7003c472147737178ff6e41bd53,1.0942455856950868,Low,active_p2_calibrated,active_learning_round,medium,0.65,0.684177788873456,,test,embargo,False,False,,20260804,f9b1810e611cf7b7c25ea3e15c4f4145a1df7b92435c2953b72e088a89f7e109,2,False,False,False,True
371301774,G00601,maman_narjes,15529171,a4f3156ee309b82a186149f6286f3141c42a8bbc6fdb149f80fedec1801acbc8,1.0942455856950868,Low,active_p2_calibrated,active_learning_round,medium,0.65,0.684177788873456,,test,embargo,False,False,,20260804,f9b1810e611cf7b7c25ea3e15c4f4145a1df7b92435c2953b72e088a89f7e109,2,False,False,False,True
371615249,G00603,diba_3178,15548957,,6.0,High,original_p1_high_selected,original_extra_person1_round,medium_high,0.9,1.198107656482396,,val,embargo,False,False,,20260804,f9b1810e611cf7b7c25ea3e15c4f4145a1df7b92435c2953b72e088a89f7e109,2,False,False,False,True
371616882,G00603,diba_3178,15548957,,5.0,High,original_p1_high_selected,original_extra_person1_round,medium_high,0.9,1.198107656482396,,val,embargo,False,False,,20260804,f9b1810e611cf7b7c25ea3e15c4f4145a1df7b92435c2953b72e088a89f7e109,2,False,False,False,True
371793625,G02309,بازگشت_آنخماعو,15559534,,5.0,High,original_p1_high_selected,original_extra_person1_round,medium_high,0.9,1.198107656482396,,val,embargo,False,False,,20260804,f9b1810e611cf7b7c25ea3e15c4f4145a1df7b92435c2953b72e088a89f7e109,2,False,False,False,True
372105026,G02310,باادبتونم,15578301,,5.0,High,original_p1_high_selected,original_extra_person1_round,medium_high,0.9,1.198107656482396,,val,embargo,False,False,,20260804,f9b1810e611cf7b7c25ea3e15c4f4145a1df7b92435c2953b72e088a89f7e109,2,False,False,False,True
372780950,G00609,هستی_تنها1,15621421,4847bfcdc8dff315864f65ccfb3f9eee7708f6aaf89968715245c23d1cd099f7,1.0942455856950868,Low,active_p2_calibrated,active_learning_round,medium,0.65,0.684177788873456,,val,embargo,False,False,,20260804,f9b1810e611cf7b7c25ea3e15c4f4145a1df7b92435c2953b72e088a89f7e109,2,False,False,False,True
373741924,G00614,مداد_رنگی22,15681564,be600cc23db159da75d855cc7c81cca88688524452b3fc70886c5b4e46c9259f,2.648375282959045,Low,active_p2_calibrated,active_learning_round,medium,0.65,0.684177788873456,,test,embargo,False,False,,20260804,f9b1810e611cf7b7c25ea3e15c4f4145a1df7b92435c2953b72e088a89f7e109,2,False,False,False,True
374034052,G00456,setarehatar,15700027,,6.0,High,original_p1_high_selected,original_extra_person1_round,medium_high,0.9,1.198107656482396,,val,embargo,False,False,,20260804,f9b1810e611cf7b7c25ea3e15c4f4145a1df7b92435c2953b72e088a89f7e109,2,False,False,False,True
374110242,G00456,setarehatar,15704600,41df25e84e33b39d9b4ee14813c34df651862ce4061679fe53a794c5589b8d81,4.979569828854984,Moderate,active_p2_calibrated,active_learning_round,medium,0.65,1.0556758388791745,,val,embargo,False,False,,20260804,f9b1810e611cf7b7c25ea3e15c4f4145a1df7b92435c2953b72e088a89f7e109,2,False,False,False,True
374717461,G00628,پندپارسی,15740663,a59fd16d4be7f6a399657629ec8f299861f3a04c4af0bd5fa478ffd964c9c056,4.979569828854984,Moderate,active_p2_calibrated,active_learning_round,medium,0.65,1.0556758388791745,,test,embargo,False,False,,20260804,f9b1810e611cf7b7c25ea3e15c4f4145a1df7b92435c2953b72e088a89f7e109,2,False,False,False,True
375016192,G00635,ef_4ever,15758811,8fa8768c2188f52c69aeebcfb091a1c00c90b22be5ede2fb5af6baa5a48df1b3,5.7566346774869634,High,active_p2_calibrated,active_learning_round,medium,0.65,1.198107656482396,,test,embargo,False,False,,20260804,f9b1810e611cf7b7c25ea3e15c4f4145a1df7b92435c2953b72e088a89f7e109,2,False,False,False,True
375016246,G00635,77__reyhan,15758811,,4.0,Moderate,original_p1_high_selected,original_extra_person1_round,medium_high,0.9,1.0556758388791745,,test,embargo,False,False,,20260804,f9b1810e611cf7b7c25ea3e15c4f4145a1df7b92435c2953b72e088a89f7e109,2,False,False,False,True
375020315,G00635,405سفید,15758811,2f2e84ccd3246f5003dee46b5bce6ee078ef01d3995b93868591427b324b36f8,1.0942455856950868,Low,active_p2_calibrated,active_learning_round,medium,0.65,0.684177788873456,,test,embargo,False,False,,20260804,f9b1810e611cf7b7c25ea3e15c4f4145a1df7b92435c2953b72e088a89f7e109,2,False,False,False,True
375167887,G00456,tamana8864,15767883,da6e0c7adbcfb734803eef4b16d4a7792fe79226251626ea56abe3d180ead3be,2.648375282959045,Low,active_p2_calibrated,active_learning_round,medium,0.65,0.684177788873456,,val,embargo,False,False,,20260804,f9b1810e611cf7b7c25ea3e15c4f4145a1df7b92435c2953b72e088a89f7e109,2,False,False,False,True
375179577,G00456,آرمیتاعلیخانی,15768647,,6.0,High,original_p1_high_selected,original_extra_person1_round,medium_high,0.9,1.198107656482396,,val,embargo,False,False,,20260804,f9b1810e611cf7b7c25ea3e15c4f4145a1df7b92435c2953b72e088a89f7e109,2,False,False,False,True
375180666,G00456,مهشید_هستم,15768647,7a74d60b90f9f31ac8c3dd091d323be9bfc03f781cd1a38b98ea4c53bf662a0b,1.871310434327066,Low,active_p2_calibrated,active_learning_round,medium,0.65,0.684177788873456,,val,embargo,False,False,,20260804,f9b1810e611cf7b7c25ea3e15c4f4145a1df7b92435c2953b72e088a89f7e109,2,False,False,False,True
375999049,G00456,setarehatar,15817418,,4.0,Moderate,original_p1_high_selected,original_extra_person1_round,medium_high,0.9,1.0556758388791745,,val,embargo,False,False,,20260804,f9b1810e611cf7b7c25ea3e15c4f4145a1df7b92435c2953b72e088a89f7e109,2,False,False,False,True
376164596,G00614,مداد_رنگی22,15827734,20fa9269ca170009f70478ffc770ef87e12378e57d3e1a8d920e34625fbdb1ad,1.871310434327066,Low,active_p2_calibrated,active_learning_round,medium,0.65,0.684177788873456,,test,embargo,False,False,,20260804,f9b1810e611cf7b7c25ea3e15c4f4145a1df7b92435c2953b72e088a89f7e109,2,False,False,False,True
376618559,G00647,دلم_تنگ_شده_زودبیا,15855384,993485fd3bb80a314f5e6c63a8a68aa1100b182f321cb80d17c6d4306ce12382,1.0942455856950868,Low,active_p2_calibrated,active_learning_round,medium,0.65,0.684177788873456,,test,embargo,False,False,,20260804,f9b1810e611cf7b7c25ea3e15c4f4145a1df7b92435c2953b72e088a89f7e109,2,False,False,False,True
377235237,G00456,setarehatar,15892921,a81a6ba62e612ebc64515e79c6e96696a9166791d0e4b59661099eff560f20c6,1.871310434327066,Low,active_p2_calibrated,active_learning_round,medium,0.65,0.684177788873456,,val,embargo,False,False,,20260804,f9b1810e611cf7b7c25ea3e15c4f4145a1df7b92435c2953b72e088a89f7e109,2,False,False,False,True
377295196,G00651,خیار_شور_نمکی,15896690,29335224f306210bb81829f31e309d9a08b0269efecef18b68d81e828f08c326,1.0942455856950868,Low,active_p2_calibrated,active_learning_round,medium,0.65,0.684177788873456,,test,embargo,False,False,,20260804,f9b1810e611cf7b7c25ea3e15c4f4145a1df7b92435c2953b72e088a89f7e109,2,False,False,False,True
377499359,G00653,kkkkkaaaaa,15908820,d3ee5c966632e34181495fac831b10aeedcc04ab1699bd10341a20096259b8ad,6.533699526118942,High,active_p2_calibrated,active_learning_round,medium,0.65,1.198107656482396,,test,embargo,False,False,,20260804,f9b1810e611cf7b7c25ea3e15c4f4145a1df7b92435c2953b72e088a89f7e109,2,False,False,False,True
377609408,G00655,مهربانqwe,15917059,e0b9751295a62f767a1cb885d047ac04babbb88e4dd01775b0832eb0ffd057f1,3.425440131591025,Moderate,active_p2_calibrated,active_learning_round,medium,0.65,1.0556758388791745,,test,embargo,False,False,,20260804,f9b1810e611cf7b7c25ea3e15c4f4145a1df7b92435c2953b72e088a89f7e109,2,False,False,False,True
378052811,G00658,پرنیان۳۱,15945943,3a37f0b511bdcb4ef6c018b4de8c927f578c3b0c66baed4415e79eb2b9f8579f,1.0942455856950868,Low,active_p2_calibrated,active_learning_round,medium,0.65,0.684177788873456,,val,embargo,False,False,,20260804,f9b1810e611cf7b7c25ea3e15c4f4145a1df7b92435c2953b72e088a89f7e109,2,False,False,False,True
378229754,G00658,پرنیان۳۱,15956474,,6.0,High,original_p1_high_selected,original_extra_person1_round,medium_high,0.9,1.198107656482396,,val,embargo,False,False,,20260804,f9b1810e611cf7b7c25ea3e15c4f4145a1df7b92435c2953b72e088a89f7e109,2,False,False,False,True
379534961,G00671,fatemeh_an19,16034545,,4.0,Moderate,original_p1_high_selected,original_extra_person1_round,medium_high,0.9,1.0556758388791745,,val,embargo,False,False,,20260804,f9b1810e611cf7b7c25ea3e15c4f4145a1df7b92435c2953b72e088a89f7e109,2,False,False,False,True
379535200,G00671,مامان_دوقلوها۱۳۹۵,16034545,f0d4fe85c7126447410310dcf1f02afde9103678a7182e0da91e11e96971cae4,1.0942455856950868,Low,active_p2_calibrated,active_learning_round,medium,0.65,0.684177788873456,,val,embargo,False,False,,20260804,f9b1810e611cf7b7c25ea3e15c4f4145a1df7b92435c2953b72e088a89f7e109,2,False,False,False,True
380016103,G00678,bahar63kj,16063772,22a5bc8a6880fc81aba55469720e4d07508a097b59d949992e40dc6a1f309454,1.0942455856950868,Low,active_p2_calibrated,active_learning_round,medium,0.65,0.684177788873456,,test,embargo,False,False,,20260804,f9b1810e611cf7b7c25ea3e15c4f4145a1df7b92435c2953b72e088a89f7e109,2,False,False,False,True
380374544,G00129,yeshiiim,16086070,,3.0,Moderate,original_p1_high_selected,original_extra_person1_round,medium_high,0.9,1.0556758388791745,,val,embargo,False,False,,20260804,f9b1810e611cf7b7c25ea3e15c4f4145a1df7b92435c2953b72e088a89f7e109,2,False,False,False,True
380594391,G00866,70lilipood,16099477,,4.0,Moderate,original_p1_high_selected,original_extra_person1_round,medium_high,0.9,1.0556758388791745,,val,embargo,False,False,,20260804,f9b1810e611cf7b7c25ea3e15c4f4145a1df7b92435c2953b72e088a89f7e109,2,False,False,False,True
380894236,G00653,جناس,16118758,fdbf2f92f99bb5b535d69eb243d655743368bdb62c420e88bc8b40a558571926,1.0942455856950868,Low,active_p2_calibrated,active_learning_round,medium,0.65,0.684177788873456,,test,embargo,False,False,,20260804,f9b1810e611cf7b7c25ea3e15c4f4145a1df7b92435c2953b72e088a89f7e109,2,False,False,False,True
380943887,G00456,setarehatar,16122310,06551789d93a1ed4cd78023f62f5a1c773a644fbc9b72bfa97336118fc4d724b,7.310764374750923,Very High,active_p2_calibrated,active_learning_round,medium,0.65,1.9253616657292336,,val,embargo,False,False,,20260804,f9b1810e611cf7b7c25ea3e15c4f4145a1df7b92435c2953b72e088a89f7e109,2,False,False,False,True
381205248,G00691,قندون_شکسته,16119033,ce9ca6edc43a1b5034e76db55f6125121e995907485078c01c21daf165a347ca,3.425440131591025,Moderate,active_p2_calibrated,active_learning_round,medium,0.65,1.0556758388791745,,val,embargo,False,False,,20260804,f9b1810e611cf7b7c25ea3e15c4f4145a1df7b92435c2953b72e088a89f7e109,2,False,False,False,True
381286519,G00694,دخترتنها۰۰۸,16143150,,3.0,Moderate,original_p1_high_selected,original_extra_person1_round,medium_high,0.9,1.0556758388791745,,val,embargo,False,False,,20260804,f9b1810e611cf7b7c25ea3e15c4f4145a1df7b92435c2953b72e088a89f7e109,2,False,False,False,True
381928476,G00628,پندپارسی,16183358,,5.0,High,original_p1_high_selected,original_extra_person1_round,medium_high,0.9,1.198107656482396,,test,embargo,False,False,,20260804,f9b1810e611cf7b7c25ea3e15c4f4145a1df7b92435c2953b72e088a89f7e109,2,False,False,False,True
382072185,G00704,اریدیسه,16192372,78bbf157737cc0598c79d593307d8da4c4636e5de45aca886c98bae4103c5c44,1.871310434327066,Low,active_p2_calibrated,active_learning_round,medium,0.65,0.684177788873456,,test,embargo,False,False,,20260804,f9b1810e611cf7b7c25ea3e15c4f4145a1df7b92435c2953b72e088a89f7e109,2,False,False,False,True
382553469,G00317,هرروزپاییزه,16222282,ec9df548879e7b941733791febb9bf560576f3864308090e19fedd090c45f119,1.871310434327066,Low,active_p2_calibrated,active_learning_round,medium,0.65,0.684177788873456,,val,embargo,False,False,,20260804,f9b1810e611cf7b7c25ea3e15c4f4145a1df7b92435c2953b72e088a89f7e109,2,False,False,False,True
382556102,G00317,رویامسیحی،نژاد,16222282,bc4a91ee73d220fdc999e92db702ef46315d9ce307c30e732dde801456a309bb,3.425440131591025,Moderate,active_p2_calibrated,active_learning_round,medium,0.65,1.0556758388791745,,val,embargo,False,False,,20260804,f9b1810e611cf7b7c25ea3e15c4f4145a1df7b92435c2953b72e088a89f7e109,2,False,False,False,True
382773547,G00715,سپاسه,16236017,1dda7cea3f9c5b41d0f373b9734f1a11e82bfc328dd0ae2a3b73fa80b973192e,3.425440131591025,Moderate,active_p2_calibrated,active_learning_round,medium,0.65,1.0556758388791745,,test,embargo,False,False,,20260804,f9b1810e611cf7b7c25ea3e15c4f4145a1df7b92435c2953b72e088a89f7e109,2,False,False,False,True
382773659,G00715,دخترسیندرلایی,16236017,11ce1acf15ba03d56a26ae52236d1bb72f6cd899cfce6a0d28d001a566b96639,1.0942455856950868,Low,active_p2_calibrated,active_learning_round,medium,0.65,0.684177788873456,,test,embargo,False,False,,20260804,f9b1810e611cf7b7c25ea3e15c4f4145a1df7b92435c2953b72e088a89f7e109,2,False,False,False,True
384485896,G00738,shaheshahan,16339612,,5.0,High,original_p1_high_selected,original_extra_person1_round,medium_high,0.9,1.198107656482396,,val,embargo,False,False,,20260804,f9b1810e611cf7b7c25ea3e15c4f4145a1df7b92435c2953b72e088a89f7e109,2,False,False,False,True
384588914,G00738,دخترـخووووب,16339612,54a71e9e6f51be0aa3a0bcbb6f440f7f338c43cf258b1fe1db1a3f88401f7fb9,1.871310434327066,Low,active_p2_calibrated,active_learning_round,medium,0.65,0.684177788873456,,val,embargo,False,False,,20260804,f9b1810e611cf7b7c25ea3e15c4f4145a1df7b92435c2953b72e088a89f7e109,2,False,False,False,True
386378837,G00456,setarehatar,16452786,c819f1d4e3e36fe91f08eee7374de68937b41a791583c9c2bf984085d16a68cc,7.310764374750923,Very High,active_p2_calibrated,active_learning_round,medium,0.65,1.9253616657292336,,val,embargo,False,False,,20260804,f9b1810e611cf7b7c25ea3e15c4f4145a1df7b92435c2953b72e088a89f7e109,2,False,False,False,True
386772432,G00653,آریانه,16476033,7823624c5b4479efe79ce2ec83f135a29d010af392dac7b2c70d6e48cc382e71,1.0942455856950868,Low,active_p2_calibrated,active_learning_round,medium,0.65,0.684177788873456,,test,embargo,False,False,,20260804,f9b1810e611cf7b7c25ea3e15c4f4145a1df7b92435c2953b72e088a89f7e109,2,False,False,False,True
386832896,G01768,چکاوک۷۶,16479605,,4.0,Moderate,original_p1_high_selected,original_extra_person1_round,medium_high,0.9,1.0556758388791745,,val,embargo,False,False,,20260804,f9b1810e611cf7b7c25ea3e15c4f4145a1df7b92435c2953b72e088a89f7e109,2,False,False,False,True
387177933,G00285,7878eli,16498492,,4.0,Moderate,original_p1_high_selected,original_extra_person1_round,medium_high,0.9,1.0556758388791745,,test,embargo,False,False,,20260804,f9b1810e611cf7b7c25ea3e15c4f4145a1df7b92435c2953b72e088a89f7e109,2,False,False,False,True
388940593,G00779,دختری_از_دیار_افتاب,16601474,4531c076ccfe680a66f1d8faed6bb302fea150d2a2ff984e7232ecf3a28fa2dd,4.202504980223004,Moderate,active_p2_calibrated,active_learning_round,medium,0.65,1.0556758388791745,,test,embargo,False,False,,20260804,f9b1810e611cf7b7c25ea3e15c4f4145a1df7b92435c2953b72e088a89f7e109,2,False,False,False,True
389320540,G02336,313yekmontazer,16624399,,7.0,Very High,original_p1_high_selected,original_extra_person1_round,medium_high,0.9,1.9253616657292336,,test,embargo,False,False,,20260804,f9b1810e611cf7b7c25ea3e15c4f4145a1df7b92435c2953b72e088a89f7e109,2,False,False,False,True
389796995,G00770,دخترآریاییs30,16653293,2ef4317cffbf3d1b61565724bcefd3f49263989aff134ff2093591169f167837,2.648375282959045,Low,active_p2_calibrated,active_learning_round,medium,0.65,0.684177788873456,,val,embargo,False,False,,20260804,f9b1810e611cf7b7c25ea3e15c4f4145a1df7b92435c2953b72e088a89f7e109,2,False,False,False,True
390029001,G00344,elijj,16667142,fec3fc81093ebfdd28b19e5fc67eca047264b64f6e4a12b48e65c5b08e2216f5,1.871310434327066,Low,active_p2_calibrated,active_learning_round,medium,0.65,0.684177788873456,,test,embargo,False,False,,20260804,f9b1810e611cf7b7c25ea3e15c4f4145a1df7b92435c2953b72e088a89f7e109,2,False,False,False,True
390082466,G00401,دخترسرمایی,16671230,c952ec2fa5e3b643406a4a7d2e4755f4e9acbbc1a16bb35d3021f2ff24e2b602,1.0942455856950868,Low,active_p2_calibrated,active_learning_round,medium,0.65,0.684177788873456,,test,embargo,False,False,,20260804,f9b1810e611cf7b7c25ea3e15c4f4145a1df7b92435c2953b72e088a89f7e109,2,False,False,False,True
390082493,G00401,سیب۱۳,16671230,,7.0,Very High,original_p1_high_selected,original_extra_person1_round,medium_high,0.9,1.9253616657292336,,test,embargo,False,False,,20260804,f9b1810e611cf7b7c25ea3e15c4f4145a1df7b92435c2953b72e088a89f7e109,2,False,False,False,True
390082744,G00401,sahelearam1402,16671230,,6.0,High,original_p1_high_selected,original_extra_person1_round,medium_high,0.9,1.198107656482396,,test,embargo,False,False,,20260804,f9b1810e611cf7b7c25ea3e15c4f4145a1df7b92435c2953b72e088a89f7e109,2,False,False,False,True
390098128,G00796,elamor1,16672096,4ee491d4fc929f38e0d76c9240469586656ddc5b3b2703d89fa314a543394639,1.0942455856950868,Low,active_p2_calibrated,active_learning_round,medium,0.65,0.684177788873456,,test,embargo,False,False,,20260804,f9b1810e611cf7b7c25ea3e15c4f4145a1df7b92435c2953b72e088a89f7e109,2,False,False,False,True
390099006,G00715,fandogh_3,16671988,8734c5ca6e9e988e181bc82c3f0a6554d2697a82816ba55a279ab9f7d24f6c0c,1.0942455856950868,Low,active_p2_calibrated,active_learning_round,medium,0.65,0.684177788873456,,test,embargo,False,False,,20260804,f9b1810e611cf7b7c25ea3e15c4f4145a1df7b92435c2953b72e088a89f7e109,2,False,False,False,True
390144905,G00796,99mahsanam,16672096,4e0a604988730d3a3ce36b3fddf2ee74bfc0214f5cdefcb2fb676805f642802e,6.533699526118942,High,active_p2_calibrated,active_learning_round,medium,0.65,1.198107656482396,,test,embargo,False,False,,20260804,f9b1810e611cf7b7c25ea3e15c4f4145a1df7b92435c2953b72e088a89f7e109,2,False,False,False,True
391485908,G00808,مرواریدارامش,16751342,,3.0,Moderate,original_p1_high_selected,original_extra_person1_round,medium_high,0.9,1.0556758388791745,,test,embargo,False,False,,20260804,f9b1810e611cf7b7c25ea3e15c4f4145a1df7b92435c2953b72e088a89f7e109,2,False,False,False,True
392646101,G00816,حنانه1359,16824717,e5c1c743656b7ddb54d2adc9f193761518f3b8a5037c0013e21c1cbeafce4596,1.871310434327066,Low,active_p2_calibrated,active_learning_round,medium,0.65,0.684177788873456,,test,embargo,False,False,,20260804,f9b1810e611cf7b7c25ea3e15c4f4145a1df7b92435c2953b72e088a89f7e109,2,False,False,False,True
392855827,G00344,ماهلیناممممممم,16837798,6c02a993d00b6bb4e5367c30fb6a069bc682588fae9e88ffb33eae9d70792fc4,2.648375282959045,Low,active_p2_calibrated,active_learning_round,medium,0.65,0.684177788873456,,test,embargo,False,False,,20260804,f9b1810e611cf7b7c25ea3e15c4f4145a1df7b92435c2953b72e088a89f7e109,2,False,False,False,True
393034945,G00456,دخترعالیم,16848781,,3.0,Moderate,original_p1_high_selected,original_extra_person1_round,medium_high,0.9,1.0556758388791745,,val,embargo,False,False,,20260804,f9b1810e611cf7b7c25ea3e15c4f4145a1df7b92435c2953b72e088a89f7e109,2,False,False,False,True
393066621,G00822,سمیرا۱۳۷۲,16837226,0927aeedc418440ce53d400672104b204a03fe01946bd829e5ca9efca98919fc,5.7566346774869634,High,active_p2_calibrated,active_learning_round,medium,0.65,1.198107656482396,,val,embargo,False,False,,20260804,f9b1810e611cf7b7c25ea3e15c4f4145a1df7b92435c2953b72e088a89f7e109,2,False,False,False,True
394069836,G00609,melika1991,16912723,0b8fe6e0a1aa4642dd62390229604a15ce15356093d48d919aafe21579e56fb6,1.0942455856950868,Low,active_p2_calibrated,active_learning_round,medium,0.65,0.684177788873456,,val,embargo,False,False,,20260804,f9b1810e611cf7b7c25ea3e15c4f4145a1df7b92435c2953b72e088a89f7e109,2,False,False,False,True
394335715,G02340,13711zoha,13737210,,5.0,High,original_p1_high_selected,original_extra_person1_round,medium_high,0.9,1.198107656482396,,val,embargo,False,False,,20260804,f9b1810e611cf7b7c25ea3e15c4f4145a1df7b92435c2953b72e088a89f7e109,2,False,False,False,True
394426480,G00838,سلنارشیدی,16935117,574449b9cab4a2ef777c316b9cc5d951505fda575d4b619753a97e93b12ef984,4.202504980223004,Moderate,active_p2_calibrated,active_learning_round,medium,0.65,1.0556758388791745,,val,embargo,False,False,,20260804,f9b1810e611cf7b7c25ea3e15c4f4145a1df7b92435c2953b72e088a89f7e109,2,False,False,False,True
395046366,G02341,nigl,16973302,,5.0,High,original_p1_high_selected,original_extra_person1_round,medium_high,0.9,1.198107656482396,,val,embargo,False,False,,20260804,f9b1810e611cf7b7c25ea3e15c4f4145a1df7b92435c2953b72e088a89f7e109,2,False,False,False,True
395286536,G00842,leiliiiiiiiiikh1396,16988026,eeedfe3095e58e7a7f30ae6e568a8b439c54275ee50627a968c59787e4338959,1.0942455856950868,Low,active_p2_calibrated,active_learning_round,medium,0.65,0.684177788873456,,val,embargo,False,False,,20260804,f9b1810e611cf7b7c25ea3e15c4f4145a1df7b92435c2953b72e088a89f7e109,2,False,False,False,True
395513529,G00718,maryambano_,17001573,,5.0,High,original_p1_high_selected,original_extra_person1_round,medium_high,0.9,1.198107656482396,,val,embargo,False,False,,20260804,f9b1810e611cf7b7c25ea3e15c4f4145a1df7b92435c2953b72e088a89f7e109,2,False,False,False,True
395805471,G00845,sayoo1,17018667,35eab25a0c73a2f4c6b2ac3836eb8bfe3df627dda751d25f666a68bb89e2a357,4.202504980223004,Moderate,active_p2_calibrated,active_learning_round,medium,0.65,1.0556758388791745,,test,embargo,False,False,,20260804,f9b1810e611cf7b7c25ea3e15c4f4145a1df7b92435c2953b72e088a89f7e109,2,False,False,False,True
396252651,G00838,ryahi,17045078,,4.0,Moderate,original_p1_high_selected,original_extra_person1_round,medium_high,0.9,1.0556758388791745,,val,embargo,False,False,,20260804,f9b1810e611cf7b7c25ea3e15c4f4145a1df7b92435c2953b72e088a89f7e109,2,False,False,False,True
397535312,G00601,سالیوآن,17122356,ff6adaf1fa876c1f15cc586eb0564348e193d1c3fee44f2003c1223b05043ca6,2.648375282959045,Low,active_p2_calibrated,active_learning_round,medium,0.65,0.684177788873456,,test,embargo,False,False,,20260804,f9b1810e611cf7b7c25ea3e15c4f4145a1df7b92435c2953b72e088a89f7e109,2,False,False,False,True
397648856,G00842,leiliiiiiiiiikh1396,17129495,6c0349e11eaeb0fcebd6dd627dce4b1e1f7acd90b6ae6bdff1ca7ef472509cbd,1.871310434327066,Low,active_p2_calibrated,active_learning_round,medium,0.65,0.684177788873456,,val,embargo,False,False,,20260804,f9b1810e611cf7b7c25ea3e15c4f4145a1df7b92435c2953b72e088a89f7e109,2,False,False,False,True
397921834,G00867,o_ترانه_o,17146104,5bb7949d0cfe48b1697a992189524a82db04f039caee074666a5a1b88e524699,4.979569828854984,Moderate,active_p2_calibrated,active_learning_round,medium,0.65,1.0556758388791745,,test,embargo,False,False,,20260804,f9b1810e611cf7b7c25ea3e15c4f4145a1df7b92435c2953b72e088a89f7e109,2,False,False,False,True
398287081,G02348,آزاددبانو,17170610,,5.0,High,original_p1_high_selected,original_extra_person1_round,medium_high,0.9,1.198107656482396,,test,embargo,False,False,,20260804,f9b1810e611cf7b7c25ea3e15c4f4145a1df7b92435c2953b72e088a89f7e109,2,False,False,False,True
398661074,G00819,sanam1376,17194605,,4.0,Moderate,original_p1_high_selected,original_extra_person1_round,medium_high,0.9,1.0556758388791745,,test,embargo,False,False,,20260804,f9b1810e611cf7b7c25ea3e15c4f4145a1df7b92435c2953b72e088a89f7e109,2,False,False,False,True
398736067,G00718,maryambano_,17199633,beb1928c1b487f29dcdb82ff2f5ca502ea9d8b9497df17963158a5db1acfe0ab,3.425440131591025,Moderate,active_p2_calibrated,active_learning_round,medium,0.65,1.0556758388791745,,val,embargo,False,False,,20260804,f9b1810e611cf7b7c25ea3e15c4f4145a1df7b92435c2953b72e088a89f7e109,2,False,False,False,True
399092758,G00147,ستایا3,17222187,a88462068f4e3ddec23dc11c1a4951dd072f3003c11195a6e615fc94663502b6,1.0942455856950868,Low,active_p2_calibrated,active_learning_round,medium,0.65,0.684177788873456,,test,embargo,False,False,,20260804,f9b1810e611cf7b7c25ea3e15c4f4145a1df7b92435c2953b72e088a89f7e109,2,False,False,False,True
399092814,G00147,arameshm,17222187,f52aa2ba904e7bd4abafc74a72ec4d5caaf5753d4ce9a0731865037d82ea2080,1.0942455856950868,Low,active_p2_calibrated,active_learning_round,medium,0.65,0.684177788873456,,test,embargo,False,False,,20260804,f9b1810e611cf7b7c25ea3e15c4f4145a1df7b92435c2953b72e088a89f7e109,2,False,False,False,True
399783707,G00863,درسانفسم,17267249,45cf24ce9880eeb2f17c2c10d74340cbceaddd3bce5553f44ef49dd264d652a9,4.202504980223004,Moderate,active_p2_calibrated,active_learning_round,medium,0.65,1.0556758388791745,,val,embargo,False,False,,20260804,f9b1810e611cf7b7c25ea3e15c4f4145a1df7b92435c2953b72e088a89f7e109,2,False,False,False,True
400359635,G00892,amirhosein1401,17304474,5aa72ad75c444f59e207d4c834b99ca866c7d8c5ae919cd1b8760c072ae1fabb,4.202504980223004,Moderate,active_p2_calibrated,active_learning_round,medium,0.65,1.0556758388791745,,test,embargo,False,False,,20260804,f9b1810e611cf7b7c25ea3e15c4f4145a1df7b92435c2953b72e088a89f7e109,2,False,False,False,True
400532271,G00204,zsmylove,17315456,7fa6c6a1fc9e0fb3916f55a847da12990d4366d2b71bbf3a4a8fa8e568bc1587,5.7566346774869634,High,active_p2_calibrated,active_learning_round,medium,0.65,1.198107656482396,,val,embargo,False,False,,20260804,f9b1810e611cf7b7c25ea3e15c4f4145a1df7b92435c2953b72e088a89f7e109,2,False,False,False,True
400731285,G00899,زردالوجان,17328063,02b08bcd57400618e2fbf40b2e92fb70231890d08a2b09a0d4a795cec8155d54,2.648375282959045,Low,active_p2_calibrated,active_learning_round,medium,0.65,0.684177788873456,,val,embargo,False,False,,20260804,f9b1810e611cf7b7c25ea3e15c4f4145a1df7b92435c2953b72e088a89f7e109,2,False,False,False,True
400812531,G00845,برگزرد,17326284,2aeb539b968e292fff6ab88e24db545f59542260dec29375fa1a98bf61679df3,2.648375282959045,Low,active_p2_calibrated,active_learning_round,medium,0.65,0.684177788873456,,test,embargo,False,False,,20260804,f9b1810e611cf7b7c25ea3e15c4f4145a1df7b92435c2953b72e088a89f7e109,2,False,False,False,True
400996553,G00905,زرقشنگ،شوخشنگ,17342853,,5.0,High,original_p1_high_selected,original_extra_person1_round,medium_high,0.9,1.198107656482396,,val,embargo,False,False,,20260804,f9b1810e611cf7b7c25ea3e15c4f4145a1df7b92435c2953b72e088a89f7e109,2,False,False,False,True
401053258,G00905,ayda1403,17345544,876c2b3a348d589319debcbf048522cae5becd9f59bc46e7043e57f1421c3662,4.202504980223004,Moderate,active_p2_calibrated,active_learning_round,medium,0.65,1.0556758388791745,,val,embargo,False,False,,20260804,f9b1810e611cf7b7c25ea3e15c4f4145a1df7b92435c2953b72e088a89f7e109,2,False,False,False,True
401099207,G00401,zahragoli1375,17350683,,5.0,High,original_p1_high_selected,original_extra_person1_round,medium_high,0.9,1.198107656482396,,test,embargo,False,False,,20260804,f9b1810e611cf7b7c25ea3e15c4f4145a1df7b92435c2953b72e088a89f7e109,2,False,False,False,True
401100440,G00401,سیب۱۳,17350683,baf99ebaf1efe837800084eccaa0da406e488b2dfe8f4e81bc3de1b16559abb1,4.202504980223004,Moderate,active_p2_calibrated,active_learning_round,medium,0.65,1.0556758388791745,,test,embargo,False,False,,20260804,f9b1810e611cf7b7c25ea3e15c4f4145a1df7b92435c2953b72e088a89f7e109,2,False,False,False,True
401177257,G00911,مامانریحانا,17355922,,6.0,High,original_p1_high_selected,original_extra_person1_round,medium_high,0.9,1.198107656482396,,val,embargo,False,False,,20260804,f9b1810e611cf7b7c25ea3e15c4f4145a1df7b92435c2953b72e088a89f7e109,2,False,False,False,True
401267628,G00911,نفیسه_خانم,17355922,,3.0,Moderate,original_p1_high_selected,original_extra_person1_round,medium_high,0.9,1.0556758388791745,,val,embargo,False,False,,20260804,f9b1810e611cf7b7c25ea3e15c4f4145a1df7b92435c2953b72e088a89f7e109,2,False,False,False,True
401431273,G00635,405سفید,17372353,b066f013240fd07ff034103753aabdb2290535a97fe15297a6fd056bb0275e7d,4.979569828854984,Moderate,active_p2_calibrated,active_learning_round,medium,0.65,1.0556758388791745,,test,embargo,False,False,,20260804,f9b1810e611cf7b7c25ea3e15c4f4145a1df7b92435c2953b72e088a89f7e109,2,False,False,False,True
401479313,G00915,قرقروتسیاه,17375239,3926c1db75734326d61efb93428bcb8f624bc321312f837fa3970fcc51f19bc8,1.0942455856950868,Low,active_p2_calibrated,active_learning_round,medium,0.65,0.684177788873456,,test,embargo,False,False,,20260804,f9b1810e611cf7b7c25ea3e15c4f4145a1df7b92435c2953b72e088a89f7e109,2,False,False,False,True
401668320,G00911,faghtkhoda_66,17387534,,3.0,Moderate,original_p1_high_selected,original_extra_person1_round,medium_high,0.9,1.0556758388791745,,val,embargo,False,False,,20260804,f9b1810e611cf7b7c25ea3e15c4f4145a1df7b92435c2953b72e088a89f7e109,2,False,False,False,True
401934903,G00911,deniiiiiizkhanom,17396111,e5dfc0a6912a6159eca403ad4acd0f4cd8253f670b204ab268d4783fb60a01ef,2.648375282959045,Low,active_p2_calibrated,active_learning_round,medium,0.65,0.684177788873456,,val,embargo,False,False,,20260804,f9b1810e611cf7b7c25ea3e15c4f4145a1df7b92435c2953b72e088a89f7e109,2,False,False,False,True
402312472,G00911,مامانمحمدکیانجون,17428074,1d15d6a35ca1045e0ec12d57b095851df1fda5c58994b0265c5c92e9a4248997,4.202504980223004,Moderate,active_p2_calibrated,active_learning_round,medium,0.65,1.0556758388791745,,val,embargo,False,False,,20260804,f9b1810e611cf7b7c25ea3e15c4f4145a1df7b92435c2953b72e088a89f7e109,2,False,False,False,True
402492603,G00646,ماهان_بانو,17440023,04bb65274fc3b50785a9f6da7f95132aef88cd4655de454a1870d1387da14183,4.202504980223004,Moderate,active_p2_calibrated,active_learning_round,medium,0.65,1.0556758388791745,,val,embargo,False,False,,20260804,f9b1810e611cf7b7c25ea3e15c4f4145a1df7b92435c2953b72e088a89f7e109,2,False,False,False,True
402553592,G00364,حتالب432,17443904,fa7f702fe7d690047dad06e0af0571d9910c72495695e46a1c1aa091f9fd1bbe,7.310764374750923,Very High,active_p2_calibrated,active_learning_round,medium,0.65,1.9253616657292336,,val,embargo,False,False,,20260804,f9b1810e611cf7b7c25ea3e15c4f4145a1df7b92435c2953b72e088a89f7e109,2,False,False,False,True
402658059,G00892,فرحنازتونممممم,17450592,c11cdd287ce47936307cf657fb4b0d9027e13057abd63737c4987a6f5fbfb4a3,1.0942455856950868,Low,active_p2_calibrated,active_learning_round,medium,0.65,0.684177788873456,,test,embargo,False,False,,20260804,f9b1810e611cf7b7c25ea3e15c4f4145a1df7b92435c2953b72e088a89f7e109,2,False,False,False,True
402794985,G00911,faghtkhoda_66,17459307,f8f5d9c6d453063cbd8f518b811359276a60ab9b032b5fedae38fbef74ca366f,2.648375282959045,Low,active_p2_calibrated,active_learning_round,medium,0.65,0.684177788873456,,val,embargo,False,False,,20260804,f9b1810e611cf7b7c25ea3e15c4f4145a1df7b92435c2953b72e088a89f7e109,2,False,False,False,True
402931160,G00911,faghtkhoda_66,17467557,d408e4d9712948efecac5af31ebd801196891ffdc8b3006468fd5f750d90477b,3.425440131591025,Moderate,active_p2_calibrated,active_learning_round,medium,0.65,1.0556758388791745,,val,embargo,False,False,,20260804,f9b1810e611cf7b7c25ea3e15c4f4145a1df7b92435c2953b72e088a89f7e109,2,False,False,False,True
403074704,G00285,مادرشوهرنمونه,17476255,1f9b2b7baa2f70a854050809dc56973ca70dae585b9fa2e3868f9915e0c717ac,2.648375282959045,Low,active_p2_calibrated,active_learning_round,medium,0.65,0.684177788873456,,test,embargo,False,False,,20260804,f9b1810e611cf7b7c25ea3e15c4f4145a1df7b92435c2953b72e088a89f7e109,2,False,False,False,True
403431229,G00943,مامان5000,17499092,45317b1c38d3b1ccf208bbafb745a9182367e709a53c5486ad690e262b538321,1.0942455856950868,Low,active_p2_calibrated,active_learning_round,medium,0.65,0.684177788873456,,test,embargo,False,False,,20260804,f9b1810e611cf7b7c25ea3e15c4f4145a1df7b92435c2953b72e088a89f7e109,2,False,False,False,True
403676979,G00949,milo0o,17514412,dc986c31cf9f7e33303bbb8874db19f622d5143c80873542b3f183539c3e1765,1.0942455856950868,Low,active_p2_calibrated,active_learning_round,medium,0.65,0.684177788873456,,val,embargo,False,False,,20260804,f9b1810e611cf7b7c25ea3e15c4f4145a1df7b92435c2953b72e088a89f7e109,2,False,False,False,True
403833173,G01904,شبدرآویزون,17517109,,3.0,Moderate,original_p1_high_selected,original_extra_person1_round,medium_high,0.9,1.0556758388791745,,test,embargo,False,False,,20260804,f9b1810e611cf7b7c25ea3e15c4f4145a1df7b92435c2953b72e088a89f7e109,2,False,False,False,True
403995809,G00866,22mehrabanbanoo,17535297,,4.0,Moderate,original_p1_high_selected,original_extra_person1_round,medium_high,0.9,1.0556758388791745,,val,embargo,False,False,,20260804,f9b1810e611cf7b7c25ea3e15c4f4145a1df7b92435c2953b72e088a89f7e109,2,False,False,False,True
404055142,G00257,fatemeh__az721,13246423,8761e1c9f87cd5ed785f707350e5519c9ec6fb0cfe932d4b857e77c88779377c,1.0942455856950868,Low,active_p2_calibrated,active_learning_round,medium,0.65,0.684177788873456,,test,embargo,False,False,,20260804,f9b1810e611cf7b7c25ea3e15c4f4145a1df7b92435c2953b72e088a89f7e109,2,False,False,False,True
404110622,G00838,سلنارشیدی,17542403,4128d89ae5ba1e6a8627ddd04843a7f70834327fd9bbb0624cb5e92279b949fe,4.979569828854984,Moderate,active_p2_calibrated,active_learning_round,medium,0.65,1.0556758388791745,,val,embargo,False,False,,20260804,f9b1810e611cf7b7c25ea3e15c4f4145a1df7b92435c2953b72e088a89f7e109,2,False,False,False,True
404416615,G00037,سلوی70سابق,17561336,,6.0,High,original_p1_high_selected,original_extra_person1_round,medium_high,0.9,1.198107656482396,,test,embargo,False,False,,20260804,f9b1810e611cf7b7c25ea3e15c4f4145a1df7b92435c2953b72e088a89f7e109,2,False,False,False,True
404512828,G00961,2hanim,17567281,1abb6013441e7afc117b18165452dd0f3db34748b7d69e18e8ed854b8c111806,1.0942455856950868,Low,active_p2_calibrated,active_learning_round,medium,0.65,0.684177788873456,,val,embargo,False,False,,20260804,f9b1810e611cf7b7c25ea3e15c4f4145a1df7b92435c2953b72e088a89f7e109,2,False,False,False,True
404737473,G00863,درسانفسم,17581984,6e8f45076080e8af4c8b1e0e5f3fd756c390702f8c869c9472ba3126504a70f8,2.648375282959045,Low,active_p2_calibrated,active_learning_round,medium,0.65,0.684177788873456,,val,embargo,False,False,,20260804,f9b1810e611cf7b7c25ea3e15c4f4145a1df7b92435c2953b72e088a89f7e109,2,False,False,False,True
404874144,G00845,صبورسابق,17590773,5f49d0f41d0b70da0dfffa28fbed33ab984ce036ba2c9eaf0acadc5be8a4c225,3.425440131591025,Moderate,active_p2_calibrated,active_learning_round,medium,0.65,1.0556758388791745,,test,embargo,False,False,,20260804,f9b1810e611cf7b7c25ea3e15c4f4145a1df7b92435c2953b72e088a89f7e109,2,False,False,False,True
404875924,G00845,برگزرد,17590773,c0db0a83d3cafd16814bea51e78e851f3a5f64b082d6f5f48e81e297ece08d39,2.648375282959045,Low,active_p2_calibrated,active_learning_round,medium,0.65,0.684177788873456,,test,embargo,False,False,,20260804,f9b1810e611cf7b7c25ea3e15c4f4145a1df7b92435c2953b72e088a89f7e109,2,False,False,False,True
404877598,G00845,برگزرد,17590773,,4.0,Moderate,original_p1_high_selected,original_extra_person1_round,medium_high,0.9,1.0556758388791745,,test,embargo,False,False,,20260804,f9b1810e611cf7b7c25ea3e15c4f4145a1df7b92435c2953b72e088a89f7e109,2,False,False,False,True
404878355,G00845,صبورسابق,17590773,8e1075133d6df4b6478d61d62e22337edb1f21e99c3c0f2bd1071b663f3f30a8,1.0942455856950868,Low,active_p2_calibrated,active_learning_round,medium,0.65,0.684177788873456,,test,embargo,False,False,,20260804,f9b1810e611cf7b7c25ea3e15c4f4145a1df7b92435c2953b72e088a89f7e109,2,False,False,False,True
404897024,G00967,shaghayeghabi,17585956,859c563be56893ee8743222e4c88dae5ea18bbb3ea1be964bd7d699565a4d531,1.871310434327066,Low,active_p2_calibrated,active_learning_round,medium,0.65,0.684177788873456,,test,embargo,False,False,,20260804,f9b1810e611cf7b7c25ea3e15c4f4145a1df7b92435c2953b72e088a89f7e109,2,False,False,False,True
404917986,G00968,royaaa26,17593647,f45fbd762eeeb4b6f7c7fcb759ca6abf5a77a46def7ff24282d304f50f54bc3d,1.0942455856950868,Low,active_p2_calibrated,active_learning_round,medium,0.65,0.684177788873456,,test,embargo,False,False,,20260804,f9b1810e611cf7b7c25ea3e15c4f4145a1df7b92435c2953b72e088a89f7e109,2,False,False,False,True
405025157,G00971,کاربر_معمولی,17601028,fbf9aaa894a6b29f07dc14c749b2a5a95207f5d972ef18e56e14d8ca7195e009,1.871310434327066,Low,active_p2_calibrated,active_learning_round,medium,0.65,0.684177788873456,,val,embargo,False,False,,20260804,f9b1810e611cf7b7c25ea3e15c4f4145a1df7b92435c2953b72e088a89f7e109,2,False,False,False,True
405157931,G00973,roz79,17609623,ad3f63d99422cbf93d846765da7cfe251f45dcd258c64237091c25ffdf0bfd4a,7.310764374750923,Very High,active_p2_calibrated,active_learning_round,medium,0.65,1.9253616657292336,,val,embargo,False,False,,20260804,f9b1810e611cf7b7c25ea3e15c4f4145a1df7b92435c2953b72e088a89f7e109,2,False,False,False,True
405298334,G00845,shafagh,17618170,2cc7413629558a501daa58d592f21438cb3b98507bbc15b074e12ddca3962ebc,1.871310434327066,Low,active_p2_calibrated,active_learning_round,medium,0.65,0.684177788873456,,test,embargo,False,False,,20260804,f9b1810e611cf7b7c25ea3e15c4f4145a1df7b92435c2953b72e088a89f7e109,2,False,False,False,True
405387809,G00943,مامان5000,17623435,,3.0,Moderate,original_p1_high_selected,original_extra_person1_round,medium_high,0.9,1.0556758388791745,,test,embargo,False,False,,20260804,f9b1810e611cf7b7c25ea3e15c4f4145a1df7b92435c2953b72e088a89f7e109,2,False,False,False,True
405401882,G00845,برگزرد,17618170,,6.0,High,original_p1_high_selected,original_extra_person1_round,medium_high,0.9,1.198107656482396,,test,embargo,False,False,,20260804,f9b1810e611cf7b7c25ea3e15c4f4145a1df7b92435c2953b72e088a89f7e109,2,False,False,False,True
405733667,G00285,7878eli,17644969,fafac74c84b1d60175e4c9bbe355a5f0a6140aeba65d3b249be633fa005840e3,1.0942455856950868,Low,active_p2_calibrated,active_learning_round,medium,0.65,0.684177788873456,,test,embargo,False,False,,20260804,f9b1810e611cf7b7c25ea3e15c4f4145a1df7b92435c2953b72e088a89f7e109,2,False,False,False,True
405738505,G00977,بانوووووو,17645222,4899b9b5608cc6d29f0ac117ce892a1a62bd515ac5bcf10408677ff5ccfe5604,1.0942455856950868,Low,active_p2_calibrated,active_learning_round,medium,0.65,0.684177788873456,,test,embargo,False,False,,20260804,f9b1810e611cf7b7c25ea3e15c4f4145a1df7b92435c2953b72e088a89f7e109,2,False,False,False,True
406026573,G00961,2hanim,17662301,7b1b8965971db94c04f8c536acb87050499376d80bcf78b46698067a22c5822a,1.0942455856950868,Low,active_p2_calibrated,active_learning_round,medium,0.65,0.684177788873456,,val,embargo,False,False,,20260804,f9b1810e611cf7b7c25ea3e15c4f4145a1df7b92435c2953b72e088a89f7e109,2,False,False,False,True
406428612,G00991,parvan1368,17683382,740b4c38586ebf2b6b71c89bd4ed3e30e491620f31b4a501ef39dddfd9a09482,1.0942455856950868,Low,active_p2_calibrated,active_learning_round,medium,0.65,0.684177788873456,,val,embargo,False,False,,20260804,f9b1810e611cf7b7c25ea3e15c4f4145a1df7b92435c2953b72e088a89f7e109,2,False,False,False,True
406690700,G01938,چقاله,17693690,,6.0,High,original_p1_high_selected,original_extra_person1_round,medium_high,0.9,1.198107656482396,,val,embargo,False,False,,20260804,f9b1810e611cf7b7c25ea3e15c4f4145a1df7b92435c2953b72e088a89f7e109,2,False,False,False,True
406761111,G00949,milo0o,17699374,9851957f024fceffd5bdf57a1e9b833735a5eb73305fbd483ef1460135cef65b,1.0942455856950868,Low,active_p2_calibrated,active_learning_round,medium,0.65,0.684177788873456,,val,embargo,False,False,,20260804,f9b1810e611cf7b7c25ea3e15c4f4145a1df7b92435c2953b72e088a89f7e109,2,False,False,False,True
406886231,G00991,آیلیی,17705910,,6.0,High,original_p1_high_selected,original_extra_person1_round,medium_high,0.9,1.198107656482396,,val,embargo,False,False,,20260804,f9b1810e611cf7b7c25ea3e15c4f4145a1df7b92435c2953b72e088a89f7e109,2,False,False,False,True
407272505,G01006,setayesh_h72,17726338,,5.0,High,original_p1_high_selected,original_extra_person1_round,medium_high,0.9,1.198107656482396,,test,embargo,False,False,,20260804,f9b1810e611cf7b7c25ea3e15c4f4145a1df7b92435c2953b72e088a89f7e109,2,False,False,False,True
407274541,G01006,یوتاب147,17726338,,7.0,Very High,original_p1_high_selected,original_extra_person1_round,medium_high,0.9,1.9253616657292336,,test,embargo,False,False,,20260804,f9b1810e611cf7b7c25ea3e15c4f4145a1df7b92435c2953b72e088a89f7e109,2,False,False,False,True
407275081,G01006,یوتاب147,17726338,516da2037f5b69b76f16ee9d9936eb45a154c9105659c2de46190db888386cff,4.979569828854984,Moderate,active_p2_calibrated,active_learning_round,medium,0.65,1.0556758388791745,,test,embargo,False,False,,20260804,f9b1810e611cf7b7c25ea3e15c4f4145a1df7b92435c2953b72e088a89f7e109,2,False,False,False,True
407770523,G00021,گیسوووووییی,17753673,7a6eca50d382c5e0f7118cf1e3bbf7ed1ada8c769d52cae9b3b1cfca33ff58e6,5.7566346774869634,High,active_p2_calibrated,active_learning_round,medium,0.65,1.198107656482396,,val,embargo,False,False,,20260804,f9b1810e611cf7b7c25ea3e15c4f4145a1df7b92435c2953b72e088a89f7e109,2,False,False,False,True
407973491,G01016,فاطمه8883,17764965,,9.0,Very High,original_p1_high_selected,original_extra_person1_round,medium_high,0.9,1.9253616657292336,,test,embargo,False,False,,20260804,f9b1810e611cf7b7c25ea3e15c4f4145a1df7b92435c2953b72e088a89f7e109,2,False,False,False,True
407974252,G01016,فاطمه8883,17764965,ebcfac118f185e15cc38b736f9f4cefb6bbcaaf22e6f77f0ec8c06d64ebfff5c,6.533699526118942,High,active_p2_calibrated,active_learning_round,medium,0.65,1.198107656482396,,test,embargo,False,False,,20260804,f9b1810e611cf7b7c25ea3e15c4f4145a1df7b92435c2953b72e088a89f7e109,2,False,False,False,True
407978532,G01016,3kerista,17764965,d97357713f6f1487fad3f0b3b7e5adb84c728c9f67dce57796feccd97b291152,1.0942455856950868,Low,active_p2_calibrated,active_learning_round,medium,0.65,0.684177788873456,,test,embargo,False,False,,20260804,f9b1810e611cf7b7c25ea3e15c4f4145a1df7b92435c2953b72e088a89f7e109,2,False,False,False,True
408500145,G01027,_elle_,17796492,,5.0,High,original_p1_high_selected,original_extra_person1_round,medium_high,0.9,1.198107656482396,,test,embargo,False,False,,20260804,f9b1810e611cf7b7c25ea3e15c4f4145a1df7b92435c2953b72e088a89f7e109,2,False,False,False,True
408503532,G00961,پرنیان259,17796779,f46b8811c8d1b8dc7e7d8b8099de307e1e1210189f384007fae822a4ae674645,1.871310434327066,Low,active_p2_calibrated,active_learning_round,medium,0.65,0.684177788873456,,val,embargo,False,False,,20260804,f9b1810e611cf7b7c25ea3e15c4f4145a1df7b92435c2953b72e088a89f7e109,2,False,False,False,True
408590231,G00364,حتالب432,17801977,,7.0,Very High,original_p1_high_selected,original_extra_person1_round,medium_high,0.9,1.9253616657292336,,val,embargo,False,False,,20260804,f9b1810e611cf7b7c25ea3e15c4f4145a1df7b92435c2953b72e088a89f7e109,2,False,False,False,True
409431043,G02372,saraaaa100,17850669,,4.0,Moderate,original_p1_high_selected,original_extra_person1_round,medium_high,0.9,1.0556758388791745,,test,embargo,False,False,,20260804,f9b1810e611cf7b7c25ea3e15c4f4145a1df7b92435c2953b72e088a89f7e109,2,False,False,False,True
409509676,G01055,مهربون1366,17854688,262db6ab8af543112f8e376572dd7d1113c0a33ccc9e306e71b88c9f8f982ff0,1.0942455856950868,Low,active_p2_calibrated,active_learning_round,medium,0.65,0.684177788873456,,val,embargo,False,False,,20260804,f9b1810e611cf7b7c25ea3e15c4f4145a1df7b92435c2953b72e088a89f7e109,2,False,False,False,True
409648563,G01055,____برکه____,17854688,d6e19da0f7bca573f6df55af0a2d3c420f4b0800a6eca92c0d1bce0696b7777a,1.871310434327066,Low,active_p2_calibrated,active_learning_round,medium,0.65,0.684177788873456,,val,embargo,False,False,,20260804,f9b1810e611cf7b7c25ea3e15c4f4145a1df7b92435c2953b72e088a89f7e109,2,False,False,False,True
409746931,G01057,بهاری00,17868062,,4.0,Moderate,original_p1_high_selected,original_extra_person1_round,medium_high,0.9,1.0556758388791745,,val,embargo,False,False,,20260804,f9b1810e611cf7b7c25ea3e15c4f4145a1df7b92435c2953b72e088a89f7e109,2,False,False,False,True
409749472,G01057,بهاری00,17868062,a5acf550e473fafa2cc474f73965b816ee53be35ae4da4b20293354c9d8fa4cf,2.648375282959045,Low,active_p2_calibrated,active_learning_round,medium,0.65,0.684177788873456,,val,embargo,False,False,,20260804,f9b1810e611cf7b7c25ea3e15c4f4145a1df7b92435c2953b72e088a89f7e109,2,False,False,False,True
409854684,G00293,محمدجوادعشق,17873990,d12828ddea5caf0c1101be88f4deafd01b08756885e4805cee12a652767ac133,4.979569828854984,Moderate,active_p2_calibrated,active_learning_round,medium,0.65,1.0556758388791745,,test,embargo,False,False,,20260804,f9b1810e611cf7b7c25ea3e15c4f4145a1df7b92435c2953b72e088a89f7e109,2,False,False,False,True
409859268,G00456,ماهی_برکه_کاشی,17874222,,3.0,Moderate,original_p1_high_selected,original_extra_person1_round,medium_high,0.9,1.0556758388791745,,val,embargo,False,False,,20260804,f9b1810e611cf7b7c25ea3e15c4f4145a1df7b92435c2953b72e088a89f7e109,2,False,False,False,True
409861052,G00293,جولیا۱۳۷۳ms,17873990,,4.0,Moderate,original_p1_high_selected,original_extra_person1_round,medium_high,0.9,1.0556758388791745,,test,embargo,False,False,,20260804,f9b1810e611cf7b7c25ea3e15c4f4145a1df7b92435c2953b72e088a89f7e109,2,False,False,False,True
410072573,G00456,atlanticme,17874222,e35288953294d21ab7a4365176127bca966df9e2d68aca862edc63c92862baf6,2.648375282959045,Low,active_p2_calibrated,active_learning_round,medium,0.65,0.684177788873456,,val,embargo,False,False,,20260804,f9b1810e611cf7b7c25ea3e15c4f4145a1df7b92435c2953b72e088a89f7e109,2,False,False,False,True
410149439,G01016,فاطمه8883,17891123,80d2af55b2f1084caa30c90fdaed9e90a28bcb4b7d0f8ae57c34f0158ccc643d,3.425440131591025,Moderate,active_p2_calibrated,active_learning_round,medium,0.65,1.0556758388791745,,test,embargo,False,False,,20260804,f9b1810e611cf7b7c25ea3e15c4f4145a1df7b92435c2953b72e088a89f7e109,2,False,False,False,True
410167083,G01065,lhcxgjdzhkgcgxjsjf,17892264,92da80f2654544654fb09e44b517539bb1f92fb832fbc6e8eb9a381333213b97,3.425440131591025,Moderate,active_p2_calibrated,active_learning_round,medium,0.65,1.0556758388791745,,test,embargo,False,False,,20260804,f9b1810e611cf7b7c25ea3e15c4f4145a1df7b92435c2953b72e088a89f7e109,2,False,False,False,True
410829783,G01075,بهار2124,17929223,a0ea0dae73a11f06e8563d68f20f53a0af7b669980914d5c39d920492b91b38b,1.0942455856950868,Low,active_p2_calibrated,active_learning_round,medium,0.65,0.684177788873456,,test,embargo,False,False,,20260804,f9b1810e611cf7b7c25ea3e15c4f4145a1df7b92435c2953b72e088a89f7e109,2,False,False,False,True
411085354,G00967,خانم_مهندس_سایتم,17944012,1e1d6b6a25816d5b18d4227fcb7136af2ac1d6bc15056e3c3139251c5c1dd32a,2.648375282959045,Low,active_p2_calibrated,active_learning_round,medium,0.65,0.684177788873456,,test,embargo,False,False,,20260804,f9b1810e611cf7b7c25ea3e15c4f4145a1df7b92435c2953b72e088a89f7e109,2,False,False,False,True
411389808,G01083,روااااااااانی,17961823,db06c109f8300d08bcb1909baa1c13cefce252f4560baf1fb4191bf3962463f3,5.7566346774869634,High,active_p2_calibrated,active_learning_round,medium,0.65,1.198107656482396,,val,embargo,False,False,,20260804,f9b1810e611cf7b7c25ea3e15c4f4145a1df7b92435c2953b72e088a89f7e109,2,False,False,False,True
411426955,G02341,snmm,17964148,,7.0,Very High,original_p1_high_selected,original_extra_person1_round,medium_high,0.9,1.9253616657292336,,val,embargo,False,False,,20260804,f9b1810e611cf7b7c25ea3e15c4f4145a1df7b92435c2953b72e088a89f7e109,2,False,False,False,True
411594441,G00863,dr_zah,17973376,e412283c3c7952627895989c2bf778f177e40f024dc4405ff1e256364d908a23,1.0942455856950868,Low,active_p2_calibrated,active_learning_round,medium,0.65,0.684177788873456,,val,embargo,False,False,,20260804,f9b1810e611cf7b7c25ea3e15c4f4145a1df7b92435c2953b72e088a89f7e109,2,False,False,False,True
411696743,G01094,foorogh,17978956,a56b8aed56cdc4c624a483a9fe244b35a693a43e2717c34fc1708bd2f805d4e9,1.0942455856950868,Low,active_p2_calibrated,active_learning_round,medium,0.65,0.684177788873456,,val,embargo,False,False,,20260804,f9b1810e611cf7b7c25ea3e15c4f4145a1df7b92435c2953b72e088a89f7e109,2,False,False,False,True
411784759,G01102,توییتی۲۰۲۱,17983882,1ab80e801fd3f28b0af631af77f0211e3f2835ec5cc58ae695fc2c4170b1d290,1.0942455856950868,Low,active_p2_calibrated,active_learning_round,medium,0.65,0.684177788873456,,val,embargo,False,False,,20260804,f9b1810e611cf7b7c25ea3e15c4f4145a1df7b92435c2953b72e088a89f7e109,2,False,False,False,True
411784860,G01102,fati74ج,17983882,d6cdf5c7db0ce2e7c6b511e1d183bb3332e54c093e6a9429fb371c4fc1e2cdca,4.979569828854984,Moderate,active_p2_calibrated,active_learning_round,medium,0.65,1.0556758388791745,,val,embargo,False,False,,20260804,f9b1810e611cf7b7c25ea3e15c4f4145a1df7b92435c2953b72e088a89f7e109,2,False,False,False,True
411804042,G00609,هستی_تنها1,17984946,,6.0,High,original_p1_high_selected,original_extra_person1_round,medium_high,0.9,1.198107656482396,,val,embargo,False,False,,20260804,f9b1810e611cf7b7c25ea3e15c4f4145a1df7b92435c2953b72e088a89f7e109,2,False,False,False,True
411835914,G01103,sinjin,17986448,2f10d899f3866ee6c3350ffa0a30ef995042af9b36f8fd96eb2557d74b042874,3.425440131591025,Moderate,active_p2_calibrated,active_learning_round,medium,0.65,1.0556758388791745,,test,embargo,False,False,,20260804,f9b1810e611cf7b7c25ea3e15c4f4145a1df7b92435c2953b72e088a89f7e109,2,False,False,False,True
411860604,G01017,دوست_دارم_زندگی_رو,17987797,cadca641fbf4e2d5ec88d11d86d0588acadc08428d5fdbac4c2b96af14861d53,1.0942455856950868,Low,active_p2_calibrated,active_learning_round,medium,0.65,0.684177788873456,,val,embargo,False,False,,20260804,f9b1810e611cf7b7c25ea3e15c4f4145a1df7b92435c2953b72e088a89f7e109,2,False,False,False,True
411895763,G01240,ساراخانمیa,17989683,,3.0,Moderate,original_p1_high_selected,original_extra_person1_round,medium_high,0.9,1.0556758388791745,,test,embargo,False,False,,20260804,f9b1810e611cf7b7c25ea3e15c4f4145a1df7b92435c2953b72e088a89f7e109,2,False,False,False,True
411965618,G01119,nmanotoh,17993716,,7.0,Very High,original_p1_high_selected,original_extra_person1_round,medium_high,0.9,1.9253616657292336,,test,embargo,False,False,,20260804,f9b1810e611cf7b7c25ea3e15c4f4145a1df7b92435c2953b72e088a89f7e109,2,False,False,False,True
411966316,G01119,من_همونم_که_یه_روز,17993716,9667b592f386a22162cb1d66492b7b47978b48b0143ac3e44912c17f4152615d,1.0942455856950868,Low,active_p2_calibrated,active_learning_round,medium,0.65,0.684177788873456,,test,embargo,False,False,,20260804,f9b1810e611cf7b7c25ea3e15c4f4145a1df7b92435c2953b72e088a89f7e109,2,False,False,False,True
412332127,G01140,دلبرخفته,18014635,,6.0,High,original_p1_high_selected,original_extra_person1_round,medium_high,0.9,1.198107656482396,,val,embargo,False,False,,20260804,f9b1810e611cf7b7c25ea3e15c4f4145a1df7b92435c2953b72e088a89f7e109,2,False,False,False,True
412335691,G01140,دلبرخفته,18014635,44877fcef13f21798ca54d3a701cc2884db4af2772b310b3ce941bf1a6365a46,1.0942455856950868,Low,active_p2_calibrated,active_learning_round,medium,0.65,0.684177788873456,,val,embargo,False,False,,20260804,f9b1810e611cf7b7c25ea3e15c4f4145a1df7b92435c2953b72e088a89f7e109,2,False,False,False,True
412335949,G01140,دخترکوردنازار,18014635,,3.0,Moderate,original_p1_high_selected,original_extra_person1_round,medium_high,0.9,1.0556758388791745,,val,embargo,False,False,,20260804,f9b1810e611cf7b7c25ea3e15c4f4145a1df7b92435c2953b72e088a89f7e109,2,False,False,False,True
412338267,G01140,کفالعباس,18014635,cfe2599e7415794372e5d679f38678d9f3db0f7ceae00ba310bf2c33d08236cb,1.0942455856950868,Low,active_p2_calibrated,active_learning_round,medium,0.65,0.684177788873456,,val,embargo,False,False,,20260804,f9b1810e611cf7b7c25ea3e15c4f4145a1df7b92435c2953b72e088a89f7e109,2,False,False,False,True
412723249,G00129,yeshiiim,18037250,bbf326e9892faccf708fbea45b897e9b9cc2d205d3a4d9e8630c86800eee2e15,1.871310434327066,Low,active_p2_calibrated,active_learning_round,medium,0.65,0.684177788873456,,val,embargo,False,False,,20260804,f9b1810e611cf7b7c25ea3e15c4f4145a1df7b92435c2953b72e088a89f7e109,2,False,False,False,True
412841863,G01164,شب_مهتابی۶۶,18043594,,6.0,High,original_p1_high_selected,original_extra_person1_round,medium_high,0.9,1.198107656482396,,val,embargo,False,False,,20260804,f9b1810e611cf7b7c25ea3e15c4f4145a1df7b92435c2953b72e088a89f7e109,2,False,False,False,True
412843154,G01164,makaaan,18043594,79da8848a3362099a69635ca63f4fc91e77cf4ffb3875b4ece6a82896078bb8d,1.0942455856950868,Low,active_p2_calibrated,active_learning_round,medium,0.65,0.684177788873456,,val,embargo,False,False,,20260804,f9b1810e611cf7b7c25ea3e15c4f4145a1df7b92435c2953b72e088a89f7e109,2,False,False,False,True
412844090,G01164,solmaz1377,18043594,,7.0,Very High,original_p1_high_selected,original_extra_person1_round,medium_high,0.9,1.9253616657292336,,val,embargo,False,False,,20260804,f9b1810e611cf7b7c25ea3e15c4f4145a1df7b92435c2953b72e088a89f7e109,2,False,False,False,True
412845601,G01164,nazklmahkol,18043594,,5.0,High,original_p1_high_selected,original_extra_person1_round,medium_high,0.9,1.198107656482396,,val,embargo,False,False,,20260804,f9b1810e611cf7b7c25ea3e15c4f4145a1df7b92435c2953b72e088a89f7e109,2,False,False,False,True
412884297,G00863,niii8iiii,18046019,b3cef91d26acf8b7675018a01330ced03aaa5e032b5b6a4bcddcfdf890344f75,1.871310434327066,Low,active_p2_calibrated,active_learning_round,medium,0.65,0.684177788873456,,val,embargo,False,False,,20260804,f9b1810e611cf7b7c25ea3e15c4f4145a1df7b92435c2953b72e088a89f7e109,2,False,False,False,True
412884623,G00863,درسانفسم,18046019,fed409e2ef1f93b62d7ee35dd05606c08cd22e2fa511b42c7a8105d0d0b32194,5.7566346774869634,High,active_p2_calibrated,active_learning_round,medium,0.65,1.198107656482396,,val,embargo,False,False,,20260804,f9b1810e611cf7b7c25ea3e15c4f4145a1df7b92435c2953b72e088a89f7e109,2,False,False,False,True
412937347,G01094,mopiiii,18049096,d32cd7308fd24de753cfd03d149294491cdc3ca7fd7747aa8d8ec9e4b6295a38,3.425440131591025,Moderate,active_p2_calibrated,active_learning_round,medium,0.65,1.0556758388791745,,val,embargo,False,False,,20260804,f9b1810e611cf7b7c25ea3e15c4f4145a1df7b92435c2953b72e088a89f7e109,2,False,False,False,True
412947090,G01100,sisi_turk,18049446,af5262cfe7efecfd388477f3aa01694b7dee3620a6f46c0ee5f42f213526abb4,2.648375282959045,Low,active_p2_calibrated,active_learning_round,medium,0.65,0.684177788873456,,test,embargo,False,False,,20260804,f9b1810e611cf7b7c25ea3e15c4f4145a1df7b92435c2953b72e088a89f7e109,2,False,False,False,True
412950681,G01100,بیتا7667,18049446,0542e830a28e944668d64010606609868da4c26ca5562b99deb436e97e47d61e,1.0942455856950868,Low,active_p2_calibrated,active_learning_round,medium,0.65,0.684177788873456,,test,embargo,False,False,,20260804,f9b1810e611cf7b7c25ea3e15c4f4145a1df7b92435c2953b72e088a89f7e109,2,False,False,False,True
412954877,G01100,شلاب,18049446,db6caea943ea7be15cdada5e8bef879de6468ecf1843befc9b749c64c4a27fa0,1.871310434327066,Low,active_p2_calibrated,active_learning_round,medium,0.65,0.684177788873456,,test,embargo,False,False,,20260804,f9b1810e611cf7b7c25ea3e15c4f4145a1df7b92435c2953b72e088a89f7e109,2,False,False,False,True
412974659,G01172,bi_khial,18051071,733fe293e9b71cff16bd27e82ac25eddb4a2902b17fbc7b81266139bf33f1c0a,1.0942455856950868,Low,active_p2_calibrated,active_learning_round,medium,0.65,0.684177788873456,,test,embargo,False,False,,20260804,f9b1810e611cf7b7c25ea3e15c4f4145a1df7b92435c2953b72e088a89f7e109,2,False,False,False,True
413066274,G01178,جدع_جان,18056507,4c4cf9d304f501e160d8b21c6e697c291273751030a2852bcbcecb76c168a5ea,1.0942455856950868,Low,active_p2_calibrated,active_learning_round,medium,0.65,0.684177788873456,,val,embargo,False,False,,20260804,f9b1810e611cf7b7c25ea3e15c4f4145a1df7b92435c2953b72e088a89f7e109,2,False,False,False,True
413067630,G01178,sholum,18056507,82dd2d6c7f7018f937b07409ce92ed8f9a5b7723f071b2e0410c117bdfa887aa,2.648375282959045,Low,active_p2_calibrated,active_learning_round,medium,0.65,0.684177788873456,,val,embargo,False,False,,20260804,f9b1810e611cf7b7c25ea3e15c4f4145a1df7b92435c2953b72e088a89f7e109,2,False,False,False,True
413176214,G01181,aysanjamali,18062791,1501cd43e83a24dd3751531f5750901dd38da5e8dd9f966ecc76d503a0ac17b6,1.0942455856950868,Low,active_p2_calibrated,active_learning_round,medium,0.65,0.684177788873456,,val,embargo,False,False,,20260804,f9b1810e611cf7b7c25ea3e15c4f4145a1df7b92435c2953b72e088a89f7e109,2,False,False,False,True
413451764,G00609,استیک_بیسترو,18086824,60a38bb4636b8285ffd93cb61b3ea6b76d7c43386189c7c53a0dc32118fe35d1,1.0942455856950868,Low,active_p2_calibrated,active_learning_round,medium,0.65,0.684177788873456,,val,embargo,False,False,,20260804,f9b1810e611cf7b7c25ea3e15c4f4145a1df7b92435c2953b72e088a89f7e109,2,False,False,False,True
413462256,G01212,sanaz_tb_90,18087813,02fd84d794146d0dae6b6f43094a05049abc92266f8e669ba235508d8c9ee144,1.0942455856950868,Low,active_p2_calibrated,active_learning_round,medium,0.65,0.684177788873456,,test,embargo,False,False,,20260804,f9b1810e611cf7b7c25ea3e15c4f4145a1df7b92435c2953b72e088a89f7e109,2,False,False,False,True
413539821,G00985,daرامینsev,18094810,b182f2132f34712dfa66532476870f7f77621e5e34bd93d6880526b5459be4a5,3.425440131591025,Moderate,active_p2_calibrated,active_learning_round,medium,0.65,1.0556758388791745,,val,embargo,False,False,,20260804,f9b1810e611cf7b7c25ea3e15c4f4145a1df7b92435c2953b72e088a89f7e109,2,False,False,False,True
413722187,G01240,sani_22,18114853,2051d1d0709b73c866abff0e8848fe18a88008ea4c3e13d13318e984b6a5627d,1.0942455856950868,Low,active_p2_calibrated,active_learning_round,medium,0.65,0.684177788873456,,test,embargo,False,False,,20260804,f9b1810e611cf7b7c25ea3e15c4f4145a1df7b92435c2953b72e088a89f7e109,2,False,False,False,True
413756592,G01244,گلی_در_خانه_پدری,18114538,a2cd77e604b3c78378bc3a43cada7fdabdb1353c51bf2391e78fd4c38c692708,1.0942455856950868,Low,active_p2_calibrated,active_learning_round,medium,0.65,0.684177788873456,,val,embargo,False,False,,20260804,f9b1810e611cf7b7c25ea3e15c4f4145a1df7b92435c2953b72e088a89f7e109,2,False,False,False,True
413757547,G01244,گلی_در_خانه_پدری,18118567,,3.0,Moderate,original_p1_high_selected,original_extra_person1_round,medium_high,0.9,1.0556758388791745,,val,embargo,False,False,,20260804,f9b1810e611cf7b7c25ea3e15c4f4145a1df7b92435c2953b72e088a89f7e109,2,False,False,False,True
413757936,G01244,رقص_شاپرک,18118567,f83b7b28ac17c10547b16a6b666b1d9475403765498f3ecfa75e86089f9d8fe9,1.0942455856950868,Low,active_p2_calibrated,active_learning_round,medium,0.65,0.684177788873456,,val,embargo,False,False,,20260804,f9b1810e611cf7b7c25ea3e15c4f4145a1df7b92435c2953b72e088a89f7e109,2,False,False,False,True
413878972,G01212,satin,18132257,,6.0,High,original_p1_high_selected,original_extra_person1_round,medium_high,0.9,1.198107656482396,,test,embargo,False,False,,20260804,f9b1810e611cf7b7c25ea3e15c4f4145a1df7b92435c2953b72e088a89f7e109,2,False,False,False,True
413940469,G01258,jigilipigilii,18138732,7a1d79ec2aff33707222ca05e621c6b0461d26e2b50208987438e332483ff022,1.871310434327066,Low,active_p2_calibrated,active_learning_round,medium,0.65,0.684177788873456,,test,embargo,False,False,,20260804,f9b1810e611cf7b7c25ea3e15c4f4145a1df7b92435c2953b72e088a89f7e109,2,False,False,False,True
413978501,G00651,mizaniiii,18143508,,6.0,High,original_p1_high_selected,original_extra_person1_round,medium_high,0.9,1.198107656482396,,test,embargo,False,False,,20260804,f9b1810e611cf7b7c25ea3e15c4f4145a1df7b92435c2953b72e088a89f7e109,2,False,False,False,True
413991080,G01307,آباندخت_کوچک,18144901,,4.0,Moderate,original_p1_high_selected,original_extra_person1_round,medium_high,0.9,1.0556758388791745,,val,embargo,False,False,,20260804,f9b1810e611cf7b7c25ea3e15c4f4145a1df7b92435c2953b72e088a89f7e109,2,False,False,False,True
thread_10337204_مامان_اولی_۷۸_1401/11/22 19:50,G00041,مامان_اولی_۷۸,10337204,144c18faa88e71714b78f23f5406a28c682d67963511dfede8c1c49ad5fc1570,1.0942455856950868,Low,active_p2_calibrated,active_learning_round,medium,0.65,0.684177788873456,,test,embargo,False,False,,20260804,f9b1810e611cf7b7c25ea3e15c4f4145a1df7b92435c2953b72e088a89f7e109,2,False,False,False,True
thread_10463916_h_dolunay_1401/12/08 14:54,G00034,h_dolunay,10463916,,5.0,High,original_p1_high_selected,original_extra_person1_round,medium_high,0.9,1.198107656482396,,test,embargo,False,False,,20260804,f9b1810e611cf7b7c25ea3e15c4f4145a1df7b92435c2953b72e088a89f7e109,2,False,False,False,True
thread_10473889_starter,G01340,nazzzbanooo,10473889,,6.0,High,original_p1_high_selected,original_extra_person1_round,medium_high,0.9,1.198107656482396,,test,embargo,False,False,,20260804,f9b1810e611cf7b7c25ea3e15c4f4145a1df7b92435c2953b72e088a89f7e109,2,False,False,False,True
thread_10871543_starter,G01340,__tahsirinazgol,10871543,1adedb4830b8574ece69a12bc841c69d563df475615956de30e3afa8dfe0820a,4.979569828854984,Moderate,active_p2_calibrated,active_learning_round,medium,0.65,1.0556758388791745,,test,embargo,False,False,,20260804,f9b1810e611cf7b7c25ea3e15c4f4145a1df7b92435c2953b72e088a89f7e109,2,False,False,False,True
thread_11293496_starter,G00289,امیدوار۴۰۱,11293496,d7aa7a4c50c26bc30f650a17cc32833bc4df9d4f6dff174aa47a81b85f8f8036,6.533699526118942,High,active_p2_calibrated,active_learning_round,medium,0.65,1.198107656482396,,val,embargo,False,False,,20260804,f9b1810e611cf7b7c25ea3e15c4f4145a1df7b92435c2953b72e088a89f7e109,2,False,False,False,True
thread_11467811_سپاسه_1402/04/12 15:27,G00715,سپاسه,11467811,,4.0,Moderate,original_p1_high_selected,original_extra_person1_round,medium_high,0.9,1.0556758388791745,,test,embargo,False,False,,20260804,f9b1810e611cf7b7c25ea3e15c4f4145a1df7b92435c2953b72e088a89f7e109,2,False,False,False,True
thread_11472706_starter,G00058,babayedokhtaram,11472706,,10.0,Very High,original_p1_high_selected,original_extra_person1_round,medium_high,0.9,1.9253616657292336,,test,embargo,False,False,,20260804,f9b1810e611cf7b7c25ea3e15c4f4145a1df7b92435c2953b72e088a89f7e109,2,False,False,False,True
thread_12074977_starter,G00108,سادنا۱,12074977,6ab0f66d2b2ecdfe3b310e2857ab04f8772d368874bff5ae51ca2a80333bea0c,5.7566346774869634,High,active_p2_calibrated,active_learning_round,medium,0.65,1.198107656482396,,test,embargo,False,False,,20260804,f9b1810e611cf7b7c25ea3e15c4f4145a1df7b92435c2953b72e088a89f7e109,2,False,False,False,True
thread_12081336_diana140000000_1402/06/30 15:38,G01390,diana140000000,12081336,1b16fb3a5de83a1d0eb6e141eea3c0bcee9be8813d17cb66369f3e88aeca8f3a,1.871310434327066,Low,active_p2_calibrated,active_learning_round,medium,0.65,0.684177788873456,,val,embargo,False,False,,20260804,f9b1810e611cf7b7c25ea3e15c4f4145a1df7b92435c2953b72e088a89f7e109,2,False,False,False,True
thread_12365765_acloudy_1402/08/13 08:22,G00204,acloudy,12365765,c8361bc90b36834281f2220ee6355f255ac5ad67df7b6d4dcb112679410b2423,4.202504980223004,Moderate,active_p2_calibrated,active_learning_round,medium,0.65,1.0556758388791745,,val,embargo,False,False,,20260804,f9b1810e611cf7b7c25ea3e15c4f4145a1df7b92435c2953b72e088a89f7e109,2,False,False,False,True
thread_12365765_دلناز۲۲_1402/08/13 08:42,G00204,دلناز۲۲,12365765,4e104b88a6141582a2d1a4f00699be338cfde0d7d3b9723da8516094de7f6552,2.648375282959045,Low,active_p2_calibrated,active_learning_round,medium,0.65,0.684177788873456,,val,embargo,False,False,,20260804,f9b1810e611cf7b7c25ea3e15c4f4145a1df7b92435c2953b72e088a89f7e109,2,False,False,False,True
thread_12416037_12345maha_1402/08/21 13:29,G01406,12345maha,12416037,0e1abe215e3c21a13c4057d73ea9076d77400bdc20c58d0f11df169c3cfe518d,1.0942455856950868,Low,active_p2_calibrated,active_learning_round,medium,0.65,0.684177788873456,,val,embargo,False,False,,20260804,f9b1810e611cf7b7c25ea3e15c4f4145a1df7b92435c2953b72e088a89f7e109,2,False,False,False,True
thread_12453565_starter,G01406,zeinabmba,12453565,ea1c75de3c4903fcd203b8ed4a01cfc2dffeb52fc90b6101308a0288c82ec8d1,5.7566346774869634,High,active_p2_calibrated,active_learning_round,medium,0.65,1.198107656482396,,val,embargo,False,False,,20260804,f9b1810e611cf7b7c25ea3e15c4f4145a1df7b92435c2953b72e088a89f7e109,2,False,False,False,True
thread_12453565_سمی11_1402/08/27 10:16,G01406,سمی11,12453565,4494634bdf35a2b01ef2877da55f8940ca01645a8a678b5b408fecaa675a1445,1.871310434327066,Low,active_p2_calibrated,active_learning_round,medium,0.65,0.684177788873456,,val,embargo,False,False,,20260804,f9b1810e611cf7b7c25ea3e15c4f4145a1df7b92435c2953b72e088a89f7e109,2,False,False,False,True
thread_12564933_starter,G01416,along,12564933,3721275b4a2062fc925ac0792b6a0b9021acfaa04f8e2427469c448bd12c34fb,8.0878292233829,Very High,active_p2_calibrated,active_learning_round,medium,0.65,1.9253616657292336,,test,embargo,False,False,,20260804,f9b1810e611cf7b7c25ea3e15c4f4145a1df7b92435c2953b72e088a89f7e109,2,False,False,False,True
thread_12689123_starter,G01390,melorinkhanoom,12689123,6b2d0d46d64d10b6e40213fe059cbf82c236898d84f4b498fdbc890de0135227,8.0878292233829,Very High,active_p2_calibrated,active_learning_round,medium,0.65,1.9253616657292336,,val,embargo,False,False,,20260804,f9b1810e611cf7b7c25ea3e15c4f4145a1df7b92435c2953b72e088a89f7e109,2,False,False,False,True
thread_12792804_starter,G00184,دخترپاییز۹۹۰,12792804,bcc22bd0e7b057a6543695682f0de12499e0515dc8a4ade83b70ad2ef7877beb,3.425440131591025,Moderate,active_p2_calibrated,active_learning_round,medium,0.65,1.0556758388791745,,test,embargo,False,False,,20260804,f9b1810e611cf7b7c25ea3e15c4f4145a1df7b92435c2953b72e088a89f7e109,2,False,False,False,True
thread_13079632_starter,G00108,سادنا۱,13079632,92f32ad8f2f06656e62d53bdd2e2084f6d2be9ffab5b84db16b69069be9aa063,6.533699526118942,High,active_p2_calibrated,active_learning_round,medium,0.65,1.198107656482396,,test,embargo,False,False,,20260804,f9b1810e611cf7b7c25ea3e15c4f4145a1df7b92435c2953b72e088a89f7e109,2,False,False,False,True
thread_13126293_starter,G01451,ریحانه۵۵,13126293,67a331890360ae4907d1978534805148686537bba90b64a16bbbd040d274ed48,1.871310434327066,Low,active_p2_calibrated,active_learning_round,medium,0.65,0.684177788873456,,test,embargo,False,False,,20260804,f9b1810e611cf7b7c25ea3e15c4f4145a1df7b92435c2953b72e088a89f7e109,2,False,False,False,True
thread_13152150_starter,G00184,دخترپاییز۹۹۰,13152150,7adb2c2bb90182d192f424eb4adc4f7c7bc1a8b912e0b9f3a67758ce20fd6c2e,3.425440131591025,Moderate,active_p2_calibrated,active_learning_round,medium,0.65,1.0556758388791745,,test,embargo,False,False,,20260804,f9b1810e611cf7b7c25ea3e15c4f4145a1df7b92435c2953b72e088a89f7e109,2,False,False,False,True
thread_13213570_starter,G00202,_قرص_ماه_سابق,13213570,,4.0,Moderate,original_p1_high_selected,original_extra_person1_round,medium_high,0.9,1.0556758388791745,,test,embargo,False,False,,20260804,f9b1810e611cf7b7c25ea3e15c4f4145a1df7b92435c2953b72e088a89f7e109,2,False,False,False,True
thread_13214757_starter,G00227,کاکتوس35,13214757,7f00f08728434555a51f72f13e44f68fbd15e094332b5de0408d59313c8d61cb,4.202504980223004,Moderate,active_p2_calibrated,active_learning_round,medium,0.65,1.0556758388791745,,test,embargo,False,False,,20260804,f9b1810e611cf7b7c25ea3e15c4f4145a1df7b92435c2953b72e088a89f7e109,2,False,False,False,True
thread_13248699_starter,G00021,حفحفحفحف,13248699,,8.0,Very High,original_p1_high_selected,original_extra_person1_round,medium_high,0.9,1.9253616657292336,,val,embargo,False,False,,20260804,f9b1810e611cf7b7c25ea3e15c4f4145a1df7b92435c2953b72e088a89f7e109,2,False,False,False,True
thread_13254449_starter,G00260,molimi,13254449,,8.0,Very High,original_p1_high_selected,original_extra_person1_round,medium_high,0.9,1.9253616657292336,,val,embargo,False,False,,20260804,f9b1810e611cf7b7c25ea3e15c4f4145a1df7b92435c2953b72e088a89f7e109,2,False,False,False,True
thread_13534809_starter,G00184,دخترپاییز۹۹۰,13534809,,6.0,High,original_p1_high_selected,original_extra_person1_round,medium_high,0.9,1.198107656482396,,test,embargo,False,False,,20260804,f9b1810e611cf7b7c25ea3e15c4f4145a1df7b92435c2953b72e088a89f7e109,2,False,False,False,True
thread_13671622_starter,G00349,رز_بنفش_خدازده,13671622,6c80728eaefbd53301e727f6f29def410b2dc7ec531c4a8e381da7c85a82a1cd,1.871310434327066,Low,active_p2_calibrated,active_learning_round,medium,0.65,0.684177788873456,,test,embargo,False,False,,20260804,f9b1810e611cf7b7c25ea3e15c4f4145a1df7b92435c2953b72e088a89f7e109,2,False,False,False,True
thread_13761311_starter,G00344,baran66,13761311,495845cd7585eb3b55d1c0d29f0e5e77e2c77960e418bf556bf65c3b7478a9af,7.310764374750923,Very High,active_p2_calibrated,active_learning_round,medium,0.65,1.9253616657292336,,test,embargo,False,False,,20260804,f9b1810e611cf7b7c25ea3e15c4f4145a1df7b92435c2953b72e088a89f7e109,2,False,False,False,True
thread_13836935_starter,G00362,پنکه_چرخشی,13836935,,8.0,Very High,original_p1_high_selected,original_extra_person1_round,medium_high,0.9,1.9253616657292336,,test,embargo,False,False,,20260804,f9b1810e611cf7b7c25ea3e15c4f4145a1df7b92435c2953b72e088a89f7e109,2,False,False,False,True
thread_13844752_starter,G00227,کاکتوس35,13844752,cb32494b906f1122f60cf0a9dca521fbc9d83423829264fa9c989ce2b7d7e70d,5.7566346774869634,High,active_p2_calibrated,active_learning_round,medium,0.65,1.198107656482396,,test,embargo,False,False,,20260804,f9b1810e611cf7b7c25ea3e15c4f4145a1df7b92435c2953b72e088a89f7e109,2,False,False,False,True
thread_13895649_starter,G00079,saharbanooooooooooo,13895649,9d3ddd2635154b9dedba5476b2ed326587b368966d1e7732cda17875b0e88d3f,1.0942455856950868,Low,active_p2_calibrated,active_learning_round,medium,0.65,0.684177788873456,,val,embargo,False,False,,20260804,f9b1810e611cf7b7c25ea3e15c4f4145a1df7b92435c2953b72e088a89f7e109,2,False,False,False,True
thread_14240538_starter,G00416,خانمبس,14240538,bbec3da466db5ae1f9398de15ac57ec4154fed58dc8aa6cd03a1c1f53d93f0c2,6.533699526118942,High,active_p2_calibrated,active_learning_round,medium,0.65,1.198107656482396,,test,embargo,False,False,,20260804,f9b1810e611cf7b7c25ea3e15c4f4145a1df7b92435c2953b72e088a89f7e109,2,False,False,False,True
thread_14240547_starter,G00416,خانمبس,14240547,bbec3da466db5ae1f9398de15ac57ec4154fed58dc8aa6cd03a1c1f53d93f0c2,7.310764374750923,Very High,active_p2_calibrated,active_learning_round,medium,0.65,1.9253616657292336,,test,embargo,False,False,,20260804,f9b1810e611cf7b7c25ea3e15c4f4145a1df7b92435c2953b72e088a89f7e109,2,False,False,False,True
thread_14284074_starter,G00427,zahrajan1323,14284074,37a418f79399b458be987bf028c5ed4b72feda63ad31761f141e720aa5766801,1.0942455856950868,Low,active_p2_calibrated,active_learning_round,medium,0.65,0.684177788873456,,test,embargo,False,False,,20260804,f9b1810e611cf7b7c25ea3e15c4f4145a1df7b92435c2953b72e088a89f7e109,2,False,False,False,True
thread_14358441_starter,G00070,sharabeeshgh,14358441,7154f200181d30b1b33128667347ac51972305c950fd8e4d9c66a3bffcb69105,3.425440131591025,Moderate,active_p2_calibrated,active_learning_round,medium,0.65,1.0556758388791745,,test,embargo,False,False,,20260804,f9b1810e611cf7b7c25ea3e15c4f4145a1df7b92435c2953b72e088a89f7e109,2,False,False,False,True
thread_14511884_starter,G00456,setarehatar,14511884,5851b9ac57c33e84f76a86f66886ec1591a37e9959065e0c9395a56c42118f69,8.0878292233829,Very High,active_p2_calibrated,active_learning_round,medium,0.65,1.9253616657292336,,val,embargo,False,False,,20260804,f9b1810e611cf7b7c25ea3e15c4f4145a1df7b92435c2953b72e088a89f7e109,2,False,False,False,True
thread_14515733_starter,G00068,زهههههههرااااااا,14515733,859392260dbbdf62646ba3c4922feb0e8523c8fc39e2308264e09e29fde2b239,3.425440131591025,Moderate,active_p2_calibrated,active_learning_round,medium,0.65,1.0556758388791745,,test,embargo,False,False,,20260804,f9b1810e611cf7b7c25ea3e15c4f4145a1df7b92435c2953b72e088a89f7e109,2,False,False,False,True
thread_14555615_starter,G00462,دلبر_عسلی,14555615,a179746e6eb2f08d8ffd6f2862670663beb499f132f311b6030121a7a3b35007,4.979569828854984,Moderate,active_p2_calibrated,active_learning_round,medium,0.65,1.0556758388791745,,test,embargo,False,False,,20260804,f9b1810e611cf7b7c25ea3e15c4f4145a1df7b92435c2953b72e088a89f7e109,2,False,False,False,True
thread_14575472_starter,G00456,setarehatar,14575472,166c65ecf9a60c7f049a180707e07f73875d2815f7d8da44b92b3a576f455c17,4.202504980223004,Moderate,active_p2_calibrated,active_learning_round,medium,0.65,1.0556758388791745,,val,embargo,False,False,,20260804,f9b1810e611cf7b7c25ea3e15c4f4145a1df7b92435c2953b72e088a89f7e109,2,False,False,False,True
thread_14629993_starter,G02454,اهورااااااا۸۸,14629993,,6.0,High,original_p1_high_selected,original_extra_person1_round,medium_high,0.9,1.198107656482396,,test,embargo,False,False,,20260804,f9b1810e611cf7b7c25ea3e15c4f4145a1df7b92435c2953b72e088a89f7e109,2,False,False,False,True
thread_14647294_starter,G00390,pegahh77,14647294,a423aa6be0b14cfb43b364b179b378d1f7012ec27a20b6a07d604afe3a2f956d,6.533699526118942,High,active_p2_calibrated,active_learning_round,medium,0.65,1.198107656482396,,val,embargo,False,False,,20260804,f9b1810e611cf7b7c25ea3e15c4f4145a1df7b92435c2953b72e088a89f7e109,2,False,False,False,True
thread_14672008_starter,G00456,setarehatar,14672008,2d51a9822e7be088c18af0c82c7c071416d02973ea5a730303f985435db1985d,3.425440131591025,Moderate,active_p2_calibrated,active_learning_round,medium,0.65,1.0556758388791745,,val,embargo,False,False,,20260804,f9b1810e611cf7b7c25ea3e15c4f4145a1df7b92435c2953b72e088a89f7e109,2,False,False,False,True
thread_14758175_starter,G00184,دخترپاییز۹۹۰,14758175,436c6de8b60043fd750fb83c6e33ac24bd440ba8d7cd34447b1dd4729744ec97,4.202504980223004,Moderate,active_p2_calibrated,active_learning_round,medium,0.65,1.0556758388791745,,test,embargo,False,False,,20260804,f9b1810e611cf7b7c25ea3e15c4f4145a1df7b92435c2953b72e088a89f7e109,2,False,False,False,True
thread_14772948_starter,G00456,setarehatar,14772948,aa3c0b452106bf95567724c647f61cb4b79b780372c31322f5eb000f2d5a223e,8.0878292233829,Very High,active_p2_calibrated,active_learning_round,medium,0.65,1.9253616657292336,,val,embargo,False,False,,20260804,f9b1810e611cf7b7c25ea3e15c4f4145a1df7b92435c2953b72e088a89f7e109,2,False,False,False,True
thread_14828912_starter,G00070,sharabeeshgh,14828912,6b8522f436c9fb8d1cf496e49890e1f96a199666381ce8c3df0fca9d439fbbb8,2.648375282959045,Low,active_p2_calibrated,active_learning_round,medium,0.65,0.684177788873456,,test,embargo,False,False,,20260804,f9b1810e611cf7b7c25ea3e15c4f4145a1df7b92435c2953b72e088a89f7e109,2,False,False,False,True
thread_15024695_starter,G00184,دخترپاییز۹۹۰,15024695,ea0ccf9ec5a87211b3bf7db2c279086abc5d7febf54aae2dd45ce62f24fc6397,5.7566346774869634,High,active_p2_calibrated,active_learning_round,medium,0.65,1.198107656482396,,test,embargo,False,False,,20260804,f9b1810e611cf7b7c25ea3e15c4f4145a1df7b92435c2953b72e088a89f7e109,2,False,False,False,True
thread_15056664_starter,G00456,setarehatar,15056664,f81d07f9e6d3bc48773bc3fd7c5bf998f447879047e52110645459ec620185df,7.310764374750923,Very High,active_p2_calibrated,active_learning_round,medium,0.65,1.9253616657292336,,val,embargo,False,False,,20260804,f9b1810e611cf7b7c25ea3e15c4f4145a1df7b92435c2953b72e088a89f7e109,2,False,False,False,True
thread_15146771_starter,G00456,setarehatar,15146771,6f9c86582535d866e82b8ed8fc1cf363d7b672f63d207089b262d882d832cfce,5.7566346774869634,High,active_p2_calibrated,active_learning_round,medium,0.65,1.198107656482396,,val,embargo,False,False,,20260804,f9b1810e611cf7b7c25ea3e15c4f4145a1df7b92435c2953b72e088a89f7e109,2,False,False,False,True
thread_15253545_starter,G01639,darya2024,15253545,0a07959334b8a82bdb87f9438951899197a1271634a20042545127b1729975cd,6.533699526118942,High,active_p2_calibrated,active_learning_round,medium,0.65,1.198107656482396,,val,embargo,False,False,,20260804,f9b1810e611cf7b7c25ea3e15c4f4145a1df7b92435c2953b72e088a89f7e109,2,False,False,False,True
thread_15354583_starter,G01620,nahid1990,15354583,19a99160ca9f1a8a76186123929b9a3a82c73b4ac0ee2e4f9f134fcb28d17288,7.310764374750923,Very High,active_p2_calibrated,active_learning_round,medium,0.65,1.9253616657292336,,val,embargo,False,False,,20260804,f9b1810e611cf7b7c25ea3e15c4f4145a1df7b92435c2953b72e088a89f7e109,2,False,False,False,True
thread_15377843_starter,G00456,setarehatar,15377843,376a78a2534da535d1bc1066075ce16ed900c1b6225faaf20ffb55b0c2655c97,7.310764374750923,Very High,active_p2_calibrated,active_learning_round,medium,0.65,1.9253616657292336,,val,embargo,False,False,,20260804,f9b1810e611cf7b7c25ea3e15c4f4145a1df7b92435c2953b72e088a89f7e109,2,False,False,False,True
thread_15660047_starter,G00227,کاکتوس35,15660047,13410a226a374283d2d3666cd5981409a14ab94ff6906842a305d7c8856b4e29,4.979569828854984,Moderate,active_p2_calibrated,active_learning_round,medium,0.65,1.0556758388791745,,test,embargo,False,False,,20260804,f9b1810e611cf7b7c25ea3e15c4f4145a1df7b92435c2953b72e088a89f7e109,2,False,False,False,True
thread_15675594_starter,G00456,setarehatar,15675594,268d27a2bc54b005eff3af822d9950c9e63999d078c1d41b51d7b6ed44773d11,5.7566346774869634,High,active_p2_calibrated,active_learning_round,medium,0.65,1.198107656482396,,val,embargo,False,False,,20260804,f9b1810e611cf7b7c25ea3e15c4f4145a1df7b92435c2953b72e088a89f7e109,2,False,False,False,True
thread_15704600_starter,G00456,setarehatar,15704600,,8.0,Very High,original_p1_high_selected,original_extra_person1_round,medium_high,0.9,1.9253616657292336,,val,embargo,False,False,,20260804,f9b1810e611cf7b7c25ea3e15c4f4145a1df7b92435c2953b72e088a89f7e109,2,False,False,False,True
thread_15729011_starter,G00456,setarehatar,15729011,c97a3fc17fefccccad3945591de6ef9e4cf6fc2e843e7a42e5cd817ba8b38d46,7.310764374750923,Very High,active_p2_calibrated,active_learning_round,medium,0.65,1.9253616657292336,,val,embargo,False,False,,20260804,f9b1810e611cf7b7c25ea3e15c4f4145a1df7b92435c2953b72e088a89f7e109,2,False,False,False,True
thread_15758811_starter,G00635,ef_4ever,15758811,,4.0,Moderate,original_p1_high_selected,original_extra_person1_round,medium_high,0.9,1.0556758388791745,,test,embargo,False,False,,20260804,f9b1810e611cf7b7c25ea3e15c4f4145a1df7b92435c2953b72e088a89f7e109,2,False,False,False,True
thread_15768647_starter,G00456,setarehatar,15768647,2b64ab7faa5a83242c43b544da0fee0cfd365835aff6ed1c702c2a35d2090c71,8.0878292233829,Very High,active_p2_calibrated,active_learning_round,medium,0.65,1.9253616657292336,,val,embargo,False,False,,20260804,f9b1810e611cf7b7c25ea3e15c4f4145a1df7b92435c2953b72e088a89f7e109,2,False,False,False,True
thread_15793205_starter,G00892,فرحنازتونممممم,15793205,2007e5f16714ca97fc3052a842c83dbb4d7a79889b9e6195c21ef2b3c51f9a3e,1.0942455856950868,Low,active_p2_calibrated,active_learning_round,medium,0.65,0.684177788873456,,test,embargo,False,False,,20260804,f9b1810e611cf7b7c25ea3e15c4f4145a1df7b92435c2953b72e088a89f7e109,2,False,False,False,True
thread_15822124_starter,G00227,کاکتوس35,15822124,61a2f6cd89dae6f35ef2f1447a1bf168fd82d9850e6593a6f643eb350912ab97,5.7566346774869634,High,active_p2_calibrated,active_learning_round,medium,0.65,1.198107656482396,,test,embargo,False,False,,20260804,f9b1810e611cf7b7c25ea3e15c4f4145a1df7b92435c2953b72e088a89f7e109,2,False,False,False,True
thread_15824105_starter,G00456,setarehatar,15824105,ac88778364612c5d0b2a2814ccdb68571462b91bfbff5ffd4b19a819c1e7a17d,6.533699526118942,High,active_p2_calibrated,active_learning_round,medium,0.65,1.198107656482396,,val,embargo,False,False,,20260804,f9b1810e611cf7b7c25ea3e15c4f4145a1df7b92435c2953b72e088a89f7e109,2,False,False,False,True
thread_15859444_starter,G00456,setarehatar,15859444,3a08441c9dadb38e6703b9a724528aab54c555d1a6d79977886a4f6ac8baa1e8,2.648375282959045,Low,active_p2_calibrated,active_learning_round,medium,0.65,0.684177788873456,,val,embargo,False,False,,20260804,f9b1810e611cf7b7c25ea3e15c4f4145a1df7b92435c2953b72e088a89f7e109,2,False,False,False,True
thread_15862315_starter,G00456,setarehatar,15862315,3a08441c9dadb38e6703b9a724528aab54c555d1a6d79977886a4f6ac8baa1e8,3.425440131591025,Moderate,active_p2_calibrated,active_learning_round,medium,0.65,1.0556758388791745,,val,embargo,False,False,,20260804,f9b1810e611cf7b7c25ea3e15c4f4145a1df7b92435c2953b72e088a89f7e109,2,False,False,False,True
thread_15866397_starter,G00456,setarehatar,15866397,3a08441c9dadb38e6703b9a724528aab54c555d1a6d79977886a4f6ac8baa1e8,3.425440131591025,Moderate,active_p2_calibrated,active_learning_round,medium,0.65,1.0556758388791745,,val,embargo,False,False,,20260804,f9b1810e611cf7b7c25ea3e15c4f4145a1df7b92435c2953b72e088a89f7e109,2,False,False,False,True
thread_15881208_starter,G00694,دخترتنها۰۰۸,15881208,d6328fc97a7afee99598c7704155ddad4f5e5d177bf68c48feac6eada9fcbc7b,1.0942455856950868,Low,active_p2_calibrated,active_learning_round,medium,0.65,0.684177788873456,,val,embargo,False,False,,20260804,f9b1810e611cf7b7c25ea3e15c4f4145a1df7b92435c2953b72e088a89f7e109,2,False,False,False,True
thread_15896690_starter,G00651,sara_1375,15896690,ed93dee6d7cb9bee8f055e35ef36960a8cdd19ef03dd460ae1137e8cca53256c,4.979569828854984,Moderate,active_p2_calibrated,active_learning_round,medium,0.65,1.0556758388791745,,test,embargo,False,False,,20260804,f9b1810e611cf7b7c25ea3e15c4f4145a1df7b92435c2953b72e088a89f7e109,2,False,False,False,True
thread_15917059_starter,G00655,emami1368,15917059,4ec1f189aa9af3aec130fa0b7d88f63c9fe40e13d0606d8c68321b74e07a8abe,5.7566346774869634,High,active_p2_calibrated,active_learning_round,medium,0.65,1.198107656482396,,test,embargo,False,False,,20260804,f9b1810e611cf7b7c25ea3e15c4f4145a1df7b92435c2953b72e088a89f7e109,2,False,False,False,True
thread_15932652_starter,G01687,123fatemeh123,15932652,2d69071a4e56d3c7e59bdc681f765a58915a9a7cc58f1c70539cb443db65e027,4.979569828854984,Moderate,active_p2_calibrated,active_learning_round,medium,0.65,1.0556758388791745,,test,embargo,False,False,,20260804,f9b1810e611cf7b7c25ea3e15c4f4145a1df7b92435c2953b72e088a89f7e109,2,False,False,False,True
thread_15965037_starter,G00456,setarehatar,15965037,6e48aad85e57c5e7fab196e1bdf17c4a0fa7cc8d1b16b6e2a192e7246509dbc6,3.425440131591025,Moderate,active_p2_calibrated,active_learning_round,medium,0.65,1.0556758388791745,,val,embargo,False,False,,20260804,f9b1810e611cf7b7c25ea3e15c4f4145a1df7b92435c2953b72e088a89f7e109,2,False,False,False,True
thread_16034545_starter,G00671,fatemeh_an19,16034545,97334eb0b638d29b8701086be4d11012865b9d89f6b6c898b0e7c0a7c6ed6b06,6.533699526118942,High,active_p2_calibrated,active_learning_round,medium,0.65,1.198107656482396,,val,embargo,False,False,,20260804,f9b1810e611cf7b7c25ea3e15c4f4145a1df7b92435c2953b72e088a89f7e109,2,False,False,False,True
thread_16051992_starter,G00655,emami1368,16051992,f0e24ed66d9602e15962c17feb2448a55a578d56b856cb62e164624e748b8963,3.425440131591025,Moderate,active_p2_calibrated,active_learning_round,medium,0.65,1.0556758388791745,,test,embargo,False,False,,20260804,f9b1810e611cf7b7c25ea3e15c4f4145a1df7b92435c2953b72e088a89f7e109,2,False,False,False,True
thread_16080330_starter,G00456,setarehatar,16080330,03b09f324743d79d72e154d11b2259038198488628b9ddd47f21c00f1b169804,4.202504980223004,Moderate,active_p2_calibrated,active_learning_round,medium,0.65,1.0556758388791745,,val,embargo,False,False,,20260804,f9b1810e611cf7b7c25ea3e15c4f4145a1df7b92435c2953b72e088a89f7e109,2,False,False,False,True
thread_16097466_starter,G01639,darya2024,16097466,aeb214af7ec04a5c98915fdbf60bde7ed77d2c179bf845bffde924da8551ce49,5.7566346774869634,High,active_p2_calibrated,active_learning_round,medium,0.65,1.198107656482396,,val,embargo,False,False,,20260804,f9b1810e611cf7b7c25ea3e15c4f4145a1df7b92435c2953b72e088a89f7e109,2,False,False,False,True
thread_16117156_starter,G00671,fatemeh_an19,16117156,,8.0,Very High,original_p1_high_selected,original_extra_person1_round,medium_high,0.9,1.9253616657292336,,val,embargo,False,False,,20260804,f9b1810e611cf7b7c25ea3e15c4f4145a1df7b92435c2953b72e088a89f7e109,2,False,False,False,True
thread_16143314_starter,G00628,پندپارسی,16143314,5457a04f41d39198941a637baa4d73b972e2f04b5f1e938bf8d545a3ce1b9e6c,2.648375282959045,Low,active_p2_calibrated,active_learning_round,medium,0.65,0.684177788873456,,test,embargo,False,False,,20260804,f9b1810e611cf7b7c25ea3e15c4f4145a1df7b92435c2953b72e088a89f7e109,2,False,False,False,True
thread_16146569_starter,G01639,darya2024,16146569,,5.0,High,original_p1_high_selected,original_extra_person1_round,medium_high,0.9,1.198107656482396,,val,embargo,False,False,,20260804,f9b1810e611cf7b7c25ea3e15c4f4145a1df7b92435c2953b72e088a89f7e109,2,False,False,False,True
thread_16247461_starter,G00070,sharabeeshgh,16247461,5e044774dc9947cc747c408f9afb9c25c85172ef87df72b09cb8562b05699730,2.648375282959045,Low,active_p2_calibrated,active_learning_round,medium,0.65,0.684177788873456,,test,embargo,False,False,,20260804,f9b1810e611cf7b7c25ea3e15c4f4145a1df7b92435c2953b72e088a89f7e109,2,False,False,False,True
thread_16274388_starter,G00718,لولو1400,16274388,a3eab8e87e3844e703d546bda262a73ef12323620c0491370d61f456af72794d,7.310764374750923,Very High,active_p2_calibrated,active_learning_round,medium,0.65,1.9253616657292336,,val,embargo,False,False,,20260804,f9b1810e611cf7b7c25ea3e15c4f4145a1df7b92435c2953b72e088a89f7e109,2,False,False,False,True
thread_16434027_starter,G00456,setarehatar,16434027,25382b54340b69479449c2a78d0d4d731f8dcd51cc116e987e7d8b2ab8ecab3f,7.310764374750923,Very High,active_p2_calibrated,active_learning_round,medium,0.65,1.9253616657292336,,val,embargo,False,False,,20260804,f9b1810e611cf7b7c25ea3e15c4f4145a1df7b92435c2953b72e088a89f7e109,2,False,False,False,True
thread_16434483_starter,G00456,setarehatar,16434483,25382b54340b69479449c2a78d0d4d731f8dcd51cc116e987e7d8b2ab8ecab3f,7.310764374750923,Very High,active_p2_calibrated,active_learning_round,medium,0.65,1.9253616657292336,,val,embargo,False,False,,20260804,f9b1810e611cf7b7c25ea3e15c4f4145a1df7b92435c2953b72e088a89f7e109,2,False,False,False,True
thread_16508652_starter,G00601,سالیوآن,16508652,f1ca8e809f5424235bc2d7c597c12b674b3e443293912105ec559716c05cc4a7,2.648375282959045,Low,active_p2_calibrated,active_learning_round,medium,0.65,0.684177788873456,,test,embargo,False,False,,20260804,f9b1810e611cf7b7c25ea3e15c4f4145a1df7b92435c2953b72e088a89f7e109,2,False,False,False,True
thread_16521739_starter,G00601,سالیوآن,16521739,,5.0,High,original_p1_high_selected,original_extra_person1_round,medium_high,0.9,1.198107656482396,,test,embargo,False,False,,20260804,f9b1810e611cf7b7c25ea3e15c4f4145a1df7b92435c2953b72e088a89f7e109,2,False,False,False,True
thread_16558413_starter,G01768,چکاوک۷۶,16558413,18c26fef44390466cdfb9773b511a01179105ed890a8d28718d02c662525341d,4.979569828854984,Moderate,active_p2_calibrated,active_learning_round,medium,0.65,1.0556758388791745,,val,embargo,False,False,,20260804,f9b1810e611cf7b7c25ea3e15c4f4145a1df7b92435c2953b72e088a89f7e109,2,False,False,False,True
thread_16565171_starter,G00773,atitanha1378,16565171,888da739894064ea7fa27b6a6b729a27a930188fd5532716885203b1332bdd51,6.533699526118942,High,active_p2_calibrated,active_learning_round,medium,0.65,1.198107656482396,,val,embargo,False,False,,20260804,f9b1810e611cf7b7c25ea3e15c4f4145a1df7b92435c2953b72e088a89f7e109,2,False,False,False,True
thread_16595500_starter,G00796,99mahsanam,16595500,ccd631fe2527eefdbfd5548742e1707c8e4d9414a1742a1ed98db18836db1939,5.7566346774869634,High,active_p2_calibrated,active_learning_round,medium,0.65,1.198107656482396,,test,embargo,False,False,,20260804,f9b1810e611cf7b7c25ea3e15c4f4145a1df7b92435c2953b72e088a89f7e109,2,False,False,False,True
thread_16606561_starter,G00866,_نیوشا_,16606561,,7.0,Very High,original_p1_high_selected,original_extra_person1_round,medium_high,0.9,1.9253616657292336,,val,embargo,False,False,,20260804,f9b1810e611cf7b7c25ea3e15c4f4145a1df7b92435c2953b72e088a89f7e109,2,False,False,False,True
thread_16658558_starter,G00763,mamanmohi315,16658558,8b768df2578c4b1a2e9a24d1180f5d5cdd8f900251052bf065fc5dfbb6f1e338,6.533699526118942,High,active_p2_calibrated,active_learning_round,medium,0.65,1.198107656482396,,test,embargo,False,False,,20260804,f9b1810e611cf7b7c25ea3e15c4f4145a1df7b92435c2953b72e088a89f7e109,2,False,False,False,True
thread_16662977_starter,G00793,7350mehraban_banoo,16662977,128fb38739c3be877cefc79ec998fa1a2926103165fd7b3fb04ad090fad701e2,4.979569828854984,Moderate,active_p2_calibrated,active_learning_round,medium,0.65,1.0556758388791745,,test,embargo,False,False,,20260804,f9b1810e611cf7b7c25ea3e15c4f4145a1df7b92435c2953b72e088a89f7e109,2,False,False,False,True
thread_16671988_starter,G00715,عسلمانی,16671988,a69854006e9680acf57b007a97813fa6251ec0aa65096cc2c948c8b410891614,4.202504980223004,Moderate,active_p2_calibrated,active_learning_round,medium,0.65,1.0556758388791745,,test,embargo,False,False,,20260804,f9b1810e611cf7b7c25ea3e15c4f4145a1df7b92435c2953b72e088a89f7e109,2,False,False,False,True
thread_16697013_starter,G01794,فندق۸۰,16697013,776419c93e93866ce7a09fff840af8f46de94b7ef10d54e9626a7d23446e0332,4.979569828854984,Moderate,active_p2_calibrated,active_learning_round,medium,0.65,1.0556758388791745,,test,embargo,False,False,,20260804,f9b1810e611cf7b7c25ea3e15c4f4145a1df7b92435c2953b72e088a89f7e109,2,False,False,False,True
thread_16711536_starter,G01785,moonnlight,16711536,4489d77551804efa4755bef7f79f776216c7718efbce62665f2d92304fa30c8d,5.7566346774869634,High,active_p2_calibrated,active_learning_round,medium,0.65,1.198107656482396,,test,embargo,False,False,,20260804,f9b1810e611cf7b7c25ea3e15c4f4145a1df7b92435c2953b72e088a89f7e109,2,False,False,False,True
thread_16725346_starter,G01797,luky_girl,16725346,866dec2f74c400fc51e16dd780ca061eebf4a2087cc38018b85299caf01006ae,7.310764374750923,Very High,active_p2_calibrated,active_learning_round,medium,0.65,1.9253616657292336,,test,embargo,False,False,,20260804,f9b1810e611cf7b7c25ea3e15c4f4145a1df7b92435c2953b72e088a89f7e109,2,False,False,False,True
thread_16843795_starter,G01797,luky_girl,16843795,,3.0,Moderate,original_p1_high_selected,original_extra_person1_round,medium_high,0.9,1.0556758388791745,,test,embargo,False,False,,20260804,f9b1810e611cf7b7c25ea3e15c4f4145a1df7b92435c2953b72e088a89f7e109,2,False,False,False,True
thread_16848781_starter,G00456,setarehatar,16848781,ac366bb278cb89f8b4a3e57f36da21ab8873efefb1dc858d8eb60dd93d707aa7,7.310764374750923,Very High,active_p2_calibrated,active_learning_round,medium,0.65,1.9253616657292336,,val,embargo,False,False,,20260804,f9b1810e611cf7b7c25ea3e15c4f4145a1df7b92435c2953b72e088a89f7e109,2,False,False,False,True
thread_16947350_starter,G00184,دخترپاییز۹۹۰,16947350,25b02c2956a9b8910169e8e23fb63ffa4b143708a5debb21803bb042c97ade51,6.533699526118942,High,active_p2_calibrated,active_learning_round,medium,0.65,1.198107656482396,,test,embargo,False,False,,20260804,f9b1810e611cf7b7c25ea3e15c4f4145a1df7b92435c2953b72e088a89f7e109,2,False,False,False,True
thread_16984870_starter,G00456,setarehatar,16984870,0fc3056ba14a61ad984e477a3dca1dd1add28109de30988e19fad5df66d0f1d2,7.310764374750923,Very High,active_p2_calibrated,active_learning_round,medium,0.65,1.9253616657292336,,val,embargo,False,False,,20260804,f9b1810e611cf7b7c25ea3e15c4f4145a1df7b92435c2953b72e088a89f7e109,2,False,False,False,True
thread_17156206_starter,G00456,setarehatar,17156206,6d3ee0fe1cf15b0938ee94765f559ad30a98ea3d624d372f2e9ebeb71c6f0d87,8.0878292233829,Very High,active_p2_calibrated,active_learning_round,medium,0.65,1.9253616657292336,,val,embargo,False,False,,20260804,f9b1810e611cf7b7c25ea3e15c4f4145a1df7b92435c2953b72e088a89f7e109,2,False,False,False,True
thread_17191442_starter,G00037,سلوی70سابق,17191442,5b1814df82a82c23370b87b72d2c1c9e76875217d1498a945b8db24c3134d318,4.202504980223004,Moderate,active_p2_calibrated,active_learning_round,medium,0.65,1.0556758388791745,,test,embargo,False,False,,20260804,f9b1810e611cf7b7c25ea3e15c4f4145a1df7b92435c2953b72e088a89f7e109,2,False,False,False,True
thread_17246359_starter,G00911,faghtkhoda_66,17246359,6e577d8f49afb2c72434fd90775fc2f41663097d6e10aef5eb142f8963955881,6.533699526118942,High,active_p2_calibrated,active_learning_round,medium,0.65,1.198107656482396,,val,embargo,False,False,,20260804,f9b1810e611cf7b7c25ea3e15c4f4145a1df7b92435c2953b72e088a89f7e109,2,False,False,False,True
thread_17252482_starter,G00456,setarehatar,17252482,acafddbcf35b43c7d22b0c65732257838d75de187aeb164b792a83a7ff8eb178,8.0878292233829,Very High,active_p2_calibrated,active_learning_round,medium,0.65,1.9253616657292336,,val,embargo,False,False,,20260804,f9b1810e611cf7b7c25ea3e15c4f4145a1df7b92435c2953b72e088a89f7e109,2,False,False,False,True
thread_17342853_starter,G00905,زرقشنگ،شوخشنگ,17342853,aad9a558973cfab0e5d3cb5a489654181a8a00a9a53681b090a68783664f398a,6.533699526118942,High,active_p2_calibrated,active_learning_round,medium,0.65,1.198107656482396,,val,embargo,False,False,,20260804,f9b1810e611cf7b7c25ea3e15c4f4145a1df7b92435c2953b72e088a89f7e109,2,False,False,False,True
thread_17366836_starter,G00911,faghtkhoda_66,17366836,e580a5d49f436204009d4c12a718386fcf07e439ce7e83dbd020d84e8f5d222e,4.979569828854984,Moderate,active_p2_calibrated,active_learning_round,medium,0.65,1.0556758388791745,,val,embargo,False,False,,20260804,f9b1810e611cf7b7c25ea3e15c4f4145a1df7b92435c2953b72e088a89f7e109,2,False,False,False,True
thread_17380577_starter,G00911,faghtkhoda_66,17380577,,5.0,High,original_p1_high_selected,original_extra_person1_round,medium_high,0.9,1.198107656482396,,val,embargo,False,False,,20260804,f9b1810e611cf7b7c25ea3e15c4f4145a1df7b92435c2953b72e088a89f7e109,2,False,False,False,True
thread_17428074_starter,G00911,faghtkhoda_66,17428074,81d7797b9b9ad78ed8a3e01e5e10f7c1e4a796e575b5eb8154b3e760d94194f7,5.7566346774869634,High,active_p2_calibrated,active_learning_round,medium,0.65,1.198107656482396,,val,embargo,False,False,,20260804,f9b1810e611cf7b7c25ea3e15c4f4145a1df7b92435c2953b72e088a89f7e109,2,False,False,False,True
thread_17450592_starter,G00892,amirhosein1401,17450592,174f43344aef4554a3201729c97ecedaec688880a7f9e4b81d2bde46ea9952e8,1.871310434327066,Low,active_p2_calibrated,active_learning_round,medium,0.65,0.684177788873456,,test,embargo,False,False,,20260804,f9b1810e611cf7b7c25ea3e15c4f4145a1df7b92435c2953b72e088a89f7e109,2,False,False,False,True
thread_17477486_starter,G00971,asssalllll,17477486,1e9c3be5849db5c3303358c9f6a3010b5030e1239bfd90161a8212de7b0b7d26,5.7566346774869634,High,active_p2_calibrated,active_learning_round,medium,0.65,1.198107656482396,,val,embargo,False,False,,20260804,f9b1810e611cf7b7c25ea3e15c4f4145a1df7b92435c2953b72e088a89f7e109,2,False,False,False,True
thread_17487877_starter,G01178,sholum,17487877,32a5fd58899fcd6f6bc8ae5ebd2eb309e5ee4d7aa1bd4006f4fcbbc0b2dde285,5.7566346774869634,High,active_p2_calibrated,active_learning_round,medium,0.65,1.198107656482396,,val,embargo,False,False,,20260804,f9b1810e611cf7b7c25ea3e15c4f4145a1df7b92435c2953b72e088a89f7e109,2,False,False,False,True
thread_17507386_starter,G01904,شبدرآویزون,17507386,5d35089e5d1a4db0c72f5e87682d997ebbe94ce890dc45614b49e4104a12bf45,6.533699526118942,High,active_p2_calibrated,active_learning_round,medium,0.65,1.198107656482396,,test,embargo,False,False,,20260804,f9b1810e611cf7b7c25ea3e15c4f4145a1df7b92435c2953b72e088a89f7e109,2,False,False,False,True
thread_17528530_starter,G00949,صحرامحرا,17528530,,7.0,Very High,original_p1_high_selected,original_extra_person1_round,medium_high,0.9,1.9253616657292336,,val,embargo,False,False,,20260804,f9b1810e611cf7b7c25ea3e15c4f4145a1df7b92435c2953b72e088a89f7e109,2,False,False,False,True
thread_17535297_starter,G00866,_نیوشا_,17535297,05b90d2a2fdde7267c296e936bec40638959e637a3dc389d8f3c423812a19585,7.310764374750923,Very High,active_p2_calibrated,active_learning_round,medium,0.65,1.9253616657292336,,val,embargo,False,False,,20260804,f9b1810e611cf7b7c25ea3e15c4f4145a1df7b92435c2953b72e088a89f7e109,2,False,False,False,True
thread_17621933_starter,G00866,_نیوشا_,17621933,a3ccab3c0b84b0854fb436a655921f9ae7ca26080ef8196083f04e99eb40c194,6.533699526118942,High,active_p2_calibrated,active_learning_round,medium,0.65,1.198107656482396,,val,embargo,False,False,,20260804,f9b1810e611cf7b7c25ea3e15c4f4145a1df7b92435c2953b72e088a89f7e109,2,False,False,False,True
thread_17636671_starter,G01928,asma76666666,17636671,bf09621b8663e801eb4a4c1c49e5b3d132c35aabb9385877e49e2bc4d5bcc9f2,4.202504980223004,Moderate,active_p2_calibrated,active_learning_round,medium,0.65,1.0556758388791745,,val,embargo,False,False,,20260804,f9b1810e611cf7b7c25ea3e15c4f4145a1df7b92435c2953b72e088a89f7e109,2,False,False,False,True
thread_17639323_starter,G01904,berke5596,17639323,ec65a231b9f001c89540af28645c80a90081e5a0ab81c83822b2174dd8cfa750,6.533699526118942,High,active_p2_calibrated,active_learning_round,medium,0.65,1.198107656482396,,test,embargo,False,False,,20260804,f9b1810e611cf7b7c25ea3e15c4f4145a1df7b92435c2953b72e088a89f7e109,2,False,False,False,True
thread_17645987_starter,G00991,parvan1368,17645987,,8.0,Very High,original_p1_high_selected,original_extra_person1_round,medium_high,0.9,1.9253616657292336,,val,embargo,False,False,,20260804,f9b1810e611cf7b7c25ea3e15c4f4145a1df7b92435c2953b72e088a89f7e109,2,False,False,False,True
thread_17680469_starter,G00945,ghazalbaravi,17680469,594e8a30cedc7774ff6863a1814e8156cf41e1b958428ec68ad43f49eb43eedf,1.0942455856950868,Low,active_p2_calibrated,active_learning_round,medium,0.65,0.684177788873456,,val,embargo,False,False,,20260804,f9b1810e611cf7b7c25ea3e15c4f4145a1df7b92435c2953b72e088a89f7e109,2,False,False,False,True
thread_17685405_starter,G00991,parvan1368,17685405,e86c49caaa4f31f1892af79bf881a004b7263223ea5e793884b9453ee4a81c15,3.425440131591025,Moderate,active_p2_calibrated,active_learning_round,medium,0.65,1.0556758388791745,,val,embargo,False,False,,20260804,f9b1810e611cf7b7c25ea3e15c4f4145a1df7b92435c2953b72e088a89f7e109,2,False,False,False,True
thread_17693690_starter,G01938,آویلان,17693690,4d184c80fba5a7888842127135adb94529bb7530baa5109a27c7213643de4032,6.533699526118942,High,active_p2_calibrated,active_learning_round,medium,0.65,1.198107656482396,,val,embargo,False,False,,20260804,f9b1810e611cf7b7c25ea3e15c4f4145a1df7b92435c2953b72e088a89f7e109,2,False,False,False,True
thread_17700378_starter,G01016,فاطمه8883,17700378,8c2a43802977cd19cd8c2d22e63d92c6f5706566f1384db551612e6caba8fb37,4.202504980223004,Moderate,active_p2_calibrated,active_learning_round,medium,0.65,1.0556758388791745,,test,embargo,False,False,,20260804,f9b1810e611cf7b7c25ea3e15c4f4145a1df7b92435c2953b72e088a89f7e109,2,False,False,False,True
thread_17705910_starter,G00991,parvan1368,17705910,f1de73096c7eca8bc5b1008456413676d1905789dc8faa2e625648172b54b819,6.533699526118942,High,active_p2_calibrated,active_learning_round,medium,0.65,1.198107656482396,,val,embargo,False,False,,20260804,f9b1810e611cf7b7c25ea3e15c4f4145a1df7b92435c2953b72e088a89f7e109,2,False,False,False,True
thread_17854688_starter,G01055,الهه4128,17854688,b8a18488b6435360e48f4e9ed7ed5b474a130b0924c58f81fdfab5f9798993d9,4.979569828854984,Moderate,active_p2_calibrated,active_learning_round,medium,0.65,1.0556758388791745,,val,embargo,False,False,,20260804,f9b1810e611cf7b7c25ea3e15c4f4145a1df7b92435c2953b72e088a89f7e109,2,False,False,False,True
thread_17882631_starter,G01982,نگارین_بااانو,17882631,1acb3074c8ef9ec9d44b2bd733b272bbbdfaa334548cb45262d6220f726bf38f,6.533699526118942,High,active_p2_calibrated,active_learning_round,medium,0.65,1.198107656482396,,val,embargo,False,False,,20260804,f9b1810e611cf7b7c25ea3e15c4f4145a1df7b92435c2953b72e088a89f7e109,2,False,False,False,True
thread_17891123_starter,G01016,فاطمه8883,17891123,2872d24297174b49ede94c45f2e9e7fd27a1ae6e84c7baef6a805dc0c3b6faf6,3.425440131591025,Moderate,active_p2_calibrated,active_learning_round,medium,0.65,1.0556758388791745,,test,embargo,False,False,,20260804,f9b1810e611cf7b7c25ea3e15c4f4145a1df7b92435c2953b72e088a89f7e109,2,False,False,False,True
thread_17915189_starter,G01459,کفگیرمادرشوهر,17915189,,7.0,Very High,original_p1_high_selected,original_extra_person1_round,medium_high,0.9,1.9253616657292336,,test,embargo,False,False,,20260804,f9b1810e611cf7b7c25ea3e15c4f4145a1df7b92435c2953b72e088a89f7e109,2,False,False,False,True
thread_17929835_starter,G01055,الهه4128,17929835,427afebaf5791479a42616dfd6a102d248bbe146ca1a36b13bd9dd0f9f28e05e,1.0942455856950868,Low,active_p2_calibrated,active_learning_round,medium,0.65,0.684177788873456,,val,embargo,False,False,,20260804,f9b1810e611cf7b7c25ea3e15c4f4145a1df7b92435c2953b72e088a89f7e109,2,False,False,False,True
thread_17956093_starter,G00968,royaaa26,17956093,8750dbc5c44e1c85335d65221a300824083b36b39bc113043544b19af400e048,5.7566346774869634,High,active_p2_calibrated,active_learning_round,medium,0.65,1.198107656482396,,test,embargo,False,False,,20260804,f9b1810e611cf7b7c25ea3e15c4f4145a1df7b92435c2953b72e088a89f7e109,2,False,False,False,True
thread_17971556_starter,G00276,مامانعطیه,17971556,fea3f67f7cb288a2b44ce2d33a4fa987cf8ed8baaff7a2283b8833f5c49c2cf5,4.202504980223004,Moderate,active_p2_calibrated,active_learning_round,medium,0.65,1.0556758388791745,,val,embargo,False,False,,20260804,f9b1810e611cf7b7c25ea3e15c4f4145a1df7b92435c2953b72e088a89f7e109,2,False,False,False,True
thread_17975976_starter,G00911,faghtkhoda_66,17975976,,6.0,High,original_p1_high_selected,original_extra_person1_round,medium_high,0.9,1.198107656482396,,val,embargo,False,False,,20260804,f9b1810e611cf7b7c25ea3e15c4f4145a1df7b92435c2953b72e088a89f7e109,2,False,False,False,True
thread_17976128_starter,G00803,topolkhanoom,17976128,c5addabee1ca5fe91e302446b98060d5fdb49046dce0da84b2fd7cb72fa6d36b,4.979569828854984,Moderate,active_p2_calibrated,active_learning_round,medium,0.65,1.0556758388791745,,val,embargo,False,False,,20260804,f9b1810e611cf7b7c25ea3e15c4f4145a1df7b92435c2953b72e088a89f7e109,2,False,False,False,True
thread_17987482_starter,G02023,چمن_بارونزده,17987482,d7f99a55678a945dcab836d211a1b2dfbbb467cb6c3ce8ad7102be6e2203f90b,1.0942455856950868,Low,active_p2_calibrated,active_learning_round,medium,0.65,0.684177788873456,,test,embargo,False,False,,20260804,f9b1810e611cf7b7c25ea3e15c4f4145a1df7b92435c2953b72e088a89f7e109,2,False,False,False,True
thread_17989614_starter,G00259,جورجینای_کریس,17989614,,5.0,High,original_p1_high_selected,original_extra_person1_round,medium_high,0.9,1.198107656482396,,test,embargo,False,False,,20260804,f9b1810e611cf7b7c25ea3e15c4f4145a1df7b92435c2953b72e088a89f7e109,2,False,False,False,True
thread_18004859_starter,G02033,زیبارویی,18004859,2bfde9df4b3fd54cf3db0d0613f56a4d87b0a73133178ffafcdbeca034b7abb8,1.0942455856950868,Low,active_p2_calibrated,active_learning_round,medium,0.65,0.684177788873456,,val,embargo,False,False,,20260804,f9b1810e611cf7b7c25ea3e15c4f4145a1df7b92435c2953b72e088a89f7e109,2,False,False,False,True
thread_18005697_starter,G01094,mopiiii,18005697,,7.0,Very High,original_p1_high_selected,original_extra_person1_round,medium_high,0.9,1.9253616657292336,,val,embargo,False,False,,20260804,f9b1810e611cf7b7c25ea3e15c4f4145a1df7b92435c2953b72e088a89f7e109,2,False,False,False,True
thread_18032732_starter,G01075,خوشگل_خوش_شانس,18032732,64182a084c913cfd4d3ac7014f64de190e17457e68660cc9dde5fae7c15001b4,8.0878292233829,Very High,active_p2_calibrated,active_learning_round,medium,0.65,1.9253616657292336,,test,embargo,False,False,,20260804,f9b1810e611cf7b7c25ea3e15c4f4145a1df7b92435c2953b72e088a89f7e109,2,False,False,False,True
thread_18050743_starter,G01181,aysanjamali,18050743,59eaca183b9ef774cac1696e049eabe4e8368d728ac88c141b7a033af492952c,1.0942455856950868,Low,active_p2_calibrated,active_learning_round,medium,0.65,0.684177788873456,,val,embargo,False,False,,20260804,f9b1810e611cf7b7c25ea3e15c4f4145a1df7b92435c2953b72e088a89f7e109,2,False,False,False,True
thread_18052043_starter,G01100,بیتا7667,18052043,62cafbedb44410e06b8068e11fce29d186a8691b1170f84b63309340d397c147,1.871310434327066,Low,active_p2_calibrated,active_learning_round,medium,0.65,0.684177788873456,,test,embargo,False,False,,20260804,f9b1810e611cf7b7c25ea3e15c4f4145a1df7b92435c2953b72e088a89f7e109,2,False,False,False,True
thread_18062434_starter,G00456,setarehatar,18062434,1782e3b0ec93133e3820c5954bd84a2823c2cc0c129011439fdcfbc471b5a7a2,7.310764374750923,Very High,active_p2_calibrated,active_learning_round,medium,0.65,1.9253616657292336,,val,embargo,False,False,,20260804,f9b1810e611cf7b7c25ea3e15c4f4145a1df7b92435c2953b72e088a89f7e109,2,False,False,False,True
thread_18064046_starter,G00456,setarehatar,18064046,cce2ca234cd572d13910cfb8603034366dac873e42f51331ad2b04fe28c0658e,5.7566346774869634,High,active_p2_calibrated,active_learning_round,medium,0.65,1.198107656482396,,val,embargo,False,False,,20260804,f9b1810e611cf7b7c25ea3e15c4f4145a1df7b92435c2953b72e088a89f7e109,2,False,False,False,True
thread_18073433_starter,G01055,الهه4128,18073433,cd878e4097bf57ff421132a713151d503b0eafd3def91fbcce90a6c5923dc801,1.0942455856950868,Low,active_p2_calibrated,active_learning_round,medium,0.65,0.684177788873456,,val,embargo,False,False,,20260804,f9b1810e611cf7b7c25ea3e15c4f4145a1df7b92435c2953b72e088a89f7e109,2,False,False,False,True
thread_18076917_starter,G01100,بیتا7667,18076917,7296b8c2ca064402996b9a9135b91a27393da7c2b7049cbc7f6aa8882b6bbf1f,1.871310434327066,Low,active_p2_calibrated,active_learning_round,medium,0.65,0.684177788873456,,test,embargo,False,False,,20260804,f9b1810e611cf7b7c25ea3e15c4f4145a1df7b92435c2953b72e088a89f7e109,2,False,False,False,True
thread_18084265_starter,G01100,بیتا7667,18084265,,4.0,Moderate,original_p1_high_selected,original_extra_person1_round,medium_high,0.9,1.0556758388791745,,test,embargo,False,False,,20260804,f9b1810e611cf7b7c25ea3e15c4f4145a1df7b92435c2953b72e088a89f7e109,2,False,False,False,True
thread_18116830_starter,G02023,چمن_بارونزده,18116830,5a351a749e8a27d50aea18a2bd54c55de43f95cfbb9dc85c23f4a04c5fe73a02,1.871310434327066,Low,active_p2_calibrated,active_learning_round,medium,0.65,0.684177788873456,,test,embargo,False,False,,20260804,f9b1810e611cf7b7c25ea3e15c4f4145a1df7b92435c2953b72e088a89f7e109,2,False,False,False,True
thread_18139866_starter,G01798,bita1300,18139866,94e2b3cbf45e122cdacefb2d3c758dd547c34f88087edacf9db786b97b6851f1,8.0878292233829,Very High,active_p2_calibrated,active_learning_round,medium,0.65,1.9253616657292336,,val,embargo,False,False,,20260804,f9b1810e611cf7b7c25ea3e15c4f4145a1df7b92435c2953b72e088a89f7e109,2,False,False,False,True
thread_6092049_mamanhanie_1399/12/25 22:48,G02121,mamanhanie,6092049,9bbff0cdf3f48cb4cc6d5469b2468fe8764ab55d1cf4ba610c5696dc1e89fd6c,1.0942455856950868,Low,active_p2_calibrated,active_learning_round,medium,0.65,0.684177788873456,,test,embargo,False,False,,20260804,f9b1810e611cf7b7c25ea3e15c4f4145a1df7b92435c2953b72e088a89f7e109,2,False,False,False,True
thread_6092049_mamanhanie_1399/12/25 23:15,G02121,mamanhanie,6092049,,3.0,Moderate,original_p1_high_selected,original_extra_person1_round,medium_high,0.9,1.0556758388791745,,test,embargo,False,False,,20260804,f9b1810e611cf7b7c25ea3e15c4f4145a1df7b92435c2953b72e088a89f7e109,2,False,False,False,True
thread_6092049_دخترک_tanha_1399/12/26 00:33,G02121,دخترک_tanha,6092049,869033d0e21db21671a08a3fe0a13c4a349dcb788a12262f36eea1b9f2fc14f0,5.7566346774869634,High,active_p2_calibrated,active_learning_round,medium,0.65,1.198107656482396,,test,embargo,False,False,,20260804,f9b1810e611cf7b7c25ea3e15c4f4145a1df7b92435c2953b72e088a89f7e109,2,False,False,False,True
thread_6319182_mahrad70_1400/02/01 11:50,G02126,mahrad70,6319182,bcd60e7ec3fb76688399f69581d6409f455ec6ce9051a731e19f22acd386fda5,4.202504980223004,Moderate,active_p2_calibrated,active_learning_round,medium,0.65,1.0556758388791745,,val,embargo,False,False,,20260804,f9b1810e611cf7b7c25ea3e15c4f4145a1df7b92435c2953b72e088a89f7e109,2,False,False,False,True
thread_6421102_هستی1993_1400/02/16 04:35,G02131,هستی1993,6421102,e132c03678c3a5669ab20741fbb9c583fc34897948e97bf860cc50903362c784,1.0942455856950868,Low,active_p2_calibrated,active_learning_round,medium,0.65,0.684177788873456,,val,embargo,False,False,,20260804,f9b1810e611cf7b7c25ea3e15c4f4145a1df7b92435c2953b72e088a89f7e109,2,False,False,False,True
thread_7611872_shomalikija_1400/08/22 13:59,G00416,shomalikija,7611872,,5.0,High,original_p1_high_selected,original_extra_person1_round,medium_high,0.9,1.198107656482396,,test,embargo,False,False,,20260804,f9b1810e611cf7b7c25ea3e15c4f4145a1df7b92435c2953b72e088a89f7e109,2,False,False,False,True
thread_7611872_انی_1400/08/22 13:47,G00416,انی,7611872,6776f8216e22ee7fdc1c3dda072ec8300212cf6e14b5d22a5a02914fc0eef4f0,5.7566346774869634,High,active_p2_calibrated,active_learning_round,medium,0.65,1.198107656482396,,test,embargo,False,False,,20260804,f9b1810e611cf7b7c25ea3e15c4f4145a1df7b92435c2953b72e088a89f7e109,2,False,False,False,True
thread_7662245_starter,G02162,nafasrad97,7662245,ba8d148e2d264f49f4e1a979b9911aee3d6c00c51ea67924113e381d77eb1ae2,3.425440131591025,Moderate,active_p2_calibrated,active_learning_round,medium,0.65,1.0556758388791745,,test,embargo,False,False,,20260804,f9b1810e611cf7b7c25ea3e15c4f4145a1df7b92435c2953b72e088a89f7e109,2,False,False,False,True
thread_8408022_mamandibba_1401/01/13 00:24,G02174,mamandibba,8408022,,6.0,High,original_p1_high_selected,original_extra_person1_round,medium_high,0.9,1.198107656482396,,test,embargo,False,False,,20260804,f9b1810e611cf7b7c25ea3e15c4f4145a1df7b92435c2953b72e088a89f7e109,2,False,False,False,True
thread_8408022_mamandibba_1401/01/13 00:28,G02174,mamandibba,8408022,f155f27544236c0acc7714290e9ecbbb3f16a17319d5d3de3783db8e40350fc1,4.202504980223004,Moderate,active_p2_calibrated,active_learning_round,medium,0.65,1.0556758388791745,,test,embargo,False,False,,20260804,f9b1810e611cf7b7c25ea3e15c4f4145a1df7b92435c2953b72e088a89f7e109,2,False,False,False,True
thread_8408022_mamandibba_1401/01/13 00:56,G02174,mamandibba,8408022,36d37bd5029255bd339dd00e66f679efdb5adecebe470833e3e11bde0dd43197,4.202504980223004,Moderate,active_p2_calibrated,active_learning_round,medium,0.65,1.0556758388791745,,test,embargo,False,False,,20260804,f9b1810e611cf7b7c25ea3e15c4f4145a1df7b92435c2953b72e088a89f7e109,2,False,False,False,True
thread_8548681_mamiari4_1401/02/06 08:04,G02176,mamiari4,8548681,d7a9d2de7f29090c18677ac2a2fa39541a73a43f9407d376d128c90a56b236f4,1.0942455856950868,Low,active_p2_calibrated,active_learning_round,medium,0.65,0.684177788873456,,val,embargo,False,False,,20260804,f9b1810e611cf7b7c25ea3e15c4f4145a1df7b92435c2953b72e088a89f7e109,2,False,False,False,True
thread_9761392_arameshm_1401/09/06 09:58,G00147,arameshm,9761392,,5.0,High,original_p1_high_selected,original_extra_person1_round,medium_high,0.9,1.198107656482396,,test,embargo,False,False,,20260804,f9b1810e611cf7b7c25ea3e15c4f4145a1df7b92435c2953b72e088a89f7e109,2,False,False,False,True
thread_9761392_قومرداب_1401/09/06 09:21,G00147,قومرداب,9761392,99307658b7b0c1c1763e89bf74e5f492a36d6d70c1984e69ae97a9e2492eb47c,1.0942455856950868,Low,active_p2_calibrated,active_learning_round,medium,0.65,0.684177788873456,,test,embargo,False,False,,20260804,f9b1810e611cf7b7c25ea3e15c4f4145a1df7b92435c2953b72e088a89f7e109,2,False,False,False,True
thread_9772735_اسرا۸۲۹۰_1401/09/07 22:45,G02209,اسرا۸۲۹۰,9772735,,6.0,High,original_p1_high_selected,original_extra_person1_round,medium_high,0.9,1.198107656482396,,val,embargo,False,False,,20260804,f9b1810e611cf7b7c25ea3e15c4f4145a1df7b92435c2953b72e088a89f7e109,2,False,False,False,True
thread_9772735_فریحاوامیر_1401/09/07 22:31,G02209,فریحاوامیر,9772735,8577a1fd3d20db87ac1cc30fa5ae4338c14eedc01cb27e7f47619970a1f44b7e,1.0942455856950868,Low,active_p2_calibrated,active_learning_round,medium,0.65,0.684177788873456,,val,embargo,False,False,,20260804,f9b1810e611cf7b7c25ea3e15c4f4145a1df7b92435c2953b72e088a89f7e109,2,False,False,False,True
thread_9824047_nazzzbanooo_1401/09/15 19:14,G01340,nazzzbanooo,9824047,c3d9e5e9704dceaaf5fceb14e8ccc4628fd21837b68682ac9316af105ab1137a,2.648375282959045,Low,active_p2_calibrated,active_learning_round,medium,0.65,0.684177788873456,,test,embargo,False,False,,20260804,f9b1810e611cf7b7c25ea3e15c4f4145a1df7b92435c2953b72e088a89f7e109,2,False,False,False,True
thread_9853569_starter,G02214,bloloos,9853569,ec5e8d3509cd080af7b5219be40aa9dde56035b02dbfd3e6ad3d1f7f69de7dd3,1.0942455856950868,Low,active_p2_calibrated,active_learning_round,medium,0.65,0.684177788873456,,val,embargo,False,False,,20260804,f9b1810e611cf7b7c25ea3e15c4f4145a1df7b92435c2953b72e088a89f7e109,2,False,False,False,True
