unique_post_id,fold,true_stress,prediction
246749152,0,1.0,1.1780887842178345
246750589,0,5.111111111111111,4.876779556274414
246934094,4,4.111111111111111,4.435443878173828
246952723,0,2.0,3.628366470336914
247447668,3,1.0942455856950868,0.9816657900810242
249384092,0,2.6296296296296293,4.554079532623291
249430380,3,1.871310434327066,3.1769204139709473
250333874,2,1.0,0.8669304251670837
251560308,0,1.871310434327066,1.5604498386383057
252781142,3,1.3703703703703702,2.7110633850097656
252781771,3,4.979569828854984,3.6566286087036133
253100419,2,1.0942455856950868,1.5056729316711426
253153415,1,1.0942455856950868,1.930109977722168
253412625,0,4.979569828854984,4.370786666870117
253620712,4,3.0,4.881254196166992
254564444,1,6.0,4.899591445922852
254686209,0,6.0,5.184037685394287
254933030,0,3.0,1.5598264932632446
254941053,3,1.0,2.817919969558716
255241351,0,5.0,1.8175565004348755
255644913,2,1.0,0.5470584630966187
255663303,2,2.0,1.8891775608062744
255812776,2,1.0,1.397838830947876
255921942,1,2.0,4.861224174499512
256256892,4,1.0,1.0378553867340088
256281249,0,1.0,1.1757445335388184
256282370,4,1.0,1.0122181177139282
256747888,3,5.0,4.166775226593018
256748376,3,3.425440131591025,3.869126796722412
257729396,3,1.0,0.9088056683540344
257729451,3,1.871310434327066,2.9310927391052246
257900941,0,1.871310434327066,1.2980047464370728
257972125,0,4.979569828854984,3.120487689971924
258001969,0,1.0,1.488289713859558
258003322,0,3.6296296296296298,4.400087356567383
258004522,0,1.871310434327066,1.0815492868423462
258094665,1,5.0,4.386153697967529
258280572,1,1.871310434327066,1.1249555349349976
258281682,1,5.111111111111111,4.136487007141113
259250612,1,1.0,3.229029655456543
259567118,2,3.0,3.316709280014038
260997732,2,5.0,4.243988990783691
261005269,0,1.0,2.0098371505737305
261235099,0,6.0,5.733803749084473
261626674,0,1.7407407407407407,3.295940637588501
261678959,1,7.370370370370369,6.869726181030273
262385462,1,1.871310434327066,2.896888017654419
262539355,3,2.0,1.5732488632202148
262540230,3,3.740740740740741,3.132453441619873
262644053,2,1.0,1.4253134727478027
262645142,2,1.0942455856950868,4.332956314086914
262649879,3,3.0,1.35067880153656
263665456,2,1.0942455856950868,1.9900997877120972
264035678,4,3.0,4.593831539154053
264122188,3,1.0,2.387132406234741
264123022,3,1.871310434327066,3.3461732864379883
264921650,2,1.0,1.2770744562149048
267086338,1,2.648375282959045,2.174421548843384
267262484,1,5.0,4.904662609100342
267356554,0,2.648375282959045,1.3667365312576294
267363492,0,2.7407407407407405,4.343389987945557
267365062,0,4.979569828854984,2.8925888538360596
267365382,0,1.0942455856950868,1.2036535739898682
267390340,3,1.3703703703703702,3.556302309036255
267730400,4,2.648375282959045,5.571983814239502
267767458,1,1.6296296296296298,3.62925124168396
268352156,3,1.6296296296296298,3.2644622325897217
268458841,1,1.7407407407407407,6.165212154388428
268736106,4,1.0,2.3803865909576416
268738659,4,1.871310434327066,2.6466472148895264
269245719,0,2.0,2.7807276248931885
269513763,2,1.0,1.380872130393982
270408517,2,2.259259259259259,3.613316535949707
270588835,3,1.3703703703703702,1.2386701107025146
270638685,1,1.0,0.8271755576133728
270638842,1,1.0,0.6918230652809143
270837757,4,2.648375282959045,1.9769647121429443
271055693,0,5.7407407407407405,5.571598052978516
271056089,0,1.0,2.6717309951782227
271263144,3,1.0,1.142337679862976
272388121,1,1.3703703703703702,2.8186302185058594
272388740,1,5.7407407407407405,6.749823093414307
272545949,2,5.0,2.776536464691162
272894651,0,1.0942455856950868,1.2534809112548828
272962057,3,5.0,1.590112328529358
272963019,3,6.0,4.694159507751465
272963433,3,3.425440131591025,5.2295451164245605
272964892,3,7.310764374750923,5.984250545501709
273009572,0,2.111111111111111,2.200887680053711
273542254,2,1.0942455856950868,1.0172388553619385
274321937,4,1.871310434327066,2.584165573120117
274322446,4,6.370370370370369,6.675783157348633
274395221,4,1.871310434327066,2.4950859546661377
274427349,4,1.0942455856950868,0.6310638785362244
274477548,4,1.0,0.5518795251846313
274601464,1,1.0942455856950868,1.8012226819992065
274674125,1,1.0942455856950868,1.5693705081939697
274683060,4,1.0,0.9497249722480774
274692036,4,1.0,1.1143798828125
274705570,2,2.648375282959045,3.133151054382324
274714511,2,1.871310434327066,2.894641160964966
274805847,0,3.425440131591025,3.9050240516662598
275181801,4,4.7407407407407405,3.6985249519348145
275183139,4,1.0942455856950868,1.1043652296066284
275183317,4,6.0,5.847965717315674
275777849,2,1.871310434327066,1.1806389093399048
276203863,0,1.7407407407407407,3.0346994400024414
276515974,3,1.0,1.2960225343704224
276962686,3,1.0942455856950868,1.7582356929779053
276974454,3,1.0,1.4420223236083984
277331416,1,3.0,3.2161619663238525
277331582,1,1.0,1.0887250900268555
277361152,3,1.871310434327066,2.096369981765747
277747503,4,2.648375282959045,5.132399082183838
277845997,3,3.3703703703703702,4.180528163909912
278195679,3,2.0,1.632535457611084
278215477,1,1.0,1.4393091201782227
278343497,0,3.425440131591025,2.7022619247436523
278633682,1,3.0,3.9629640579223633
278640704,1,1.0942455856950868,3.648649215698242
278783626,2,4.0,1.8889036178588867
279543448,3,1.0,1.709046721458435
279866139,0,1.0,1.0878232717514038
280163622,3,1.7407407407407407,1.9848506450653076
280307922,4,4.0,2.328639030456543
280309949,4,4.37037037037037,2.762484550476074
280457835,1,1.0,0.8605513572692871
281013385,2,7.0,4.2034010887146
281067740,4,1.0,0.6848054528236389
281943173,4,2.648375282959045,2.4851903915405273
282398573,2,1.0942455856950868,1.8601791858673096
282399289,2,3.0,2.5516281127929688
282666403,1,6.533699526118942,4.914613246917725
282842535,0,2.259259259259259,2.561014175415039
283536818,0,1.0,0.7300004959106445
284071614,3,1.0942455856950868,1.4374394416809082
284349373,3,3.111111111111111,3.3263423442840576
284918386,3,1.3703703703703702,0.8067845702171326
284927360,1,1.0,4.141315460205078
285393542,0,1.871310434327066,2.214649200439453
285475006,1,1.0,1.3121082782745361
285476011,1,1.3703703703703702,2.7429983615875244
285957632,1,4.0,2.4462101459503174
285958039,1,5.111111111111111,5.767812252044678
286234919,4,1.0,1.581602931022644
286240681,4,3.0,1.7592353820800781
286466009,1,2.3703703703703702,1.7397987842559814
286488682,4,1.0,1.4712896347045898
286512519,3,1.0,0.9560907483100891
286808424,2,1.0,1.2722270488739014
286883261,4,3.3703703703703702,4.937721252441406
287252082,1,4.0,2.688020944595337
287252607,2,1.0,1.148447036743164
288108932,1,1.0,0.6153212189674377
288153945,4,1.0,2.8301563262939453
288473882,1,1.0,2.327352285385132
288780924,1,1.0,0.8481769561767578
288883327,2,3.740740740740741,3.3874387741088867
289051453,0,1.0,0.9374160766601562
289111436,2,3.0,1.8479351997375488
289123900,4,1.0,2.692354202270508
289278586,1,3.425440131591025,2.0606322288513184
289837331,1,1.871310434327066,3.947874069213867
289916700,2,1.3703703703703702,2.577955484390259
290033911,2,2.648375282959045,1.764357566833496
290034020,2,2.7407407407407405,1.8395355939865112
290131270,2,1.0,1.282652497291565
290822978,3,1.871310434327066,0.8173529505729675
290929873,3,1.0,1.1129800081253052
291999037,3,1.0,1.2393112182617188
292097414,0,1.0,1.5031142234802246
292215607,0,1.0,1.2253029346466064
292475344,4,1.871310434327066,2.4917149543762207
292565904,1,1.0,0.6914331316947937
292566474,1,1.0,1.6900708675384521
292792295,0,4.0,1.2786247730255127
292792817,0,1.0,1.5095666646957397
293012736,0,5.0,3.872403860092163
293514675,3,1.0,1.5442286729812622
293599232,4,1.0,1.9281139373779297
293689876,4,1.3703703703703702,1.1407803297042847
293691572,3,2.111111111111111,2.1979780197143555
293876867,4,3.0,4.462233066558838
293930960,2,3.111111111111111,3.6260948181152344
294021307,1,1.0942455856950868,1.7606806755065918
294021601,1,5.0,3.793577194213867
294442523,2,2.648375282959045,5.330750465393066
294521720,0,1.0,1.230497121810913
294666426,4,1.0942455856950868,2.144408941268921
294666633,4,1.0942455856950868,2.4486749172210693
294691229,2,1.0,1.3417515754699707
294911042,1,4.0,5.798910140991211
295175082,4,1.0942455856950868,1.4128228425979614
295175694,4,4.202504980223004,4.865910530090332
295252006,0,2.6296296296296293,2.2431931495666504
295931565,4,1.0,2.783919095993042
295933469,3,1.0942455856950868,2.4913687705993652
295985117,4,1.6296296296296298,2.0954670906066895
295990918,4,4.62962962962963,5.4425859451293945
296200405,1,4.0,4.8028883934021
296791668,1,1.0942455856950868,1.4986002445220947
296923498,0,1.0,2.570108652114868
296975563,1,4.0,2.9637410640716553
297009293,1,1.0942455856950868,0.949868381023407
297263785,1,1.0,1.483574628829956
297269705,4,1.0,1.1901905536651611
297556559,0,3.3703703703703702,1.8378506898880005
297588675,4,6.370370370370369,4.487337112426758
297590018,2,3.3703703703703702,5.188965797424316
297716783,1,1.0942455856950868,0.8886852264404297
297972679,0,1.0942455856950868,1.5970526933670044
298224094,3,3.0,2.438591480255127
298303722,3,1.0,2.476572036743164
298881902,0,1.0,0.5412393808364868
299005740,3,5.0,3.0797152519226074
299006015,3,4.202504980223004,5.101797580718994
299171940,0,4.7407407407407405,5.709633827209473
299609811,0,6.0,3.3677046298980713
299792420,3,3.425440131591025,2.4452321529388428
299797815,3,1.871310434327066,5.625588417053223
299861162,1,1.0,1.026019811630249
300400566,1,1.0,0.9520716667175293
301030696,4,1.0942455856950868,1.5542161464691162
301138495,4,1.7407407407407407,3.920947313308716
301337358,0,1.0,3.5350217819213867
301338944,0,3.3703703703703702,1.926804780960083
301792935,3,1.0942455856950868,2.0653748512268066
302013232,1,1.0942455856950868,2.919013738632202
302340600,2,4.0,2.2036194801330566
302340691,2,2.3703703703703702,1.369002342224121
302709082,0,1.871310434327066,2.7927632331848145
303694559,0,1.0,1.699405312538147
304365239,0,3.740740740740741,6.5171356201171875
304411872,1,1.0942455856950868,1.0987164974212646
304459083,4,1.0,1.9511706829071045
304887674,3,2.7407407407407405,4.0311713218688965
304902732,2,1.3703703703703702,1.015539526939392
305087456,4,1.871310434327066,2.315908432006836
305127935,1,1.0,1.4359986782073975
305176147,3,1.6296296296296298,1.8594510555267334
305228734,3,1.3703703703703702,2.7470366954803467
305305992,2,6.533699526118942,5.007357597351074
305320665,3,3.425440131591025,1.998081922531128
305369936,4,3.0,3.7379236221313477
305472176,0,3.0,5.24921989440918
305541042,0,1.0942455856950868,1.7341690063476562
306064222,3,3.740740740740741,3.8398783206939697
306073100,3,1.0942455856950868,2.2417993545532227
306164247,2,3.0,5.580386161804199
306439267,4,1.0942455856950868,3.1652684211730957
306706831,0,3.0,1.7813968658447266
306978552,0,1.7407407407407407,4.070450305938721
307005765,3,4.202504980223004,3.283353328704834
307231754,0,1.0942455856950868,1.0013713836669922
307315849,4,1.0942455856950868,1.803381323814392
307398355,1,2.3703703703703702,1.890805959701538
307439755,1,1.0942455856950868,1.5677833557128906
307802936,3,1.6296296296296298,2.392716646194458
307812556,0,7.310764374750923,7.384119987487793
307838863,0,1.0942455856950868,1.1983506679534912
307929995,3,1.0942455856950868,3.7748727798461914
307992600,1,4.37037037037037,4.341092586517334
307993037,1,1.0,1.1313416957855225
308096498,3,1.0,1.7226767539978027
308144587,1,1.0942455856950868,2.8760054111480713
308244450,3,5.111111111111111,4.547468185424805
308300129,3,1.0,3.500028371810913
308312052,4,1.0942455856950868,1.018768072128296
308373646,0,1.0942455856950868,1.0443623065948486
308584320,3,1.0942455856950868,0.7534510493278503
308806344,4,1.0942455856950868,1.0285663604736328
309054603,2,1.0942455856950868,2.584934711456299
309128872,1,1.0,1.166923999786377
309145932,3,4.0,1.116456389427185
309161205,3,1.0,1.5365831851959229
309505551,0,1.0,1.9343581199645996
309574973,1,5.7566346774869634,6.979526996612549
309575154,1,1.7407407407407407,2.383817434310913
309631640,2,1.0942455856950868,1.5034356117248535
309657898,4,4.202504980223004,3.089468240737915
309797969,2,2.648375282959045,2.698974847793579
309799849,2,1.0942455856950868,1.7215570211410522
310040992,3,1.0,2.658432960510254
310232608,0,3.0,3.954958438873291
310257577,0,1.0,0.8754332065582275
310274930,4,3.0,1.7558503150939941
310319093,0,1.0,1.7044568061828613
310374536,2,1.0,1.883255124092102
310375103,2,1.0,1.7568747997283936
310547458,1,1.0,0.5618011355400085
310644582,4,3.425440131591025,2.0858707427978516
310878866,0,1.0,3.4875781536102295
310984490,1,1.0,2.337456226348877
311579346,3,3.425440131591025,6.113088130950928
312439872,1,1.871310434327066,3.032646894454956
312484467,4,1.0,0.9531561732292175
313544736,0,1.0,2.1297683715820312
313614369,2,1.0942455856950868,1.4743685722351074
313794425,0,3.0,3.6722726821899414
314155102,3,1.871310434327066,2.9953293800354004
314201523,2,7.74074074074074,4.2136640548706055
314202700,2,6.370370370370369,4.726165294647217
314607530,1,1.0942455856950868,1.3111426830291748
314634379,2,1.0942455856950868,1.4063829183578491
314647649,0,2.648375282959045,3.955925464630127
314888743,0,4.0,3.7126545906066895
314911842,3,2.3703703703703702,6.28715181350708
314915388,3,2.0,2.4705348014831543
314946053,2,1.0,1.6868990659713745
315007101,3,5.0,3.9550223350524902
315469896,3,3.740740740740741,2.6981253623962402
315483616,0,2.3703703703703702,3.735736846923828
315483708,0,6.111111111111111,4.380078315734863
315497619,0,3.425440131591025,4.7696757316589355
315614530,1,1.0,2.364084243774414
315618375,1,5.111111111111111,4.740655899047852
315642970,0,4.37037037037037,2.423624038696289
315669813,1,1.0942455856950868,1.3070675134658813
315758933,3,1.0,1.4200546741485596
315785902,4,5.0,1.4514472484588623
315791219,4,6.111111111111111,5.710977554321289
315931806,4,5.0,3.9874963760375977
315984241,3,3.3703703703703702,2.485121250152588
316031157,2,1.0942455856950868,1.5117862224578857
316519104,0,2.648375282959045,1.5445688962936401
316544603,2,1.3703703703703702,1.2331392765045166
316549231,4,1.871310434327066,3.584998607635498
316700304,1,1.0,0.7989742159843445
316792075,4,5.37037037037037,3.1808252334594727
316932677,2,3.0,4.3360772132873535
316933142,2,4.979569828854984,5.979860782623291
316973553,0,1.0,1.4788899421691895
317194875,4,1.0,1.3584063053131104
317264555,0,5.111111111111111,6.324978828430176
317671572,4,1.0,1.5081028938293457
317674965,2,1.6296296296296298,0.9863319396972656
317748605,2,2.0,1.571786642074585
317870742,3,1.871310434327066,2.150604248046875
318323892,1,1.0,1.3440769910812378
318347429,3,5.7566346774869634,3.409411668777466
318458841,1,1.871310434327066,2.217275381088257
318483100,0,1.6296296296296298,1.9978458881378174
318719663,0,1.0942455856950868,2.390712022781372
318805006,1,2.3703703703703702,1.2763855457305908
318834293,4,3.0,2.8602216243743896
318910917,0,5.0,2.730710506439209
319201384,0,3.3703703703703702,4.040535926818848
319255785,1,1.3703703703703702,0.9578531384468079
319257023,1,2.648375282959045,3.18552565574646
319326534,1,4.0,2.649822950363159
319335275,2,2.648375282959045,3.4593429565429688
319420017,1,1.0942455856950868,0.7478967308998108
319550343,1,2.648375282959045,2.9354922771453857
319558046,0,1.0,1.3175129890441895
319600734,4,1.0,0.8646263480186462
319754243,2,1.3703703703703702,1.3255655765533447
319828418,2,1.0,1.594667673110962
320016265,4,1.0,0.5589738488197327
320094015,1,8.37037037037037,7.430062770843506
320098989,4,1.0942455856950868,1.374157428741455
320099321,1,1.0,1.716431975364685
320187542,1,1.0,1.590498447418213
320218244,2,3.425440131591025,3.6291568279266357
320312812,1,1.871310434327066,2.959346055984497
320391940,4,4.37037037037037,3.679677724838257
320398633,3,4.7407407407407405,4.851459980010986
320462018,0,6.7407407407407405,4.3539838790893555
320508220,1,2.0,3.3554680347442627
320713781,1,5.37037037037037,5.416591644287109
320718138,1,1.7407407407407407,3.6301980018615723
320723072,2,2.3703703703703702,2.968552589416504
320723237,2,1.0,1.9238064289093018
320760747,4,6.0,5.460392475128174
320772915,3,3.425440131591025,5.327347278594971
320873049,1,1.0,1.3301806449890137
320952895,3,6.111111111111111,5.482276439666748
320961087,4,3.425440131591025,3.1569926738739014
321000149,0,2.648375282959045,1.9221417903900146
321000602,0,3.0,2.5828213691711426
321002103,0,1.3703703703703702,2.140556573867798
321055600,0,3.3703703703703702,1.6639280319213867
321129927,1,8.0,6.72568416595459
321197800,3,1.0942455856950868,1.5669782161712646
321198139,3,5.0,3.5141568183898926
321275370,3,3.3703703703703702,2.937544822692871
321454431,4,1.0942455856950868,2.684380531311035
321624238,0,1.0,0.915022611618042
321769389,2,1.0,0.8454841375350952
321773819,1,3.425440131591025,3.2335610389709473
321775493,1,1.0942455856950868,1.6061564683914185
321869005,2,1.0942455856950868,1.9612553119659424
321896091,2,1.0,1.6509881019592285
322179619,3,1.0,3.763566017150879
322239515,0,1.0,1.1247847080230713
322408895,2,4.62962962962963,3.565507411956787
322650749,3,1.0,1.1773161888122559
322657947,3,2.0,3.182521104812622
322657977,3,1.871310434327066,2.6068203449249268
322804610,0,2.3703703703703702,3.099843978881836
323054408,1,1.0,0.8240228295326233
323206077,1,2.648375282959045,5.048942565917969
323214303,2,1.0942455856950868,0.6188894510269165
323424219,3,1.3703703703703702,1.3114718198776245
323450711,1,1.0942455856950868,0.5239722728729248
323550811,2,1.0,2.5545835494995117
323998752,1,1.0,0.8787521123886108
324164633,0,5.629629629629629,6.4710493087768555
324165329,0,2.648375282959045,5.526576042175293
324240499,2,1.6296296296296298,3.918353319168091
324240783,2,4.979569828854984,4.574924468994141
324241859,2,7.310764374750923,5.075006484985352
324251993,0,1.0,0.9360513687133789
324259140,4,1.0,1.9588855504989624
324259214,4,1.0942455856950868,2.4615063667297363
325145497,0,1.0,1.8227269649505615
325364853,2,1.0,2.17440128326416
325425896,0,1.0,1.033090353012085
325536984,1,3.3703703703703702,2.3577370643615723
325645995,0,5.0,1.5207459926605225
325688654,2,1.0,3.326183795928955
325891005,1,1.0,0.7087149620056152
326079291,3,1.0,1.4809072017669678
326108264,3,1.0,3.006246566772461
326108608,3,1.0942455856950868,1.7159416675567627
326225459,0,1.871310434327066,3.3138508796691895
326269561,4,5.111111111111111,5.0455121994018555
326292344,4,1.0,1.3780174255371094
326342450,2,2.0,1.437945008277893
326343479,0,6.370370370370369,2.3309578895568848
326376377,4,3.425440131591025,3.5481460094451904
326376873,4,1.0942455856950868,1.423814296722412
326380032,4,1.0942455856950868,2.406874179840088
326391943,0,1.0942455856950868,1.4342726469039917
326434741,0,6.111111111111111,3.9096646308898926
326447592,3,7.310764374750923,5.115490436553955
326449658,0,5.0,4.299762725830078
326489967,3,1.0,1.1652424335479736
326575748,0,3.0,2.911691665649414
326580054,0,7.0,4.405214309692383
326641897,2,1.0,3.574760913848877
326686027,4,3.425440131591025,3.531557083129883
326901431,3,1.0,0.8667647242546082
326910515,1,1.0942455856950868,1.1163444519042969
326925605,0,1.0,1.093435287475586
326945194,4,2.3703703703703702,2.9043288230895996
327325093,4,3.425440131591025,3.538564682006836
327399769,0,4.979569828854984,5.036283493041992
327626890,3,1.0,3.4402904510498047
327747307,4,6.7407407407407405,7.673465728759766
327798159,2,1.871310434327066,2.0699124336242676
327798170,2,1.0942455856950868,2.7830021381378174
327798535,2,6.0,2.966121196746826
327961011,2,1.7407407407407407,1.739833950996399
327988577,3,5.7566346774869634,2.795456647872925
328060012,0,1.871310434327066,1.2231125831604004
328075987,1,1.0,1.297151803970337
328150191,1,4.202504980223004,4.539827346801758
328216744,4,3.0,3.4616708755493164
328217929,4,1.0,0.5968470573425293
328235217,1,1.0,1.8781917095184326
328340973,3,1.871310434327066,5.709867000579834
328360017,1,5.0,5.722218036651611
328368322,0,1.3703703703703702,1.5587118864059448
328384635,1,4.0,5.586575508117676
328671398,0,1.0942455856950868,1.7917133569717407
328726567,3,6.0,5.957202434539795
328856148,2,1.0,1.2074493169784546
328882623,4,3.425440131591025,3.387437343597412
329037562,3,3.425440131591025,6.635552406311035
329040475,1,6.0,5.189578533172607
329040830,1,3.0,1.7016421556472778
329055981,1,2.648375282959045,5.414943218231201
329072569,2,1.0,1.414106011390686
329205968,3,4.37037037037037,5.132277488708496
329478485,0,1.0,1.549649953842163
329548406,1,3.0,2.5822761058807373
329623431,2,3.425440131591025,4.904519081115723
329828741,3,5.7566346774869634,6.363399982452393
329898027,3,1.0942455856950868,1.0954210758209229
329961165,0,1.0,0.9793844819068909
329976138,4,5.7566346774869634,7.4118828773498535
330073876,1,1.871310434327066,3.460537910461426
330089907,2,3.425440131591025,3.2470529079437256
330317891,2,5.0,2.5747385025024414
330323789,4,3.0,2.2591586112976074
330365699,3,1.0,2.558285713195801
330367291,3,1.0942455856950868,2.244542121887207
330405999,4,1.0942455856950868,1.2663521766662598
330425922,2,1.0,2.068528175354004
330441818,3,1.0942455856950868,1.1130708456039429
330563917,0,1.0942455856950868,2.0680088996887207
330693939,0,1.0,1.0484718084335327
330732392,1,1.3703703703703702,2.774261713027954
330775486,1,2.648375282959045,1.4333398342132568
330864451,1,6.0,6.657541751861572
330966322,4,2.111111111111111,1.5257468223571777
330967302,4,1.0,0.9666388630867004
330998851,2,7.111111111111111,5.061134338378906
331075456,0,4.0,5.656750202178955
331153499,1,1.0942455856950868,1.6305463314056396
331250233,2,2.0,1.6029528379440308
331257380,4,1.3703703703703702,1.847710132598877
331432035,0,1.0,1.3925665616989136
331602745,0,2.0,1.9405341148376465
331667811,0,5.7407407407407405,4.999156951904297
331731875,4,5.999999999999999,6.613274574279785
331888763,2,1.0,1.0989139080047607
331925440,2,1.0942455856950868,1.2938096523284912
331929710,2,5.0,5.521616458892822
331950422,3,5.0,4.862349510192871
332042656,4,1.0942455856950868,0.9591864347457886
332063810,4,1.0,1.0006992816925049
332093757,0,1.0,1.454237699508667
332184383,0,1.0942455856950868,1.991605281829834
332205247,2,6.0,3.7279181480407715
332218074,0,1.0,1.403104305267334
332258927,0,1.0,1.7875550985336304
332259134,0,1.0,0.9507155418395996
332537326,1,1.0,1.3585431575775146
332606419,1,1.6296296296296298,1.8061565160751343
332672726,4,5.0,1.784285306930542
332673561,4,6.533699526118942,3.075007677078247
332695570,2,2.6296296296296293,5.26858377456665
332927003,1,3.425440131591025,2.7591917514801025
332927510,1,3.0,1.9228086471557617
333006953,4,1.0,0.5145130157470703
333122901,4,1.0,1.013635277748108
333373786,4,4.7407407407407405,3.3380446434020996
333533237,4,1.0,1.0129081010818481
333535080,4,1.0942455856950868,1.1040540933609009
333639726,0,2.0,4.468991279602051
333751357,0,5.0,3.977489471435547
333855122,1,2.3703703703703702,3.418889284133911
333972154,1,4.0,3.857597827911377
334046938,0,1.3703703703703702,2.850670337677002
334050236,1,4.202504980223004,4.921700954437256
334132794,2,2.648375282959045,1.8062169551849365
334254329,3,1.0,1.1183173656463623
334318930,3,3.0,3.726830005645752
334342040,1,6.7407407407407405,5.877479076385498
334354675,4,1.0942455856950868,1.2718420028686523
334436854,0,1.0,1.3351640701293945
334474713,3,1.0,1.9459941387176514
334482053,0,5.111111111111111,3.8764097690582275
334551247,0,3.0,4.777857780456543
334566826,4,2.111111111111111,2.211409091949463
334658128,3,4.0,5.2063069343566895
334729594,3,4.37037037037037,5.030583381652832
334741798,2,1.0,1.5407581329345703
334969203,0,1.0942455856950868,1.3829286098480225
335014043,0,1.871310434327066,3.9670510292053223
335032875,1,1.0,2.344271183013916
335128515,2,1.871310434327066,1.7078875303268433
335210420,4,6.533699526118942,6.19766902923584
335237949,3,2.3703703703703702,1.8259406089782715
335238798,3,5.0,4.372372627258301
335257267,3,1.0942455856950868,1.9314106702804565
335260614,2,4.7407407407407405,4.913221836090088
335409781,4,1.0942455856950868,3.087023973464966
335410161,4,4.979569828854984,5.600923538208008
335460094,1,2.648375282959045,4.996511936187744
335595192,4,2.648375282959045,3.1427457332611084
335608107,3,1.0942455856950868,0.5864009261131287
335685576,3,1.0,1.9387496709823608
335689739,0,2.648375282959045,4.447033882141113
335711187,0,1.0942455856950868,1.648331880569458
335714089,0,7.111111111111111,7.224391460418701
335798890,0,1.0942455856950868,1.0346240997314453
335863990,3,1.0942455856950868,1.8251619338989258
336139551,3,1.0,3.1439385414123535
336148614,4,3.0,1.4987640380859375
336152400,1,1.0,2.0159263610839844
336161298,1,3.425440131591025,3.05713152885437
336161322,1,1.3703703703703702,2.8128821849823
336236076,0,1.6296296296296298,2.3022215366363525
336287860,0,1.0942455856950868,2.4973411560058594
336316972,0,3.425440131591025,2.0744619369506836
336320001,2,1.0942455856950868,2.1682968139648438
336360105,2,1.3703703703703702,2.143956422805786
336413503,4,2.648375282959045,2.8858144283294678
336438500,2,1.0942455856950868,1.7562761306762695
336525088,4,4.481481481481481,2.2878236770629883
336616396,4,1.871310434327066,1.9423730373382568
336641771,4,1.0942455856950868,1.8948506116867065
336642133,4,4.202504980223004,2.5150632858276367
336667797,2,1.0,1.3094677925109863
336715197,1,3.0,3.9491355419158936
336796897,4,1.0,1.36015784740448
336983182,4,3.0,2.879261016845703
336987957,4,1.0942455856950868,2.1476197242736816
336998037,3,1.0,1.2996935844421387
337049933,3,3.425440131591025,3.678647994995117
337097968,0,1.0,1.420933485031128
337140229,1,1.0,1.4812853336334229
337288415,1,1.0942455856950868,2.1552650928497314
337523607,2,5.7566346774869634,3.037344217300415
337659309,3,6.533699526118942,7.944192886352539
337671323,4,4.202504980223004,3.406646490097046
337677590,4,4.0,1.9732105731964111
337726225,4,1.0942455856950868,2.5549826622009277
337790603,2,1.0942455856950868,1.8238869905471802
337886201,2,1.0,0.7652621865272522
337913265,0,2.888888888888889,2.9411420822143555
337922327,3,1.0942455856950868,1.0379912853240967
337942326,3,5.0,3.671560525894165
338011055,3,1.0942455856950868,1.2481366395950317
338201340,0,1.0942455856950868,2.0913658142089844
338271545,1,3.0,2.4889209270477295
338278016,1,1.0,1.7792086601257324
338364458,0,6.0,6.567779541015625
338371563,2,7.74074074074074,5.976194381713867
338390919,3,4.979569828854984,7.490017414093018
338558027,4,1.0,2.6699657440185547
338558546,4,3.0,5.419720649719238
338604901,1,1.871310434327066,1.3672075271606445
338775912,1,5.0,2.0951645374298096
338895904,1,1.0,1.2324179410934448
338901308,4,1.0,1.5709670782089233
338943237,0,1.0,5.191195487976074
338953276,0,6.7407407407407405,6.754486083984375
338993610,2,1.0942455856950868,2.290670394897461
338993923,2,3.0,2.264436721801758
339096124,4,2.3703703703703702,2.6045923233032227
339198518,0,1.0,1.558520793914795
339220218,1,1.871310434327066,2.889108896255493
339229282,0,4.979569828854984,3.845839500427246
339254762,4,1.6296296296296298,2.1530346870422363
339258407,0,2.6296296296296293,2.5407803058624268
339372423,4,1.871310434327066,2.266218900680542
339376622,4,1.7407407407407407,4.16977596282959
339392745,1,1.0,0.795806348323822
339405295,1,1.0,1.3598859310150146
339479631,3,1.3703703703703702,0.9885129332542419
339505767,4,3.425440131591025,3.6718547344207764
339667965,0,1.0,0.9721071124076843
339682870,4,5.0,3.080850124359131
339956819,2,6.533699526118942,7.649004936218262
339957132,2,5.7407407407407405,4.033016204833984
339961250,4,1.0942455856950868,1.2915626764297485
339967819,4,3.0,4.160001754760742
340078109,1,3.425440131591025,3.5723540782928467
340219139,4,2.648375282959045,3.223345994949341
340256671,0,1.0942455856950868,1.523432731628418
340276822,1,3.0,1.780837059020996
340283651,0,3.0,2.0939645767211914
340327635,2,1.0,1.2194695472717285
340387221,2,4.62962962962963,4.495054244995117
340938595,2,1.871310434327066,4.4993743896484375
340938793,2,1.0942455856950868,0.6602374911308289
340939114,2,1.0,2.527695894241333
340948457,1,1.0942455856950868,1.787942886352539
340957670,3,2.7407407407407405,4.2798542976379395
341034298,3,4.0,1.85136878490448
341109592,3,1.0,1.045271873474121
341136694,0,1.0,1.1918647289276123
341173719,4,1.0,1.0727102756500244
341267817,2,3.0,1.7154682874679565
341383559,1,1.0,3.624577045440674
341383914,0,2.0,1.2091113328933716
341400247,3,1.0,0.5836526155471802
341487265,0,5.7566346774869634,3.823913097381592
341488180,0,5.7407407407407405,2.944293260574341
341539423,3,1.871310434327066,2.021726608276367
341539949,3,2.0,2.4546008110046387
341680025,0,3.0,1.5834156274795532
341737811,0,2.0,5.336007118225098
341777940,3,7.111111111111111,6.185845851898193
341824025,4,1.0,0.8128249049186707
341837047,3,3.425440131591025,5.905040264129639
341847339,0,1.0,1.8925745487213135
341953146,4,4.202504980223004,6.008413791656494
341964163,1,1.0942455856950868,3.2634425163269043
342115286,0,1.0,1.4331014156341553
342116292,1,1.871310434327066,3.361921548843384
342128484,4,4.202504980223004,3.5923166275024414
342128495,4,4.202504980223004,2.104921340942383
342164790,4,3.0,2.319688081741333
342226490,4,3.740740740740741,2.8543643951416016
342259337,4,1.0942455856950868,4.029911041259766
342272396,3,1.0,3.214777708053589
342272426,3,1.0,1.308450698852539
342278802,2,2.648375282959045,2.925814390182495
342317416,3,1.0,1.4651044607162476
342318807,3,2.648375282959045,2.4878764152526855
342328487,1,1.0,2.8967645168304443
342401332,3,1.0,3.30778431892395
342415425,0,1.871310434327066,3.651379108428955
342454532,3,1.871310434327066,3.702017307281494
342461252,0,3.740740740740741,3.9826347827911377
342507977,0,1.0,1.6998227834701538
342546455,4,6.0,5.467795372009277
342566956,0,7.0,6.492546081542969
342608818,2,1.0,0.8753334879875183
342713285,1,1.0942455856950868,1.679706335067749
342713435,1,1.0942455856950868,3.258965015411377
342714491,1,4.37037037037037,4.586366176605225
342738350,4,2.0,1.8359787464141846
342739048,4,1.0,1.8938660621643066
342840613,0,4.202504980223004,5.292177200317383
342840964,0,3.0,3.96561861038208
343078619,4,1.0,1.2328743934631348
343104628,2,6.0,2.7593116760253906
343170051,0,3.425440131591025,5.682655334472656
343365062,2,2.888888888888889,4.382626533508301
343414833,0,4.202504980223004,3.1720094680786133
343527077,1,2.6296296296296293,5.788771152496338
343541130,0,1.0,0.951591432094574
343581803,3,3.425440131591025,2.4173123836517334
343589927,3,1.0942455856950868,2.0138778686523438
343745491,2,1.0,1.49531888961792
343769000,3,1.6296296296296298,2.83373761177063
343902964,4,4.481481481481481,4.437850475311279
343916868,1,1.0,0.9727686643600464
343942711,2,1.0,1.3919768333435059
344045737,1,4.0,1.9747716188430786
344053253,1,2.0,3.5875165462493896
344062764,1,4.0,3.387310266494751
344063920,1,2.648375282959045,5.251245498657227
344080860,0,3.740740740740741,3.8946919441223145
344145952,4,1.0,2.654090642929077
344159000,4,6.111111111111111,4.290050506591797
344160529,4,1.6296296296296298,1.350986361503601
344163685,1,2.648375282959045,4.157111167907715
344195999,0,1.0942455856950868,1.105607271194458
344226864,1,1.0,0.9609625339508057
344369267,1,2.648375282959045,1.7602474689483643
344380469,4,1.0,1.0407841205596924
344569507,1,1.871310434327066,2.0185039043426514
344610585,4,1.0942455856950868,0.4302462935447693
344693455,0,4.481481481481481,5.315929889678955
344852503,3,1.0,2.7407140731811523
344900800,1,3.425440131591025,1.963657259941101
344987304,4,1.0,1.2880144119262695
344993204,1,1.0,0.6458771824836731
345036619,2,6.533699526118942,4.043710231781006
345141940,1,1.0942455856950868,1.6363978385925293
345188414,4,1.871310434327066,1.3943012952804565
345216864,4,4.202504980223004,3.546661853790283
345217002,3,1.871310434327066,3.0930867195129395
345234251,2,1.6296296296296298,5.519008636474609
345255002,0,7.0,6.333942413330078
345306929,2,1.0942455856950868,0.3477775752544403
345364070,1,1.0942455856950868,4.647258281707764
345389872,0,1.871310434327066,1.4121321439743042
345393591,1,1.6296296296296298,3.3465120792388916
345515493,0,1.0,1.8968424797058105
345604869,3,1.0,1.6009416580200195
345800304,1,1.871310434327066,3.5243775844573975
345813835,1,1.0,2.9830162525177
345836157,1,1.3703703703703702,2.922389268875122
345836452,1,1.0942455856950868,2.708155393600464
345837983,1,2.648375282959045,4.170603275299072
345845297,4,1.0942455856950868,1.0038032531738281
345877830,0,1.0,0.9067004323005676
345878535,4,4.37037037037037,3.271765947341919
346198084,1,1.0,1.4991874694824219
346257194,3,1.0,1.1793367862701416
346375157,4,1.871310434327066,4.234724998474121
346387773,0,1.0,0.9118989706039429
346444451,4,1.0,1.0061039924621582
346511628,0,5.7566346774869634,4.585423469543457
346558171,1,4.979569828854984,6.636184215545654
346576896,0,3.0,2.4043025970458984
346602295,3,1.0,1.5535271167755127
346695829,0,1.0,0.9320541620254517
346726629,4,1.0,0.8894655704498291
346946250,4,3.740740740740741,2.3611867427825928
347070156,0,3.111111111111111,3.9986627101898193
347075759,3,1.0,2.644763708114624
347085078,3,1.0,0.9250059723854065
347156672,0,4.0,4.078718185424805
347380126,3,6.0,2.850006103515625
347458272,4,1.0942455856950868,0.7459524869918823
347465549,0,1.0942455856950868,1.7778187990188599
347667705,3,6.7407407407407405,5.621640682220459
347728672,2,3.425440131591025,3.9168882369995117
347728976,2,2.7407407407407405,3.27707576751709
347756525,3,4.481481481481481,6.188945293426514
347763620,2,3.0,4.562688827514648
347873229,2,1.0942455856950868,2.6357388496398926
347940985,0,4.37037037037037,1.1400445699691772
347943397,0,1.0,1.525752067565918
347980316,4,1.0,1.8983619213104248
348008600,1,6.0,5.249844074249268
348009903,1,6.0,6.533479690551758
348039079,2,1.0,1.0850856304168701
348056220,1,1.0942455856950868,0.6205627918243408
348090282,2,5.37037037037037,2.531961441040039
348144510,2,4.111111111111111,4.2752838134765625
348146407,4,4.0,1.8773033618927002
348213336,4,1.871310434327066,2.847182273864746
348744614,4,1.0,1.258410930633545
348782994,2,2.111111111111111,2.4710097312927246
348881881,2,1.6296296296296298,1.6844842433929443
348920130,1,1.0,1.1526681184768677
349004054,3,1.0,1.3187451362609863
349049910,4,2.7407407407407405,2.3184218406677246
349058786,2,2.648375282959045,2.2683961391448975
349112067,3,1.0,1.384390950202942
349139426,3,1.0,1.3346331119537354
349143519,1,5.999999999999999,5.698213577270508
349156298,3,1.0942455856950868,0.8656479716300964
349281513,0,1.0,1.0331997871398926
349283853,0,1.0942455856950868,1.2639683485031128
349342500,1,3.0,2.8015201091766357
349439455,3,1.0,1.0495198965072632
349440063,3,4.7407407407407405,5.194857597351074
349541242,3,5.7566346774869634,5.859300136566162
349548098,0,5.7566346774869634,5.283798694610596
349576812,0,5.0,3.2329721450805664
349580035,2,6.481481481481481,4.66457462310791
349635116,2,1.0942455856950868,0.9822407960891724
349645655,2,1.871310434327066,2.495656967163086
349656682,4,1.3703703703703702,1.6723259687423706
349657259,4,1.0942455856950868,1.3962936401367188
349763399,0,1.0,1.3849585056304932
349854709,0,7.0,3.635328531265259
349974496,1,1.0,1.8001277446746826
349997903,1,1.0,0.9874231815338135
350003809,1,5.7566346774869634,6.5013628005981445
350127785,4,2.6296296296296293,1.9728055000305176
350201884,4,5.0,5.788036346435547
350215566,0,4.111111111111111,3.686025857925415
350368660,0,3.0,3.401189088821411
350410455,1,1.0942455856950868,2.3759772777557373
350420542,2,1.0942455856950868,1.9397536516189575
350556630,2,1.6296296296296298,4.252376556396484
350804606,3,1.0942455856950868,1.3543652296066284
350805729,2,1.0,1.3173527717590332
350812851,3,2.3703703703703702,1.6991145610809326
350853418,1,4.481481481481481,5.099050045013428
350876189,1,5.7566346774869634,6.109385013580322
350906409,3,1.0,1.2850507497787476
351142714,2,1.0,1.0094773769378662
351334385,1,1.871310434327066,2.1295297145843506
351380809,1,2.648375282959045,1.5430200099945068
351508557,3,1.6296296296296298,1.1060388088226318
351555867,3,6.111111111111111,5.967520236968994
351632037,3,4.979569828854984,4.877434730529785
351644812,3,1.0,1.0812286138534546
351662776,0,1.0942455856950868,1.439272165298462
351714146,2,1.0,1.0066192150115967
351716160,4,7.74074074074074,7.8998541831970215
351717902,4,1.0942455856950868,2.3279075622558594
351792283,3,3.0,1.8519599437713623
351830727,3,4.0,1.9788740873336792
351877726,1,3.740740740740741,3.6298677921295166
352137919,0,1.6296296296296298,5.24819803237915
352163516,4,1.0942455856950868,1.7467315196990967
352163544,4,9.0,7.452693939208984
352377506,3,1.0,1.104790210723877
352727905,3,4.37037037037037,4.294445991516113
352931621,1,1.0,1.8179364204406738
352931641,1,1.0942455856950868,1.9065994024276733
352945310,1,1.0942455856950868,2.161156177520752
353050687,4,2.0,3.495832920074463
353194502,0,1.0,1.06742525100708
353222990,4,1.0942455856950868,2.5434718132019043
353277521,3,2.648375282959045,4.059114933013916
353314292,3,1.0,1.0074703693389893
353324171,1,2.648375282959045,1.824021577835083
353408482,1,1.871310434327066,2.752906322479248
353431202,2,1.0,1.2896208763122559
353431392,0,1.0,4.062385559082031
353475666,2,1.0942455856950868,2.023933172225952
353563808,2,6.7407407407407405,3.4193010330200195
353590045,2,1.0942455856950868,1.5930581092834473
353725776,0,2.0,2.643932580947876
353866427,4,1.0942455856950868,1.9748982191085815
353913273,2,1.0,1.7831023931503296
353941547,0,3.111111111111111,3.8110461235046387
353967398,3,1.0,1.485830545425415
354054400,4,1.6296296296296298,2.3426613807678223
354063237,1,1.0,1.0803050994873047
354184282,2,3.425440131591025,4.94630241394043
354205023,2,4.979569828854984,6.550745964050293
354205307,2,1.0,1.1741026639938354
354234745,3,1.0942455856950868,0.7948454022407532
354414779,0,5.7407407407407405,3.914947509765625
354460840,2,1.871310434327066,2.6743059158325195
354471553,2,1.0942455856950868,0.21219737827777863
354578466,4,3.0,1.2691699266433716
354658144,2,2.648375282959045,2.5194242000579834
354948423,1,1.0,2.0499820709228516
355001607,1,4.0,2.9319398403167725
355003114,1,1.0,1.55955171585083
355019945,2,2.7407407407407405,5.1673583984375
355164671,1,4.202504980223004,5.611020565032959
355362046,1,2.0,2.093400001525879
355615811,1,6.0,4.926055431365967
355728832,2,2.0,5.124527931213379
355737512,0,4.202504980223004,3.7901692390441895
355826080,0,1.0,1.024099588394165
355857137,3,3.0,3.8214519023895264
355937151,1,3.0,2.0282704830169678
355946640,0,6.0,4.2945170402526855
355964444,4,3.0,2.1562023162841797
355964555,4,1.0,2.542344570159912
355974987,1,1.0,1.1515779495239258
356070629,4,3.0,4.912186622619629
356112030,4,3.425440131591025,2.960953712463379
356134022,1,3.0,1.4373574256896973
356140809,4,5.0,3.5588417053222656
356255755,2,3.740740740740741,5.827571392059326
356277563,1,8.0,4.492851734161377
356288995,4,1.3703703703703702,1.5206726789474487
356290569,3,4.7407407407407405,5.3397603034973145
356304771,3,1.0,0.5285159945487976
356398244,4,5.7566346774869634,5.599420547485352
356399699,4,1.0,0.9183380007743835
356406284,3,6.533699526118942,5.278341293334961
356407157,3,3.3703703703703702,4.19568395614624
356407833,3,1.0942455856950868,1.3181822299957275
356510099,0,1.0,1.1848411560058594
356637183,4,1.0,1.6646279096603394
356662263,3,4.979569828854984,5.173884868621826
356720854,1,1.0942455856950868,1.9444479942321777
356870227,4,1.0,1.1187725067138672
356885507,4,1.0,1.2846479415893555
356941352,1,6.111111111111111,5.811081409454346
356959186,1,1.0942455856950868,1.9413483142852783
356961583,1,2.0,2.004173994064331
357132305,1,6.7407407407407405,5.3007731437683105
357294963,0,1.0942455856950868,0.669147789478302
357393982,0,1.0942455856950868,1.9120001792907715
357612732,3,1.871310434327066,2.1603164672851562
357754465,0,1.0942455856950868,1.8932257890701294
357764556,4,2.851851851851852,1.7828633785247803
357800750,3,1.0,0.8805628418922424
357838242,3,2.0,1.8730965852737427
357891263,0,6.0,2.930424690246582
358262353,2,1.0,2.8924989700317383
358350080,2,6.0,2.9216785430908203
358458518,4,1.0942455856950868,1.5583163499832153
358526430,1,1.871310434327066,3.6852941513061523
358580751,4,1.0,1.5080039501190186
358583383,3,8.0878292233829,8.42703914642334
358618535,2,5.0,4.811034202575684
358663611,4,6.7407407407407405,7.28481388092041
358668052,1,6.0,1.1092250347137451
358953365,3,7.0,5.9077277183532715
358985772,1,1.0,1.029195785522461
358996742,0,1.0942455856950868,1.119376540184021
359000941,3,5.0,2.9913010597229004
359105333,1,5.7407407407407405,5.247419834136963
359146087,3,1.3703703703703702,3.45314621925354
359198355,4,2.0,2.8676323890686035
359315644,4,1.6296296296296298,2.1695520877838135
359345321,1,1.0,2.1759941577911377
359345697,4,1.0,1.0436351299285889
359371046,2,1.0,1.5978131294250488
359392451,0,4.0,4.946682929992676
359395723,0,4.0,4.610439300537109
359397260,0,1.0942455856950868,2.09383225440979
359403808,4,1.0,3.5370190143585205
359454147,3,2.3703703703703702,2.6714630126953125
359672283,4,3.0,3.8205442428588867
359714068,0,2.0,1.7435094118118286
359715319,0,1.0,1.9428536891937256
359751904,4,2.0,2.9482624530792236
359785490,4,2.648375282959045,3.6962080001831055
359785539,2,5.7566346774869634,4.571307182312012
359796571,3,1.0,2.199566125869751
359816527,1,1.0942455856950868,0.6109306812286377
359817901,1,1.0,0.7307449579238892
359826195,3,6.533699526118942,7.4148149490356445
359827197,3,7.310764374750923,7.734410762786865
359827758,3,1.0,3.750476837158203
359833586,3,1.871310434327066,3.5359859466552734
359855194,4,4.202504980223004,4.103872776031494
359940626,3,1.0942455856950868,1.6533780097961426
359962909,3,1.0942455856950868,1.102651596069336
360039665,2,1.0942455856950868,1.0369062423706055
360065484,1,1.0,0.926602840423584
360116850,4,1.0,1.5760884284973145
360229418,0,7.111111111111111,2.7599451541900635
360304077,2,1.0,1.9611473083496094
360306796,2,1.0942455856950868,1.053027868270874
360307064,2,1.0942455856950868,1.9547317028045654
360395756,2,1.0,2.1090047359466553
360497050,3,4.0,1.5056273937225342
360559613,0,3.0,1.4546830654144287
360580404,1,4.202504980223004,3.2324295043945312
360580456,1,4.0,0.7871673107147217
360678420,4,1.0942455856950868,2.5352375507354736
360794991,4,1.871310434327066,1.4808000326156616
360876957,1,2.6296296296296293,4.435500621795654
360909082,0,1.3703703703703702,2.909059524536133
360909874,0,2.6296296296296293,1.8127994537353516
361147615,4,1.0,2.6251978874206543
361239670,2,1.0942455856950868,2.322178840637207
361429739,4,5.7566346774869634,3.3695967197418213
361505283,3,1.0,1.6804693937301636
361666162,3,1.3703703703703702,2.477168560028076
361666311,3,3.3703703703703702,3.2511308193206787
361750309,2,1.6296296296296298,1.0340063571929932
361750725,2,1.0,1.381630539894104
361814943,0,3.3703703703703702,1.8924342393875122
361935366,2,1.0,1.884537935256958
361936981,2,1.0942455856950868,2.340718984603882
361978035,4,6.533699526118942,6.360358238220215
362010333,1,3.425440131591025,4.576350212097168
362109977,0,1.0,1.36757493019104
362170258,2,1.871310434327066,3.981379747390747
362193039,0,1.0942455856950868,1.3419252634048462
362204142,4,6.0,5.801365852355957
362211409,2,4.481481481481481,6.426480293273926
362212208,2,1.0,3.243481397628784
362213012,2,1.0942455856950868,1.4819047451019287
362296046,4,6.7407407407407405,4.099942207336426
362296302,4,1.0942455856950868,1.260293960571289
362297506,4,2.111111111111111,1.365027666091919
362463733,2,3.425440131591025,2.387525796890259
362464019,2,1.871310434327066,1.8779680728912354
362535169,0,3.0,2.603482723236084
362535255,0,1.0942455856950868,2.582676649093628
362690595,1,1.0942455856950868,1.1268656253814697
362743486,3,1.6296296296296298,1.7281619310379028
362787764,1,1.0,0.8103428483009338
362832092,3,4.37037037037037,3.6757662296295166
362934249,2,3.425440131591025,3.318002223968506
362941413,1,1.0,0.8782530426979065
363112002,0,2.7407407407407405,1.8922141790390015
363151595,2,1.0942455856950868,1.7523236274719238
363172827,2,7.370370370370369,5.360023498535156
363179312,0,8.0,7.646889686584473
363179735,0,1.0,2.1633472442626953
363186005,2,1.0942455856950868,2.4718337059020996
363282102,4,1.0942455856950868,4.652807712554932
363372754,2,1.0942455856950868,2.0369632244110107
363377994,4,3.0,3.028101921081543
363393275,1,2.0,1.6611658334732056
363481024,4,5.7407407407407405,5.78328800201416
363489940,3,1.0,1.2154755592346191
363521844,1,2.0,2.0710368156433105
363572316,0,1.0942455856950868,1.3742055892944336
363572530,0,4.0,1.8586087226867676
363587923,4,4.0,2.202859401702881
363728545,2,1.3703703703703702,2.229719400405884
363770941,3,4.0,2.1654510498046875
363791726,4,1.0942455856950868,1.3324681520462036
363904931,3,1.0,0.7453946471214294
363929588,3,5.7566346774869634,5.813195705413818
363990653,0,1.0,2.6079554557800293
364247942,2,5.481481481481481,5.17002010345459
364404260,0,3.2592592592592595,3.2649669647216797
364468234,3,4.979569828854984,3.435753345489502
364481657,0,2.0,1.2757428884506226
364656221,2,1.0,0.7429131269454956
364674591,1,3.425440131591025,3.3318991661071777
364696754,4,1.0,1.5340224504470825
364753932,3,1.0942455856950868,1.8683595657348633
364819699,4,3.0,3.271653175354004
364820479,0,5.7566346774869634,3.9539482593536377
364864337,1,1.6296296296296298,3.416149139404297
364879796,1,4.37037037037037,3.3875043392181396
364953826,3,1.0,2.5486109256744385
365037540,1,2.648375282959045,2.494769334793091
365039360,0,1.871310434327066,1.4734433889389038
365109080,3,1.0942455856950868,1.4788517951965332
365136952,4,1.0942455856950868,0.489861398935318
365139241,3,4.111111111111111,3.864847183227539
365172635,0,1.0942455856950868,1.5585384368896484
365187127,0,1.0,1.2910654544830322
365194897,4,1.0942455856950868,1.8229327201843262
365233322,4,1.0,3.8798892498016357
365423974,4,3.425440131591025,0.9255670309066772
365634440,1,1.0,1.0376560688018799
365642084,2,3.425440131591025,1.0925790071487427
365750504,1,3.0,3.793393611907959
365884744,3,1.0,1.3664870262145996
365904132,1,3.425440131591025,2.784444808959961
365959999,0,1.0942455856950868,1.6531007289886475
366106309,1,1.0,3.519912004470825
366296667,2,4.62962962962963,2.222067356109619
366298223,2,1.0,2.7552952766418457
366317363,3,1.0,2.0119614601135254
366351769,4,1.3703703703703702,0.646918773651123
366359016,4,1.871310434327066,2.620725631713867
366363984,4,1.0,0.8598277568817139
366364278,4,1.0,1.424409031867981
366372497,1,1.0942455856950868,1.6564867496490479
366381981,1,1.6296296296296298,2.8727128505706787
366406849,3,5.7566346774869634,4.150156497955322
366436882,1,4.979569828854984,2.422899007797241
366469726,1,1.0,1.3127455711364746
366988409,0,1.0,1.2718560695648193
366988563,0,2.648375282959045,2.720041275024414
366992279,3,1.0,1.8417658805847168
367005337,0,1.871310434327066,2.5775418281555176
367102002,0,5.7407407407407405,3.8253250122070312
367233917,0,3.0,4.15889310836792
367738141,4,1.0,1.5367887020111084
367785161,4,5.0,3.7469992637634277
367820028,0,3.3703703703703702,4.25729513168335
367820735,0,1.0,1.827453374862671
368095658,0,1.0,1.804580569267273
368119796,1,1.871310434327066,2.1065022945404053
368153749,1,6.533699526118942,6.868617534637451
368185435,4,4.481481481481481,4.391756057739258
368301737,1,1.3703703703703702,1.587921380996704
368306370,3,3.425440131591025,3.093120574951172
368438789,0,1.0942455856950868,3.6614797115325928
368439587,3,1.871310434327066,1.1368725299835205
368673842,0,1.0,1.1825034618377686
368674585,0,4.202504980223004,4.580514907836914
368749284,3,1.0,2.3216991424560547
368839039,3,4.0,1.261305809020996
368839888,3,1.7407407407407407,3.0883731842041016
368908917,0,4.0,4.605327606201172
368908974,4,2.648375282959045,3.0173120498657227
368909539,0,7.310764374750923,7.834946632385254
368961081,3,3.0,2.828792095184326
368972410,0,1.0,1.9312381744384766
368980273,1,5.7407407407407405,6.116992950439453
369124333,2,1.0942455856950868,0.9702536463737488
369126743,4,3.740740740740741,2.7544214725494385
369217524,2,1.0942455856950868,3.1226842403411865
369250570,3,6.0,5.975977420806885
369270193,3,3.0,1.8004000186920166
369270210,3,2.0,2.0847764015197754
369410381,3,1.3703703703703702,1.4037389755249023
369429361,4,1.0942455856950868,2.8615055084228516
369432506,2,4.37037037037037,5.196191787719727
369556023,3,1.0,2.6359596252441406
369643609,2,1.0,1.137174129486084
369896253,1,6.533699526118942,3.866089344024658
369939985,0,1.0,3.626039505004883
369952334,3,1.0942455856950868,1.7007477283477783
370036626,1,3.425440131591025,3.5346314907073975
370109816,2,1.0,1.2059059143066406
370148436,1,1.0,2.7632296085357666
370310239,2,1.3703703703703702,2.2708635330200195
370327493,1,3.0,4.305299282073975
370339534,4,1.0942455856950868,1.3239269256591797
370373041,0,6.370370370370369,5.371307849884033
370497498,1,1.0,2.0168399810791016
370555001,2,1.6296296296296298,1.6876351833343506
370556287,2,1.0942455856950868,1.5900943279266357
370556293,2,1.0942455856950868,2.296267032623291
370556856,2,5.0,2.6161789894104004
370557608,2,1.0942455856950868,3.4460983276367188
370640903,2,3.425440131591025,3.2848258018493652
370705363,3,1.0,0.8452005982398987
370705733,3,1.0,1.520015001296997
370830927,2,1.0942455856950868,1.0464296340942383
370896290,2,2.0,5.13388729095459
370923206,2,3.3703703703703702,3.2088115215301514
371022829,1,1.0,1.046665906906128
371073953,4,1.6296296296296298,5.566499710083008
371075891,0,7.370370370370369,5.345653533935547
371118936,0,2.648375282959045,2.744875907897949
371156249,0,6.533699526118942,6.970529556274414
371274430,3,1.0,1.0324513912200928
371448645,2,1.3703703703703702,2.1328890323638916
371513146,1,1.0,2.9660775661468506
371518193,1,3.425440131591025,2.8840973377227783
371523123,4,1.0,2.060044050216675
371524579,4,4.0,4.137954235076904
371566235,4,1.0,2.2906107902526855
371604742,3,1.3703703703703702,1.522411584854126
371612651,4,1.0,2.37199068069458
371706573,0,1.0942455856950868,3.824808120727539
371717060,3,2.0,3.606754779815674
371803967,1,1.0,1.2273244857788086
371909086,4,1.0,2.4892139434814453
372019956,2,6.0,4.9543986320495605
372027636,2,4.979569828854984,3.3305537700653076
372123879,0,1.0942455856950868,2.5916171073913574
372245412,0,1.871310434327066,2.97377347946167
372315285,2,2.6296296296296293,1.7004514932632446
372483489,0,1.0,1.7358027696609497
372584072,4,1.3703703703703702,2.191577911376953
372832898,4,3.0,2.456284523010254
372832981,4,3.0,5.336513996124268
372919637,3,1.7407407407407407,3.7288787364959717
372941920,0,5.7407407407407405,6.340410232543945
373053551,3,2.3703703703703702,3.508497714996338
373314928,3,1.0,0.9539365172386169
373316591,4,4.202504980223004,4.254948139190674
373420324,4,1.0942455856950868,1.3159949779510498
373427573,3,5.0,5.3556437492370605
373443451,3,1.0,0.7870810031890869
373449486,1,1.0942455856950868,1.6702830791473389
373621058,0,1.0,2.638543128967285
373869226,3,5.7566346774869634,3.0749142169952393
373913392,3,2.648375282959045,5.8453826904296875
373974722,4,3.111111111111111,4.804162979125977
373975419,4,1.0942455856950868,1.1218050718307495
373981247,4,2.3703703703703702,4.233983039855957
374143105,2,2.648375282959045,5.9261579513549805
374174638,2,3.3703703703703702,3.4027020931243896
374244690,3,4.202504980223004,3.9818320274353027
374245737,3,4.202504980223004,4.546174049377441
374245781,3,6.111111111111111,6.223043918609619
374268738,2,1.6296296296296298,3.8219265937805176
374317433,2,4.202504980223004,2.8909177780151367
374379315,2,2.648375282959045,3.1021981239318848
374408176,2,4.979569828854984,5.655396461486816
374409781,2,4.7407407407407405,6.37083625793457
374420518,1,6.0,2.6967976093292236
374471484,1,3.0,6.188155651092529
374582947,2,5.999999999999999,3.4676108360290527
374583080,2,1.0942455856950868,1.2412941455841064
374583395,2,1.0,1.6028046607971191
374588611,2,9.0,5.473045825958252
374719687,1,1.0,2.9588332176208496
374732827,3,4.37037037037037,0.6703906059265137
374774397,3,5.0,6.212888240814209
374774707,0,1.0942455856950868,1.1841957569122314
374786131,0,1.0,1.1117441654205322
374787581,0,1.0,1.2878530025482178
374817026,3,3.0,1.9393137693405151
374820957,3,1.0,2.5853302478790283
374821752,4,3.425440131591025,2.759489059448242
374887476,1,1.0,2.202810049057007
374922380,1,4.111111111111111,3.8237948417663574
374922912,1,1.871310434327066,4.072109699249268
374945214,0,1.3703703703703702,2.0570921897888184
374970178,2,6.0,4.151948928833008
374970917,2,3.425440131591025,2.6126270294189453
374990999,1,1.0,1.4035179615020752
374991745,1,1.871310434327066,1.975662350654602
375089066,4,1.0,0.8586093187332153
375167936,2,1.0,2.0053205490112305
375502428,4,1.0942455856950868,1.0202383995056152
375539780,4,4.0,5.427305221557617
375555874,2,4.481481481481481,7.040622711181641
375643715,2,1.871310434327066,3.892002582550049
375660979,3,1.7407407407407407,3.028872013092041
375682901,2,5.111111111111111,7.182546615600586
375683525,2,1.871310434327066,2.2060441970825195
375755722,2,5.0,3.678964614868164
375780386,2,1.871310434327066,2.8221192359924316
375819861,2,1.0,1.1429860591888428
375825482,0,3.0,4.079469680786133
375863458,2,1.0,1.7196593284606934
375901608,1,1.0942455856950868,2.772570848464966
376211384,2,1.3703703703703702,1.5226327180862427
376283558,3,1.7407407407407407,4.195064067840576
376577989,1,3.0,2.827000379562378
376719954,0,1.0,0.8447356820106506
376736430,4,2.111111111111111,3.3268051147460938
376828218,3,1.0,0.9962114691734314
376847705,4,1.0942455856950868,1.2321269512176514
376899926,3,4.0,3.4855520725250244
376962422,4,2.648375282959045,1.6690258979797363
377210265,1,2.3703703703703702,3.1859521865844727
377226504,3,1.0,1.0170358419418335
377391466,4,1.3703703703703702,2.972505569458008
377395824,0,1.0,1.8893812894821167
377402296,1,1.0,0.8524873852729797
377493610,0,1.0942455856950868,0.9823226928710938
377508370,1,1.0,1.0022584199905396
377584533,0,5.0,6.149220943450928
377675773,4,1.0,1.2102582454681396
377779748,3,1.0942455856950868,0.9082915186882019
377780593,3,2.7407407407407405,4.449339389801025
378026681,4,1.0942455856950868,3.3194873332977295
378026726,4,1.3703703703703702,3.3194873332977295
378076815,0,1.0,1.046575665473938
378104331,3,3.425440131591025,2.9564332962036133
378156330,1,5.37037037037037,4.107051372528076
378330536,0,2.6296296296296293,1.5025246143341064
378354377,3,4.979569828854984,4.664246082305908
378400133,3,1.0,1.059720754623413
378440629,4,4.0,2.1736555099487305
378457716,2,1.0,1.2998275756835938
378509155,4,4.0,3.6512162685394287
378542046,3,1.0942455856950868,1.2936780452728271
378645799,2,6.533699526118942,7.428236484527588
378655316,1,7.74074074074074,6.6969380378723145
378704409,3,1.0,0.9391105771064758
378708110,2,4.202504980223004,4.793770790100098
378831121,2,1.0942455856950868,2.2554593086242676
378844541,0,4.979569828854984,3.179593324661255
378866355,3,4.0,1.6836473941802979
378887535,2,7.111111111111111,6.797931671142578
378970321,3,1.871310434327066,4.792599678039551
378971173,3,1.0942455856950868,2.234497308731079
378990160,4,3.0,1.8287657499313354
379303630,0,2.648375282959045,2.587890625
379335369,4,1.0,1.1798040866851807
379532029,4,6.0,3.7904319763183594
379562141,0,3.0,1.4756172895431519
379570523,2,2.648375282959045,2.2800865173339844
379656337,1,1.6296296296296298,2.138319730758667
379682262,4,1.871310434327066,2.159255266189575
379692557,4,1.871310434327066,1.507306694984436
379705435,0,1.0942455856950868,1.5082165002822876
379754343,4,1.0942455856950868,3.5391252040863037
379830024,2,3.111111111111111,2.096400260925293
379860845,2,4.202504980223004,3.6312942504882812
379865792,3,5.111111111111111,2.8472723960876465
379885212,0,3.740740740740741,3.2258529663085938
379911051,4,1.0942455856950868,0.72565758228302
379946879,1,4.0,2.215247631072998
380029291,2,1.0,1.5867167711257935
380046125,3,4.979569828854984,4.20963716506958
380079282,3,1.871310434327066,2.307753086090088
380194321,3,1.0,1.6410071849822998
380197822,3,1.3703703703703702,1.2092902660369873
380347580,2,4.202504980223004,3.4725735187530518
380354264,0,1.3703703703703702,1.8029513359069824
380370189,0,1.3703703703703702,1.1463474035263062
380382861,3,2.648375282959045,2.8412528038024902
380447413,0,4.979569828854984,6.626261234283447
380450039,0,1.0,1.1935063600540161
380595775,4,1.0942455856950868,1.2535204887390137
380621872,4,3.3703703703703702,3.017974853515625
380717036,4,1.0,1.24146568775177
380721864,2,1.3703703703703702,2.409749984741211
380739627,3,1.0942455856950868,1.3749268054962158
380865388,3,1.0,1.374811053276062
380871303,4,1.0,1.2666945457458496
380872414,1,1.0,1.424425721168518
380873897,1,1.3703703703703702,2.1985528469085693
380971259,3,1.0942455856950868,1.3683998584747314
380996754,1,5.111111111111111,4.567471027374268
381038864,4,2.7407407407407405,2.6828863620758057
381128540,4,2.648375282959045,3.7446391582489014
381160774,3,1.0942455856950868,1.3767197132110596
381161064,3,6.0,3.7704172134399414
381182145,0,7.111111111111111,6.944151878356934
381201065,3,1.0,1.3350770473480225
381206204,1,1.0942455856950868,1.0590713024139404
381257127,2,6.481481481481481,6.7144341468811035
381294765,2,1.3703703703703702,3.3754723072052
381301799,1,1.871310434327066,1.535244107246399
381367238,0,4.979569828854984,6.627499103546143
381395830,0,4.0,3.1356558799743652
381457925,4,1.0,1.4297734498977661
381552062,2,1.0,1.5251343250274658
381552371,2,1.0,0.7518841624259949
381577311,3,1.0,0.9797610640525818
381577330,3,1.7407407407407407,2.4466564655303955
381578952,1,1.0,1.220583200454712
381603722,1,1.0,4.009171009063721
381723989,3,3.0,2.015720844268799
381814979,0,1.0942455856950868,0.928449273109436
381891157,1,1.0,0.759219229221344
381927186,3,1.6296296296296298,2.9734444618225098
381956351,1,1.0,1.7913545370101929
381969943,3,4.0,3.210157871246338
381970182,4,1.871310434327066,3.7793405055999756
381978144,1,1.0942455856950868,2.2129971981048584
382026622,3,7.310764374750923,6.436103820800781
382055377,1,1.0942455856950868,1.7221920490264893
382068951,1,5.111111111111111,4.568368434906006
382135597,2,1.0,1.0130366086959839
382153331,1,5.0,0.9355530738830566
382173999,4,4.979569828854984,7.126924991607666
382241337,3,4.979569828854984,3.5757815837860107
382262392,1,3.0,2.6639983654022217
382266138,4,1.7407407407407407,3.083345413208008
382291500,4,3.0,2.8267812728881836
382300406,4,2.0,1.7865383625030518
382416407,0,1.0942455856950868,1.210571050643921
382438445,2,1.0,1.198408842086792
382555719,2,1.0,1.091309666633606
382584881,3,1.7407407407407407,1.4697540998458862
382584969,3,1.0942455856950868,1.8390023708343506
382585438,3,4.0,3.3810911178588867
382609083,0,1.0,0.741517186164856
382623880,0,1.0,3.292492389678955
382653095,3,3.0,2.0882556438446045
382713909,3,1.0,0.8039842844009399
382717062,1,1.0,0.7750358581542969
382750075,2,4.0,4.617300033569336
382780665,2,2.648375282959045,2.8018226623535156
382780811,3,1.0,1.4459011554718018
382804280,3,6.7407407407407405,5.323779106140137
382846911,3,8.0,7.4542741775512695
382910056,3,1.0,0.8764816522598267
382950755,0,5.7566346774869634,5.454831123352051
383020488,0,1.0,1.4972255229949951
383055366,1,1.0,0.7731102705001831
383055415,1,1.0942455856950868,1.1707477569580078
383065239,3,1.0,1.08160400390625
383135389,1,3.3703703703703702,6.064630031585693
383135467,1,4.202504980223004,2.084707498550415
383171368,1,1.871310434327066,2.0766167640686035
383174061,3,5.481481481481481,6.408996105194092
383183076,1,1.6296296296296298,2.1928343772888184
383196685,3,4.111111111111111,3.348170757293701
383199179,0,1.0,2.1473701000213623
383220686,0,1.0942455856950868,2.838657855987549
383263085,0,1.871310434327066,2.2171614170074463
383263226,1,4.7407407407407405,5.194753170013428
383269532,1,1.0,1.2889583110809326
383282577,3,5.0,1.769932508468628
383313133,4,1.3703703703703702,1.190011739730835
383426493,4,3.0,1.7551740407943726
383447534,0,1.0,1.8191031217575073
383463973,3,6.0,2.3325881958007812
383463986,3,4.979569828854984,2.3945136070251465
383465252,3,1.0942455856950868,2.9767141342163086
383553148,1,3.740740740740741,3.4693663120269775
383571284,1,1.0942455856950868,2.3456051349639893
383572257,1,4.979569828854984,5.535915851593018
383694798,4,4.202504980223004,3.3547751903533936
383754263,0,1.871310434327066,3.725498676300049
383763608,3,6.0,2.978634834289551
383791500,3,1.0,1.2063376903533936
383791945,3,1.0,1.1665127277374268
383814176,3,1.0942455856950868,1.124558925628662
383871675,3,1.7407407407407407,3.961463689804077
383930328,3,5.0,5.656102180480957
383942900,3,1.871310434327066,3.466632127761841
384018503,4,1.0942455856950868,1.915541648864746
384114751,1,1.0,0.5957627892494202
384131366,1,1.0,1.3296701908111572
384253292,1,1.3703703703703702,1.1654807329177856
384417763,3,1.0,0.7158703207969666
384503719,4,1.0,1.292942762374878
384557453,1,1.0,0.92706698179245
384612553,1,4.37037037037037,6.731500148773193
384642987,0,1.0,1.1817123889923096
384670219,0,1.0942455856950868,1.5218873023986816
384696775,0,1.0,1.3741048574447632
384777518,3,1.3703703703703702,6.094076156616211
384785733,0,1.0942455856950868,1.3005359172821045
384787710,3,3.425440131591025,4.608361721038818
384801328,0,2.6296296296296293,4.044681549072266
384802738,4,5.0,3.682804584503174
384886664,4,1.0,1.136070966720581
384945423,2,1.0942455856950868,2.807100772857666
384945479,2,5.111111111111111,6.612469673156738
384946864,2,1.0942455856950868,2.3446578979492188
384964858,3,5.37037037037037,2.132722854614258
384966818,3,1.0942455856950868,1.9476597309112549
385175430,0,9.0,6.593259811401367
385177848,0,2.648375282959045,6.196903705596924
385191973,0,1.3703703703703702,2.1505300998687744
385220489,4,1.0942455856950868,4.348011493682861
385312184,0,2.0,3.3926949501037598
385334614,1,1.0942455856950868,1.1030726432800293
385437153,1,5.0,2.4478495121002197
385603410,3,1.0,1.1238560676574707
385641098,4,1.871310434327066,2.95314884185791
385659332,1,4.979569828854984,5.081029891967773
385668599,1,2.3703703703703702,1.7915290594100952
385746397,3,6.370370370370369,5.9218645095825195
385893033,1,2.7407407407407405,1.8098939657211304
385926575,4,2.648375282959045,2.7198052406311035
386025280,3,1.0,1.335866093635559
386026087,0,2.0,1.1951849460601807
386036949,2,3.425440131591025,2.4853901863098145
386046441,2,4.0,1.7296688556671143
386059026,2,1.0,1.3394378423690796
386067492,4,1.0,2.656949043273926
386141946,3,4.62962962962963,6.303152084350586
386220114,2,7.74074074074074,6.574814796447754
386220223,2,3.0,1.7275373935699463
386297156,0,4.37037037037037,6.131491661071777
386422250,2,1.0,0.8888387680053711
386545733,1,4.0,1.813769817352295
386564170,4,1.0,2.21439528465271
386691251,3,3.0,4.0083909034729
386719708,0,1.0942455856950868,1.6684664487838745
386769674,3,1.0,1.3675038814544678
386923113,1,5.0,6.079649448394775
387151701,3,1.871310434327066,2.276883363723755
387451444,4,4.0,4.1508049964904785
387644662,2,4.111111111111111,3.9639945030212402
387719225,1,1.0,0.6110848188400269
387727025,4,1.0,0.668881893157959
387746922,2,3.0,2.526642322540283
387749534,3,1.0942455856950868,2.264585018157959
387802319,0,1.0942455856950868,1.4496358633041382
387802752,0,2.3703703703703702,2.8916778564453125
387901847,4,5.37037037037037,5.571164608001709
387996343,0,3.740740740740741,4.732897758483887
387998903,0,2.111111111111111,3.8460309505462646
388104458,2,1.0942455856950868,3.7818446159362793
388149783,3,1.0942455856950868,2.5596537590026855
388236794,0,1.0,2.749119758605957
388238232,0,1.6296296296296298,3.0286436080932617
388300548,0,6.370370370370369,1.5862727165222168
388359045,0,1.0,1.7910523414611816
388403281,0,5.0,2.4425690174102783
388429429,3,4.0,1.341078758239746
388549106,0,1.0942455856950868,1.0264180898666382
388574425,2,1.0942455856950868,1.435590147972107
388599899,4,2.0,3.6004552841186523
388600976,4,1.0942455856950868,1.2803362607955933
388711886,2,1.0,1.420473575592041
388715605,2,1.0,1.6613627672195435
388730089,4,1.0942455856950868,0.9388151168823242
388759073,4,2.0,3.2102932929992676
388929829,4,1.0942455856950868,1.397080421447754
389012725,3,1.0,1.0771294832229614
389018432,0,1.0,1.6795413494110107
389033418,4,7.74074074074074,7.045639991760254
389059333,4,2.0,2.549325942993164
389106237,4,1.0942455856950868,1.395909070968628
389106330,4,3.0,1.5692410469055176
389138549,0,1.0942455856950868,4.271613121032715
389360265,4,2.648375282959045,1.756899118423462
389373435,3,1.0,1.567202091217041
389467576,1,1.0,0.6411879062652588
389469092,4,1.0,1.9599635601043701
389488854,4,1.0942455856950868,1.5276720523834229
389492546,4,1.0,2.2182812690734863
389493326,3,1.0942455856950868,4.949199199676514
389502964,4,1.871310434327066,2.0518245697021484
389824337,0,2.7407407407407405,3.293213129043579
389839319,4,4.979569828854984,6.401820182800293
389854527,2,1.0,1.1345146894454956
389873737,4,7.111111111111111,6.686759948730469
389873738,4,1.0942455856950868,1.083761215209961
389874378,4,3.425440131591025,1.9872981309890747
389959078,0,3.0,4.569889068603516
389959435,0,3.425440131591025,4.301180362701416
390087119,2,1.0942455856950868,1.2716459035873413
390101589,2,1.0,1.0702331066131592
390328419,3,1.0,1.5754257440567017
390394196,4,1.0942455856950868,1.4817626476287842
390437997,3,2.4814814814814814,3.7222540378570557
390447073,1,2.0,2.5808675289154053
390461433,4,4.202504980223004,2.3323731422424316
390500151,0,3.425440131591025,6.189095973968506
390543764,4,1.871310434327066,1.9554557800292969
390654104,3,2.6296296296296293,2.484022617340088
390655435,0,1.0,1.7018959522247314
390684836,2,1.871310434327066,1.6920900344848633
390686927,2,1.0942455856950868,2.697552442550659
390687621,4,5.7566346774869634,4.993786334991455
390844989,1,1.0,1.7966361045837402
390856879,4,4.202504980223004,6.151752471923828
391019290,0,1.0,1.1481069326400757
391020608,0,1.6296296296296298,3.7977919578552246
391047746,3,1.0942455856950868,1.3787195682525635
391218758,1,1.0,1.5027350187301636
391244285,4,1.871310434327066,1.11065673828125
391392931,0,5.0,1.776916265487671
391396419,1,1.0,5.553864002227783
391500326,4,1.0,2.4031760692596436
391511277,0,1.0,1.0174753665924072
391721883,2,1.6296296296296298,4.497771739959717
391723078,0,1.0,2.2245731353759766
391723321,0,4.202504980223004,2.396575927734375
392059520,0,4.979569828854984,5.791915416717529
392181431,1,1.0,1.1961874961853027
392223843,0,1.0,1.4401323795318604
392247138,2,1.6296296296296298,1.6568186283111572
392279684,3,4.202504980223004,2.0304758548736572
392279952,3,1.871310434327066,1.9702012538909912
392283087,0,3.3703703703703702,1.3802776336669922
392460826,4,1.0942455856950868,2.1754438877105713
392460946,0,3.0,2.8095767498016357
392598801,4,1.0,0.4671623408794403
392710636,2,1.0,1.5050883293151855
392719680,1,1.871310434327066,1.9815889596939087
392720745,1,1.0,1.4014973640441895
392736880,4,1.0,2.2196736335754395
392737375,4,1.0,1.1609718799591064
392839463,0,3.425440131591025,5.274172306060791
392935298,1,1.0,1.247876524925232
393035117,0,1.0942455856950868,1.6148673295974731
393050114,3,4.202504980223004,5.505612850189209
393061150,2,1.0,1.0356762409210205
393079635,2,1.871310434327066,2.1878621578216553
393082964,2,1.0942455856950868,1.1217341423034668
393202611,2,3.3703703703703702,4.239232540130615
393203273,2,1.0942455856950868,2.179678440093994
393205397,2,8.37037037037037,8.348676681518555
393234221,2,3.425440131591025,5.117374420166016
393334471,0,7.0,5.683462619781494
393522769,4,4.202504980223004,1.6243133544921875
393533686,2,1.3703703703703702,1.3899426460266113
393550384,2,1.0942455856950868,0.5117404460906982
393564447,2,2.0,2.0316498279571533
393684968,2,1.3703703703703702,1.7763478755950928
393802936,2,4.0,4.258419990539551
393809881,4,2.7407407407407405,2.2988440990448
393824514,0,3.3703703703703702,4.941511154174805
393852002,3,2.3703703703703702,1.4756889343261719
393887594,1,3.6296296296296298,2.8671658039093018
393889015,1,1.0942455856950868,1.5606423616409302
393892368,2,1.0,0.7454428672790527
393993685,2,1.0942455856950868,2.0217511653900146
394046897,3,1.0942455856950868,1.148041009902954
394070186,4,1.0,0.5784440040588379
394084719,0,1.6296296296296298,3.5561764240264893
394085325,4,1.0,3.3431291580200195
394087598,3,1.871310434327066,1.5886297225952148
394154541,2,2.0,1.1718316078186035
394197803,0,3.4814814814814814,5.940755367279053
394450709,3,2.3703703703703702,2.6476540565490723
394465545,2,2.3703703703703702,3.8596034049987793
394694425,2,3.425440131591025,4.930868148803711
394695465,2,4.0,4.393976211547852
394805181,3,3.425440131591025,4.366943836212158
394805238,3,3.425440131591025,4.366943836212158
394908535,3,1.871310434327066,2.2002363204956055
395000084,0,1.0,1.1842517852783203
395056071,3,1.0,1.1573514938354492
395107236,4,1.0,1.2280607223510742
395286920,2,1.0,1.5331989526748657
395326905,1,1.0942455856950868,1.978063702583313
395358611,0,1.0,1.763674259185791
395411876,1,1.0,1.0681555271148682
395449702,2,1.6296296296296298,1.6328216791152954
395490781,1,1.871310434327066,1.933666706085205
395647177,0,1.0,0.9240639209747314
395677069,3,6.0,6.023752689361572
395720471,1,1.0,1.9845510721206665
395963727,4,2.648375282959045,3.407278060913086
396025156,2,5.7566346774869634,2.676131248474121
396028101,0,1.0942455856950868,1.7786256074905396
396101043,0,1.0,1.0058727264404297
396134793,4,1.0,2.036268711090088
396266542,1,1.0,0.6530060172080994
396453635,4,1.7407407407407407,3.5615012645721436
396453994,4,1.0,0.5842533707618713
396498739,3,5.0,2.7765889167785645
396567976,3,1.871310434327066,3.5492372512817383
396592260,1,1.6296296296296298,1.4673408269882202
396641659,2,7.0,4.483309745788574
396661925,3,3.740740740740741,5.930466175079346
396708197,0,1.0,1.4380072355270386
396788437,3,1.0,0.8598703742027283
396810478,0,1.0,1.1246118545532227
396859053,1,1.0942455856950868,2.0352208614349365
396874219,1,4.481481481481481,6.326757431030273
396887263,1,1.0,2.273897886276245
396946674,4,10.0,7.508777618408203
396948875,4,6.533699526118942,4.397850513458252
396989197,0,1.871310434327066,2.09140682220459
396991056,0,3.0,3.547158718109131
397069057,1,1.0942455856950868,2.985407590866089
397197484,4,2.0,1.7179542779922485
397197521,4,5.0,2.483458995819092
397197912,2,1.7407407407407407,1.666356086730957
397246979,4,7.0,5.534987926483154
397278149,1,1.0,1.022813081741333
397305724,4,1.0942455856950868,0.6172651052474976
397333172,4,3.6296296296296298,6.887052059173584
397348073,4,1.0,0.6622755527496338
397359131,1,1.0942455856950868,1.66741943359375
397388455,2,7.111111111111111,7.929072380065918
397405759,0,1.871310434327066,3.8482420444488525
397470448,1,1.0,1.1142187118530273
397481384,4,1.0,1.0385138988494873
397510706,2,4.0,1.4843248128890991
397551803,2,2.648375282959045,2.8591699600219727
397698090,0,2.0,2.234851121902466
397708369,0,1.0,1.6434515714645386
397710897,1,1.871310434327066,1.569586157798767
397813892,2,5.0,2.4612128734588623
397814816,2,2.0,2.091697931289673
397874438,3,8.0,7.207968711853027
397923642,3,1.0942455856950868,1.0508708953857422
397935853,0,1.871310434327066,2.2461795806884766
398027783,3,1.0,0.7752481698989868
398042046,0,4.979569828854984,6.5050435066223145
398042122,0,1.0942455856950868,1.7556055784225464
398042327,0,1.871310434327066,2.4728469848632812
398213205,4,1.0,1.2681734561920166
398346655,4,1.0942455856950868,1.161665678024292
398481592,3,1.0,1.204559087753296
398541656,2,2.3703703703703702,1.2234828472137451
398547706,1,1.0942455856950868,0.9940754175186157
398739842,1,5.0,1.4695460796356201
398739858,2,1.0942455856950868,0.6581003665924072
398750204,1,1.0,0.8758918642997742
398786877,4,1.0,1.4388742446899414
398842174,2,1.0942455856950868,1.5942802429199219
398843756,3,1.871310434327066,5.373680114746094
398935208,1,1.0942455856950868,1.2396728992462158
398989666,0,1.871310434327066,1.5886123180389404
398990761,0,1.6296296296296298,2.360995292663574
398997454,2,5.0,4.66895866394043
398998685,1,2.0,1.2620667219161987
399012940,2,1.0,0.8856502175331116
399017252,0,1.871310434327066,1.2788500785827637
399017729,0,2.648375282959045,2.770681619644165
399140688,4,1.0942455856950868,1.8707408905029297
399144660,3,1.0,0.938580334186554
399153222,4,1.871310434327066,2.0969669818878174
399251510,0,6.999999999999999,5.7244086265563965
399385189,2,1.0,1.0628602504730225
399418579,3,2.111111111111111,1.3733577728271484
399456112,0,1.0,2.5871200561523438
399613370,4,1.0,1.8347750902175903
399742360,0,1.0,1.1675963401794434
399772744,4,1.3703703703703702,0.9802572131156921
399783648,2,1.871310434327066,4.544775485992432
399788574,2,2.6296296296296293,5.747628211975098
399790213,2,1.0,1.2619364261627197
399930724,3,4.111111111111111,5.808830738067627
399958185,2,1.6296296296296298,3.962517261505127
399964509,1,5.7407407407407405,5.4958696365356445
399967086,2,1.0,1.6367666721343994
399980477,2,1.0942455856950868,1.0923779010772705
400052550,1,3.425440131591025,5.181153774261475
400066243,1,1.0942455856950868,3.4517934322357178
400066613,3,1.0,1.0315113067626953
400078855,3,1.0,1.7580665349960327
400090316,0,2.648375282959045,4.0022125244140625
400136830,1,1.0942455856950868,1.634817361831665
400178717,3,6.7407407407407405,6.583841800689697
400195023,2,5.0,3.8041160106658936
400223648,3,2.7407407407407405,3.585930824279785
400261413,3,1.0,1.0452991724014282
400268355,4,4.0,4.39604377746582
400277033,4,1.0,1.3134841918945312
400310806,0,1.0,1.5796434879302979
400316145,1,3.111111111111111,3.026470899581909
400323089,1,1.0,1.0213723182678223
400358122,4,1.0,0.8309016823768616
400375704,2,5.0,4.140462875366211
400419489,0,1.0,0.8076153993606567
400424798,2,1.0,1.548579216003418
400447650,1,1.0,1.3275330066680908
400475368,0,1.0942455856950868,1.3600435256958008
400485584,3,5.7407407407407405,6.892800331115723
400496364,2,7.74074074074074,4.542970657348633
400522403,0,1.0,1.4094913005828857
400530170,3,1.3703703703703702,1.4364514350891113
400530861,3,1.0,2.350174903869629
400696003,3,5.0,2.9903292655944824
400704536,4,3.0,1.6071815490722656
400724477,1,4.202504980223004,5.603617191314697
400875746,2,1.0942455856950868,1.6695828437805176
400899170,2,1.0942455856950868,1.0823593139648438
400912217,0,3.0,3.4912679195404053
400920350,2,1.0942455856950868,2.3564064502716064
400927821,3,1.0942455856950868,0.574917733669281
400959905,3,1.6296296296296298,2.7620158195495605
400965676,4,1.3703703703703702,1.3111989498138428
400976772,0,1.7407407407407407,5.73430061340332
400991624,3,3.425440131591025,1.5581762790679932
401043005,0,1.871310434327066,1.6247116327285767
401085637,3,3.425440131591025,4.484476566314697
401095096,4,2.0,2.2997350692749023
401125571,1,1.0942455856950868,1.0078965425491333
401131794,0,1.0,1.9429540634155273
401142027,1,1.0,1.7674604654312134
401155802,2,1.0942455856950868,1.5848217010498047
401171410,2,1.871310434327066,3.7707154750823975
401268293,3,1.7407407407407407,1.0722044706344604
401268649,3,1.0942455856950868,0.9759708046913147
401280266,0,3.740740740740741,5.260610103607178
401303783,2,1.0942455856950868,1.2850074768066406
401338018,4,1.3703703703703702,1.4496701955795288
401347774,1,1.0,1.9041827917099
401373302,4,2.0,2.1573424339294434
401409605,2,6.0,5.545076370239258
401452228,0,1.0,1.466003179550171
401497877,3,6.7407407407407405,6.0603156089782715
401541839,2,1.0942455856950868,2.014904737472534
401542461,2,7.0,7.187918663024902
401636590,1,1.0942455856950868,0.9538624882698059
401639781,1,5.0,3.50374698638916
401655486,2,1.0,3.0911359786987305
401738206,4,7.370370370370369,5.802458763122559
401783083,1,1.0,1.2034568786621094
401791199,3,1.0,2.0450599193573
401827182,2,1.0,1.803251028060913
401839015,3,6.370370370370369,5.702962398529053
401848171,0,2.6296296296296293,2.889509677886963
401854789,4,1.0,1.1215572357177734
401877655,0,1.0,0.8315324783325195
401889669,1,1.0,1.157159686088562
401899114,2,4.7407407407407405,4.318947792053223
401904387,4,1.0,2.3985979557037354
401989730,2,4.481481481481481,3.3884763717651367
401989879,2,3.425440131591025,3.633843421936035
401991839,2,4.0,1.9485584497451782
401998288,1,1.0,0.6656450629234314
401999547,4,1.0942455856950868,1.888533592224121
402034256,0,1.0,1.8213821649551392
402115682,2,3.111111111111111,3.7936530113220215
402172260,0,1.0,0.9685913324356079
402204178,1,1.0,2.0096452236175537
402229999,2,5.0,2.564901351928711
402274003,3,4.979569828854984,4.4988789558410645
402293065,2,1.0,1.3310056924819946
402308238,2,5.7566346774869634,4.531477928161621
402317441,4,1.0942455856950868,3.0029125213623047
402330140,1,5.7407407407407405,7.105576515197754
402397903,1,1.871310434327066,1.0908169746398926
402441162,0,4.0,1.942474126815796
402460515,1,1.0942455856950868,1.4201533794403076
402462036,3,3.0,4.2476959228515625
402462286,3,4.202504980223004,3.333498477935791
402462565,3,3.425440131591025,4.297948360443115
402465675,4,1.0942455856950868,1.9600698947906494
402465728,4,1.0,4.627082824707031
402554430,3,2.0,3.981131076812744
402663467,3,4.0,3.7124714851379395
402865439,0,4.979569828854984,6.766783237457275
402887022,4,4.0,1.7612566947937012
402914440,3,3.518518518518518,2.0590322017669678
402973661,3,1.871310434327066,1.0485565662384033
402973688,3,4.111111111111111,3.5228753089904785
402975476,3,2.0,1.9708309173583984
403031260,4,3.0,3.348849296569824
403039232,2,1.3703703703703702,1.5309689044952393
403045920,0,1.0,1.2633165121078491
403057637,3,4.979569828854984,3.0006070137023926
403066840,1,4.259259259259259,5.206357955932617
403155257,1,1.0942455856950868,2.738401412963867
403160790,3,1.0942455856950868,2.390460252761841
403162945,2,1.0,2.915168285369873
403176088,1,1.0,1.347285270690918
403180853,0,1.0,1.8797352313995361
403181895,0,1.6296296296296298,2.6395416259765625
403194908,0,1.0,1.1946783065795898
403198264,1,1.0,1.3820215463638306
403202708,3,1.0,0.952150285243988
403209929,1,4.0,5.203999996185303
403222694,4,6.533699526118942,4.039443016052246
403239014,2,1.871310434327066,3.0438015460968018
403282132,2,2.0,0.8639441728591919
403340401,3,1.0,0.8478187322616577
403371080,1,1.0,2.188465118408203
403376602,1,1.871310434327066,3.8410441875457764
403379729,2,1.0,2.159343719482422
403389114,0,1.0,0.8057437539100647
403444721,0,1.871310434327066,0.9059848189353943
403463015,1,1.0,0.6208508610725403
403475369,1,1.0,1.3250248432159424
403549406,4,1.0,2.7148332595825195
403582489,0,1.0,1.8824015855789185
403595002,2,1.0942455856950868,1.8978384733200073
403640111,2,2.0,2.8424110412597656
403675514,3,1.0,3.112457275390625
403700566,0,1.0942455856950868,1.5561044216156006
403718234,0,1.871310434327066,3.2148046493530273
403769018,2,3.3703703703703702,2.0253148078918457
403797192,2,2.648375282959045,3.9489998817443848
403866940,2,1.7407407407407407,2.220181703567505
403905544,2,5.111111111111111,4.1041765213012695
403923183,2,1.871310434327066,1.5448288917541504
404030175,2,1.0942455856950868,1.3261909484863281
404037288,1,3.0,2.955928087234497
404054515,4,2.6296296296296293,2.740490436553955
404068300,3,1.0,1.4077118635177612
404078181,1,2.0,2.441012144088745
404080244,4,1.0,0.5801042318344116
404095009,4,1.0942455856950868,1.1476924419403076
404095273,1,6.111111111111111,5.196467876434326
404138438,3,1.0,1.9935202598571777
404332023,3,1.6296296296296298,1.7679190635681152
404338167,0,1.871310434327066,2.397965669631958
404349832,4,4.0,1.7693414688110352
404374580,2,1.0,0.9836125373840332
404410569,0,1.7407407407407407,2.2048192024230957
404414601,4,1.0,5.4170331954956055
404463628,0,1.0,1.3204028606414795
404518882,1,1.6296296296296298,2.621656656265259
404521893,1,1.0,1.9339650869369507
404604139,0,1.0,1.6821022033691406
404664506,0,1.871310434327066,3.4030323028564453
404684787,2,1.0,2.4328486919403076
404728930,1,1.3703703703703702,2.2296078205108643
404728943,1,2.259259259259259,5.125507831573486
404755199,3,1.871310434327066,2.7569141387939453
404783182,2,1.0,1.561399221420288
404825643,3,2.648375282959045,2.8838071823120117
404840072,2,2.0,3.6670126914978027
404912057,3,1.0,1.3531367778778076
404921472,2,1.0942455856950868,1.260265827178955
404985851,3,2.0,4.867878437042236
405001154,0,4.0,3.0598437786102295
405005979,1,3.3703703703703702,5.135514259338379
405029161,4,3.740740740740741,2.8399767875671387
405050331,4,7.0,4.027177810668945
405245196,4,4.37037037037037,2.2368979454040527
405336502,2,3.425440131591025,5.637732028961182
405452381,4,1.0942455856950868,2.1413793563842773
405452463,4,3.0,2.062432289123535
405586796,3,2.0,1.552884817123413
405671482,0,1.871310434327066,2.0939693450927734
405692122,0,1.3703703703703702,1.1077653169631958
405716550,3,2.0,1.8988921642303467
405781080,0,4.0,4.063160419464111
405802678,1,1.7407407407407407,3.3707361221313477
405916777,4,2.648375282959045,4.430009365081787
405919454,1,2.0,2.1473889350891113
406011598,1,1.0942455856950868,2.7343575954437256
406033633,0,1.6296296296296298,1.8422839641571045
406039625,4,1.871310434327066,1.3719128370285034
406039731,1,1.0,0.9423593878746033
406046701,4,1.0,1.0393598079681396
406054009,2,1.0942455856950868,2.231307029724121
406086933,3,6.111111111111111,5.218595504760742
406215399,2,1.0,1.980117678642273
406219986,2,1.0942455856950868,1.4974560737609863
406222939,2,1.0,2.1548306941986084
406224712,3,4.202504980223004,4.320829391479492
406274613,2,1.0,1.2363598346710205
406295958,4,1.871310434327066,3.8395655155181885
406311739,4,1.871310434327066,3.340473175048828
406318764,4,2.259259259259259,3.7812139987945557
406337968,2,4.7407407407407405,4.375322341918945
406355020,3,3.425440131591025,3.671563148498535
406365992,1,1.0942455856950868,1.0820412635803223
406373508,1,3.740740740740741,3.5450305938720703
406410570,2,6.0,3.20139217376709
406412742,2,1.6296296296296298,2.335340976715088
406481647,4,1.0,1.3512153625488281
406491288,2,1.0942455856950868,1.5014455318450928
406497498,0,1.0,2.1758627891540527
406538040,0,1.0942455856950868,2.1160192489624023
406549156,3,1.0942455856950868,3.088955879211426
406574756,1,1.0,0.7193675637245178
406586110,4,5.0,2.8326125144958496
406619625,2,1.0942455856950868,2.321913003921509
406620503,2,1.0,1.6166566610336304
406713879,2,1.871310434327066,1.5875320434570312
406823056,2,1.871310434327066,2.2138941287994385
406828203,0,3.3703703703703702,3.98068904876709
406832104,4,1.0942455856950868,1.8382518291473389
406832881,4,3.0,4.059760093688965
406833154,4,2.648375282959045,4.6168060302734375
406840792,1,2.0,1.543628454208374
406865158,1,1.6296296296296298,3.417534828186035
406876865,0,1.3703703703703702,2.1487724781036377
407028148,4,4.37037037037037,5.74318790435791
407028864,3,1.3703703703703702,1.2410016059875488
407046659,0,1.0,1.7922437191009521
407090853,2,1.0,0.9439718723297119
407110331,4,3.0,1.6560394763946533
407161922,2,1.0,0.6236964464187622
407162803,0,3.425440131591025,4.745147228240967
407172979,1,1.6296296296296298,1.8006618022918701
407174797,1,8.0,6.508912563323975
407216276,2,1.0942455856950868,2.55543851852417
407236042,2,4.0,5.266736030578613
407252186,3,1.6296296296296298,1.7721004486083984
407272704,2,1.0,0.17394784092903137
407301226,4,1.0942455856950868,3.1438345909118652
407303034,1,1.0942455856950868,1.3878328800201416
407332898,1,4.37037037037037,2.060819387435913
407360931,3,1.6296296296296298,1.500105857849121
407364487,4,4.0,1.3806909322738647
407419774,2,1.0,1.6951884031295776
407451816,4,1.0,1.405082106590271
407461762,3,5.0,1.878824234008789
407551143,0,5.0,3.795321464538574
407595997,4,1.0942455856950868,1.3309922218322754
407626768,1,3.0,1.2782652378082275
407649988,3,1.0942455856950868,1.5931410789489746
407655593,1,1.0942455856950868,1.555513620376587
407688752,0,1.0,0.9827207326889038
407753234,3,1.3703703703703702,1.216577410697937
407776233,4,1.0,1.324883222579956
407783381,3,2.3703703703703702,1.770887851715088
407788028,1,5.37037037037037,3.84383225440979
407794699,1,2.648375282959045,3.3111279010772705
407807320,2,1.0942455856950868,1.4134414196014404
407816395,0,6.370370370370369,5.893131256103516
407846120,2,1.0,1.150024175643921
407849836,0,4.111111111111111,5.154077053070068
407878786,0,4.0,3.8300933837890625
407884663,0,1.0,1.1928725242614746
407923106,3,3.0,4.920076847076416
407970553,1,1.0,1.1301170587539673
407978724,3,2.648375282959045,4.182572364807129
408000110,3,4.0,1.6073325872421265
408035531,2,3.3703703703703702,4.605730056762695
408143916,4,1.0942455856950868,3.3140170574188232
408154408,2,1.871310434327066,5.056851387023926
408179261,2,1.871310434327066,3.153205633163452
408267397,1,1.0942455856950868,1.3654160499572754
408286174,3,6.7407407407407405,5.353116512298584
408305259,0,1.0942455856950868,3.8773932456970215
408334212,2,1.0942455856950868,0.7495788335800171
408336125,0,1.0,3.8788814544677734
408391810,3,1.0942455856950868,3.220231533050537
408408137,0,5.0,5.455351829528809
408440141,2,1.0942455856950868,1.9908084869384766
408440405,2,1.0,1.2904493808746338
408466833,3,3.740740740740741,3.768355369567871
408480912,2,1.0,0.9003559350967407
408490480,3,1.7407407407407407,2.712523937225342
408510507,0,1.0,1.225897192955017
408543031,3,5.999999999999999,5.351476669311523
408551183,4,5.37037037037037,4.554845809936523
408554508,2,2.0,4.495201110839844
408567700,0,1.0942455856950868,1.2682448625564575
408568963,3,1.0,0.8978666663169861
408578149,3,1.3703703703703702,1.4174628257751465
408580673,2,3.425440131591025,3.7808032035827637
408616722,0,3.425440131591025,3.9848482608795166
408627883,2,2.648375282959045,2.362673759460449
408654047,1,4.979569828854984,5.753903388977051
408672088,3,1.0,1.190456509590149
408688967,1,2.3703703703703702,1.7064875364303589
408708781,1,1.871310434327066,2.1211185455322266
408724496,4,1.0942455856950868,2.913860321044922
408768669,4,1.0942455856950868,2.9383723735809326
408772267,3,1.0942455856950868,1.3406221866607666
408773616,4,1.0,2.198333263397217
408774751,4,2.648375282959045,5.387198448181152
408776030,2,2.3703703703703702,1.6190434694290161
408781970,3,1.0,3.051321506500244
408794434,4,1.0942455856950868,2.3120484352111816
408807903,2,4.0,2.865006446838379
408846718,4,1.0,0.8009123802185059
408871431,0,3.0,2.4073195457458496
408880935,4,2.648375282959045,2.2605903148651123
408880981,4,3.6296296296296298,4.587257385253906
408883689,2,5.0,2.324789047241211
408885756,2,1.0942455856950868,2.6044275760650635
408898038,2,6.533699526118942,7.256451606750488
408898619,2,6.0,6.319846153259277
408899084,2,1.0,1.8548647165298462
408913303,1,2.0,3.008960485458374
408919896,4,1.0942455856950868,1.3005564212799072
408954436,1,1.0942455856950868,3.007420539855957
408956627,1,5.37037037037037,3.798363447189331
408982093,0,1.0,1.1917312145233154
408982773,0,1.0,1.7149817943572998
408991094,2,1.0942455856950868,2.738534450531006
409026200,3,1.0942455856950868,2.211723804473877
409094641,0,1.0942455856950868,2.0034310817718506
409120922,3,1.6296296296296298,1.0809446573257446
409127688,3,2.0,1.919076681137085
409128435,0,1.0,2.6513094902038574
409196165,4,1.0942455856950868,2.20009708404541
409251521,4,6.0,3.8388051986694336
409253955,1,1.3703703703703702,2.2037465572357178
409255214,2,1.0,0.8778177499771118
409276127,4,1.0942455856950868,1.1760435104370117
409277380,4,1.0,2.5796422958374023
409300669,2,1.0,2.482491970062256
409478505,2,1.0942455856950868,3.0734095573425293
409484863,2,1.0942455856950868,1.2927112579345703
409544388,1,1.0,5.117122173309326
409549931,1,1.871310434327066,2.328667163848877
409551727,1,2.0,0.8387020230293274
409590379,2,1.0,1.6650886535644531
409591091,4,1.6296296296296298,1.196460485458374
409626473,0,1.0,1.2021524906158447
409753770,4,4.202504980223004,5.869294166564941
409758059,2,3.740740740740741,1.495272159576416
409791608,1,4.0,3.1079483032226562
409818160,0,2.0,3.927668571472168
409835725,0,1.0,5.044103622436523
409868022,3,1.0,1.2086493968963623
409868178,3,1.0,1.274857521057129
409893476,0,3.0,3.4629933834075928
409944214,1,1.0,2.8928823471069336
409972701,2,1.0,1.727839708328247
409972976,2,4.202504980223004,3.894496440887451
409973689,2,1.7407407407407407,1.9297412633895874
410025353,0,4.202504980223004,3.1302707195281982
410100403,3,1.0,1.6962745189666748
410103349,4,1.0942455856950868,2.738210916519165
410104694,2,1.6296296296296298,2.2608680725097656
410134113,4,2.3703703703703702,1.8446087837219238
410156241,0,2.3703703703703702,3.315737724304199
410184223,0,1.3703703703703702,2.249988317489624
410254833,3,4.979569828854984,5.3979644775390625
410260050,4,7.310764374750923,5.648744583129883
410267376,3,1.0942455856950868,2.25610613822937
410280560,3,1.0,2.6366426944732666
410281046,3,1.0,1.526921033859253
410373481,4,1.0,1.4782145023345947
410382490,4,1.0942455856950868,2.862588405609131
410425855,0,3.0,2.6659584045410156
410468757,0,1.0,2.7560009956359863
410469851,1,6.533699526118942,6.328999042510986
410521520,1,2.648375282959045,3.7252981662750244
410535996,0,2.648375282959045,2.0987415313720703
410558542,2,1.0,0.8891053199768066
410580228,1,1.0942455856950868,2.2748568058013916
410597643,1,6.533699526118942,6.489706993103027
410600400,1,3.3703703703703702,4.228820323944092
410751083,0,3.0,2.272531032562256
410820135,4,1.0942455856950868,1.8073039054870605
410864402,3,1.0942455856950868,1.4301795959472656
410878077,2,1.0942455856950868,1.1675885915756226
410902729,1,1.3703703703703702,2.8482110500335693
410949861,2,1.0942455856950868,2.55480694770813
410952580,3,1.0,1.3854377269744873
410992802,2,1.0942455856950868,1.554598093032837
411035591,0,1.0,1.026245355606079
411046837,4,1.0,1.3958491086959839
411126143,2,2.7407407407407405,1.1906821727752686
411195438,2,1.871310434327066,2.7938222885131836
411200381,1,2.648375282959045,3.8658721446990967
411282654,3,5.7566346774869634,6.208182334899902
411324218,1,6.370370370370369,6.010884761810303
411412208,1,5.7566346774869634,6.134800434112549
411426347,4,1.0,2.2053442001342773
411490383,3,1.0,1.1824102401733398
411503128,1,1.0,1.4749846458435059
411511566,2,1.871310434327066,2.749420166015625
411566829,3,1.0,1.406996488571167
411582935,1,2.3703703703703702,2.439727306365967
411589556,3,6.0,4.760386943817139
411591159,1,1.0,1.8297518491744995
411595177,3,3.740740740740741,5.439890384674072
411595431,3,1.871310434327066,2.3160314559936523
411595548,3,6.0,4.699563503265381
411606821,3,2.7407407407407405,3.3556909561157227
411642537,2,1.871310434327066,1.2379071712493896
411662090,2,1.0,1.5084245204925537
411662374,0,1.0942455856950868,1.605452537536621
411671928,3,1.871310434327066,1.3812236785888672
411672051,3,2.648375282959045,2.067807912826538
411681896,1,1.0,0.9229103922843933
411683224,3,1.0,2.428905725479126
411684550,4,1.0,1.20040762424469
411687631,1,1.0,1.9992411136627197
411691079,2,1.0,2.381756067276001
411694895,2,1.0,1.5558092594146729
411700075,0,2.648375282959045,1.7697858810424805
411710596,4,1.3703703703703702,0.851604700088501
411721787,2,3.425440131591025,0.9363113641738892
411721874,2,3.3703703703703702,2.6352689266204834
411722013,2,1.6296296296296298,1.8018436431884766
411722572,2,4.111111111111111,3.506895065307617
411733694,2,1.871310434327066,1.9310476779937744
411734297,0,2.6296296296296293,6.241263389587402
411738880,1,3.425440131591025,2.625915288925171
411740502,1,1.871310434327066,2.703521966934204
411747008,1,1.0942455856950868,2.0879313945770264
411760755,2,4.0,1.3263047933578491
411761249,2,1.0942455856950868,2.364471435546875
411771396,1,3.740740740740741,6.025406360626221
411789793,3,1.7407407407407407,1.6951649188995361
411789887,3,1.0,1.0613210201263428
411842700,2,1.0942455856950868,0.95094895362854
411856748,2,1.871310434327066,1.7578086853027344
411859088,3,1.0942455856950868,1.349804162979126
411859738,2,1.0942455856950868,4.189095497131348
411862129,4,3.6296296296296298,1.8980028629302979
411863338,2,4.0,1.752626657485962
411863647,1,1.871310434327066,5.859438419342041
411863941,0,1.0942455856950868,2.9557557106018066
411872888,4,1.0,1.2681399583816528
411875069,2,1.7407407407407407,1.5025606155395508
411875954,2,6.0,5.316871643066406
411881180,3,1.871310434327066,2.1352787017822266
411881410,1,1.0,2.4083831310272217
411884259,1,3.3703703703703702,2.7691023349761963
411884706,3,1.0,1.8486990928649902
411890398,2,1.0,3.4313254356384277
411892933,0,1.0,1.6852655410766602
411893671,0,4.259259259259259,3.952991485595703
411896233,4,1.0942455856950868,2.7629144191741943
411897766,0,1.0942455856950868,3.3032643795013428
411911063,2,4.979569828854984,3.3625717163085938
411913737,3,1.0942455856950868,0.9378324747085571
411918892,4,1.0942455856950868,1.3469491004943848
411925943,2,2.111111111111111,1.9008886814117432
411926442,2,1.871310434327066,2.400249719619751
411928490,3,3.0,3.0990474224090576
411930558,1,1.0,1.8801203966140747
411932982,4,1.0,1.8889694213867188
411936166,2,1.0,1.3253085613250732
411940700,0,1.0,2.3955483436584473
411949272,2,4.37037037037037,1.9651005268096924
411949362,4,1.0,1.5380892753601074
411950331,1,1.0,1.5017445087432861
411950494,2,1.0942455856950868,2.35471248626709
411958253,3,1.0942455856950868,1.5892503261566162
411964565,2,1.0,1.6907845735549927
411993613,1,1.6296296296296298,1.5071991682052612
412014735,2,1.0,1.5242528915405273
412017527,0,1.0,1.0629701614379883
412023310,2,1.0,1.3113470077514648
412024546,3,1.0,2.1342692375183105
412024806,3,4.7407407407407405,3.0987048149108887
412025577,4,8.0,3.968621015548706
412047811,1,1.0,1.0010943412780762
412054537,0,4.202504980223004,1.987464189529419
412065108,1,1.0,1.7244091033935547
412067550,1,1.0942455856950868,1.8401812314987183
412095336,2,1.0942455856950868,2.5133883953094482
412113660,3,4.0,2.091398000717163
412136285,3,1.0942455856950868,1.504242181777954
412138630,4,1.871310434327066,2.1095681190490723
412139600,0,1.0,1.2000514268875122
412149764,3,1.0,0.6355007290840149
412150072,0,1.871310434327066,3.088634967803955
412173161,0,2.3703703703703702,4.031745910644531
412181144,3,6.7407407407407405,5.0276947021484375
412185018,4,1.0,0.9545676708221436
412190748,2,1.0,1.7727283239364624
412190785,3,5.481481481481481,6.348215579986572
412201238,4,5.0,3.0195810794830322
412206442,4,6.533699526118942,5.441035270690918
412226455,2,1.871310434327066,1.3712327480316162
412229631,4,1.0,1.5156376361846924
412230660,2,5.0,4.180456161499023
412232216,2,5.111111111111111,6.1434245109558105
412236985,3,3.425440131591025,4.6621413230896
412256942,0,3.0,2.0998318195343018
412258679,1,6.7407407407407405,5.659538745880127
412269301,3,2.648375282959045,4.280294418334961
412274475,1,1.0942455856950868,1.6396963596343994
412282662,1,1.0942455856950868,2.5728671550750732
412287017,4,1.0,4.987325668334961
412288190,4,4.979569828854984,4.92075777053833
412308147,2,1.0,1.8544507026672363
412309996,3,1.0,1.7598280906677246
412310782,2,1.3703703703703702,1.2936134338378906
412311229,2,1.0,2.2760722637176514
412312944,2,1.0942455856950868,3.363997459411621
412328603,4,1.0,0.9370711445808411
412335244,1,2.648375282959045,2.895909070968628
412352374,4,1.0,2.1484994888305664
412359429,1,1.0,1.244257926940918
412365691,4,4.202504980223004,3.5820608139038086
412365704,4,2.3703703703703702,0.9145761728286743
412368370,2,1.0,1.285008192062378
412370811,4,1.871310434327066,1.6288163661956787
412373377,3,6.533699526118942,4.160715103149414
412374271,3,1.871310434327066,1.8622338771820068
412383763,0,1.0942455856950868,1.152855396270752
412385741,1,1.0942455856950868,1.2265323400497437
412406148,3,1.0942455856950868,1.4327402114868164
412406255,3,1.3703703703703702,2.467745304107666
412419442,2,1.871310434327066,2.6622047424316406
412437184,2,4.979569828854984,4.14904260635376
412441916,2,1.0,1.347652792930603
412446385,2,1.0,0.9290356636047363
412447192,2,2.648375282959045,1.2885512113571167
412458944,4,4.0,3.890709400177002
412470527,4,1.7407407407407407,2.3288373947143555
412472636,3,1.0,2.895634174346924
412475104,4,1.3703703703703702,3.3221845626831055
412498969,1,6.111111111111111,5.664653301239014
412515195,3,1.3703703703703702,2.0971999168395996
412521704,3,1.0,1.4827553033828735
412533375,0,1.0,1.0429117679595947
412539159,4,1.3703703703703702,1.2336162328720093
412552652,1,2.648375282959045,1.6679623126983643
412569057,3,1.0942455856950868,1.3748968839645386
412582162,3,2.3703703703703702,1.8498797416687012
412591740,4,4.0,4.850278854370117
412595308,3,6.7407407407407405,4.648147106170654
412612624,4,1.0,1.342200517654419
412629104,0,4.0,4.204566478729248
412637748,4,5.7566346774869634,4.5891828536987305
412670015,4,1.0942455856950868,0.9703283309936523
412672708,2,1.0942455856950868,1.938429355621338
412699032,4,7.310764374750923,7.259235858917236
412711418,2,5.0,4.388789176940918
412712410,2,3.425440131591025,3.562314748764038
412719646,3,1.0942455856950868,1.0310840606689453
412737875,4,1.0,0.5810991525650024
412740168,4,2.259259259259259,1.790462851524353
412748044,2,1.0,2.267063617706299
412754051,3,1.0,0.9951607584953308
412766363,3,1.0,1.4326945543289185
412778392,0,2.6296296296296293,1.6493995189666748
412781254,3,2.648375282959045,2.2958202362060547
412781358,3,1.0,0.9648999571800232
412782773,4,4.202504980223004,4.669000625610352
412800102,2,1.0,0.8461910486221313
412804020,0,1.0942455856950868,3.2560651302337646
412804987,0,1.0942455856950868,1.6904329061508179
412805473,2,1.0,2.347921848297119
412807633,0,3.3703703703703702,3.372448444366455
412831524,4,6.533699526118942,6.399531841278076
412845568,0,7.0,3.6622135639190674
412846864,1,2.0,2.6072332859039307
412864390,1,1.0942455856950868,1.3203741312026978
412877698,2,1.0,1.0501854419708252
412903008,4,1.3703703703703702,1.7123725414276123
412917318,0,1.0,0.8020623922348022
412920121,2,3.111111111111111,2.0903449058532715
412920963,1,1.0,0.5606823563575745
412925707,4,3.0,2.534829616546631
412928406,3,1.0,1.4844591617584229
412937681,2,2.6296296296296293,2.051455020904541
412941207,1,2.0,3.2308757305145264
412954330,4,6.0,3.4765658378601074
412965629,0,5.0,2.3383774757385254
412965951,3,5.7566346774869634,3.2622902393341064
412966009,4,1.0,1.1018544435501099
412966401,4,4.202504980223004,3.859464406967163
412966939,4,1.7407407407407407,1.7609784603118896
412975094,1,5.111111111111111,4.2049407958984375
412979261,4,5.7566346774869634,6.495738983154297
412983855,2,1.0942455856950868,2.8537685871124268
412985206,3,1.0,0.7416630387306213
412986171,3,1.7407407407407407,1.8871839046478271
412991347,4,6.0,2.505568742752075
413009704,4,5.7407407407407405,6.661905765533447
413011203,3,5.7407407407407405,6.416084289550781
413016176,3,5.0,3.936767339706421
413023200,3,2.3703703703703702,2.6837539672851562
413023928,2,1.0,1.6616575717926025
413024473,3,1.3703703703703702,1.5935146808624268
413024792,3,6.7407407407407405,5.729862689971924
413031300,2,4.0,5.134430408477783
413031919,4,3.0,2.886085033416748
413033784,3,5.7566346774869634,2.2373292446136475
413042956,3,1.0942455856950868,0.9093430638313293
413046230,4,1.0,0.6600907444953918
413070547,3,3.740740740740741,2.092031955718994
413072167,1,1.6296296296296298,2.5869343280792236
413077722,4,1.3703703703703702,2.3124899864196777
413080382,4,1.0,1.4639413356781006
413101443,3,3.3703703703703702,2.6359105110168457
413107989,1,1.0,0.9787821173667908
413113203,1,4.0,2.882445812225342
413113495,1,2.0,2.257540464401245
413123507,3,1.0,1.0247275829315186
413127699,2,1.0942455856950868,1.1122199296951294
413141581,4,4.0,3.8626322746276855
413151176,0,1.0,6.165130138397217
413157558,2,1.0,2.3692431449890137
413162468,0,5.37037037037037,4.521203994750977
413173949,0,3.425440131591025,5.0589599609375
413174365,4,1.0,0.9184455871582031
413178171,0,7.0,1.9457828998565674
413182331,1,1.0942455856950868,2.4224917888641357
413183181,2,1.0,4.556443214416504
413187512,4,3.425440131591025,4.407001495361328
413189613,3,1.0,1.027543306350708
413202024,4,1.0,1.4105663299560547
413215750,0,1.0,0.6238657236099243
413218743,1,1.0,1.9013431072235107
413220026,0,2.0,2.8245503902435303
413223246,4,1.0942455856950868,1.1672704219818115
413224095,4,1.0,1.0707001686096191
413225830,4,3.3703703703703702,2.9866015911102295
413228226,3,1.0,1.714255928993225
413239830,2,1.0942455856950868,1.2638535499572754
413243642,0,1.0,1.1254740953445435
413249363,3,1.0,1.58806312084198
413257877,0,2.0,1.9187042713165283
413274657,2,1.0942455856950868,1.7223578691482544
413276977,1,2.0,4.178740978240967
413304931,0,1.0,1.2097399234771729
413310666,2,2.111111111111111,2.8101823329925537
413315584,1,3.425440131591025,4.2973456382751465
413317606,4,3.4814814814814814,5.997082710266113
413320416,0,1.871310434327066,4.275684833526611
413322883,3,1.0,0.7559468150138855
413326063,1,1.0,2.1755688190460205
413331580,3,1.0,1.4208531379699707
413338617,4,1.0942455856950868,3.093593120574951
413344644,0,1.0,1.1932188272476196
413345037,2,3.4814814814814814,5.082386493682861
413345788,3,1.0942455856950868,1.7202938795089722
413348127,3,1.0942455856950868,2.1989879608154297
413353615,3,3.0,1.6168713569641113
413359733,4,1.0,1.5206738710403442
413364600,4,5.7407407407407405,4.59491491317749
413370263,2,1.0942455856950868,1.518214225769043
413372707,4,5.7407407407407405,4.434060096740723
413374561,3,1.0,3.7850115299224854
413382183,1,2.0,3.216623544692993
413386115,4,4.202504980223004,4.085788726806641
413389173,1,1.6296296296296298,1.9279649257659912
413389481,0,1.0942455856950868,1.9313163757324219
413393830,0,1.0942455856950868,1.4978692531585693
413401287,3,1.6296296296296298,0.9918607473373413
413403598,1,1.871310434327066,1.6899702548980713
413404709,2,1.0,1.0576889514923096
413409634,4,1.0,1.50026535987854
413412423,4,1.0,3.063101291656494
413413641,3,1.0,0.7844309210777283
413420821,0,1.0,1.7752372026443481
413431393,3,1.0,2.0632457733154297
413435223,4,3.425440131591025,1.7787182331085205
413435486,0,1.871310434327066,4.35256290435791
413447606,1,1.0942455856950868,2.2930662631988525
413451433,0,5.481481481481481,3.8225765228271484
413460722,4,4.111111111111111,3.2813591957092285
413465170,0,1.0942455856950868,1.5420018434524536
413468897,3,4.0,3.00941801071167
413469458,3,1.871310434327066,1.574867606163025
413473991,0,1.0,1.0629783868789673
413477587,4,1.0,1.0492430925369263
413478401,2,1.0,1.8708711862564087
413486404,1,6.0,4.897484302520752
413486926,2,2.648375282959045,4.06784725189209
413487692,2,1.871310434327066,2.9549057483673096
413488561,2,5.37037037037037,6.109575271606445
413488935,4,2.648375282959045,3.0178732872009277
413488999,0,1.0942455856950868,3.7632131576538086
413492685,1,1.0,0.5852261781692505
413498288,2,1.0942455856950868,0.9638267755508423
413503671,1,1.0942455856950868,2.435901403427124
413504247,3,1.0,1.2565269470214844
413506290,0,1.0,1.6020798683166504
413507525,3,1.871310434327066,1.3801087141036987
413508946,4,1.0942455856950868,2.606107234954834
413509155,4,1.0942455856950868,1.551009178161621
413520665,4,3.0,2.0538697242736816
413534723,4,2.7407407407407405,3.5738985538482666
413536103,4,1.871310434327066,2.3659045696258545
413538102,2,1.0942455856950868,1.0176200866699219
413549724,4,1.871310434327066,2.719027519226074
413550009,1,1.7407407407407407,2.321239709854126
413550946,3,3.0,5.349271774291992
413555585,0,1.0942455856950868,1.3220818042755127
413584725,3,1.0942455856950868,2.134383201599121
413598409,1,5.0,1.9409704208374023
413598944,1,1.0,1.7034235000610352
413601399,4,4.0,1.3062183856964111
413602066,4,1.0942455856950868,3.6272826194763184
413604549,1,2.0,2.8330819606781006
413605653,3,5.0,5.136619567871094
413619204,2,4.979569828854984,4.296069145202637
413625762,0,3.425440131591025,2.1327476501464844
413636591,3,1.0,2.6698520183563232
413640937,3,1.0,0.6795869469642639
413646029,1,3.425440131591025,4.200263500213623
413652864,3,1.0,0.7012647986412048
413670126,2,1.3703703703703702,1.5255634784698486
413670626,1,2.0,4.41863489151001
413672291,4,1.0,1.0769197940826416
413685183,2,1.0,1.0720707178115845
413686743,1,2.648375282959045,2.1807124614715576
413688208,3,2.0,1.3911798000335693
413688650,3,1.0,1.2130134105682373
413701543,4,1.0,2.1927099227905273
413708945,4,1.0942455856950868,0.7671082019805908
413710315,2,5.111111111111111,6.2967729568481445
413715507,3,1.0942455856950868,2.0655131340026855
413717198,1,1.0,1.3078035116195679
413717869,2,1.871310434327066,1.6872326135635376
413720392,3,1.0,1.8840489387512207
413720613,4,1.0942455856950868,0.6069400310516357
413721968,3,1.6296296296296298,2.1742749214172363
413731261,4,1.0,2.037097930908203
413731884,4,1.0942455856950868,0.9997711181640625
413742082,4,1.0,2.5101497173309326
413742859,4,1.0,0.9413408637046814
413743820,3,1.0,0.6858189702033997
413744236,1,5.111111111111111,4.840847969055176
413756359,1,1.0,1.5308884382247925
413765365,3,1.871310434327066,2.0137691497802734
413776438,2,4.481481481481481,4.974666595458984
413780258,2,7.111111111111111,6.535597324371338
413780262,2,6.0,1.497048258781433
413781566,2,1.0,1.7666778564453125
413783223,3,1.0,3.283536434173584
413783638,4,1.0942455856950868,1.1577918529510498
413792205,1,1.0,1.3578193187713623
413807609,3,1.3703703703703702,2.0763473510742188
413808025,3,1.0,1.638568639755249
413810703,4,1.0942455856950868,2.6094233989715576
413813065,3,1.0,1.424067735671997
413816611,2,1.0,2.6543033123016357
413824818,2,1.0942455856950868,2.0818355083465576
413831136,3,1.0,1.4454059600830078
413837632,1,4.0,0.8920454382896423
413837638,1,1.0,0.8157137036323547
413839272,3,1.3703703703703702,1.8840070962905884
413848969,1,1.0,3.501356840133667
413849142,3,1.0942455856950868,2.076827049255371
413857709,1,1.0,3.6651535034179688
413858838,0,2.4814814814814814,1.8662737607955933
413869690,0,1.0,0.8800914287567139
413876728,0,5.0,5.7031965255737305
413876910,0,1.0,1.6151683330535889
413878719,2,3.740740740740741,3.6048951148986816
413893112,3,1.0942455856950868,0.7646084427833557
413898382,2,1.0,1.7970714569091797
413905915,2,3.0,3.3525476455688477
413920366,2,1.0,1.1381616592407227
413921245,4,1.0,0.6186120510101318
413924567,2,4.202504980223004,4.635915756225586
413927642,0,1.0942455856950868,2.5988588333129883
413927763,0,2.3703703703703702,3.871835470199585
413927806,1,2.7407407407407405,3.8578193187713623
413928523,0,1.0,3.190877914428711
413929669,3,4.0,3.477724552154541
413929855,3,1.0,0.8957126140594482
413929889,2,1.871310434327066,2.971604585647583
413930389,4,1.0,1.573340892791748
413930398,4,1.0,1.1915854215621948
413930422,4,2.0,1.5604716539382935
413930494,4,2.0,1.6557879447937012
413932951,4,1.871310434327066,1.886843204498291
413933415,2,1.0,2.1095824241638184
413933598,2,1.0,0.8538285493850708
413934410,2,5.7566346774869634,4.338302135467529
413934425,2,1.0,1.500299334526062
413934665,0,3.425440131591025,4.083993911743164
413936368,4,4.111111111111111,4.81835412979126
413936407,2,1.0,1.6010510921478271
413936747,0,1.0,1.304616093635559
413936749,3,1.0,0.5162795186042786
413936915,2,1.0,0.7326054573059082
413936960,2,1.0,0.7387813925743103
413938097,0,1.0,1.8452517986297607
413938615,0,1.0,1.2477236986160278
413939174,4,1.0,0.7285612225532532
413939329,0,1.0,1.129976749420166
413940170,2,5.0,2.2772793769836426
413940760,1,1.871310434327066,2.3326220512390137
413940956,3,1.0,1.1938233375549316
413941446,2,3.0,2.3736538887023926
413941725,0,1.0942455856950868,0.5322125554084778
413941834,2,2.6296296296296293,2.1735804080963135
413941897,3,4.851851851851851,4.3148603439331055
413942465,2,2.3703703703703702,3.017742156982422
413942989,4,5.7407407407407405,6.515164375305176
413943414,4,3.3703703703703702,4.744350433349609
413943789,3,2.0,2.1970016956329346
413943812,4,5.7566346774869634,5.166520118713379
413944378,0,1.871310434327066,4.5847883224487305
413945274,2,3.425440131591025,4.219789981842041
413945586,3,1.0,1.1543128490447998
413946377,2,4.202504980223004,2.6111812591552734
413946439,3,1.0,1.223219871520996
413946638,2,3.425440131591025,6.338973045349121
413947437,1,1.3703703703703702,1.5021424293518066
413947525,4,1.0,3.5288548469543457
413947771,3,4.0,3.2216224670410156
413948196,1,1.0,0.6338881254196167
413948299,4,2.0,2.8766121864318848
413948377,4,1.0,0.7401400208473206
413948459,3,1.3703703703703702,1.558098316192627
413948492,2,6.111111111111111,3.4930779933929443
413948525,4,4.0,6.213225364685059
413948703,3,3.0,1.4885221719741821
413949119,0,3.0,3.6749022006988525
413949830,3,1.0942455856950868,3.4251086711883545
413950241,2,2.0,1.7191635370254517
413950399,4,1.0942455856950868,0.7627184391021729
413950589,3,1.0,1.365034818649292
413951384,4,1.0942455856950868,0.8582977652549744
413951947,3,1.0942455856950868,1.3086645603179932
413952156,1,4.37037037037037,5.76049280166626
413952446,4,3.0,2.6977267265319824
413953041,1,1.0942455856950868,1.543906807899475
413953581,1,7.0,6.242590427398682
413954263,4,1.0942455856950868,1.4563283920288086
413954432,0,3.425440131591025,3.685079336166382
413954837,1,2.648375282959045,5.69247579574585
413956402,3,5.0,1.581337571144104
413956566,1,1.3703703703703702,1.2415467500686646
413956749,0,6.0,6.457691192626953
413957645,4,1.0,0.5826511979103088
413957981,2,1.0,1.167475700378418
413958022,0,1.0,1.0238451957702637
413959650,1,1.0,1.0837488174438477
413960265,4,1.0,0.99659264087677
413960884,0,4.0,2.773491382598877
413961046,2,3.0,0.8901592493057251
413961491,4,4.7407407407407405,2.4428200721740723
413961861,4,4.979569828854984,2.4428200721740723
413962006,1,1.0942455856950868,3.6138648986816406
413962301,1,1.0,2.128706216812134
413962311,2,5.0,5.242757797241211
413962487,4,1.0,1.156360387802124
413962705,1,3.0,1.1022236347198486
413963260,2,3.0,2.0307421684265137
413963565,2,1.871310434327066,1.135061264038086
413964125,0,1.0,1.2826011180877686
413964199,2,1.0,1.6622872352600098
413964760,0,1.0,1.9457440376281738
413965985,1,1.0,0.9234974980354309
413966167,2,1.7407407407407407,3.662083148956299
413966613,2,4.202504980223004,6.99186372756958
413967148,3,2.3703703703703702,4.626362323760986
413967427,2,6.481481481481481,3.0552010536193848
413968228,3,1.0,1.1835477352142334
413968293,2,1.6296296296296298,4.218952178955078
413968469,1,2.0,1.9649094343185425
413968504,0,1.0942455856950868,1.9344165325164795
413970098,2,1.871310434327066,1.8943673372268677
413970577,4,1.0,1.0972920656204224
413971233,1,1.0942455856950868,0.91411954164505
413972004,1,4.7407407407407405,3.2628796100616455
413972383,0,1.0942455856950868,1.475973129272461
413972660,2,1.0,0.9602261781692505
413972718,2,1.0942455856950868,1.8456910848617554
413972763,0,1.0,1.0552754402160645
413973132,2,1.0942455856950868,0.771172046661377
413973322,2,1.0942455856950868,1.5461009740829468
413974179,2,2.0,4.294864654541016
413974668,0,1.0,1.1179989576339722
413975036,2,1.0942455856950868,1.1640393733978271
413975039,3,1.3703703703703702,1.555054783821106
413975757,1,3.3703703703703702,2.5141260623931885
413976280,3,1.0,1.539870262145996
413976459,0,1.0,1.4713430404663086
413977167,2,1.0942455856950868,0.987784206867218
413978032,1,4.0,2.042133331298828
413979830,2,7.370370370370369,6.282556056976318
413980052,0,1.0,1.149672269821167
413980397,3,1.0,0.9354743361473083
413980635,0,1.0,2.4247264862060547
413981431,2,1.0942455856950868,0.9762599468231201
413981689,0,1.0942455856950868,1.4760493040084839
413981778,4,1.0942455856950868,1.9777050018310547
413981873,1,1.0,2.2122256755828857
413981961,1,1.0,1.5938737392425537
413982686,4,1.871310434327066,3.477541446685791
413982796,3,1.0,1.496875524520874
413983169,1,2.648375282959045,3.4135830402374268
413984684,3,6.111111111111111,5.800156116485596
413984834,1,1.0942455856950868,1.2780308723449707
413985110,4,1.0,1.3819704055786133
413985365,3,3.740740740740741,4.462632179260254
413985713,0,1.0942455856950868,1.3450618982315063
413985873,0,1.0942455856950868,1.0753695964813232
413985879,3,2.648375282959045,3.6434309482574463
413985992,3,4.202504980223004,6.977052688598633
413986795,0,1.0942455856950868,1.2385239601135254
413987306,1,2.3703703703703702,1.7351710796356201
413987913,1,1.0,1.181117296218872
413988084,4,1.0,0.8701601028442383
413988471,4,1.0,0.7483231425285339
413988641,0,1.3703703703703702,2.6700077056884766
413989106,3,1.0,1.4063873291015625
413990558,3,3.0,1.063565731048584
413990819,4,1.0,1.1817705631256104
413990921,0,1.0942455856950868,2.0471248626708984
413992452,1,3.0,1.2884645462036133
413992952,2,3.0,1.7585530281066895
413994055,1,1.871310434327066,3.3336145877838135
thread_10000140_chocolamilk83_1401/10/10 01:07,4,1.0942455856950868,2.2110838890075684
thread_10001805_سوسک_بالدار_1401/10/10 11:18,4,3.425440131591025,2.3645410537719727
thread_10013823_بهارک۷۳_1401/10/11 20:44,4,1.0,2.281343936920166
thread_10013823_لیلاجیگر_1401/10/11 21:39,4,4.0,2.8229000568389893
thread_10050737_starter,1,1.3703703703703702,1.141981601715088
thread_10066266_starter,1,7.310764374750923,7.714269161224365
thread_10075915_starter,3,2.648375282959045,4.285436153411865
thread_10130873_سلما1372_1401/10/26 08:51,2,4.202504980223004,4.168993949890137
thread_10142431_دلوووووووین_1401/10/27 17:16,4,1.0,3.328218460083008
thread_10157128_fatmjoon_1401/10/29 10:27,3,1.3703703703703702,1.8893550634384155
thread_10162254_زندگی_خییلی_قشنگه_1401/10/29 22:44,1,1.0942455856950868,0.9467532634735107
thread_10162254_مامان_نیماجوجه_1401/10/29 22:40,1,7.74074074074074,7.408294200897217
thread_10165795_starter,4,3.425440131591025,6.100255012512207
thread_10168513_starter,3,1.0942455856950868,1.6758803129196167
thread_10172881_پریا۱۳۰۰_1401/11/01 12:16,1,1.0,1.3515799045562744
thread_10176250_khk1384_1401/11/01 20:25,4,1.0942455856950868,2.17130184173584
thread_10179382_atabizemestoon_1401/11/02 01:22,2,5.7566346774869634,5.706852912902832
thread_10182598_starter,0,4.0,5.9336347579956055
thread_10185456_starter,2,2.259259259259259,2.3406996726989746
thread_10222994_starter,0,2.3703703703703702,2.6876351833343506
thread_10233522_starter,2,6.533699526118942,7.153793811798096
thread_10251910_starter,4,2.0,4.230486869812012
thread_10271904_starter,3,5.7566346774869634,6.8562822341918945
thread_10275811_starter,1,4.202504980223004,1.7805485725402832
thread_10297607_badomnini_1401/11/17 13:27,1,2.648375282959045,2.398500680923462
thread_10301684_starter,3,4.0,4.22455358505249
thread_10302862_starter,4,6.111111111111111,7.112447261810303
thread_10314630_starter,1,6.481481481481481,6.917798042297363
thread_10322275_starter,0,1.0942455856950868,2.02221941947937
thread_10354240_starter,3,3.0,4.515804290771484
thread_10368237_wetdh_1401/11/26 17:05,1,3.3703703703703702,6.720117092132568
thread_10374263_starter,0,4.37037037037037,2.9757931232452393
thread_10379801_fatima24_1401/11/28 00:25,0,3.3703703703703702,3.0001463890075684
thread_10379801_pegah00_1401/11/28 00:14,0,4.0,0.9963586330413818
thread_10380504_تیادا_1401/11/28 01:40,3,1.0,0.7345478534698486
thread_10393495_starter,0,3.111111111111111,3.7428784370422363
thread_10410834_starter,0,5.111111111111111,6.186147212982178
thread_10411494_روح_حیران_الدوله_1401/12/02 00:21,0,1.0,1.9059598445892334
thread_10448788_starter,1,9.370370370370368,4.71035099029541
thread_10463942_یارا_۷۰_1401/12/08 14:58,4,3.3703703703703702,3.4054346084594727
thread_10480822_starter,1,4.202504980223004,4.094604015350342
thread_10514731_starter,2,4.0,4.923369407653809
thread_10524790_starter,3,6.533699526118942,7.840562343597412
thread_10529758_starter,3,6.370370370370369,7.121997356414795
thread_10542869_starter,1,7.310764374750923,7.789429664611816
thread_10571539_مامانmasi_1401/12/21 20:20,3,1.3703703703703702,2.087338924407959
thread_10602523_starter,1,1.0942455856950868,2.1700029373168945
thread_10613318_starter,3,5.7566346774869634,6.350053310394287
thread_10614978_starter,3,4.0,5.716826438903809
thread_10632887_starter,4,7.310764374750923,7.199894905090332
thread_10663500_starter,3,5.7566346774869634,5.785872936248779
thread_10676035_starter,2,5.0,3.095186710357666
thread_10723964_starter,2,6.533699526118942,4.470057010650635
thread_10774335_starter,1,4.202504980223004,4.470259189605713
thread_10824080_starter,3,4.202504980223004,5.258065223693848
thread_10913873_بهاااار۷۷_1402/02/02 15:33,0,1.0,1.0771745443344116
thread_10920848_starter,0,4.111111111111111,3.693192481994629
thread_10929344_مامان_زهرا2_1402/02/04 15:03,0,2.3703703703703702,4.277666091918945
thread_10932921_هرماینی_ویزلی_1402/02/04 22:48,2,1.0,1.1467041969299316
thread_10952183_starter,2,5.111111111111111,4.915621280670166
thread_10952183_عطرعاشقی_1402/02/07 09:59,2,3.0,2.046299934387207
thread_11018093_adrina_______1402/02/15 12:43,2,1.0,1.1396793127059937
thread_11034227_starter,0,3.6296296296296298,6.493156909942627
thread_11036040_82ayhan_1402/02/17 19:54,3,1.0,0.8578291535377502
thread_11038954_starter,2,6.0,7.132390022277832
thread_11045364_starter,0,3.425440131591025,4.520633697509766
thread_11050893_starter,2,4.979569828854984,4.72398042678833
thread_11050893_تنهاوغریب۷۸_1402/02/19 19:15,2,4.202504980223004,3.726609945297241
thread_11050893_مدیراستارتر_1402/02/19 19:09,2,3.0,3.566300392150879
thread_11052815_starter,1,4.979569828854984,7.2726054191589355
thread_11073524_starter,3,7.310764374750923,7.697892189025879
thread_11082963_starter,1,4.7407407407407405,4.746804714202881
thread_11092987_starter,1,3.0,3.4903385639190674
thread_11093436_starter,3,1.0942455856950868,1.9789255857467651
thread_11099636_starter,2,3.425440131591025,2.728679656982422
thread_11151960_starter,2,4.7407407407407405,2.7811503410339355
thread_11157196_sanaz718_1402/04/04 22:00,1,1.0942455856950868,0.6425931453704834
thread_11157196_سیما298_1402/03/03 00:10,1,5.0,1.7171502113342285
thread_11168059_starter,4,6.481481481481481,7.570834159851074
thread_11168059_کلید۹_1402/03/04 12:22,4,1.0,2.9713642597198486
thread_11186657_saeede7598_1402/03/06 20:47,3,1.0,2.0161986351013184
thread_11186657_دختر_بهار۷۴۷۴_1402/03/07 12:58,3,1.0,1.1155591011047363
thread_11189321_روزاخانم_1402/03/07 02:23,4,1.0942455856950868,1.1877071857452393
thread_11200287_starter,2,4.0,4.786956787109375
thread_11203110_mambardia_1402/03/08 21:34,1,4.62962962962963,2.362987518310547
thread_11210265_sogoli7279_1402/03/09 20:06,0,1.0942455856950868,0.7134091258049011
thread_11226201_starter,2,3.0,2.756085157394409
thread_11235567_starter,1,3.0,3.6490583419799805
thread_11237504_starter,2,8.0,7.958777904510498
thread_11242037_starter,3,1.0,1.1645944118499756
thread_11258649_starter,0,1.0942455856950868,1.4770711660385132
thread_11266970_starter,3,4.979569828854984,4.37379789352417
thread_11272179_starter,4,4.0,4.595076560974121
thread_11308009_starter,0,6.370370370370369,5.335904598236084
thread_11322121_starter,1,5.111111111111111,6.327840805053711
thread_11355279_starter,0,4.7407407407407405,4.112957000732422
thread_11409103_دخترمدیترانه_1402/04/04 18:12,4,1.0,0.6539716124534607
thread_11410575_starter,4,1.0942455856950868,0.7068067789077759
thread_11417052_momy_deniz_1402/04/05 19:22,0,1.0942455856950868,5.080147743225098
thread_11418445_sahar11112222_1402/04/05 22:57,3,1.7407407407407407,2.0849664211273193
thread_11418445_همسرممدقلی_1403/02/09 09:17,3,5.7566346774869634,2.6165928840637207
thread_11421164_starter,0,7.74074074074074,7.481903553009033
thread_11428732_starter,0,1.0942455856950868,1.6719566583633423
thread_11430239_گوفی_goofy_1402/04/07 16:25,1,1.6296296296296298,3.611340284347534
thread_11435666_starter,3,6.533699526118942,5.6114912033081055
thread_11449595_starter,4,5.7566346774869634,7.208498477935791
thread_11457979_tamin1828_1402/04/11 10:55,2,2.0,2.4678924083709717
thread_11457979_حنا_دختری_در_رختخواب_1402/04/11 14:21,2,2.648375282959045,6.273627281188965
thread_11488172_starter,3,5.37037037037037,3.41471529006958
thread_11497657_starter,3,3.0,3.577874183654785
thread_11508674_شاهپسرمی_1402/04/17 23:00,0,1.0942455856950868,3.2678377628326416
thread_11521204_starter,0,7.310764374750923,4.52986478805542
thread_11543948_fall_girll_1402/04/22 12:07,4,1.0,1.6483826637268066
thread_11548790_فرییییناززز_1402/04/23 01:03,3,1.871310434327066,4.6444993019104
thread_11550424_aradjoooooni_1402/04/23 10:28,1,1.0,2.470529317855835
thread_11583885_starter,4,7.0,5.773235321044922
thread_11587309_starter,0,1.0,6.524785995483398
thread_11615324_starter,0,2.6296296296296293,1.1372435092926025
thread_11622877_فریبابهاری_1402/05/01 15:05,4,4.979569828854984,2.5225894451141357
thread_11641483_starter,4,6.533699526118942,6.222501754760742
thread_11650928_ماه66_1402/05/05 04:19,2,1.871310434327066,1.172454833984375
thread_11651384_starter,2,5.7566346774869634,4.888785362243652
thread_11658331_starter,0,2.111111111111111,3.1681809425354004
thread_11697019_starter,3,6.111111111111111,4.0266900062561035
thread_11702876_starter,1,5.7566346774869634,6.354412078857422
thread_11722190_starter,3,3.0,3.255385160446167
thread_11745552_gelareh1234_1402/11/20 23:01,4,6.533699526118942,5.283578395843506
thread_11747162_starter,3,7.481481481481481,7.922504901885986
thread_11758445_starter,4,6.533699526118942,6.387889862060547
thread_11758445_zahra_931388_1402/05/19 00:42,4,1.0,1.4658548831939697
thread_11761411_ebooo_1402/05/19 13:31,3,7.0,5.4418511390686035
thread_11761771_starter,0,5.0,5.444399356842041
thread_11762214_starter,1,6.111111111111111,6.365580081939697
thread_11764937_starter,1,1.7407407407407407,1.3220680952072144
thread_11782399_starter,2,4.202504980223004,3.6554713249206543
thread_11805524_starter,2,5.7407407407407405,6.85000467300415
thread_11806754_کوالاءخسته_1402/05/25 02:04,2,2.3703703703703702,2.126425266265869
thread_11816883_فنچ_قرمز_1402/05/26 15:13,3,7.370370370370369,7.27166223526001
thread_11818127_starter,1,1.0942455856950868,2.702343702316284
thread_11837697_starter,4,1.871310434327066,3.1686625480651855
thread_11853416_starter,3,7.370370370370369,6.333738803863525
thread_11855670_starter,0,6.533699526118942,6.824108123779297
thread_11863827_starter,4,2.0,7.335930824279785
thread_11868913_starter,1,4.979569828854984,5.761636734008789
thread_11868956_starter,3,2.3703703703703702,2.219533681869507
thread_11898756_starter,2,7.370370370370369,6.275889873504639
thread_11900475_starter,2,3.3703703703703702,4.8602800369262695
thread_11900901_starter,4,4.202504980223004,3.2786457538604736
thread_11910445_starter,3,3.425440131591025,3.8295793533325195
thread_11912656_starter,2,1.871310434327066,2.8326399326324463
thread_11937770_روغن_کرچک_1402/06/11 04:07,3,1.7407407407407407,1.8812613487243652
thread_11956298_starter,0,6.7407407407407405,5.551031589508057
thread_11976631_starter,2,3.3703703703703702,4.4298095703125
thread_12001379_starter,4,6.370370370370369,5.118361473083496
thread_12001823_starter,1,6.533699526118942,5.304243564605713
thread_12005329_starter,4,6.533699526118942,6.5581865310668945
thread_12008908_starter,3,5.999999999999999,6.98790979385376
thread_12031111_starter,4,6.533699526118942,5.098847389221191
thread_12033101_starter,2,8.0878292233829,7.6538214683532715
thread_12054109_starter,4,1.0942455856950868,2.314513921737671
thread_12057844_starter,3,6.481481481481481,6.248868465423584
thread_12080880_starter,1,5.481481481481481,4.8075666427612305
thread_12083716_starter,4,1.3703703703703702,2.415344715118408
thread_12084168_جوجوطلا۵۳_1402/06/31 00:16,0,1.0,1.2922148704528809
thread_12084168_سقزیااااااا_1402/06/30 23:41,0,1.0942455856950868,1.9731465578079224
thread_12087647_میناالسلطنه_1402/06/31 15:19,3,4.202504980223004,6.574747085571289
thread_12088170_saharr_bano_1402/07/01 20:37,1,1.0942455856950868,2.134833335876465
thread_12088170_starter,1,7.111111111111111,6.679713726043701
thread_12127266_starter,2,6.0,6.691061973571777
thread_12132086_starter,1,5.7407407407407405,4.184695720672607
thread_12173353_starter,2,5.7407407407407405,7.487042427062988
thread_12182197_starter,2,4.851851851851851,6.305790901184082
thread_12189262_starter,4,8.0878292233829,7.894095420837402
thread_12233829_starter,2,5.7407407407407405,6.310391902923584
thread_12239309_starter,3,7.370370370370369,6.376276969909668
thread_12246092_nazninpoi_1402/07/24 17:26,4,2.648375282959045,1.917814016342163
thread_12250008_starter,2,2.648375282959045,4.121566295623779
thread_12254105_دختــرشیــرااازی_1402/07/27 18:32,0,1.0,0.8998849391937256
thread_12260668_starter,4,3.740740740740741,4.387849807739258
thread_12273353_starter,3,5.7407407407407405,3.3256149291992188
thread_12296938_starter,3,8.11111111111111,7.301021099090576
thread_12306808_starter,2,2.3703703703703702,4.679164409637451
thread_12311774_starter,4,6.533699526118942,6.077883720397949
thread_12320753_starter,2,1.871310434327066,1.8144361972808838
thread_12321228_starter,3,8.11111111111111,7.537925720214844
thread_12329536_starter,0,7.74074074074074,5.402849197387695
thread_12335936_05mahnaziiii_1402/08/08 13:31,1,3.425440131591025,1.621279001235962
thread_12337937_اشپزخونه_1402/08/08 19:07,1,4.481481481481481,5.668390274047852
thread_12347755_starter,4,6.533699526118942,7.647389888763428
thread_12365188_starter,4,2.648375282959045,2.554724931716919
thread_12372198_۲۷_1402/08/20 17:59,3,3.4814814814814814,5.273705005645752
thread_12381492_starter,2,7.74074074074074,8.033330917358398
thread_12382342_starter,4,4.979569828854984,6.156954288482666
thread_12408152_starter,2,5.7566346774869634,6.017580509185791
thread_12433679_starter,2,5.7566346774869634,6.808526992797852
thread_12444504_starter,1,3.425440131591025,5.508468151092529
thread_12447056_panah_ir_1402/08/26 08:18,1,1.0,1.4974528551101685
thread_12448534_starter,1,9.0,8.062771797180176
thread_12474402_taherr_1402/08/30 16:17,4,3.425440131591025,1.6851574182510376
thread_12474402_مووفرفری_1402/08/30 15:58,4,1.0,1.3391494750976562
thread_12478351_starter,2,5.7566346774869634,4.406731605529785
thread_12481148_starter,1,8.37037037037037,8.324578285217285
thread_12488568_starter,0,3.6296296296296298,4.302464962005615
thread_12490703_سالادباسس_1402/09/14 08:04,0,4.202504980223004,2.371304988861084
thread_12511452_starter,0,8.37037037037037,6.927071571350098
thread_12540786_starter,1,4.7407407407407405,1.9541544914245605
thread_12540988_z77بهار_1402/09/11 13:34,1,1.0,3.2557883262634277
thread_12554039_starter,4,7.0,6.28916597366333
thread_12558882_starter,0,4.0,4.668282985687256
thread_12564950_starter,3,6.7407407407407405,7.245314121246338
thread_12584343_starter,0,4.7407407407407405,2.628056526184082
thread_12592575_starter,4,4.979569828854984,5.110961437225342
thread_12605901_starter,3,4.0,6.672119617462158
thread_12607907_mamagolsa_1402/09/21 22:31,4,6.533699526118942,6.150717258453369
thread_12607907_starter,4,5.111111111111111,6.840696334838867
thread_12607907_بانوآبی_1402/09/21 22:25,4,2.259259259259259,2.341675281524658
thread_12609082_starter,2,6.370370370370369,6.176527976989746
thread_12610447_starter,2,5.7566346774869634,7.10752010345459
thread_12618321_starter,1,4.202504980223004,6.840136528015137
thread_12622997_starter,0,7.74074074074074,7.506178855895996
thread_12626461_starter,0,8.0878292233829,7.712453842163086
thread_12626461_ماه_تاریک_1402/09/24 20:13,0,1.0,2.356428861618042
thread_12636138_starter,3,4.979569828854984,3.655520439147949
thread_12638391_starter,3,5.999999999999999,5.4569926261901855
thread_12639999_starter,1,7.0,6.313384056091309
thread_12664279_starter,0,1.871310434327066,3.102356433868408
thread_12689943_starter,1,5.481481481481481,6.084220886230469
thread_12690442_starter,2,4.202504980223004,4.462733745574951
thread_12691114_starter,1,4.979569828854984,5.94914436340332
thread_12694984_starter,1,4.0,5.465692520141602
thread_12705455_starter,2,4.979569828854984,6.532320976257324
thread_12705823_starter,2,7.310764374750923,6.948146343231201
thread_12728992_starter,3,4.202504980223004,2.556128978729248
thread_12728995_starter,3,4.202504980223004,2.556128978729248
thread_12729765_starter,0,8.0,6.262109279632568
thread_12739318_starter,4,5.7566346774869634,7.164350509643555
thread_12744284_starter,2,6.7407407407407405,6.792838096618652
thread_12767944_starter,0,8.0,6.753569602966309
thread_12769459_starter,1,6.0,7.018701076507568
thread_12771315_ثنا_ثنایی_1402/10/16 19:09,1,1.871310434327066,1.822310209274292
thread_12779069_starter,0,3.425440131591025,2.191401481628418
thread_12785738_starter,4,4.202504980223004,5.136052131652832
thread_12800283_starter,1,7.310764374750923,6.4283318519592285
thread_12800806_starter,3,3.740740740740741,3.996528387069702
thread_12804932_starter,1,7.310764374750923,7.785776138305664
thread_12809113_starter,2,6.533699526118942,7.830626010894775
thread_12811887_starter,1,3.425440131591025,3.0827274322509766
thread_12826848_starter,4,3.425440131591025,2.7059264183044434
thread_12833855_starter,4,5.111111111111111,5.033560752868652
thread_12837509_starter,0,6.0,7.446378707885742
thread_12852228_starter,1,7.370370370370369,7.5940165519714355
thread_12853035_starter,2,5.37037037037037,6.065380096435547
thread_12856876_starter,1,5.999999999999999,7.467673301696777
thread_12906305_starter,2,1.0,0.5340176820755005
thread_12906425_starter,1,6.0,7.062502384185791
thread_12931667_starter,3,3.0,3.416750907897949
thread_12932299_starter,1,4.0,4.79764461517334
thread_12935391_starter,3,5.7566346774869634,7.306445598602295
thread_12937930_starter,0,7.310764374750923,4.531317710876465
thread_12942965_starter,2,7.310764374750923,8.018508911132812
thread_12958359_starter,1,3.0,5.674149513244629
thread_12969680_starter,3,6.533699526118942,7.281363010406494
thread_12980644_starter,1,7.111111111111111,7.244461536407471
thread_12981137_starter,1,2.6296296296296293,3.145508050918579
thread_12997161_starter,3,5.7566346774869634,6.563385486602783
thread_13008679_starter,4,4.202504980223004,6.649914264678955
thread_13014671_starter,4,2.7407407407407405,4.487473964691162
thread_13024186_starter,0,4.0,4.935792922973633
thread_13030195_starter,4,2.648375282959045,2.1337108612060547
thread_13033480_starter,0,5.37037037037037,6.4748334884643555
thread_13045911_starter,2,7.0,4.241562366485596
thread_13070976_starter,3,4.979569828854984,7.159789085388184
thread_13078984_starter,2,4.979569828854984,6.177828788757324
thread_13083921_babre_maghroor_1402/12/01 23:58,0,4.202504980223004,2.705998420715332
thread_13084962_اقاقیا13_1402/12/02 02:33,0,1.0,2.1185638904571533
thread_13098851_starter,4,4.202504980223004,5.150051116943359
thread_13100396_starter,0,1.0942455856950868,1.4465252161026
thread_13104443_نازدار۹۰_1402/12/05 07:28,3,5.0,2.5377821922302246
thread_13106295_starter,1,8.0,7.40028715133667
thread_13107180_starter,2,6.533699526118942,4.698808670043945
thread_13119720_starter,0,2.0,3.794067859649658
thread_13126328_starter,0,3.425440131591025,3.431330442428589
thread_13136280_starter,2,7.310764374750923,8.568513870239258
thread_13147361_starter,3,3.425440131591025,4.395086288452148
thread_13152440_starter,4,5.37037037037037,4.217456817626953
thread_13154191_starter,2,1.0942455856950868,2.4653024673461914
thread_13157422_starter,1,1.0942455856950868,1.8719580173492432
thread_13158430_starter,0,3.740740740740741,4.749535083770752
thread_13165351_starter,1,5.7566346774869634,3.63210129737854
thread_13170997_starter,1,6.7407407407407405,7.264284610748291
thread_13172239_starter,1,4.202504980223004,4.585440158843994
thread_13172362_starter,1,6.533699526118942,7.279891014099121
thread_13190277_starter,1,4.111111111111111,3.5219156742095947
thread_13195359_starter,4,5.0,5.168323516845703
thread_13215756_starter,0,4.979569828854984,7.062437057495117
thread_13234836_starter,1,5.481481481481481,5.772001266479492
thread_13249429_starter,3,4.202504980223004,4.485249996185303
thread_13252844_starter,2,4.7407407407407405,7.789848327636719
thread_13252859_starter,4,4.37037037037037,5.155570983886719
thread_13256643_starter,1,4.37037037037037,6.184953212738037
thread_13262859_zizigoolootabeta_1402/12/28 18:13,2,3.740740740740741,1.9239565134048462
thread_13263274_starter,4,1.871310434327066,3.4642438888549805
thread_13279651_starter,1,5.0,4.151632785797119
thread_13287301_starter,1,4.979569828854984,2.9286186695098877
thread_13287301_عسلی۰۰_1403/01/03 15:15,1,5.7407407407407405,4.817990779876709
thread_13287301_عسلی۰۰_1403/01/03 15:16,1,2.3703703703703702,4.261173725128174
thread_13296066_starter,1,4.202504980223004,3.915933847427368
thread_13296066_عشقم،همسرم_1403/01/04 23:53,1,1.6296296296296298,0.6441076397895813
thread_13296066_پرنده__غربت_1403/01/04 23:58,1,5.7566346774869634,4.907382011413574
thread_13296066_پرنده__غربت_1403/01/04 23:59,1,3.740740740740741,2.873648166656494
thread_13318563_starter,4,5.7566346774869634,7.0279645919799805
thread_13320928_starter,1,6.533699526118942,3.2746453285217285
thread_13324508_چش_قشنگ_سابقم_1403/01/09 12:27,2,3.3703703703703702,2.4931540489196777
thread_13330577_starter,0,5.7566346774869634,7.000377178192139
thread_13340909_starter,1,7.74074074074074,7.334283351898193
thread_13363518_starter,4,6.7407407407407405,6.243422031402588
thread_13367002_starter,4,7.310764374750923,8.055094718933105
thread_13382485_starter,0,7.111111111111111,5.041231155395508
thread_13385517_starter,1,4.7407407407407405,6.7860517501831055
thread_13389828_starter,1,4.979569828854984,5.640528202056885
thread_13394245_starter,1,5.7566346774869634,7.313072681427002
thread_13395685_starter,4,5.7566346774869634,4.872383117675781
thread_13400353_starter,4,4.979569828854984,5.982660293579102
thread_13401210_starter,0,6.533699526118942,6.354654788970947
thread_13408817_starter,2,5.7407407407407405,3.802403211593628
thread_13408986_starter,3,7.111111111111111,6.230312824249268
thread_13409606_starter,2,6.533699526118942,7.951292514801025
thread_13411628_starter,4,4.7407407407407405,4.175232410430908
thread_13414985_starter,1,4.202504980223004,3.5496749877929688
thread_13418141_starter,2,6.533699526118942,6.148036003112793
thread_13420174_starter,4,7.0,6.1922197341918945
thread_13421264_starter,2,1.871310434327066,2.6759023666381836
thread_13431603_starter,1,4.202504980223004,5.5460591316223145
thread_13437258_starter,4,6.111111111111111,8.057666778564453
thread_13438150_starter,3,6.0,5.576481342315674
thread_13452247_starter,1,7.310764374750923,6.623054027557373
thread_13459776_starter,4,4.979569828854984,6.705316543579102
thread_13467002_starter,4,7.310764374750923,6.073977470397949
thread_13473460_starter,4,6.533699526118942,4.759743690490723
thread_13478193_starter,1,4.851851851851851,4.853515148162842
thread_13486505_starter,2,4.202504980223004,6.3379364013671875
thread_13489381_starter,4,6.533699526118942,7.072824478149414
thread_13504806_starter,3,1.0,1.3728225231170654
thread_13505236_starter,1,6.533699526118942,6.5057902336120605
thread_13509923_starter,2,7.370370370370369,5.797205924987793
thread_13512626_starter,4,6.533699526118942,7.557353973388672
thread_13523002_starter,4,4.0,6.865995407104492
thread_13540922_starter,3,4.202504980223004,1.907183051109314
thread_13552822_starter,2,7.111111111111111,6.357710838317871
thread_13557048_starter,4,4.979569828854984,6.296420097351074
thread_13565923_starter,4,2.3703703703703702,1.8962483406066895
thread_13578285_starter,1,4.7407407407407405,4.979165554046631
thread_13602884_starter,1,6.533699526118942,7.498345851898193
thread_13610137_starter,4,4.0,5.829318046569824
thread_13611517_starter,3,6.533699526118942,6.976264476776123
thread_13621306_starter,2,4.202504980223004,5.771157741546631
thread_13622633_starter,1,4.979569828854984,5.586928844451904
thread_13631552_starter,2,7.310764374750923,7.893059730529785
thread_13648135_starter,0,6.370370370370369,7.320148468017578
thread_13649585_starter,3,4.979569828854984,4.55937385559082
thread_13658744_starter,0,6.0,3.8141021728515625
thread_13661129_starter,3,1.871310434327066,3.9144957065582275
thread_13681327_starter,0,6.533699526118942,6.183672904968262
thread_13687761_starter,3,1.0942455856950868,1.1712205410003662
thread_13688728_starter,2,6.111111111111111,6.619095802307129
thread_13705206_starter,3,3.425440131591025,4.5427632331848145
thread_13709651_starter,1,5.7566346774869634,6.605393886566162
thread_13712193_starter,2,5.37037037037037,7.497565269470215
thread_13738914_starter,2,8.11111111111111,8.227006912231445
thread_13758742_starter,0,7.111111111111111,6.821812629699707
thread_13767873_starter,2,6.533699526118942,5.694221496582031
thread_13768670_starter,4,4.259259259259259,3.9220848083496094
thread_13784977_starter,0,5.7566346774869634,5.475841522216797
thread_13790145_starter,0,5.7566346774869634,6.955617427825928
thread_13792458_starter,0,5.481481481481481,5.791651248931885
thread_13794375_starter,4,8.0878292233829,8.221138000488281
thread_13795820_starter,0,7.310764374750923,7.092123985290527
thread_13799384_starter,3,4.37037037037037,6.568307399749756
thread_13809168_starter,4,7.310764374750923,6.702508449554443
thread_13816473_starter,4,4.37037037037037,6.5710601806640625
thread_13825421_starter,2,6.533699526118942,6.818323135375977
thread_13861438_starter,4,3.425440131591025,2.5726065635681152
thread_13861545_starter,1,3.0,5.122778415679932
thread_13874574_starter,0,4.979569828854984,5.084221839904785
thread_13877273_starter,3,5.7566346774869634,3.7569656372070312
thread_13878785_starter,1,1.3703703703703702,1.3413989543914795
thread_13884102_starter,3,3.425440131591025,2.378171443939209
thread_13885557_starter,4,4.0,4.9034318923950195
thread_13907333_starter,1,3.425440131591025,3.0553650856018066
thread_13916879_starter,2,6.0,5.077919960021973
thread_13917281_starter,3,5.7566346774869634,5.922811031341553
thread_13919253_starter,3,1.0942455856950868,3.497637987136841
thread_13924111_starter,0,4.202504980223004,5.214587211608887
thread_13929251_starter,2,5.7566346774869634,7.4687604904174805
thread_13943957_starter,1,8.37037037037037,8.016379356384277
thread_13950623_starter,0,2.7407407407407405,4.464468479156494
thread_13953294_starter,2,6.533699526118942,6.76483154296875
thread_13961737_starter,1,4.202504980223004,5.659501552581787
thread_13975775_starter,1,5.7566346774869634,7.035872459411621
thread_13998018_رز_بنفش_1403/04/15 09:45,1,1.0,1.7784963846206665
thread_14001705_starter,4,5.7566346774869634,7.250932693481445
thread_14025896_starter,0,3.425440131591025,5.1489081382751465
thread_14030200_starter,0,5.999999999999999,6.91556453704834
thread_14032585_starter,0,5.7407407407407405,7.218782424926758
thread_14033856_starter,0,3.425440131591025,3.4236865043640137
thread_14050705_starter,3,2.7407407407407405,4.933986186981201
thread_14051391_starter,4,6.533699526118942,5.954967021942139
thread_14057157_starter,4,6.533699526118942,8.291828155517578
thread_14073161_starter,2,1.0942455856950868,1.2251073122024536
thread_14074444_starter,0,6.533699526118942,7.8422532081604
thread_14084967_starter,2,7.310764374750923,7.992475986480713
thread_14086391_starter,4,10.0,8.187261581420898
thread_14101047_starter,0,4.979569828854984,2.2211451530456543
thread_14111870_starter,1,5.0,4.838447093963623
thread_14116034_starter,0,4.37037037037037,5.687485694885254
thread_14116984_starter,1,6.0,6.525898456573486
thread_14122377_starter,2,3.6296296296296298,5.355119705200195
thread_14123256_starter,0,1.7407407407407407,1.827612042427063
thread_14136554_starter,3,4.979569828854984,6.274840831756592
thread_14147541_starter,4,7.0,6.397994518280029
thread_14156597_starter,3,3.3703703703703702,2.5225672721862793
thread_14172599_starter,1,6.533699526118942,6.920126438140869
thread_14175165_starter,2,7.0,7.664724349975586
thread_14183128_starter,2,5.999999999999999,7.514949798583984
thread_14188064_starter,2,7.111111111111111,7.02958869934082
thread_14190792_starter,1,5.0,3.7235748767852783
thread_14199169_starter,1,4.202504980223004,3.8039889335632324
thread_14202403_starter,1,3.3703703703703702,4.349128246307373
thread_14239168_starter,3,3.425440131591025,2.790024518966675
thread_14241794_starter,3,3.425440131591025,5.299526214599609
thread_14246904_starter,3,6.533699526118942,6.214920520782471
thread_14259883_starter,4,4.979569828854984,7.273490905761719
thread_14260097_starter,4,2.3703703703703702,4.528261661529541
thread_14266145_starter,3,1.871310434327066,1.9718189239501953
thread_14268488_starter,2,3.111111111111111,7.264058589935303
thread_14274029_starter,0,1.871310434327066,1.1102168560028076
thread_14279072_starter,2,5.7566346774869634,6.744124412536621
thread_14279309_starter,4,6.7407407407407405,5.740136623382568
thread_14280070_starter,4,8.74074074074074,6.97416877746582
thread_14282120_starter,2,4.979569828854984,6.60404109954834
thread_14284258_starter,3,5.7407407407407405,5.777197360992432
thread_14285147_starter,4,5.37037037037037,3.1023948192596436
thread_14286727_starter,1,8.37037037037037,8.074975967407227
thread_14291285_starter,1,5.37037037037037,6.510827541351318
thread_14306709_starter,0,5.7407407407407405,6.680977821350098
thread_14312546_starter,4,4.111111111111111,3.349412441253662
thread_14330545_starter,1,2.0,4.760499477386475
thread_14336386_starter,0,3.425440131591025,5.298754692077637
thread_14343479_starter,4,5.7566346774869634,3.738217353820801
thread_14344920_starter,3,8.0,5.588306427001953
thread_14347802_starter,2,7.370370370370369,6.60598611831665
thread_14348409_starter,1,5.7566346774869634,5.807495594024658
thread_14350740_starter,3,4.0,5.35082483291626
thread_14374371_starter,1,8.999999999999998,7.9816389083862305
thread_14387695_starter,1,4.979569828854984,6.272678852081299
thread_14391419_mahshar666_1403/06/09 03:30,3,2.3703703703703702,3.0542099475860596
thread_14406030_starter,1,7.74074074074074,7.467375755310059
thread_14406341_starter,0,6.533699526118942,7.703525066375732
thread_14408505__stella__1403/06/11 11:45,4,2.7407407407407405,2.959299087524414
thread_14412953_starter,2,5.111111111111111,5.656948566436768
thread_14415787_starter,4,6.481481481481481,6.624575614929199
thread_14421126_starter,3,5.0,3.959043502807617
thread_14430366_starter,3,2.3703703703703702,4.990559101104736
thread_14441712_starter,2,3.740740740740741,5.061797142028809
thread_14448586_starter,3,3.425440131591025,4.546209812164307
thread_14450109_starter,0,5.7566346774869634,5.096348762512207
thread_14455660_starter,2,6.0,1.8478562831878662
thread_14460512_starter,2,3.0,6.158746719360352
thread_14467942_starter,2,8.37037037037037,7.6345109939575195
thread_14473274_starter,1,5.7566346774869634,6.732295513153076
thread_14476868_starter,4,1.0942455856950868,0.8298178315162659
thread_14479280_starter,2,4.979569828854984,5.749190330505371
thread_14487444_starter,2,1.871310434327066,2.5366086959838867
thread_14488234_starter,3,5.111111111111111,5.101879596710205
thread_14489390_starter,2,5.7566346774869634,5.25744104385376
thread_14493340_starter,3,3.425440131591025,2.542677164077759
thread_14495712_starter,2,6.370370370370369,6.600615501403809
thread_14501261_starter,2,6.533699526118942,5.682706832885742
thread_14503463_starter,0,4.0,3.9546799659729004
thread_14508573_starter,0,4.979569828854984,6.804479598999023
thread_14509584_starter,3,3.425440131591025,1.8867626190185547
thread_14512506_starter,3,6.533699526118942,5.194720268249512
thread_14519323_starter,1,5.7566346774869634,6.601025581359863
thread_14528072_starter,2,6.7407407407407405,7.973268508911133
thread_14536564_starter,0,5.7566346774869634,3.0217018127441406
thread_14538567_starter,4,3.425440131591025,5.557415962219238
thread_14540540_starter,0,3.425440131591025,1.814763069152832
thread_14554560_starter,2,5.7566346774869634,5.049778938293457
thread_14558422_starter,1,6.111111111111111,6.024842739105225
thread_14568401_starter,2,4.37037037037037,4.64570951461792
thread_14569073_starter,2,5.37037037037037,5.210206508636475
thread_14574678_starter,2,4.202504980223004,4.64570951461792
thread_14581489_starter,0,4.979569828854984,4.222062587738037
thread_14585161_starter,4,1.0942455856950868,1.3472576141357422
thread_14611290_starter,4,7.310764374750923,7.804378986358643
thread_14635054_starter,2,5.999999999999999,6.979223251342773
thread_14635132_starter,0,5.7566346774869634,5.723605155944824
thread_14644222_starter,0,1.3703703703703702,2.3706467151641846
thread_14648650_starter,1,6.533699526118942,4.877712726593018
thread_14651105_starter,0,2.6296296296296293,4.425874710083008
thread_14652770_starter,1,1.871310434327066,5.94915246963501
thread_14652896_starter,1,1.0942455856950868,5.958160877227783
thread_14662143_starter,1,5.37037037037037,4.576799392700195
thread_14662777_starter,1,8.37037037037037,8.0908842086792
thread_14667007_starter,3,4.979569828854984,5.5414252281188965
thread_14671762_starter,3,3.425440131591025,5.443857192993164
thread_14678485_starter,3,3.425440131591025,3.6988420486450195
thread_14683643_starter,2,4.0,3.6610116958618164
thread_14692231_starter,3,4.202504980223004,2.3946681022644043
thread_14694249_starter,2,5.7407407407407405,6.908731937408447
thread_14704069_starter,1,4.7407407407407405,7.129054069519043
thread_14710991_starter,4,6.629629629629629,6.346023082733154
thread_14715194_starter,2,4.202504980223004,6.675399303436279
thread_14718368_starter,4,5.481481481481481,6.400801658630371
thread_14722033_starter,2,8.0878292233829,7.491608619689941
thread_14752993_starter,3,5.7566346774869634,4.381589412689209
thread_14761518_starter,0,8.74074074074074,8.192145347595215
thread_14768783_starter,0,6.533699526118942,5.6302690505981445
thread_14770123_starter,4,1.0942455856950868,1.4102429151535034
thread_14770187_starter,4,5.7566346774869634,5.582218647003174
thread_14798965_starter,1,1.0942455856950868,2.7533719539642334
thread_14801223_starter,1,3.425440131591025,5.247404098510742
thread_14802157_starter,2,4.979569828854984,6.629225254058838
thread_14804782_starter,1,7.0,5.778698444366455
thread_14808080_starter,4,5.999999999999999,4.843963146209717
thread_14816405_starter,0,3.4814814814814814,2.7025387287139893
thread_14819825_starter,2,5.7566346774869634,7.397027969360352
thread_14820613_starter,4,1.0,1.5730009078979492
thread_14821550_starter,1,5.7566346774869634,6.442443370819092
thread_14822993_starter,1,4.37037037037037,5.148464679718018
thread_14826441_starter,2,6.7407407407407405,4.370780944824219
thread_14831228_starter,0,6.481481481481481,4.653611183166504
thread_14835631_starter,0,4.7407407407407405,4.1637983322143555
thread_14844287_starter,3,5.7407407407407405,3.5278618335723877
thread_14846163_starter,0,5.37037037037037,4.959690093994141
thread_14848107_starter,0,4.979569828854984,6.6169328689575195
thread_14851435_starter,1,2.648375282959045,3.9817607402801514
thread_14859600_starter,0,6.0,7.787933349609375
thread_14860315_starter,2,6.533699526118942,7.511716842651367
thread_14863337_starter,2,5.0,3.7176737785339355
thread_14883164_starter,3,3.3703703703703702,2.9683899879455566
thread_14902370_starter,0,5.111111111111111,4.059877395629883
thread_14903020_starter,2,7.74074074074074,7.428788661956787
thread_14919753_starter,1,7.0,6.334937572479248
thread_14921397_starter,2,7.310764374750923,5.7566447257995605
thread_14928367_starter,2,4.37037037037037,4.0480852127075195
thread_14932161_starter,4,4.979569828854984,6.817755699157715
thread_14936228_starter,2,3.0,7.140993118286133
thread_14941512_starter,3,6.533699526118942,7.054953098297119
thread_14951347_starter,1,5.7566346774869634,6.703702449798584
thread_14955659_starter,2,8.0878292233829,7.309767723083496
thread_14967261_starter,4,6.481481481481481,7.843560218811035
thread_14967521_starter,2,4.7407407407407405,3.60617995262146
thread_14998331_starter,0,6.0,5.556328296661377
thread_15002430_starter,1,1.871310434327066,4.118350028991699
thread_15011633_starter,4,8.0878292233829,8.20071792602539
thread_15030375_starter,1,5.0,4.24596643447876
thread_15039699_starter,3,7.310764374750923,7.61383581161499
thread_15042181_starter,1,5.111111111111111,7.753116130828857
thread_15063413_starter,4,5.999999999999999,4.848486423492432
thread_15080258_starter,4,1.0942455856950868,1.8509459495544434
thread_15083603_starter,3,7.310764374750923,8.116911888122559
thread_15084278_starter,0,1.0942455856950868,1.3850688934326172
thread_15087169_starter,1,3.0,4.406055927276611
thread_15089633_starter,2,6.533699526118942,6.10587739944458
thread_15089875_starter,1,4.0,4.4321675300598145
thread_15109261_starter,4,3.740740740740741,3.16341495513916
thread_15111010_starter,0,4.111111111111111,4.76378059387207
thread_15112662_starter,2,4.979569828854984,6.237016677856445
thread_15121481_starter,2,1.0,2.8973097801208496
thread_15128442_starter,0,8.74074074074074,7.968353271484375
thread_15133349_starter,1,7.310764374750923,7.889094352722168
thread_15148253_starter,3,7.310764374750923,7.7048163414001465
thread_15151230_starter,4,2.648375282959045,5.502044200897217
thread_15152301_starter,2,4.979569828854984,2.9021482467651367
thread_15155765_starter,4,2.648375282959045,4.130834102630615
thread_15171260_starter,3,4.111111111111111,4.503517150878906
thread_15172215_starter,0,4.202504980223004,3.1636476516723633
thread_15177316_starter,3,5.7566346774869634,4.946218013763428
thread_15183213_starter,1,5.7407407407407405,7.731642723083496
thread_15184771_starter,1,4.979569828854984,5.29220724105835
thread_15186766_starter,2,4.37037037037037,4.630204200744629
thread_15190001_starter,1,3.0,4.393796920776367
thread_15195485_starter,0,7.310764374750923,7.427778244018555
thread_15209699_starter,4,4.979569828854984,5.896378993988037
thread_15213489_starter,4,6.0,7.5118560791015625
thread_15221409_starter,0,8.999999999999998,7.963420867919922
thread_15243272_starter,3,5.7566346774869634,6.355630397796631
thread_15246176_starter,2,4.979569828854984,4.940261363983154
thread_15250810_starter,0,8.37037037037037,7.554656028747559
thread_15265941_starter,0,7.310764374750923,7.981765270233154
thread_15271286_starter,2,4.481481481481481,7.643453121185303
thread_15284751_starter,0,6.481481481481481,6.49749755859375
thread_15317716_starter,1,3.6296296296296298,2.7479100227355957
thread_15328137_starter,2,4.0,5.300302028656006
thread_15334904_starter,1,5.481481481481481,3.6813127994537354
thread_15340992_starter,4,1.871310434327066,3.3109092712402344
thread_15343421_starter,1,7.310764374750923,6.684352874755859
thread_15361591_starter,3,7.370370370370369,6.2619476318359375
thread_15361633_starter,4,3.425440131591025,2.9534802436828613
thread_15363698_starter,1,4.62962962962963,6.947918891906738
thread_15366720_starter,2,4.202504980223004,5.131410598754883
thread_15375726_starter,2,5.7566346774869634,4.431497097015381
thread_15380973_starter,3,1.3703703703703702,1.099353551864624
thread_15407174_starter,0,5.37037037037037,7.381827354431152
thread_15409437_starter,3,4.979569828854984,3.4311604499816895
thread_15409968_starter,3,7.310764374750923,6.812379360198975
thread_15414641_starter,3,5.37037037037037,2.9186177253723145
thread_15434157_starter,1,4.202504980223004,4.836219310760498
thread_15445133_starter,0,4.7407407407407405,5.676505088806152
thread_15461741_starter,1,8.74074074074074,6.816311359405518
thread_15480139_starter,3,4.202504980223004,5.418102741241455
thread_15488247_starter,0,5.37037037037037,5.583227157592773
thread_15496846_starter,0,4.0,3.8420233726501465
thread_15506923_starter,2,4.202504980223004,6.8439788818359375
thread_15506959_starter,2,2.0,1.6882730722427368
thread_15516515_starter,4,5.0,3.8192195892333984
thread_15519911_starter,1,5.7566346774869634,6.48393440246582
thread_15526324_starter,2,4.979569828854984,5.571920871734619
thread_15527747_starter,3,6.111111111111111,5.42460823059082
thread_15536159_starter,4,6.0,4.447390556335449
thread_15538669_starter,2,2.648375282959045,4.386614799499512
thread_15544453_starter,2,3.740740740740741,4.610855579376221
thread_15552012_starter,3,5.7566346774869634,6.809822082519531
thread_15563085_starter,0,6.0,6.496540069580078
thread_15567623_starter,2,7.0,7.082577228546143
thread_15569844_starter,2,2.0,5.627787113189697
thread_15575708_starter,3,4.111111111111111,6.163218021392822
thread_15578009_starter,1,1.871310434327066,1.336087703704834
thread_15580398_starter,0,5.0,4.370598316192627
thread_15580518_starter,1,4.979569828854984,5.5815558433532715
thread_15586951_starter,4,4.979569828854984,5.8976335525512695
thread_15589360_starter,1,5.7566346774869634,6.118725299835205
thread_15605316_starter,1,7.310764374750923,6.9147210121154785
thread_15612292_starter,4,1.871310434327066,2.271883010864258
thread_15616356_starter,4,5.7566346774869634,7.460526466369629
thread_15618892_starter,1,4.202504980223004,3.717937469482422
thread_15622947_starter,1,5.7407407407407405,6.553070545196533
thread_15631677_starter,0,6.533699526118942,6.648458480834961
thread_15633220_starter,4,9.0,6.4465460777282715
thread_15637066_starter,1,5.7566346774869634,7.685216426849365
thread_15650564_starter,4,7.74074074074074,6.913494110107422
thread_15671111_starter,2,2.0,2.411741256713867
thread_15677024_starter,1,4.979569828854984,5.663438320159912
thread_15684453_starter,3,5.851851851851852,5.803867816925049
thread_15697127_starter,4,6.533699526118942,5.1614274978637695
thread_15698699_starter,0,1.0942455856950868,1.6538803577423096
thread_15701732_starter,4,1.3703703703703702,2.2117667198181152
thread_15711932_starter,3,7.0,7.1646037101745605
thread_15720488_starter,2,6.533699526118942,7.4568986892700195
thread_15734085_starter,2,1.871310434327066,1.9226182699203491
thread_15738399_starter,3,2.3703703703703702,4.113973140716553
thread_15745888_starter,2,3.425440131591025,4.219128131866455
thread_15749264_starter,3,6.111111111111111,4.5946831703186035
thread_15761768_starter,3,4.111111111111111,4.211215019226074
thread_15776780_starter,0,4.37037037037037,3.8197011947631836
thread_15779042_starter,1,4.979569828854984,4.646327495574951
thread_15784692_starter,4,7.74074074074074,8.09689712524414
thread_15792508_starter,1,7.74074074074074,8.1149320602417
thread_15830721_starter,2,3.425440131591025,5.1137285232543945
thread_15832348_starter,3,3.740740740740741,2.734818696975708
thread_15832766_starter,3,1.0942455856950868,3.147185802459717
thread_15839395_starter,4,5.0,5.197081565856934
thread_15842338_starter,4,6.111111111111111,6.903573989868164
thread_15844616_starter,3,1.3703703703703702,3.3872666358947754
thread_15849308_starter,1,9.0,7.681461811065674
thread_15849913_starter,4,4.979569828854984,6.717258930206299
thread_15851205_starter,3,7.370370370370369,5.878039836883545
thread_15853695_starter,4,4.202504980223004,5.046786308288574
thread_15857281_starter,0,4.37037037037037,4.294922828674316
thread_15861502_starter,0,2.259259259259259,1.1903910636901855
thread_15862474_starter,0,4.0,4.4167070388793945
thread_15871327_starter,2,6.0,5.291301727294922
thread_15874157_starter,4,5.7566346774869634,5.710817337036133
thread_15883052_مرمرم_1404/01/10 12:13,1,1.0,1.114556074142456
thread_15885938_starter,3,8.11111111111111,8.37431812286377
thread_15897989_starter,2,1.871310434327066,1.592692255973816
thread_15902238_starter,3,4.979569828854984,3.523383617401123
thread_15903584_starter,1,6.533699526118942,5.526604652404785
thread_15908225_starter,4,7.0,6.582120895385742
thread_15923125_starter,1,1.3703703703703702,1.4708445072174072
thread_15925701_starter,0,2.3703703703703702,3.2595205307006836
thread_15936173_starter,2,6.533699526118942,7.093029975891113
thread_15938609_starter,4,5.7566346774869634,6.876006126403809
thread_15938999_starter,1,2.7407407407407405,2.1595003604888916
thread_15939513_starter,2,7.370370370370369,7.319059371948242
thread_15940137_mosvi_1404/01/18 20:18,2,1.0942455856950868,2.065645217895508
thread_15944050_starter,1,2.6296296296296293,1.179046392440796
thread_15954402_starter,1,5.7407407407407405,4.262236595153809
thread_15972289_starter,4,7.310764374750923,6.315447807312012
thread_15975147_starter,4,6.481481481481481,7.569427490234375
thread_15978778_starter,3,6.533699526118942,5.166930198669434
thread_15992913_jani396_1404/01/26 08:47,0,1.0942455856950868,1.3864219188690186
thread_15995528_starter,4,4.202504980223004,4.120665073394775
thread_15999387_starter,1,4.202504980223004,4.449429035186768
thread_15999404_starter,1,3.425440131591025,4.449429035186768
thread_16000404_starter,3,4.202504980223004,6.054131031036377
thread_16003885_starter,4,4.979569828854984,4.8849663734436035
thread_16026496_starter,2,4.111111111111111,7.085323810577393
thread_16026811_starter,2,6.7407407407407405,6.5807061195373535
thread_16031006_starter,4,6.7407407407407405,7.747001647949219
thread_16034429_starter,4,6.533699526118942,7.263075828552246
thread_16035845_starter,0,2.6296296296296293,3.119874954223633
thread_16036280_starter,0,5.111111111111111,5.223660469055176
thread_16042670_starter,1,5.7566346774869634,3.804718017578125
thread_16050297_starter,1,4.7407407407407405,4.524293422698975
thread_16053482_starter,4,8.37037037037037,8.221674919128418
thread_16064900_starter,1,2.3703703703703702,4.305613040924072
thread_16064919_starter,0,4.979569828854984,5.925636291503906
thread_16071629_starter,3,6.0,7.152995586395264
thread_16076340_starter,0,4.202504980223004,3.4365289211273193
thread_16084658_starter,1,7.0,3.8717329502105713
thread_16088499_starter,3,3.425440131591025,3.7043800354003906
thread_16092036_starter,2,6.111111111111111,7.107263565063477
thread_16093272_starter,2,4.979569828854984,6.747516632080078
thread_16093555_starter,4,3.3703703703703702,6.153153419494629
thread_16095364_starter,4,5.7566346774869634,6.692012310028076
thread_16098028_starter,4,6.370370370370369,6.24962043762207
thread_16098136_starter,1,4.979569828854984,5.187058448791504
thread_16102378_starter,0,5.7407407407407405,6.186979293823242
thread_16105928_starter,1,4.202504980223004,4.3338165283203125
thread_16108558_starter,3,7.0,8.007378578186035
thread_16111913_starter,4,3.111111111111111,2.883296251296997
thread_16112035_starter,3,4.202504980223004,5.03326416015625
thread_16113514_starter,0,9.370370370370368,7.567481994628906
thread_16130107_starter,4,5.7566346774869634,6.0487284660339355
thread_16141725_starter,1,1.871310434327066,5.472596168518066
thread_16144796_starter,2,1.871310434327066,2.4268670082092285
thread_16151654_starter,1,6.0,6.229803085327148
thread_16155682_starter,1,4.979569828854984,6.132028102874756
thread_16157985_starter,2,7.74074074074074,7.4149675369262695
thread_16163229_starter,3,6.533699526118942,6.228307723999023
thread_16169469_starter,3,7.111111111111111,7.432969570159912
thread_16169689_starter,2,7.310764374750923,7.84107780456543
thread_16174801_starter,4,6.533699526118942,5.49955415725708
thread_16175210_starter,0,5.7566346774869634,5.721349716186523
thread_16176399_starter,1,3.425440131591025,4.068156719207764
thread_16176651_starter,0,5.7566346774869634,5.817326545715332
thread_16181052_starter,1,4.202504980223004,5.323286533355713
thread_16189089_starter,1,1.871310434327066,5.607125759124756
thread_16189574_starter,3,7.310764374750923,8.139178276062012
thread_16197390_starter,3,4.202504980223004,2.6882662773132324
thread_16198400_starter,0,4.7407407407407405,5.717705726623535
thread_16201409_starter,2,4.979569828854984,5.805854797363281
thread_16203262_starter,0,4.7407407407407405,6.050405979156494
thread_16215830_starter,3,1.0942455856950868,2.229074478149414
thread_16237920_starter,3,5.7566346774869634,5.564688205718994
thread_16237925_starter,3,5.7566346774869634,5.564688205718994
thread_16239697_starter,4,1.0942455856950868,1.7410262823104858
thread_16245654_starter,2,6.533699526118942,5.837874412536621
thread_16251717_starter,2,1.0,2.0851011276245117
thread_16253599_starter,2,5.7566346774869634,6.12902307510376
thread_16262030_starter,0,5.0,3.278102397918701
thread_16263099_starter,0,6.0,5.950689315795898
thread_16272870_starter,0,4.202504980223004,5.070314407348633
thread_16278250_starter,3,7.310764374750923,7.216379165649414
thread_16289345_starter,0,6.533699526118942,5.024734973907471
thread_16292255_starter,0,4.202504980223004,6.808416366577148
thread_16293089_starter,0,7.310764374750923,5.201786994934082
thread_16295930_starter,0,8.0878292233829,8.270748138427734
thread_16297414_starter,3,3.0,3.8107566833496094
thread_16300821_starter,2,7.111111111111111,7.638339042663574
thread_16302658_starter,3,7.74074074074074,7.73872709274292
thread_16303045_starter,2,1.0942455856950868,0.9492148160934448
thread_16308743_starter,0,1.871310434327066,2.639465808868408
thread_16311060_starter,0,1.0942455856950868,2.7486491203308105
thread_16318303_starter,1,4.202504980223004,3.427255392074585
thread_16319845_starter,1,6.533699526118942,7.041878700256348
thread_16321538_starter,4,7.310764374750923,7.332931041717529
thread_16328855_starter,1,4.979569828854984,5.125255584716797
thread_16334573_starter,4,1.871310434327066,1.3005247116088867
thread_16344874_starter,0,4.979569828854984,6.193889141082764
thread_16345478_starter,0,6.111111111111111,4.935816287994385
thread_16356977_starter,0,5.7566346774869634,4.799615859985352
thread_16376681_starter,4,7.0,6.629760265350342
thread_16379824_starter,0,8.0878292233829,8.06075382232666
thread_16383563_starter,0,8.0,6.161064624786377
thread_16387430_starter,0,7.370370370370369,7.1945390701293945
thread_16388618_starter,3,8.0,6.251776695251465
thread_16392413_starter,0,6.7407407407407405,7.856105327606201
thread_16395518_behnam_59_1404/03/30 11:41,2,2.6296296296296293,3.6678543090820312
thread_16396195_starter,0,2.648375282959045,5.4926066398620605
thread_16400321_starter,3,4.979569828854984,7.0483317375183105
thread_16407264_starter,4,3.3703703703703702,6.94566535949707
thread_16416779_starter,2,1.0,1.8498201370239258
thread_16417661_starter,4,3.425440131591025,6.088304042816162
thread_16418751_starter,4,7.370370370370369,4.640826225280762
thread_16420108_starter,4,5.7566346774869634,6.7213616371154785
thread_16420723_starter,4,8.0,7.99971342086792
thread_16424178_starter,0,3.0,4.190610408782959
thread_16430418_starter,0,5.7566346774869634,6.794449806213379
thread_16431277_starter,0,1.0,1.7197792530059814
thread_16439269_starter,0,4.202504980223004,4.619365692138672
thread_16446104_starter,4,4.979569828854984,3.3484010696411133
thread_16447571_starter,0,3.0,3.890103340148926
thread_16453516_starter,4,6.533699526118942,7.8101911544799805
thread_16455691_starter,3,5.37037037037037,6.315165042877197
thread_16457132_starter,2,5.37037037037037,4.52244234085083
thread_16459599_starter,0,4.0,3.9996912479400635
thread_16462609_starter,1,4.202504980223004,4.562930583953857
thread_16462737_starter,1,5.37037037037037,5.170211315155029
thread_16463381_starter,1,8.0,4.5399651527404785
thread_16476188_مامان_دهه_هفتادی_1404/04/12 11:33,1,1.0,2.3962996006011963
thread_16479773_بانوی،ایرانی_1404/04/12 21:38,0,1.871310434327066,1.3014872074127197
thread_16479773_مامانبرقی_1404/04/12 21:38,0,1.0,0.8581060171127319
thread_16483428_starter,3,2.7407407407407405,2.612761974334717
thread_16485128_starter,0,8.74074074074074,6.42866849899292
thread_16508756_starter,1,4.202504980223004,3.4695639610290527
thread_16509795_starter,0,3.425440131591025,2.426754951477051
thread_16510280_starter,1,4.7407407407407405,4.6485915184021
thread_16522195_starter,2,8.37037037037037,8.243890762329102
thread_16524989_starter,3,1.0,1.2255511283874512
thread_16528408_starter,3,1.0,0.6376945972442627
thread_16533974_starter,0,2.648375282959045,4.410064697265625
thread_16537546_starter,2,6.533699526118942,6.483129024505615
thread_16537825_starter,3,7.74074074074074,7.571892261505127
thread_16545448_starter,0,6.0,7.396944046020508
thread_16548589_starter,0,2.111111111111111,3.451913833618164
thread_16557934_starter,4,5.7407407407407405,7.389637470245361
thread_16562012_starter,3,6.111111111111111,6.903122425079346
thread_16566952_starter,1,3.0,4.492752552032471
thread_16571722_starter,0,7.0,7.137362957000732
thread_16576208_starter,4,5.7566346774869634,6.980788707733154
thread_16576742_starter,2,2.3703703703703702,3.7392890453338623
thread_16582544_starter,3,4.7407407407407405,4.3377556800842285
thread_16588047_starter,1,1.0942455856950868,1.659840703010559
thread_16590181_starter,4,3.425440131591025,3.3520560264587402
thread_16598160_starter,4,1.7407407407407407,1.9020719528198242
thread_16601366_starter,4,1.871310434327066,1.1397801637649536
thread_16603737_starter,3,3.425440131591025,4.745383262634277
thread_16610836_starter,3,4.202504980223004,4.9185028076171875
thread_16611375_starter,3,2.648375282959045,2.434722900390625
thread_16611548_starter,4,6.533699526118942,6.494593143463135
thread_16612778_starter,4,4.979569828854984,3.0402495861053467
thread_16617040_starter,4,7.310764374750923,6.760682582855225
thread_16617776_starter,0,5.7407407407407405,6.505691051483154
thread_16623266_starter,3,6.533699526118942,7.618271350860596
thread_16624448_starter,4,6.0,1.7708971500396729
thread_16629578_starter,3,4.202504980223004,3.04907488822937
thread_16646973_starter,2,4.0,3.2092456817626953
thread_16647431_starter,0,1.0,1.6043076515197754
thread_16663424_starter,0,2.7407407407407405,4.657330513000488
thread_16666595_starter,0,5.7566346774869634,6.293216228485107
thread_16668587_starter,0,7.0,6.233836650848389
thread_16672542_starter,0,5.0,3.788849115371704
thread_16680789_starter,4,4.979569828854984,5.276367664337158
thread_16685553_starter,2,5.999999999999999,5.319333553314209
thread_16689898_starter,4,2.648375282959045,2.504257917404175
thread_16698491_starter,2,4.202504980223004,3.6148133277893066
thread_16699939_starter,0,5.0,6.2631354331970215
thread_16715854_starter,4,5.111111111111111,7.332667350769043
thread_16730803_starter,4,3.3703703703703702,3.4824893474578857
thread_16741859_starter,2,5.7407407407407405,4.956418514251709
thread_16744956_starter,4,7.310764374750923,8.174095153808594
thread_16747183_starter,0,8.74074074074074,7.752617835998535
thread_16749635_starter,3,4.979569828854984,6.373859405517578
thread_16750723_starter,2,1.871310434327066,2.445615291595459
thread_16759143_starter,0,1.0942455856950868,1.667689323425293
thread_16762249_starter,1,1.0942455856950868,4.030325412750244
thread_16763377_starter,0,5.7566346774869634,4.294783592224121
thread_16768790_starter,0,2.648375282959045,5.3058695793151855
thread_16782826_starter,4,5.0,3.3397672176361084
thread_16784244_starter,2,3.4814814814814814,5.757057189941406
thread_16789567_starter,0,4.202504980223004,4.853090763092041
thread_16797515_starter,1,1.0,1.2499743700027466
thread_16810583_starter,2,4.202504980223004,5.537071228027344
thread_16810736_starter,2,6.533699526118942,6.715568542480469
thread_16810862_starter,4,1.7407407407407407,5.110319137573242
thread_16818818_starter,3,1.0,1.5143301486968994
thread_16822296_starter,4,3.3703703703703702,4.048713207244873
thread_16822596_starter,1,3.3703703703703702,2.472407102584839
thread_16824448_starter,2,7.111111111111111,7.416348934173584
thread_16829760_starter,3,5.7566346774869634,7.3283586502075195
thread_16836204_starter,4,4.37037037037037,3.8641676902770996
thread_16837144_starter,1,1.0942455856950868,1.3539836406707764
thread_16840915_starter,1,6.533699526118942,7.086444854736328
thread_16844590_starter,0,5.111111111111111,6.680478096008301
thread_16852577_starter,3,6.7407407407407405,7.167704105377197
thread_16861240_starter,0,4.481481481481481,6.832930564880371
thread_16862535_starter,1,5.111111111111111,2.642886161804199
thread_16863177_starter,1,7.310764374750923,7.505494117736816
thread_16864348_starter,0,5.7566346774869634,6.182562828063965
thread_16866870_starter,0,4.979569828854984,4.9736409187316895
thread_16876696_starter,2,4.979569828854984,5.039140701293945
thread_16877614_starter,3,7.0,7.197892665863037
thread_16894277_starter,3,3.425440131591025,4.343201160430908
thread_16902413_starter,0,1.0,2.6844115257263184
thread_16936006_starter,0,5.481481481481481,7.790803909301758
thread_16943508_starter,0,5.7566346774869634,7.151834011077881
thread_16946803_starter,2,4.202504980223004,6.363117218017578
thread_16949850_starter,2,5.999999999999999,6.028097152709961
thread_16957462_starter,1,4.202504980223004,5.356203556060791
thread_16963527_starter,2,2.0,2.0386645793914795
thread_16965234_starter,3,3.425440131591025,3.432481288909912
thread_16971864_starter,0,5.0,5.167149543762207
thread_16975290_starter,0,6.533699526118942,6.549992561340332
thread_16976209_starter,2,2.3703703703703702,5.979836463928223
thread_17002943_starter,0,4.202504980223004,3.3841118812561035
thread_17008672_starter,1,5.7566346774869634,7.263743877410889
thread_17020100_starter,0,7.0,6.125065803527832
thread_17027576_starter,1,6.370370370370369,7.303634166717529
thread_17030125_starter,4,5.37037037037037,5.62502384185791
thread_17031712_starter,0,5.7566346774869634,6.967751979827881
thread_17041365_starter,2,1.871310434327066,3.9242336750030518
thread_17043563_starter,1,7.310764374750923,7.127823352813721
thread_17051218_starter,1,4.979569828854984,4.558190822601318
thread_17052719_starter,3,5.37037037037037,4.223323345184326
thread_17057384_starter,4,3.0,2.9835219383239746
thread_17070067_starter,2,3.425440131591025,3.547253131866455
thread_17082705_starter,1,4.62962962962963,6.144762992858887
thread_17083432_starter,4,1.0,1.1864118576049805
thread_17092677_starter,2,3.425440131591025,4.195955276489258
thread_17093652_starter,1,8.0,6.146164417266846
thread_17109815_starter,3,1.0,1.7379698753356934
thread_17115722_starter,3,5.0,4.612329959869385
thread_17121649_starter,4,1.0942455856950868,1.250413417816162
thread_17136656_starter,2,3.6296296296296298,4.490626335144043
thread_17140656_starter,4,3.3703703703703702,4.725264549255371
thread_17140773_starter,0,6.533699526118942,6.837632179260254
thread_17145910_starter,1,6.7407407407407405,7.367403507232666
thread_17150968_starter,3,8.74074074074074,7.653999328613281
thread_17171204_starter,2,3.425440131591025,3.518599033355713
thread_17174375_starter,2,6.7407407407407405,6.790505886077881
thread_17175184_starter,3,1.871310434327066,4.052261829376221
thread_17183136_starter,4,7.0,5.5133771896362305
thread_17193053_starter,2,4.979569828854984,5.283319473266602
thread_17194412_starter,3,4.0,1.8424298763275146
thread_17200995_starter,1,5.7407407407407405,6.769728183746338
thread_17211576_starter,0,5.0,3.6919360160827637
thread_17218284_starter,4,6.533699526118942,7.092325210571289
thread_17220586_starter,1,1.0942455856950868,2.3349215984344482
thread_17222063_starter,1,5.7566346774869634,6.331121921539307
thread_17232189_starter,0,3.425440131591025,4.403277397155762
thread_17238423_starter,1,3.3703703703703702,2.6495659351348877
thread_17253815_starter,2,3.425440131591025,2.3790173530578613
thread_17257089_starter,4,3.425440131591025,5.3450212478637695
thread_17260088_starter,4,4.202504980223004,5.045147895812988
thread_17260663_starter,1,8.0,7.214296817779541
thread_17264585_starter,0,4.979569828854984,7.760587215423584
thread_17266990_starter,1,7.310764374750923,7.874078750610352
thread_17267936_starter,1,6.0,7.350157737731934
thread_17269841_starter,4,3.740740740740741,4.893816947937012
thread_17272394_starter,0,7.74074074074074,6.065535545349121
thread_17279461_starter,2,4.37037037037037,3.842906951904297
thread_17280421_starter,4,3.425440131591025,3.3742880821228027
thread_17293425_starter,1,4.202504980223004,6.27667760848999
thread_17297575_starter,0,6.0,5.67885684967041
thread_17299325_starter,4,5.7566346774869634,7.0335564613342285
thread_17300720_starter,1,2.648375282959045,2.2279441356658936
thread_17310367_starter,3,1.7407407407407407,3.4829628467559814
thread_17311620_starter,1,2.648375282959045,3.5446112155914307
thread_17319060_starter,3,7.74074074074074,6.73331356048584
thread_17321332_starter,1,5.111111111111111,5.756808280944824
thread_17321819_starter,1,1.0942455856950868,2.2993385791778564
thread_17327615_starter,1,5.481481481481481,7.3723931312561035
thread_17334488_starter,1,5.111111111111111,5.280380725860596
thread_17334683_starter,4,7.310764374750923,7.750598907470703
thread_17338235_starter,1,7.0,5.285695552825928
thread_17338779_starter,4,3.3703703703703702,5.150366306304932
thread_17339756_starter,0,6.533699526118942,6.101496696472168
thread_17342656_starter,4,4.202504980223004,4.805651664733887
thread_17349430_starter,2,3.425440131591025,2.71246337890625
thread_17349734_starter,2,3.3703703703703702,1.916996955871582
thread_17351135_starter,0,2.111111111111111,1.590287446975708
thread_17353407_starter,1,6.481481481481481,7.955470561981201
thread_17353637_starter,1,1.0942455856950868,1.3682971000671387
thread_17354657_starter,0,4.979569828854984,4.775140285491943
thread_17357376_starter,0,5.7566346774869634,7.167607307434082
thread_17360920_starter,3,1.0942455856950868,0.8000348210334778
thread_17362613_starter,3,7.0,4.722634792327881
thread_17365273_starter,0,1.871310434327066,1.1063737869262695
thread_17375891_starter,2,6.533699526118942,6.5738725662231445
thread_17385384_starter,0,8.74074074074074,7.532119274139404
thread_17387667_starter,0,3.425440131591025,2.708939552307129
thread_17388940_starter,4,6.533699526118942,7.513552188873291
thread_17397394_starter,3,3.3703703703703702,3.947864055633545
thread_17400696_starter,3,7.0,4.560464382171631
thread_17401588_starter,2,6.370370370370369,6.922321319580078
thread_17408617_starter,4,7.0,6.124725818634033
thread_17409385_starter,4,4.979569828854984,7.016416549682617
thread_17417214_starter,1,4.37037037037037,4.105882167816162
thread_17418531_starter,0,1.871310434327066,4.789183616638184
thread_17419717_starter,4,1.0,4.186650276184082
thread_17431064_starter,1,5.7407407407407405,4.872714996337891
thread_17438084_starter,3,5.7566346774869634,7.391852855682373
thread_17446016_starter,0,5.7566346774869634,4.50732421875
thread_17447645_starter,1,6.533699526118942,7.851897716522217
thread_17448188_starter,4,4.202504980223004,4.929863929748535
thread_17454787_starter,0,2.648375282959045,2.778338670730591
thread_17454816_starter,1,2.648375282959045,5.331846714019775
thread_17462217_starter,1,5.0,3.494661569595337
thread_17462289_starter,0,5.7566346774869634,5.89816427230835
thread_17463388_starter,0,3.0,3.996232032775879
thread_17463958_starter,0,5.7566346774869634,6.776237964630127
thread_17464743_starter,3,6.0,5.7732930183410645
thread_17466649_starter,0,7.0,4.222059726715088
thread_17466749_starter,4,3.425440131591025,5.482049942016602
thread_17467183_starter,3,4.111111111111111,3.5565054416656494
thread_17474264_starter,0,6.0,6.753881454467773
thread_17475934_starter,0,8.0878292233829,6.913633346557617
thread_17477702_starter,0,2.648375282959045,3.390225648880005
thread_17478052_starter,2,4.979569828854984,6.347388744354248
thread_17479236_starter,0,6.0,6.379283428192139
thread_17481156_starter,1,6.533699526118942,7.453400135040283
thread_17481838_starter,2,7.111111111111111,6.672471046447754
thread_17485268_starter,0,5.7407407407407405,7.708277225494385
thread_17486203_starter,2,6.111111111111111,6.634469509124756
thread_17488179_starter,4,7.74074074074074,7.954350471496582
thread_17488300_starter,0,4.979569828854984,5.575131893157959
thread_17495869_starter,3,7.0,5.081533432006836
thread_17496131_starter,1,7.310764374750923,7.775237083435059
thread_17498121_starter,3,5.7566346774869634,6.596357345581055
thread_17502823_starter,4,5.0,3.3503925800323486
thread_17502985_starter,2,5.7566346774869634,5.975863456726074
thread_17503602_starter,1,7.111111111111111,6.555923938751221
thread_17504974_starter,0,1.0,1.191243290901184
thread_17506983_starter,3,4.202504980223004,4.471642971038818
thread_17510600_starter,1,2.3703703703703702,2.2959964275360107
thread_17511477_starter,2,1.0942455856950868,4.685460567474365
thread_17521535_starter,2,7.310764374750923,8.115728378295898
thread_17522883_starter,4,2.648375282959045,6.029201507568359
thread_17525260_starter,0,1.871310434327066,3.4217827320098877
thread_17531095_starter,2,3.425440131591025,3.7989232540130615
thread_17533093_starter,3,1.7407407407407407,1.2592333555221558
thread_17533405_starter,2,3.425440131591025,2.209817886352539
thread_17533618_starter,3,4.202504980223004,5.575649261474609
thread_17534706_starter,3,3.425440131591025,3.3242764472961426
thread_17539498_starter,3,8.11111111111111,7.974521160125732
thread_17541071_starter,3,1.3703703703703702,2.8799610137939453
thread_17548253_starter,1,1.0942455856950868,3.4936587810516357
thread_17549852_starter,4,7.370370370370369,6.401922225952148
thread_17551417_starter,0,3.425440131591025,3.605391263961792
thread_17556831_starter,4,6.0,4.641965389251709
thread_17556974_starter,4,3.0,5.3403167724609375
thread_17559745_starter,0,2.648375282959045,4.221293926239014
thread_17562526_starter,2,8.74074074074074,7.192061424255371
thread_17564329_starter,2,2.648375282959045,3.33498477935791
thread_17568041_starter,2,4.202504980223004,5.787240982055664
thread_17569660_starter,1,6.533699526118942,6.034110069274902
thread_17572090_starter,0,4.202504980223004,2.963545799255371
thread_17578136_starter,4,5.7566346774869634,7.150112152099609
thread_17579990_starter,1,2.7407407407407405,4.044692516326904
thread_17583781_starter,3,7.310764374750923,5.948838233947754
thread_17592780_starter,4,1.0,1.2550047636032104
thread_17596461_starter,2,6.533699526118942,5.6026225090026855
thread_17599397_starter,0,5.7566346774869634,6.403805255889893
thread_17604946_starter,3,4.979569828854984,4.849149227142334
thread_17606252_starter,4,4.0,5.115500450134277
thread_17611819_starter,3,5.7407407407407405,5.424631118774414
thread_17612899_starter,2,3.425440131591025,3.8435170650482178
thread_17616852_starter,2,6.0,3.685837745666504
thread_17627299_starter,4,3.425440131591025,5.43161678314209
thread_17627324_starter,0,2.648375282959045,3.357133388519287
thread_17629509_starter,2,3.425440131591025,2.911734104156494
thread_17636269_starter,4,5.37037037037037,6.68486213684082
thread_17639101_starter,4,6.533699526118942,7.832337379455566
thread_17645973_starter,0,8.0878292233829,2.5558650493621826
thread_17654496_starter,3,3.425440131591025,5.194238662719727
thread_17656048_starter,1,5.111111111111111,5.4283905029296875
thread_17656049_starter,0,1.0942455856950868,1.9972857236862183
thread_17656665_starter,3,2.648375282959045,4.9593939781188965
thread_17659719_starter,1,3.2592592592592595,3.5592434406280518
thread_17665660_starter,0,6.533699526118942,5.001243591308594
thread_17666523_starter,0,4.7407407407407405,5.967190742492676
thread_17667077_starter,3,3.3703703703703702,3.035214900970459
thread_17668132_starter,4,4.202504980223004,3.9549612998962402
thread_17668245_starter,0,6.481481481481481,7.607724666595459
thread_17680065_starter,3,6.370370370370369,4.29118013381958
thread_17680465_starter,1,7.310764374750923,6.959304332733154
thread_17699986_starter,2,5.0,4.763733863830566
thread_17702612_starter,1,4.979569828854984,5.674615859985352
thread_17702649_starter,0,4.979569828854984,7.246457576751709
thread_17703970_starter,0,3.0,3.8592026233673096
thread_17705028_starter,4,5.481481481481481,5.674375057220459
thread_17705262_starter,0,2.648375282959045,1.4928910732269287
thread_17705291_starter,4,4.37037037037037,5.969738006591797
thread_17707547_starter,2,4.202504980223004,4.6441216468811035
thread_17709543_starter,1,7.481481481481481,7.350193023681641
thread_17714593_starter,0,2.648375282959045,6.135521411895752
thread_17716204_starter,2,3.425440131591025,4.194231033325195
thread_17717222_starter,0,3.0,2.9903581142425537
thread_17717493_starter,4,4.202504980223004,5.9270195960998535
thread_17728247_starter,1,4.37037037037037,5.032390117645264
thread_17729109_starter,1,4.202504980223004,3.8618812561035156
thread_17729577_starter,0,1.0,1.136683702468872
thread_17729998_starter,3,7.0,6.825933933258057
thread_17735641_starter,3,1.871310434327066,4.3628249168396
thread_17738682_starter,0,3.425440131591025,5.277649402618408
thread_17740143_starter,3,7.74074074074074,6.145242691040039
thread_17742977_starter,0,2.648375282959045,5.67471981048584
thread_17750155_starter,3,6.370370370370369,5.090423107147217
thread_17752461_starter,0,1.871310434327066,1.9207968711853027
thread_17754234_starter,3,4.979569828854984,5.688898086547852
thread_17758485_starter,1,5.7566346774869634,7.384479522705078
thread_17761584_starter,2,6.7407407407407405,4.905961990356445
thread_17766584_starter,2,1.0942455856950868,1.2051424980163574
thread_17769566_starter,2,1.0,4.019819736480713
thread_17769815_starter,0,4.0,5.123968601226807
thread_17782573_starter,2,6.0,7.922131538391113
thread_17787743_starter,1,5.7566346774869634,7.163702487945557
thread_17789336_starter,1,5.7566346774869634,6.231048107147217
thread_17790510_starter,4,6.7407407407407405,6.561598300933838
thread_17792227_starter,0,1.0,1.4212666749954224
thread_17798248_starter,3,6.111111111111111,6.211750030517578
thread_17798894_starter,3,3.0,2.229034185409546
thread_17809622_starter,4,4.202504980223004,1.5108304023742676
thread_17811541_starter,3,1.3703703703703702,1.8021328449249268
thread_17812767_starter,3,5.481481481481481,6.719326019287109
thread_17813192_starter,0,4.979569828854984,5.884920597076416
thread_17816976_starter,1,7.310764374750923,7.429129123687744
thread_17817521_starter,4,3.0,2.832526206970215
thread_17822848_starter,1,1.871310434327066,3.499728202819824
thread_17823138_starter,1,2.3703703703703702,2.470410108566284
thread_17823740_starter,1,3.425440131591025,4.936714172363281
thread_17827738_starter,2,4.979569828854984,4.886378288269043
thread_17839978_starter,3,5.7566346774869634,5.498426914215088
thread_17840595_starter,4,1.0,1.2596936225891113
thread_17841121_starter,3,6.111111111111111,6.929322719573975
thread_17843090_starter,3,4.0,2.458599090576172
thread_17844445_starter,3,3.3703703703703702,2.05985426902771
thread_17848952_starter,0,1.0,1.3544161319732666
thread_17854715_starter,4,6.111111111111111,5.228266716003418
thread_17857094_starter,1,4.202504980223004,4.786984920501709
thread_17858423_starter,0,8.0,5.797876358032227
thread_17864783_starter,3,2.648375282959045,5.293855667114258
thread_17868718_starter,2,6.533699526118942,7.59058952331543
thread_17870637_starter,1,3.3703703703703702,2.9666876792907715
thread_17872898_starter,4,5.7566346774869634,5.976252555847168
thread_17874008_starter,1,1.871310434327066,2.705496311187744
thread_17874687_starter,4,7.0,6.457253456115723
thread_17877062_starter,3,8.0,5.654345989227295
thread_17879450_starter,1,5.37037037037037,5.148986339569092
thread_17881755_starter,3,4.979569828854984,3.935242176055908
thread_17884387_starter,2,5.7566346774869634,5.66555118560791
thread_17884935_starter,1,4.979569828854984,5.825816631317139
thread_17886669_starter,1,4.0,4.165900707244873
thread_17888099_starter,2,4.979569828854984,7.256279945373535
thread_17890361_starter,0,5.7566346774869634,8.016802787780762
thread_17890635_starter,3,4.37037037037037,6.3111419677734375
thread_17891849_starter,1,6.533699526118942,7.579090118408203
thread_17892325_starter,4,1.0942455856950868,1.1659363508224487
thread_17897311_starter,4,7.310764374750923,5.8152618408203125
thread_17902031_starter,3,5.7566346774869634,6.063779830932617
thread_17902197_starter,4,1.871310434327066,2.6798391342163086
thread_17912536_starter,1,3.425440131591025,4.057445526123047
thread_17914151_starter,2,1.871310434327066,1.6011879444122314
thread_17917179_starter,4,7.310764374750923,6.859349727630615
thread_17918129_starter,4,7.111111111111111,5.087307929992676
thread_17918987_starter,2,5.7566346774869634,5.554727077484131
thread_17920438_starter,3,8.0,6.606698513031006
thread_17920844_starter,0,6.370370370370369,4.109698295593262
thread_17922937_starter,2,6.533699526118942,7.035198211669922
thread_17925465_starter,2,6.533699526118942,5.696066856384277
thread_17928472_starter,1,7.74074074074074,7.854150295257568
thread_17930297_starter,2,6.0,8.06972885131836
thread_17931047_starter,2,4.202504980223004,3.352491855621338
thread_17937389_starter,1,4.202504980223004,2.1237690448760986
thread_17940385_starter,2,3.6296296296296298,2.9988555908203125
thread_17943587_starter,3,3.425440131591025,3.0945444107055664
thread_17943999_starter,4,5.7566346774869634,6.6293745040893555
thread_17945994_starter,0,2.648375282959045,6.11981201171875
thread_17946364_starter,2,3.425440131591025,6.6130781173706055
thread_17946495_starter,4,5.7407407407407405,3.7716171741485596
thread_17950084_starter,4,8.37037037037037,8.002685546875
thread_17951622_starter,4,3.425440131591025,4.877353668212891
thread_17956029_starter,0,2.648375282959045,2.2617053985595703
thread_17959744_starter,3,3.425440131591025,3.8888087272644043
thread_17960549_starter,4,3.425440131591025,5.494160175323486
thread_17962215_starter,2,6.111111111111111,5.128339767456055
thread_17962386_starter,3,3.425440131591025,1.8689732551574707
thread_17963985_starter,4,1.871310434327066,2.1962666511535645
thread_17964171_starter,2,2.0,1.414080262184143
thread_17964423_starter,1,7.310764374750923,7.409423351287842
thread_17966299_starter,1,8.11111111111111,8.262679100036621
thread_17968661_starter,0,4.37037037037037,3.576809883117676
thread_17972671_starter,1,5.7566346774869634,4.125757694244385
thread_17972811_starter,4,5.0,7.152447700500488
thread_17972915_starter,3,7.310764374750923,7.828970909118652
thread_17973162_starter,0,5.0,6.235724925994873
thread_17973652_starter,1,4.0,6.001425266265869
thread_17973744_starter,2,6.0,4.509499549865723
thread_17974402_starter,3,4.202504980223004,5.767045974731445
thread_17974892_starter,3,7.310764374750923,7.055685997009277
thread_17977029_starter,0,1.871310434327066,1.4122354984283447
thread_17980414_starter,3,5.111111111111111,6.421588897705078
thread_17981058_starter,1,4.979569828854984,5.916039943695068
thread_17981136_starter,2,2.3703703703703702,1.3867387771606445
thread_17982612_starter,0,1.871310434327066,2.833181381225586
thread_17985794_starter,3,6.533699526118942,5.167212009429932
thread_17986541_starter,4,7.370370370370369,7.647006034851074
thread_17986545_starter,4,1.871310434327066,5.385654449462891
thread_17986579_starter,0,2.648375282959045,4.313466548919678
thread_17986662_starter,1,5.481481481481481,7.3982648849487305
thread_17986997_starter,3,1.871310434327066,4.383939743041992
thread_17989073_starter,4,3.4814814814814814,4.479556083679199
thread_17989125_starter,2,2.648375282959045,2.6739048957824707
thread_17990019_starter,3,5.7566346774869634,6.655331134796143
thread_17990487_starter,3,1.871310434327066,5.629415988922119
thread_17991409_starter,2,7.310764374750923,6.678038120269775
thread_17991570_starter,1,3.740740740740741,5.733818531036377
thread_17991637_starter,2,7.310764374750923,5.459738254547119
thread_17992241_starter,0,3.425440131591025,2.572699785232544
thread_17993010_starter,3,2.648375282959045,2.998774528503418
thread_17993895_starter,2,1.871310434327066,6.43618106842041
thread_17997246_starter,3,5.7566346774869634,4.6942949295043945
thread_17999676_starter,1,3.0,5.453838348388672
thread_18001047_starter,1,2.648375282959045,6.262884616851807
thread_18002803_starter,3,4.979569828854984,3.3645052909851074
thread_18005594_starter,2,4.37037037037037,4.80157995223999
thread_18006122_starter,4,7.111111111111111,6.978786945343018
thread_18008276_starter,1,4.0,2.989061117172241
thread_18009078_starter,3,4.979569828854984,6.950459957122803
thread_18009386_starter,3,6.111111111111111,3.475066661834717
thread_18010454_starter,3,7.111111111111111,7.317436695098877
thread_18011444_starter,4,5.0,5.724327564239502
thread_18012047_starter,0,4.851851851851851,6.006927013397217
thread_18013565_starter,3,4.979569828854984,4.853466987609863
thread_18016126_starter,1,4.202504980223004,3.8732261657714844
thread_18016614_starter,1,6.0,7.454643726348877
thread_18017920_starter,2,3.425440131591025,4.721820831298828
thread_18018715_starter,2,4.0,5.237823009490967
thread_18018902_starter,2,7.310764374750923,7.895646572113037
thread_18019725_starter,0,7.310764374750923,7.543740272521973
thread_18021875_starter,1,1.0942455856950868,0.9523815512657166
thread_18022336_starter,0,4.111111111111111,2.9764866828918457
thread_18022617_starter,4,5.7566346774869634,4.609912872314453
thread_18023581_starter,1,8.37037037037037,7.072526454925537
thread_18024130_starter,1,4.979569828854984,5.100422382354736
thread_18025043_starter,2,7.310764374750923,8.265607833862305
thread_18025318_starter,4,7.111111111111111,5.761707305908203
thread_18027846_starter,3,2.648375282959045,6.466360569000244
thread_18028954_starter,0,4.851851851851851,4.723735809326172
thread_18031114_starter,4,3.0,3.7540581226348877
thread_18032368_starter,2,4.7407407407407405,6.7504730224609375
thread_18032675_starter,3,1.0942455856950868,1.3533821105957031
thread_18033465_starter,4,6.0,3.076537847518921
thread_18033787_starter,0,4.979569828854984,7.228349685668945
thread_18034586_starter,0,1.0942455856950868,0.9937013983726501
thread_18036092_starter,3,8.0,5.40071964263916
thread_18036316_starter,1,1.871310434327066,5.591646671295166
thread_18036347_starter,1,1.871310434327066,1.793991208076477
thread_18036897_starter,4,6.370370370370369,7.341048717498779
thread_18038870_starter,0,8.0878292233829,7.494340419769287
thread_18039553_starter,3,3.3703703703703702,4.24485445022583
thread_18039873_starter,0,4.202504980223004,3.9693305492401123
thread_18040866_starter,2,7.310764374750923,7.767678737640381
thread_18041098_starter,2,8.0,7.969858169555664
thread_18041515_starter,0,2.0,2.6826460361480713
thread_18041718_starter,3,2.648375282959045,2.5055932998657227
thread_18044313_starter,4,4.37037037037037,4.680089473724365
thread_18045684_starter,4,4.202504980223004,3.055103302001953
thread_18045693_starter,3,5.7407407407407405,6.252719402313232
thread_18045798_starter,0,3.111111111111111,3.629425048828125
thread_18047633_starter,3,1.0942455856950868,1.2276616096496582
thread_18049840_starter,0,1.0,0.8346586227416992
thread_18050274_starter,3,6.111111111111111,7.366697311401367
thread_18050457_starter,3,3.425440131591025,7.212924003601074
thread_18050661_starter,4,6.533699526118942,6.492527008056641
thread_18051257_starter,4,5.111111111111111,5.009151458740234
thread_18053993_starter,3,7.310764374750923,6.0321574211120605
thread_18058797_starter,0,2.648375282959045,4.074344635009766
thread_18061182_starter,4,3.425440131591025,2.1915364265441895
thread_18061678_starter,2,6.533699526118942,8.043805122375488
thread_18061785_starter,2,7.310764374750923,8.021203994750977
thread_18062713_starter,0,5.0,1.624936819076538
thread_18063879_starter,0,4.979569828854984,3.7793076038360596
thread_18071212_starter,3,8.0,6.34635591506958
thread_18071475_starter,3,5.37037037037037,6.185597896575928
thread_18071998_starter,3,7.74074074074074,7.892591953277588
thread_18072576_starter,1,5.7566346774869634,6.74049711227417
thread_18074583_starter,4,5.7566346774869634,5.781047821044922
thread_18075029_starter,0,5.7407407407407405,5.840785980224609
thread_18076023_starter,0,6.533699526118942,6.166027545928955
thread_18076510_starter,1,4.0,1.9469012022018433
thread_18077956_starter,0,6.533699526118942,6.585504055023193
thread_18079151_starter,0,2.4814814814814814,3.042214870452881
thread_18079551_starter,1,6.7407407407407405,8.019645690917969
thread_18081442_starter,4,1.871310434327066,4.167532444000244
thread_18082186_starter,2,6.7407407407407405,5.136081218719482
thread_18082368_starter,4,2.648375282959045,4.823379993438721
thread_18083072_starter,0,5.0,5.029460430145264
thread_18085172_starter,1,7.310764374750923,5.90717887878418
thread_18089157_starter,2,1.0942455856950868,5.200242042541504
thread_18090539_starter,2,3.3703703703703702,3.048828601837158
thread_18091117_starter,2,5.7566346774869634,5.342031955718994
thread_18091250_starter,4,3.740740740740741,3.6810500621795654
thread_18094265_starter,4,1.0,0.7881401181221008
thread_18096858_starter,1,4.37037037037037,7.3245849609375
thread_18097781_starter,0,3.851851851851852,3.5059077739715576
thread_18101157_starter,2,4.481481481481481,6.3957133293151855
thread_18102462_starter,0,6.533699526118942,5.429103851318359
thread_18103237_starter,3,1.0,2.5650794506073
thread_18104076_starter,1,5.7566346774869634,6.505218982696533
thread_18105820_starter,1,3.425440131591025,3.315772771835327
thread_18106739_starter,0,2.3703703703703702,2.9188954830169678
thread_18109766_starter,1,6.533699526118942,5.9223408699035645
thread_18110663_starter,1,1.0942455856950868,2.7144596576690674
thread_18114692_starter,3,4.7407407407407405,4.386691570281982
thread_18114739_starter,1,1.871310434327066,3.6909663677215576
thread_18115856_starter,2,5.111111111111111,4.665136337280273
thread_18117088_starter,3,1.0942455856950868,1.8886396884918213
thread_18118008_starter,1,1.0942455856950868,1.564981460571289
thread_18118732_starter,3,1.0,5.838594913482666
thread_18118972_starter,3,1.0942455856950868,0.7264119982719421
thread_18119187_starter,3,3.740740740740741,3.458008289337158
thread_18124999_starter,2,4.0,3.9273154735565186
thread_18126235_starter,2,2.648375282959045,2.294938564300537
thread_18129104_starter,2,4.0,2.4588074684143066
thread_18129952_starter,3,4.7407407407407405,5.814613342285156
thread_18131684_starter,2,4.7407407407407405,4.748481750488281
thread_18132012_starter,0,6.7407407407407405,6.3636932373046875
thread_18132125_starter,0,3.4814814814814814,6.077791690826416
thread_18137764_starter,2,2.648375282959045,1.7842209339141846
thread_18137777_starter,2,2.0,4.413314342498779
thread_18137896_starter,2,6.533699526118942,6.853893280029297
thread_18137925_starter,1,4.202504980223004,6.722385883331299
thread_18137958_starter,3,7.0,7.528473377227783
thread_18138146_starter,2,1.0,1.1777117252349854
thread_18138358_starter,3,1.0942455856950868,3.1609582901000977
thread_18138406_starter,4,7.0,5.917575836181641
thread_18138437_starter,1,5.7407407407407405,7.4838995933532715
thread_18138461_starter,2,2.7407407407407405,5.656003475189209
thread_18138463_starter,4,1.871310434327066,1.8767255544662476
thread_18138555_starter,0,1.871310434327066,3.299684524536133
thread_18138631_starter,4,5.0,3.613888740539551
thread_18138674_starter,3,3.425440131591025,3.16332745552063
thread_18138729_starter,4,4.0,5.404881477355957
thread_18138856_starter,1,4.979569828854984,6.162404537200928
thread_18138891_starter,0,1.871310434327066,1.6930146217346191
thread_18138935_starter,2,3.425440131591025,4.829816818237305
thread_18138955_starter,4,5.7566346774869634,6.983354091644287
thread_18139228_starter,2,1.871310434327066,2.105661630630493
thread_18139236_starter,2,5.0,5.457969665527344
thread_18139240_starter,2,2.6296296296296293,5.2697649002075195
thread_18139276_starter,3,2.259259259259259,3.0582199096679688
thread_18139288_starter,1,6.0,6.733022689819336
thread_18139342_starter,1,1.0,2.7736706733703613
thread_18139371_starter,2,6.370370370370369,5.706789493560791
thread_18139739_starter,1,2.3703703703703702,1.835394024848938
thread_18139787_starter,4,1.871310434327066,2.783853054046631
thread_18139798_starter,2,4.7407407407407405,6.49185848236084
thread_18139869_starter,4,7.0,6.869909763336182
thread_18139885_starter,1,1.0942455856950868,0.9383079409599304
thread_18139910_starter,2,1.0,2.1423287391662598
thread_18139912_starter,1,1.0942455856950868,0.7424176335334778
thread_18139947_starter,0,3.740740740740741,3.5825257301330566
thread_18140121_starter,3,2.0,3.9076898097991943
thread_18140149_starter,3,4.0,1.7348318099975586
thread_18140156_starter,3,5.7407407407407405,1.0729435682296753
thread_18140235_starter,4,5.0,3.85626482963562
thread_18140343_starter,1,1.0,1.0748085975646973
thread_18140508_starter,0,1.0,0.6590696573257446
thread_18140808_starter,3,6.0,5.5309929847717285
thread_18141367_starter,0,1.871310434327066,4.021142959594727
thread_18141394_starter,4,3.425440131591025,4.914088249206543
thread_18141430_starter,3,1.3703703703703702,2.1109752655029297
thread_18141578_starter,1,6.7407407407407405,5.3984270095825195
thread_18141665_starter,2,2.0,2.520235538482666
thread_18141829_starter,1,4.0,4.687854290008545
thread_18141855_starter,2,3.740740740740741,6.5186028480529785
thread_18141890_starter,3,5.0,5.541473865509033
thread_18141922_starter,2,4.202504980223004,4.782543659210205
thread_18141943_starter,2,4.0,5.039078712463379
thread_18142065_starter,3,3.3703703703703702,2.9500744342803955
thread_18142118_starter,1,3.3703703703703702,3.457227945327759
thread_18142166_starter,1,1.871310434327066,2.4932825565338135
thread_18142809_starter,0,7.0,4.0371198654174805
thread_18143009_starter,3,1.0942455856950868,1.0346165895462036
thread_18143402_starter,3,1.0,1.3873225450515747
thread_18143558_starter,4,1.0,1.4107906818389893
thread_18143618_starter,0,6.0,3.504974365234375
thread_18143955_starter,4,5.37037037037037,3.9261326789855957
thread_18143976_starter,4,5.7566346774869634,5.805004596710205
thread_18144275_starter,3,1.871310434327066,1.805812954902649
thread_18144457_starter,0,4.0,5.257716655731201
thread_18144544_starter,4,1.0,2.6944401264190674
thread_18144570_starter,4,3.0,2.1931426525115967
thread_18144589_starter,4,1.0,1.341822862625122
thread_18144946_starter,2,1.0942455856950868,1.9283447265625
thread_18144989_starter,2,4.481481481481481,7.985257148742676
thread_18145283_starter,4,1.0942455856950868,1.863086462020874
thread_6044069_درانتظاربارداری_1399/12/17 23:39,0,6.533699526118942,7.082502841949463
thread_6076747_finiks67_1399/12/23 12:40,1,4.0,2.0638365745544434
thread_6076747_finiks67_1399/12/23 12:49,1,5.0,1.5127519369125366
thread_6077129_ورودجدید_1399/12/23 13:49,2,1.0,0.7753828763961792
thread_6112233_mmmدخترتنهاmmm_1399/12/29 11:57,4,3.0,4.304227828979492
thread_6128613_starter,3,1.871310434327066,1.299147605895996
thread_6157536_starter,0,5.111111111111111,7.180671215057373
thread_6197391_2wب_1400/01/14 19:34,2,1.0,1.082358479499817
thread_6215359_عمردرسکوت_1400/01/17 11:52,2,1.0942455856950868,1.718713641166687
thread_6215718_داستان_زندگیم_1400/01/17 12:48,3,1.0,1.7303825616836548
thread_6215718_قورمه؛سبزی_1400/01/17 12:55,3,1.0942455856950868,2.226841688156128
thread_6215718_مانلی۴۴۴_1400/01/17 12:51,3,5.37037037037037,4.584071159362793
thread_6220408_دختر_زمستون۱۳۷۵_1400/01/18 00:34,0,1.871310434327066,4.0011677742004395
thread_6235224_7379ali_1400/01/20 03:54,3,1.0,2.933131456375122
thread_6277494_مامان_آریوش_1400/01/26 15:24,1,1.871310434327066,1.1769819259643555
thread_6282150_نمک_یددار_1400/01/27 04:33,4,6.0,3.657233476638794
thread_6309299_7887frshte_1400/01/31 00:17,2,3.0,2.342982292175293
thread_6310312_آویشنا۲_1400/01/31 02:10,1,1.0,1.1151714324951172
thread_6319625_یاسم_1400/02/01 13:07,1,3.2592592592592595,4.385593891143799
thread_6337060_starter,1,7.370370370370369,7.520754337310791
thread_6337130_بالکبابی_1400/02/03 23:55,0,1.0942455856950868,1.1243298053741455
thread_6341246_starter,2,3.3703703703703702,5.890520095825195
thread_6358267_starter,3,7.111111111111111,7.917189121246338
thread_6373847_shahdokhttt_1400/02/09 03:21,0,1.0942455856950868,1.124004602432251
thread_6373847_starter,0,6.0,6.47073221206665
thread_6442764_starter,4,5.7566346774869634,7.4809465408325195
thread_6442764_فونیکس1990_1400/02/19 16:29,4,1.0,1.6189879179000854
thread_6485839_yziba89_1400/02/26 02:06,2,1.6296296296296298,3.063474416732788
thread_6485839_ziba1380_1400/02/26 01:55,2,3.425440131591025,7.336546897888184
thread_6485839_طلا۶۰_1400/02/26 01:46,2,1.0942455856950868,1.2616760730743408
thread_6489092_ارزوجان_1400/02/26 16:37,2,1.0942455856950868,4.4954514503479
thread_6489092_ملکه_یخی_هستم_1400/02/26 16:28,2,1.0,3.1377675533294678
thread_6492563_starter,0,3.425440131591025,2.223222255706787
thread_6512194_tanhaaaaaaam_1400/02/30 03:06,2,4.481481481481481,5.668137073516846
thread_6517426_ظهــرتابســتانى_1400/02/31 00:18,1,1.0942455856950868,1.2215838432312012
thread_6530624_fh137275_1400/03/02 01:03,2,1.0,1.1737661361694336
thread_6622308_منتظر_نی_نی۱۳۷۸_1400/03/16 15:15,1,1.0,1.1264457702636719
thread_6624545_آراممممم_1400/03/16 21:53,1,1.0,1.9948382377624512
thread_6636832_starter,1,7.0,7.295650959014893
thread_6636832_swallows_1400/03/18 19:48,1,6.481481481481481,6.675808429718018
thread_6695265_starter,0,7.0,7.620743751525879
thread_6698397_roooooyaaa_1400/03/29 00:32,4,1.3703703703703702,2.107001304626465
thread_6698397_سبزهزار_1400/03/29 00:37,4,1.0,4.603413105010986
thread_6709616_starter,3,6.533699526118942,5.674203395843506
thread_6709616_خاله_خرسه_مهربون_1400/03/30 23:29,3,1.871310434327066,1.27332603931427
thread_6735816_mobi200_1400/04/04 12:06,3,5.999999999999999,6.54064416885376
thread_6825402_starter,0,7.0,7.34216833114624
thread_6945164_farzanebano_1400/05/07 16:35,0,1.871310434327066,3.160269260406494
thread_6961791_مامیre_1400/05/10 11:09,1,1.0942455856950868,3.459136724472046
thread_6968946_starter,4,6.533699526118942,6.3568010330200195
thread_6972253_starter,4,6.533699526118942,5.673908233642578
thread_7136669_mamy_reyhan72_1400/06/05 20:39,3,3.4814814814814814,1.8156373500823975
thread_7136669_منچ9_1400/06/05 20:41,3,2.648375282959045,3.644406318664551
thread_7141679_سارا_فروزان_1400/06/06 15:23,1,2.3703703703703702,4.44520902633667
thread_7145501_alaae_1400/06/07 02:34,2,7.0,3.119443416595459
thread_7161040_دخترکلاسیک_1400/06/09 15:21,3,1.0,0.5894016623497009
thread_7161040_کاربری_جدید_1400/06/09 15:34,3,1.6296296296296298,1.9450948238372803
thread_7186473_starter,1,4.202504980223004,6.11837911605835
thread_7188582_jila1375_1400/06/13 20:04,3,1.3703703703703702,1.4622799158096313
thread_7198508_starter,4,1.0942455856950868,4.857799053192139
thread_7215937_starter,0,5.111111111111111,6.426240921020508
thread_7223763_zhoooan_1400/06/19 00:48,4,1.0,2.101989507675171
thread_7225277_منتظرتم_فرزندم_1400/06/19 11:39,1,2.648375282959045,3.9852664470672607
thread_7225282_0dayana0_1400/06/19 11:42,2,1.0942455856950868,2.1278533935546875
thread_7225282_aynaz3676_1400/06/19 11:42,2,1.6296296296296298,2.080406665802002
thread_7251471_asheghe_baran_1400/06/23 14:39,0,1.0,2.4207723140716553
thread_7251471_جوجوخرگوشه_1400/06/23 14:23,0,5.0,3.302687644958496
thread_7251471_پديده2020240_1400/06/23 14:26,0,1.0942455856950868,2.3848743438720703
thread_7278834_مهوش221_1400/06/27 21:04,4,4.0,3.783289909362793
thread_7286272_starter,2,2.648375282959045,1.3721137046813965
thread_7291377_starter,3,6.999999999999999,5.718111991882324
thread_7338711_دخترمستقل_قوی_1400/07/06 01:37,0,1.0942455856950868,1.6562986373901367
thread_7360433_starter,4,7.0,6.423258304595947
thread_7360842_نداجونم_1400/07/09 19:45,1,1.0,1.1407939195632935
thread_7380443_starter,0,5.7407407407407405,4.011584758758545
thread_7389673_مرغانه_1400/07/14 09:58,2,6.533699526118942,4.954914093017578
thread_7389673_مرغانه_1400/07/15 01:17,2,1.871310434327066,2.551555633544922
thread_7464489_taranumebahari_1400/07/26 20:05,1,2.0,1.622144341468811
thread_7489230_starter,0,3.740740740740741,4.966950416564941
thread_7503258_مامان،حسینم_1400/08/03 13:37,0,3.0,2.038029432296753
thread_7541180_starter,2,6.533699526118942,3.6591274738311768
thread_7574999_banou_909_1400/08/15 21:02,3,7.0,5.256312847137451
thread_7611913_سوفیام966_1400/08/22 13:51,0,3.740740740740741,4.203178882598877
thread_7611913_سوفیام966_1400/08/22 13:53,0,1.0942455856950868,1.471524953842163
thread_7611913_سوفیام966_1400/08/22 14:02,0,1.0,1.4191310405731201
thread_7639710_mikal780890_1400/08/27 13:08,1,3.425440131591025,5.281630516052246
thread_7639710_خوشگل_خانم__1400/08/27 13:05,1,2.648375282959045,2.290545701980591
thread_7650399_starter,0,5.7407407407407405,7.285889625549316
thread_7662750_starter,1,3.3703703703703702,5.766261100769043
thread_7825859_starter,1,5.7566346774869634,6.156530857086182
thread_7825859_نازگل۸۸۸_1400/09/30 18:08,1,1.3703703703703702,1.349136233329773
thread_7833005_starter,1,4.979569828854984,3.119417905807495
thread_7833045_shirin_2125_1400/10/02 01:13,4,2.3703703703703702,3.801309585571289
thread_7839876_starter,2,5.7566346774869634,3.037369728088379
thread_7853973_آنا_anna_1400/10/05 22:54,3,1.0,2.2272348403930664
thread_7856775_samin_a_1400/10/06 13:24,2,3.6296296296296298,2.687324047088623
thread_7978999_hejran1400_1400/10/27 14:21,2,1.0,3.6694416999816895
thread_8081945_mj1371_1400/11/14 21:57,4,1.0,1.4066212177276611
thread_8122505_آوای_تابستان۲_1400/11/21 13:16,1,1.0,1.622290849685669
thread_8130945_مامانl_1400/11/22 21:57,0,6.370370370370369,5.489051818847656
thread_8147070_asalbanoosham_1400/11/25 13:28,1,1.0,1.5160956382751465
thread_8169380_موهیتو_خوشمزه_1400/11/29 14:09,0,1.0942455856950868,3.424158811569214
thread_8180526_ياس۶۶۷۷_1400/12/01 12:44,0,4.0,2.9242539405822754
thread_8195622_noranora_1400/12/03 22:38,4,4.979569828854984,5.620323181152344
thread_8195622_starter,4,7.0,6.865422248840332
thread_8202132_سرودهای_دلتنگی_1400/12/04 23:39,4,1.0,1.300567865371704
thread_8209187_starter,0,5.37037037037037,5.524147033691406
thread_8212426_صبا1397_1400/12/06 20:53,1,1.0,0.80208420753479
thread_8221954_نسادات_1400/12/08 11:21,1,1.0,3.089282751083374
thread_8229349_pink_bubble_1400/12/09 14:57,4,1.0,3.0437018871307373
thread_8332965_angel82_1400/12/26 23:40,1,1.0,1.4974472522735596
thread_8332965_رز۷۵_1400/12/26 23:57,1,1.0,1.4916737079620361
thread_8354667_kajal63_1401/01/02 13:39,2,2.648375282959045,2.9230096340179443
thread_8356775_starter,4,4.7407407407407405,7.109282493591309
thread_8358399__moon_l__1401/01/03 04:21,4,2.648375282959045,1.9917738437652588
thread_8367373_مادرجانیم_1401/01/05 02:28,0,1.3703703703703702,1.5883598327636719
thread_8394180_starter,1,6.370370370370369,5.502854824066162
thread_8403790_غزل25508_1401/01/12 02:55,1,1.0,1.31626296043396
thread_8411183_aroseshonam_1401/01/13 21:14,1,2.648375282959045,1.6845133304595947
thread_8506003_توسکا95_1401/01/30 02:06,2,5.481481481481481,6.299309730529785
thread_8548684_ژالبن_1401/02/06 08:00,0,1.0,2.348410129547119
thread_8548687_کمحرف_1401/02/06 08:08,1,1.6296296296296298,2.354736804962158
thread_8569951_سوگند۲۵۵۱۰_1401/02/10 00:31,3,3.111111111111111,5.8096489906311035
thread_8569951_مامان_بارانا15_1401/02/10 00:25,3,1.871310434327066,4.465068817138672
thread_8570985_تاااارا_1401/02/10 04:10,0,1.0,2.196702003479004
thread_8622569_همیشه_غمگین_1401/02/19 05:04,0,5.7566346774869634,4.479897975921631
thread_8668375_starter,0,6.533699526118942,7.275170803070068
thread_8669803_الیزابت۷۴_1401/02/27 12:44,4,1.0,5.112914085388184
thread_8676042_بارانشونم_1401/02/28 14:43,0,1.0,1.3264288902282715
thread_8704641_ane7814_1401/03/02 09:33,0,2.259259259259259,1.762948751449585
thread_8704641_دخترباهوش2000_1401/03/02 09:36,0,3.3703703703703702,3.251793384552002
thread_8716736_starter,3,7.0,6.749321460723877
thread_8716736_دکتر0فاطمه0زرین_1401/03/04 07:20,3,5.7407407407407405,6.828342437744141
thread_8731189_دخمل_احساس_1401/03/06 19:06,1,2.3703703703703702,3.877898931503296
thread_8735629_ندايييي_1401/03/07 14:44,3,2.7407407407407405,3.354682683944702
thread_8737068_monarch_1401/03/07 19:13,3,1.0,0.8092084527015686
thread_8771170_banoazar_1401/03/13 16:03,3,1.0,0.4153537452220917
thread_8793837_starter,3,6.111111111111111,5.689693927764893
thread_8829382_starter,4,8.0,7.702160358428955
thread_8858733_starter,4,6.111111111111111,6.723936557769775
thread_8880238_1398asal_1401/04/01 00:51,4,1.0942455856950868,2.519589424133301
thread_8880238_77shaghi_1401/04/01 00:46,4,1.0,5.37209415435791
thread_8880238_starter,4,7.310764374750923,7.830437660217285
thread_8880238_دختراسترسی_1401/04/01 00:44,4,1.0942455856950868,1.7459337711334229
thread_8880277_miniyator6c_1401/05/14 01:45,1,8.0878292233829,8.165581703186035
thread_8880277_توییتی۱۳۷۰۱۳۹۷_1401/05/14 01:35,1,5.0,2.09379506111145
thread_8880277_خواهرشوهر_نی_نی_یار_1401/05/14 01:30,1,4.979569828854984,6.527180194854736
thread_8894618_جییییگر_1401/04/03 15:23,2,2.0,1.9768388271331787
thread_8914324_لیداخانوم۲۷_1401/04/06 17:49,4,1.3703703703703702,2.187678337097168
thread_8914324_موز_قرمز_1401/04/06 17:36,4,1.0,0.9486798048019409
thread_9052887_icequeenn_1401/11/10 17:16,4,5.0,4.513566970825195
thread_9052887_کاپو_چینو_1401/04/29 21:18,4,1.0942455856950868,1.501803994178772
thread_9078130_phr_1401/05/02 23:35,2,1.0,2.0914855003356934
thread_9078130_sama_kocholo_1401/05/02 23:38,2,1.0942455856950868,1.617457389831543
thread_9080191_girizli_1401/05/03 09:56,3,1.0,1.1576080322265625
thread_9115890_starter,1,5.111111111111111,6.868525505065918
thread_9120914_rozitakhanomi_1401/05/09 20:00,2,1.0,1.1542237997055054
thread_9207233_starter,2,3.0,3.63368558883667
thread_9227382_starter,4,1.871310434327066,1.0231837034225464
thread_9273837_starter,1,1.0,1.6643038988113403
thread_9284614_starter,2,5.111111111111111,7.515823841094971
thread_9293586_الوانا_1401/06/06 11:39,1,1.0,1.385401725769043
thread_9293586_سیندرلاتون_1401/06/06 11:34,1,1.0,0.8520104289054871
thread_9298538_2222mahsa_1401/06/07 02:14,1,1.0942455856950868,4.242950916290283
thread_9314785_starter,0,4.0,6.292733192443848
thread_9345142_starter,0,5.7566346774869634,3.8612139225006104
thread_9375288_starter,4,1.0942455856950868,0.8987790942192078
thread_9381868_starter,3,5.0,5.551666259765625
thread_9396920_feriii75_1401/06/23 22:29,3,1.0,2.1183855533599854
thread_9409801_starter,3,4.0,2.865673542022705
thread_9412914_فرشتهجان_1401/06/26 23:10,4,1.3703703703703702,2.74977707862854
thread_9428877_مرسده2mersedeh_1401/07/07 17:38,0,3.3703703703703702,5.321278095245361
thread_9443994_starter,2,4.7407407407407405,5.1869096755981445
thread_9448722_قاصدک750_1401/07/12 11:14,1,2.648375282959045,3.727548360824585
thread_9448722_مامان_سونیا1_1401/07/12 11:15,1,5.0,6.7516069412231445
thread_9453838_starter,2,4.202504980223004,4.30589485168457
thread_9485660_فاطمه_هستم_۲۳__1401/07/19 14:01,4,1.3703703703703702,3.1843786239624023
thread_9499929_starter,0,7.310764374750923,7.483636856079102
thread_9499929_مامان_امیر؟؟؟؟_1401/07/21 20:36,0,1.0942455856950868,1.942714810371399
thread_9514473_nanajonam_1401/07/24 02:37,1,6.0,5.074805736541748
thread_9514473_سیب_ترش_هستم_1401/07/24 02:33,1,1.0,0.877166748046875
thread_9536090_starter,2,7.111111111111111,7.6875152587890625
thread_9576910_starter,3,6.370370370370369,6.212499618530273
thread_9622949_starter,3,5.0,4.417290210723877
thread_9637429_starter,0,5.7566346774869634,5.936573028564453
thread_9640890_دل_ارام_خوش_بو_1401/08/17 21:51,1,3.425440131591025,4.639909744262695
thread_9642299_گلnooش_1401/08/18 00:32,2,2.0,2.691077709197998
thread_9645600_starter,3,4.0,5.716544151306152
thread_9648957_22aseman558_1401/08/19 00:25,2,3.4814814814814814,2.2992634773254395
thread_9652473_starter,0,3.740740740740741,5.457146644592285
thread_9675131_حسناامیدم_1401/08/22 22:43,0,1.0,2.8832504749298096
thread_9677762_starter,3,1.0,1.3690013885498047
thread_9677776_1parvaz_1402/06/25 20:54,2,6.0,7.904138088226318
thread_9686580_starter,0,2.3703703703703702,5.562928676605225
thread_9725395_مارال37_1401/08/30 15:45,2,6.0,2.8524796962738037
thread_9730976_starter,3,3.851851851851852,5.912272930145264
thread_9736375_l_am_ryhane_1401/09/02 12:46,2,1.0,6.396566867828369
thread_9736375_saberehhhhh_1401/09/02 13:48,2,5.37037037037037,5.182415008544922
thread_9759365_starter,4,8.11111111111111,7.130840301513672
thread_9761432_توپتوپی_1401/09/06 09:40,3,6.0,5.291538238525391
thread_9761611___قاصدک___1401/09/06 10:25,2,1.0942455856950868,2.6502225399017334
thread_9772675_ommm_1401/09/07 22:36,1,4.0,5.908224582672119
thread_9803993_starter,1,1.0,2.2472193241119385
thread_9808501_starter,0,1.0942455856950868,4.127102851867676
thread_9816857_starter,2,1.0942455856950868,1.1241072416305542
thread_9821639_sofisam_1401/09/15 00:46,3,1.0,1.764115810394287
thread_9821639_النازی۲۳۷_1401/09/15 00:44,3,5.37037037037037,5.959991931915283
thread_9822791_ati9998_1401/09/15 09:14,0,6.0,3.382303476333618
thread_9822791_starter,0,3.0,5.637763500213623
thread_9822791_عاشقصورتی_1401/09/15 09:29,0,1.0942455856950868,1.952302098274231
thread_9825032_starter,0,8.37037037037037,7.809850692749023
thread_9848289_starter,2,7.74074074074074,6.46952486038208
thread_9880759_liananill_1401/09/23 18:18,3,1.0,0.8622719645500183
thread_9902946_starter,0,3.0,4.486867904663086
thread_9919084_دینامت2_1401/09/28 22:30,0,5.7566346774869634,5.180763244628906
thread_9936634_starter,2,3.3703703703703702,6.03394079208374
thread_9937429_سلانمتدبان_1401/10/01 18:13,1,2.648375282959045,1.961972713470459
thread_9966511_arosakjooni_1401/10/05 16:01,4,4.0,5.453631401062012
thread_9966511_کاپو_چینو_1401/10/05 16:04,4,3.740740740740741,4.72332763671875
thread_9966511_کاپو_چینو_1401/10/05 16:22,4,4.0,5.12263822555542
thread_9970026_starter,4,6.7407407407407405,6.967037677764893
thread_9977711_بودا_1404/02/16 07:44,1,7.310764374750923,7.075991630554199
thread_9977711_بودا_1404/05/28 07:10,1,6.111111111111111,3.3366005420684814
thread_9988587_todeliiiiii_1401/10/08 15:33,1,1.871310434327066,1.5526552200317383
thread_9993961_starter,0,1.0,2.658050537109375
