unique_post_id,fold,true_stress,prediction,prediction_std_optional
246749152,0,1.0,1.057848098199599,
246750589,0,5.111111111111111,5.095724904309798,
246952723,0,2.0,3.0425692323203966,
249384092,0,2.6296296296296293,3.2287024990391737,
251560308,0,1.871310434327066,3.193135606080042,
253412625,0,4.979569828854984,3.858301560818216,
254686209,0,6.0,3.7472619683793784,
254933030,0,3.0,2.9458035788070407,
255241351,0,5.0,4.532657361002657,
256281249,0,1.0,1.0,
257900941,0,1.871310434327066,2.5573231579647944,
257972125,0,4.979569828854984,2.603711506767031,
258001969,0,1.0,2.826974264089551,
258003322,0,3.6296296296296298,3.880447558382316,
258004522,0,1.871310434327066,2.7372356092160066,
261005269,0,1.0,2.317043663444725,
261235099,0,6.0,4.1388167349178016,
261626674,0,1.7407407407407407,1.2555783495143347,
267356554,0,2.648375282959045,2.347938705100957,
267363492,0,2.7407407407407405,3.0708409192748856,
267365062,0,4.979569828854984,2.0444773538022707,
267365382,0,1.0942455856950868,2.4524293581032777,
269245719,0,2.0,2.8037883474242653,
271055693,0,5.7407407407407405,5.009430440310869,
271056089,0,1.0,2.9335408156119422,
272894651,0,1.0942455856950868,2.5467730145301264,
273009572,0,2.111111111111111,2.5292117228983795,
274805847,0,3.425440131591025,2.4542349215786334,
276203863,0,1.7407407407407407,4.0164328480432925,
278343497,0,3.425440131591025,2.3791877627817453,
279866139,0,1.0,1.2129915588221962,
282842535,0,2.259259259259259,1.1707918140169364,
283536818,0,1.0,1.0088109504991842,
285393542,0,1.871310434327066,4.130278049868098,
289051453,0,1.0,2.7106559655401163,
292097414,0,1.0,3.127434251631786,
292215607,0,1.0,1.018284617555893,
292792295,0,4.0,2.0585056542601423,
292792817,0,1.0,1.045407666542323,
293012736,0,5.0,3.165875495999042,
294521720,0,1.0,1.0,
295252006,0,2.6296296296296293,3.601034981713704,
296923498,0,1.0,1.487111986900517,
297556559,0,3.3703703703703702,4.101650046780086,
297972679,0,1.0942455856950868,2.091214549086558,
298881902,0,1.0,1.0,
299171940,0,4.7407407407407405,2.3268351110997547,
299609811,0,6.0,4.109088557910073,
301337358,0,1.0,1.9702567654012781,
301338944,0,3.3703703703703702,3.0145670622190828,
302709082,0,1.871310434327066,4.38073583551238,
303694559,0,1.0,1.8933722641181396,
304365239,0,3.740740740740741,2.7015722971115137,
305472176,0,3.0,3.713446363614352,
305541042,0,1.0942455856950868,1.7109943519194415,
306706831,0,3.0,3.880438696254317,
306978552,0,1.7407407407407407,3.739087346273313,
307231754,0,1.0942455856950868,2.699822263098366,
307812556,0,7.310764374750923,3.853846619783905,
307838863,0,1.0942455856950868,3.0369786918080677,
308373646,0,1.0942455856950868,2.8745667495084035,
309505551,0,1.0,1.833629482389171,
310232608,0,3.0,3.964873883923872,
310257577,0,1.0,1.0,
310319093,0,1.0,2.19419018705113,
310878866,0,1.0,3.7063025761671984,
313544736,0,1.0,3.0590096663576434,
313794425,0,3.0,3.735207027736787,
314647649,0,2.648375282959045,3.5481912074647375,
314888743,0,4.0,3.2933870125962774,
315483616,0,2.3703703703703702,3.2540365591427474,
315483708,0,6.111111111111111,4.536685191587224,
315497619,0,3.425440131591025,3.6071929825012883,
315642970,0,4.37037037037037,2.7886161360729185,
316519104,0,2.648375282959045,2.565405554430889,
316973553,0,1.0,2.052192373750826,
317264555,0,5.111111111111111,2.8543929763037825,
318483100,0,1.6296296296296298,3.121370427596113,
318719663,0,1.0942455856950868,2.5319934235387658,
318910917,0,5.0,5.182269747609257,
319201384,0,3.3703703703703702,4.580139080729155,
319558046,0,1.0,2.313784654113004,
320462018,0,6.7407407407407405,4.226096890286253,
321000149,0,2.648375282959045,3.8209221234109902,
321000602,0,3.0,2.9387717155169506,
321002103,0,1.3703703703703702,2.7344127766775213,
321055600,0,3.3703703703703702,1.6630959240429575,
321624238,0,1.0,1.0,
322239515,0,1.0,2.3528716448904463,
322804610,0,2.3703703703703702,2.6707781824515173,
324164633,0,5.629629629629629,3.5148490910336436,
324165329,0,2.648375282959045,3.6663907710641723,
324251993,0,1.0,1.2381193864348607,
325145497,0,1.0,3.2264151040922977,
325425896,0,1.0,1.0973572976544332,
325645995,0,5.0,3.271266892347679,
326225459,0,1.871310434327066,2.6996706651913156,
326343479,0,6.370370370370369,3.5555501622931116,
326391943,0,1.0942455856950868,2.791041718243029,
326434741,0,6.111111111111111,5.095147467138777,
326449658,0,5.0,2.94301590596546,
326575748,0,3.0,2.677991360032171,
326580054,0,7.0,5.359322788977998,
326925605,0,1.0,1.5921796128340393,
327399769,0,4.979569828854984,3.5782455672514217,
328060012,0,1.871310434327066,2.322402922723148,
328368322,0,1.3703703703703702,1.0,
328671398,0,1.0942455856950868,2.992756118429364,
329478485,0,1.0,2.818858950768148,
329961165,0,1.0,2.0693417756297556,
330563917,0,1.0942455856950868,2.654353346618278,
330693939,0,1.0,1.266284869057928,
331075456,0,4.0,2.8079271926848977,
331432035,0,1.0,2.4439816427995096,
331602745,0,2.0,2.560935949965857,
331667811,0,5.7407407407407405,4.008455586466442,
332093757,0,1.0,1.6321272055422718,
332184383,0,1.0942455856950868,1.921827155848228,
332218074,0,1.0,1.7202853169935195,
332258927,0,1.0,2.687653925982408,
332259134,0,1.0,1.5354623812892303,
333639726,0,2.0,3.3239581514533776,
333751357,0,5.0,4.561208668594905,
334046938,0,1.3703703703703702,2.341442521194355,
334436854,0,1.0,2.4251317271083472,
334482053,0,5.111111111111111,3.591455692782554,
334551247,0,3.0,2.9173689695193894,
334969203,0,1.0942455856950868,3.0294184180961925,
335014043,0,1.871310434327066,3.5757349612805966,
335689739,0,2.648375282959045,3.540637130184344,
335711187,0,1.0942455856950868,3.0860235184520652,
335714089,0,7.111111111111111,4.037316531133803,
335798890,0,1.0942455856950868,2.3549626324927866,
336236076,0,1.6296296296296298,1.9875504940338387,
336287860,0,1.0942455856950868,2.739491994093095,
336316972,0,3.425440131591025,2.489507337622181,
337097968,0,1.0,3.8130438742704693,
337913265,0,2.888888888888889,2.963407917241271,
338201340,0,1.0942455856950868,2.336987749581763,
338364458,0,6.0,3.8366154101138696,
338943237,0,1.0,2.063627168200166,
338953276,0,6.7407407407407405,3.5288521094905794,
339198518,0,1.0,2.3952062799533858,
339229282,0,4.979569828854984,5.183906207376543,
339258407,0,2.6296296296296293,3.9406800313891486,
339667965,0,1.0,1.0,
340256671,0,1.0942455856950868,4.028902752179052,
340283651,0,3.0,2.34436033183924,
341136694,0,1.0,1.2247913593075443,
341383914,0,2.0,3.622082892595481,
341487265,0,5.7566346774869634,2.7950223800237106,
341488180,0,5.7407407407407405,3.3066184807098233,
341680025,0,3.0,2.8489858130812094,
341737811,0,2.0,3.5375256279172453,
341847339,0,1.0,2.2157941314430034,
342115286,0,1.0,1.2126457653077227,
342415425,0,1.871310434327066,2.3897861798752738,
342461252,0,3.740740740740741,4.018109017963867,
342507977,0,1.0,1.956353180634311,
342566956,0,7.0,3.2963604732588445,
342840613,0,4.202504980223004,3.818677829185939,
342840964,0,3.0,2.2127464822706866,
343170051,0,3.425440131591025,3.3480237282685295,
343414833,0,4.202504980223004,2.4679976431297703,
343541130,0,1.0,3.888806914662083,
344080860,0,3.740740740740741,3.3400228495044924,
344195999,0,1.0942455856950868,1.8940601850009928,
344693455,0,4.481481481481481,3.1607146050118775,
345255002,0,7.0,2.4023156033713176,
345389872,0,1.871310434327066,2.370680196339241,
345515493,0,1.0,1.757675760224238,
345877830,0,1.0,1.421379836972691,
346387773,0,1.0,1.3935983879162968,
346511628,0,5.7566346774869634,3.2403225820408657,
346576896,0,3.0,3.5181629235700997,
346695829,0,1.0,1.0,
347070156,0,3.111111111111111,4.090191494332794,
347156672,0,4.0,2.893586473488024,
347465549,0,1.0942455856950868,2.4857427399250147,
347940985,0,4.37037037037037,2.7310078844992587,
347943397,0,1.0,3.8498804791844816,
349281513,0,1.0,1.0443615558046626,
349283853,0,1.0942455856950868,2.8162905283837127,
349548098,0,5.7566346774869634,4.2785748885426385,
349576812,0,5.0,2.20340348683798,
349763399,0,1.0,1.0111718453891587,
349854709,0,7.0,4.519075745842618,
350215566,0,4.111111111111111,2.8261912792787576,
350368660,0,3.0,3.6473861221624713,
351662776,0,1.0942455856950868,2.6992002978932,
352137919,0,1.6296296296296298,3.540099243681488,
353194502,0,1.0,1.0,
353431392,0,1.0,2.901778156687531,
353725776,0,2.0,2.103659924827229,
353941547,0,3.111111111111111,3.583256299591674,
354414779,0,5.7407407407407405,3.4685165769309148,
355737512,0,4.202504980223004,4.503380062889097,
355826080,0,1.0,1.2513289080734844,
355946640,0,6.0,3.665165444872437,
356510099,0,1.0,1.0853364178637017,
357294963,0,1.0942455856950868,2.859716205952977,
357393982,0,1.0942455856950868,2.4237815648564367,
357754465,0,1.0942455856950868,2.715649315452505,
357891263,0,6.0,2.6330066774688716,
358996742,0,1.0942455856950868,3.9922514755491316,
359392451,0,4.0,3.192110502735934,
359395723,0,4.0,3.46108379164201,
359397260,0,1.0942455856950868,3.4555386313091905,
359714068,0,2.0,3.0676608885438448,
359715319,0,1.0,2.3717805736018582,
360229418,0,7.111111111111111,3.6075619061708792,
360559613,0,3.0,1.7494322815405456,
360909082,0,1.3703703703703702,3.112202742170526,
360909874,0,2.6296296296296293,3.144023249917319,
361814943,0,3.3703703703703702,1.6581421742414566,
362109977,0,1.0,1.343199296967204,
362193039,0,1.0942455856950868,2.694572019979331,
362535169,0,3.0,3.768337239650424,
362535255,0,1.0942455856950868,3.4972503033803015,
363112002,0,2.7407407407407405,3.9782764879880395,
363179312,0,8.0,5.250886415515788,
363179735,0,1.0,4.349655754990111,
363572316,0,1.0942455856950868,2.517482029532758,
363572530,0,4.0,4.042979509125824,
363990653,0,1.0,3.446696161005603,
364404260,0,3.2592592592592595,4.539448426715982,
364481657,0,2.0,2.337122494170244,
364820479,0,5.7566346774869634,2.474941912949505,
365039360,0,1.871310434327066,2.5006723812516585,
365172635,0,1.0942455856950868,2.7198282815058,
365187127,0,1.0,1.4535718292576791,
365959999,0,1.0942455856950868,4.175507802204913,
366988409,0,1.0,1.7387124893504269,
366988563,0,2.648375282959045,2.5450896986237277,
367005337,0,1.871310434327066,1.8864067173374923,
367102002,0,5.7407407407407405,3.575417323346751,
367233917,0,3.0,2.4261600212844066,
367820028,0,3.3703703703703702,2.2726276579055344,
367820735,0,1.0,1.293293788575674,
368095658,0,1.0,2.604834938590198,
368438789,0,1.0942455856950868,3.539948652937711,
368673842,0,1.0,1.260643407529698,
368674585,0,4.202504980223004,3.566826951514189,
368908917,0,4.0,3.716614973448331,
368909539,0,7.310764374750923,5.159969838733998,
368972410,0,1.0,1.191343376679424,
369939985,0,1.0,3.3447442167690307,
370373041,0,6.370370370370369,3.4943194767711816,
371075891,0,7.370370370370369,2.5450989417758345,
371118936,0,2.648375282959045,3.228352746163994,
371156249,0,6.533699526118942,3.8795498973442375,
371706573,0,1.0942455856950868,2.61913197622963,
372123879,0,1.0942455856950868,2.9154645252324216,
372245412,0,1.871310434327066,3.237424811589474,
372483489,0,1.0,1.0,
372941920,0,5.7407407407407405,2.8372654419618755,
373621058,0,1.0,4.029895557161385,
374774707,0,1.0942455856950868,2.273799955343295,
374786131,0,1.0,1.1188123750004202,
374787581,0,1.0,1.0,
374945214,0,1.3703703703703702,1.1212725114475197,
375825482,0,3.0,2.3736812592135488,
376719954,0,1.0,1.2859589822332431,
377395824,0,1.0,2.2825313928168054,
377493610,0,1.0942455856950868,2.1771699568775746,
377584533,0,5.0,2.8028791823038937,
378076815,0,1.0,4.223716637602415,
378330536,0,2.6296296296296293,2.4267693837487774,
378844541,0,4.979569828854984,3.6234431752653724,
379303630,0,2.648375282959045,3.1372208230318144,
379562141,0,3.0,4.130701022434321,
379705435,0,1.0942455856950868,1.7793883824257413,
379885212,0,3.740740740740741,4.222613348614329,
380354264,0,1.3703703703703702,3.397390316498926,
380370189,0,1.3703703703703702,2.5380869017710306,
380447413,0,4.979569828854984,2.8961804611873454,
380450039,0,1.0,1.0,
381182145,0,7.111111111111111,3.7056359737646876,
381367238,0,4.979569828854984,2.808457504700681,
381395830,0,4.0,3.000079108368433,
381814979,0,1.0942455856950868,2.6359650686176304,
382416407,0,1.0942455856950868,2.2656426509743675,
382609083,0,1.0,2.6584428323783627,
382623880,0,1.0,2.431385764893367,
382950755,0,5.7566346774869634,5.241816092334093,
383020488,0,1.0,1.5833391439941957,
383199179,0,1.0,1.6732517985437543,
383220686,0,1.0942455856950868,3.9498317860613317,
383263085,0,1.871310434327066,1.9988022704890862,
383447534,0,1.0,1.0,
383754263,0,1.871310434327066,3.272914775090324,
384642987,0,1.0,1.0,
384670219,0,1.0942455856950868,2.705733183748981,
384696775,0,1.0,1.3673061018656978,
384785733,0,1.0942455856950868,2.1288784427174385,
384801328,0,2.6296296296296293,2.4164308004776123,
385175430,0,9.0,5.008000808073643,
385177848,0,2.648375282959045,3.2334384256402124,
385191973,0,1.3703703703703702,2.7632624567467,
385312184,0,2.0,3.68858802238246,
386026087,0,2.0,2.7005880811319916,
386297156,0,4.37037037037037,4.203983456241302,
386719708,0,1.0942455856950868,2.6965584619469642,
387802319,0,1.0942455856950868,2.0282758040614297,
387802752,0,2.3703703703703702,3.6411906594415755,
387996343,0,3.740740740740741,2.014307983954615,
387998903,0,2.111111111111111,3.6088586601799277,
388236794,0,1.0,3.158670058044553,
388238232,0,1.6296296296296298,2.960294497223794,
388300548,0,6.370370370370369,4.0927687441239815,
388359045,0,1.0,1.8951629803736918,
388403281,0,5.0,3.1260840808531665,
388549106,0,1.0942455856950868,2.6804994054715516,
389018432,0,1.0,2.287467029798549,
389138549,0,1.0942455856950868,2.9303847851481457,
389824337,0,2.7407407407407405,2.8015879063256524,
389959078,0,3.0,3.398512439757724,
389959435,0,3.425440131591025,3.9303016033187976,
390500151,0,3.425440131591025,3.1073790959274796,
390655435,0,1.0,2.761913445914638,
391019290,0,1.0,1.0,
391020608,0,1.6296296296296298,2.1203284467946064,
391392931,0,5.0,2.117743408465795,
391511277,0,1.0,1.0,
391723078,0,1.0,1.4087130015868117,
391723321,0,4.202504980223004,2.3532420784606916,
392059520,0,4.979569828854984,2.6857372371660064,
392223843,0,1.0,1.9091281316614386,
392283087,0,3.3703703703703702,2.7692151745704274,
392460946,0,3.0,2.621571516819011,
392839463,0,3.425440131591025,2.884624291091952,
393035117,0,1.0942455856950868,2.3720381650208324,
393334471,0,7.0,3.7872555628255484,
393824514,0,3.3703703703703702,3.9817296905897743,
394084719,0,1.6296296296296298,3.860926175302522,
394197803,0,3.4814814814814814,2.411782769915186,
395000084,0,1.0,1.0,
395358611,0,1.0,3.5041954589159308,
395647177,0,1.0,1.0,
396028101,0,1.0942455856950868,2.354288931387921,
396101043,0,1.0,1.3481383662867161,
396708197,0,1.0,1.92444937197793,
396810478,0,1.0,1.0748038084748202,
396989197,0,1.871310434327066,2.4924151072982195,
396991056,0,3.0,3.60444156199884,
397405759,0,1.871310434327066,2.4688804726138125,
397698090,0,2.0,3.1185145108682093,
397708369,0,1.0,1.4453364317005346,
397935853,0,1.871310434327066,2.724224746747177,
398042046,0,4.979569828854984,3.698436338123998,
398042122,0,1.0942455856950868,2.2856512468322494,
398042327,0,1.871310434327066,3.8838755413089014,
398989666,0,1.871310434327066,4.701152479545897,
398990761,0,1.6296296296296298,2.211302372639187,
399017252,0,1.871310434327066,3.300732708776843,
399017729,0,2.648375282959045,2.646472386784734,
399251510,0,6.999999999999999,4.097989313098278,
399456112,0,1.0,2.767364870675008,
399742360,0,1.0,1.5251065837160218,
400090316,0,2.648375282959045,3.316637577043108,
400310806,0,1.0,1.0,
400419489,0,1.0,1.0,
400475368,0,1.0942455856950868,2.3395852450467025,
400522403,0,1.0,1.0116687169899845,
400912217,0,3.0,3.0532507583366875,
400976772,0,1.7407407407407407,2.5511898442219225,
401043005,0,1.871310434327066,2.7928598962392304,
401131794,0,1.0,1.268265399582111,
401280266,0,3.740740740740741,3.130561574111583,
401452228,0,1.0,3.414394586597716,
401848171,0,2.6296296296296293,4.33496036757914,
401877655,0,1.0,1.0,
402034256,0,1.0,1.8862759544169112,
402172260,0,1.0,1.3101365341822602,
402441162,0,4.0,1.8852332921147887,
402865439,0,4.979569828854984,3.2030128324395806,
403045920,0,1.0,2.470686881893836,
403180853,0,1.0,1.0122749334494006,
403181895,0,1.6296296296296298,3.1994269806805686,
403194908,0,1.0,1.1199273696978773,
403389114,0,1.0,1.2579627927625872,
403444721,0,1.871310434327066,2.5170126019376777,
403582489,0,1.0,3.0491736750126996,
403700566,0,1.0942455856950868,2.7401542540428947,
403718234,0,1.871310434327066,3.8483125240972766,
404338167,0,1.871310434327066,2.396043727830915,
404410569,0,1.7407407407407407,3.910349346022964,
404463628,0,1.0,3.652948338935914,
404604139,0,1.0,2.2861543157440627,
404664506,0,1.871310434327066,3.898376302662363,
405001154,0,4.0,3.694454374388511,
405671482,0,1.871310434327066,2.812108929069754,
405692122,0,1.3703703703703702,1.2459338069327806,
405781080,0,4.0,3.1482902115096145,
406033633,0,1.6296296296296298,3.049114265341104,
406497498,0,1.0,1.1639632172492766,
406538040,0,1.0942455856950868,2.3423236106892302,
406828203,0,3.3703703703703702,2.5770436845021507,
406876865,0,1.3703703703703702,1.754773726327545,
407046659,0,1.0,2.949134830754593,
407162803,0,3.425440131591025,4.037249023079087,
407551143,0,5.0,3.3330837084227425,
407688752,0,1.0,1.0935421353989128,
407816395,0,6.370370370370369,4.596461170164963,
407849836,0,4.111111111111111,2.4120648228111454,
407878786,0,4.0,2.2585752983154084,
407884663,0,1.0,1.9227289402946148,
408305259,0,1.0942455856950868,3.2742706679044167,
408336125,0,1.0,4.504284749611567,
408408137,0,5.0,3.910951470865651,
408510507,0,1.0,2.283759019827704,
408567700,0,1.0942455856950868,2.80288088088059,
408616722,0,3.425440131591025,2.200086224716956,
408871431,0,3.0,3.1232528559690764,
408982093,0,1.0,3.301460129299843,
408982773,0,1.0,2.897154721423968,
409094641,0,1.0942455856950868,3.421278019869313,
409128435,0,1.0,1.716558513495455,
409626473,0,1.0,1.2660202258126882,
409818160,0,2.0,3.341533925009715,
409835725,0,1.0,2.6635470425224863,
409893476,0,3.0,3.9813643264522587,
410025353,0,4.202504980223004,3.3979241962910276,
410156241,0,2.3703703703703702,1.609914959352012,
410184223,0,1.3703703703703702,2.6367828497145607,
410425855,0,3.0,3.383939876027985,
410468757,0,1.0,3.1951638283209154,
410535996,0,2.648375282959045,1.5418803417348892,
410751083,0,3.0,2.776140750845088,
411035591,0,1.0,1.580379594295259,
411662374,0,1.0942455856950868,2.9875166297174536,
411700075,0,2.648375282959045,2.096264852183337,
411734297,0,2.6296296296296293,3.986673328643261,
411863941,0,1.0942455856950868,2.6301338275552304,
411892933,0,1.0,2.3248751950596027,
411893671,0,4.259259259259259,2.4704306880531384,
411897766,0,1.0942455856950868,2.5962551929697515,
411940700,0,1.0,3.8148152802974558,
412017527,0,1.0,3.2062470573182127,
412054537,0,4.202504980223004,2.354945441299849,
412139600,0,1.0,1.1059667359345609,
412150072,0,1.871310434327066,2.938712355812573,
412173161,0,2.3703703703703702,3.8934613089138383,
412256942,0,3.0,3.053652848112585,
412383763,0,1.0942455856950868,2.6812738717752302,
412533375,0,1.0,2.8222440888967015,
412629104,0,4.0,2.3557602185248543,
412778392,0,2.6296296296296293,2.6849103626683037,
412804020,0,1.0942455856950868,1.8894740631102125,
412804987,0,1.0942455856950868,2.6467768681294466,
412807633,0,3.3703703703703702,3.6392462421497256,
412845568,0,7.0,2.6459422531336294,
412917318,0,1.0,2.2092825499955984,
412965629,0,5.0,3.5636089476015567,
413151176,0,1.0,3.0650872799622757,
413162468,0,5.37037037037037,4.076415734314889,
413173949,0,3.425440131591025,4.177460156914414,
413178171,0,7.0,3.5575470239818934,
413215750,0,1.0,2.27789362118369,
413220026,0,2.0,2.0655994945127953,
413243642,0,1.0,2.7675277212801177,
413257877,0,2.0,3.767698730387804,
413304931,0,1.0,1.0,
413320416,0,1.871310434327066,3.186955465716062,
413344644,0,1.0,3.1609090199541123,
413389481,0,1.0942455856950868,3.2978620807892964,
413393830,0,1.0942455856950868,2.3432369686895145,
413420821,0,1.0,2.5391015468636073,
413435486,0,1.871310434327066,2.6489839712078833,
413451433,0,5.481481481481481,2.3727325394840557,
413465170,0,1.0942455856950868,3.1171860295100298,
413473991,0,1.0,2.0275744340760267,
413488999,0,1.0942455856950868,3.281811615406075,
413506290,0,1.0,1.241518868476009,
413555585,0,1.0942455856950868,3.465715849405616,
413625762,0,3.425440131591025,2.6018887562513107,
413858838,0,2.4814814814814814,1.0627587031112191,
413869690,0,1.0,2.7476654201638997,
413876728,0,5.0,2.9818034936426643,
413876910,0,1.0,3.141865572781433,
413927642,0,1.0942455856950868,2.954579919443915,
413927763,0,2.3703703703703702,1.8829064292891307,
413928523,0,1.0,3.323469423669622,
413934665,0,3.425440131591025,2.431406142307522,
413936747,0,1.0,2.677760926380296,
413938097,0,1.0,1.2450821453418652,
413938615,0,1.0,1.9883606357786956,
413939329,0,1.0,2.835327789700445,
413941725,0,1.0942455856950868,2.3692700987976183,
413944378,0,1.871310434327066,3.243809275550785,
413949119,0,3.0,1.372200135678601,
413954432,0,3.425440131591025,2.5025287326459402,
413956749,0,6.0,3.5153773802987365,
413958022,0,1.0,3.3682522968015594,
413960884,0,4.0,2.4016694503598925,
413964125,0,1.0,1.1475649610242562,
413964760,0,1.0,2.7383215888529575,
413968504,0,1.0942455856950868,2.1097682938328495,
413972383,0,1.0942455856950868,1.3478347787236569,
413972763,0,1.0,1.0,
413974668,0,1.0,1.0,
413976459,0,1.0,1.4905679099907232,
413980052,0,1.0,1.6971446079929295,
413980635,0,1.0,3.554082147489045,
413981689,0,1.0942455856950868,1.7669616372988237,
413985713,0,1.0942455856950868,2.915456389717537,
413985873,0,1.0942455856950868,2.6505943661413682,
413986795,0,1.0942455856950868,2.344615263538496,
413988641,0,1.3703703703703702,2.4420823178168622,
413990921,0,1.0942455856950868,3.4947912580803835,
thread_10182598_starter,0,4.0,5.2981971362141085,
thread_10222994_starter,0,2.3703703703703702,4.702215804545696,
thread_10322275_starter,0,1.0942455856950868,3.1968131507390165,
thread_10374263_starter,0,4.37037037037037,5.297712032832441,
thread_10379801_fatima24_1401/11/28 00:25,0,3.3703703703703702,1.3908087267255707,
thread_10379801_pegah00_1401/11/28 00:14,0,4.0,2.8704363521869714,
thread_10393495_starter,0,3.111111111111111,3.272050043536736,
thread_10410834_starter,0,5.111111111111111,5.6668650287700055,
thread_10411494_روح_حیران_الدوله_1401/12/02 00:21,0,1.0,3.1155695940425843,
thread_10913873_بهاااار۷۷_1402/02/02 15:33,0,1.0,1.0,
thread_10920848_starter,0,4.111111111111111,4.790151530836338,
thread_10929344_مامان_زهرا2_1402/02/04 15:03,0,2.3703703703703702,3.2726597750442123,
thread_11034227_starter,0,3.6296296296296298,5.295389417684817,
thread_11045364_starter,0,3.425440131591025,5.230273389103195,
thread_11210265_sogoli7279_1402/03/09 20:06,0,1.0942455856950868,2.8986864200882705,
thread_11258649_starter,0,1.0942455856950868,2.934745799748205,
thread_11308009_starter,0,6.370370370370369,5.885075511013027,
thread_11355279_starter,0,4.7407407407407405,5.575690907422023,
thread_11417052_momy_deniz_1402/04/05 19:22,0,1.0942455856950868,2.789514746814466,
thread_11421164_starter,0,7.74074074074074,5.732431327728358,
thread_11428732_starter,0,1.0942455856950868,2.7225173317216265,
thread_11508674_شاهپسرمی_1402/04/17 23:00,0,1.0942455856950868,3.039357325731118,
thread_11521204_starter,0,7.310764374750923,5.50834905320064,
thread_11587309_starter,0,1.0,6.1607711052352006,
thread_11615324_starter,0,2.6296296296296293,3.79033246827913,
thread_11658331_starter,0,2.111111111111111,2.894982572227875,
thread_11761771_starter,0,5.0,6.251060479572557,
thread_11855670_starter,0,6.533699526118942,5.213913241416089,
thread_11956298_starter,0,6.7407407407407405,4.810839962438807,
thread_12084168_جوجوطلا۵۳_1402/06/31 00:16,0,1.0,2.744830897237206,
thread_12084168_سقزیااااااا_1402/06/30 23:41,0,1.0942455856950868,2.3164588555452754,
thread_12254105_دختــرشیــرااازی_1402/07/27 18:32,0,1.0,2.086162664681881,
thread_12329536_starter,0,7.74074074074074,6.412540920804712,
thread_12488568_starter,0,3.6296296296296298,6.408534639420962,
thread_12490703_سالادباسس_1402/09/14 08:04,0,4.202504980223004,3.3028315078206947,
thread_12511452_starter,0,8.37037037037037,6.650174320905592,
thread_12558882_starter,0,4.0,4.240871897206697,
thread_12584343_starter,0,4.7407407407407405,5.609271776366007,
thread_12622997_starter,0,7.74074074074074,4.868725969027331,
thread_12626461_starter,0,8.0878292233829,5.98713568730229,
thread_12626461_ماه_تاریک_1402/09/24 20:13,0,1.0,1.2795998012343244,
thread_12664279_starter,0,1.871310434327066,3.4346855512364063,
thread_12729765_starter,0,8.0,6.083620893492492,
thread_12767944_starter,0,8.0,5.983970824498986,
thread_12779069_starter,0,3.425440131591025,5.871738578081547,
thread_12837509_starter,0,6.0,5.571000066524779,
thread_12937930_starter,0,7.310764374750923,6.28656847977639,
thread_13024186_starter,0,4.0,5.7587021497009925,
thread_13033480_starter,0,5.37037037037037,5.666355231485101,
thread_13083921_babre_maghroor_1402/12/01 23:58,0,4.202504980223004,2.8440470582094717,
thread_13084962_اقاقیا13_1402/12/02 02:33,0,1.0,3.444415602522588,
thread_13100396_starter,0,1.0942455856950868,3.9175363771549545,
thread_13119720_starter,0,2.0,2.972771686883414,
thread_13126328_starter,0,3.425440131591025,3.379295049246647,
thread_13158430_starter,0,3.740740740740741,4.897157373921386,
thread_13215756_starter,0,4.979569828854984,6.503977442754007,
thread_13330577_starter,0,5.7566346774869634,6.1124037480587115,
thread_13382485_starter,0,7.111111111111111,5.744123035138815,
thread_13401210_starter,0,6.533699526118942,5.345388641618182,
thread_13648135_starter,0,6.370370370370369,5.770178913832924,
thread_13658744_starter,0,6.0,4.837906319819705,
thread_13681327_starter,0,6.533699526118942,5.5576271948583305,
thread_13758742_starter,0,7.111111111111111,6.084218745837261,
thread_13784977_starter,0,5.7566346774869634,3.682290604003445,
thread_13790145_starter,0,5.7566346774869634,6.1660361376755795,
thread_13792458_starter,0,5.481481481481481,6.219417044507669,
thread_13795820_starter,0,7.310764374750923,5.448858203170718,
thread_13874574_starter,0,4.979569828854984,5.345805826623388,
thread_13924111_starter,0,4.202504980223004,2.6569935473124797,
thread_13950623_starter,0,2.7407407407407405,6.039111052438419,
thread_14025896_starter,0,3.425440131591025,6.068727697295506,
thread_14030200_starter,0,5.999999999999999,4.905188222968722,
thread_14032585_starter,0,5.7407407407407405,5.098695470738984,
thread_14033856_starter,0,3.425440131591025,3.2599272448797434,
thread_14074444_starter,0,6.533699526118942,5.770172714355713,
thread_14101047_starter,0,4.979569828854984,5.000584784125673,
thread_14116034_starter,0,4.37037037037037,5.008210106804988,
thread_14123256_starter,0,1.7407407407407407,3.38385987818702,
thread_14274029_starter,0,1.871310434327066,3.9003553875180694,
thread_14306709_starter,0,5.7407407407407405,6.105661534974641,
thread_14336386_starter,0,3.425440131591025,4.081693869049093,
thread_14406341_starter,0,6.533699526118942,5.497646548441913,
thread_14450109_starter,0,5.7566346774869634,6.391359438205609,
thread_14503463_starter,0,4.0,4.972165583121558,
thread_14508573_starter,0,4.979569828854984,5.5783084607221625,
thread_14536564_starter,0,5.7566346774869634,5.0453233343118,
thread_14540540_starter,0,3.425440131591025,2.2426063110023224,
thread_14581489_starter,0,4.979569828854984,5.003996845935728,
thread_14635132_starter,0,5.7566346774869634,5.97061174318084,
thread_14644222_starter,0,1.3703703703703702,3.8183299127066817,
thread_14651105_starter,0,2.6296296296296293,5.050423013507739,
thread_14761518_starter,0,8.74074074074074,6.589085848067356,
thread_14768783_starter,0,6.533699526118942,5.714748824588248,
thread_14816405_starter,0,3.4814814814814814,3.657269106063467,
thread_14831228_starter,0,6.481481481481481,6.021225245349919,
thread_14835631_starter,0,4.7407407407407405,4.659496832043125,
thread_14846163_starter,0,5.37037037037037,6.366767286318707,
thread_14848107_starter,0,4.979569828854984,5.6326179135216226,
thread_14859600_starter,0,6.0,5.597258564246216,
thread_14902370_starter,0,5.111111111111111,5.4961546553306695,
thread_14998331_starter,0,6.0,4.755861373543102,
thread_15084278_starter,0,1.0942455856950868,3.155356043676916,
thread_15111010_starter,0,4.111111111111111,5.554647992499444,
thread_15128442_starter,0,8.74074074074074,6.236893329857226,
thread_15172215_starter,0,4.202504980223004,5.87471291192104,
thread_15195485_starter,0,7.310764374750923,5.872040708083039,
thread_15221409_starter,0,8.999999999999998,6.4283538762698225,
thread_15250810_starter,0,8.37037037037037,5.872626628439415,
thread_15265941_starter,0,7.310764374750923,5.279788177435799,
thread_15284751_starter,0,6.481481481481481,5.96040051741487,
thread_15407174_starter,0,5.37037037037037,5.866283460348908,
thread_15445133_starter,0,4.7407407407407405,6.23105379661309,
thread_15488247_starter,0,5.37037037037037,5.136432786354842,
thread_15496846_starter,0,4.0,5.655915998304675,
thread_15563085_starter,0,6.0,5.240270263589481,
thread_15580398_starter,0,5.0,5.45406893205231,
thread_15631677_starter,0,6.533699526118942,5.914476410597526,
thread_15698699_starter,0,1.0942455856950868,4.442530808447097,
thread_15776780_starter,0,4.37037037037037,5.36706337846468,
thread_15857281_starter,0,4.37037037037037,5.558764711858013,
thread_15861502_starter,0,2.259259259259259,2.350588596507264,
thread_15862474_starter,0,4.0,5.946457142641319,
thread_15925701_starter,0,2.3703703703703702,4.572661318516682,
thread_15992913_jani396_1404/01/26 08:47,0,1.0942455856950868,2.2396100975111253,
thread_16035845_starter,0,2.6296296296296293,4.556084558504453,
thread_16036280_starter,0,5.111111111111111,6.152746839794748,
thread_16064919_starter,0,4.979569828854984,5.690883927187886,
thread_16076340_starter,0,4.202504980223004,4.63639481475284,
thread_16102378_starter,0,5.7407407407407405,4.8863273033243155,
thread_16113514_starter,0,9.370370370370368,6.302826297155647,
thread_16175210_starter,0,5.7566346774869634,5.813977462350252,
thread_16176651_starter,0,5.7566346774869634,2.8858430865662386,
thread_16198400_starter,0,4.7407407407407405,3.511229555089196,
thread_16203262_starter,0,4.7407407407407405,5.100822917836265,
thread_16262030_starter,0,5.0,4.719930878502256,
thread_16263099_starter,0,6.0,5.356321336958752,
thread_16272870_starter,0,4.202504980223004,5.715892962074513,
thread_16289345_starter,0,6.533699526118942,6.028596959183134,
thread_16292255_starter,0,4.202504980223004,6.178127216140906,
thread_16293089_starter,0,7.310764374750923,5.099234227638815,
thread_16295930_starter,0,8.0878292233829,6.7932028793046,
thread_16308743_starter,0,1.871310434327066,2.2998120005730907,
thread_16311060_starter,0,1.0942455856950868,5.275317805819791,
thread_16344874_starter,0,4.979569828854984,6.226876817614104,
thread_16345478_starter,0,6.111111111111111,5.308756913196524,
thread_16356977_starter,0,5.7566346774869634,5.502681094819737,
thread_16379824_starter,0,8.0878292233829,4.99462998189672,
thread_16383563_starter,0,8.0,5.44143083432857,
thread_16387430_starter,0,7.370370370370369,6.2086114039871525,
thread_16392413_starter,0,6.7407407407407405,6.646089988825308,
thread_16396195_starter,0,2.648375282959045,5.55397540187385,
thread_16424178_starter,0,3.0,6.3983552578598495,
thread_16430418_starter,0,5.7566346774869634,5.792673735959392,
thread_16431277_starter,0,1.0,3.263391014333342,
thread_16439269_starter,0,4.202504980223004,5.577500428213492,
thread_16447571_starter,0,3.0,3.7519095195193017,
thread_16459599_starter,0,4.0,3.2867450800259865,
thread_16479773_بانوی،ایرانی_1404/04/12 21:38,0,1.871310434327066,2.7811386631621247,
thread_16479773_مامانبرقی_1404/04/12 21:38,0,1.0,1.9848102760893194,
thread_16485128_starter,0,8.74074074074074,6.292538293958432,
thread_16509795_starter,0,3.425440131591025,2.192577881361037,
thread_16533974_starter,0,2.648375282959045,6.133182669211311,
thread_16545448_starter,0,6.0,5.893936501716947,
thread_16548589_starter,0,2.111111111111111,5.180157659008994,
thread_16571722_starter,0,7.0,5.552155582801253,
thread_16617776_starter,0,5.7407407407407405,6.460899852256281,
thread_16647431_starter,0,1.0,5.249832363637756,
thread_16663424_starter,0,2.7407407407407405,5.751824053242863,
thread_16666595_starter,0,5.7566346774869634,5.5173816474742505,
thread_16668587_starter,0,7.0,4.97675227558028,
thread_16672542_starter,0,5.0,4.961239605950853,
thread_16699939_starter,0,5.0,5.382073287130083,
thread_16747183_starter,0,8.74074074074074,6.076490712425261,
thread_16759143_starter,0,1.0942455856950868,2.4973847752019642,
thread_16763377_starter,0,5.7566346774869634,5.752800119469462,
thread_16768790_starter,0,2.648375282959045,5.0147577628116595,
thread_16789567_starter,0,4.202504980223004,5.724119660291259,
thread_16844590_starter,0,5.111111111111111,5.874420976210317,
thread_16861240_starter,0,4.481481481481481,3.5623650222623184,
thread_16864348_starter,0,5.7566346774869634,6.347242335556665,
thread_16866870_starter,0,4.979569828854984,5.982646450298058,
thread_16902413_starter,0,1.0,2.7482303128072156,
thread_16936006_starter,0,5.481481481481481,6.093744906821701,
thread_16943508_starter,0,5.7566346774869634,6.431332599658036,
thread_16971864_starter,0,5.0,5.123939082825899,
thread_16975290_starter,0,6.533699526118942,6.0908598284192115,
thread_17002943_starter,0,4.202504980223004,5.298547533327972,
thread_17020100_starter,0,7.0,4.431805128409668,
thread_17031712_starter,0,5.7566346774869634,3.096048552242841,
thread_17140773_starter,0,6.533699526118942,6.644445237470116,
thread_17211576_starter,0,5.0,4.864248220073285,
thread_17232189_starter,0,3.425440131591025,5.46825293917492,
thread_17264585_starter,0,4.979569828854984,6.657724958095452,
thread_17272394_starter,0,7.74074074074074,6.434355701321687,
thread_17297575_starter,0,6.0,4.582541436142183,
thread_17339756_starter,0,6.533699526118942,6.217612559031748,
thread_17351135_starter,0,2.111111111111111,2.345405233456484,
thread_17354657_starter,0,4.979569828854984,6.340702382108542,
thread_17357376_starter,0,5.7566346774869634,4.787574762699851,
thread_17365273_starter,0,1.871310434327066,2.0960800360493392,
thread_17385384_starter,0,8.74074074074074,5.424289882335185,
thread_17387667_starter,0,3.425440131591025,5.60379224367917,
thread_17418531_starter,0,1.871310434327066,2.9420321124201725,
thread_17446016_starter,0,5.7566346774869634,6.378145809535689,
thread_17454787_starter,0,2.648375282959045,4.384964314094534,
thread_17462289_starter,0,5.7566346774869634,5.85177510403029,
thread_17463388_starter,0,3.0,6.036165082880727,
thread_17463958_starter,0,5.7566346774869634,6.411682897844746,
thread_17466649_starter,0,7.0,4.306895190161192,
thread_17474264_starter,0,6.0,5.034442843453566,
thread_17475934_starter,0,8.0878292233829,6.419947321174147,
thread_17477702_starter,0,2.648375282959045,4.062916765257118,
thread_17479236_starter,0,6.0,6.339692344477272,
thread_17485268_starter,0,5.7407407407407405,5.573624389894807,
thread_17488300_starter,0,4.979569828854984,5.892328827145958,
thread_17504974_starter,0,1.0,2.4427396081831523,
thread_17525260_starter,0,1.871310434327066,5.0846436766847125,
thread_17551417_starter,0,3.425440131591025,4.98765671821803,
thread_17559745_starter,0,2.648375282959045,5.464561084253512,
thread_17572090_starter,0,4.202504980223004,5.117527453797891,
thread_17599397_starter,0,5.7566346774869634,6.2787068306188205,
thread_17627324_starter,0,2.648375282959045,4.780604945820606,
thread_17645973_starter,0,8.0878292233829,4.268869979184851,
thread_17656049_starter,0,1.0942455856950868,3.179114631247798,
thread_17665660_starter,0,6.533699526118942,5.138903076269656,
thread_17666523_starter,0,4.7407407407407405,5.946253895338006,
thread_17668245_starter,0,6.481481481481481,6.584920178908099,
thread_17702649_starter,0,4.979569828854984,5.500803083251986,
thread_17703970_starter,0,3.0,5.260981785227808,
thread_17705262_starter,0,2.648375282959045,2.9898207865303315,
thread_17714593_starter,0,2.648375282959045,5.398143273402024,
thread_17717222_starter,0,3.0,3.7998445663334417,
thread_17729577_starter,0,1.0,2.050962941244047,
thread_17738682_starter,0,3.425440131591025,4.9066561470964665,
thread_17742977_starter,0,2.648375282959045,5.438039769351199,
thread_17752461_starter,0,1.871310434327066,3.3191079658349736,
thread_17769815_starter,0,4.0,6.051509134410698,
thread_17792227_starter,0,1.0,2.8927569024659507,
thread_17813192_starter,0,4.979569828854984,5.889693403260694,
thread_17848952_starter,0,1.0,3.246538720033813,
thread_17858423_starter,0,8.0,6.615584130474852,
thread_17890361_starter,0,5.7566346774869634,5.765672715175757,
thread_17920844_starter,0,6.370370370370369,5.349256033277361,
thread_17945994_starter,0,2.648375282959045,5.536938082595185,
thread_17956029_starter,0,2.648375282959045,3.5509789385099264,
thread_17968661_starter,0,4.37037037037037,4.779231399627674,
thread_17973162_starter,0,5.0,4.398474915049072,
thread_17977029_starter,0,1.871310434327066,3.8906606549092633,
thread_17982612_starter,0,1.871310434327066,3.080843010516753,
thread_17986579_starter,0,2.648375282959045,2.6502081950483225,
thread_17992241_starter,0,3.425440131591025,3.5433652340261794,
thread_18012047_starter,0,4.851851851851851,5.438112204541944,
thread_18019725_starter,0,7.310764374750923,6.30778485516814,
thread_18022336_starter,0,4.111111111111111,5.828857979257425,
thread_18028954_starter,0,4.851851851851851,3.679636955643481,
thread_18033787_starter,0,4.979569828854984,6.48619886943305,
thread_18034586_starter,0,1.0942455856950868,2.7188679400112896,
thread_18038870_starter,0,8.0878292233829,6.130202817628391,
thread_18039873_starter,0,4.202504980223004,2.3474539131521412,
thread_18041515_starter,0,2.0,3.6778203302994172,
thread_18045798_starter,0,3.111111111111111,5.762831341142898,
thread_18049840_starter,0,1.0,2.5419993314580447,
thread_18058797_starter,0,2.648375282959045,4.015682119292605,
thread_18062713_starter,0,5.0,2.9126240497905496,
thread_18063879_starter,0,4.979569828854984,4.638454762264172,
thread_18075029_starter,0,5.7407407407407405,6.148760379957529,
thread_18076023_starter,0,6.533699526118942,6.022066819905291,
thread_18077956_starter,0,6.533699526118942,6.578516093099437,
thread_18079151_starter,0,2.4814814814814814,5.512277038738917,
thread_18083072_starter,0,5.0,5.395935124896859,
thread_18097781_starter,0,3.851851851851852,2.4713587921678157,
thread_18102462_starter,0,6.533699526118942,3.6505521664953977,
thread_18106739_starter,0,2.3703703703703702,3.7164431659354173,
thread_18132012_starter,0,6.7407407407407405,6.1597093591537,
thread_18132125_starter,0,3.4814814814814814,5.23116268263731,
thread_18138555_starter,0,1.871310434327066,3.414049711841688,
thread_18138891_starter,0,1.871310434327066,3.3256123927703554,
thread_18139947_starter,0,3.740740740740741,4.29570175907539,
thread_18140508_starter,0,1.0,2.126300059570003,
thread_18141367_starter,0,1.871310434327066,3.087929072599163,
thread_18142809_starter,0,7.0,2.8828986520216695,
thread_18143618_starter,0,6.0,4.096360585715783,
thread_18144457_starter,0,4.0,5.420288086921639,
thread_6044069_درانتظاربارداری_1399/12/17 23:39,0,6.533699526118942,6.3267964464183875,
thread_6157536_starter,0,5.111111111111111,6.0638109803380456,
thread_6220408_دختر_زمستون۱۳۷۵_1400/01/18 00:34,0,1.871310434327066,3.2675267351192616,
thread_6337130_بالکبابی_1400/02/03 23:55,0,1.0942455856950868,2.420543131119808,
thread_6373847_shahdokhttt_1400/02/09 03:21,0,1.0942455856950868,2.1289961809367846,
thread_6373847_starter,0,6.0,4.702096199168623,
thread_6492563_starter,0,3.425440131591025,2.767691754447201,
thread_6695265_starter,0,7.0,5.152944621337143,
thread_6825402_starter,0,7.0,6.381688257619449,
thread_6945164_farzanebano_1400/05/07 16:35,0,1.871310434327066,2.6158488429435405,
thread_7215937_starter,0,5.111111111111111,6.107185400274612,
thread_7251471_asheghe_baran_1400/06/23 14:39,0,1.0,3.520745066261919,
thread_7251471_جوجوخرگوشه_1400/06/23 14:23,0,5.0,3.07927650287627,
thread_7251471_پديده2020240_1400/06/23 14:26,0,1.0942455856950868,2.330729056229684,
thread_7338711_دخترمستقل_قوی_1400/07/06 01:37,0,1.0942455856950868,2.6545674395979884,
thread_7380443_starter,0,5.7407407407407405,4.095874909995603,
thread_7489230_starter,0,3.740740740740741,5.482979195991067,
thread_7503258_مامان،حسینم_1400/08/03 13:37,0,3.0,2.405528962856135,
thread_7611913_سوفیام966_1400/08/22 13:51,0,3.740740740740741,1.7126491482077149,
thread_7611913_سوفیام966_1400/08/22 13:53,0,1.0942455856950868,2.357606070423288,
thread_7611913_سوفیام966_1400/08/22 14:02,0,1.0,1.2510313373062432,
thread_7650399_starter,0,5.7407407407407405,5.504541042616801,
thread_8130945_مامانl_1400/11/22 21:57,0,6.370370370370369,3.028658569893259,
thread_8169380_موهیتو_خوشمزه_1400/11/29 14:09,0,1.0942455856950868,2.399838038600352,
thread_8180526_ياس۶۶۷۷_1400/12/01 12:44,0,4.0,2.408656898194723,
thread_8209187_starter,0,5.37037037037037,4.260262927754328,
thread_8367373_مادرجانیم_1401/01/05 02:28,0,1.3703703703703702,2.927258216940572,
thread_8548684_ژالبن_1401/02/06 08:00,0,1.0,1.0,
thread_8570985_تاااارا_1401/02/10 04:10,0,1.0,3.193811054142269,
thread_8622569_همیشه_غمگین_1401/02/19 05:04,0,5.7566346774869634,2.8447855617947573,
thread_8668375_starter,0,6.533699526118942,5.883900904431447,
thread_8676042_بارانشونم_1401/02/28 14:43,0,1.0,1.0406509444322674,
thread_8704641_ane7814_1401/03/02 09:33,0,2.259259259259259,1.0,
thread_8704641_دخترباهوش2000_1401/03/02 09:36,0,3.3703703703703702,3.4593064491845276,
thread_9314785_starter,0,4.0,6.193949564924571,
thread_9345142_starter,0,5.7566346774869634,4.946541226450362,
thread_9428877_مرسده2mersedeh_1401/07/07 17:38,0,3.3703703703703702,3.2832945236858504,
thread_9499929_starter,0,7.310764374750923,6.93036721797516,
thread_9499929_مامان_امیر؟؟؟؟_1401/07/21 20:36,0,1.0942455856950868,4.1261294235887975,
thread_9637429_starter,0,5.7566346774869634,6.225590030322739,
thread_9652473_starter,0,3.740740740740741,6.115370334170072,
thread_9675131_حسناامیدم_1401/08/22 22:43,0,1.0,3.9040002957095976,
thread_9686580_starter,0,2.3703703703703702,3.1728495002486548,
thread_9808501_starter,0,1.0942455856950868,3.5518402143493084,
thread_9822791_ati9998_1401/09/15 09:14,0,6.0,3.6781395877448517,
thread_9822791_starter,0,3.0,5.024762850845123,
thread_9822791_عاشقصورتی_1401/09/15 09:29,0,1.0942455856950868,2.480774395659851,
thread_9825032_starter,0,8.37037037037037,5.804431457467018,
thread_9902946_starter,0,3.0,3.653645757282104,
thread_9919084_دینامت2_1401/09/28 22:30,0,5.7566346774869634,3.517052484037249,
thread_9993961_starter,0,1.0,2.368226074091571,
253153415,1,1.0942455856950868,2.6229036152876124,
254564444,1,6.0,2.5897463658070663,
255921942,1,2.0,2.4001415011139215,
258094665,1,5.0,3.465028435639759,
258280572,1,1.871310434327066,2.8005934100930827,
258281682,1,5.111111111111111,4.141532698697602,
259250612,1,1.0,2.130286978425916,
261678959,1,7.370370370370369,2.75385306714547,
262385462,1,1.871310434327066,2.372267819345554,
267086338,1,2.648375282959045,2.9504130978026266,
267262484,1,5.0,3.24485333314913,
267767458,1,1.6296296296296298,3.3332786010268673,
268458841,1,1.7407407407407407,2.296441042824724,
270638685,1,1.0,1.7795631515457333,
270638842,1,1.0,2.4933790573468153,
272388121,1,1.3703703703703702,3.2662411354054024,
272388740,1,5.7407407407407405,4.445417968788669,
274601464,1,1.0942455856950868,2.2802618207696357,
274674125,1,1.0942455856950868,3.938337774823226,
277331416,1,3.0,4.5335881741083055,
277331582,1,1.0,1.5393988089824888,
278215477,1,1.0,1.0,
278633682,1,3.0,2.907703879083335,
278640704,1,1.0942455856950868,3.9488969780780026,
280457835,1,1.0,1.0,
282666403,1,6.533699526118942,3.3849201152652935,
284927360,1,1.0,4.068181373074176,
285475006,1,1.0,2.5944623578700607,
285476011,1,1.3703703703703702,1.3283043076418246,
285957632,1,4.0,2.5525680721853714,
285958039,1,5.111111111111111,2.811558876289373,
286466009,1,2.3703703703703702,4.338901155951965,
287252082,1,4.0,2.928178806842912,
288108932,1,1.0,1.069097463679796,
288473882,1,1.0,4.626290913117977,
288780924,1,1.0,1.0,
289278586,1,3.425440131591025,2.3896040325333203,
289837331,1,1.871310434327066,2.4398437382343143,
292565904,1,1.0,1.0,
292566474,1,1.0,1.513904992473492,
294021307,1,1.0942455856950868,1.9176923376669892,
294021601,1,5.0,2.4014319511978073,
294911042,1,4.0,3.076526996945238,
296200405,1,4.0,2.819115414068133,
296791668,1,1.0942455856950868,3.651375382644961,
296975563,1,4.0,2.165008042896262,
297009293,1,1.0942455856950868,2.580971115204859,
297263785,1,1.0,1.0,
297716783,1,1.0942455856950868,3.848768651140219,
299861162,1,1.0,1.1286191785120159,
300400566,1,1.0,2.520393175109873,
302013232,1,1.0942455856950868,3.1580349133620502,
304411872,1,1.0942455856950868,2.5678443404907245,
305127935,1,1.0,3.575301838596823,
307398355,1,2.3703703703703702,3.5775419011867067,
307439755,1,1.0942455856950868,1.9387115200687088,
307992600,1,4.37037037037037,2.768236288367018,
307993037,1,1.0,2.5177603690366883,
308144587,1,1.0942455856950868,2.1603220257888167,
309128872,1,1.0,1.409918193619672,
309574973,1,5.7566346774869634,4.203204498871183,
309575154,1,1.7407407407407407,3.764159732338171,
310547458,1,1.0,2.2987085021044846,
310984490,1,1.0,2.219224680858634,
312439872,1,1.871310434327066,2.996765723600371,
314607530,1,1.0942455856950868,1.8332888996214454,
315614530,1,1.0,3.2186812709720027,
315618375,1,5.111111111111111,3.055618769893587,
315669813,1,1.0942455856950868,2.660074760878123,
316700304,1,1.0,3.636355602209625,
318323892,1,1.0,1.9938755760885256,
318458841,1,1.871310434327066,4.430582648032852,
318805006,1,2.3703703703703702,2.3857189598775004,
319255785,1,1.3703703703703702,1.1451295609681824,
319257023,1,2.648375282959045,3.0537666209372594,
319326534,1,4.0,2.794052547767988,
319420017,1,1.0942455856950868,2.3665583169136797,
319550343,1,2.648375282959045,3.886686757625007,
320094015,1,8.37037037037037,2.9123498729575363,
320099321,1,1.0,1.0,
320187542,1,1.0,1.0115719830266716,
320312812,1,1.871310434327066,3.596732809262382,
320508220,1,2.0,3.7134615219022025,
320713781,1,5.37037037037037,2.2863815440474724,
320718138,1,1.7407407407407407,1.2262214125604491,
320873049,1,1.0,1.1788133147248256,
321129927,1,8.0,3.0118044877178938,
321773819,1,3.425440131591025,3.8904325601543555,
321775493,1,1.0942455856950868,3.3924412277381153,
323054408,1,1.0,1.0,
323206077,1,2.648375282959045,2.463637307182018,
323450711,1,1.0942455856950868,2.504300767354054,
323998752,1,1.0,1.303863432264042,
325536984,1,3.3703703703703702,2.7447841352160824,
325891005,1,1.0,1.7499073523628574,
326910515,1,1.0942455856950868,2.591099915173301,
328075987,1,1.0,2.152220404687161,
328150191,1,4.202504980223004,3.211236757230735,
328235217,1,1.0,1.072624221810508,
328360017,1,5.0,2.1852672041394112,
328384635,1,4.0,4.007130387413959,
329040475,1,6.0,3.8617928209892196,
329040830,1,3.0,4.35634121438379,
329055981,1,2.648375282959045,4.18627554990296,
329548406,1,3.0,2.8607731940777246,
330073876,1,1.871310434327066,4.08145850641879,
330732392,1,1.3703703703703702,3.826714315335959,
330775486,1,2.648375282959045,4.079655333882986,
330864451,1,6.0,5.615903431397134,
331153499,1,1.0942455856950868,3.153411234408654,
332537326,1,1.0,1.067854419581253,
332606419,1,1.6296296296296298,1.797636162110833,
332927003,1,3.425440131591025,2.336570793228391,
332927510,1,3.0,3.4937879602553306,
333855122,1,2.3703703703703702,3.1068801299691815,
333972154,1,4.0,3.0361562557870445,
334050236,1,4.202504980223004,3.715286701748249,
334342040,1,6.7407407407407405,3.796609723013473,
335032875,1,1.0,1.2515334091362664,
335460094,1,2.648375282959045,3.3987326110582434,
336152400,1,1.0,2.679834438485162,
336161298,1,3.425440131591025,2.499753375075332,
336161322,1,1.3703703703703702,3.0135566313522233,
336715197,1,3.0,3.436696845956723,
337140229,1,1.0,2.5746649023937342,
337288415,1,1.0942455856950868,2.750594322049598,
338271545,1,3.0,1.1960394677624522,
338278016,1,1.0,1.602779429678582,
338604901,1,1.871310434327066,5.452359297868216,
338775912,1,5.0,3.5334356977590162,
338895904,1,1.0,1.703372929009792,
339220218,1,1.871310434327066,2.300275269008959,
339392745,1,1.0,1.3839975263783226,
339405295,1,1.0,2.1520694346095652,
340078109,1,3.425440131591025,2.73608182344635,
340276822,1,3.0,4.222611803736432,
340948457,1,1.0942455856950868,1.9131133238691105,
341383559,1,1.0,1.892626201077839,
341964163,1,1.0942455856950868,4.0978387332183255,
342116292,1,1.871310434327066,3.4127789604225587,
342328487,1,1.0,1.1847932520676316,
342713285,1,1.0942455856950868,3.6028101181590917,
342713435,1,1.0942455856950868,2.5317829820173356,
342714491,1,4.37037037037037,2.301155078629824,
343527077,1,2.6296296296296293,4.124380326847503,
343916868,1,1.0,1.122963818561992,
344045737,1,4.0,2.104899492403218,
344053253,1,2.0,3.5945969737335304,
344062764,1,4.0,3.4976660058116633,
344063920,1,2.648375282959045,2.9716851562193916,
344163685,1,2.648375282959045,3.911438077992655,
344226864,1,1.0,1.3557658823724337,
344369267,1,2.648375282959045,3.9563331269479796,
344569507,1,1.871310434327066,2.0219879153536295,
344900800,1,3.425440131591025,3.2723797286129725,
344993204,1,1.0,1.0,
345141940,1,1.0942455856950868,3.3214408813182774,
345364070,1,1.0942455856950868,2.14219194142977,
345393591,1,1.6296296296296298,2.96374883982033,
345800304,1,1.871310434327066,3.2255118867189156,
345813835,1,1.0,3.978688659016353,
345836157,1,1.3703703703703702,1.9582433334496487,
345836452,1,1.0942455856950868,3.9682498932763983,
345837983,1,2.648375282959045,2.681634477647919,
346198084,1,1.0,2.5236397635129926,
346558171,1,4.979569828854984,4.261293090921413,
348008600,1,6.0,5.803001437526202,
348009903,1,6.0,3.886735292134018,
348056220,1,1.0942455856950868,2.80094328053204,
348920130,1,1.0,1.0,
349143519,1,5.999999999999999,3.41644701027223,
349342500,1,3.0,3.5594363828694204,
349974496,1,1.0,2.291521029540667,
349997903,1,1.0,3.205415119094369,
350003809,1,5.7566346774869634,3.655390831741005,
350410455,1,1.0942455856950868,2.725024815908572,
350853418,1,4.481481481481481,3.3829561676787705,
350876189,1,5.7566346774869634,2.889481180430778,
351334385,1,1.871310434327066,4.318968500932977,
351380809,1,2.648375282959045,3.4914359002087805,
351877726,1,3.740740740740741,3.1843424463895023,
352931621,1,1.0,4.657409905492469,
352931641,1,1.0942455856950868,2.3581690040094268,
352945310,1,1.0942455856950868,2.303100046794773,
353324171,1,2.648375282959045,2.4910676049056937,
353408482,1,1.871310434327066,4.018659605492825,
354063237,1,1.0,2.248103967791589,
354948423,1,1.0,1.0,
355001607,1,4.0,2.79405070864988,
355003114,1,1.0,3.9930966851048812,
355164671,1,4.202504980223004,3.755441087841526,
355362046,1,2.0,4.08856607033589,
355615811,1,6.0,3.4935982397182133,
355937151,1,3.0,3.1148724127449716,
355974987,1,1.0,1.4555550215499458,
356134022,1,3.0,3.717091736690164,
356277563,1,8.0,2.7271579845149256,
356720854,1,1.0942455856950868,3.0143760887441275,
356941352,1,6.111111111111111,4.080608093322568,
356959186,1,1.0942455856950868,2.780721711312288,
356961583,1,2.0,2.826130407362977,
357132305,1,6.7407407407407405,3.4895943267465075,
358526430,1,1.871310434327066,3.75703073177571,
358668052,1,6.0,3.3894762326851575,
358985772,1,1.0,1.4660495737313801,
359105333,1,5.7407407407407405,4.428803138209169,
359345321,1,1.0,2.776883067678292,
359816527,1,1.0942455856950868,2.3305378102490337,
359817901,1,1.0,1.6698962226797156,
360065484,1,1.0,1.1585347989972261,
360580404,1,4.202504980223004,3.3058013737354996,
360580456,1,4.0,3.080552348828512,
360876957,1,2.6296296296296293,2.636261072558452,
362010333,1,3.425440131591025,3.4505217957424765,
362690595,1,1.0942455856950868,2.53491614420403,
362787764,1,1.0,1.5370438759185938,
362941413,1,1.0,1.0919112423150752,
363393275,1,2.0,2.1459627865823583,
363521844,1,2.0,3.0295152980367774,
364674591,1,3.425440131591025,4.2934517335647,
364864337,1,1.6296296296296298,2.6660852373351256,
364879796,1,4.37037037037037,2.813524122455286,
365037540,1,2.648375282959045,2.611340106472908,
365634440,1,1.0,1.1622252380530784,
365750504,1,3.0,3.258979567441915,
365904132,1,3.425440131591025,3.5287338113657576,
366106309,1,1.0,3.109723448623536,
366372497,1,1.0942455856950868,2.325745224383719,
366381981,1,1.6296296296296298,3.0839978594442767,
366436882,1,4.979569828854984,4.346909135725354,
366469726,1,1.0,1.0864833700100132,
368119796,1,1.871310434327066,2.5626601111290435,
368153749,1,6.533699526118942,3.6813403215115246,
368301737,1,1.3703703703703702,1.0,
368980273,1,5.7407407407407405,5.391545232671586,
369896253,1,6.533699526118942,3.3551319316545034,
370036626,1,3.425440131591025,3.2664241657439135,
370148436,1,1.0,3.2963469664418743,
370327493,1,3.0,3.5462319909347277,
370497498,1,1.0,1.3577339397769221,
371022829,1,1.0,1.0,
371513146,1,1.0,2.6875314400985975,
371518193,1,3.425440131591025,3.21303668855865,
371803967,1,1.0,2.3890569188338233,
373449486,1,1.0942455856950868,2.6974687870103393,
374420518,1,6.0,3.6730978266867167,
374471484,1,3.0,2.544126584949719,
374719687,1,1.0,3.886146745536334,
374887476,1,1.0,1.2172648473848842,
374922380,1,4.111111111111111,3.1791418525712887,
374922912,1,1.871310434327066,3.9279917370677926,
374990999,1,1.0,1.3597919695643879,
374991745,1,1.871310434327066,2.7369251745546928,
375901608,1,1.0942455856950868,3.2887690075005906,
376577989,1,3.0,3.983648812534858,
377210265,1,2.3703703703703702,2.203802991491424,
377402296,1,1.0,1.5193514912059811,
377508370,1,1.0,2.2693867851484892,
378156330,1,5.37037037037037,2.570381957344752,
378655316,1,7.74074074074074,3.565115146481941,
379656337,1,1.6296296296296298,1.0,
379946879,1,4.0,3.089624271965513,
380872414,1,1.0,1.1920052687717182,
380873897,1,1.3703703703703702,2.7001478429781836,
380996754,1,5.111111111111111,3.6380598428961246,
381206204,1,1.0942455856950868,2.801939339488494,
381301799,1,1.871310434327066,2.3828184763099616,
381578952,1,1.0,1.0,
381603722,1,1.0,3.766749366061655,
381891157,1,1.0,1.3214945781809084,
381956351,1,1.0,1.3311816751829655,
381978144,1,1.0942455856950868,2.280739734320368,
382055377,1,1.0942455856950868,2.30228059688411,
382068951,1,5.111111111111111,4.410933002814086,
382153331,1,5.0,2.2206217932822563,
382262392,1,3.0,3.345782487038891,
382717062,1,1.0,1.0,
383055366,1,1.0,1.4097511546595327,
383055415,1,1.0942455856950868,2.5520746755918386,
383135389,1,3.3703703703703702,2.516802219428814,
383135467,1,4.202504980223004,2.287498229644365,
383171368,1,1.871310434327066,2.7057663710057644,
383183076,1,1.6296296296296298,2.5329665735418754,
383263226,1,4.7407407407407405,3.16655040860017,
383269532,1,1.0,1.507745361350283,
383553148,1,3.740740740740741,3.2029164655036784,
383571284,1,1.0942455856950868,2.9109053747352536,
383572257,1,4.979569828854984,4.4770191311506276,
384114751,1,1.0,1.0,
384131366,1,1.0,3.3065862743899297,
384253292,1,1.3703703703703702,3.2638020532468417,
384557453,1,1.0,1.5599600297730811,
384612553,1,4.37037037037037,2.9584898017267913,
385334614,1,1.0942455856950868,3.772545645592949,
385437153,1,5.0,4.328304169836723,
385659332,1,4.979569828854984,2.9978327211721174,
385668599,1,2.3703703703703702,2.7577503159950014,
385893033,1,2.7407407407407405,2.8028105626517155,
386545733,1,4.0,3.7977129798636584,
386923113,1,5.0,3.307537671491771,
387719225,1,1.0,2.7724737964073496,
389467576,1,1.0,1.0,
390447073,1,2.0,2.4936297638477396,
390844989,1,1.0,4.03626998503435,
391218758,1,1.0,2.158508616489174,
391396419,1,1.0,3.916577297446155,
392181431,1,1.0,1.1688650401754757,
392719680,1,1.871310434327066,3.871235961061621,
392720745,1,1.0,1.376390193080026,
392935298,1,1.0,1.225827474361755,
393887594,1,3.6296296296296298,3.776618082344287,
393889015,1,1.0942455856950868,3.8933429888647675,
395326905,1,1.0942455856950868,2.017810009372619,
395411876,1,1.0,2.3395325244974337,
395490781,1,1.871310434327066,2.5026041470449703,
395720471,1,1.0,1.3861336125169705,
396266542,1,1.0,2.478263878266558,
396592260,1,1.6296296296296298,2.2901689899551982,
396859053,1,1.0942455856950868,4.539170687037177,
396874219,1,4.481481481481481,2.69900722886094,
396887263,1,1.0,1.9041520314974443,
397069057,1,1.0942455856950868,3.7544082360281967,
397278149,1,1.0,3.247810107645069,
397359131,1,1.0942455856950868,2.458192275399434,
397470448,1,1.0,1.5995197037369966,
397710897,1,1.871310434327066,2.750850378049437,
398547706,1,1.0942455856950868,2.6552385472741395,
398739842,1,5.0,3.1496655241024754,
398750204,1,1.0,1.1302510709676472,
398935208,1,1.0942455856950868,1.84179161716906,
398998685,1,2.0,1.5739908996372818,
399964509,1,5.7407407407407405,4.009692957764766,
400052550,1,3.425440131591025,4.181764016366127,
400066243,1,1.0942455856950868,2.2477902053478642,
400136830,1,1.0942455856950868,1.99636266967273,
400316145,1,3.111111111111111,3.5608770600162623,
400323089,1,1.0,1.5135932882540413,
400447650,1,1.0,1.0,
400724477,1,4.202504980223004,3.4907305112966878,
401125571,1,1.0942455856950868,2.6572382259745373,
401142027,1,1.0,2.9047930622023648,
401347774,1,1.0,2.6300195795020467,
401636590,1,1.0942455856950868,2.8208032373205914,
401639781,1,5.0,1.2943390410770355,
401783083,1,1.0,1.2738324516767188,
401889669,1,1.0,1.401952710665256,
401998288,1,1.0,2.3268131924781885,
402204178,1,1.0,2.7752938242020306,
402330140,1,5.7407407407407405,2.7410815309962553,
402397903,1,1.871310434327066,3.984008237107941,
402460515,1,1.0942455856950868,2.0727727127422764,
403066840,1,4.259259259259259,3.5289247409694724,
403155257,1,1.0942455856950868,2.7255874053324662,
403176088,1,1.0,2.028984609617704,
403198264,1,1.0,2.5049643315503687,
403209929,1,4.0,2.6781916013897717,
403371080,1,1.0,1.3915958977748235,
403376602,1,1.871310434327066,3.1271916445688115,
403463015,1,1.0,1.9255703781368367,
403475369,1,1.0,1.0693478432237287,
404037288,1,3.0,1.6259662305119056,
404078181,1,2.0,3.658968385109166,
404095273,1,6.111111111111111,6.545712191162447,
404518882,1,1.6296296296296298,3.0999023437074453,
404521893,1,1.0,2.0081466380838915,
404728930,1,1.3703703703703702,2.3094151025437166,
404728943,1,2.259259259259259,4.009866221785266,
405005979,1,3.3703703703703702,2.7108415304598212,
405802678,1,1.7407407407407407,3.6957676658582232,
405919454,1,2.0,2.6255911506688876,
406011598,1,1.0942455856950868,3.1911525287235496,
406039731,1,1.0,2.2017639191882337,
406365992,1,1.0942455856950868,2.632792858512576,
406373508,1,3.740740740740741,4.118662941784642,
406574756,1,1.0,1.9337886911897089,
406840792,1,2.0,2.3444777866895126,
406865158,1,1.6296296296296298,1.7652738791882405,
407172979,1,1.6296296296296298,3.305284683774936,
407174797,1,8.0,3.531609153925674,
407303034,1,1.0942455856950868,2.3996933162821135,
407332898,1,4.37037037037037,3.0784996632041617,
407626768,1,3.0,1.2214346013966888,
407655593,1,1.0942455856950868,2.6716716865945536,
407788028,1,5.37037037037037,4.406317306625757,
407794699,1,2.648375282959045,3.8442735747682075,
407970553,1,1.0,1.2787098789779674,
408267397,1,1.0942455856950868,2.496286838108469,
408654047,1,4.979569828854984,3.0675340419889556,
408688967,1,2.3703703703703702,1.4083794992912884,
408708781,1,1.871310434327066,3.630764490659568,
408913303,1,2.0,3.948818958887262,
408954436,1,1.0942455856950868,2.1236190030743627,
408956627,1,5.37037037037037,3.831248763879216,
409253955,1,1.3703703703703702,1.487776052574168,
409544388,1,1.0,3.5755546639749993,
409549931,1,1.871310434327066,2.3125668881947803,
409551727,1,2.0,1.3578791964493382,
409791608,1,4.0,5.262611737348,
409944214,1,1.0,3.7327480738739256,
410469851,1,6.533699526118942,3.577830767611665,
410521520,1,2.648375282959045,2.3039073295411074,
410580228,1,1.0942455856950868,2.052855385376107,
410597643,1,6.533699526118942,5.857248562251952,
410600400,1,3.3703703703703702,2.394938922694012,
410902729,1,1.3703703703703702,1.3138277302968855,
411200381,1,2.648375282959045,3.907364670649769,
411324218,1,6.370370370370369,2.707653463130902,
411412208,1,5.7566346774869634,3.9128350362583517,
411503128,1,1.0,1.0480074286856031,
411582935,1,2.3703703703703702,2.8541910709085894,
411591159,1,1.0,2.6625043244221445,
411681896,1,1.0,1.0,
411687631,1,1.0,2.2709777677565404,
411738880,1,3.425440131591025,2.639923699389647,
411740502,1,1.871310434327066,3.094949534504515,
411747008,1,1.0942455856950868,2.7199258639402917,
411771396,1,3.740740740740741,2.702522941818338,
411863647,1,1.871310434327066,3.7833447313574258,
411881410,1,1.0,3.0342578427317557,
411884259,1,3.3703703703703702,3.476714141234604,
411930558,1,1.0,1.2969373489696472,
411950331,1,1.0,2.9529885857848934,
411993613,1,1.6296296296296298,3.112250833959253,
412047811,1,1.0,1.3682362015418228,
412065108,1,1.0,2.1288771507703026,
412067550,1,1.0942455856950868,3.0370459795133757,
412258679,1,6.7407407407407405,3.477523554923322,
412274475,1,1.0942455856950868,3.827756561528704,
412282662,1,1.0942455856950868,2.345069359196213,
412335244,1,2.648375282959045,3.5732191994755835,
412359429,1,1.0,1.9130070363194784,
412385741,1,1.0942455856950868,2.4505206985649886,
412498969,1,6.111111111111111,4.59861825429613,
412552652,1,2.648375282959045,2.628333742811604,
412846864,1,2.0,2.091262707613386,
412864390,1,1.0942455856950868,2.07622823123182,
412920963,1,1.0,1.1215566314323309,
412941207,1,2.0,4.422496412943859,
412975094,1,5.111111111111111,3.3595901782091078,
413072167,1,1.6296296296296298,1.2877573006518168,
413107989,1,1.0,1.3540723596176942,
413113203,1,4.0,3.0957664702023147,
413113495,1,2.0,2.3377720864449953,
413182331,1,1.0942455856950868,2.522104262392764,
413218743,1,1.0,3.782738592912388,
413276977,1,2.0,2.1640785005974084,
413315584,1,3.425440131591025,2.7195463558387094,
413326063,1,1.0,3.612606960473447,
413382183,1,2.0,2.6258112861448373,
413389173,1,1.6296296296296298,1.9894796578444904,
413403598,1,1.871310434327066,2.9275464553406656,
413447606,1,1.0942455856950868,2.8135778834106007,
413486404,1,6.0,2.6118150090415186,
413492685,1,1.0,1.0,
413503671,1,1.0942455856950868,3.645137371963303,
413550009,1,1.7407407407407407,3.2204129500424563,
413598409,1,5.0,2.7304801747326044,
413598944,1,1.0,3.217285635188273,
413604549,1,2.0,1.8138663568432376,
413646029,1,3.425440131591025,3.2377458169557456,
413670626,1,2.0,3.754601929931872,
413686743,1,2.648375282959045,2.4533251847966535,
413717198,1,1.0,1.0,
413744236,1,5.111111111111111,3.3481471064495203,
413756359,1,1.0,2.3891113993177084,
413792205,1,1.0,3.574991525598566,
413837632,1,4.0,1.895764013177618,
413837638,1,1.0,1.1109099425642457,
413848969,1,1.0,1.4325705604430112,
413857709,1,1.0,3.5108862705254538,
413927806,1,2.7407407407407405,3.832574343316237,
413940760,1,1.871310434327066,2.336051665505651,
413947437,1,1.3703703703703702,2.3582695632827897,
413948196,1,1.0,1.0,
413952156,1,4.37037037037037,3.699541686193842,
413953041,1,1.0942455856950868,2.2250813441176174,
413953581,1,7.0,4.0847462391491005,
413954837,1,2.648375282959045,3.4474003502802057,
413956566,1,1.3703703703703702,1.0,
413959650,1,1.0,1.0,
413962006,1,1.0942455856950868,1.984451781734003,
413962301,1,1.0,1.6087310745387233,
413962705,1,3.0,3.4812533514497006,
413965985,1,1.0,1.0,
413968469,1,2.0,3.7104196988770672,
413971233,1,1.0942455856950868,2.3093897339157956,
413972004,1,4.7407407407407405,2.1206462252638154,
413975757,1,3.3703703703703702,3.721121731263583,
413978032,1,4.0,1.9541666232254855,
413981873,1,1.0,1.0,
413981961,1,1.0,3.6065042676125287,
413983169,1,2.648375282959045,4.017631696081545,
413984834,1,1.0942455856950868,2.3582072895700126,
413987306,1,2.3703703703703702,2.4024534955748136,
413987913,1,1.0,1.004183664325609,
413992452,1,3.0,3.1082391514089487,
413994055,1,1.871310434327066,2.7906777589485774,
thread_10050737_starter,1,1.3703703703703702,2.9512644029813817,
thread_10066266_starter,1,7.310764374750923,5.7708947185628,
thread_10162254_زندگی_خییلی_قشنگه_1401/10/29 22:44,1,1.0942455856950868,3.5555530963950557,
thread_10162254_مامان_نیماجوجه_1401/10/29 22:40,1,7.74074074074074,4.133576863662409,
thread_10172881_پریا۱۳۰۰_1401/11/01 12:16,1,1.0,1.1925238633167345,
thread_10275811_starter,1,4.202504980223004,2.7489556999369342,
thread_10297607_badomnini_1401/11/17 13:27,1,2.648375282959045,2.5965854903809458,
thread_10314630_starter,1,6.481481481481481,4.304531901991993,
thread_10368237_wetdh_1401/11/26 17:05,1,3.3703703703703702,3.200830097225057,
thread_10448788_starter,1,9.370370370370368,3.0354126147387728,
thread_10480822_starter,1,4.202504980223004,5.139308077260846,
thread_10542869_starter,1,7.310764374750923,5.25733643096023,
thread_10602523_starter,1,1.0942455856950868,1.98612575500986,
thread_10774335_starter,1,4.202504980223004,5.742149233924833,
thread_11052815_starter,1,4.979569828854984,6.066536291134185,
thread_11082963_starter,1,4.7407407407407405,5.387161455960943,
thread_11092987_starter,1,3.0,3.8056142080468276,
thread_11157196_sanaz718_1402/04/04 22:00,1,1.0942455856950868,2.4526771600742014,
thread_11157196_سیما298_1402/03/03 00:10,1,5.0,3.04764093108274,
thread_11203110_mambardia_1402/03/08 21:34,1,4.62962962962963,4.664767091724694,
thread_11235567_starter,1,3.0,4.69005944144109,
thread_11322121_starter,1,5.111111111111111,5.959187213472218,
thread_11430239_گوفی_goofy_1402/04/07 16:25,1,1.6296296296296298,1.6702510924748548,
thread_11550424_aradjoooooni_1402/04/23 10:28,1,1.0,4.721364745128136,
thread_11702876_starter,1,5.7566346774869634,6.2700001841440205,
thread_11762214_starter,1,6.111111111111111,5.345064074388543,
thread_11764937_starter,1,1.7407407407407407,2.9992329556932154,
thread_11818127_starter,1,1.0942455856950868,5.5291685912057975,
thread_11868913_starter,1,4.979569828854984,4.119382005230083,
thread_12001823_starter,1,6.533699526118942,5.734029613547182,
thread_12080880_starter,1,5.481481481481481,5.420723987927852,
thread_12088170_saharr_bano_1402/07/01 20:37,1,1.0942455856950868,2.735219041829672,
thread_12088170_starter,1,7.111111111111111,6.128593426563079,
thread_12132086_starter,1,5.7407407407407405,4.083955010465088,
thread_12335936_05mahnaziiii_1402/08/08 13:31,1,3.425440131591025,2.431388970181156,
thread_12337937_اشپزخونه_1402/08/08 19:07,1,4.481481481481481,1.2169855062694812,
thread_12444504_starter,1,3.425440131591025,5.037295587389342,
thread_12447056_panah_ir_1402/08/26 08:18,1,1.0,1.1155117246823254,
thread_12448534_starter,1,9.0,6.004793336945604,
thread_12481148_starter,1,8.37037037037037,6.843523967142545,
thread_12540786_starter,1,4.7407407407407405,2.0365295382025157,
thread_12540988_z77بهار_1402/09/11 13:34,1,1.0,3.291185449111454,
thread_12618321_starter,1,4.202504980223004,5.2046721174520325,
thread_12639999_starter,1,7.0,5.59429137312172,
thread_12689943_starter,1,5.481481481481481,5.086564524132315,
thread_12691114_starter,1,4.979569828854984,6.4232012310643825,
thread_12694984_starter,1,4.0,4.1440642679947635,
thread_12769459_starter,1,6.0,6.307928190054406,
thread_12771315_ثنا_ثنایی_1402/10/16 19:09,1,1.871310434327066,2.00482604838715,
thread_12800283_starter,1,7.310764374750923,5.250620149341855,
thread_12804932_starter,1,7.310764374750923,5.468458157657655,
thread_12811887_starter,1,3.425440131591025,3.2863614692162937,
thread_12852228_starter,1,7.370370370370369,6.059783229815434,
thread_12856876_starter,1,5.999999999999999,6.2934843544423025,
thread_12906425_starter,1,6.0,5.482294569142371,
thread_12932299_starter,1,4.0,5.3658478551924595,
thread_12958359_starter,1,3.0,5.284660944415878,
thread_12980644_starter,1,7.111111111111111,6.282844441088971,
thread_12981137_starter,1,2.6296296296296293,3.5436131471545886,
thread_13106295_starter,1,8.0,6.565593971231817,
thread_13157422_starter,1,1.0942455856950868,2.136894724474396,
thread_13165351_starter,1,5.7566346774869634,4.145519370436365,
thread_13170997_starter,1,6.7407407407407405,4.961269955798201,
thread_13172239_starter,1,4.202504980223004,5.485280519166469,
thread_13172362_starter,1,6.533699526118942,5.869786618022381,
thread_13190277_starter,1,4.111111111111111,4.181699681040745,
thread_13234836_starter,1,5.481481481481481,5.683876483505575,
thread_13256643_starter,1,4.37037037037037,5.144090743262485,
thread_13279651_starter,1,5.0,4.579177029102853,
thread_13287301_starter,1,4.979569828854984,5.923519068343817,
thread_13287301_عسلی۰۰_1403/01/03 15:15,1,5.7407407407407405,2.6256783042808953,
thread_13287301_عسلی۰۰_1403/01/03 15:16,1,2.3703703703703702,4.818337669676826,
thread_13296066_starter,1,4.202504980223004,5.306532648758368,
thread_13296066_عشقم،همسرم_1403/01/04 23:53,1,1.6296296296296298,1.5758565260455741,
thread_13296066_پرنده__غربت_1403/01/04 23:58,1,5.7566346774869634,3.7581927421359387,
thread_13296066_پرنده__غربت_1403/01/04 23:59,1,3.740740740740741,1.252298544884829,
thread_13320928_starter,1,6.533699526118942,5.72038519391912,
thread_13340909_starter,1,7.74074074074074,6.15940558276678,
thread_13385517_starter,1,4.7407407407407405,2.756001451936228,
thread_13389828_starter,1,4.979569828854984,5.403197496936772,
thread_13394245_starter,1,5.7566346774869634,6.057461145808581,
thread_13414985_starter,1,4.202504980223004,5.06388595480368,
thread_13431603_starter,1,4.202504980223004,6.476010410572257,
thread_13452247_starter,1,7.310764374750923,5.8416554088233985,
thread_13478193_starter,1,4.851851851851851,5.55054985006837,
thread_13505236_starter,1,6.533699526118942,6.496359321788619,
thread_13578285_starter,1,4.7407407407407405,5.43970047521333,
thread_13602884_starter,1,6.533699526118942,5.4992186153527305,
thread_13622633_starter,1,4.979569828854984,4.274932129825817,
thread_13709651_starter,1,5.7566346774869634,6.557375874258053,
thread_13861545_starter,1,3.0,4.4741381310242305,
thread_13878785_starter,1,1.3703703703703702,2.0617253652545604,
thread_13907333_starter,1,3.425440131591025,3.7797168024943306,
thread_13943957_starter,1,8.37037037037037,5.192934365343148,
thread_13961737_starter,1,4.202504980223004,5.500741506688831,
thread_13975775_starter,1,5.7566346774869634,5.895768886848523,
thread_13998018_رز_بنفش_1403/04/15 09:45,1,1.0,2.3265095729304437,
thread_14111870_starter,1,5.0,6.000899061983819,
thread_14116984_starter,1,6.0,5.554653837484315,
thread_14172599_starter,1,6.533699526118942,6.381573307397504,
thread_14190792_starter,1,5.0,6.359455772810099,
thread_14199169_starter,1,4.202504980223004,5.306858265950234,
thread_14202403_starter,1,3.3703703703703702,2.757059702677619,
thread_14286727_starter,1,8.37037037037037,5.119374825478179,
thread_14291285_starter,1,5.37037037037037,5.643266025122756,
thread_14330545_starter,1,2.0,6.1124916727478285,
thread_14348409_starter,1,5.7566346774869634,6.111918928421536,
thread_14374371_starter,1,8.999999999999998,6.96321452579342,
thread_14387695_starter,1,4.979569828854984,3.7935141419848573,
thread_14406030_starter,1,7.74074074074074,6.362717978715295,
thread_14473274_starter,1,5.7566346774869634,5.93994851291022,
thread_14519323_starter,1,5.7566346774869634,6.551042905640541,
thread_14558422_starter,1,6.111111111111111,5.433877026865083,
thread_14648650_starter,1,6.533699526118942,4.097342154898606,
thread_14652770_starter,1,1.871310434327066,6.0377550054189,
thread_14652896_starter,1,1.0942455856950868,6.051684490991983,
thread_14662143_starter,1,5.37037037037037,4.637621935522611,
thread_14662777_starter,1,8.37037037037037,5.120845959167444,
thread_14704069_starter,1,4.7407407407407405,6.466510109883396,
thread_14798965_starter,1,1.0942455856950868,2.6327126941268135,
thread_14801223_starter,1,3.425440131591025,5.649708667837172,
thread_14804782_starter,1,7.0,5.824183739962141,
thread_14821550_starter,1,5.7566346774869634,6.073537049816537,
thread_14822993_starter,1,4.37037037037037,3.3661586880061667,
thread_14851435_starter,1,2.648375282959045,5.783936022035945,
thread_14919753_starter,1,7.0,6.837958082302519,
thread_14951347_starter,1,5.7566346774869634,5.528173124182852,
thread_15002430_starter,1,1.871310434327066,3.9311683648212927,
thread_15030375_starter,1,5.0,3.7209696739930855,
thread_15042181_starter,1,5.111111111111111,6.482777815371996,
thread_15087169_starter,1,3.0,5.045602876925464,
thread_15089875_starter,1,4.0,5.196078555446105,
thread_15133349_starter,1,7.310764374750923,6.763034287080506,
thread_15183213_starter,1,5.7407407407407405,6.439321859366332,
thread_15184771_starter,1,4.979569828854984,5.985207971844344,
thread_15190001_starter,1,3.0,4.896262599942772,
thread_15317716_starter,1,3.6296296296296298,4.249095909833213,
thread_15334904_starter,1,5.481481481481481,3.5815694250851213,
thread_15343421_starter,1,7.310764374750923,5.628184085191118,
thread_15363698_starter,1,4.62962962962963,6.587639560207627,
thread_15434157_starter,1,4.202504980223004,2.4957886492265557,
thread_15461741_starter,1,8.74074074074074,5.827676618314605,
thread_15519911_starter,1,5.7566346774869634,5.639118242053398,
thread_15578009_starter,1,1.871310434327066,3.3552430627943632,
thread_15580518_starter,1,4.979569828854984,4.898342038417155,
thread_15589360_starter,1,5.7566346774869634,5.637754168858858,
thread_15605316_starter,1,7.310764374750923,6.325442746781073,
thread_15618892_starter,1,4.202504980223004,5.65945912692849,
thread_15622947_starter,1,5.7407407407407405,6.060634149921512,
thread_15637066_starter,1,5.7566346774869634,6.6323802244036205,
thread_15677024_starter,1,4.979569828854984,5.631085686639372,
thread_15779042_starter,1,4.979569828854984,5.5568856137606275,
thread_15792508_starter,1,7.74074074074074,5.70327383341152,
thread_15849308_starter,1,9.0,6.729452919988038,
thread_15883052_مرمرم_1404/01/10 12:13,1,1.0,1.6682028590181943,
thread_15903584_starter,1,6.533699526118942,6.5610795331441505,
thread_15923125_starter,1,1.3703703703703702,3.227407496777224,
thread_15938999_starter,1,2.7407407407407405,5.501140299217882,
thread_15944050_starter,1,2.6296296296296293,3.9346921015521077,
thread_15954402_starter,1,5.7407407407407405,5.673948077543804,
thread_15999387_starter,1,4.202504980223004,6.0139294929699805,
thread_15999404_starter,1,3.425440131591025,6.0139294929699805,
thread_16042670_starter,1,5.7566346774869634,6.3292692223103995,
thread_16050297_starter,1,4.7407407407407405,5.439830614903647,
thread_16064900_starter,1,2.3703703703703702,5.845445686006505,
thread_16084658_starter,1,7.0,5.608564996219763,
thread_16098136_starter,1,4.979569828854984,6.119359292699683,
thread_16105928_starter,1,4.202504980223004,5.634636125624373,
thread_16141725_starter,1,1.871310434327066,5.90753470111995,
thread_16151654_starter,1,6.0,5.956301823051674,
thread_16155682_starter,1,4.979569828854984,3.16972087671049,
thread_16176399_starter,1,3.425440131591025,6.543922202699292,
thread_16181052_starter,1,4.202504980223004,5.2261204361561795,
thread_16189089_starter,1,1.871310434327066,5.389565396225432,
thread_16318303_starter,1,4.202504980223004,6.304693600090457,
thread_16319845_starter,1,6.533699526118942,5.704412476473772,
thread_16328855_starter,1,4.979569828854984,5.797700532078528,
thread_16462609_starter,1,4.202504980223004,5.176111590398309,
thread_16462737_starter,1,5.37037037037037,5.253166323350872,
thread_16463381_starter,1,8.0,5.583539691883793,
thread_16476188_مامان_دهه_هفتادی_1404/04/12 11:33,1,1.0,2.2840873870147176,
thread_16508756_starter,1,4.202504980223004,5.5348644196086365,
thread_16510280_starter,1,4.7407407407407405,5.190623794508634,
thread_16566952_starter,1,3.0,4.796045075506998,
thread_16588047_starter,1,1.0942455856950868,1.984472175378262,
thread_16762249_starter,1,1.0942455856950868,6.721848402550238,
thread_16797515_starter,1,1.0,1.8356849032299238,
thread_16822596_starter,1,3.3703703703703702,5.774862138482263,
thread_16837144_starter,1,1.0942455856950868,2.6388711568530674,
thread_16840915_starter,1,6.533699526118942,6.258488753260625,
thread_16862535_starter,1,5.111111111111111,3.233593188052893,
thread_16863177_starter,1,7.310764374750923,5.489581208481901,
thread_16957462_starter,1,4.202504980223004,5.9365112613333615,
thread_17008672_starter,1,5.7566346774869634,6.193945276153267,
thread_17027576_starter,1,6.370370370370369,6.138193970715662,
thread_17043563_starter,1,7.310764374750923,6.655242246531321,
thread_17051218_starter,1,4.979569828854984,3.7693001966352804,
thread_17082705_starter,1,4.62962962962963,4.882398001388298,
thread_17093652_starter,1,8.0,5.915558874591598,
thread_17145910_starter,1,6.7407407407407405,3.8569181153006826,
thread_17200995_starter,1,5.7407407407407405,5.343397400584669,
thread_17220586_starter,1,1.0942455856950868,3.089905003938243,
thread_17222063_starter,1,5.7566346774869634,5.571347159552832,
thread_17238423_starter,1,3.3703703703703702,5.550285947268,
thread_17260663_starter,1,8.0,6.155458787437114,
thread_17266990_starter,1,7.310764374750923,6.210258723773257,
thread_17267936_starter,1,6.0,5.768897138676316,
thread_17293425_starter,1,4.202504980223004,5.170981374706464,
thread_17300720_starter,1,2.648375282959045,2.3628756405103566,
thread_17311620_starter,1,2.648375282959045,3.6901787162843234,
thread_17321332_starter,1,5.111111111111111,5.437521198524371,
thread_17321819_starter,1,1.0942455856950868,2.1504223005824263,
thread_17327615_starter,1,5.481481481481481,5.3458402101656315,
thread_17334488_starter,1,5.111111111111111,4.714711090223882,
thread_17338235_starter,1,7.0,5.547347893411496,
thread_17353407_starter,1,6.481481481481481,6.004557330570688,
thread_17353637_starter,1,1.0942455856950868,3.3565209101298707,
thread_17417214_starter,1,4.37037037037037,3.909940666809625,
thread_17431064_starter,1,5.7407407407407405,2.980595002966513,
thread_17447645_starter,1,6.533699526118942,5.323445914937672,
thread_17454816_starter,1,2.648375282959045,6.674930986349025,
thread_17462217_starter,1,5.0,3.622720146876743,
thread_17481156_starter,1,6.533699526118942,5.479393340990762,
thread_17496131_starter,1,7.310764374750923,5.5953697531016475,
thread_17503602_starter,1,7.111111111111111,6.390749193237891,
thread_17510600_starter,1,2.3703703703703702,4.974166082316421,
thread_17548253_starter,1,1.0942455856950868,3.5887346438384675,
thread_17569660_starter,1,6.533699526118942,5.768986450932733,
thread_17579990_starter,1,2.7407407407407405,2.3766653810174647,
thread_17656048_starter,1,5.111111111111111,5.588558039004266,
thread_17659719_starter,1,3.2592592592592595,3.217487439743423,
thread_17680465_starter,1,7.310764374750923,5.067035959527927,
thread_17702612_starter,1,4.979569828854984,5.036008690823494,
thread_17709543_starter,1,7.481481481481481,6.288832800629253,
thread_17728247_starter,1,4.37037037037037,5.374090456403197,
thread_17729109_starter,1,4.202504980223004,5.798899209574595,
thread_17758485_starter,1,5.7566346774869634,5.9973955497141755,
thread_17787743_starter,1,5.7566346774869634,5.205394470764906,
thread_17789336_starter,1,5.7566346774869634,5.462986789602388,
thread_17816976_starter,1,7.310764374750923,6.705783575172255,
thread_17822848_starter,1,1.871310434327066,5.392367191503945,
thread_17823138_starter,1,2.3703703703703702,3.3755960636904536,
thread_17823740_starter,1,3.425440131591025,6.155271693032869,
thread_17857094_starter,1,4.202504980223004,5.496659071963892,
thread_17870637_starter,1,3.3703703703703702,5.72794330537949,
thread_17874008_starter,1,1.871310434327066,4.991005061781947,
thread_17879450_starter,1,5.37037037037037,5.787352073615751,
thread_17884935_starter,1,4.979569828854984,6.066419612272508,
thread_17886669_starter,1,4.0,5.472118125816783,
thread_17891849_starter,1,6.533699526118942,5.791900288421507,
thread_17912536_starter,1,3.425440131591025,5.292036492280729,
thread_17928472_starter,1,7.74074074074074,4.601989883429988,
thread_17937389_starter,1,4.202504980223004,2.9786995139149344,
thread_17964423_starter,1,7.310764374750923,5.3208165976096256,
thread_17966299_starter,1,8.11111111111111,6.277645443298452,
thread_17972671_starter,1,5.7566346774869634,6.267131244843917,
thread_17973652_starter,1,4.0,4.991708967795558,
thread_17981058_starter,1,4.979569828854984,6.542703204121986,
thread_17986662_starter,1,5.481481481481481,5.564095097701832,
thread_17991570_starter,1,3.740740740740741,5.584790294854383,
thread_17999676_starter,1,3.0,4.878691692145469,
thread_18001047_starter,1,2.648375282959045,4.933158340597977,
thread_18008276_starter,1,4.0,5.343879173970313,
thread_18016126_starter,1,4.202504980223004,3.4247337374714557,
thread_18016614_starter,1,6.0,4.865864463955381,
thread_18021875_starter,1,1.0942455856950868,3.2475919435205367,
thread_18023581_starter,1,8.37037037037037,6.318686494769874,
thread_18024130_starter,1,4.979569828854984,3.2223586096368,
thread_18036316_starter,1,1.871310434327066,6.456568778018434,
thread_18036347_starter,1,1.871310434327066,4.382762347935112,
thread_18072576_starter,1,5.7566346774869634,6.539845595214363,
thread_18076510_starter,1,4.0,3.294865533603618,
thread_18079551_starter,1,6.7407407407407405,6.077590255195917,
thread_18085172_starter,1,7.310764374750923,6.442483962559351,
thread_18096858_starter,1,4.37037037037037,3.3346334528935446,
thread_18104076_starter,1,5.7566346774869634,6.197519077071078,
thread_18105820_starter,1,3.425440131591025,2.6675862679416245,
thread_18109766_starter,1,6.533699526118942,5.51014141869814,
thread_18110663_starter,1,1.0942455856950868,3.7048575305047806,
thread_18114739_starter,1,1.871310434327066,3.087623238375164,
thread_18118008_starter,1,1.0942455856950868,4.313389173313573,
thread_18137925_starter,1,4.202504980223004,5.358870752325119,
thread_18138437_starter,1,5.7407407407407405,5.101782578747256,
thread_18138856_starter,1,4.979569828854984,4.601007437929665,
thread_18139288_starter,1,6.0,5.185394990723186,
thread_18139342_starter,1,1.0,2.273788946088273,
thread_18139739_starter,1,2.3703703703703702,1.9409501434814247,
thread_18139885_starter,1,1.0942455856950868,2.731006366206657,
thread_18139912_starter,1,1.0942455856950868,1.405587819287058,
thread_18140343_starter,1,1.0,2.172051352573166,
thread_18141578_starter,1,6.7407407407407405,5.782274469824959,
thread_18141829_starter,1,4.0,5.339599991346548,
thread_18142118_starter,1,3.3703703703703702,3.2206787981487692,
thread_18142166_starter,1,1.871310434327066,3.760549399373847,
thread_6076747_finiks67_1399/12/23 12:40,1,4.0,2.859686276707072,
thread_6076747_finiks67_1399/12/23 12:49,1,5.0,2.8849826663256755,
thread_6277494_مامان_آریوش_1400/01/26 15:24,1,1.871310434327066,3.4615958185575204,
thread_6310312_آویشنا۲_1400/01/31 02:10,1,1.0,2.964383440994761,
thread_6319625_یاسم_1400/02/01 13:07,1,3.2592592592592595,2.99255952190187,
thread_6337060_starter,1,7.370370370370369,5.031942524461655,
thread_6517426_ظهــرتابســتانى_1400/02/31 00:18,1,1.0942455856950868,3.237363787005865,
thread_6622308_منتظر_نی_نی۱۳۷۸_1400/03/16 15:15,1,1.0,2.296815802523291,
thread_6624545_آراممممم_1400/03/16 21:53,1,1.0,2.380784752675675,
thread_6636832_starter,1,7.0,5.833004902691796,
thread_6636832_swallows_1400/03/18 19:48,1,6.481481481481481,4.225101430051865,
thread_6961791_مامیre_1400/05/10 11:09,1,1.0942455856950868,3.097858032706154,
thread_7141679_سارا_فروزان_1400/06/06 15:23,1,2.3703703703703702,4.618853515049208,
thread_7186473_starter,1,4.202504980223004,5.7648612182933885,
thread_7225277_منتظرتم_فرزندم_1400/06/19 11:39,1,2.648375282959045,2.505770652202278,
thread_7360842_نداجونم_1400/07/09 19:45,1,1.0,1.244672313132623,
thread_7464489_taranumebahari_1400/07/26 20:05,1,2.0,2.2324101394781026,
thread_7639710_mikal780890_1400/08/27 13:08,1,3.425440131591025,2.016534292134791,
thread_7639710_خوشگل_خانم__1400/08/27 13:05,1,2.648375282959045,2.421780573946023,
thread_7662750_starter,1,3.3703703703703702,5.115993428763844,
thread_7825859_starter,1,5.7566346774869634,5.0620920367607445,
thread_7825859_نازگل۸۸۸_1400/09/30 18:08,1,1.3703703703703702,1.3650777855605751,
thread_7833005_starter,1,4.979569828854984,1.6991626603060994,
thread_8122505_آوای_تابستان۲_1400/11/21 13:16,1,1.0,2.2267593606798455,
thread_8147070_asalbanoosham_1400/11/25 13:28,1,1.0,2.0853016573308873,
thread_8212426_صبا1397_1400/12/06 20:53,1,1.0,2.263484568921442,
thread_8221954_نسادات_1400/12/08 11:21,1,1.0,3.611370675690684,
thread_8332965_angel82_1400/12/26 23:40,1,1.0,2.63015161288315,
thread_8332965_رز۷۵_1400/12/26 23:57,1,1.0,3.8706303334997756,
thread_8394180_starter,1,6.370370370370369,4.2540979708724596,
thread_8403790_غزل25508_1401/01/12 02:55,1,1.0,1.5793688586812213,
thread_8411183_aroseshonam_1401/01/13 21:14,1,2.648375282959045,2.1650041723358875,
thread_8548687_کمحرف_1401/02/06 08:08,1,1.6296296296296298,2.4440509230969663,
thread_8731189_دخمل_احساس_1401/03/06 19:06,1,2.3703703703703702,2.4197202571578798,
thread_8880277_miniyator6c_1401/05/14 01:45,1,8.0878292233829,5.9673473666628905,
thread_8880277_توییتی۱۳۷۰۱۳۹۷_1401/05/14 01:35,1,5.0,3.8925584410562424,
thread_8880277_خواهرشوهر_نی_نی_یار_1401/05/14 01:30,1,4.979569828854984,3.6886998809349723,
thread_9115890_starter,1,5.111111111111111,5.2091778492510645,
thread_9273837_starter,1,1.0,2.8961081621886966,
thread_9293586_الوانا_1401/06/06 11:39,1,1.0,2.932775284287858,
thread_9293586_سیندرلاتون_1401/06/06 11:34,1,1.0,1.6283074652333451,
thread_9298538_2222mahsa_1401/06/07 02:14,1,1.0942455856950868,3.583261594253128,
thread_9448722_قاصدک750_1401/07/12 11:14,1,2.648375282959045,2.4453024592867805,
thread_9448722_مامان_سونیا1_1401/07/12 11:15,1,5.0,3.113911799849682,
thread_9514473_nanajonam_1401/07/24 02:37,1,6.0,3.2665663097237894,
thread_9514473_سیب_ترش_هستم_1401/07/24 02:33,1,1.0,2.8532055494708684,
thread_9640890_دل_ارام_خوش_بو_1401/08/17 21:51,1,3.425440131591025,3.5606242986044663,
thread_9772675_ommm_1401/09/07 22:36,1,4.0,4.906513114773446,
thread_9803993_starter,1,1.0,3.3582911051407773,
thread_9937429_سلانمتدبان_1401/10/01 18:13,1,2.648375282959045,2.223709091349643,
thread_9977711_بودا_1404/02/16 07:44,1,7.310764374750923,5.1896395519524665,
thread_9977711_بودا_1404/05/28 07:10,1,6.111111111111111,3.998638910882339,
thread_9988587_todeliiiiii_1401/10/08 15:33,1,1.871310434327066,2.5750634706144524,
250333874,2,1.0,1.0,
253100419,2,1.0942455856950868,2.3998578847068264,
255644913,2,1.0,1.397189632974058,
255663303,2,2.0,2.593230577203058,
255812776,2,1.0,1.9029014043629604,
259567118,2,3.0,3.4486086110700405,
260997732,2,5.0,3.485253728208119,
262644053,2,1.0,3.4240205176071417,
262645142,2,1.0942455856950868,3.101203646281328,
263665456,2,1.0942455856950868,2.3125649911190447,
264921650,2,1.0,2.3236901268626635,
269513763,2,1.0,2.0862117347227356,
270408517,2,2.259259259259259,3.8208676055495014,
272545949,2,5.0,3.3827474556886585,
273542254,2,1.0942455856950868,2.762232633629215,
274705570,2,2.648375282959045,1.9928116493647814,
274714511,2,1.871310434327066,2.578668423425143,
275777849,2,1.871310434327066,2.1317759071356797,
278783626,2,4.0,2.544728072692063,
281013385,2,7.0,3.139348443469644,
282398573,2,1.0942455856950868,2.593743983467858,
282399289,2,3.0,3.4358901220149702,
286808424,2,1.0,3.0508943153986943,
287252607,2,1.0,1.04286356652689,
288883327,2,3.740740740740741,3.717107773507092,
289111436,2,3.0,3.298955683881404,
289916700,2,1.3703703703703702,3.0730678740779513,
290033911,2,2.648375282959045,2.9235265389301186,
290034020,2,2.7407407407407405,2.2011828714839337,
290131270,2,1.0,1.6695343594256755,
293930960,2,3.111111111111111,3.1583767362192945,
294442523,2,2.648375282959045,3.546522724586497,
294691229,2,1.0,1.8180102764215067,
297590018,2,3.3703703703703702,1.4942905848467505,
302340600,2,4.0,2.004957077271147,
302340691,2,2.3703703703703702,3.2460281807964484,
304902732,2,1.3703703703703702,1.6847839831285323,
305305992,2,6.533699526118942,3.9633758748692105,
306164247,2,3.0,2.4875705899997604,
309054603,2,1.0942455856950868,2.929214441012045,
309631640,2,1.0942455856950868,2.569744844793517,
309797969,2,2.648375282959045,2.4186723110052566,
309799849,2,1.0942455856950868,3.7571577021118494,
310374536,2,1.0,1.5319827620177286,
310375103,2,1.0,3.170789946370485,
313614369,2,1.0942455856950868,2.7602040716718514,
314201523,2,7.74074074074074,3.873038354560835,
314202700,2,6.370370370370369,2.5961344201920795,
314634379,2,1.0942455856950868,3.1756441300858724,
314946053,2,1.0,1.7516945631992562,
316031157,2,1.0942455856950868,2.2541397701319275,
316544603,2,1.3703703703703702,2.5074123219026054,
316932677,2,3.0,3.0302129980500836,
316933142,2,4.979569828854984,3.0807720250621378,
317674965,2,1.6296296296296298,3.346062789053576,
317748605,2,2.0,3.3418986232255925,
319335275,2,2.648375282959045,3.089761739649539,
319754243,2,1.3703703703703702,1.3109354365437773,
319828418,2,1.0,1.1704567772246404,
320218244,2,3.425440131591025,2.859452219343424,
320723072,2,2.3703703703703702,3.998775009031252,
320723237,2,1.0,3.8429970374338933,
321769389,2,1.0,1.1517824315422747,
321869005,2,1.0942455856950868,2.1244903991127613,
321896091,2,1.0,2.3953973458493505,
322408895,2,4.62962962962963,3.4695695170273035,
323214303,2,1.0942455856950868,2.35374705857978,
323550811,2,1.0,3.638177779827821,
324240499,2,1.6296296296296298,3.5117748505543327,
324240783,2,4.979569828854984,3.6770179518523367,
324241859,2,7.310764374750923,3.500444483425639,
325364853,2,1.0,1.9963235010434672,
325688654,2,1.0,2.2528452474618073,
326342450,2,2.0,2.985437082308189,
326641897,2,1.0,3.8313009797304263,
327798159,2,1.871310434327066,2.7305168088094938,
327798170,2,1.0942455856950868,2.8971596713162606,
327798535,2,6.0,2.0923975805759247,
327961011,2,1.7407407407407407,1.1047247856957703,
328856148,2,1.0,1.0,
329072569,2,1.0,1.0,
329623431,2,3.425440131591025,3.466385501883492,
330089907,2,3.425440131591025,2.909363622726809,
330317891,2,5.0,4.771823423687049,
330425922,2,1.0,3.5072213938316623,
330998851,2,7.111111111111111,3.888122083754339,
331250233,2,2.0,1.2009088977187456,
331888763,2,1.0,1.4017204749360341,
331925440,2,1.0942455856950868,2.706452109896498,
331929710,2,5.0,3.803682206973691,
332205247,2,6.0,4.062236676668752,
332695570,2,2.6296296296296293,3.237169229437304,
334132794,2,2.648375282959045,2.5861918058115068,
334741798,2,1.0,2.9614413932077435,
335128515,2,1.871310434327066,2.9529486605274538,
335260614,2,4.7407407407407405,3.7118995926700564,
336320001,2,1.0942455856950868,2.549153535780195,
336360105,2,1.3703703703703702,2.6750615272377316,
336438500,2,1.0942455856950868,2.257880707016442,
336667797,2,1.0,2.7091944993485524,
337523607,2,5.7566346774869634,2.5786337259926975,
337790603,2,1.0942455856950868,1.9595280091778307,
337886201,2,1.0,2.8933180083488996,
338371563,2,7.74074074074074,6.504602357187592,
338993610,2,1.0942455856950868,4.0840527268825495,
338993923,2,3.0,4.46488120861467,
339956819,2,6.533699526118942,2.440498708539665,
339957132,2,5.7407407407407405,2.7793016663921577,
340327635,2,1.0,1.7498390595592612,
340387221,2,4.62962962962963,3.00977686533576,
340938595,2,1.871310434327066,2.552444306710754,
340938793,2,1.0942455856950868,2.3497435112011065,
340939114,2,1.0,1.8642090601693444,
341267817,2,3.0,3.1556033818808054,
342278802,2,2.648375282959045,2.1220299916702494,
342608818,2,1.0,1.3060871133189522,
343104628,2,6.0,2.3788748543201264,
343365062,2,2.888888888888889,4.834573844146661,
343745491,2,1.0,1.0,
343942711,2,1.0,1.1581590901017824,
345036619,2,6.533699526118942,2.653912792342223,
345234251,2,1.6296296296296298,3.42559884912644,
345306929,2,1.0942455856950868,2.9846657455613363,
347728672,2,3.425440131591025,3.9460754172373194,
347728976,2,2.7407407407407405,2.5001105526387253,
347763620,2,3.0,4.127929807953079,
347873229,2,1.0942455856950868,2.5147300802347576,
348039079,2,1.0,1.4393693670498298,
348090282,2,5.37037037037037,3.6453720426878737,
348144510,2,4.111111111111111,2.8667168914486165,
348782994,2,2.111111111111111,1.549966506052873,
348881881,2,1.6296296296296298,2.362305107662163,
349058786,2,2.648375282959045,3.319657405866115,
349580035,2,6.481481481481481,3.8894098361379243,
349635116,2,1.0942455856950868,2.255083226343633,
349645655,2,1.871310434327066,2.8180669202804864,
350420542,2,1.0942455856950868,3.2865864524846984,
350556630,2,1.6296296296296298,4.1962013164240854,
350805729,2,1.0,2.71322485741681,
351142714,2,1.0,2.870005859798711,
351714146,2,1.0,1.0,
353431202,2,1.0,1.0472022769353226,
353475666,2,1.0942455856950868,2.801247563892049,
353563808,2,6.7407407407407405,4.621689035005931,
353590045,2,1.0942455856950868,2.1629943267383758,
353913273,2,1.0,2.2786372548855747,
354184282,2,3.425440131591025,3.8350900082219157,
354205023,2,4.979569828854984,3.383623461535803,
354205307,2,1.0,1.0,
354460840,2,1.871310434327066,4.834741504844599,
354471553,2,1.0942455856950868,2.1876652158391576,
354658144,2,2.648375282959045,3.8018898128815635,
355019945,2,2.7407407407407405,3.7192181154473474,
355728832,2,2.0,3.5667668416784135,
356255755,2,3.740740740740741,4.435364773958158,
358262353,2,1.0,3.4557512928668346,
358350080,2,6.0,4.8366420666677366,
358618535,2,5.0,5.078307599412518,
359371046,2,1.0,2.596355275919966,
359785539,2,5.7566346774869634,3.0480632898145976,
360039665,2,1.0942455856950868,2.3178906444820466,
360304077,2,1.0,2.4104479320745806,
360306796,2,1.0942455856950868,2.4768642758640813,
360307064,2,1.0942455856950868,2.2590255167330477,
360395756,2,1.0,1.2550026726832475,
361239670,2,1.0942455856950868,1.853793815453931,
361750309,2,1.6296296296296298,2.5153161719645394,
361750725,2,1.0,1.0,
361935366,2,1.0,2.160636663096545,
361936981,2,1.0942455856950868,3.820135678326816,
362170258,2,1.871310434327066,2.3834524447602363,
362211409,2,4.481481481481481,3.3047594940014573,
362212208,2,1.0,3.7542932099113675,
362213012,2,1.0942455856950868,2.6598719596626212,
362463733,2,3.425440131591025,4.391069907051722,
362464019,2,1.871310434327066,2.62121976774009,
362934249,2,3.425440131591025,4.962548274604748,
363151595,2,1.0942455856950868,2.5498367019389567,
363172827,2,7.370370370370369,4.004050256964973,
363186005,2,1.0942455856950868,3.695037711622519,
363372754,2,1.0942455856950868,2.0935308114373665,
363728545,2,1.3703703703703702,2.2767979238178286,
364247942,2,5.481481481481481,4.994759839924665,
364656221,2,1.0,3.428030105222102,
365642084,2,3.425440131591025,2.8469351810216974,
366296667,2,4.62962962962963,2.9207804477910893,
366298223,2,1.0,3.181104404293215,
369124333,2,1.0942455856950868,4.090720846972063,
369217524,2,1.0942455856950868,3.5660709888206807,
369432506,2,4.37037037037037,4.539994618087203,
369643609,2,1.0,2.124493238442059,
370109816,2,1.0,1.0,
370310239,2,1.3703703703703702,2.1977982164229277,
370555001,2,1.6296296296296298,4.472228221358007,
370556287,2,1.0942455856950868,2.8429879581603554,
370556293,2,1.0942455856950868,2.490991798819844,
370556856,2,5.0,2.630058650971039,
370557608,2,1.0942455856950868,3.706676507809983,
370640903,2,3.425440131591025,3.934341164521984,
370830927,2,1.0942455856950868,3.334784701560543,
370896290,2,2.0,3.8345996461156875,
370923206,2,3.3703703703703702,1.7713738390532185,
371448645,2,1.3703703703703702,1.9606712549109557,
372019956,2,6.0,3.050357880368477,
372027636,2,4.979569828854984,3.533098464642202,
372315285,2,2.6296296296296293,3.1214096109966047,
374143105,2,2.648375282959045,4.029314864163601,
374174638,2,3.3703703703703702,3.476086058238482,
374268738,2,1.6296296296296298,3.3635780781697235,
374317433,2,4.202504980223004,2.5677901264362517,
374379315,2,2.648375282959045,2.6978372786857694,
374408176,2,4.979569828854984,3.2427034414833376,
374409781,2,4.7407407407407405,3.623616058210603,
374582947,2,5.999999999999999,5.419617503987099,
374583080,2,1.0942455856950868,3.233591056866888,
374583395,2,1.0,3.602070503760423,
374588611,2,9.0,4.709083787174012,
374970178,2,6.0,4.390143744952371,
374970917,2,3.425440131591025,3.294667365945172,
375167936,2,1.0,1.3620767107590952,
375555874,2,4.481481481481481,5.96237372535224,
375643715,2,1.871310434327066,3.8218652405235956,
375682901,2,5.111111111111111,3.008449321703654,
375683525,2,1.871310434327066,2.6278239595550184,
375755722,2,5.0,3.821934108607731,
375780386,2,1.871310434327066,2.3489574375184077,
375819861,2,1.0,3.4316152213924225,
375863458,2,1.0,1.9229442983081246,
376211384,2,1.3703703703703702,1.899612973601463,
378457716,2,1.0,1.478103642927957,
378645799,2,6.533699526118942,4.643818162472636,
378708110,2,4.202504980223004,2.8796732736969526,
378831121,2,1.0942455856950868,2.094653229848414,
378887535,2,7.111111111111111,3.459423824932349,
379570523,2,2.648375282959045,3.986880406867857,
379830024,2,3.111111111111111,3.085614165817028,
379860845,2,4.202504980223004,3.2177282796890374,
380029291,2,1.0,2.3620151732796706,
380347580,2,4.202504980223004,2.1939183798926245,
380721864,2,1.3703703703703702,1.378483007487287,
381257127,2,6.481481481481481,3.16769644874579,
381294765,2,1.3703703703703702,2.9503151447392715,
381552062,2,1.0,1.0305385789649892,
381552371,2,1.0,1.0,
382135597,2,1.0,2.592957486286374,
382438445,2,1.0,3.5578028151280034,
382555719,2,1.0,1.2407192349269867,
382750075,2,4.0,2.054565282318781,
382780665,2,2.648375282959045,3.0159762895219746,
384945423,2,1.0942455856950868,2.747853153041561,
384945479,2,5.111111111111111,3.8609336699380163,
384946864,2,1.0942455856950868,2.872599911078064,
386036949,2,3.425440131591025,2.5180499756358348,
386046441,2,4.0,3.5203801745021686,
386059026,2,1.0,2.399586485498869,
386220114,2,7.74074074074074,4.471517403315964,
386220223,2,3.0,2.649166815418847,
386422250,2,1.0,1.862350358307947,
387644662,2,4.111111111111111,3.8372481261216724,
387746922,2,3.0,2.601343196866405,
388104458,2,1.0942455856950868,3.4577596464787566,
388574425,2,1.0942455856950868,3.121637065950666,
388711886,2,1.0,1.1118526042027388,
388715605,2,1.0,1.0571430724770843,
389854527,2,1.0,1.1021945209895643,
390087119,2,1.0942455856950868,2.1004220333454526,
390101589,2,1.0,2.5217985264859673,
390684836,2,1.871310434327066,3.188480091568027,
390686927,2,1.0942455856950868,3.240964834847717,
391721883,2,1.6296296296296298,3.2926017446064266,
392247138,2,1.6296296296296298,2.7423209915468227,
392710636,2,1.0,1.519296410686859,
393061150,2,1.0,1.3931406116172438,
393079635,2,1.871310434327066,3.472444660759697,
393082964,2,1.0942455856950868,3.327515050666199,
393202611,2,3.3703703703703702,2.742807599145871,
393203273,2,1.0942455856950868,3.6049515505725456,
393205397,2,8.37037037037037,5.963686104316712,
393234221,2,3.425440131591025,2.7195997180952687,
393533686,2,1.3703703703703702,2.2993247072773606,
393550384,2,1.0942455856950868,2.6444232841278064,
393564447,2,2.0,2.9168847346953717,
393684968,2,1.3703703703703702,2.2150716889288073,
393802936,2,4.0,5.465924976413392,
393892368,2,1.0,2.1133645766481806,
393993685,2,1.0942455856950868,3.4943222291122993,
394154541,2,2.0,2.610234699641418,
394465545,2,2.3703703703703702,3.326334479663111,
394694425,2,3.425440131591025,2.514441074114963,
394695465,2,4.0,2.7636612461684873,
395286920,2,1.0,1.365315549810889,
395449702,2,1.6296296296296298,2.397467852006045,
396025156,2,5.7566346774869634,3.6223026664708162,
396641659,2,7.0,3.3805064482090885,
397197912,2,1.7407407407407407,2.8843208467971344,
397388455,2,7.111111111111111,3.890456512116533,
397510706,2,4.0,3.6604481612449726,
397551803,2,2.648375282959045,3.017239567709688,
397813892,2,5.0,1.9001242137277758,
397814816,2,2.0,3.8907209521200246,
398541656,2,2.3703703703703702,1.0594335516943976,
398739858,2,1.0942455856950868,2.9596575704699157,
398842174,2,1.0942455856950868,3.8445822999450425,
398997454,2,5.0,2.544329898922163,
399012940,2,1.0,2.6779335209052517,
399385189,2,1.0,1.2308997949085883,
399783648,2,1.871310434327066,2.6000035693246164,
399788574,2,2.6296296296296293,2.9536748410397156,
399790213,2,1.0,1.9199134798555684,
399958185,2,1.6296296296296298,2.1752827141900917,
399967086,2,1.0,1.5730166756950017,
399980477,2,1.0942455856950868,3.0961751695102295,
400195023,2,5.0,3.102326166234988,
400375704,2,5.0,3.6672431684997973,
400424798,2,1.0,3.6251445839281886,
400496364,2,7.74074074074074,2.8276661454195002,
400875746,2,1.0942455856950868,3.1916884150821843,
400899170,2,1.0942455856950868,2.374837379453732,
400920350,2,1.0942455856950868,2.222677477375324,
401155802,2,1.0942455856950868,3.151301818521541,
401171410,2,1.871310434327066,2.752280854682434,
401303783,2,1.0942455856950868,2.6589410376587397,
401409605,2,6.0,3.3060212553436825,
401541839,2,1.0942455856950868,3.7411558768326887,
401542461,2,7.0,5.6555115092770025,
401655486,2,1.0,3.0102505181881454,
401827182,2,1.0,2.4343583114540532,
401899114,2,4.7407407407407405,2.648423432880253,
401989730,2,4.481481481481481,4.05836948624112,
401989879,2,3.425440131591025,3.861774083631752,
401991839,2,4.0,4.298369446842016,
402115682,2,3.111111111111111,1.2653563921939641,
402229999,2,5.0,2.9502908832158177,
402293065,2,1.0,2.175497456309764,
402308238,2,5.7566346774869634,3.4875395969810272,
403039232,2,1.3703703703703702,1.5959286997565427,
403162945,2,1.0,2.9135943929616666,
403239014,2,1.871310434327066,3.3960305348770388,
403282132,2,2.0,1.0895991584709122,
403379729,2,1.0,3.598867868714335,
403595002,2,1.0942455856950868,2.9733919252220233,
403640111,2,2.0,3.2715383947415573,
403769018,2,3.3703703703703702,3.15013603778898,
403797192,2,2.648375282959045,2.238704867108627,
403866940,2,1.7407407407407407,2.3238310724999582,
403905544,2,5.111111111111111,3.585584955596004,
403923183,2,1.871310434327066,3.099629057893555,
404030175,2,1.0942455856950868,2.2792993055716098,
404374580,2,1.0,1.543303086081643,
404684787,2,1.0,1.0,
404783182,2,1.0,3.6702001434781417,
404840072,2,2.0,1.8790384737641135,
404921472,2,1.0942455856950868,3.5704886647620904,
405336502,2,3.425440131591025,3.4494754590262584,
406054009,2,1.0942455856950868,2.588388011219497,
406215399,2,1.0,3.54064778998459,
406219986,2,1.0942455856950868,2.7187762312063737,
406222939,2,1.0,2.339339060773874,
406274613,2,1.0,3.0075393849064653,
406337968,2,4.7407407407407405,3.8782642610934426,
406410570,2,6.0,2.574490705036985,
406412742,2,1.6296296296296298,2.5867409310592686,
406491288,2,1.0942455856950868,2.413285262584199,
406619625,2,1.0942455856950868,3.2999867217380436,
406620503,2,1.0,2.545236589378923,
406713879,2,1.871310434327066,3.8272952493358123,
406823056,2,1.871310434327066,3.7796335155842806,
407090853,2,1.0,2.2924957241346196,
407161922,2,1.0,1.0,
407216276,2,1.0942455856950868,3.5427946358504028,
407236042,2,4.0,3.484918340585123,
407272704,2,1.0,2.5350856275853086,
407419774,2,1.0,1.3493072010908418,
407807320,2,1.0942455856950868,2.6163653296684544,
407846120,2,1.0,1.0646283697551735,
408035531,2,3.3703703703703702,3.336005888638732,
408154408,2,1.871310434327066,2.72419387496198,
408179261,2,1.871310434327066,2.6656812596484025,
408334212,2,1.0942455856950868,2.649646222416414,
408440141,2,1.0942455856950868,2.2863342243858162,
408440405,2,1.0,2.1128554275474967,
408480912,2,1.0,3.005954135388456,
408554508,2,2.0,2.7519231186123405,
408580673,2,3.425440131591025,1.7866210590745948,
408627883,2,2.648375282959045,2.4492359719973225,
408776030,2,2.3703703703703702,2.643269534912015,
408807903,2,4.0,3.3433669707195497,
408883689,2,5.0,2.286163275289697,
408885756,2,1.0942455856950868,2.4073967938599257,
408898038,2,6.533699526118942,3.5533080435517053,
408898619,2,6.0,4.320127186978914,
408899084,2,1.0,2.4446888313138833,
408991094,2,1.0942455856950868,2.880582516776549,
409255214,2,1.0,1.3533430548771594,
409300669,2,1.0,2.6520582932241963,
409478505,2,1.0942455856950868,3.325338895803368,
409484863,2,1.0942455856950868,2.8400003948135577,
409590379,2,1.0,2.946522800825408,
409758059,2,3.740740740740741,3.9676197466080154,
409972701,2,1.0,2.484217901069234,
409972976,2,4.202504980223004,3.8906932539934553,
409973689,2,1.7407407407407407,2.2389525776040835,
410104694,2,1.6296296296296298,2.9595516052709447,
410558542,2,1.0,1.5868258957851467,
410878077,2,1.0942455856950868,2.1701407851556755,
410949861,2,1.0942455856950868,2.802184892096128,
410992802,2,1.0942455856950868,2.443520481948468,
411126143,2,2.7407407407407405,4.250551009984848,
411195438,2,1.871310434327066,2.6297014791210946,
411511566,2,1.871310434327066,2.483811080232221,
411642537,2,1.871310434327066,2.8945426223949355,
411662090,2,1.0,1.290034153646825,
411691079,2,1.0,3.172114855804968,
411694895,2,1.0,2.5065091557619636,
411721787,2,3.425440131591025,3.080435864832902,
411721874,2,3.3703703703703702,3.7530110871063163,
411722013,2,1.6296296296296298,2.160089809706836,
411722572,2,4.111111111111111,3.2102029695853687,
411733694,2,1.871310434327066,3.5954320553570103,
411760755,2,4.0,2.822934450737207,
411761249,2,1.0942455856950868,2.2751978960617096,
411842700,2,1.0942455856950868,2.066707916871808,
411856748,2,1.871310434327066,2.7070372545160537,
411859738,2,1.0942455856950868,1.516666890664521,
411863338,2,4.0,3.9653744166574674,
411875069,2,1.7407407407407407,3.250617421794717,
411875954,2,6.0,2.81548238590576,
411890398,2,1.0,4.0777937535900834,
411911063,2,4.979569828854984,3.141894849560982,
411925943,2,2.111111111111111,1.6466803728733472,
411926442,2,1.871310434327066,3.1761555985233887,
411936166,2,1.0,1.0,
411949272,2,4.37037037037037,2.5126359535732785,
411950494,2,1.0942455856950868,2.3303227765413648,
411964565,2,1.0,2.208860229242212,
412014735,2,1.0,1.675852458632356,
412023310,2,1.0,1.1456412313170796,
412095336,2,1.0942455856950868,3.990046441292613,
412190748,2,1.0,2.8599012821049437,
412226455,2,1.871310434327066,3.1524462115409255,
412230660,2,5.0,2.9596037556159542,
412232216,2,5.111111111111111,2.878734582009623,
412308147,2,1.0,1.4886554163119525,
412310782,2,1.3703703703703702,1.0,
412311229,2,1.0,2.4546343521884193,
412312944,2,1.0942455856950868,2.658327600657471,
412368370,2,1.0,1.0,
412419442,2,1.871310434327066,3.886876676989722,
412437184,2,4.979569828854984,3.0055331177598825,
412441916,2,1.0,1.4301099236614587,
412446385,2,1.0,2.4475004171122468,
412447192,2,2.648375282959045,2.5009200637913676,
412672708,2,1.0942455856950868,2.256103131380592,
412711418,2,5.0,3.660291703004741,
412712410,2,3.425440131591025,4.862215168212698,
412748044,2,1.0,3.732411754537451,
412800102,2,1.0,1.1283197171335324,
412805473,2,1.0,2.4303539787224904,
412877698,2,1.0,1.0,
412920121,2,3.111111111111111,2.5165217394898765,
412937681,2,2.6296296296296293,3.0334763511023133,
412983855,2,1.0942455856950868,2.545907942521211,
413023928,2,1.0,1.7518355368220404,
413031300,2,4.0,3.8333937553566884,
413127699,2,1.0942455856950868,2.0314250274251124,
413157558,2,1.0,2.726618723874978,
413183181,2,1.0,1.4134743409105854,
413239830,2,1.0942455856950868,2.424904296464768,
413274657,2,1.0942455856950868,2.2472677271824137,
413310666,2,2.111111111111111,2.2929481194417938,
413345037,2,3.4814814814814814,2.6804905740849976,
413370263,2,1.0942455856950868,3.140256945114406,
413404709,2,1.0,1.5633569185194647,
413478401,2,1.0,1.0636345041287014,
413486926,2,2.648375282959045,3.717534208516628,
413487692,2,1.871310434327066,3.388391400803454,
413488561,2,5.37037037037037,2.844361402235302,
413498288,2,1.0942455856950868,2.4840936082320932,
413538102,2,1.0942455856950868,2.394734493111689,
413619204,2,4.979569828854984,3.325972047502498,
413670126,2,1.3703703703703702,1.1126569288202726,
413685183,2,1.0,1.1097933042872605,
413710315,2,5.111111111111111,3.5724695663568022,
413717869,2,1.871310434327066,3.336744568083543,
413776438,2,4.481481481481481,4.952722705120692,
413780258,2,7.111111111111111,3.1823328564992375,
413780262,2,6.0,2.903167739874653,
413781566,2,1.0,2.8368563531573763,
413816611,2,1.0,2.9110457562396794,
413824818,2,1.0942455856950868,2.163838219834282,
413878719,2,3.740740740740741,2.936343570230985,
413898382,2,1.0,2.404425817291682,
413905915,2,3.0,2.226063467510531,
413920366,2,1.0,1.38230462611856,
413924567,2,4.202504980223004,3.48790471849247,
413929889,2,1.871310434327066,2.3240444600684413,
413933415,2,1.0,2.3288166064668596,
413933598,2,1.0,1.0,
413934410,2,5.7566346774869634,2.7492221053265107,
413934425,2,1.0,1.1320877621466927,
413936407,2,1.0,3.6529161488052235,
413936915,2,1.0,1.0,
413936960,2,1.0,1.0,
413940170,2,5.0,3.056893087085716,
413941446,2,3.0,3.7297851289070785,
413941834,2,2.6296296296296293,3.7407907127895736,
413942465,2,2.3703703703703702,2.075472450614966,
413945274,2,3.425440131591025,2.148484119924175,
413946377,2,4.202504980223004,3.770376352771331,
413946638,2,3.425440131591025,2.878715420515076,
413948492,2,6.111111111111111,2.226009833016749,
413950241,2,2.0,2.6822251080877613,
413957981,2,1.0,1.1695045691726063,
413961046,2,3.0,2.540985584997916,
413962311,2,5.0,3.665185847479505,
413963260,2,3.0,2.336796820565068,
413963565,2,1.871310434327066,2.5897903408753518,
413964199,2,1.0,2.194252240211458,
413966167,2,1.7407407407407407,2.5873363186617304,
413966613,2,4.202504980223004,2.8693324201509305,
413967427,2,6.481481481481481,4.681962148291178,
413968293,2,1.6296296296296298,2.1520630868809834,
413970098,2,1.871310434327066,1.9654946842530239,
413972660,2,1.0,1.0,
413972718,2,1.0942455856950868,2.2171575105119006,
413973132,2,1.0942455856950868,2.3914242468073503,
413973322,2,1.0942455856950868,1.7206151671544219,
413974179,2,2.0,2.93109259107255,
413975036,2,1.0942455856950868,2.0076117997504994,
413977167,2,1.0942455856950868,1.5542379471760954,
413979830,2,7.370370370370369,3.593660784593313,
413981431,2,1.0942455856950868,2.626649117017365,
413992952,2,3.0,2.4688106062832924,
thread_10130873_سلما1372_1401/10/26 08:51,2,4.202504980223004,3.4506111081571404,
thread_10179382_atabizemestoon_1401/11/02 01:22,2,5.7566346774869634,5.648694557563954,
thread_10185456_starter,2,2.259259259259259,3.849233923552368,
thread_10233522_starter,2,6.533699526118942,6.212688974489169,
thread_10514731_starter,2,4.0,4.157860521961353,
thread_10676035_starter,2,5.0,4.511982114424922,
thread_10723964_starter,2,6.533699526118942,3.8102882465322603,
thread_10932921_هرماینی_ویزلی_1402/02/04 22:48,2,1.0,1.244621997859058,
thread_10952183_starter,2,5.111111111111111,5.828635112440708,
thread_10952183_عطرعاشقی_1402/02/07 09:59,2,3.0,1.573943001544912,
thread_11018093_adrina_______1402/02/15 12:43,2,1.0,1.0,
thread_11038954_starter,2,6.0,4.356193079112155,
thread_11050893_starter,2,4.979569828854984,5.29080727479962,
thread_11050893_تنهاوغریب۷۸_1402/02/19 19:15,2,4.202504980223004,2.251230476842757,
thread_11050893_مدیراستارتر_1402/02/19 19:09,2,3.0,1.895245052584394,
thread_11099636_starter,2,3.425440131591025,4.716438083831159,
thread_11151960_starter,2,4.7407407407407405,3.066850897952227,
thread_11200287_starter,2,4.0,5.101209208369484,
thread_11226201_starter,2,3.0,3.585180995824991,
thread_11237504_starter,2,8.0,5.77867318728542,
thread_11457979_tamin1828_1402/04/11 10:55,2,2.0,2.489044612615225,
thread_11457979_حنا_دختری_در_رختخواب_1402/04/11 14:21,2,2.648375282959045,3.8447949634246865,
thread_11650928_ماه66_1402/05/05 04:19,2,1.871310434327066,2.4494099478278812,
thread_11651384_starter,2,5.7566346774869634,4.223025436393008,
thread_11782399_starter,2,4.202504980223004,5.664341057896155,
thread_11805524_starter,2,5.7407407407407405,6.177392515971343,
thread_11806754_کوالاءخسته_1402/05/25 02:04,2,2.3703703703703702,2.7308589559027228,
thread_11898756_starter,2,7.370370370370369,5.87162287271081,
thread_11900475_starter,2,3.3703703703703702,5.556042857849167,
thread_11912656_starter,2,1.871310434327066,3.538201810935841,
thread_11976631_starter,2,3.3703703703703702,3.9916100239071493,
thread_12033101_starter,2,8.0878292233829,5.294433372868812,
thread_12127266_starter,2,6.0,4.61109368649326,
thread_12173353_starter,2,5.7407407407407405,5.98242021753139,
thread_12182197_starter,2,4.851851851851851,3.8390468510123434,
thread_12233829_starter,2,5.7407407407407405,6.317663098903512,
thread_12250008_starter,2,2.648375282959045,3.1966883341687953,
thread_12306808_starter,2,2.3703703703703702,3.219811737071793,
thread_12320753_starter,2,1.871310434327066,3.1400826276876708,
thread_12381492_starter,2,7.74074074074074,6.200916697171623,
thread_12408152_starter,2,5.7566346774869634,5.455065674696814,
thread_12433679_starter,2,5.7566346774869634,6.7428461060845155,
thread_12478351_starter,2,5.7566346774869634,6.112985210089898,
thread_12609082_starter,2,6.370370370370369,5.063670831240221,
thread_12610447_starter,2,5.7566346774869634,6.087906956709654,
thread_12690442_starter,2,4.202504980223004,5.5039007074809865,
thread_12705455_starter,2,4.979569828854984,3.7810194343690426,
thread_12705823_starter,2,7.310764374750923,6.125052420494109,
thread_12744284_starter,2,6.7407407407407405,5.50467703490484,
thread_12809113_starter,2,6.533699526118942,5.948088506179041,
thread_12853035_starter,2,5.37037037037037,5.417783176813051,
thread_12906305_starter,2,1.0,2.3617428282860593,
thread_12942965_starter,2,7.310764374750923,6.1145690391860645,
thread_13045911_starter,2,7.0,4.596647849705758,
thread_13078984_starter,2,4.979569828854984,6.699280963740214,
thread_13107180_starter,2,6.533699526118942,6.31090697530718,
thread_13136280_starter,2,7.310764374750923,5.197248699572222,
thread_13154191_starter,2,1.0942455856950868,2.7038699491654388,
thread_13252844_starter,2,4.7407407407407405,5.0041888986339265,
thread_13262859_zizigoolootabeta_1402/12/28 18:13,2,3.740740740740741,2.9587446297826254,
thread_13324508_چش_قشنگ_سابقم_1403/01/09 12:27,2,3.3703703703703702,3.9804544900406396,
thread_13408817_starter,2,5.7407407407407405,3.6424113553946538,
thread_13409606_starter,2,6.533699526118942,5.325006671203654,
thread_13418141_starter,2,6.533699526118942,5.68670864059351,
thread_13421264_starter,2,1.871310434327066,5.00006897810286,
thread_13486505_starter,2,4.202504980223004,5.447056564268845,
thread_13509923_starter,2,7.370370370370369,6.049863762111366,
thread_13552822_starter,2,7.111111111111111,6.689794505994708,
thread_13621306_starter,2,4.202504980223004,5.5546404185357945,
thread_13631552_starter,2,7.310764374750923,5.98127916527429,
thread_13688728_starter,2,6.111111111111111,5.682481197178523,
thread_13712193_starter,2,5.37037037037037,5.512221108858263,
thread_13738914_starter,2,8.11111111111111,6.974539446651045,
thread_13767873_starter,2,6.533699526118942,5.322742029372362,
thread_13825421_starter,2,6.533699526118942,5.159714391836095,
thread_13916879_starter,2,6.0,5.32760439046712,
thread_13929251_starter,2,5.7566346774869634,5.636003817778546,
thread_13953294_starter,2,6.533699526118942,5.190103106797867,
thread_14073161_starter,2,1.0942455856950868,2.3049221230958814,
thread_14084967_starter,2,7.310764374750923,7.0566133141660785,
thread_14122377_starter,2,3.6296296296296298,2.858702715569671,
thread_14175165_starter,2,7.0,5.268481260449978,
thread_14183128_starter,2,5.999999999999999,6.3305448149336065,
thread_14188064_starter,2,7.111111111111111,5.177177856981937,
thread_14268488_starter,2,3.111111111111111,4.959521033998123,
thread_14279072_starter,2,5.7566346774869634,5.967953285481202,
thread_14282120_starter,2,4.979569828854984,5.305589491733773,
thread_14347802_starter,2,7.370370370370369,5.629428519985534,
thread_14412953_starter,2,5.111111111111111,5.82114749553141,
thread_14441712_starter,2,3.740740740740741,5.930062765943218,
thread_14455660_starter,2,6.0,3.900193474397957,
thread_14460512_starter,2,3.0,5.369210082320923,
thread_14467942_starter,2,8.37037037037037,5.693988338046649,
thread_14479280_starter,2,4.979569828854984,5.591842742705967,
thread_14487444_starter,2,1.871310434327066,2.213349327167834,
thread_14489390_starter,2,5.7566346774869634,5.631155304492655,
thread_14495712_starter,2,6.370370370370369,5.390884302842885,
thread_14501261_starter,2,6.533699526118942,5.9824645359225075,
thread_14528072_starter,2,6.7407407407407405,6.476147173337429,
thread_14554560_starter,2,5.7566346774869634,6.04555821034705,
thread_14568401_starter,2,4.37037037037037,5.264145345630046,
thread_14569073_starter,2,5.37037037037037,2.4957511131991152,
thread_14574678_starter,2,4.202504980223004,5.237728324474898,
thread_14635054_starter,2,5.999999999999999,4.81645999604799,
thread_14683643_starter,2,4.0,5.248722387829428,
thread_14694249_starter,2,5.7407407407407405,5.063759154972058,
thread_14715194_starter,2,4.202504980223004,5.5092618155668225,
thread_14722033_starter,2,8.0878292233829,6.0321598069709506,
thread_14802157_starter,2,4.979569828854984,5.672863568780163,
thread_14819825_starter,2,5.7566346774869634,6.261843714074498,
thread_14826441_starter,2,6.7407407407407405,6.057620939857085,
thread_14860315_starter,2,6.533699526118942,3.515736692372323,
thread_14863337_starter,2,5.0,4.8183301800895695,
thread_14903020_starter,2,7.74074074074074,6.19472564226195,
thread_14921397_starter,2,7.310764374750923,6.106513039949315,
thread_14928367_starter,2,4.37037037037037,4.163294449965922,
thread_14936228_starter,2,3.0,6.4922160985151,
thread_14955659_starter,2,8.0878292233829,5.90190071751522,
thread_14967521_starter,2,4.7407407407407405,5.348638045163492,
thread_15089633_starter,2,6.533699526118942,7.347573322913681,
thread_15112662_starter,2,4.979569828854984,6.018047630842787,
thread_15121481_starter,2,1.0,2.37861182359189,
thread_15152301_starter,2,4.979569828854984,5.302410271315295,
thread_15186766_starter,2,4.37037037037037,5.8590708941846374,
thread_15246176_starter,2,4.979569828854984,5.319987907671029,
thread_15271286_starter,2,4.481481481481481,5.400635500026642,
thread_15328137_starter,2,4.0,5.634971191338552,
thread_15366720_starter,2,4.202504980223004,4.855410055376581,
thread_15375726_starter,2,5.7566346774869634,5.332953051175201,
thread_15506923_starter,2,4.202504980223004,5.2811316873124365,
thread_15506959_starter,2,2.0,2.5158978621143593,
thread_15526324_starter,2,4.979569828854984,6.09807288814531,
thread_15538669_starter,2,2.648375282959045,5.957382488978929,
thread_15544453_starter,2,3.740740740740741,5.599429255295641,
thread_15567623_starter,2,7.0,4.99608514119077,
thread_15569844_starter,2,2.0,5.9005842970936,
thread_15671111_starter,2,2.0,4.812481499111524,
thread_15720488_starter,2,6.533699526118942,5.401999518056991,
thread_15734085_starter,2,1.871310434327066,3.9147262379876486,
thread_15745888_starter,2,3.425440131591025,5.501774965113347,
thread_15830721_starter,2,3.425440131591025,5.269759319722682,
thread_15871327_starter,2,6.0,5.866276906466842,
thread_15897989_starter,2,1.871310434327066,2.619221593271483,
thread_15936173_starter,2,6.533699526118942,5.524711458938981,
thread_15939513_starter,2,7.370370370370369,5.705612552442697,
thread_15940137_mosvi_1404/01/18 20:18,2,1.0942455856950868,3.6841507957446518,
thread_16026496_starter,2,4.111111111111111,4.14651271563963,
thread_16026811_starter,2,6.7407407407407405,6.344659516830713,
thread_16092036_starter,2,6.111111111111111,5.372245574761362,
thread_16093272_starter,2,4.979569828854984,5.456147731319515,
thread_16144796_starter,2,1.871310434327066,5.1679486536819805,
thread_16157985_starter,2,7.74074074074074,5.488934794245028,
thread_16169689_starter,2,7.310764374750923,5.3524352502435155,
thread_16201409_starter,2,4.979569828854984,5.45577546975307,
thread_16245654_starter,2,6.533699526118942,6.424637289081232,
thread_16251717_starter,2,1.0,3.6849850863301006,
thread_16253599_starter,2,5.7566346774869634,5.337577440949795,
thread_16300821_starter,2,7.111111111111111,6.030243533919222,
thread_16303045_starter,2,1.0942455856950868,2.5249720668005917,
thread_16395518_behnam_59_1404/03/30 11:41,2,2.6296296296296293,2.6005325262001007,
thread_16416779_starter,2,1.0,3.136319309418667,
thread_16457132_starter,2,5.37037037037037,5.199725481384208,
thread_16522195_starter,2,8.37037037037037,6.325317306835792,
thread_16537546_starter,2,6.533699526118942,5.203747574757482,
thread_16576742_starter,2,2.3703703703703702,5.13595448428769,
thread_16646973_starter,2,4.0,5.6457353790229075,
thread_16685553_starter,2,5.999999999999999,5.527528343148228,
thread_16698491_starter,2,4.202504980223004,5.146962101142946,
thread_16741859_starter,2,5.7407407407407405,5.5590145614753155,
thread_16750723_starter,2,1.871310434327066,2.8020660727375306,
thread_16784244_starter,2,3.4814814814814814,4.9629672109885785,
thread_16810583_starter,2,4.202504980223004,5.979204308280997,
thread_16810736_starter,2,6.533699526118942,6.383372998529971,
thread_16824448_starter,2,7.111111111111111,5.687677411872887,
thread_16876696_starter,2,4.979569828854984,6.4168858448999835,
thread_16946803_starter,2,4.202504980223004,5.461079507946245,
thread_16949850_starter,2,5.999999999999999,6.034988101661979,
thread_16963527_starter,2,2.0,3.1912145855419927,
thread_16976209_starter,2,2.3703703703703702,3.411151024043059,
thread_17041365_starter,2,1.871310434327066,6.0953608880296635,
thread_17070067_starter,2,3.425440131591025,3.795089485533674,
thread_17092677_starter,2,3.425440131591025,5.277323605144254,
thread_17136656_starter,2,3.6296296296296298,5.393960466143223,
thread_17171204_starter,2,3.425440131591025,5.454698475625328,
thread_17174375_starter,2,6.7407407407407405,6.096244294801415,
thread_17193053_starter,2,4.979569828854984,5.698425426314007,
thread_17253815_starter,2,3.425440131591025,3.9330988216409137,
thread_17279461_starter,2,4.37037037037037,5.508869187475558,
thread_17349430_starter,2,3.425440131591025,3.220843714670104,
thread_17349734_starter,2,3.3703703703703702,3.142067984252831,
thread_17375891_starter,2,6.533699526118942,5.484581350873679,
thread_17401588_starter,2,6.370370370370369,4.854292542495177,
thread_17478052_starter,2,4.979569828854984,5.793904803092959,
thread_17481838_starter,2,7.111111111111111,5.647099797405978,
thread_17486203_starter,2,6.111111111111111,5.2726588370027,
thread_17502985_starter,2,5.7566346774869634,5.76547229635014,
thread_17511477_starter,2,1.0942455856950868,2.3623227814056094,
thread_17521535_starter,2,7.310764374750923,5.639369262938983,
thread_17531095_starter,2,3.425440131591025,4.796947538577581,
thread_17533405_starter,2,3.425440131591025,3.5401842939105816,
thread_17562526_starter,2,8.74074074074074,6.796168867576067,
thread_17564329_starter,2,2.648375282959045,6.416548699790234,
thread_17568041_starter,2,4.202504980223004,6.431207490832629,
thread_17596461_starter,2,6.533699526118942,5.919450199699156,
thread_17612899_starter,2,3.425440131591025,5.674030487683453,
thread_17616852_starter,2,6.0,4.408118188609765,
thread_17629509_starter,2,3.425440131591025,4.39344446792392,
thread_17699986_starter,2,5.0,3.766165169258818,
thread_17707547_starter,2,4.202504980223004,4.592138388461088,
thread_17716204_starter,2,3.425440131591025,3.6336200128261185,
thread_17761584_starter,2,6.7407407407407405,6.207267210950066,
thread_17766584_starter,2,1.0942455856950868,3.150686090656503,
thread_17769566_starter,2,1.0,6.077420427459179,
thread_17782573_starter,2,6.0,5.516183390765122,
thread_17827738_starter,2,4.979569828854984,6.5535792837994755,
thread_17868718_starter,2,6.533699526118942,5.660491452640444,
thread_17884387_starter,2,5.7566346774869634,5.654368811474943,
thread_17888099_starter,2,4.979569828854984,4.939866051277301,
thread_17914151_starter,2,1.871310434327066,3.749575120942321,
thread_17918987_starter,2,5.7566346774869634,5.511795213053025,
thread_17922937_starter,2,6.533699526118942,6.326931870634941,
thread_17925465_starter,2,6.533699526118942,6.048392201315288,
thread_17930297_starter,2,6.0,4.370064214362717,
thread_17931047_starter,2,4.202504980223004,4.713180463512453,
thread_17940385_starter,2,3.6296296296296298,5.775652013685446,
thread_17946364_starter,2,3.425440131591025,6.31810747267164,
thread_17962215_starter,2,6.111111111111111,4.697928064283098,
thread_17964171_starter,2,2.0,2.6476178563046084,
thread_17973744_starter,2,6.0,5.2559784094248085,
thread_17981136_starter,2,2.3703703703703702,4.422928833949584,
thread_17989125_starter,2,2.648375282959045,2.9523644411903813,
thread_17991409_starter,2,7.310764374750923,5.554485963130974,
thread_17991637_starter,2,7.310764374750923,6.1929044541605505,
thread_17993895_starter,2,1.871310434327066,3.318850344429943,
thread_18005594_starter,2,4.37037037037037,3.849539934226368,
thread_18017920_starter,2,3.425440131591025,4.430624113560433,
thread_18018715_starter,2,4.0,5.140218342460724,
thread_18018902_starter,2,7.310764374750923,6.0326361941243025,
thread_18025043_starter,2,7.310764374750923,6.117131035473108,
thread_18032368_starter,2,4.7407407407407405,4.168729832417488,
thread_18040866_starter,2,7.310764374750923,6.324041772727148,
thread_18041098_starter,2,8.0,6.608381381122133,
thread_18061678_starter,2,6.533699526118942,6.205829960502444,
thread_18061785_starter,2,7.310764374750923,6.202922009384569,
thread_18082186_starter,2,6.7407407407407405,5.377959548262213,
thread_18089157_starter,2,1.0942455856950868,3.318586473517815,
thread_18090539_starter,2,3.3703703703703702,2.582130732701578,
thread_18091117_starter,2,5.7566346774869634,5.260648092236534,
thread_18101157_starter,2,4.481481481481481,4.635142681576852,
thread_18115856_starter,2,5.111111111111111,5.596918917297414,
thread_18124999_starter,2,4.0,5.588552582557263,
thread_18126235_starter,2,2.648375282959045,4.266731576801273,
thread_18129104_starter,2,4.0,3.9080417037701434,
thread_18131684_starter,2,4.7407407407407405,5.176102177052421,
thread_18137764_starter,2,2.648375282959045,3.4560283253546134,
thread_18137777_starter,2,2.0,5.374142102032456,
thread_18137896_starter,2,6.533699526118942,5.523404434444321,
thread_18138146_starter,2,1.0,2.2725845759066647,
thread_18138461_starter,2,2.7407407407407405,4.711996921902958,
thread_18138935_starter,2,3.425440131591025,4.413450369586627,
thread_18139228_starter,2,1.871310434327066,3.0666288229603573,
thread_18139236_starter,2,5.0,5.5439582817266295,
thread_18139240_starter,2,2.6296296296296293,3.4520409015170204,
thread_18139371_starter,2,6.370370370370369,5.364284840646967,
thread_18139798_starter,2,4.7407407407407405,4.954370364835404,
thread_18139910_starter,2,1.0,5.5216822287477125,
thread_18141665_starter,2,2.0,5.045792421993224,
thread_18141855_starter,2,3.740740740740741,5.655013226203889,
thread_18141922_starter,2,4.202504980223004,5.215519642841724,
thread_18141943_starter,2,4.0,4.435871389966976,
thread_18144946_starter,2,1.0942455856950868,2.253730573281072,
thread_18144989_starter,2,4.481481481481481,4.758770856599551,
thread_6077129_ورودجدید_1399/12/23 13:49,2,1.0,1.236692958834051,
thread_6197391_2wب_1400/01/14 19:34,2,1.0,1.0,
thread_6215359_عمردرسکوت_1400/01/17 11:52,2,1.0942455856950868,3.8130335007473266,
thread_6309299_7887frshte_1400/01/31 00:17,2,3.0,2.9038809766020615,
thread_6341246_starter,2,3.3703703703703702,3.758393000703679,
thread_6485839_yziba89_1400/02/26 02:06,2,1.6296296296296298,3.875072008304352,
thread_6485839_ziba1380_1400/02/26 01:55,2,3.425440131591025,3.0466956405399648,
thread_6485839_طلا۶۰_1400/02/26 01:46,2,1.0942455856950868,2.4998705011591493,
thread_6489092_ارزوجان_1400/02/26 16:37,2,1.0942455856950868,1.917176254603197,
thread_6489092_ملکه_یخی_هستم_1400/02/26 16:28,2,1.0,2.8127872159298297,
thread_6512194_tanhaaaaaaam_1400/02/30 03:06,2,4.481481481481481,3.183159831079201,
thread_6530624_fh137275_1400/03/02 01:03,2,1.0,1.0,
thread_7145501_alaae_1400/06/07 02:34,2,7.0,3.0133405086205896,
thread_7225282_0dayana0_1400/06/19 11:42,2,1.0942455856950868,2.7593400312965066,
thread_7225282_aynaz3676_1400/06/19 11:42,2,1.6296296296296298,3.0449921869896484,
thread_7286272_starter,2,2.648375282959045,2.1891785069676644,
thread_7389673_مرغانه_1400/07/14 09:58,2,6.533699526118942,2.9270989896557826,
thread_7389673_مرغانه_1400/07/15 01:17,2,1.871310434327066,3.2699875795735025,
thread_7541180_starter,2,6.533699526118942,5.694649121804625,
thread_7839876_starter,2,5.7566346774869634,2.9930637996032674,
thread_7856775_samin_a_1400/10/06 13:24,2,3.6296296296296298,5.777926276563916,
thread_7978999_hejran1400_1400/10/27 14:21,2,1.0,2.8499701027043765,
thread_8354667_kajal63_1401/01/02 13:39,2,2.648375282959045,3.4163857034023892,
thread_8506003_توسکا95_1401/01/30 02:06,2,5.481481481481481,3.840297309529774,
thread_8894618_جییییگر_1401/04/03 15:23,2,2.0,2.3464317873783624,
thread_9078130_phr_1401/05/02 23:35,2,1.0,2.135436673508242,
thread_9078130_sama_kocholo_1401/05/02 23:38,2,1.0942455856950868,2.510947877723954,
thread_9120914_rozitakhanomi_1401/05/09 20:00,2,1.0,2.893195171277944,
thread_9207233_starter,2,3.0,2.5189583077432003,
thread_9284614_starter,2,5.111111111111111,4.069124069015092,
thread_9443994_starter,2,4.7407407407407405,5.588267705594038,
thread_9453838_starter,2,4.202504980223004,5.371405722551498,
thread_9536090_starter,2,7.111111111111111,6.171157806613588,
thread_9642299_گلnooش_1401/08/18 00:32,2,2.0,5.007253238606227,
thread_9648957_22aseman558_1401/08/19 00:25,2,3.4814814814814814,1.0,
thread_9677776_1parvaz_1402/06/25 20:54,2,6.0,4.680782789046749,
thread_9725395_مارال37_1401/08/30 15:45,2,6.0,2.2477183488181107,
thread_9736375_l_am_ryhane_1401/09/02 12:46,2,1.0,3.90469340169015,
thread_9736375_saberehhhhh_1401/09/02 13:48,2,5.37037037037037,2.7535859279041497,
thread_9761611___قاصدک___1401/09/06 10:25,2,1.0942455856950868,3.09584369426963,
thread_9816857_starter,2,1.0942455856950868,6.471088523555681,
thread_9848289_starter,2,7.74074074074074,5.28097544395393,
thread_9936634_starter,2,3.3703703703703702,3.2251410961448745,
247447668,3,1.0942455856950868,2.3905804113366402,
249430380,3,1.871310434327066,2.969872425674963,
252781142,3,1.3703703703703702,1.1709616737531126,
252781771,3,4.979569828854984,4.084107031037407,
254941053,3,1.0,2.285374093761475,
256747888,3,5.0,3.5681912356789485,
256748376,3,3.425440131591025,4.096330593284815,
257729396,3,1.0,1.2511872911445097,
257729451,3,1.871310434327066,3.2549615487064205,
262539355,3,2.0,3.5354642744221505,
262540230,3,3.740740740740741,2.8309961049388592,
262649879,3,3.0,2.783442468051239,
264122188,3,1.0,2.658341616767168,
264123022,3,1.871310434327066,4.045947829235653,
267390340,3,1.3703703703703702,2.2671544122107914,
268352156,3,1.6296296296296298,2.1553121655716856,
270588835,3,1.3703703703703702,1.6722541328932197,
271263144,3,1.0,2.768794412870963,
272962057,3,5.0,2.035429990237376,
272963019,3,6.0,3.255529498856255,
272963433,3,3.425440131591025,2.3762104081621382,
272964892,3,7.310764374750923,3.6640078689287137,
276515974,3,1.0,1.1744879220001452,
276962686,3,1.0942455856950868,2.546850499410735,
276974454,3,1.0,2.611661202240094,
277361152,3,1.871310434327066,3.013970611550552,
277845997,3,3.3703703703703702,3.426816051859495,
278195679,3,2.0,1.1316853856515774,
279543448,3,1.0,1.6594377290251443,
280163622,3,1.7407407407407407,3.959358648544424,
284071614,3,1.0942455856950868,2.577878380396754,
284349373,3,3.111111111111111,3.635802337280195,
284918386,3,1.3703703703703702,2.7444919179486913,
286512519,3,1.0,1.0,
290822978,3,1.871310434327066,2.2053618447403416,
290929873,3,1.0,2.5165893837415423,
291999037,3,1.0,2.1275148866764786,
293514675,3,1.0,1.6207468329631691,
293691572,3,2.111111111111111,2.5313060746113853,
295933469,3,1.0942455856950868,2.9029208919997895,
298224094,3,3.0,3.1793068204805284,
298303722,3,1.0,2.6898573264857095,
299005740,3,5.0,3.653234812802121,
299006015,3,4.202504980223004,3.539737731631701,
299792420,3,3.425440131591025,1.969067199106706,
299797815,3,1.871310434327066,2.7766922010634483,
301792935,3,1.0942455856950868,3.2954635771365117,
304887674,3,2.7407407407407405,2.027784755139609,
305176147,3,1.6296296296296298,3.7039236557126634,
305228734,3,1.3703703703703702,1.8059532857834184,
305320665,3,3.425440131591025,3.3312543941268773,
306064222,3,3.740740740740741,4.097086915786994,
306073100,3,1.0942455856950868,3.3696856529442334,
307005765,3,4.202504980223004,3.0093862745181563,
307802936,3,1.6296296296296298,2.3685244707882323,
307929995,3,1.0942455856950868,3.9340296168476057,
308096498,3,1.0,4.113347588540029,
308244450,3,5.111111111111111,2.2223708624805116,
308300129,3,1.0,3.979551975326783,
308584320,3,1.0942455856950868,2.9686627118338453,
309145932,3,4.0,2.7489773856122692,
309161205,3,1.0,3.0227471863111104,
310040992,3,1.0,3.1329841221771773,
311579346,3,3.425440131591025,2.910245058485234,
314155102,3,1.871310434327066,3.2189621713577177,
314911842,3,2.3703703703703702,3.501731074965505,
314915388,3,2.0,1.9942331400040167,
315007101,3,5.0,4.0718061020730385,
315469896,3,3.740740740740741,1.6611559033866912,
315758933,3,1.0,1.6607383695232163,
315984241,3,3.3703703703703702,2.4501022540176542,
317870742,3,1.871310434327066,2.861559978102105,
318347429,3,5.7566346774869634,4.072207362928854,
320398633,3,4.7407407407407405,3.7400968244646378,
320772915,3,3.425440131591025,3.954712605356245,
320952895,3,6.111111111111111,4.003214485673838,
321197800,3,1.0942455856950868,2.711768555217688,
321198139,3,5.0,2.5739177605235506,
321275370,3,3.3703703703703702,3.9176691170536775,
322179619,3,1.0,4.143593477797657,
322650749,3,1.0,2.5014261794246533,
322657947,3,2.0,3.3948997605522573,
322657977,3,1.871310434327066,3.058032052476583,
323424219,3,1.3703703703703702,1.925973814576121,
326079291,3,1.0,1.6653614487318693,
326108264,3,1.0,2.6362541337506187,
326108608,3,1.0942455856950868,2.8125672938982307,
326447592,3,7.310764374750923,3.769303623542167,
326489967,3,1.0,2.964209276236237,
326901431,3,1.0,1.3459696096873208,
327626890,3,1.0,4.118333683077424,
327988577,3,5.7566346774869634,2.9663493333167827,
328340973,3,1.871310434327066,3.151749124881018,
328726567,3,6.0,2.987671559306729,
329037562,3,3.425440131591025,3.2518576916590405,
329205968,3,4.37037037037037,2.442098125314984,
329828741,3,5.7566346774869634,4.324158920427432,
329898027,3,1.0942455856950868,2.6777103611520316,
330365699,3,1.0,2.5558489382135514,
330367291,3,1.0942455856950868,2.3594420501255713,
330441818,3,1.0942455856950868,2.28193900245617,
331950422,3,5.0,4.028378217931667,
334254329,3,1.0,2.973109984003704,
334318930,3,3.0,3.1270070568047528,
334474713,3,1.0,2.476539689457504,
334658128,3,4.0,3.5826584140386526,
334729594,3,4.37037037037037,3.2036138587759453,
335237949,3,2.3703703703703702,2.2799813466963226,
335238798,3,5.0,2.3335736958973685,
335257267,3,1.0942455856950868,2.176730456306543,
335608107,3,1.0942455856950868,2.6127962832043847,
335685576,3,1.0,3.618480752214822,
335863990,3,1.0942455856950868,2.44713097803786,
336139551,3,1.0,1.1525125681924253,
336998037,3,1.0,3.2608658851563934,
337049933,3,3.425440131591025,2.528597992147123,
337659309,3,6.533699526118942,3.6657180684194635,
337922327,3,1.0942455856950868,2.5055209723471563,
337942326,3,5.0,3.328830066075069,
338011055,3,1.0942455856950868,3.246143788920209,
338390919,3,4.979569828854984,3.7300406778149706,
339479631,3,1.3703703703703702,1.0541938716450932,
340957670,3,2.7407407407407405,3.7489651300262747,
341034298,3,4.0,3.5487837843725942,
341109592,3,1.0,1.6040931974894002,
341400247,3,1.0,1.5693683134243526,
341539423,3,1.871310434327066,1.6439392905619559,
341539949,3,2.0,2.708913786541876,
341777940,3,7.111111111111111,3.7607973543467117,
341837047,3,3.425440131591025,3.642284276759856,
342272396,3,1.0,2.17614882354428,
342272426,3,1.0,2.9211575960939995,
342317416,3,1.0,1.8247267294148983,
342318807,3,2.648375282959045,3.013474273807421,
342401332,3,1.0,2.58868094119207,
342454532,3,1.871310434327066,2.186856097669481,
343581803,3,3.425440131591025,2.2826084557951414,
343589927,3,1.0942455856950868,2.6013024887418164,
343769000,3,1.6296296296296298,3.859852511338704,
344852503,3,1.0,2.983061469557648,
345217002,3,1.871310434327066,2.9067608810840238,
345604869,3,1.0,1.5772327341097516,
346257194,3,1.0,1.6803929312741595,
346602295,3,1.0,1.3624467948923198,
347075759,3,1.0,3.254050544040883,
347085078,3,1.0,1.1775044424272263,
347380126,3,6.0,3.2327095813830864,
347667705,3,6.7407407407407405,3.8870928540537335,
347756525,3,4.481481481481481,3.1336846737253605,
349004054,3,1.0,1.1510804134966088,
349112067,3,1.0,2.353894008726626,
349139426,3,1.0,2.190059572922629,
349156298,3,1.0942455856950868,2.2017658550206716,
349439455,3,1.0,1.0,
349440063,3,4.7407407407407405,2.664673237556875,
349541242,3,5.7566346774869634,3.6634296208732757,
350804606,3,1.0942455856950868,2.189088933579381,
350812851,3,2.3703703703703702,3.3663270744564957,
350906409,3,1.0,2.9196097933518015,
351508557,3,1.6296296296296298,1.2276917368105429,
351555867,3,6.111111111111111,3.6957872425665754,
351632037,3,4.979569828854984,3.7567153146723435,
351644812,3,1.0,2.5397068176157167,
351792283,3,3.0,3.9823193679277633,
351830727,3,4.0,2.5943058588809,
352377506,3,1.0,1.7250240277500173,
352727905,3,4.37037037037037,2.977842246980857,
353277521,3,2.648375282959045,3.2446434728083284,
353314292,3,1.0,1.0796333202388366,
353967398,3,1.0,1.378962812516908,
354234745,3,1.0942455856950868,1.7257148378198721,
355857137,3,3.0,3.4022475681890687,
356290569,3,4.7407407407407405,3.0061950272006723,
356304771,3,1.0,2.0582802596908905,
356406284,3,6.533699526118942,5.575502482643179,
356407157,3,3.3703703703703702,3.157217368341051,
356407833,3,1.0942455856950868,1.899358863687809,
356662263,3,4.979569828854984,5.5980785476592265,
357612732,3,1.871310434327066,3.993055757351811,
357800750,3,1.0,1.5020469382694728,
357838242,3,2.0,4.011541818181325,
358583383,3,8.0878292233829,7.02588742190975,
358953365,3,7.0,3.132226180065815,
359000941,3,5.0,3.2735458791130556,
359146087,3,1.3703703703703702,3.2245968280222312,
359454147,3,2.3703703703703702,2.604744300447055,
359796571,3,1.0,3.5341402004614024,
359826195,3,6.533699526118942,5.713921040136288,
359827197,3,7.310764374750923,5.856417425197936,
359827758,3,1.0,3.2930435019576723,
359833586,3,1.871310434327066,2.273363516654194,
359940626,3,1.0942455856950868,2.9117509854355452,
359962909,3,1.0942455856950868,2.535693634373218,
360497050,3,4.0,3.1780025452445315,
361505283,3,1.0,3.679020407809043,
361666162,3,1.3703703703703702,3.3663096909918435,
361666311,3,3.3703703703703702,3.9218232497051466,
362743486,3,1.6296296296296298,3.993199964034849,
362832092,3,4.37037037037037,1.9769723588696964,
363489940,3,1.0,1.0947243970764218,
363770941,3,4.0,3.7338664267555335,
363904931,3,1.0,1.329894952806224,
363929588,3,5.7566346774869634,2.7972452240260886,
364468234,3,4.979569828854984,3.900784941964601,
364753932,3,1.0942455856950868,3.547596231443694,
364953826,3,1.0,2.666439212935354,
365109080,3,1.0942455856950868,2.9994687426791398,
365139241,3,4.111111111111111,2.5177297805520644,
365884744,3,1.0,3.972157356350111,
366317363,3,1.0,1.5242421085962965,
366406849,3,5.7566346774869634,2.991744252485966,
366992279,3,1.0,2.595857732777393,
368306370,3,3.425440131591025,3.8663796876306296,
368439587,3,1.871310434327066,2.6191057982891466,
368749284,3,1.0,2.2197340231367666,
368839039,3,4.0,2.6505096064990563,
368839888,3,1.7407407407407407,1.7046425198795307,
368961081,3,3.0,2.360770917666879,
369250570,3,6.0,3.8133430435605824,
369270193,3,3.0,3.0651420859451277,
369270210,3,2.0,2.419103271799854,
369410381,3,1.3703703703703702,2.029057589764018,
369556023,3,1.0,5.610386615344647,
369952334,3,1.0942455856950868,2.5370533863726106,
370705363,3,1.0,1.380915404015421,
370705733,3,1.0,3.3733174745891294,
371274430,3,1.0,2.7133354355671058,
371604742,3,1.3703703703703702,1.0641775660848434,
371717060,3,2.0,3.8631750487214966,
372919637,3,1.7407407407407407,2.6201630416263058,
373053551,3,2.3703703703703702,3.222119674227605,
373314928,3,1.0,1.0,
373427573,3,5.0,4.104100387066036,
373443451,3,1.0,1.0,
373869226,3,5.7566346774869634,3.5129322115679327,
373913392,3,2.648375282959045,4.362174874770827,
374244690,3,4.202504980223004,2.2963970604036525,
374245737,3,4.202504980223004,3.3778802150803084,
374245781,3,6.111111111111111,3.187594150195353,
374732827,3,4.37037037037037,3.7894783576375746,
374774397,3,5.0,3.3168680846592165,
374817026,3,3.0,3.459115073936794,
374820957,3,1.0,2.9129734081887424,
375660979,3,1.7407407407407407,2.444779419100137,
376283558,3,1.7407407407407407,3.866686538204759,
376828218,3,1.0,1.0113775832005394,
376899926,3,4.0,2.91229894980077,
377226504,3,1.0,1.24209190942222,
377779748,3,1.0942455856950868,2.572839305288995,
377780593,3,2.7407407407407405,2.936748853224327,
378104331,3,3.425440131591025,2.718547298522328,
378354377,3,4.979569828854984,3.6184044167133016,
378400133,3,1.0,1.0,
378542046,3,1.0942455856950868,2.5596192047012707,
378704409,3,1.0,3.6648214564600345,
378866355,3,4.0,3.386302338230848,
378970321,3,1.871310434327066,3.3339101332190197,
378971173,3,1.0942455856950868,3.3941242047869475,
379865792,3,5.111111111111111,2.627379782353665,
380046125,3,4.979569828854984,3.8184095203152553,
380079282,3,1.871310434327066,2.563857616420375,
380194321,3,1.0,2.579544508190237,
380197822,3,1.3703703703703702,3.6700451977701207,
380382861,3,2.648375282959045,2.4040425118361437,
380739627,3,1.0942455856950868,2.5563821088221945,
380865388,3,1.0,1.1643188736790147,
380971259,3,1.0942455856950868,3.199087691224763,
381160774,3,1.0942455856950868,2.6298645663603155,
381161064,3,6.0,3.147686267626901,
381201065,3,1.0,2.786398193165655,
381577311,3,1.0,2.255661837693193,
381577330,3,1.7407407407407407,3.576345849735307,
381723989,3,3.0,2.4659244772327344,
381927186,3,1.6296296296296298,2.339642570991682,
381969943,3,4.0,3.589602323919479,
382026622,3,7.310764374750923,3.4020901910171935,
382241337,3,4.979569828854984,3.8027397863677805,
382584881,3,1.7407407407407407,2.420303853889317,
382584969,3,1.0942455856950868,2.16188557109344,
382585438,3,4.0,3.232209597756946,
382653095,3,3.0,3.321362187220245,
382713909,3,1.0,1.0,
382780811,3,1.0,2.718532901232618,
382804280,3,6.7407407407407405,4.447663202282573,
382846911,3,8.0,5.1952905585095435,
382910056,3,1.0,1.0159946043177834,
383065239,3,1.0,1.8340892976300025,
383174061,3,5.481481481481481,3.5098191296206505,
383196685,3,4.111111111111111,3.579483339480219,
383282577,3,5.0,2.411108385880721,
383463973,3,6.0,3.0007832245871353,
383463986,3,4.979569828854984,3.250761776667509,
383465252,3,1.0942455856950868,3.98927562852784,
383763608,3,6.0,3.2746066621997496,
383791500,3,1.0,1.0336626055731206,
383791945,3,1.0,1.2337585007645009,
383814176,3,1.0942455856950868,2.5852545549068706,
383871675,3,1.7407407407407407,2.3237666793530662,
383930328,3,5.0,3.4426303382398795,
383942900,3,1.871310434327066,2.342155093926922,
384417763,3,1.0,2.322377858369074,
384777518,3,1.3703703703703702,2.050252447401943,
384787710,3,3.425440131591025,2.6091406479821204,
384964858,3,5.37037037037037,3.940907836883518,
384966818,3,1.0942455856950868,2.236447789050928,
385603410,3,1.0,1.9283372286587586,
385746397,3,6.370370370370369,2.92876250021742,
386025280,3,1.0,1.8011428566884984,
386141946,3,4.62962962962963,3.524656785196403,
386691251,3,3.0,2.9682299604797913,
386769674,3,1.0,3.1263033284228605,
387151701,3,1.871310434327066,3.1108160322405416,
387749534,3,1.0942455856950868,2.798764884505669,
388149783,3,1.0942455856950868,3.0623987416736416,
388429429,3,4.0,3.111726793097004,
389012725,3,1.0,1.6568542918936693,
389373435,3,1.0,2.712877435662782,
389493326,3,1.0942455856950868,3.4167382207795853,
390328419,3,1.0,3.123117410571958,
390437997,3,2.4814814814814814,3.6504677813385413,
390654104,3,2.6296296296296293,1.930183990146763,
391047746,3,1.0942455856950868,2.161380409633379,
392279684,3,4.202504980223004,2.0863315269623355,
392279952,3,1.871310434327066,3.477255894282014,
393050114,3,4.202504980223004,1.9370254391582267,
393852002,3,2.3703703703703702,2.207197185839168,
394046897,3,1.0942455856950868,1.964058628558745,
394087598,3,1.871310434327066,2.265144395284758,
394450709,3,2.3703703703703702,1.4236021471071374,
394805181,3,3.425440131591025,2.8248921827573774,
394805238,3,3.425440131591025,2.8248921827573774,
394908535,3,1.871310434327066,3.4622239561144883,
395056071,3,1.0,1.6542468625054414,
395677069,3,6.0,3.5630057018152126,
396498739,3,5.0,5.6979224289750094,
396567976,3,1.871310434327066,3.52801307905413,
396661925,3,3.740740740740741,3.7054863383813927,
396788437,3,1.0,1.4518947813995573,
397874438,3,8.0,4.407575447076396,
397923642,3,1.0942455856950868,3.2994360026140224,
398027783,3,1.0,1.684005217721705,
398481592,3,1.0,1.0,
398843756,3,1.871310434327066,3.3344766548351004,
399144660,3,1.0,2.7252150389020917,
399418579,3,2.111111111111111,3.3398562573571153,
399930724,3,4.111111111111111,2.657499836614175,
400066613,3,1.0,1.0,
400078855,3,1.0,1.0212016372891273,
400178717,3,6.7407407407407405,3.653533053445048,
400223648,3,2.7407407407407405,3.0651800737274058,
400261413,3,1.0,1.0,
400485584,3,5.7407407407407405,2.6612794183611115,
400530170,3,1.3703703703703702,1.0701939510734566,
400530861,3,1.0,1.8165458286735379,
400696003,3,5.0,2.7613273116049406,
400927821,3,1.0942455856950868,1.6487244346473555,
400959905,3,1.6296296296296298,1.9482813064339697,
400991624,3,3.425440131591025,3.0422363715821046,
401085637,3,3.425440131591025,3.0856219625220773,
401268293,3,1.7407407407407407,2.7868347811793694,
401268649,3,1.0942455856950868,2.4707773958299466,
401497877,3,6.7407407407407405,4.486164806047397,
401791199,3,1.0,3.110023266916059,
401839015,3,6.370370370370369,3.7950436269505317,
402274003,3,4.979569828854984,3.3916317252647596,
402462036,3,3.0,2.527471497866629,
402462286,3,4.202504980223004,2.1227359451351306,
402462565,3,3.425440131591025,2.2416643852248113,
402554430,3,2.0,2.190610651624221,
402663467,3,4.0,2.194147882437413,
402914440,3,3.518518518518518,3.2167807231762358,
402973661,3,1.871310434327066,2.551170884994028,
402973688,3,4.111111111111111,3.0831701564101732,
402975476,3,2.0,1.6568202163023877,
403057637,3,4.979569828854984,3.6553658974586782,
403160790,3,1.0942455856950868,2.3884640917405653,
403202708,3,1.0,1.3692843666409336,
403340401,3,1.0,1.2656539626192331,
403675514,3,1.0,3.571509397173392,
404068300,3,1.0,2.308905726314813,
404138438,3,1.0,2.003927230227279,
404332023,3,1.6296296296296298,2.706949077842196,
404755199,3,1.871310434327066,3.3663357036213775,
404825643,3,2.648375282959045,2.397511944025671,
404912057,3,1.0,1.4174867396891737,
404985851,3,2.0,4.015413255201393,
405586796,3,2.0,1.2685350571496077,
405716550,3,2.0,2.3322583616385786,
406086933,3,6.111111111111111,2.5956205449107994,
406224712,3,4.202504980223004,4.319762552683131,
406355020,3,3.425440131591025,2.9741091005640126,
406549156,3,1.0942455856950868,2.482812396312673,
407028864,3,1.3703703703703702,1.4651446422322207,
407252186,3,1.6296296296296298,1.245186588333282,
407360931,3,1.6296296296296298,3.2787045778352746,
407461762,3,5.0,4.619760609760231,
407649988,3,1.0942455856950868,2.114949107431969,
407753234,3,1.3703703703703702,2.2633700495375644,
407783381,3,2.3703703703703702,2.2948156637325337,
407923106,3,3.0,2.8227530261121103,
407978724,3,2.648375282959045,3.2255395463455256,
408000110,3,4.0,3.2439568867569917,
408286174,3,6.7407407407407405,3.6909939753460512,
408391810,3,1.0942455856950868,2.373139628029417,
408466833,3,3.740740740740741,3.786202489830613,
408490480,3,1.7407407407407407,3.42271507819536,
408543031,3,5.999999999999999,3.6124915693314845,
408568963,3,1.0,1.0,
408578149,3,1.3703703703703702,1.5267931074266157,
408672088,3,1.0,1.0758732390547205,
408772267,3,1.0942455856950868,2.403500652039117,
408781970,3,1.0,3.809334503793793,
409026200,3,1.0942455856950868,2.1624284824793536,
409120922,3,1.6296296296296298,1.0,
409127688,3,2.0,2.0475383409259216,
409868022,3,1.0,1.0,
409868178,3,1.0,2.300224421948001,
410100403,3,1.0,2.3845594505945353,
410254833,3,4.979569828854984,2.9804500078325247,
410267376,3,1.0942455856950868,3.811449485522647,
410280560,3,1.0,2.0851682238006415,
410281046,3,1.0,3.202721310726744,
410864402,3,1.0942455856950868,3.747589166938485,
410952580,3,1.0,1.289425058500433,
411282654,3,5.7566346774869634,2.861269043537547,
411490383,3,1.0,1.3306337084825008,
411566829,3,1.0,1.2551681859796204,
411589556,3,6.0,2.701717280792888,
411595177,3,3.740740740740741,4.485733222226565,
411595431,3,1.871310434327066,3.805282538188771,
411595548,3,6.0,2.442143307871147,
411606821,3,2.7407407407407405,3.0719744545304715,
411671928,3,1.871310434327066,2.5096641324977855,
411672051,3,2.648375282959045,3.2346619052011105,
411683224,3,1.0,2.431431739413256,
411789793,3,1.7407407407407407,1.4428759567865854,
411789887,3,1.0,1.0,
411859088,3,1.0942455856950868,3.2359220160725033,
411881180,3,1.871310434327066,3.5629117838987527,
411884706,3,1.0,2.2362976794025293,
411913737,3,1.0942455856950868,3.289596899427476,
411928490,3,3.0,3.5373310372622764,
411958253,3,1.0942455856950868,2.493410510439481,
412024546,3,1.0,1.0756762842793868,
412024806,3,4.7407407407407405,2.144072409929395,
412113660,3,4.0,2.510916426056311,
412136285,3,1.0942455856950868,2.616571793339765,
412149764,3,1.0,1.0,
412181144,3,6.7407407407407405,4.280127242898264,
412190785,3,5.481481481481481,3.2840153562749212,
412236985,3,3.425440131591025,3.1355086337278664,
412269301,3,2.648375282959045,2.8922761386045215,
412309996,3,1.0,3.10544847548877,
412373377,3,6.533699526118942,2.7251006001298785,
412374271,3,1.871310434327066,2.213292498865438,
412406148,3,1.0942455856950868,2.388639542944873,
412406255,3,1.3703703703703702,3.0953463103253216,
412472636,3,1.0,1.4723904708408315,
412515195,3,1.3703703703703702,4.333484843017976,
412521704,3,1.0,1.1302110324358918,
412569057,3,1.0942455856950868,2.4864809912347168,
412582162,3,2.3703703703703702,2.646307619408377,
412595308,3,6.7407407407407405,5.197194119264423,
412719646,3,1.0942455856950868,2.1573732928311484,
412754051,3,1.0,1.2857268426496145,
412766363,3,1.0,1.2972820904171836,
412781254,3,2.648375282959045,2.692602486021534,
412781358,3,1.0,1.2250754327501845,
412928406,3,1.0,1.0,
412965951,3,5.7566346774869634,2.6728140441540105,
412985206,3,1.0,1.429886236203382,
412986171,3,1.7407407407407407,1.5020436407430129,
413011203,3,5.7407407407407405,3.555473599163547,
413016176,3,5.0,2.583045909393776,
413023200,3,2.3703703703703702,1.9252279014066318,
413024473,3,1.3703703703703702,2.3020776290275933,
413024792,3,6.7407407407407405,2.7493304708428603,
413033784,3,5.7566346774869634,2.8517768720447725,
413042956,3,1.0942455856950868,2.6234520931578382,
413070547,3,3.740740740740741,2.630795922055497,
413101443,3,3.3703703703703702,2.81664938330251,
413123507,3,1.0,2.0568184704654358,
413189613,3,1.0,1.0,
413228226,3,1.0,3.378517526841371,
413249363,3,1.0,1.0389708287883455,
413322883,3,1.0,1.9357631684534444,
413331580,3,1.0,1.216667775369931,
413345788,3,1.0942455856950868,2.3518514221678406,
413348127,3,1.0942455856950868,3.2950218659884043,
413353615,3,3.0,2.693202666111028,
413374561,3,1.0,3.945304552776662,
413401287,3,1.6296296296296298,2.227411533157798,
413413641,3,1.0,3.3151256521633945,
413431393,3,1.0,1.11476694468546,
413468897,3,4.0,2.8584229051401477,
413469458,3,1.871310434327066,3.1969473006140143,
413504247,3,1.0,1.0465519058805954,
413507525,3,1.871310434327066,3.433943892980222,
413550946,3,3.0,2.6193138273267964,
413584725,3,1.0942455856950868,2.3074132596588157,
413605653,3,5.0,2.5794952237431588,
413636591,3,1.0,2.3544713674996265,
413640937,3,1.0,1.5280637567529607,
413652864,3,1.0,1.0968257493265425,
413688208,3,2.0,1.0253879961396826,
413688650,3,1.0,1.0381019691112896,
413715507,3,1.0942455856950868,2.9408293494458935,
413720392,3,1.0,2.6421720351180227,
413721968,3,1.6296296296296298,2.831325340570075,
413743820,3,1.0,1.0,
413765365,3,1.871310434327066,2.187075988439675,
413783223,3,1.0,1.2959151434561318,
413807609,3,1.3703703703703702,2.3106044656473066,
413808025,3,1.0,2.963975965715377,
413813065,3,1.0,1.3625402706325236,
413831136,3,1.0,1.1748150821230148,
413839272,3,1.3703703703703702,1.0,
413849142,3,1.0942455856950868,1.965971842924796,
413893112,3,1.0942455856950868,2.5783988999170777,
413929669,3,4.0,2.291168015052251,
413929855,3,1.0,1.0,
413936749,3,1.0,1.0,
413940956,3,1.0,1.1280708615598072,
413941897,3,4.851851851851851,3.503157498158014,
413943789,3,2.0,2.561639984777151,
413945586,3,1.0,1.0,
413946439,3,1.0,1.0,
413947771,3,4.0,1.5822449171929587,
413948459,3,1.3703703703703702,1.0,
413948703,3,3.0,2.8267969807036506,
413949830,3,1.0942455856950868,2.0119064937528264,
413950589,3,1.0,1.0,
413951947,3,1.0942455856950868,1.1137224631860994,
413956402,3,5.0,3.2500442823751854,
413967148,3,2.3703703703703702,3.0441548575869923,
413968228,3,1.0,1.3812207633818692,
413975039,3,1.3703703703703702,2.18309450117166,
413976280,3,1.0,2.245075889279125,
413980397,3,1.0,1.0,
413982796,3,1.0,1.0,
413984684,3,6.111111111111111,4.243871295385932,
413985365,3,3.740740740740741,2.749954799667938,
413985879,3,2.648375282959045,2.100898182310896,
413985992,3,4.202504980223004,2.868955239016687,
413989106,3,1.0,2.8375409537237135,
413990558,3,3.0,1.8166318972719635,
thread_10075915_starter,3,2.648375282959045,5.610006461654638,
thread_10157128_fatmjoon_1401/10/29 10:27,3,1.3703703703703702,3.5073834736449814,
thread_10168513_starter,3,1.0942455856950868,3.0095982712567064,
thread_10271904_starter,3,5.7566346774869634,5.235594061453405,
thread_10301684_starter,3,4.0,4.551137109683876,
thread_10354240_starter,3,3.0,5.488788762637924,
thread_10380504_تیادا_1401/11/28 01:40,3,1.0,1.6044733710557724,
thread_10524790_starter,3,6.533699526118942,6.549964849102579,
thread_10529758_starter,3,6.370370370370369,6.28017461111118,
thread_10571539_مامانmasi_1401/12/21 20:20,3,1.3703703703703702,1.4415991685618765,
thread_10613318_starter,3,5.7566346774869634,6.005035680191398,
thread_10614978_starter,3,4.0,4.691514311570113,
thread_10663500_starter,3,5.7566346774869634,6.448545557785485,
thread_10824080_starter,3,4.202504980223004,5.178888049738847,
thread_11036040_82ayhan_1402/02/17 19:54,3,1.0,1.0884726400992535,
thread_11073524_starter,3,7.310764374750923,6.443697444314886,
thread_11093436_starter,3,1.0942455856950868,3.2405231335003797,
thread_11186657_saeede7598_1402/03/06 20:47,3,1.0,3.526437451374254,
thread_11186657_دختر_بهار۷۴۷۴_1402/03/07 12:58,3,1.0,1.2853606225651308,
thread_11242037_starter,3,1.0,2.1106109666946034,
thread_11266970_starter,3,4.979569828854984,5.249829502038843,
thread_11418445_sahar11112222_1402/04/05 22:57,3,1.7407407407407407,3.32101394949838,
thread_11418445_همسرممدقلی_1403/02/09 09:17,3,5.7566346774869634,3.0952700989549724,
thread_11435666_starter,3,6.533699526118942,5.673642043318854,
thread_11488172_starter,3,5.37037037037037,6.273782784948915,
thread_11497657_starter,3,3.0,5.932568083649688,
thread_11548790_فرییییناززز_1402/04/23 01:03,3,1.871310434327066,3.9563199469599803,
thread_11697019_starter,3,6.111111111111111,6.486436620677722,
thread_11722190_starter,3,3.0,4.716633942316314,
thread_11747162_starter,3,7.481481481481481,7.0924078992833754,
thread_11761411_ebooo_1402/05/19 13:31,3,7.0,2.8097258663332516,
thread_11816883_فنچ_قرمز_1402/05/26 15:13,3,7.370370370370369,5.184111328982193,
thread_11853416_starter,3,7.370370370370369,6.4310129857888505,
thread_11868956_starter,3,2.3703703703703702,3.927741508671409,
thread_11910445_starter,3,3.425440131591025,5.797290880251497,
thread_11937770_روغن_کرچک_1402/06/11 04:07,3,1.7407407407407407,1.1481399517756126,
thread_12008908_starter,3,5.999999999999999,6.139706501652687,
thread_12057844_starter,3,6.481481481481481,5.760736769227847,
thread_12087647_میناالسلطنه_1402/06/31 15:19,3,4.202504980223004,3.736000401575324,
thread_12239309_starter,3,7.370370370370369,5.68608163984745,
thread_12273353_starter,3,5.7407407407407405,5.493655016099405,
thread_12296938_starter,3,8.11111111111111,7.182034611250147,
thread_12321228_starter,3,8.11111111111111,6.832573538490308,
thread_12372198_۲۷_1402/08/20 17:59,3,3.4814814814814814,4.359318737978124,
thread_12564950_starter,3,6.7407407407407405,5.318994686632092,
thread_12605901_starter,3,4.0,7.820622180149126,
thread_12636138_starter,3,4.979569828854984,5.724296026117227,
thread_12638391_starter,3,5.999999999999999,6.362035742036811,
thread_12728992_starter,3,4.202504980223004,3.2200346632362713,
thread_12728995_starter,3,4.202504980223004,3.206073575685981,
thread_12800806_starter,3,3.740740740740741,5.063870618133415,
thread_12931667_starter,3,3.0,5.574369046108239,
thread_12935391_starter,3,5.7566346774869634,6.0197681044350535,
thread_12969680_starter,3,6.533699526118942,6.5342817517147385,
thread_12997161_starter,3,5.7566346774869634,5.880508227332744,
thread_13070976_starter,3,4.979569828854984,5.9824488588233,
thread_13104443_نازدار۹۰_1402/12/05 07:28,3,5.0,2.8865323987622995,
thread_13147361_starter,3,3.425440131591025,5.9879277600140535,
thread_13249429_starter,3,4.202504980223004,4.9788227025390706,
thread_13408986_starter,3,7.111111111111111,5.425899962953174,
thread_13438150_starter,3,6.0,5.9825437248063675,
thread_13504806_starter,3,1.0,2.4288362691997474,
thread_13540922_starter,3,4.202504980223004,3.6859000188663193,
thread_13611517_starter,3,6.533699526118942,6.129605615049549,
thread_13649585_starter,3,4.979569828854984,4.832334450339081,
thread_13661129_starter,3,1.871310434327066,5.353894827112345,
thread_13687761_starter,3,1.0942455856950868,2.358629939853551,
thread_13705206_starter,3,3.425440131591025,5.989698104102324,
thread_13799384_starter,3,4.37037037037037,6.175294098784929,
thread_13877273_starter,3,5.7566346774869634,5.655620699143077,
thread_13884102_starter,3,3.425440131591025,5.463342741859927,
thread_13917281_starter,3,5.7566346774869634,5.6516487063853775,
thread_13919253_starter,3,1.0942455856950868,3.5865998824929903,
thread_14050705_starter,3,2.7407407407407405,5.271388454724429,
thread_14136554_starter,3,4.979569828854984,5.955030972914216,
thread_14156597_starter,3,3.3703703703703702,5.848925319241069,
thread_14239168_starter,3,3.425440131591025,4.0033240288521625,
thread_14241794_starter,3,3.425440131591025,3.770039837890908,
thread_14246904_starter,3,6.533699526118942,5.282472359152386,
thread_14266145_starter,3,1.871310434327066,3.3873405900335825,
thread_14284258_starter,3,5.7407407407407405,6.2659763714634,
thread_14344920_starter,3,8.0,6.146004252946788,
thread_14350740_starter,3,4.0,6.321172578190015,
thread_14391419_mahshar666_1403/06/09 03:30,3,2.3703703703703702,3.01320341967196,
thread_14421126_starter,3,5.0,4.425573056456278,
thread_14430366_starter,3,2.3703703703703702,5.707431097124303,
thread_14448586_starter,3,3.425440131591025,5.5936919827937235,
thread_14488234_starter,3,5.111111111111111,5.733728508903335,
thread_14493340_starter,3,3.425440131591025,5.427502779649043,
thread_14509584_starter,3,3.425440131591025,3.18728768906938,
thread_14512506_starter,3,6.533699526118942,5.82316062164611,
thread_14667007_starter,3,4.979569828854984,6.124704459497492,
thread_14671762_starter,3,3.425440131591025,5.925550484829381,
thread_14678485_starter,3,3.425440131591025,5.662908646820053,
thread_14692231_starter,3,4.202504980223004,3.320171870288327,
thread_14752993_starter,3,5.7566346774869634,5.692661237241746,
thread_14844287_starter,3,5.7407407407407405,6.387102593825872,
thread_14883164_starter,3,3.3703703703703702,4.31313428692661,
thread_14941512_starter,3,6.533699526118942,5.663840141307577,
thread_15039699_starter,3,7.310764374750923,6.454502707891082,
thread_15083603_starter,3,7.310764374750923,6.453010057842879,
thread_15148253_starter,3,7.310764374750923,6.229961821934882,
thread_15171260_starter,3,4.111111111111111,5.579977486008032,
thread_15177316_starter,3,5.7566346774869634,5.731912235247466,
thread_15243272_starter,3,5.7566346774869634,5.696868431739236,
thread_15361591_starter,3,7.370370370370369,5.868717884386182,
thread_15380973_starter,3,1.3703703703703702,2.3655587386967074,
thread_15409437_starter,3,4.979569828854984,5.9926279516835335,
thread_15409968_starter,3,7.310764374750923,5.754784947943584,
thread_15414641_starter,3,5.37037037037037,5.032416716040379,
thread_15480139_starter,3,4.202504980223004,6.466204282568889,
thread_15527747_starter,3,6.111111111111111,3.757180453512597,
thread_15552012_starter,3,5.7566346774869634,5.736307553739396,
thread_15575708_starter,3,4.111111111111111,4.958371842511481,
thread_15684453_starter,3,5.851851851851852,5.342021885784497,
thread_15711932_starter,3,7.0,6.677182892696687,
thread_15738399_starter,3,2.3703703703703702,5.707107290985449,
thread_15749264_starter,3,6.111111111111111,5.562779693781015,
thread_15761768_starter,3,4.111111111111111,5.305488421903648,
thread_15832348_starter,3,3.740740740740741,5.313261558647959,
thread_15832766_starter,3,1.0942455856950868,3.892002644626708,
thread_15844616_starter,3,1.3703703703703702,3.500063414394606,
thread_15851205_starter,3,7.370370370370369,4.910793634554496,
thread_15885938_starter,3,8.11111111111111,6.054326641655267,
thread_15902238_starter,3,4.979569828854984,2.804229594534827,
thread_15978778_starter,3,6.533699526118942,5.229317643717183,
thread_16000404_starter,3,4.202504980223004,6.220938634625528,
thread_16071629_starter,3,6.0,5.22810403918044,
thread_16088499_starter,3,3.425440131591025,5.332072482515876,
thread_16108558_starter,3,7.0,5.446897943811024,
thread_16112035_starter,3,4.202504980223004,5.399069410287994,
thread_16163229_starter,3,6.533699526118942,5.97720049785085,
thread_16169469_starter,3,7.111111111111111,5.956754663956646,
thread_16189574_starter,3,7.310764374750923,6.4791152218986126,
thread_16197390_starter,3,4.202504980223004,3.691361989479004,
thread_16215830_starter,3,1.0942455856950868,2.411711903068555,
thread_16237920_starter,3,5.7566346774869634,6.394742668364396,
thread_16237925_starter,3,5.7566346774869634,6.376052376482766,
thread_16278250_starter,3,7.310764374750923,6.34601601235112,
thread_16297414_starter,3,3.0,6.129300308155792,
thread_16302658_starter,3,7.74074074074074,5.8711024941552115,
thread_16388618_starter,3,8.0,5.868847705275101,
thread_16400321_starter,3,4.979569828854984,5.516089110702791,
thread_16455691_starter,3,5.37037037037037,6.140525029623772,
thread_16483428_starter,3,2.7407407407407405,5.299938712065107,
thread_16524989_starter,3,1.0,2.1932548467212056,
thread_16528408_starter,3,1.0,2.5790668525261946,
thread_16537825_starter,3,7.74074074074074,6.262351892675698,
thread_16562012_starter,3,6.111111111111111,5.46320861111654,
thread_16582544_starter,3,4.7407407407407405,5.665139910616857,
thread_16603737_starter,3,3.425440131591025,5.456194421867533,
thread_16610836_starter,3,4.202504980223004,5.949447708761587,
thread_16611375_starter,3,2.648375282959045,3.6957926046311416,
thread_16623266_starter,3,6.533699526118942,5.862445434876193,
thread_16629578_starter,3,4.202504980223004,5.778344755083982,
thread_16749635_starter,3,4.979569828854984,5.246551528564504,
thread_16818818_starter,3,1.0,2.6733824033303,
thread_16829760_starter,3,5.7566346774869634,6.412588050273386,
thread_16852577_starter,3,6.7407407407407405,4.462441628264815,
thread_16877614_starter,3,7.0,6.229042145775585,
thread_16894277_starter,3,3.425440131591025,5.349428911215722,
thread_16965234_starter,3,3.425440131591025,5.190627150236484,
thread_17052719_starter,3,5.37037037037037,5.971033434342061,
thread_17109815_starter,3,1.0,2.048381961291671,
thread_17115722_starter,3,5.0,4.947274312270526,
thread_17150968_starter,3,8.74074074074074,5.64341509461879,
thread_17175184_starter,3,1.871310434327066,5.381885214091884,
thread_17194412_starter,3,4.0,4.148988326908065,
thread_17310367_starter,3,1.7407407407407407,5.299898963964503,
thread_17319060_starter,3,7.74074074074074,6.258791320541967,
thread_17360920_starter,3,1.0942455856950868,2.2069749605662548,
thread_17362613_starter,3,7.0,4.964614022516798,
thread_17397394_starter,3,3.3703703703703702,5.3602144518140165,
thread_17400696_starter,3,7.0,5.3568574016254455,
thread_17438084_starter,3,5.7566346774869634,5.952299092100705,
thread_17464743_starter,3,6.0,5.75583240720056,
thread_17467183_starter,3,4.111111111111111,4.912867996228899,
thread_17495869_starter,3,7.0,5.481135129349613,
thread_17498121_starter,3,5.7566346774869634,5.661700814945436,
thread_17506983_starter,3,4.202504980223004,5.055577586270193,
thread_17533093_starter,3,1.7407407407407407,2.2387343425873816,
thread_17533618_starter,3,4.202504980223004,5.256414871705326,
thread_17534706_starter,3,3.425440131591025,5.346973458625457,
thread_17539498_starter,3,8.11111111111111,5.672834543125519,
thread_17541071_starter,3,1.3703703703703702,4.7819029875363555,
thread_17583781_starter,3,7.310764374750923,5.626981240211492,
thread_17604946_starter,3,4.979569828854984,4.985149112316024,
thread_17611819_starter,3,5.7407407407407405,5.227963172045074,
thread_17654496_starter,3,3.425440131591025,5.294308775632317,
thread_17656665_starter,3,2.648375282959045,3.5505102698892324,
thread_17667077_starter,3,3.3703703703703702,3.003672870258335,
thread_17680065_starter,3,6.370370370370369,5.306566902562441,
thread_17729998_starter,3,7.0,5.605673968048565,
thread_17735641_starter,3,1.871310434327066,5.760983176347564,
thread_17740143_starter,3,7.74074074074074,5.050052073725348,
thread_17750155_starter,3,6.370370370370369,5.216800128100271,
thread_17754234_starter,3,4.979569828854984,5.127821650701867,
thread_17798248_starter,3,6.111111111111111,6.010006424975996,
thread_17798894_starter,3,3.0,2.5394426648102644,
thread_17811541_starter,3,1.3703703703703702,2.4674017438792673,
thread_17812767_starter,3,5.481481481481481,5.856764351171879,
thread_17839978_starter,3,5.7566346774869634,4.923580414604434,
thread_17841121_starter,3,6.111111111111111,4.632563230909216,
thread_17843090_starter,3,4.0,4.880324354320107,
thread_17844445_starter,3,3.3703703703703702,3.576172509482645,
thread_17864783_starter,3,2.648375282959045,5.016604279774308,
thread_17877062_starter,3,8.0,7.630798435420296,
thread_17881755_starter,3,4.979569828854984,5.170824942270439,
thread_17890635_starter,3,4.37037037037037,4.860239928572557,
thread_17902031_starter,3,5.7566346774869634,5.982665457655661,
thread_17920438_starter,3,8.0,6.760019353659585,
thread_17943587_starter,3,3.425440131591025,5.048439453004657,
thread_17959744_starter,3,3.425440131591025,4.957614795123012,
thread_17962386_starter,3,3.425440131591025,5.128759827263077,
thread_17972915_starter,3,7.310764374750923,5.752185675367937,
thread_17974402_starter,3,4.202504980223004,3.7575099291447636,
thread_17974892_starter,3,7.310764374750923,6.25812737841647,
thread_17980414_starter,3,5.111111111111111,5.621753716452012,
thread_17985794_starter,3,6.533699526118942,5.7058558935159756,
thread_17986997_starter,3,1.871310434327066,3.075499008862982,
thread_17990019_starter,3,5.7566346774869634,5.733710058272178,
thread_17990487_starter,3,1.871310434327066,2.6175518958449064,
thread_17993010_starter,3,2.648375282959045,3.2762687401736104,
thread_17997246_starter,3,5.7566346774869634,5.017195965605527,
thread_18002803_starter,3,4.979569828854984,5.54791985682016,
thread_18009078_starter,3,4.979569828854984,5.656620382644448,
thread_18009386_starter,3,6.111111111111111,3.5998846666489186,
thread_18010454_starter,3,7.111111111111111,5.702661031730616,
thread_18013565_starter,3,4.979569828854984,4.984489394739708,
thread_18027846_starter,3,2.648375282959045,5.436488545565336,
thread_18032675_starter,3,1.0942455856950868,2.580674975466822,
thread_18036092_starter,3,8.0,4.994175126838212,
thread_18039553_starter,3,3.3703703703703702,5.960608263281637,
thread_18041718_starter,3,2.648375282959045,4.723829850944849,
thread_18045693_starter,3,5.7407407407407405,5.565412257952989,
thread_18047633_starter,3,1.0942455856950868,2.8459307438061954,
thread_18050274_starter,3,6.111111111111111,5.9388343294243455,
thread_18050457_starter,3,3.425440131591025,6.198855511397035,
thread_18053993_starter,3,7.310764374750923,6.407030935490596,
thread_18071212_starter,3,8.0,4.959935861669932,
thread_18071475_starter,3,5.37037037037037,5.6122372631651345,
thread_18071998_starter,3,7.74074074074074,6.232804927028132,
thread_18103237_starter,3,1.0,3.8501588501898314,
thread_18114692_starter,3,4.7407407407407405,2.937019251852355,
thread_18117088_starter,3,1.0942455856950868,2.832618432576237,
thread_18118732_starter,3,1.0,3.7465636121929204,
thread_18118972_starter,3,1.0942455856950868,2.4712078310766783,
thread_18119187_starter,3,3.740740740740741,5.477133723855016,
thread_18129952_starter,3,4.7407407407407405,4.8546085275508934,
thread_18137958_starter,3,7.0,5.978250976097641,
thread_18138358_starter,3,1.0942455856950868,3.4201656030164185,
thread_18138674_starter,3,3.425440131591025,2.4189798162608613,
thread_18139276_starter,3,2.259259259259259,5.28492600278809,
thread_18140121_starter,3,2.0,3.6105298353789825,
thread_18140149_starter,3,4.0,4.37342363939854,
thread_18140156_starter,3,5.7407407407407405,4.453662878404818,
thread_18140808_starter,3,6.0,4.683223464576584,
thread_18141430_starter,3,1.3703703703703702,2.5544497325056574,
thread_18141890_starter,3,5.0,4.729867336961567,
thread_18142065_starter,3,3.3703703703703702,3.9331456363982134,
thread_18143009_starter,3,1.0942455856950868,2.102539838442579,
thread_18143402_starter,3,1.0,2.3205311773153356,
thread_18144275_starter,3,1.871310434327066,2.691178045117306,
thread_6128613_starter,3,1.871310434327066,2.7615979875742163,
thread_6215718_داستان_زندگیم_1400/01/17 12:48,3,1.0,1.0,
thread_6215718_قورمه؛سبزی_1400/01/17 12:55,3,1.0942455856950868,2.400720262720708,
thread_6215718_مانلی۴۴۴_1400/01/17 12:51,3,5.37037037037037,6.071737898254532,
thread_6235224_7379ali_1400/01/20 03:54,3,1.0,3.4588615061712584,
thread_6358267_starter,3,7.111111111111111,6.802859658306611,
thread_6709616_starter,3,6.533699526118942,6.250041452991174,
thread_6709616_خاله_خرسه_مهربون_1400/03/30 23:29,3,1.871310434327066,2.813968768924032,
thread_6735816_mobi200_1400/04/04 12:06,3,5.999999999999999,4.89924198967894,
thread_7136669_mamy_reyhan72_1400/06/05 20:39,3,3.4814814814814814,3.523001865191354,
thread_7136669_منچ9_1400/06/05 20:41,3,2.648375282959045,4.107696095533091,
thread_7161040_دخترکلاسیک_1400/06/09 15:21,3,1.0,3.4171646012657027,
thread_7161040_کاربری_جدید_1400/06/09 15:34,3,1.6296296296296298,2.923545262073737,
thread_7188582_jila1375_1400/06/13 20:04,3,1.3703703703703702,1.225213213142554,
thread_7291377_starter,3,6.999999999999999,5.508495353877512,
thread_7574999_banou_909_1400/08/15 21:02,3,7.0,4.936197582331419,
thread_7853973_آنا_anna_1400/10/05 22:54,3,1.0,3.0098674469337774,
thread_8569951_سوگند۲۵۵۱۰_1401/02/10 00:31,3,3.111111111111111,3.2411502605412945,
thread_8569951_مامان_بارانا15_1401/02/10 00:25,3,1.871310434327066,2.190721979016832,
thread_8716736_starter,3,7.0,5.937063381028747,
thread_8716736_دکتر0فاطمه0زرین_1401/03/04 07:20,3,5.7407407407407405,5.994086387399284,
thread_8735629_ندايييي_1401/03/07 14:44,3,2.7407407407407405,1.6369370796113243,
thread_8737068_monarch_1401/03/07 19:13,3,1.0,3.253495553130297,
thread_8771170_banoazar_1401/03/13 16:03,3,1.0,1.0917499353967357,
thread_8793837_starter,3,6.111111111111111,5.524555012688401,
thread_9080191_girizli_1401/05/03 09:56,3,1.0,1.0129552732847862,
thread_9381868_starter,3,5.0,6.469513872483377,
thread_9396920_feriii75_1401/06/23 22:29,3,1.0,2.040517546168135,
thread_9409801_starter,3,4.0,3.4075068250610347,
thread_9576910_starter,3,6.370370370370369,5.519405216333267,
thread_9622949_starter,3,5.0,4.8642914526826,
thread_9645600_starter,3,4.0,4.355450842118033,
thread_9677762_starter,3,1.0,2.5714474926996047,
thread_9730976_starter,3,3.851851851851852,5.98952647590527,
thread_9761432_توپتوپی_1401/09/06 09:40,3,6.0,4.8419147942394725,
thread_9821639_sofisam_1401/09/15 00:46,3,1.0,2.6862337005687777,
thread_9821639_النازی۲۳۷_1401/09/15 00:44,3,5.37037037037037,4.403343178618894,
thread_9880759_liananill_1401/09/23 18:18,3,1.0,1.3544920422769682,
246934094,4,4.111111111111111,3.127178252103369,
253620712,4,3.0,2.0257620383278505,
256256892,4,1.0,1.0336389297091513,
256282370,4,1.0,1.022546195910805,
264035678,4,3.0,3.728100523708654,
267730400,4,2.648375282959045,3.4502791331800724,
268736106,4,1.0,1.6565417261800888,
268738659,4,1.871310434327066,2.7276847405016014,
270837757,4,2.648375282959045,3.1626999953368995,
274321937,4,1.871310434327066,3.1959802458764686,
274322446,4,6.370370370370369,3.469307362840402,
274395221,4,1.871310434327066,2.248606230398414,
274427349,4,1.0942455856950868,2.456063072329205,
274477548,4,1.0,2.6439408397706554,
274683060,4,1.0,2.6418545645201945,
274692036,4,1.0,4.0204530505127805,
275181801,4,4.7407407407407405,4.470678645295488,
275183139,4,1.0942455856950868,2.4121588114508246,
275183317,4,6.0,5.161706965783024,
277747503,4,2.648375282959045,3.38079061974459,
280307922,4,4.0,1.981925776404524,
280309949,4,4.37037037037037,3.921222758730247,
281067740,4,1.0,3.353757186536817,
281943173,4,2.648375282959045,3.958167703310134,
286234919,4,1.0,1.1445242668510915,
286240681,4,3.0,3.224806753372972,
286488682,4,1.0,1.1911221737174333,
286883261,4,3.3703703703703702,3.9122371457644154,
288153945,4,1.0,3.763827649172561,
289123900,4,1.0,2.126418154355094,
292475344,4,1.871310434327066,2.7617402681166237,
293599232,4,1.0,1.5784851440204193,
293689876,4,1.3703703703703702,1.1457909123541485,
293876867,4,3.0,3.265736512845252,
294666426,4,1.0942455856950868,3.3764738332487565,
294666633,4,1.0942455856950868,3.442329559626173,
295175082,4,1.0942455856950868,1.9716082719713937,
295175694,4,4.202504980223004,3.817675204509145,
295931565,4,1.0,1.7058164042607302,
295985117,4,1.6296296296296298,5.3358358628135125,
295990918,4,4.62962962962963,2.362735280758487,
297269705,4,1.0,3.018610467388208,
297588675,4,6.370370370370369,4.430600879842223,
301030696,4,1.0942455856950868,2.9394017487701642,
301138495,4,1.7407407407407407,1.1086450744110863,
304459083,4,1.0,2.8132895230382506,
305087456,4,1.871310434327066,2.4706480703441973,
305369936,4,3.0,3.4099485982244455,
306439267,4,1.0942455856950868,2.339129537816869,
307315849,4,1.0942455856950868,3.893772904653116,
308312052,4,1.0942455856950868,2.694170810556261,
308806344,4,1.0942455856950868,1.6793218419540246,
309657898,4,4.202504980223004,4.057417205503993,
310274930,4,3.0,2.1894957359710756,
310644582,4,3.425440131591025,2.9061873852297566,
312484467,4,1.0,1.02766141398038,
315785902,4,5.0,2.7545121590007904,
315791219,4,6.111111111111111,3.6721353332650515,
315931806,4,5.0,3.3103168193799606,
316549231,4,1.871310434327066,3.8526657250618137,
316792075,4,5.37037037037037,3.2814077683309373,
317194875,4,1.0,2.277365106141333,
317671572,4,1.0,1.5453776092561289,
318834293,4,3.0,2.093964570277522,
319600734,4,1.0,2.269044435219631,
320016265,4,1.0,1.0,
320098989,4,1.0942455856950868,2.4093658713022688,
320391940,4,4.37037037037037,2.338135773885081,
320760747,4,6.0,4.252792102663602,
320961087,4,3.425440131591025,2.64867991414656,
321454431,4,1.0942455856950868,3.179281377756019,
324259140,4,1.0,2.3317906425751023,
324259214,4,1.0942455856950868,2.892715893988939,
326269561,4,5.111111111111111,5.205457059165939,
326292344,4,1.0,2.2203126810919365,
326376377,4,3.425440131591025,3.327206344671335,
326376873,4,1.0942455856950868,3.205684145958319,
326380032,4,1.0942455856950868,2.277495492093073,
326686027,4,3.425440131591025,3.6527297766937465,
326945194,4,2.3703703703703702,2.9620279631326913,
327325093,4,3.425440131591025,3.3533154913037966,
327747307,4,6.7407407407407405,3.0416647238340166,
328216744,4,3.0,3.1760041166970825,
328217929,4,1.0,1.4437613102518454,
328882623,4,3.425440131591025,3.897256583250684,
329976138,4,5.7566346774869634,2.7224564734215853,
330323789,4,3.0,3.2051501415732915,
330405999,4,1.0942455856950868,2.3971883718565685,
330966322,4,2.111111111111111,2.9364730859463615,
330967302,4,1.0,2.0894703368832417,
331257380,4,1.3703703703703702,3.0887343701699144,
331731875,4,5.999999999999999,4.802163491818951,
332042656,4,1.0942455856950868,2.488803163722959,
332063810,4,1.0,1.5043730751994633,
332672726,4,5.0,3.8601748326345575,
332673561,4,6.533699526118942,4.339747250049833,
333006953,4,1.0,1.0,
333122901,4,1.0,2.396993185416523,
333373786,4,4.7407407407407405,4.750428090462224,
333533237,4,1.0,2.554246216565737,
333535080,4,1.0942455856950868,2.7005603469151507,
334354675,4,1.0942455856950868,2.9609964302685863,
334566826,4,2.111111111111111,2.528801956547544,
335210420,4,6.533699526118942,2.1007631942551295,
335409781,4,1.0942455856950868,2.447335546981507,
335410161,4,4.979569828854984,3.046283818132975,
335595192,4,2.648375282959045,3.3486808756406585,
336148614,4,3.0,3.534706240635095,
336413503,4,2.648375282959045,2.7903420577729037,
336525088,4,4.481481481481481,2.6605831513445537,
336616396,4,1.871310434327066,3.8459090402213727,
336641771,4,1.0942455856950868,3.1892800699831887,
336642133,4,4.202504980223004,4.545258870586645,
336796897,4,1.0,3.7506199613398525,
336983182,4,3.0,2.533326071134642,
336987957,4,1.0942455856950868,2.642495275159081,
337671323,4,4.202504980223004,3.2355327099200633,
337677590,4,4.0,1.8162688137715546,
337726225,4,1.0942455856950868,2.0101323289765363,
338558027,4,1.0,2.155721783234561,
338558546,4,3.0,3.9199196715810665,
338901308,4,1.0,3.656515641361212,
339096124,4,2.3703703703703702,2.36785308536646,
339254762,4,1.6296296296296298,1.4159616396410466,
339372423,4,1.871310434327066,3.0323234072514316,
339376622,4,1.7407407407407407,3.525380789566818,
339505767,4,3.425440131591025,2.8201019999943755,
339682870,4,5.0,2.23388222726392,
339961250,4,1.0942455856950868,2.244934599332428,
339967819,4,3.0,4.266006293988855,
340219139,4,2.648375282959045,2.743335883021931,
341173719,4,1.0,1.865692207616811,
341824025,4,1.0,1.046241446144963,
341953146,4,4.202504980223004,2.907560037322738,
342128484,4,4.202504980223004,4.133813234113349,
342128495,4,4.202504980223004,3.3399924379410364,
342164790,4,3.0,4.121965173444102,
342226490,4,3.740740740740741,2.2496742889125336,
342259337,4,1.0942455856950868,3.704177796557943,
342546455,4,6.0,4.463285801223565,
342738350,4,2.0,1.582790800081757,
342739048,4,1.0,1.4925258484902129,
343078619,4,1.0,1.5294693780245505,
343902964,4,4.481481481481481,4.402560640581271,
344145952,4,1.0,2.097709362784528,
344159000,4,6.111111111111111,4.9891220105470016,
344160529,4,1.6296296296296298,3.02991880111927,
344380469,4,1.0,3.3173318575021984,
344610585,4,1.0942455856950868,2.0462353284948724,
344987304,4,1.0,1.0634212139759236,
345188414,4,1.871310434327066,2.191645058327915,
345216864,4,4.202504980223004,3.41610365988271,
345845297,4,1.0942455856950868,2.4159182116682256,
345878535,4,4.37037037037037,2.777076443875918,
346375157,4,1.871310434327066,3.324761542640676,
346444451,4,1.0,2.6952322933162356,
346726629,4,1.0,1.0,
346946250,4,3.740740740740741,3.7147245563348497,
347458272,4,1.0942455856950868,1.909851918478105,
347980316,4,1.0,2.6800354540721116,
348146407,4,4.0,2.8805263919084996,
348213336,4,1.871310434327066,2.531391516790821,
348744614,4,1.0,1.0,
349049910,4,2.7407407407407405,1.8693625804191134,
349656682,4,1.3703703703703702,2.1928930260524213,
349657259,4,1.0942455856950868,2.0607728455148733,
350127785,4,2.6296296296296293,3.6425262880801763,
350201884,4,5.0,3.130629708927015,
351716160,4,7.74074074074074,2.89826740209329,
351717902,4,1.0942455856950868,4.115342787218353,
352163516,4,1.0942455856950868,3.4856936586825387,
352163544,4,9.0,4.020360185445474,
353050687,4,2.0,4.190947639764447,
353222990,4,1.0942455856950868,2.9050654411523587,
353866427,4,1.0942455856950868,3.2757793382669553,
354054400,4,1.6296296296296298,2.1997932409652012,
354578466,4,3.0,3.6451898118942916,
355964444,4,3.0,3.976862044479832,
355964555,4,1.0,2.6129405373368866,
356070629,4,3.0,4.0448998720516,
356112030,4,3.425440131591025,2.6753167043888046,
356140809,4,5.0,3.7821308488873626,
356288995,4,1.3703703703703702,1.0,
356398244,4,5.7566346774869634,2.5267298572693497,
356399699,4,1.0,1.3153615451154206,
356637183,4,1.0,2.9729636888590867,
356870227,4,1.0,1.0,
356885507,4,1.0,1.1774527817108726,
357764556,4,2.851851851851852,4.127631387459882,
358458518,4,1.0942455856950868,2.080829059036276,
358580751,4,1.0,1.8195117671393075,
358663611,4,6.7407407407407405,6.055850218714765,
359198355,4,2.0,4.207709699568173,
359315644,4,1.6296296296296298,1.476062326250358,
359345697,4,1.0,1.0,
359403808,4,1.0,4.357221179344511,
359672283,4,3.0,3.4724629154350755,
359751904,4,2.0,2.2841833995663903,
359785490,4,2.648375282959045,2.9012146310127265,
359855194,4,4.202504980223004,3.299148925509141,
360116850,4,1.0,1.4919756311763273,
360678420,4,1.0942455856950868,3.5326704281406704,
360794991,4,1.871310434327066,2.987624562860474,
361147615,4,1.0,3.978713864810033,
361429739,4,5.7566346774869634,3.1817781793887367,
361978035,4,6.533699526118942,4.008054411180649,
362204142,4,6.0,5.127432867187379,
362296046,4,6.7407407407407405,3.291339759626821,
362296302,4,1.0942455856950868,2.1748395947255403,
362297506,4,2.111111111111111,1.964864087504507,
363282102,4,1.0942455856950868,3.9304883996944366,
363377994,4,3.0,1.9614961172194563,
363481024,4,5.7407407407407405,2.4726716731333713,
363587923,4,4.0,2.3939368890924078,
363791726,4,1.0942455856950868,2.785104287043534,
364696754,4,1.0,2.0863861719471797,
364819699,4,3.0,4.328223521581219,
365136952,4,1.0942455856950868,3.022533022373282,
365194897,4,1.0942455856950868,2.185603955915713,
365233322,4,1.0,3.022234974871805,
365423974,4,3.425440131591025,2.660404420443321,
366351769,4,1.3703703703703702,1.0,
366359016,4,1.871310434327066,1.9498763924139797,
366363984,4,1.0,1.0,
366364278,4,1.0,3.200317840971703,
367738141,4,1.0,1.277678462390604,
367785161,4,5.0,3.750120915196628,
368185435,4,4.481481481481481,4.569908592189163,
368908974,4,2.648375282959045,3.919005907895639,
369126743,4,3.740740740740741,2.8531551799469854,
369429361,4,1.0942455856950868,2.9809273953486226,
370339534,4,1.0942455856950868,2.5720260866700535,
371073953,4,1.6296296296296298,4.076124432538172,
371523123,4,1.0,3.7189632332733793,
371524579,4,4.0,4.394636317216964,
371566235,4,1.0,4.316840227152423,
371612651,4,1.0,2.8339003655492743,
371909086,4,1.0,2.833769095901995,
372584072,4,1.3703703703703702,1.0,
372832898,4,3.0,3.302142773061832,
372832981,4,3.0,4.247824912691609,
373316591,4,4.202504980223004,3.558698361749941,
373420324,4,1.0942455856950868,3.2791325889453016,
373974722,4,3.111111111111111,3.2821966963020865,
373975419,4,1.0942455856950868,2.2826648183150064,
373981247,4,2.3703703703703702,4.066449959673852,
374821752,4,3.425440131591025,3.909424779571174,
375089066,4,1.0,2.3686192908619548,
375502428,4,1.0942455856950868,2.6534589667199713,
375539780,4,4.0,3.329389620161682,
376736430,4,2.111111111111111,3.7729638374202827,
376847705,4,1.0942455856950868,3.2819835559722725,
376962422,4,2.648375282959045,3.47194834826078,
377391466,4,1.3703703703703702,3.5421746928746964,
377675773,4,1.0,1.06840610020586,
378026681,4,1.0942455856950868,2.4309763932093618,
378026726,4,1.3703703703703702,2.435350236325366,
378440629,4,4.0,2.5803015691619637,
378509155,4,4.0,3.7994556115249534,
378990160,4,3.0,1.8148406261779528,
379335369,4,1.0,4.459247786903552,
379532029,4,6.0,3.3052695505000775,
379682262,4,1.871310434327066,2.5434585312248696,
379692557,4,1.871310434327066,2.8002579393755695,
379754343,4,1.0942455856950868,2.945451181187308,
379911051,4,1.0942455856950868,2.120031693996048,
380595775,4,1.0942455856950868,2.280414864199054,
380621872,4,3.3703703703703702,2.5807519392218614,
380717036,4,1.0,1.9580467200110072,
380871303,4,1.0,3.7451066275267006,
381038864,4,2.7407407407407405,2.6053407784544307,
381128540,4,2.648375282959045,4.276149400887676,
381457925,4,1.0,4.016872032601041,
381970182,4,1.871310434327066,3.012488689165175,
382173999,4,4.979569828854984,3.0079302013821714,
382266138,4,1.7407407407407407,1.8947147667816298,
382291500,4,3.0,2.855157024287643,
382300406,4,2.0,1.7599719143437005,
383313133,4,1.3703703703703702,2.2685814182795516,
383426493,4,3.0,3.9221743859932183,
383694798,4,4.202504980223004,2.5598840600628687,
384018503,4,1.0942455856950868,2.303401604999776,
384503719,4,1.0,3.195753459361482,
384802738,4,5.0,2.6864573119790593,
384886664,4,1.0,1.0,
385220489,4,1.0942455856950868,2.706789505951961,
385641098,4,1.871310434327066,2.182013313136902,
385926575,4,2.648375282959045,2.324527047978444,
386067492,4,1.0,4.056886925328422,
386564170,4,1.0,3.016166392404074,
387451444,4,4.0,5.10039346093949,
387727025,4,1.0,3.1952471162938982,
387901847,4,5.37037037037037,3.9882156800872544,
388599899,4,2.0,2.9900513291958903,
388600976,4,1.0942455856950868,2.2845848485339793,
388730089,4,1.0942455856950868,3.291579959569293,
388759073,4,2.0,3.143127675206331,
388929829,4,1.0942455856950868,2.3478355731498137,
389033418,4,7.74074074074074,4.398314494474594,
389059333,4,2.0,2.9016204994437556,
389106237,4,1.0942455856950868,2.1376340009258987,
389106330,4,3.0,3.9571502745334124,
389360265,4,2.648375282959045,2.2847986253056574,
389469092,4,1.0,1.0,
389488854,4,1.0942455856950868,2.7526767767929896,
389492546,4,1.0,1.953344621197645,
389502964,4,1.871310434327066,2.3020300234253908,
389839319,4,4.979569828854984,3.494880229635262,
389873737,4,7.111111111111111,5.3879815218429075,
389873738,4,1.0942455856950868,2.9014535793192135,
389874378,4,3.425440131591025,3.875316112617922,
390394196,4,1.0942455856950868,3.012469279518487,
390461433,4,4.202504980223004,2.6852071952796597,
390543764,4,1.871310434327066,2.563144131978796,
390687621,4,5.7566346774869634,2.715938765879189,
390856879,4,4.202504980223004,3.597776764873756,
391244285,4,1.871310434327066,2.5475991791253394,
391500326,4,1.0,3.0452234394968896,
392460826,4,1.0942455856950868,2.5745369642248166,
392598801,4,1.0,1.0,
392736880,4,1.0,1.4334672787291272,
392737375,4,1.0,1.5602691337725827,
393522769,4,4.202504980223004,2.291614341699302,
393809881,4,2.7407407407407405,1.7991787163118214,
394070186,4,1.0,1.0,
394085325,4,1.0,3.5602494057290635,
395107236,4,1.0,1.5671398639165464,
395963727,4,2.648375282959045,2.0620363409327784,
396134793,4,1.0,1.3632739049989668,
396453635,4,1.7407407407407407,3.510117929337468,
396453994,4,1.0,1.056464151127853,
396946674,4,10.0,4.886374415347185,
396948875,4,6.533699526118942,3.292864122619047,
397197484,4,2.0,3.8192521216124664,
397197521,4,5.0,3.7673536961141805,
397246979,4,7.0,2.3876867894369234,
397305724,4,1.0942455856950868,2.330969114917358,
397333172,4,3.6296296296296298,3.475892006181326,
397348073,4,1.0,2.869599148416785,
397481384,4,1.0,1.9594721758757785,
398213205,4,1.0,1.0,
398346655,4,1.0942455856950868,3.4419403865863605,
398786877,4,1.0,1.1755211577712754,
399140688,4,1.0942455856950868,2.992047757327512,
399153222,4,1.871310434327066,2.5872935874643117,
399613370,4,1.0,3.269292417072045,
399772744,4,1.3703703703703702,2.234586625864042,
400268355,4,4.0,3.6969836146760504,
400277033,4,1.0,3.3756815037857173,
400358122,4,1.0,1.2389383596815167,
400704536,4,3.0,3.5482294873421987,
400965676,4,1.3703703703703702,4.265759371517106,
401095096,4,2.0,4.080354542170318,
401338018,4,1.3703703703703702,2.376173846223501,
401373302,4,2.0,3.615603176414114,
401738206,4,7.370370370370369,4.221816198207328,
401854789,4,1.0,1.0,
401904387,4,1.0,3.8106152525964148,
401999547,4,1.0942455856950868,2.338284444988555,
402317441,4,1.0942455856950868,3.0394615257049185,
402465675,4,1.0942455856950868,2.263460889130072,
402465728,4,1.0,3.162948311466036,
402887022,4,4.0,3.6042250374544764,
403031260,4,3.0,1.7529079041108981,
403222694,4,6.533699526118942,2.6595647536276195,
403549406,4,1.0,2.3460643949487316,
404054515,4,2.6296296296296293,3.704934531195744,
404080244,4,1.0,1.0122048009034113,
404095009,4,1.0942455856950868,3.13299463020165,
404349832,4,4.0,4.0205625602568364,
404414601,4,1.0,2.6659351392786297,
405029161,4,3.740740740740741,2.869504100743397,
405050331,4,7.0,2.9047676181654465,
405245196,4,4.37037037037037,1.484376492270059,
405452381,4,1.0942455856950868,3.3102704469238113,
405452463,4,3.0,2.3327922892697965,
405916777,4,2.648375282959045,3.744177385573926,
406039625,4,1.871310434327066,2.4628290586119403,
406046701,4,1.0,2.6903121883471997,
406295958,4,1.871310434327066,2.2515440060420233,
406311739,4,1.871310434327066,3.3262491355265764,
406318764,4,2.259259259259259,3.9341010346313876,
406481647,4,1.0,1.284575422612487,
406586110,4,5.0,4.180304680708011,
406832104,4,1.0942455856950868,2.225506832950435,
406832881,4,3.0,3.6791252649746067,
406833154,4,2.648375282959045,3.6560766346508364,
407028148,4,4.37037037037037,4.511017274537544,
407110331,4,3.0,3.5073601852229386,
407301226,4,1.0942455856950868,2.6541061869929976,
407364487,4,4.0,2.5364128322724673,
407451816,4,1.0,2.3903358343725882,
407595997,4,1.0942455856950868,3.1468241736842417,
407776233,4,1.0,3.615935803872074,
408143916,4,1.0942455856950868,2.6136301376405875,
408551183,4,5.37037037037037,4.180413557391272,
408724496,4,1.0942455856950868,2.064979608292001,
408768669,4,1.0942455856950868,2.537128441918469,
408773616,4,1.0,2.4518908214383597,
408774751,4,2.648375282959045,2.407881233924229,
408794434,4,1.0942455856950868,2.613949861693945,
408846718,4,1.0,2.8753516486409545,
408880935,4,2.648375282959045,3.1575986371262186,
408880981,4,3.6296296296296298,2.831977173519703,
408919896,4,1.0942455856950868,2.0541379722213873,
409196165,4,1.0942455856950868,2.0908615887567064,
409251521,4,6.0,2.746286707584349,
409276127,4,1.0942455856950868,3.009175601438751,
409277380,4,1.0,2.2074827887841817,
409591091,4,1.6296296296296298,1.581252881514617,
409753770,4,4.202504980223004,2.633820802467241,
410103349,4,1.0942455856950868,2.1758152224316736,
410134113,4,2.3703703703703702,2.541050214243154,
410260050,4,7.310764374750923,3.5565132775700508,
410373481,4,1.0,1.409300081892804,
410382490,4,1.0942455856950868,2.591613243228191,
410820135,4,1.0942455856950868,1.7671091038670306,
411046837,4,1.0,3.5249739073528765,
411426347,4,1.0,2.1883237867299394,
411684550,4,1.0,1.3589223170405123,
411710596,4,1.3703703703703702,1.1326803505998093,
411862129,4,3.6296296296296298,1.5581143299209717,
411872888,4,1.0,2.6862527644164924,
411896233,4,1.0942455856950868,2.4359412797268067,
411918892,4,1.0942455856950868,2.4345019611016756,
411932982,4,1.0,2.0476389943442177,
411949362,4,1.0,1.0,
412025577,4,8.0,3.656051966688725,
412138630,4,1.871310434327066,2.140481409792875,
412185018,4,1.0,3.42212106546996,
412201238,4,5.0,3.1233562088434654,
412206442,4,6.533699526118942,2.6454356986643326,
412229631,4,1.0,1.0010185598295358,
412287017,4,1.0,3.351921480696084,
412288190,4,4.979569828854984,3.4826397736192125,
412328603,4,1.0,1.0,
412352374,4,1.0,2.863850782822779,
412365691,4,4.202504980223004,2.8679996636551923,
412365704,4,2.3703703703703702,3.16966090820405,
412370811,4,1.871310434327066,2.618358297164279,
412458944,4,4.0,3.2613129253440314,
412470527,4,1.7407407407407407,2.1797857613436884,
412475104,4,1.3703703703703702,2.653482834501656,
412539159,4,1.3703703703703702,3.2539105234781496,
412591740,4,4.0,3.522673355041006,
412612624,4,1.0,2.415343746686485,
412637748,4,5.7566346774869634,5.1253024653718064,
412670015,4,1.0942455856950868,2.499100077801757,
412699032,4,7.310764374750923,3.4983045920890916,
412737875,4,1.0,4.263139566933991,
412740168,4,2.259259259259259,3.7452773501235375,
412782773,4,4.202504980223004,2.9486436754570837,
412831524,4,6.533699526118942,2.529142295667986,
412903008,4,1.3703703703703702,2.680822161844892,
412925707,4,3.0,3.4307840907544636,
412954330,4,6.0,2.9011194950807226,
412966009,4,1.0,1.2998442233094027,
412966401,4,4.202504980223004,3.736442508084762,
412966939,4,1.7407407407407407,3.530193580941245,
412979261,4,5.7566346774869634,6.046306233349487,
412991347,4,6.0,5.036904329779972,
413009704,4,5.7407407407407405,1.768137946155206,
413031919,4,3.0,3.7287524220232626,
413046230,4,1.0,1.5839864708412805,
413077722,4,1.3703703703703702,1.940236935330653,
413080382,4,1.0,2.6466771147714017,
413141581,4,4.0,3.9327541588955888,
413174365,4,1.0,1.402347594572368,
413187512,4,3.425440131591025,3.4799283193880197,
413202024,4,1.0,2.6643514094104566,
413223246,4,1.0942455856950868,2.1921228399685555,
413224095,4,1.0,1.0,
413225830,4,3.3703703703703702,2.0264957617070873,
413317606,4,3.4814814814814814,2.8645637459559836,
413338617,4,1.0942455856950868,3.221688395586135,
413359733,4,1.0,1.688689292034781,
413364600,4,5.7407407407407405,3.6964916987795737,
413372707,4,5.7407407407407405,3.0034365395033693,
413386115,4,4.202504980223004,2.082055093378206,
413409634,4,1.0,3.4330007814096906,
413412423,4,1.0,2.6045033482385636,
413435223,4,3.425440131591025,2.194695533733901,
413460722,4,4.111111111111111,3.2990299305590414,
413477587,4,1.0,2.399161290651236,
413488935,4,2.648375282959045,2.3191601123139973,
413508946,4,1.0942455856950868,2.3206923099888037,
413509155,4,1.0942455856950868,2.2131673002345256,
413520665,4,3.0,3.149737241586762,
413534723,4,2.7407407407407405,1.4995435921540787,
413536103,4,1.871310434327066,2.928434899239949,
413549724,4,1.871310434327066,2.6315176470921102,
413601399,4,4.0,3.1317275594171696,
413602066,4,1.0942455856950868,3.5785939176733663,
413672291,4,1.0,1.5366840658233807,
413701543,4,1.0,1.971774605470813,
413708945,4,1.0942455856950868,2.322085380761402,
413720613,4,1.0942455856950868,1.7962717446448937,
413731261,4,1.0,1.335412452064523,
413731884,4,1.0942455856950868,3.6425872261174628,
413742082,4,1.0,1.067666334946487,
413742859,4,1.0,2.7763704754409115,
413783638,4,1.0942455856950868,2.8873038346888706,
413810703,4,1.0942455856950868,2.188721331008254,
413921245,4,1.0,1.0,
413930389,4,1.0,1.0,
413930398,4,1.0,1.167337291428875,
413930422,4,2.0,2.710851826451866,
413930494,4,2.0,2.482535823907758,
413932951,4,1.871310434327066,3.8918651525914716,
413936368,4,4.111111111111111,3.575887639263967,
413939174,4,1.0,1.0,
413942989,4,5.7407407407407405,2.6259058785790357,
413943414,4,3.3703703703703702,3.0083264153010956,
413943812,4,5.7566346774869634,3.741421426684856,
413947525,4,1.0,3.132519868501229,
413948299,4,2.0,3.1022937293275072,
413948377,4,1.0,1.0636715011022968,
413948525,4,4.0,3.2673362706134506,
413950399,4,1.0942455856950868,2.290636858942978,
413951384,4,1.0942455856950868,3.2261831537066623,
413952446,4,3.0,3.0856255014031513,
413954263,4,1.0942455856950868,2.2574312086697144,
413957645,4,1.0,1.2029458384312357,
413960265,4,1.0,1.355502888639029,
413961491,4,4.7407407407407405,4.20383604592827,
413961861,4,4.979569828854984,4.197497520215469,
413962487,4,1.0,1.0969338909338875,
413970577,4,1.0,1.014258584817902,
413981778,4,1.0942455856950868,3.122811053352948,
413982686,4,1.871310434327066,1.9521280993639465,
413985110,4,1.0,1.0,
413988084,4,1.0,1.0,
413988471,4,1.0,1.0,
413990819,4,1.0,1.0,
thread_10000140_chocolamilk83_1401/10/10 01:07,4,1.0942455856950868,2.691611059869068,
thread_10001805_سوسک_بالدار_1401/10/10 11:18,4,3.425440131591025,3.6219021391223056,
thread_10013823_بهارک۷۳_1401/10/11 20:44,4,1.0,1.938807514296346,
thread_10013823_لیلاجیگر_1401/10/11 21:39,4,4.0,3.5015045122028674,
thread_10142431_دلوووووووین_1401/10/27 17:16,4,1.0,2.306709610072433,
thread_10165795_starter,4,3.425440131591025,5.762553899979082,
thread_10176250_khk1384_1401/11/01 20:25,4,1.0942455856950868,3.5338826725191215,
thread_10251910_starter,4,2.0,6.221521710650243,
thread_10302862_starter,4,6.111111111111111,5.7579784315157365,
thread_10463942_یارا_۷۰_1401/12/08 14:58,4,3.3703703703703702,2.885454296720876,
thread_10632887_starter,4,7.310764374750923,6.233234708156171,
thread_11168059_starter,4,6.481481481481481,6.315774033939251,
thread_11168059_کلید۹_1402/03/04 12:22,4,1.0,1.4635840680830285,
thread_11189321_روزاخانم_1402/03/07 02:23,4,1.0942455856950868,2.999569958768844,
thread_11272179_starter,4,4.0,5.002391755036663,
thread_11409103_دخترمدیترانه_1402/04/04 18:12,4,1.0,1.0873133321613118,
thread_11410575_starter,4,1.0942455856950868,2.1897091639348893,
thread_11449595_starter,4,5.7566346774869634,6.13742535409555,
thread_11543948_fall_girll_1402/04/22 12:07,4,1.0,1.8678821039011178,
thread_11583885_starter,4,7.0,3.7016629907003282,
thread_11622877_فریبابهاری_1402/05/01 15:05,4,4.979569828854984,3.2913940511514044,
thread_11641483_starter,4,6.533699526118942,6.342276224761735,
thread_11745552_gelareh1234_1402/11/20 23:01,4,6.533699526118942,2.299368114195092,
thread_11758445_starter,4,6.533699526118942,5.977417651958489,
thread_11758445_zahra_931388_1402/05/19 00:42,4,1.0,1.1884178350695445,
thread_11837697_starter,4,1.871310434327066,4.342762225869451,
thread_11863827_starter,4,2.0,3.1361051067952963,
thread_11900901_starter,4,4.202504980223004,5.718006757210199,
thread_12001379_starter,4,6.370370370370369,3.9695694745136954,
thread_12005329_starter,4,6.533699526118942,6.016464572028498,
thread_12031111_starter,4,6.533699526118942,5.754860444701358,
thread_12054109_starter,4,1.0942455856950868,2.0270170001873407,
thread_12083716_starter,4,1.3703703703703702,2.7703598049380473,
thread_12189262_starter,4,8.0878292233829,5.70527672855917,
thread_12246092_nazninpoi_1402/07/24 17:26,4,2.648375282959045,2.209699069347667,
thread_12260668_starter,4,3.740740740740741,5.605379754072315,
thread_12311774_starter,4,6.533699526118942,5.471394883849516,
thread_12347755_starter,4,6.533699526118942,5.588847073382244,
thread_12365188_starter,4,2.648375282959045,3.45215434253964,
thread_12382342_starter,4,4.979569828854984,5.718792988344309,
thread_12474402_taherr_1402/08/30 16:17,4,3.425440131591025,2.6754857156099154,
thread_12474402_مووفرفری_1402/08/30 15:58,4,1.0,2.055702539728405,
thread_12554039_starter,4,7.0,5.584302239230825,
thread_12592575_starter,4,4.979569828854984,5.682815927325176,
thread_12607907_mamagolsa_1402/09/21 22:31,4,6.533699526118942,5.811088220893039,
thread_12607907_starter,4,5.111111111111111,6.103807016046474,
thread_12607907_بانوآبی_1402/09/21 22:25,4,2.259259259259259,2.9342591605858566,
thread_12739318_starter,4,5.7566346774869634,6.512500876950961,
thread_12785738_starter,4,4.202504980223004,5.71222220051235,
thread_12826848_starter,4,3.425440131591025,3.3819346296228865,
thread_12833855_starter,4,5.111111111111111,6.024026501643593,
thread_13008679_starter,4,4.202504980223004,4.057346410858359,
thread_13014671_starter,4,2.7407407407407405,5.63495308957467,
thread_13030195_starter,4,2.648375282959045,4.5337736833230124,
thread_13098851_starter,4,4.202504980223004,6.494715594294138,
thread_13152440_starter,4,5.37037037037037,3.76484587082795,
thread_13195359_starter,4,5.0,4.7363357004818205,
thread_13252859_starter,4,4.37037037037037,6.10646073930276,
thread_13263274_starter,4,1.871310434327066,2.615879121587146,
thread_13318563_starter,4,5.7566346774869634,5.9250409775161685,
thread_13363518_starter,4,6.7407407407407405,5.8266311391492565,
thread_13367002_starter,4,7.310764374750923,6.670890186251226,
thread_13395685_starter,4,5.7566346774869634,5.510958166715281,
thread_13400353_starter,4,4.979569828854984,6.018874450557442,
thread_13411628_starter,4,4.7407407407407405,3.5684431964313266,
thread_13420174_starter,4,7.0,6.097973370933142,
thread_13437258_starter,4,6.111111111111111,6.58274745892928,
thread_13459776_starter,4,4.979569828854984,5.583393044087984,
thread_13467002_starter,4,7.310764374750923,5.973784802969381,
thread_13473460_starter,4,6.533699526118942,6.095352472355394,
thread_13489381_starter,4,6.533699526118942,6.440162981931888,
thread_13512626_starter,4,6.533699526118942,5.988962339412172,
thread_13523002_starter,4,4.0,5.511789426377451,
thread_13557048_starter,4,4.979569828854984,2.4922902338789754,
thread_13565923_starter,4,2.3703703703703702,2.7965913479622575,
thread_13610137_starter,4,4.0,2.9639036903002816,
thread_13768670_starter,4,4.259259259259259,3.5657515489405553,
thread_13794375_starter,4,8.0878292233829,6.00080559030285,
thread_13809168_starter,4,7.310764374750923,5.618304416372808,
thread_13816473_starter,4,4.37037037037037,6.12449665830036,
thread_13861438_starter,4,3.425440131591025,5.283383083107278,
thread_13885557_starter,4,4.0,5.961485900672551,
thread_14001705_starter,4,5.7566346774869634,5.571515034184621,
thread_14051391_starter,4,6.533699526118942,3.637605698736128,
thread_14057157_starter,4,6.533699526118942,5.314936563201336,
thread_14086391_starter,4,10.0,5.994917491880418,
thread_14147541_starter,4,7.0,4.803252504562397,
thread_14259883_starter,4,4.979569828854984,5.285776714759932,
thread_14260097_starter,4,2.3703703703703702,4.4936277715156665,
thread_14279309_starter,4,6.7407407407407405,5.092178701897764,
thread_14280070_starter,4,8.74074074074074,6.316323668164642,
thread_14285147_starter,4,5.37037037037037,5.633522616843901,
thread_14312546_starter,4,4.111111111111111,2.311676902379592,
thread_14343479_starter,4,5.7566346774869634,5.60194749706159,
thread_14408505__stella__1403/06/11 11:45,4,2.7407407407407405,3.12717241231201,
thread_14415787_starter,4,6.481481481481481,6.155286330931228,
thread_14476868_starter,4,1.0942455856950868,2.886426818691713,
thread_14538567_starter,4,3.425440131591025,5.377454088099869,
thread_14585161_starter,4,1.0942455856950868,2.9137230936442258,
thread_14611290_starter,4,7.310764374750923,6.588223743438029,
thread_14710991_starter,4,6.629629629629629,5.067250727281782,
thread_14718368_starter,4,5.481481481481481,6.393283014580696,
thread_14770123_starter,4,1.0942455856950868,2.744680133244037,
thread_14770187_starter,4,5.7566346774869634,5.731929529213592,
thread_14808080_starter,4,5.999999999999999,6.278863654795899,
thread_14820613_starter,4,1.0,2.8831381942739083,
thread_14932161_starter,4,4.979569828854984,5.53657914006952,
thread_14967261_starter,4,6.481481481481481,6.646965857531466,
thread_15011633_starter,4,8.0878292233829,6.284037676017489,
thread_15063413_starter,4,5.999999999999999,4.179198818219266,
thread_15080258_starter,4,1.0942455856950868,3.589804202924198,
thread_15109261_starter,4,3.740740740740741,5.706198110927345,
thread_15151230_starter,4,2.648375282959045,3.567708106690972,
thread_15155765_starter,4,2.648375282959045,3.0566522955651587,
thread_15209699_starter,4,4.979569828854984,5.395433328283295,
thread_15213489_starter,4,6.0,5.075846250580397,
thread_15340992_starter,4,1.871310434327066,3.240809470221492,
thread_15361633_starter,4,3.425440131591025,4.5141929479360465,
thread_15516515_starter,4,5.0,5.802422387581322,
thread_15536159_starter,4,6.0,5.20519128569988,
thread_15586951_starter,4,4.979569828854984,5.430182984601867,
thread_15612292_starter,4,1.871310434327066,3.7966983391176696,
thread_15616356_starter,4,5.7566346774869634,6.3175785298187215,
thread_15633220_starter,4,9.0,5.327271227772039,
thread_15650564_starter,4,7.74074074074074,6.710256791908918,
thread_15697127_starter,4,6.533699526118942,6.022203890638229,
thread_15701732_starter,4,1.3703703703703702,2.9077874747029218,
thread_15784692_starter,4,7.74074074074074,6.891332218276441,
thread_15839395_starter,4,5.0,5.201433135234549,
thread_15842338_starter,4,6.111111111111111,5.731371910866125,
thread_15849913_starter,4,4.979569828854984,6.331278330013102,
thread_15853695_starter,4,4.202504980223004,3.937207867299592,
thread_15874157_starter,4,5.7566346774869634,5.36677625517388,
thread_15908225_starter,4,7.0,6.284784866019141,
thread_15938609_starter,4,5.7566346774869634,5.7980984786599965,
thread_15972289_starter,4,7.310764374750923,6.058990979408183,
thread_15975147_starter,4,6.481481481481481,5.033108617235905,
thread_15995528_starter,4,4.202504980223004,5.554285730028046,
thread_16003885_starter,4,4.979569828854984,4.761087044413358,
thread_16031006_starter,4,6.7407407407407405,6.800171077279108,
thread_16034429_starter,4,6.533699526118942,5.3991252807911545,
thread_16053482_starter,4,8.37037037037037,6.134007594035828,
thread_16093555_starter,4,3.3703703703703702,4.45065256871423,
thread_16095364_starter,4,5.7566346774869634,6.502180944099372,
thread_16098028_starter,4,6.370370370370369,6.2304278654693555,
thread_16111913_starter,4,3.111111111111111,3.040945559859444,
thread_16130107_starter,4,5.7566346774869634,6.38069048099862,
thread_16174801_starter,4,6.533699526118942,5.066901573437873,
thread_16239697_starter,4,1.0942455856950868,2.5503005086014516,
thread_16321538_starter,4,7.310764374750923,5.456007241533334,
thread_16334573_starter,4,1.871310434327066,3.015192285257861,
thread_16376681_starter,4,7.0,6.452310308704691,
thread_16407264_starter,4,3.3703703703703702,3.548037120084804,
thread_16417661_starter,4,3.425440131591025,3.9186550740192976,
thread_16418751_starter,4,7.370370370370369,5.674431700684243,
thread_16420108_starter,4,5.7566346774869634,6.323819550859444,
thread_16420723_starter,4,8.0,5.996121506383007,
thread_16446104_starter,4,4.979569828854984,3.855364040755935,
thread_16453516_starter,4,6.533699526118942,6.3140457186318955,
thread_16557934_starter,4,5.7407407407407405,6.294635279509769,
thread_16576208_starter,4,5.7566346774869634,5.529013686904423,
thread_16590181_starter,4,3.425440131591025,5.15360738956825,
thread_16598160_starter,4,1.7407407407407407,3.209813700959704,
thread_16601366_starter,4,1.871310434327066,2.8120022163844958,
thread_16611548_starter,4,6.533699526118942,5.500156461986527,
thread_16612778_starter,4,4.979569828854984,5.067097396920945,
thread_16617040_starter,4,7.310764374750923,5.773373235317407,
thread_16624448_starter,4,6.0,5.637822842261034,
thread_16680789_starter,4,4.979569828854984,6.055802812091596,
thread_16689898_starter,4,2.648375282959045,3.581524836159098,
thread_16715854_starter,4,5.111111111111111,6.08649906284823,
thread_16730803_starter,4,3.3703703703703702,5.342693774394434,
thread_16744956_starter,4,7.310764374750923,6.366400408946451,
thread_16782826_starter,4,5.0,4.930757210749009,
thread_16810862_starter,4,1.7407407407407407,5.138113438167657,
thread_16822296_starter,4,3.3703703703703702,5.626461816495986,
thread_16836204_starter,4,4.37037037037037,5.872556737984987,
thread_17030125_starter,4,5.37037037037037,6.359382905187822,
thread_17057384_starter,4,3.0,4.322994596887612,
thread_17083432_starter,4,1.0,1.9339936811549474,
thread_17121649_starter,4,1.0942455856950868,3.8403307648742984,
thread_17140656_starter,4,3.3703703703703702,6.0662851134317926,
thread_17183136_starter,4,7.0,4.755655597881053,
thread_17218284_starter,4,6.533699526118942,6.8078086282309025,
thread_17257089_starter,4,3.425440131591025,4.821515548704957,
thread_17260088_starter,4,4.202504980223004,6.142620579588996,
thread_17269841_starter,4,3.740740740740741,4.285881207688344,
thread_17280421_starter,4,3.425440131591025,3.2994133755370334,
thread_17299325_starter,4,5.7566346774869634,5.484290884631093,
thread_17334683_starter,4,7.310764374750923,6.270857651967784,
thread_17338779_starter,4,3.3703703703703702,4.337870179280437,
thread_17342656_starter,4,4.202504980223004,5.697216370473168,
thread_17388940_starter,4,6.533699526118942,5.5763084576630035,
thread_17408617_starter,4,7.0,3.419812661379389,
thread_17409385_starter,4,4.979569828854984,5.433566830849307,
thread_17419717_starter,4,1.0,6.140399163719861,
thread_17448188_starter,4,4.202504980223004,5.211796496210834,
thread_17466749_starter,4,3.425440131591025,5.267926764443326,
thread_17488179_starter,4,7.74074074074074,5.577871059377029,
thread_17502823_starter,4,5.0,3.4539931924485545,
thread_17522883_starter,4,2.648375282959045,4.869609755831003,
thread_17549852_starter,4,7.370370370370369,5.019368381813917,
thread_17556831_starter,4,6.0,3.8668778963168084,
thread_17556974_starter,4,3.0,5.146389605906885,
thread_17578136_starter,4,5.7566346774869634,6.064770155341721,
thread_17592780_starter,4,1.0,2.576086446331925,
thread_17606252_starter,4,4.0,5.099272784645965,
thread_17627299_starter,4,3.425440131591025,5.919434142835104,
thread_17636269_starter,4,5.37037037037037,4.550710488781498,
thread_17639101_starter,4,6.533699526118942,5.515838693263968,
thread_17668132_starter,4,4.202504980223004,5.869341984855481,
thread_17705028_starter,4,5.481481481481481,5.989291926604527,
thread_17705291_starter,4,4.37037037037037,6.014916794841289,
thread_17717493_starter,4,4.202504980223004,5.261944568358234,
thread_17790510_starter,4,6.7407407407407405,5.462945435956565,
thread_17809622_starter,4,4.202504980223004,3.221317641509173,
thread_17817521_starter,4,3.0,4.912616469095526,
thread_17840595_starter,4,1.0,2.9205400938163417,
thread_17854715_starter,4,6.111111111111111,6.066449923887715,
thread_17872898_starter,4,5.7566346774869634,5.739636809021201,
thread_17874687_starter,4,7.0,6.372553192409268,
thread_17892325_starter,4,1.0942455856950868,2.8354539506945327,
thread_17897311_starter,4,7.310764374750923,6.533064280853326,
thread_17902197_starter,4,1.871310434327066,3.810590651372073,
thread_17917179_starter,4,7.310764374750923,5.109155738155241,
thread_17918129_starter,4,7.111111111111111,6.2869437267264505,
thread_17943999_starter,4,5.7566346774869634,5.47191935508854,
thread_17946495_starter,4,5.7407407407407405,5.7680787592727825,
thread_17950084_starter,4,8.37037037037037,4.556988159445918,
thread_17951622_starter,4,3.425440131591025,5.015172666204793,
thread_17960549_starter,4,3.425440131591025,5.65947987717402,
thread_17963985_starter,4,1.871310434327066,2.5360848686986435,
thread_17972811_starter,4,5.0,4.172757627510032,
thread_17986541_starter,4,7.370370370370369,5.909293660285538,
thread_17986545_starter,4,1.871310434327066,6.2219641474228995,
thread_17989073_starter,4,3.4814814814814814,3.351681589227768,
thread_18006122_starter,4,7.111111111111111,5.652942825008216,
thread_18011444_starter,4,5.0,4.76698877793632,
thread_18022617_starter,4,5.7566346774869634,5.019672605054362,
thread_18025318_starter,4,7.111111111111111,5.4679969659267895,
thread_18031114_starter,4,3.0,3.400908674210638,
thread_18033465_starter,4,6.0,4.5827738872556125,
thread_18036897_starter,4,6.370370370370369,5.517775619454194,
thread_18044313_starter,4,4.37037037037037,4.8528492412026605,
thread_18045684_starter,4,4.202504980223004,3.791948269165403,
thread_18050661_starter,4,6.533699526118942,6.251144720555454,
thread_18051257_starter,4,5.111111111111111,5.283741558756917,
thread_18061182_starter,4,3.425440131591025,2.4016689202723063,
thread_18074583_starter,4,5.7566346774869634,3.03668221552829,
thread_18081442_starter,4,1.871310434327066,5.530591470754717,
thread_18082368_starter,4,2.648375282959045,5.789280987406636,
thread_18091250_starter,4,3.740740740740741,5.728630249967765,
thread_18094265_starter,4,1.0,2.360290448524329,
thread_18138406_starter,4,7.0,6.088421286537173,
thread_18138463_starter,4,1.871310434327066,2.11799148445143,
thread_18138631_starter,4,5.0,4.020206883727764,
thread_18138729_starter,4,4.0,3.6549164024487046,
thread_18138955_starter,4,5.7566346774869634,5.546011374360642,
thread_18139787_starter,4,1.871310434327066,3.6177937183456184,
thread_18139869_starter,4,7.0,5.493306542848518,
thread_18140235_starter,4,5.0,4.346698354441809,
thread_18141394_starter,4,3.425440131591025,3.032420962693651,
thread_18143558_starter,4,1.0,2.4715708754589203,
thread_18143955_starter,4,5.37037037037037,4.286655227415822,
thread_18143976_starter,4,5.7566346774869634,5.842342925278495,
thread_18144544_starter,4,1.0,3.0834952023970312,
thread_18144570_starter,4,3.0,2.304219608821373,
thread_18144589_starter,4,1.0,2.59324110431011,
thread_18145283_starter,4,1.0942455856950868,2.60257664789029,
thread_6112233_mmmدخترتنهاmmm_1399/12/29 11:57,4,3.0,3.557033764421984,
thread_6282150_نمک_یددار_1400/01/27 04:33,4,6.0,2.799960365624653,
thread_6442764_starter,4,5.7566346774869634,6.034211307480876,
thread_6442764_فونیکس1990_1400/02/19 16:29,4,1.0,2.7584165246773074,
thread_6698397_roooooyaaa_1400/03/29 00:32,4,1.3703703703703702,2.4394820716349424,
thread_6698397_سبزهزار_1400/03/29 00:37,4,1.0,3.2060843643174377,
thread_6968946_starter,4,6.533699526118942,5.655039881944896,
thread_6972253_starter,4,6.533699526118942,6.032408911518978,
thread_7198508_starter,4,1.0942455856950868,6.259939767826051,
thread_7223763_zhoooan_1400/06/19 00:48,4,1.0,2.0889573410005107,
thread_7278834_مهوش221_1400/06/27 21:04,4,4.0,3.7508741819298344,
thread_7360433_starter,4,7.0,5.293371739362139,
thread_7833045_shirin_2125_1400/10/02 01:13,4,2.3703703703703702,3.166961226726818,
thread_8081945_mj1371_1400/11/14 21:57,4,1.0,1.0,
thread_8195622_noranora_1400/12/03 22:38,4,4.979569828854984,2.906839663508483,
thread_8195622_starter,4,7.0,5.788493486903726,
thread_8202132_سرودهای_دلتنگی_1400/12/04 23:39,4,1.0,1.040105725498102,
thread_8229349_pink_bubble_1400/12/09 14:57,4,1.0,3.880088375530869,
thread_8356775_starter,4,4.7407407407407405,4.512536205094008,
thread_8358399__moon_l__1401/01/03 04:21,4,2.648375282959045,2.249205951036846,
thread_8669803_الیزابت۷۴_1401/02/27 12:44,4,1.0,3.029863663113093,
thread_8829382_starter,4,8.0,5.861988275718517,
thread_8858733_starter,4,6.111111111111111,5.72706111988054,
thread_8880238_1398asal_1401/04/01 00:51,4,1.0942455856950868,3.4071492614692986,
thread_8880238_77shaghi_1401/04/01 00:46,4,1.0,3.6755313701998267,
thread_8880238_starter,4,7.310764374750923,6.774139491238423,
thread_8880238_دختراسترسی_1401/04/01 00:44,4,1.0942455856950868,3.6801119540464446,
thread_8914324_لیداخانوم۲۷_1401/04/06 17:49,4,1.3703703703703702,2.414303731020219,
thread_8914324_موز_قرمز_1401/04/06 17:36,4,1.0,1.1724839170249775,
thread_9052887_icequeenn_1401/11/10 17:16,4,5.0,3.3998788600419103,
thread_9052887_کاپو_چینو_1401/04/29 21:18,4,1.0942455856950868,2.8173011813600786,
thread_9227382_starter,4,1.871310434327066,3.6981955467741767,
thread_9375288_starter,4,1.0942455856950868,2.4636101401499677,
thread_9412914_فرشتهجان_1401/06/26 23:10,4,1.3703703703703702,2.2779080039887387,
thread_9485660_فاطمه_هستم_۲۳__1401/07/19 14:01,4,1.3703703703703702,2.4680722284262657,
thread_9759365_starter,4,8.11111111111111,6.996740524756673,
thread_9966511_arosakjooni_1401/10/05 16:01,4,4.0,3.1851923537533837,
thread_9966511_کاپو_چینو_1401/10/05 16:04,4,3.740740740740741,3.4529854258240893,
thread_9966511_کاپو_چینو_1401/10/05 16:22,4,4.0,3.8327676363728034,
thread_9970026_starter,4,6.7407407407407405,6.136525044903878,
