unique_post_id,fold,true_stress,prediction
246749152,0,1.0,1.178088665008545
246750589,0,5.111111111111111,4.876780033111572
246934094,4,4.111111111111111,4.435443878173828
246952723,0,2.0,3.628365993499756
247447668,3,1.0942455856950868,0.9816662669181824
249384092,0,2.6296296296296293,4.554078578948975
249430380,3,1.871310434327066,3.1769204139709473
250333874,2,1.0,0.8669308423995972
251560308,0,1.871310434327066,1.560450792312622
252781142,3,1.3703703703703702,2.7110629081726074
252781771,3,4.979569828854984,3.6566286087036133
253100419,2,1.0942455856950868,1.5056726932525635
253153415,1,1.0942455856950868,1.9301105737686157
253412625,0,4.979569828854984,4.370787620544434
253620712,4,3.0,4.881254196166992
254564444,1,6.0,4.89959192276001
254686209,0,6.0,5.184038162231445
254933030,0,3.0,1.5598266124725342
254941053,3,1.0,2.817920207977295
255241351,0,5.0,1.8175562620162964
255644913,2,1.0,0.5470582246780396
255663303,2,2.0,1.8891781568527222
255812776,2,1.0,1.397839069366455
255921942,1,2.0,4.86122465133667
256256892,4,1.0,1.0378553867340088
256281249,0,1.0,1.175744652748108
256282370,4,1.0,1.0122181177139282
256747888,3,5.0,4.166775226593018
256748376,3,3.425440131591025,3.869126796722412
257729396,3,1.0,0.9088051915168762
257729451,3,1.871310434327066,2.9310929775238037
257900941,0,1.871310434327066,1.2980046272277832
257972125,0,4.979569828854984,3.1204891204833984
258001969,0,1.0,1.4882893562316895
258003322,0,3.6296296296296298,4.400087833404541
258004522,0,1.871310434327066,1.0815495252609253
258094665,1,5.0,4.3861517906188965
258280572,1,1.871310434327066,1.124955177307129
258281682,1,5.111111111111111,4.136488437652588
259250612,1,1.0,3.229030132293701
259567118,2,3.0,3.3167107105255127
260997732,2,5.0,4.243988990783691
261005269,0,1.0,2.0098366737365723
261235099,0,6.0,5.733802795410156
261626674,0,1.7407407407407407,3.2959418296813965
261678959,1,7.370370370370369,6.869726657867432
262385462,1,1.871310434327066,2.896888494491577
262539355,3,2.0,1.5732492208480835
262540230,3,3.740740740740741,3.132453441619873
262644053,2,1.0,1.4253132343292236
262645142,2,1.0942455856950868,4.332956314086914
262649879,3,3.0,1.350678563117981
263665456,2,1.0942455856950868,1.9900991916656494
264035678,4,3.0,4.593831539154053
264122188,3,1.0,2.3871326446533203
264123022,3,1.871310434327066,3.3461740016937256
264921650,2,1.0,1.2770750522613525
267086338,1,2.648375282959045,2.174421548843384
267262484,1,5.0,4.904662609100342
267356554,0,2.648375282959045,1.3667364120483398
267363492,0,2.7407407407407405,4.343390464782715
267365062,0,4.979569828854984,2.8925886154174805
267365382,0,1.0942455856950868,1.2036532163619995
267390340,3,1.3703703703703702,3.5563015937805176
267730400,4,2.648375282959045,5.571983814239502
267767458,1,1.6296296296296298,3.629251003265381
268352156,3,1.6296296296296298,3.264462471008301
268458841,1,1.7407407407407407,6.165211200714111
268736106,4,1.0,2.3803865909576416
268738659,4,1.871310434327066,2.6466472148895264
269245719,0,2.0,2.7807273864746094
269513763,2,1.0,1.3808720111846924
270408517,2,2.259259259259259,3.613316297531128
270588835,3,1.3703703703703702,1.2386703491210938
270638685,1,1.0,0.8271756172180176
270638842,1,1.0,0.691823422908783
270837757,4,2.648375282959045,1.9769647121429443
271055693,0,5.7407407407407405,5.571598052978516
271056089,0,1.0,2.671731472015381
271263144,3,1.0,1.1423375606536865
272388121,1,1.3703703703703702,2.8186304569244385
272388740,1,5.7407407407407405,6.749823093414307
272545949,2,5.0,2.776536464691162
272894651,0,1.0942455856950868,1.2534812688827515
272962057,3,5.0,1.5901124477386475
272963019,3,6.0,4.694159030914307
272963433,3,3.425440131591025,5.229546070098877
272964892,3,7.310764374750923,5.984250545501709
273009572,0,2.111111111111111,2.200887680053711
273542254,2,1.0942455856950868,1.0172383785247803
274321937,4,1.871310434327066,2.584165573120117
274322446,4,6.370370370370369,6.675783157348633
274395221,4,1.871310434327066,2.4950859546661377
274427349,4,1.0942455856950868,0.6310638785362244
274477548,4,1.0,0.5518795251846313
274601464,1,1.0942455856950868,1.8012229204177856
274674125,1,1.0942455856950868,1.5693702697753906
274683060,4,1.0,0.9497249722480774
274692036,4,1.0,1.1143798828125
274705570,2,2.648375282959045,3.133151054382324
274714511,2,1.871310434327066,2.8946421146392822
274805847,0,3.425440131591025,3.905024528503418
275181801,4,4.7407407407407405,3.6985249519348145
275183139,4,1.0942455856950868,1.1043652296066284
275183317,4,6.0,5.847965717315674
275777849,2,1.871310434327066,1.1806387901306152
276203863,0,1.7407407407407407,3.0346996784210205
276515974,3,1.0,1.2960222959518433
276962686,3,1.0942455856950868,1.7582359313964844
276974454,3,1.0,1.4420228004455566
277331416,1,3.0,3.216160535812378
277331582,1,1.0,1.0887250900268555
277361152,3,1.871310434327066,2.096369981765747
277747503,4,2.648375282959045,5.132399082183838
277845997,3,3.3703703703703702,4.180528163909912
278195679,3,2.0,1.6325352191925049
278215477,1,1.0,1.439309000968933
278343497,0,3.425440131591025,2.7022616863250732
278633682,1,3.0,3.962963581085205
278640704,1,1.0942455856950868,3.6486501693725586
278783626,2,4.0,1.888904094696045
279543448,3,1.0,1.7090470790863037
279866139,0,1.0,1.0878227949142456
280163622,3,1.7407407407407407,1.9848508834838867
280307922,4,4.0,2.328639030456543
280309949,4,4.37037037037037,2.762484550476074
280457835,1,1.0,0.8605515360832214
281013385,2,7.0,4.203402519226074
281067740,4,1.0,0.6848054528236389
281943173,4,2.648375282959045,2.4851903915405273
282398573,2,1.0942455856950868,1.8601789474487305
282399289,2,3.0,2.551629066467285
282666403,1,6.533699526118942,4.914614200592041
282842535,0,2.259259259259259,2.5610132217407227
283536818,0,1.0,0.7300001382827759
284071614,3,1.0942455856950868,1.4374390840530396
284349373,3,3.111111111111111,3.3263425827026367
284918386,3,1.3703703703703702,0.8067845702171326
284927360,1,1.0,4.141315937042236
285393542,0,1.871310434327066,2.214648962020874
285475006,1,1.0,1.3121082782745361
285476011,1,1.3703703703703702,2.7429983615875244
285957632,1,4.0,2.4462101459503174
285958039,1,5.111111111111111,5.767813205718994
286234919,4,1.0,1.581602931022644
286240681,4,3.0,1.7592353820800781
286466009,1,2.3703703703703702,1.7397990226745605
286488682,4,1.0,1.4712896347045898
286512519,3,1.0,0.9560907483100891
286808424,2,1.0,1.2722268104553223
286883261,4,3.3703703703703702,4.937721252441406
287252082,1,4.0,2.688021421432495
287252607,2,1.0,1.1484469175338745
288108932,1,1.0,0.6153213381767273
288153945,4,1.0,2.8301563262939453
288473882,1,1.0,2.3273518085479736
288780924,1,1.0,0.8481771349906921
288883327,2,3.740740740740741,3.3874382972717285
289051453,0,1.0,0.9374162554740906
289111436,2,3.0,1.8479350805282593
289123900,4,1.0,2.692354202270508
289278586,1,3.425440131591025,2.060631513595581
289837331,1,1.871310434327066,3.9478747844696045
289916700,2,1.3703703703703702,2.577956199645996
290033911,2,2.648375282959045,1.7643578052520752
290034020,2,2.7407407407407405,1.8395357131958008
290131270,2,1.0,1.2826519012451172
290822978,3,1.871310434327066,0.8173529505729675
290929873,3,1.0,1.1129800081253052
291999037,3,1.0,1.2393112182617188
292097414,0,1.0,1.5031144618988037
292215607,0,1.0,1.2253036499023438
292475344,4,1.871310434327066,2.4917149543762207
292565904,1,1.0,0.6914328932762146
292566474,1,1.0,1.6900708675384521
292792295,0,4.0,1.2786247730255127
292792817,0,1.0,1.5095672607421875
293012736,0,5.0,3.872404098510742
293514675,3,1.0,1.5442286729812622
293599232,4,1.0,1.9281139373779297
293689876,4,1.3703703703703702,1.1407803297042847
293691572,3,2.111111111111111,2.1979780197143555
293876867,4,3.0,4.462233066558838
293930960,2,3.111111111111111,3.626095771789551
294021307,1,1.0942455856950868,1.7606812715530396
294021601,1,5.0,3.793578624725342
294442523,2,2.648375282959045,5.330748558044434
294521720,0,1.0,1.2304970026016235
294666426,4,1.0942455856950868,2.144408941268921
294666633,4,1.0942455856950868,2.4486749172210693
294691229,2,1.0,1.3417516946792603
294911042,1,4.0,5.7989115715026855
295175082,4,1.0942455856950868,1.4128228425979614
295175694,4,4.202504980223004,4.865910530090332
295252006,0,2.6296296296296293,2.243194103240967
295931565,4,1.0,2.783919095993042
295933469,3,1.0942455856950868,2.4913687705993652
295985117,4,1.6296296296296298,2.0954670906066895
295990918,4,4.62962962962963,5.4425859451293945
296200405,1,4.0,4.802887916564941
296791668,1,1.0942455856950868,1.4985997676849365
296923498,0,1.0,2.570108652114868
296975563,1,4.0,2.96374249458313
297009293,1,1.0942455856950868,0.9498681426048279
297263785,1,1.0,1.483574628829956
297269705,4,1.0,1.1901905536651611
297556559,0,3.3703703703703702,1.837850570678711
297588675,4,6.370370370370369,4.487337112426758
297590018,2,3.3703703703703702,5.188965797424316
297716783,1,1.0942455856950868,0.8886854648590088
297972679,0,1.0942455856950868,1.5970526933670044
298224094,3,3.0,2.438591480255127
298303722,3,1.0,2.476572036743164
298881902,0,1.0,0.5412387847900391
299005740,3,5.0,3.0797152519226074
299006015,3,4.202504980223004,5.101797580718994
299171940,0,4.7407407407407405,5.709632396697998
299609811,0,6.0,3.3677046298980713
299792420,3,3.425440131591025,2.4452321529388428
299797815,3,1.871310434327066,5.625588417053223
299861162,1,1.0,1.0260202884674072
300400566,1,1.0,0.9520717263221741
301030696,4,1.0942455856950868,1.5542161464691162
301138495,4,1.7407407407407407,3.920947313308716
301337358,0,1.0,3.5350215435028076
301338944,0,3.3703703703703702,1.926804542541504
301792935,3,1.0942455856950868,2.0653748512268066
302013232,1,1.0942455856950868,2.919013738632202
302340600,2,4.0,2.203619956970215
302340691,2,2.3703703703703702,1.369002103805542
302709082,0,1.871310434327066,2.7927632331848145
303694559,0,1.0,1.6994054317474365
304365239,0,3.740740740740741,6.517137050628662
304411872,1,1.0942455856950868,1.098716378211975
304459083,4,1.0,1.9511706829071045
304887674,3,2.7407407407407405,4.0311713218688965
304902732,2,1.3703703703703702,1.015539526939392
305087456,4,1.871310434327066,2.315908432006836
305127935,1,1.0,1.4359986782073975
305176147,3,1.6296296296296298,1.8594510555267334
305228734,3,1.3703703703703702,2.7470366954803467
305305992,2,6.533699526118942,5.007357597351074
305320665,3,3.425440131591025,1.998081922531128
305369936,4,3.0,3.7379236221313477
305472176,0,3.0,5.24921989440918
305541042,0,1.0942455856950868,1.7341686487197876
306064222,3,3.740740740740741,3.8398783206939697
306073100,3,1.0942455856950868,2.2417993545532227
306164247,2,3.0,5.580385684967041
306439267,4,1.0942455856950868,3.1652684211730957
306706831,0,3.0,1.7813968658447266
306978552,0,1.7407407407407407,4.070450305938721
307005765,3,4.202504980223004,3.283353328704834
307231754,0,1.0942455856950868,1.0013713836669922
307315849,4,1.0942455856950868,1.803381323814392
307398355,1,2.3703703703703702,1.8908064365386963
307439755,1,1.0942455856950868,1.5677835941314697
307802936,3,1.6296296296296298,2.392716646194458
307812556,0,7.310764374750923,7.384119987487793
307838863,0,1.0942455856950868,1.1983503103256226
307929995,3,1.0942455856950868,3.7748727798461914
307992600,1,4.37037037037037,4.341090679168701
307993037,1,1.0,1.1313414573669434
308096498,3,1.0,1.7226767539978027
308144587,1,1.0942455856950868,2.876004934310913
308244450,3,5.111111111111111,4.547468185424805
308300129,3,1.0,3.500028371810913
308312052,4,1.0942455856950868,1.018768072128296
308373646,0,1.0942455856950868,1.0443620681762695
308584320,3,1.0942455856950868,0.7534510493278503
308806344,4,1.0942455856950868,1.0285663604736328
309054603,2,1.0942455856950868,2.584934949874878
309128872,1,1.0,1.166923999786377
309145932,3,4.0,1.116456389427185
309161205,3,1.0,1.5365831851959229
309505551,0,1.0,1.9343583583831787
309574973,1,5.7566346774869634,6.979527950286865
309575154,1,1.7407407407407407,2.383817672729492
309631640,2,1.0942455856950868,1.5034363269805908
309657898,4,4.202504980223004,3.089468240737915
309797969,2,2.648375282959045,2.6989753246307373
309799849,2,1.0942455856950868,1.721557378768921
310040992,3,1.0,2.658432960510254
310232608,0,3.0,3.954958200454712
310257577,0,1.0,0.8754332065582275
310274930,4,3.0,1.7558503150939941
310319093,0,1.0,1.7044566869735718
310374536,2,1.0,1.883254885673523
310375103,2,1.0,1.7568755149841309
310547458,1,1.0,0.5618007779121399
310644582,4,3.425440131591025,2.0858707427978516
310878866,0,1.0,3.4875776767730713
310984490,1,1.0,2.3374569416046143
311579346,3,3.425440131591025,6.113088130950928
312439872,1,1.871310434327066,3.032646894454956
312484467,4,1.0,0.9531561732292175
313544736,0,1.0,2.129768133163452
313614369,2,1.0942455856950868,1.474368691444397
313794425,0,3.0,3.6722724437713623
314155102,3,1.871310434327066,2.9953291416168213
314201523,2,7.74074074074074,4.213665008544922
314202700,2,6.370370370370369,4.726165294647217
314607530,1,1.0942455856950868,1.311142921447754
314634379,2,1.0942455856950868,1.4063830375671387
314647649,0,2.648375282959045,3.9559264183044434
314888743,0,4.0,3.7126541137695312
314911842,3,2.3703703703703702,6.287150859832764
314915388,3,2.0,2.470534324645996
314946053,2,1.0,1.6868984699249268
315007101,3,5.0,3.955021858215332
315469896,3,3.740740740740741,2.6981263160705566
315483616,0,2.3703703703703702,3.735736608505249
315483708,0,6.111111111111111,4.380077838897705
315497619,0,3.425440131591025,4.769676208496094
315614530,1,1.0,2.364084243774414
315618375,1,5.111111111111111,4.74065637588501
315642970,0,4.37037037037037,2.423623561859131
315669813,1,1.0942455856950868,1.3070677518844604
315758933,3,1.0,1.4200541973114014
315785902,4,5.0,1.4514472484588623
315791219,4,6.111111111111111,5.710977554321289
315931806,4,5.0,3.9874963760375977
315984241,3,3.3703703703703702,2.485121488571167
316031157,2,1.0942455856950868,1.5117857456207275
316519104,0,2.648375282959045,1.5445688962936401
316544603,2,1.3703703703703702,1.2331390380859375
316549231,4,1.871310434327066,3.584998607635498
316700304,1,1.0,0.7989742755889893
316792075,4,5.37037037037037,3.1808252334594727
316932677,2,3.0,4.336077690124512
316933142,2,4.979569828854984,5.979860782623291
316973553,0,1.0,1.4788898229599
317194875,4,1.0,1.3584063053131104
317264555,0,5.111111111111111,6.324977874755859
317671572,4,1.0,1.5081028938293457
317674965,2,1.6296296296296298,0.9863322377204895
317748605,2,2.0,1.571786642074585
317870742,3,1.871310434327066,2.150604248046875
318323892,1,1.0,1.3440771102905273
318347429,3,5.7566346774869634,3.4094114303588867
318458841,1,1.871310434327066,2.2172749042510986
318483100,0,1.6296296296296298,1.9978458881378174
318719663,0,1.0942455856950868,2.390711784362793
318805006,1,2.3703703703703702,1.2763862609863281
318834293,4,3.0,2.8602216243743896
318910917,0,5.0,2.730710983276367
319201384,0,3.3703703703703702,4.040535926818848
319255785,1,1.3703703703703702,0.9578530192375183
319257023,1,2.648375282959045,3.185526132583618
319326534,1,4.0,2.6498219966888428
319335275,2,2.648375282959045,3.459343671798706
319420017,1,1.0942455856950868,0.7478968501091003
319550343,1,2.648375282959045,2.9354922771453857
319558046,0,1.0,1.317513108253479
319600734,4,1.0,0.8646260499954224
319754243,2,1.3703703703703702,1.3255654573440552
319828418,2,1.0,1.5946677923202515
320016265,4,1.0,0.5589735507965088
320094015,1,8.37037037037037,7.430062770843506
320098989,4,1.0942455856950868,1.3741567134857178
320099321,1,1.0,1.7164320945739746
320187542,1,1.0,1.5904982089996338
320218244,2,3.425440131591025,3.6291565895080566
320312812,1,1.871310434327066,2.959346055984497
320391940,4,4.37037037037037,3.679677963256836
320398633,3,4.7407407407407405,4.85145902633667
320462018,0,6.7407407407407405,4.353982925415039
320508220,1,2.0,3.3554677963256836
320713781,1,5.37037037037037,5.416591167449951
320718138,1,1.7407407407407407,3.6301980018615723
320723072,2,2.3703703703703702,2.968552589416504
320723237,2,1.0,1.9238061904907227
320760747,4,6.0,5.460391998291016
320772915,3,3.425440131591025,5.327347278594971
320873049,1,1.0,1.3301807641983032
320952895,3,6.111111111111111,5.48227596282959
320961087,4,3.425440131591025,3.156991720199585
321000149,0,2.648375282959045,1.922141671180725
321000602,0,3.0,2.582820415496826
321002103,0,1.3703703703703702,2.140556812286377
321055600,0,3.3703703703703702,1.6639283895492554
321129927,1,8.0,6.72568416595459
321197800,3,1.0942455856950868,1.5669784545898438
321198139,3,5.0,3.5141563415527344
321275370,3,3.3703703703703702,2.93754506111145
321454431,4,1.0942455856950868,2.684380054473877
321624238,0,1.0,0.915022611618042
321769389,2,1.0,0.8454840183258057
321773819,1,3.425440131591025,3.2335610389709473
321775493,1,1.0942455856950868,1.606156349182129
321869005,2,1.0942455856950868,1.9612551927566528
321896091,2,1.0,1.6509881019592285
322179619,3,1.0,3.763566017150879
322239515,0,1.0,1.1247848272323608
322408895,2,4.62962962962963,3.565507411956787
322650749,3,1.0,1.1773165464401245
322657947,3,2.0,3.1825215816497803
322657977,3,1.871310434327066,2.606820583343506
322804610,0,2.3703703703703702,3.0998435020446777
323054408,1,1.0,0.8240223526954651
323206077,1,2.648375282959045,5.0489420890808105
323214303,2,1.0942455856950868,0.6188894510269165
323424219,3,1.3703703703703702,1.3114721775054932
323450711,1,1.0942455856950868,0.5239722728729248
323550811,2,1.0,2.5545835494995117
323998752,1,1.0,0.8787520527839661
324164633,0,5.629629629629629,6.471047878265381
324165329,0,2.648375282959045,5.526576042175293
324240499,2,1.6296296296296298,3.918353319168091
324240783,2,4.979569828854984,4.574924468994141
324241859,2,7.310764374750923,5.075006484985352
324251993,0,1.0,0.9360515475273132
324259140,4,1.0,1.9588854312896729
324259214,4,1.0942455856950868,2.4615066051483154
325145497,0,1.0,1.8227272033691406
325364853,2,1.0,2.17440128326416
325425896,0,1.0,1.0330901145935059
325536984,1,3.3703703703703702,2.3577373027801514
325645995,0,5.0,1.5207464694976807
325688654,2,1.0,3.326183795928955
325891005,1,1.0,0.7087149024009705
326079291,3,1.0,1.4809073209762573
326108264,3,1.0,3.006247043609619
326108608,3,1.0942455856950868,1.7159414291381836
326225459,0,1.871310434327066,3.3138508796691895
326269561,4,5.111111111111111,5.0455121994018555
326292344,4,1.0,1.3780174255371094
326342450,2,2.0,1.437945008277893
326343479,0,6.370370370370369,2.3309578895568848
326376377,4,3.425440131591025,3.5481460094451904
326376873,4,1.0942455856950868,1.423814296722412
326380032,4,1.0942455856950868,2.406874418258667
326391943,0,1.0942455856950868,1.4342726469039917
326434741,0,6.111111111111111,3.9096646308898926
326447592,3,7.310764374750923,5.1154913902282715
326449658,0,5.0,4.299762725830078
326489967,3,1.0,1.1652426719665527
326575748,0,3.0,2.911691665649414
326580054,0,7.0,4.405214309692383
326641897,2,1.0,3.574760913848877
326686027,4,3.425440131591025,3.5315582752227783
326901431,3,1.0,0.8667653203010559
326910515,1,1.0942455856950868,1.1163444519042969
326925605,0,1.0,1.093435287475586
326945194,4,2.3703703703703702,2.904327869415283
327325093,4,3.425440131591025,3.5385639667510986
327399769,0,4.979569828854984,5.036283493041992
327626890,3,1.0,3.4402899742126465
327747307,4,6.7407407407407405,7.673465728759766
327798159,2,1.871310434327066,2.0699124336242676
327798170,2,1.0942455856950868,2.7830021381378174
327798535,2,6.0,2.966121196746826
327961011,2,1.7407407407407407,1.739833950996399
327988577,3,5.7566346774869634,2.795457124710083
328060012,0,1.871310434327066,1.2231125831604004
328075987,1,1.0,1.2971514463424683
328150191,1,4.202504980223004,4.539828300476074
328216744,4,3.0,3.4616711139678955
328217929,4,1.0,0.5968471765518188
328235217,1,1.0,1.8781914710998535
328340973,3,1.871310434327066,5.709867000579834
328360017,1,5.0,5.722218036651611
328368322,0,1.3703703703703702,1.5587118864059448
328384635,1,4.0,5.586574554443359
328671398,0,1.0942455856950868,1.7917133569717407
328726567,3,6.0,5.957202434539795
328856148,2,1.0,1.2074493169784546
328882623,4,3.425440131591025,3.387436866760254
329037562,3,3.425440131591025,6.635552883148193
329040475,1,6.0,5.189579486846924
329040830,1,3.0,1.7016417980194092
329055981,1,2.648375282959045,5.414943218231201
329072569,2,1.0,1.414106011390686
329205968,3,4.37037037037037,5.132277488708496
329478485,0,1.0,1.549649953842163
329548406,1,3.0,2.582275629043579
329623431,2,3.425440131591025,4.904519081115723
329828741,3,5.7566346774869634,6.363399982452393
329898027,3,1.0942455856950868,1.0954209566116333
329961165,0,1.0,0.9793844819068909
329976138,4,5.7566346774869634,7.411883354187012
330073876,1,1.871310434327066,3.460538625717163
330089907,2,3.425440131591025,3.2470529079437256
330317891,2,5.0,2.5747385025024414
330323789,4,3.0,2.259158134460449
330365699,3,1.0,2.558286428451538
330367291,3,1.0942455856950868,2.244541645050049
330405999,4,1.0942455856950868,1.2663519382476807
330425922,2,1.0,2.068528175354004
330441818,3,1.0942455856950868,1.1130703687667847
330563917,0,1.0942455856950868,2.0680088996887207
330693939,0,1.0,1.0484718084335327
330732392,1,1.3703703703703702,2.7742629051208496
330775486,1,2.648375282959045,1.4333393573760986
330864451,1,6.0,6.657541751861572
330966322,4,2.111111111111111,1.5257463455200195
330967302,4,1.0,0.9666388034820557
330998851,2,7.111111111111111,5.061134338378906
331075456,0,4.0,5.656750202178955
331153499,1,1.0942455856950868,1.6305465698242188
331250233,2,2.0,1.6029528379440308
331257380,4,1.3703703703703702,1.8477104902267456
331432035,0,1.0,1.3925665616989136
331602745,0,2.0,1.9405341148376465
331667811,0,5.7407407407407405,4.999156951904297
331731875,4,5.999999999999999,6.613274574279785
331888763,2,1.0,1.0989139080047607
331925440,2,1.0942455856950868,1.2938096523284912
331929710,2,5.0,5.521616458892822
331950422,3,5.0,4.862349987030029
332042656,4,1.0942455856950868,0.9591858983039856
332063810,4,1.0,1.0006991624832153
332093757,0,1.0,1.454237699508667
332184383,0,1.0942455856950868,1.991605281829834
332205247,2,6.0,3.7279181480407715
332218074,0,1.0,1.403104305267334
332258927,0,1.0,1.7875550985336304
332259134,0,1.0,0.9507155418395996
332537326,1,1.0,1.3585431575775146
332606419,1,1.6296296296296298,1.8061566352844238
332672726,4,5.0,1.784285545349121
332673561,4,6.533699526118942,3.075009346008301
332695570,2,2.6296296296296293,5.26858377456665
332927003,1,3.425440131591025,2.7591917514801025
332927510,1,3.0,1.9228088855743408
333006953,4,1.0,0.5145129561424255
333122901,4,1.0,1.0136353969573975
333373786,4,4.7407407407407405,3.3380444049835205
333533237,4,1.0,1.0129081010818481
333535080,4,1.0942455856950868,1.1040540933609009
333639726,0,2.0,4.468991279602051
333751357,0,5.0,3.977489471435547
333855122,1,2.3703703703703702,3.4188897609710693
333972154,1,4.0,3.857597827911377
334046938,0,1.3703703703703702,2.850670337677002
334050236,1,4.202504980223004,4.921699523925781
334132794,2,2.648375282959045,1.8062169551849365
334254329,3,1.0,1.1183176040649414
334318930,3,3.0,3.7268288135528564
334342040,1,6.7407407407407405,5.877478122711182
334354675,4,1.0942455856950868,1.2718418836593628
334436854,0,1.0,1.3351640701293945
334474713,3,1.0,1.9459941387176514
334482053,0,5.111111111111111,3.8764097690582275
334551247,0,3.0,4.777857780456543
334566826,4,2.111111111111111,2.211409568786621
334658128,3,4.0,5.206307888031006
334729594,3,4.37037037037037,5.030582904815674
334741798,2,1.0,1.5407581329345703
334969203,0,1.0942455856950868,1.3829286098480225
335014043,0,1.871310434327066,3.9670517444610596
335032875,1,1.0,2.344270944595337
335128515,2,1.871310434327066,1.7078875303268433
335210420,4,6.533699526118942,6.19766902923584
335237949,3,2.3703703703703702,1.8259401321411133
335238798,3,5.0,4.372372150421143
335257267,3,1.0942455856950868,1.931410789489746
335260614,2,4.7407407407407405,4.913221836090088
335409781,4,1.0942455856950868,3.0870232582092285
335410161,4,4.979569828854984,5.600922584533691
335460094,1,2.648375282959045,4.996511936187744
335595192,4,2.648375282959045,3.1427464485168457
335608107,3,1.0942455856950868,0.5864002108573914
335685576,3,1.0,1.9387500286102295
335689739,0,2.648375282959045,4.44703483581543
335711187,0,1.0942455856950868,1.6483317613601685
335714089,0,7.111111111111111,7.224391460418701
335798890,0,1.0942455856950868,1.0346239805221558
335863990,3,1.0942455856950868,1.8251620531082153
336139551,3,1.0,3.1439368724823
336148614,4,3.0,1.4987637996673584
336152400,1,1.0,2.0159265995025635
336161298,1,3.425440131591025,3.0571320056915283
336161322,1,1.3703703703703702,2.812882423400879
336236076,0,1.6296296296296298,2.3022210597991943
336287860,0,1.0942455856950868,2.4973411560058594
336316972,0,3.425440131591025,2.0744614601135254
336320001,2,1.0942455856950868,2.1682968139648438
336360105,2,1.3703703703703702,2.143956422805786
336413503,4,2.648375282959045,2.885814905166626
336438500,2,1.0942455856950868,1.756276249885559
336525088,4,4.481481481481481,2.2878236770629883
336616396,4,1.871310434327066,1.9423727989196777
336641771,4,1.0942455856950868,1.8948509693145752
336642133,4,4.202504980223004,2.5150625705718994
336667797,2,1.0,1.3094676733016968
336715197,1,3.0,3.9491353034973145
336796897,4,1.0,1.3601571321487427
336983182,4,3.0,2.879260540008545
336987957,4,1.0942455856950868,2.1476190090179443
336998037,3,1.0,1.2996933460235596
337049933,3,3.425440131591025,3.678647041320801
337097968,0,1.0,1.4209332466125488
337140229,1,1.0,1.4812853336334229
337288415,1,1.0942455856950868,2.1552658081054688
337523607,2,5.7566346774869634,3.0373456478118896
337659309,3,6.533699526118942,7.944193363189697
337671323,4,4.202504980223004,3.406646728515625
337677590,4,4.0,1.9732110500335693
337726225,4,1.0942455856950868,2.5549826622009277
337790603,2,1.0942455856950868,1.8238866329193115
337886201,2,1.0,0.7652621865272522
337913265,0,2.888888888888889,2.9411420822143555
337922327,3,1.0942455856950868,1.0379916429519653
337942326,3,5.0,3.6715612411499023
338011055,3,1.0942455856950868,1.2481364011764526
338201340,0,1.0942455856950868,2.0913660526275635
338271545,1,3.0,2.488922357559204
338278016,1,1.0,1.7792091369628906
338364458,0,6.0,6.567779541015625
338371563,2,7.74074074074074,5.976195335388184
338390919,3,4.979569828854984,7.490016460418701
338558027,4,1.0,2.6699652671813965
338558546,4,3.0,5.419720649719238
338604901,1,1.871310434327066,1.3672082424163818
338775912,1,5.0,2.095163106918335
338895904,1,1.0,1.2324175834655762
338901308,4,1.0,1.570967197418213
338943237,0,1.0,5.191195964813232
338953276,0,6.7407407407407405,6.754485130310059
338993610,2,1.0942455856950868,2.290670394897461
338993923,2,3.0,2.264436960220337
339096124,4,2.3703703703703702,2.6045918464660645
339198518,0,1.0,1.5585205554962158
339220218,1,1.871310434327066,2.8891098499298096
339229282,0,4.979569828854984,3.845839262008667
339254762,4,1.6296296296296298,2.1530346870422363
339258407,0,2.6296296296296293,2.540781021118164
339372423,4,1.871310434327066,2.2662181854248047
339376622,4,1.7407407407407407,4.16977596282959
339392745,1,1.0,0.7958062291145325
339405295,1,1.0,1.3598856925964355
339479631,3,1.3703703703703702,0.9885129332542419
339505767,4,3.425440131591025,3.6718547344207764
339667965,0,1.0,0.9721072316169739
339682870,4,5.0,3.0808498859405518
339956819,2,6.533699526118942,7.64900541305542
339957132,2,5.7407407407407405,4.033016204833984
339961250,4,1.0942455856950868,1.2915630340576172
339967819,4,3.0,4.160002708435059
340078109,1,3.425440131591025,3.5723536014556885
340219139,4,2.648375282959045,3.223346710205078
340256671,0,1.0942455856950868,1.5234326124191284
340276822,1,3.0,1.7808372974395752
340283651,0,3.0,2.0939643383026123
340327635,2,1.0,1.2194684743881226
340387221,2,4.62962962962963,4.49505615234375
340938595,2,1.871310434327066,4.499373912811279
340938793,2,1.0942455856950868,0.6602374315261841
340939114,2,1.0,2.5276966094970703
340948457,1,1.0942455856950868,1.7879431247711182
340957670,3,2.7407407407407405,4.279853343963623
341034298,3,4.0,1.8513683080673218
341109592,3,1.0,1.045271873474121
341136694,0,1.0,1.1918646097183228
341173719,4,1.0,1.0727102756500244
341267817,2,3.0,1.7154674530029297
341383559,1,1.0,3.624577760696411
341383914,0,2.0,1.2091113328933716
341400247,3,1.0,0.583652675151825
341487265,0,5.7566346774869634,3.823914051055908
341488180,0,5.7407407407407405,2.94429349899292
341539423,3,1.871310434327066,2.0217270851135254
341539949,3,2.0,2.4546003341674805
341680025,0,3.0,1.5834146738052368
341737811,0,2.0,5.336007118225098
341777940,3,7.111111111111111,6.185846328735352
341824025,4,1.0,0.8128248453140259
341837047,3,3.425440131591025,5.905039310455322
341847339,0,1.0,1.8925752639770508
341953146,4,4.202504980223004,6.008413314819336
341964163,1,1.0942455856950868,3.263442277908325
342115286,0,1.0,1.433100938796997
342116292,1,1.871310434327066,3.3619213104248047
342128484,4,4.202504980223004,3.5923171043395996
342128495,4,4.202504980223004,2.10492205619812
342164790,4,3.0,2.319687843322754
342226490,4,3.740740740740741,2.8543648719787598
342259337,4,1.0942455856950868,4.029911994934082
342272396,3,1.0,3.214777946472168
342272426,3,1.0,1.3084502220153809
342278802,2,2.648375282959045,2.925813674926758
342317416,3,1.0,1.4651042222976685
342318807,3,2.648375282959045,2.4878759384155273
342328487,1,1.0,2.8967645168304443
342401332,3,1.0,3.307783365249634
342415425,0,1.871310434327066,3.6513805389404297
342454532,3,1.871310434327066,3.7020184993743896
342461252,0,3.740740740740741,3.9826345443725586
342507977,0,1.0,1.6998229026794434
342546455,4,6.0,5.467795372009277
342566956,0,7.0,6.492546081542969
342608818,2,1.0,0.8753333687782288
342713285,1,1.0942455856950868,1.6797066926956177
342713435,1,1.0942455856950868,3.258965492248535
342714491,1,4.37037037037037,4.586367607116699
342738350,4,2.0,1.8359789848327637
342739048,4,1.0,1.8938660621643066
342840613,0,4.202504980223004,5.292176246643066
342840964,0,3.0,3.96561861038208
343078619,4,1.0,1.2328741550445557
343104628,2,6.0,2.7593133449554443
343170051,0,3.425440131591025,5.682655334472656
343365062,2,2.888888888888889,4.382625579833984
343414833,0,4.202504980223004,3.1720094680786133
343527077,1,2.6296296296296293,5.78877067565918
343541130,0,1.0,0.9515912532806396
343581803,3,3.425440131591025,2.417311191558838
343589927,3,1.0942455856950868,2.0138778686523438
343745491,2,1.0,1.4953182935714722
343769000,3,1.6296296296296298,2.83373761177063
343902964,4,4.481481481481481,4.437849998474121
343916868,1,1.0,0.9727686047554016
343942711,2,1.0,1.391977071762085
344045737,1,4.0,1.9747713804244995
344053253,1,2.0,3.587517023086548
344062764,1,4.0,3.38731050491333
344063920,1,2.648375282959045,5.251245498657227
344080860,0,3.740740740740741,3.8946924209594727
344145952,4,1.0,2.6540908813476562
344159000,4,6.111111111111111,4.290048599243164
344160529,4,1.6296296296296298,1.3509858846664429
344163685,1,2.648375282959045,4.157111644744873
344195999,0,1.0942455856950868,1.105607271194458
344226864,1,1.0,0.9609625935554504
344369267,1,2.648375282959045,1.7602465152740479
344380469,4,1.0,1.040784239768982
344569507,1,1.871310434327066,2.0185039043426514
344610585,4,1.0942455856950868,0.4302463233470917
344693455,0,4.481481481481481,5.315930366516113
344852503,3,1.0,2.7407124042510986
344900800,1,3.425440131591025,1.9636567831039429
344987304,4,1.0,1.2880146503448486
344993204,1,1.0,0.6458770036697388
345036619,2,6.533699526118942,4.043711185455322
345141940,1,1.0942455856950868,1.6363980770111084
345188414,4,1.871310434327066,1.3943028450012207
345216864,4,4.202504980223004,3.5466630458831787
345217002,3,1.871310434327066,3.0930869579315186
345234251,2,1.6296296296296298,5.519007205963135
345255002,0,7.0,6.333943843841553
345306929,2,1.0942455856950868,0.3477778732776642
345364070,1,1.0942455856950868,4.6472578048706055
345389872,0,1.871310434327066,1.4121317863464355
345393591,1,1.6296296296296298,3.3465118408203125
345515493,0,1.0,1.8968429565429688
345604869,3,1.0,1.6009416580200195
345800304,1,1.871310434327066,3.5243780612945557
345813835,1,1.0,2.9830167293548584
345836157,1,1.3703703703703702,2.922388792037964
345836452,1,1.0942455856950868,2.708155870437622
345837983,1,2.648375282959045,4.170604228973389
345845297,4,1.0942455856950868,1.0038032531738281
345877830,0,1.0,0.9067000150680542
345878535,4,4.37037037037037,3.27176570892334
346198084,1,1.0,1.4991878271102905
346257194,3,1.0,1.1793365478515625
346375157,4,1.871310434327066,4.234724998474121
346387773,0,1.0,0.9118988513946533
346444451,4,1.0,1.0061038732528687
346511628,0,5.7566346774869634,4.585423946380615
346558171,1,4.979569828854984,6.6361846923828125
346576896,0,3.0,2.4043025970458984
346602295,3,1.0,1.553526759147644
346695829,0,1.0,0.9320542812347412
346726629,4,1.0,0.8894652724266052
346946250,4,3.740740740740741,2.361187696456909
347070156,0,3.111111111111111,3.9986629486083984
347075759,3,1.0,2.6447627544403076
347085078,3,1.0,0.9250053763389587
347156672,0,4.0,4.078718185424805
347380126,3,6.0,2.8500046730041504
347458272,4,1.0942455856950868,0.7459526062011719
347465549,0,1.0942455856950868,1.7778189182281494
347667705,3,6.7407407407407405,5.621640205383301
347728672,2,3.425440131591025,3.916889190673828
347728976,2,2.7407407407407405,3.2770750522613525
347756525,3,4.481481481481481,6.188945293426514
347763620,2,3.0,4.562687873840332
347873229,2,1.0942455856950868,2.6357388496398926
347940985,0,4.37037037037037,1.1400443315505981
347943397,0,1.0,1.5257517099380493
347980316,4,1.0,1.898362398147583
348008600,1,6.0,5.249844074249268
348009903,1,6.0,6.533479690551758
348039079,2,1.0,1.0850857496261597
348056220,1,1.0942455856950868,0.6205629706382751
348090282,2,5.37037037037037,2.5319619178771973
348144510,2,4.111111111111111,4.275282382965088
348146407,4,4.0,1.8773033618927002
348213336,4,1.871310434327066,2.847182273864746
348744614,4,1.0,1.258410930633545
348782994,2,2.111111111111111,2.4710092544555664
348881881,2,1.6296296296296298,1.6844844818115234
348920130,1,1.0,1.152667760848999
349004054,3,1.0,1.3187446594238281
349049910,4,2.7407407407407405,2.3184218406677246
349058786,2,2.648375282959045,2.2683963775634766
349112067,3,1.0,1.3843903541564941
349139426,3,1.0,1.3346328735351562
349143519,1,5.999999999999999,5.698214530944824
349156298,3,1.0942455856950868,0.8656483888626099
349281513,0,1.0,1.0331999063491821
349283853,0,1.0942455856950868,1.2639684677124023
349342500,1,3.0,2.801520586013794
349439455,3,1.0,1.0495203733444214
349440063,3,4.7407407407407405,5.194857597351074
349541242,3,5.7566346774869634,5.859299182891846
349548098,0,5.7566346774869634,5.283798694610596
349576812,0,5.0,3.2329721450805664
349580035,2,6.481481481481481,4.664575576782227
349635116,2,1.0942455856950868,0.9822412133216858
349645655,2,1.871310434327066,2.495657444000244
349656682,4,1.3703703703703702,1.6723259687423706
349657259,4,1.0942455856950868,1.3962936401367188
349763399,0,1.0,1.3849579095840454
349854709,0,7.0,3.6353282928466797
349974496,1,1.0,1.8001283407211304
349997903,1,1.0,0.9874233603477478
350003809,1,5.7566346774869634,6.501362323760986
350127785,4,2.6296296296296293,1.9728055000305176
350201884,4,5.0,5.788036346435547
350215566,0,4.111111111111111,3.6860246658325195
350368660,0,3.0,3.4011878967285156
350410455,1,1.0942455856950868,2.3759772777557373
350420542,2,1.0942455856950868,1.9397532939910889
350556630,2,1.6296296296296298,4.252374649047852
350804606,3,1.0942455856950868,1.3543648719787598
350805729,2,1.0,1.317352533340454
350812851,3,2.3703703703703702,1.6991163492202759
350853418,1,4.481481481481481,5.099050045013428
350876189,1,5.7566346774869634,6.109384059906006
350906409,3,1.0,1.2850513458251953
351142714,2,1.0,1.0094774961471558
351334385,1,1.871310434327066,2.1295289993286133
351380809,1,2.648375282959045,1.5430200099945068
351508557,3,1.6296296296296298,1.10603928565979
351555867,3,6.111111111111111,5.967520236968994
351632037,3,4.979569828854984,4.877435684204102
351644812,3,1.0,1.081228494644165
351662776,0,1.0942455856950868,1.4392716884613037
351714146,2,1.0,1.0066194534301758
351716160,4,7.74074074074074,7.8998541831970215
351717902,4,1.0942455856950868,2.3279075622558594
351792283,3,3.0,1.8519597053527832
351830727,3,4.0,1.978874683380127
351877726,1,3.740740740740741,3.6298670768737793
352137919,0,1.6296296296296298,5.24819803237915
352163516,4,1.0942455856950868,1.7467315196990967
352163544,4,9.0,7.452693939208984
352377506,3,1.0,1.104790210723877
352727905,3,4.37037037037037,4.294445037841797
352931621,1,1.0,1.8179371356964111
352931641,1,1.0942455856950868,1.9065990447998047
352945310,1,1.0942455856950868,2.1611557006835938
353050687,4,2.0,3.495832920074463
353194502,0,1.0,1.06742525100708
353222990,4,1.0942455856950868,2.5434718132019043
353277521,3,2.648375282959045,4.059114933013916
353314292,3,1.0,1.007469892501831
353324171,1,2.648375282959045,1.824021577835083
353408482,1,1.871310434327066,2.7529067993164062
353431202,2,1.0,1.2896207571029663
353431392,0,1.0,4.062385559082031
353475666,2,1.0942455856950868,2.023933172225952
353563808,2,6.7407407407407405,3.4193005561828613
353590045,2,1.0942455856950868,1.5930585861206055
353725776,0,2.0,2.643932580947876
353866427,4,1.0942455856950868,1.9748982191085815
353913273,2,1.0,1.783102035522461
353941547,0,3.111111111111111,3.8110461235046387
353967398,3,1.0,1.4858307838439941
354054400,4,1.6296296296296298,2.3426613807678223
354063237,1,1.0,1.080304741859436
354184282,2,3.425440131591025,4.946303367614746
354205023,2,4.979569828854984,6.550746917724609
354205307,2,1.0,1.174102544784546
354234745,3,1.0942455856950868,0.7948455810546875
354414779,0,5.7407407407407405,3.914947509765625
354460840,2,1.871310434327066,2.6743059158325195
354471553,2,1.0942455856950868,0.21219763159751892
354578466,4,3.0,1.2691699266433716
354658144,2,2.648375282959045,2.5194244384765625
354948423,1,1.0,2.0499823093414307
355001607,1,4.0,2.9319393634796143
355003114,1,1.0,1.55955171585083
355019945,2,2.7407407407407405,5.167358875274658
355164671,1,4.202504980223004,5.611019611358643
355362046,1,2.0,2.0933992862701416
355615811,1,6.0,4.926055431365967
355728832,2,2.0,5.124528408050537
355737512,0,4.202504980223004,3.7901692390441895
355826080,0,1.0,1.024099588394165
355857137,3,3.0,3.8214504718780518
355937151,1,3.0,2.0282704830169678
355946640,0,6.0,4.2945170402526855
355964444,4,3.0,2.1562023162841797
355964555,4,1.0,2.542344570159912
355974987,1,1.0,1.1515779495239258
356070629,4,3.0,4.912186622619629
356112030,4,3.425440131591025,2.960953712463379
356134022,1,3.0,1.4373574256896973
356140809,4,5.0,3.5588417053222656
356255755,2,3.740740740740741,5.827570915222168
356277563,1,8.0,4.492851734161377
356288995,4,1.3703703703703702,1.5206726789474487
356290569,3,4.7407407407407405,5.339760780334473
356304771,3,1.0,0.5285162925720215
356398244,4,5.7566346774869634,5.599420547485352
356399699,4,1.0,0.9183380007743835
356406284,3,6.533699526118942,5.278341293334961
356407157,3,3.3703703703703702,4.19568395614624
356407833,3,1.0942455856950868,1.3181818723678589
356510099,0,1.0,1.1848411560058594
356637183,4,1.0,1.6646279096603394
356662263,3,4.979569828854984,5.173885822296143
356720854,1,1.0942455856950868,1.9444479942321777
356870227,4,1.0,1.1187725067138672
356885507,4,1.0,1.2846479415893555
356941352,1,6.111111111111111,5.811081409454346
356959186,1,1.0942455856950868,1.9413483142852783
356961583,1,2.0,2.004173994064331
357132305,1,6.7407407407407405,5.3007731437683105
357294963,0,1.0942455856950868,0.669147789478302
357393982,0,1.0942455856950868,1.9120001792907715
357612732,3,1.871310434327066,2.160316228866577
357754465,0,1.0942455856950868,1.8932257890701294
357764556,4,2.851851851851852,1.7828633785247803
357800750,3,1.0,0.8805626630783081
357838242,3,2.0,1.8730961084365845
357891263,0,6.0,2.930424690246582
358262353,2,1.0,2.89249849319458
358350080,2,6.0,2.921679973602295
358458518,4,1.0942455856950868,1.5583163499832153
358526430,1,1.871310434327066,3.6852941513061523
358580751,4,1.0,1.5080039501190186
358583383,3,8.0878292233829,8.427038192749023
358618535,2,5.0,4.81103515625
358663611,4,6.7407407407407405,7.28481388092041
358668052,1,6.0,1.1092250347137451
358953365,3,7.0,5.907726764678955
358985772,1,1.0,1.029195785522461
358996742,0,1.0942455856950868,1.119376540184021
359000941,3,5.0,2.991302013397217
359105333,1,5.7407407407407405,5.247419834136963
359146087,3,1.3703703703703702,3.4531455039978027
359198355,4,2.0,2.8676323890686035
359315644,4,1.6296296296296298,2.1695520877838135
359345321,1,1.0,2.1759941577911377
359345697,4,1.0,1.0436351299285889
359371046,2,1.0,1.5978131294250488
359392451,0,4.0,4.946682929992676
359395723,0,4.0,4.610439300537109
359397260,0,1.0942455856950868,2.09383225440979
359403808,4,1.0,3.5370190143585205
359454147,3,2.3703703703703702,2.6714630126953125
359672283,4,3.0,3.8205442428588867
359714068,0,2.0,1.7435094118118286
359715319,0,1.0,1.9428536891937256
359751904,4,2.0,2.9482624530792236
359785490,4,2.648375282959045,3.6962080001831055
359785539,2,5.7566346774869634,4.571307182312012
359796571,3,1.0,2.1995668411254883
359816527,1,1.0942455856950868,0.6109306812286377
359817901,1,1.0,0.7307449579238892
359826195,3,6.533699526118942,7.4148149490356445
359827197,3,7.310764374750923,7.734410762786865
359827758,3,1.0,3.750476837158203
359833586,3,1.871310434327066,3.5359859466552734
359855194,4,4.202504980223004,4.103872776031494
359940626,3,1.0942455856950868,1.6533784866333008
359962909,3,1.0942455856950868,1.102651596069336
360039665,2,1.0942455856950868,1.0369062423706055
360065484,1,1.0,0.926602840423584
360116850,4,1.0,1.5760884284973145
360229418,0,7.111111111111111,2.7599451541900635
360304077,2,1.0,1.9611470699310303
360306796,2,1.0942455856950868,1.0530281066894531
360307064,2,1.0942455856950868,1.9547311067581177
360395756,2,1.0,2.1090047359466553
360497050,3,4.0,1.5056273937225342
360559613,0,3.0,1.4546830654144287
360580404,1,4.202504980223004,3.2324295043945312
360580456,1,4.0,0.7871673107147217
360678420,4,1.0942455856950868,2.5352375507354736
360794991,4,1.871310434327066,1.4808000326156616
360876957,1,2.6296296296296293,4.435500621795654
360909082,0,1.3703703703703702,2.909059524536133
360909874,0,2.6296296296296293,1.8127994537353516
361147615,4,1.0,2.6251978874206543
361239670,2,1.0942455856950868,2.3221795558929443
361429739,4,5.7566346774869634,3.3695967197418213
361505283,3,1.0,1.6804693937301636
361666162,3,1.3703703703703702,2.477168560028076
361666311,3,3.3703703703703702,3.2511308193206787
361750309,2,1.6296296296296298,1.0340062379837036
361750725,2,1.0,1.3816301822662354
361814943,0,3.3703703703703702,1.8924342393875122
361935366,2,1.0,1.884538173675537
361936981,2,1.0942455856950868,2.3407185077667236
361978035,4,6.533699526118942,6.360358238220215
362010333,1,3.425440131591025,4.576350212097168
362109977,0,1.0,1.36757493019104
362170258,2,1.871310434327066,3.9813804626464844
362193039,0,1.0942455856950868,1.3419252634048462
362204142,4,6.0,5.801365852355957
362211409,2,4.481481481481481,6.426480293273926
362212208,2,1.0,3.2434816360473633
362213012,2,1.0942455856950868,1.4819047451019287
362296046,4,6.7407407407407405,4.099942207336426
362296302,4,1.0942455856950868,1.260293960571289
362297506,4,2.111111111111111,1.365027666091919
362463733,2,3.425440131591025,2.3875255584716797
362464019,2,1.871310434327066,1.877968430519104
362535169,0,3.0,2.603482723236084
362535255,0,1.0942455856950868,2.582676649093628
362690595,1,1.0942455856950868,1.1268656253814697
362743486,3,1.6296296296296298,1.7281619310379028
362787764,1,1.0,0.8103428483009338
362832092,3,4.37037037037037,3.6757662296295166
362934249,2,3.425440131591025,3.3180017471313477
362941413,1,1.0,0.8782530426979065
363112002,0,2.7407407407407405,1.8922141790390015
363151595,2,1.0942455856950868,1.7523236274719238
363172827,2,7.370370370370369,5.360022068023682
363179312,0,8.0,7.646889686584473
363179735,0,1.0,2.1633472442626953
363186005,2,1.0942455856950868,2.471832752227783
363282102,4,1.0942455856950868,4.652807712554932
363372754,2,1.0942455856950868,2.03696346282959
363377994,4,3.0,3.028101921081543
363393275,1,2.0,1.6611658334732056
363481024,4,5.7407407407407405,5.78328800201416
363489940,3,1.0,1.2154755592346191
363521844,1,2.0,2.0710368156433105
363572316,0,1.0942455856950868,1.3742055892944336
363572530,0,4.0,1.8586087226867676
363587923,4,4.0,2.202859401702881
363728545,2,1.3703703703703702,2.229719877243042
363770941,3,4.0,2.1654510498046875
363791726,4,1.0942455856950868,1.3324681520462036
363904931,3,1.0,0.7453946471214294
363929588,3,5.7566346774869634,5.813195705413818
363990653,0,1.0,2.6079556941986084
364247942,2,5.481481481481481,5.170022487640381
364404260,0,3.2592592592592595,3.2649669647216797
364468234,3,4.979569828854984,3.435753345489502
364481657,0,2.0,1.275742530822754
364656221,2,1.0,0.7429122924804688
364674591,1,3.425440131591025,3.3318991661071777
364696754,4,1.0,1.5340224504470825
364753932,3,1.0942455856950868,1.8683595657348633
364819699,4,3.0,3.271653175354004
364820479,0,5.7566346774869634,3.953949213027954
364864337,1,1.6296296296296298,3.416149139404297
364879796,1,4.37037037037037,3.3875043392181396
364953826,3,1.0,2.5486109256744385
365037540,1,2.648375282959045,2.494769334793091
365039360,0,1.871310434327066,1.4734432697296143
365109080,3,1.0942455856950868,1.4788517951965332
365136952,4,1.0942455856950868,0.489861398935318
365139241,3,4.111111111111111,3.864847183227539
365172635,0,1.0942455856950868,1.5585384368896484
365187127,0,1.0,1.291064977645874
365194897,4,1.0942455856950868,1.8229327201843262
365233322,4,1.0,3.8798892498016357
365423974,4,3.425440131591025,0.9255670309066772
365634440,1,1.0,1.0376560688018799
365642084,2,3.425440131591025,1.092578411102295
365750504,1,3.0,3.793393611907959
365884744,3,1.0,1.3664870262145996
365904132,1,3.425440131591025,2.784444808959961
365959999,0,1.0942455856950868,1.6531009674072266
366106309,1,1.0,3.519912004470825
366296667,2,4.62962962962963,2.2220683097839355
366298223,2,1.0,2.7552952766418457
366317363,3,1.0,2.0119614601135254
366351769,4,1.3703703703703702,0.646918773651123
366359016,4,1.871310434327066,2.620725631713867
366363984,4,1.0,0.8598277568817139
366364278,4,1.0,1.4244091510772705
366372497,1,1.0942455856950868,1.6564867496490479
366381981,1,1.6296296296296298,2.8727128505706787
366406849,3,5.7566346774869634,4.150156497955322
366436882,1,4.979569828854984,2.422899007797241
366469726,1,1.0,1.3127455711364746
366988409,0,1.0,1.2718563079833984
366988563,0,2.648375282959045,2.720040798187256
366992279,3,1.0,1.8417658805847168
367005337,0,1.871310434327066,2.5775420665740967
367102002,0,5.7407407407407405,3.8253250122070312
367233917,0,3.0,4.158892631530762
367738141,4,1.0,1.5367889404296875
367785161,4,5.0,3.746999740600586
367820028,0,3.3703703703703702,4.25729513168335
367820735,0,1.0,1.827453374862671
368095658,0,1.0,1.8045799732208252
368119796,1,1.871310434327066,2.1065022945404053
368153749,1,6.533699526118942,6.868617534637451
368185435,4,4.481481481481481,4.3917555809021
368301737,1,1.3703703703703702,1.587921380996704
368306370,3,3.425440131591025,3.093120574951172
368438789,0,1.0942455856950868,3.6614789962768555
368439587,3,1.871310434327066,1.1368725299835205
368673842,0,1.0,1.1825027465820312
368674585,0,4.202504980223004,4.580513954162598
368749284,3,1.0,2.3216991424560547
368839039,3,4.0,1.261305809020996
368839888,3,1.7407407407407407,3.0883731842041016
368908917,0,4.0,4.605327606201172
368908974,4,2.648375282959045,3.0173115730285645
368909539,0,7.310764374750923,7.834946155548096
368961081,3,3.0,2.828792095184326
368972410,0,1.0,1.9312379360198975
368980273,1,5.7407407407407405,6.116992950439453
369124333,2,1.0942455856950868,0.9702538251876831
369126743,4,3.740740740740741,2.754420757293701
369217524,2,1.0942455856950868,3.1226840019226074
369250570,3,6.0,5.975977420806885
369270193,3,3.0,1.8004000186920166
369270210,3,2.0,2.0847764015197754
369410381,3,1.3703703703703702,1.4037389755249023
369429361,4,1.0942455856950868,2.8615052700042725
369432506,2,4.37037037037037,5.19619083404541
369556023,3,1.0,2.6359596252441406
369643609,2,1.0,1.137174367904663
369896253,1,6.533699526118942,3.866089344024658
369939985,0,1.0,3.6260387897491455
369952334,3,1.0942455856950868,1.7007477283477783
370036626,1,3.425440131591025,3.5346314907073975
370109816,2,1.0,1.2059059143066406
370148436,1,1.0,2.7632296085357666
370310239,2,1.3703703703703702,2.2708630561828613
370327493,1,3.0,4.305299282073975
370339534,4,1.0942455856950868,1.3239269256591797
370373041,0,6.370370370370369,5.371304512023926
370497498,1,1.0,2.0168399810791016
370555001,2,1.6296296296296298,1.6876351833343506
370556287,2,1.0942455856950868,1.5900943279266357
370556293,2,1.0942455856950868,2.296267509460449
370556856,2,5.0,2.6161794662475586
370557608,2,1.0942455856950868,3.4460978507995605
370640903,2,3.425440131591025,3.284825325012207
370705363,3,1.0,0.8452005982398987
370705733,3,1.0,1.520015001296997
370830927,2,1.0942455856950868,1.0464293956756592
370896290,2,2.0,5.133886337280273
370923206,2,3.3703703703703702,3.2088117599487305
371022829,1,1.0,1.046665906906128
371073953,4,1.6296296296296298,5.566498756408691
371075891,0,7.370370370370369,5.345654487609863
371118936,0,2.648375282959045,2.7448763847351074
371156249,0,6.533699526118942,6.970529079437256
371274430,3,1.0,1.0324513912200928
371448645,2,1.3703703703703702,2.1328892707824707
371513146,1,1.0,2.9660775661468506
371518193,1,3.425440131591025,2.8840973377227783
371523123,4,1.0,2.060044288635254
371524579,4,4.0,4.137954235076904
371566235,4,1.0,2.2906107902526855
371604742,3,1.3703703703703702,1.522411584854126
371612651,4,1.0,2.3719913959503174
371706573,0,1.0942455856950868,3.824807643890381
371717060,3,2.0,3.606754779815674
371803967,1,1.0,1.2273244857788086
371909086,4,1.0,2.4892125129699707
372019956,2,6.0,4.954399108886719
372027636,2,4.979569828854984,3.3305540084838867
372123879,0,1.0942455856950868,2.591616153717041
372245412,0,1.871310434327066,2.97377347946167
372315285,2,2.6296296296296293,1.700451374053955
372483489,0,1.0,1.7358016967773438
372584072,4,1.3703703703703702,2.1915788650512695
372832898,4,3.0,2.456284999847412
372832981,4,3.0,5.336513996124268
372919637,3,1.7407407407407407,3.7288787364959717
372941920,0,5.7407407407407405,6.3404083251953125
373053551,3,2.3703703703703702,3.508497714996338
373314928,3,1.0,0.9539365172386169
373316591,4,4.202504980223004,4.254947185516357
373420324,4,1.0942455856950868,1.3159946203231812
373427573,3,5.0,5.3556437492370605
373443451,3,1.0,0.7870810031890869
373449486,1,1.0942455856950868,1.6702830791473389
373621058,0,1.0,2.638543128967285
373869226,3,5.7566346774869634,3.0749142169952393
373913392,3,2.648375282959045,5.8453826904296875
373974722,4,3.111111111111111,4.804162502288818
373975419,4,1.0942455856950868,1.1218054294586182
373981247,4,2.3703703703703702,4.233982086181641
374143105,2,2.648375282959045,5.926159381866455
374174638,2,3.3703703703703702,3.4027023315429688
374244690,3,4.202504980223004,3.9818320274353027
374245737,3,4.202504980223004,4.546174049377441
374245781,3,6.111111111111111,6.223043918609619
374268738,2,1.6296296296296298,3.8219265937805176
374317433,2,4.202504980223004,2.8909177780151367
374379315,2,2.648375282959045,3.102198600769043
374408176,2,4.979569828854984,5.655397415161133
374409781,2,4.7407407407407405,6.370837211608887
374420518,1,6.0,2.6967976093292236
374471484,1,3.0,6.188155651092529
374582947,2,5.999999999999999,3.4676105976104736
374583080,2,1.0942455856950868,1.2412941455841064
374583395,2,1.0,1.60280442237854
374588611,2,9.0,5.47304630279541
374719687,1,1.0,2.9588332176208496
374732827,3,4.37037037037037,0.6703906059265137
374774397,3,5.0,6.212888240814209
374774707,0,1.0942455856950868,1.1841955184936523
374786131,0,1.0,1.1117439270019531
374787581,0,1.0,1.2878527641296387
374817026,3,3.0,1.9393137693405151
374820957,3,1.0,2.5853302478790283
374821752,4,3.425440131591025,2.7594895362854004
374887476,1,1.0,2.202810049057007
374922380,1,4.111111111111111,3.8237948417663574
374922912,1,1.871310434327066,4.072109699249268
374945214,0,1.3703703703703702,2.0570921897888184
374970178,2,6.0,4.151948928833008
374970917,2,3.425440131591025,2.6126275062561035
374990999,1,1.0,1.4035179615020752
374991745,1,1.871310434327066,1.975662350654602
375089066,4,1.0,0.8586098551750183
375167936,2,1.0,2.0053205490112305
375502428,4,1.0942455856950868,1.0202383995056152
375539780,4,4.0,5.427305221557617
375555874,2,4.481481481481481,7.040623664855957
375643715,2,1.871310434327066,3.8920018672943115
375660979,3,1.7407407407407407,3.028872013092041
375682901,2,5.111111111111111,7.182547569274902
375683525,2,1.871310434327066,2.2060441970825195
375755722,2,5.0,3.678964614868164
375780386,2,1.871310434327066,2.8221192359924316
375819861,2,1.0,1.1429860591888428
375825482,0,3.0,4.079469680786133
375863458,2,1.0,1.7196593284606934
375901608,1,1.0942455856950868,2.772570848464966
376211384,2,1.3703703703703702,1.5226327180862427
376283558,3,1.7407407407407407,4.195064067840576
376577989,1,3.0,2.827000379562378
376719954,0,1.0,0.8447356224060059
376736430,4,2.111111111111111,3.326805591583252
376828218,3,1.0,0.9962114691734314
376847705,4,1.0942455856950868,1.2321269512176514
376899926,3,4.0,3.4855520725250244
376962422,4,2.648375282959045,1.6690261363983154
377210265,1,2.3703703703703702,3.1859521865844727
377226504,3,1.0,1.0170358419418335
377391466,4,1.3703703703703702,2.9725050926208496
377395824,0,1.0,1.8893812894821167
377402296,1,1.0,0.8524873852729797
377493610,0,1.0942455856950868,0.9823229312896729
377508370,1,1.0,1.002258539199829
377584533,0,5.0,6.149219512939453
377675773,4,1.0,1.2102586030960083
377779748,3,1.0942455856950868,0.9082915186882019
377780593,3,2.7407407407407405,4.449339389801025
378026681,4,1.0942455856950868,3.319486141204834
378026726,4,1.3703703703703702,3.3194873332977295
378076815,0,1.0,1.046575903892517
378104331,3,3.425440131591025,2.9564332962036133
378156330,1,5.37037037037037,4.10705041885376
378330536,0,2.6296296296296293,1.5025242567062378
378354377,3,4.979569828854984,4.664246082305908
378400133,3,1.0,1.059720754623413
378440629,4,4.0,2.1736555099487305
378457716,2,1.0,1.2998275756835938
378509155,4,4.0,3.6512162685394287
378542046,3,1.0942455856950868,1.2936780452728271
378645799,2,6.533699526118942,7.428236484527588
378655316,1,7.74074074074074,6.696937561035156
378704409,3,1.0,0.9391105771064758
378708110,2,4.202504980223004,4.793770790100098
378831121,2,1.0942455856950868,2.2554593086242676
378844541,0,4.979569828854984,3.179594039916992
378866355,3,4.0,1.6836473941802979
378887535,2,7.111111111111111,6.797931671142578
378970321,3,1.871310434327066,4.792599678039551
378971173,3,1.0942455856950868,2.234497308731079
378990160,4,3.0,1.8287657499313354
379303630,0,2.648375282959045,2.5878894329071045
379335369,4,1.0,1.1798040866851807
379532029,4,6.0,3.7904319763183594
379562141,0,3.0,1.4756176471710205
379570523,2,2.648375282959045,2.2800865173339844
379656337,1,1.6296296296296298,2.138319492340088
379682262,4,1.871310434327066,2.159255266189575
379692557,4,1.871310434327066,1.507306694984436
379705435,0,1.0942455856950868,1.5082166194915771
379754343,4,1.0942455856950868,3.5391252040863037
379830024,2,3.111111111111111,2.096400260925293
379860845,2,4.202504980223004,3.6312942504882812
379865792,3,5.111111111111111,2.8472723960876465
379885212,0,3.740740740740741,3.2258529663085938
379911051,4,1.0942455856950868,0.72565758228302
379946879,1,4.0,2.215247392654419
380029291,2,1.0,1.5867167711257935
380046125,3,4.979569828854984,4.20963716506958
380079282,3,1.871310434327066,2.307753086090088
380194321,3,1.0,1.6410071849822998
380197822,3,1.3703703703703702,1.2092902660369873
380347580,2,4.202504980223004,3.4725735187530518
380354264,0,1.3703703703703702,1.8029513359069824
380370189,0,1.3703703703703702,1.1463476419448853
380382861,3,2.648375282959045,2.8412528038024902
380447413,0,4.979569828854984,6.626260280609131
380450039,0,1.0,1.1935060024261475
380595775,4,1.0942455856950868,1.2535204887390137
380621872,4,3.3703703703703702,3.017974853515625
380717036,4,1.0,1.24146568775177
380721864,2,1.3703703703703702,2.409749984741211
380739627,3,1.0942455856950868,1.3749268054962158
380865388,3,1.0,1.374811053276062
380871303,4,1.0,1.2666945457458496
380872414,1,1.0,1.4244256019592285
380873897,1,1.3703703703703702,2.1985528469085693
380971259,3,1.0942455856950868,1.3683998584747314
380996754,1,5.111111111111111,4.567470073699951
381038864,4,2.7407407407407405,2.6828863620758057
381128540,4,2.648375282959045,3.7446391582489014
381160774,3,1.0942455856950868,1.3767197132110596
381161064,3,6.0,3.7704172134399414
381182145,0,7.111111111111111,6.944152355194092
381201065,3,1.0,1.3350770473480225
381206204,1,1.0942455856950868,1.0590715408325195
381257127,2,6.481481481481481,6.7144341468811035
381294765,2,1.3703703703703702,3.3754723072052
381301799,1,1.871310434327066,1.5352442264556885
381367238,0,4.979569828854984,6.627499103546143
381395830,0,4.0,3.1356565952301025
381457925,4,1.0,1.4297734498977661
381552062,2,1.0,1.5251343250274658
381552371,2,1.0,0.7518841624259949
381577311,3,1.0,0.9797610640525818
381577330,3,1.7407407407407407,2.4466564655303955
381578952,1,1.0,1.2205829620361328
381603722,1,1.0,4.009171962738037
381723989,3,3.0,2.015720844268799
381814979,0,1.0942455856950868,0.9284496903419495
381891157,1,1.0,0.7592191100120544
381927186,3,1.6296296296296298,2.9734444618225098
381956351,1,1.0,1.7913541793823242
381969943,3,4.0,3.210157871246338
381970182,4,1.871310434327066,3.7793405055999756
381978144,1,1.0942455856950868,2.2129976749420166
382026622,3,7.310764374750923,6.436103820800781
382055377,1,1.0942455856950868,1.7221922874450684
382068951,1,5.111111111111111,4.5683674812316895
382135597,2,1.0,1.0130366086959839
382153331,1,5.0,0.9355534315109253
382173999,4,4.979569828854984,7.126924991607666
382241337,3,4.979569828854984,3.5757815837860107
382262392,1,3.0,2.66399884223938
382266138,4,1.7407407407407407,3.083345413208008
382291500,4,3.0,2.8267812728881836
382300406,4,2.0,1.7865383625030518
382416407,0,1.0942455856950868,1.210571050643921
382438445,2,1.0,1.198408842086792
382555719,2,1.0,1.091309666633606
382584881,3,1.7407407407407407,1.4697540998458862
382584969,3,1.0942455856950868,1.8390023708343506
382585438,3,4.0,3.3810911178588867
382609083,0,1.0,0.7415170669555664
382623880,0,1.0,3.292492628097534
382653095,3,3.0,2.0882556438446045
382713909,3,1.0,0.8039842844009399
382717062,1,1.0,0.7750358581542969
382750075,2,4.0,4.617300033569336
382780665,2,2.648375282959045,2.8018226623535156
382780811,3,1.0,1.4459011554718018
382804280,3,6.7407407407407405,5.323779106140137
382846911,3,8.0,7.4542741775512695
382910056,3,1.0,0.8764816522598267
382950755,0,5.7566346774869634,5.454831123352051
383020488,0,1.0,1.4972259998321533
383055366,1,1.0,0.7731100916862488
383055415,1,1.0942455856950868,1.170748233795166
383065239,3,1.0,1.08160400390625
383135389,1,3.3703703703703702,6.064630031585693
383135467,1,4.202504980223004,2.084707260131836
383171368,1,1.871310434327066,2.0766162872314453
383174061,3,5.481481481481481,6.408996105194092
383183076,1,1.6296296296296298,2.1928343772888184
383196685,3,4.111111111111111,3.3481712341308594
383199179,0,1.0,2.1473708152770996
383220686,0,1.0942455856950868,2.8386573791503906
383263085,0,1.871310434327066,2.2171616554260254
383263226,1,4.7407407407407405,5.194753170013428
383269532,1,1.0,1.288958191871643
383282577,3,5.0,1.769932508468628
383313133,4,1.3703703703703702,1.190011739730835
383426493,4,3.0,1.7551740407943726
383447534,0,1.0,1.8191028833389282
383463973,3,6.0,2.332587718963623
383463986,3,4.979569828854984,2.3945133686065674
383465252,3,1.0942455856950868,2.9767136573791504
383553148,1,3.740740740740741,3.4693663120269775
383571284,1,1.0942455856950868,2.3456053733825684
383572257,1,4.979569828854984,5.535916805267334
383694798,4,4.202504980223004,3.3547751903533936
383754263,0,1.871310434327066,3.725498676300049
383763608,3,6.0,2.9786345958709717
383791500,3,1.0,1.206337809562683
383791945,3,1.0,1.1665126085281372
383814176,3,1.0942455856950868,1.1245588064193726
383871675,3,1.7407407407407407,3.961463689804077
383930328,3,5.0,5.656101703643799
383942900,3,1.871310434327066,3.4666314125061035
384018503,4,1.0942455856950868,1.915541648864746
384114751,1,1.0,0.5957627892494202
384131366,1,1.0,1.3296701908111572
384253292,1,1.3703703703703702,1.1654807329177856
384417763,3,1.0,0.7158703207969666
384503719,4,1.0,1.292942762374878
384557453,1,1.0,0.92706698179245
384612553,1,4.37037037037037,6.731500148773193
384642987,0,1.0,1.1817123889923096
384670219,0,1.0942455856950868,1.5218875408172607
384696775,0,1.0,1.3741042613983154
384777518,3,1.3703703703703702,6.094076633453369
384785733,0,1.0942455856950868,1.3005361557006836
384787710,3,3.425440131591025,4.608360767364502
384801328,0,2.6296296296296293,4.044681072235107
384802738,4,5.0,3.682804584503174
384886664,4,1.0,1.136070966720581
384945423,2,1.0942455856950868,2.807100772857666
384945479,2,5.111111111111111,6.612469673156738
384946864,2,1.0942455856950868,2.3446578979492188
384964858,3,5.37037037037037,2.1327221393585205
384966818,3,1.0942455856950868,1.9476590156555176
385175430,0,9.0,6.593260288238525
385177848,0,2.648375282959045,6.196902275085449
385191973,0,1.3703703703703702,2.150529384613037
385220489,4,1.0942455856950868,4.348011493682861
385312184,0,2.0,3.3926949501037598
385334614,1,1.0942455856950868,1.1030726432800293
385437153,1,5.0,2.4478495121002197
385603410,3,1.0,1.1238561868667603
385641098,4,1.871310434327066,2.95314884185791
385659332,1,4.979569828854984,5.081029891967773
385668599,1,2.3703703703703702,1.7915290594100952
385746397,3,6.370370370370369,5.9218645095825195
385893033,1,2.7407407407407405,1.8098939657211304
385926575,4,2.648375282959045,2.7198052406311035
386025280,3,1.0,1.3358654975891113
386026087,0,2.0,1.1951842308044434
386036949,2,3.425440131591025,2.4853901863098145
386046441,2,4.0,1.7296688556671143
386059026,2,1.0,1.3394378423690796
386067492,4,1.0,2.656949043273926
386141946,3,4.62962962962963,6.303151607513428
386220114,2,7.74074074074074,6.574814796447754
386220223,2,3.0,1.7275373935699463
386297156,0,4.37037037037037,6.131492614746094
386422250,2,1.0,0.8888387680053711
386545733,1,4.0,1.813769817352295
386564170,4,1.0,2.21439528465271
386691251,3,3.0,4.008390426635742
386719708,0,1.0942455856950868,1.6684659719467163
386769674,3,1.0,1.3675038814544678
386923113,1,5.0,6.079649448394775
387151701,3,1.871310434327066,2.276883363723755
387451444,4,4.0,4.1508049964904785
387644662,2,4.111111111111111,3.9639945030212402
387719225,1,1.0,0.6110848188400269
387727025,4,1.0,0.668881893157959
387746922,2,3.0,2.526642322540283
387749534,3,1.0942455856950868,2.264585018157959
387802319,0,1.0942455856950868,1.44963538646698
387802752,0,2.3703703703703702,2.891679286956787
387901847,4,5.37037037037037,5.571164608001709
387996343,0,3.740740740740741,4.7328972816467285
387998903,0,2.111111111111111,3.8460307121276855
388104458,2,1.0942455856950868,3.7818446159362793
388149783,3,1.0942455856950868,2.5596537590026855
388236794,0,1.0,2.7491202354431152
388238232,0,1.6296296296296298,3.02864408493042
388300548,0,6.370370370370369,1.586273193359375
388359045,0,1.0,1.7910517454147339
388403281,0,5.0,2.4425692558288574
388429429,3,4.0,1.341078281402588
388549106,0,1.0942455856950868,1.0264180898666382
388574425,2,1.0942455856950868,1.435590147972107
388599899,4,2.0,3.6004552841186523
388600976,4,1.0942455856950868,1.2803362607955933
388711886,2,1.0,1.420473575592041
388715605,2,1.0,1.6613627672195435
388730089,4,1.0942455856950868,0.9388151168823242
388759073,4,2.0,3.2102932929992676
388929829,4,1.0942455856950868,1.397080421447754
389012725,3,1.0,1.0771299600601196
389018432,0,1.0,1.6795414686203003
389033418,4,7.74074074074074,7.045639991760254
389059333,4,2.0,2.549325942993164
389106237,4,1.0942455856950868,1.395909070968628
389106330,4,3.0,1.5692410469055176
389138549,0,1.0942455856950868,4.271614074707031
389360265,4,2.648375282959045,1.756899118423462
389373435,3,1.0,1.567201852798462
389467576,1,1.0,0.6411879062652588
389469092,4,1.0,1.9599635601043701
389488854,4,1.0942455856950868,1.5276720523834229
389492546,4,1.0,2.2182812690734863
389493326,3,1.0942455856950868,4.949199199676514
389502964,4,1.871310434327066,2.0518245697021484
389824337,0,2.7407407407407405,3.293215274810791
389839319,4,4.979569828854984,6.401820182800293
389854527,2,1.0,1.1345146894454956
389873737,4,7.111111111111111,6.686759948730469
389873738,4,1.0942455856950868,1.083761215209961
389874378,4,3.425440131591025,1.9872981309890747
389959078,0,3.0,4.569888591766357
389959435,0,3.425440131591025,4.301179885864258
390087119,2,1.0942455856950868,1.2716459035873413
390101589,2,1.0,1.0702331066131592
390328419,3,1.0,1.575425624847412
390394196,4,1.0942455856950868,1.4817626476287842
390437997,3,2.4814814814814814,3.7222540378570557
390447073,1,2.0,2.5808675289154053
390461433,4,4.202504980223004,2.3323731422424316
390500151,0,3.425440131591025,6.189096450805664
390543764,4,1.871310434327066,1.9554557800292969
390654104,3,2.6296296296296293,2.484022617340088
390655435,0,1.0,1.7018953561782837
390684836,2,1.871310434327066,1.6920900344848633
390686927,2,1.0942455856950868,2.697552442550659
390687621,4,5.7566346774869634,4.993786334991455
390844989,1,1.0,1.7966361045837402
390856879,4,4.202504980223004,6.151752471923828
391019290,0,1.0,1.1481068134307861
391020608,0,1.6296296296296298,3.797792434692383
391047746,3,1.0942455856950868,1.3787190914154053
391218758,1,1.0,1.5027350187301636
391244285,4,1.871310434327066,1.11065673828125
391392931,0,5.0,1.776915431022644
391396419,1,1.0,5.553864002227783
391500326,4,1.0,2.4031760692596436
391511277,0,1.0,1.0174753665924072
391721883,2,1.6296296296296298,4.497771739959717
391723078,0,1.0,2.2245731353759766
391723321,0,4.202504980223004,2.396575927734375
392059520,0,4.979569828854984,5.7919158935546875
392181431,1,1.0,1.1961874961853027
392223843,0,1.0,1.4401321411132812
392247138,2,1.6296296296296298,1.6568186283111572
392279684,3,4.202504980223004,2.0304760932922363
392279952,3,1.871310434327066,1.9702011346817017
392283087,0,3.3703703703703702,1.380277395248413
392460826,4,1.0942455856950868,2.1754438877105713
392460946,0,3.0,2.8095765113830566
392598801,4,1.0,0.4671623408794403
392710636,2,1.0,1.5050883293151855
392719680,1,1.871310434327066,1.9815889596939087
392720745,1,1.0,1.4014973640441895
392736880,4,1.0,2.2196743488311768
392737375,4,1.0,1.1609718799591064
392839463,0,3.425440131591025,5.274172306060791
392935298,1,1.0,1.247876524925232
393035117,0,1.0942455856950868,1.6148675680160522
393050114,3,4.202504980223004,5.505612850189209
393061150,2,1.0,1.0356762409210205
393079635,2,1.871310434327066,2.1878621578216553
393082964,2,1.0942455856950868,1.1217341423034668
393202611,2,3.3703703703703702,4.239232540130615
393203273,2,1.0942455856950868,2.179678440093994
393205397,2,8.37037037037037,8.348676681518555
393234221,2,3.425440131591025,5.117374420166016
393334471,0,7.0,5.683461666107178
393522769,4,4.202504980223004,1.6243126392364502
393533686,2,1.3703703703703702,1.3899426460266113
393550384,2,1.0942455856950868,0.5117404460906982
393564447,2,2.0,2.0316498279571533
393684968,2,1.3703703703703702,1.7763478755950928
393802936,2,4.0,4.258419990539551
393809881,4,2.7407407407407405,2.298844337463379
393824514,0,3.3703703703703702,4.941511631011963
393852002,3,2.3703703703703702,1.4756890535354614
393887594,1,3.6296296296296298,2.8671658039093018
393889015,1,1.0942455856950868,1.5606423616409302
393892368,2,1.0,0.7454428672790527
393993685,2,1.0942455856950868,2.0217511653900146
394046897,3,1.0942455856950868,1.1480414867401123
394070186,4,1.0,0.5784445405006409
394084719,0,1.6296296296296298,3.5561766624450684
394085325,4,1.0,3.3431296348571777
394087598,3,1.871310434327066,1.588629961013794
394154541,2,2.0,1.1718316078186035
394197803,0,3.4814814814814814,5.940754413604736
394450709,3,2.3703703703703702,2.647653818130493
394465545,2,2.3703703703703702,3.8596034049987793
394694425,2,3.425440131591025,4.9308671951293945
394695465,2,4.0,4.393978595733643
394805181,3,3.425440131591025,4.366944313049316
394805238,3,3.425440131591025,4.366944313049316
394908535,3,1.871310434327066,2.2002370357513428
395000084,0,1.0,1.1842520236968994
395056071,3,1.0,1.1573513746261597
395107236,4,1.0,1.2280609607696533
395286920,2,1.0,1.5331993103027344
395326905,1,1.0942455856950868,1.978063702583313
395358611,0,1.0,1.763674020767212
395411876,1,1.0,1.0681555271148682
395449702,2,1.6296296296296298,1.6328215599060059
395490781,1,1.871310434327066,1.933666706085205
395647177,0,1.0,0.9240645170211792
395677069,3,6.0,6.0237531661987305
395720471,1,1.0,1.9845510721206665
395963727,4,2.648375282959045,3.407278537750244
396025156,2,5.7566346774869634,2.6761314868927
396028101,0,1.0942455856950868,1.778625249862671
396101043,0,1.0,1.0058728456497192
396134793,4,1.0,2.036268711090088
396266542,1,1.0,0.6530060172080994
396453635,4,1.7407407407407407,3.5615015029907227
396453994,4,1.0,0.5842534899711609
396498739,3,5.0,2.7765886783599854
396567976,3,1.871310434327066,3.5492374897003174
396592260,1,1.6296296296296298,1.4673408269882202
396641659,2,7.0,4.483309745788574
396661925,3,3.740740740740741,5.930466175079346
396708197,0,1.0,1.438007116317749
396788437,3,1.0,0.8598703742027283
396810478,0,1.0,1.1246118545532227
396859053,1,1.0942455856950868,2.0352208614349365
396874219,1,4.481481481481481,6.326757431030273
396887263,1,1.0,2.273897886276245
396946674,4,10.0,7.508777141571045
396948875,4,6.533699526118942,4.39785099029541
396989197,0,1.871310434327066,2.091407060623169
396991056,0,3.0,3.5471580028533936
397069057,1,1.0942455856950868,2.985407590866089
397197484,4,2.0,1.7179540395736694
397197521,4,5.0,2.483457565307617
397197912,2,1.7407407407407407,1.666355848312378
397246979,4,7.0,5.5349884033203125
397278149,1,1.0,1.022813081741333
397305724,4,1.0942455856950868,0.6172650456428528
397333172,4,3.6296296296296298,6.887051582336426
397348073,4,1.0,0.6622756719589233
397359131,1,1.0942455856950868,1.6674189567565918
397388455,2,7.111111111111111,7.929072856903076
397405759,0,1.871310434327066,3.8482422828674316
397470448,1,1.0,1.1142187118530273
397481384,4,1.0,1.038513422012329
397510706,2,4.0,1.4843254089355469
397551803,2,2.648375282959045,2.8591694831848145
397698090,0,2.0,2.2348506450653076
397708369,0,1.0,1.6434513330459595
397710897,1,1.871310434327066,1.5695856809616089
397813892,2,5.0,2.4612128734588623
397814816,2,2.0,2.0916972160339355
397874438,3,8.0,7.2079691886901855
397923642,3,1.0942455856950868,1.0508711338043213
397935853,0,1.871310434327066,2.2461795806884766
398027783,3,1.0,0.775248110294342
398042046,0,4.979569828854984,6.505042552947998
398042122,0,1.0942455856950868,1.7556049823760986
398042327,0,1.871310434327066,2.472846746444702
398213205,4,1.0,1.2681732177734375
398346655,4,1.0942455856950868,1.1616655588150024
398481592,3,1.0,1.2045588493347168
398541656,2,2.3703703703703702,1.2234828472137451
398547706,1,1.0942455856950868,0.9940755367279053
398739842,1,5.0,1.4695465564727783
398739858,2,1.0942455856950868,0.6580999493598938
398750204,1,1.0,0.8758914470672607
398786877,4,1.0,1.4388737678527832
398842174,2,1.0942455856950868,1.5942801237106323
398843756,3,1.871310434327066,5.373680114746094
398935208,1,1.0942455856950868,1.2396724224090576
398989666,0,1.871310434327066,1.58861243724823
398990761,0,1.6296296296296298,2.360995292663574
398997454,2,5.0,4.6689581871032715
398998685,1,2.0,1.2620675563812256
399012940,2,1.0,0.8856502771377563
399017252,0,1.871310434327066,1.2788498401641846
399017729,0,2.648375282959045,2.770681858062744
399140688,4,1.0942455856950868,1.8707401752471924
399144660,3,1.0,0.9385799765586853
399153222,4,1.871310434327066,2.0969667434692383
399251510,0,6.999999999999999,5.724407196044922
399385189,2,1.0,1.0628604888916016
399418579,3,2.111111111111111,1.3733584880828857
399456112,0,1.0,2.5871195793151855
399613370,4,1.0,1.8347747325897217
399742360,0,1.0,1.1675963401794434
399772744,4,1.3703703703703702,0.9802570343017578
399783648,2,1.871310434327066,4.544775485992432
399788574,2,2.6296296296296293,5.747628211975098
399790213,2,1.0,1.2619366645812988
399930724,3,4.111111111111111,5.808830738067627
399958185,2,1.6296296296296298,3.9625182151794434
399964509,1,5.7407407407407405,5.495869159698486
399967086,2,1.0,1.6367669105529785
399980477,2,1.0942455856950868,1.0923776626586914
400052550,1,3.425440131591025,5.181151866912842
400066243,1,1.0942455856950868,3.4517927169799805
400066613,3,1.0,1.0315110683441162
400078855,3,1.0,1.7580660581588745
400090316,0,2.648375282959045,4.0022125244140625
400136830,1,1.0942455856950868,1.6348172426223755
400178717,3,6.7407407407407405,6.583841800689697
400195023,2,5.0,3.804117202758789
400223648,3,2.7407407407407405,3.585930585861206
400261413,3,1.0,1.0452994108200073
400268355,4,4.0,4.39604377746582
400277033,4,1.0,1.3134840726852417
400310806,0,1.0,1.57964289188385
400316145,1,3.111111111111111,3.0264716148376465
400323089,1,1.0,1.0213724374771118
400358122,4,1.0,0.8309016227722168
400375704,2,5.0,4.140462398529053
400419489,0,1.0,0.8076156377792358
400424798,2,1.0,1.5485782623291016
400447650,1,1.0,1.3275330066680908
400475368,0,1.0942455856950868,1.3600432872772217
400485584,3,5.7407407407407405,6.8927998542785645
400496364,2,7.74074074074074,4.542971134185791
400522403,0,1.0,1.4094911813735962
400530170,3,1.3703703703703702,1.4364519119262695
400530861,3,1.0,2.350175619125366
400696003,3,5.0,2.990330696105957
400704536,4,3.0,1.6071820259094238
400724477,1,4.202504980223004,5.603617191314697
400875746,2,1.0942455856950868,1.6695821285247803
400899170,2,1.0942455856950868,1.0823590755462646
400912217,0,3.0,3.4912683963775635
400920350,2,1.0942455856950868,2.3564066886901855
400927821,3,1.0942455856950868,0.5749173760414124
400959905,3,1.6296296296296298,2.762016773223877
400965676,4,1.3703703703703702,1.3111991882324219
400976772,0,1.7407407407407407,5.734300136566162
400991624,3,3.425440131591025,1.5581769943237305
401043005,0,1.871310434327066,1.624711036682129
401085637,3,3.425440131591025,4.4844770431518555
401095096,4,2.0,2.2997350692749023
401125571,1,1.0942455856950868,1.0078967809677124
401131794,0,1.0,1.9429535865783691
401142027,1,1.0,1.767460823059082
401155802,2,1.0942455856950868,1.5848217010498047
401171410,2,1.871310434327066,3.7707159519195557
401268293,3,1.7407407407407407,1.0722041130065918
401268649,3,1.0942455856950868,0.9759706258773804
401280266,0,3.740740740740741,5.260610580444336
401303783,2,1.0942455856950868,1.2850072383880615
401338018,4,1.3703703703703702,1.4496701955795288
401347774,1,1.0,1.9041824340820312
401373302,4,2.0,2.1573424339294434
401409605,2,6.0,5.545076370239258
401452228,0,1.0,1.466003179550171
401497877,3,6.7407407407407405,6.0603156089782715
401541839,2,1.0942455856950868,2.014904499053955
401542461,2,7.0,7.187917709350586
401636590,1,1.0942455856950868,0.953862190246582
401639781,1,5.0,3.5037453174591064
401655486,2,1.0,3.0911364555358887
401738206,4,7.370370370370369,5.802458763122559
401783083,1,1.0,1.2034566402435303
401791199,3,1.0,2.045060157775879
401827182,2,1.0,1.8032509088516235
401839015,3,6.370370370370369,5.702962875366211
401848171,0,2.6296296296296293,2.889509439468384
401854789,4,1.0,1.1215572357177734
401877655,0,1.0,0.8315322399139404
401889669,1,1.0,1.1571600437164307
401899114,2,4.7407407407407405,4.318948268890381
401904387,4,1.0,2.3985979557037354
401989730,2,4.481481481481481,3.388476610183716
401989879,2,3.425440131591025,3.633842706680298
401991839,2,4.0,1.9485580921173096
401998288,1,1.0,0.6656447052955627
401999547,4,1.0942455856950868,1.888533592224121
402034256,0,1.0,1.8213818073272705
402115682,2,3.111111111111111,3.793653726577759
402172260,0,1.0,0.968591570854187
402204178,1,1.0,2.0096442699432373
402229999,2,5.0,2.5649023056030273
402274003,3,4.979569828854984,4.498879909515381
402293065,2,1.0,1.3310058116912842
402308238,2,5.7566346774869634,4.531479358673096
402317441,4,1.0942455856950868,3.0029125213623047
402330140,1,5.7407407407407405,7.1055755615234375
402397903,1,1.871310434327066,1.0908167362213135
402441162,0,4.0,1.9424735307693481
402460515,1,1.0942455856950868,1.4201534986495972
402462036,3,3.0,4.247696399688721
402462286,3,4.202504980223004,3.333498954772949
402462565,3,3.425440131591025,4.297949314117432
402465675,4,1.0942455856950868,1.9600698947906494
402465728,4,1.0,4.627082824707031
402554430,3,2.0,3.9811315536499023
402663467,3,4.0,3.7124710083007812
402865439,0,4.979569828854984,6.766782283782959
402887022,4,4.0,1.7612566947937012
402914440,3,3.518518518518518,2.0590314865112305
402973661,3,1.871310434327066,1.0485570430755615
402973688,3,4.111111111111111,3.522873878479004
402975476,3,2.0,1.9708311557769775
403031260,4,3.0,3.348849296569824
403039232,2,1.3703703703703702,1.5309680700302124
403045920,0,1.0,1.2633166313171387
403057637,3,4.979569828854984,3.0006070137023926
403066840,1,4.259259259259259,5.206357479095459
403155257,1,1.0942455856950868,2.7384023666381836
403160790,3,1.0942455856950868,2.3904612064361572
403162945,2,1.0,2.9151668548583984
403176088,1,1.0,1.347285270690918
403180853,0,1.0,1.879734992980957
403181895,0,1.6296296296296298,2.6395413875579834
403194908,0,1.0,1.1946779489517212
403198264,1,1.0,1.382021427154541
403202708,3,1.0,0.9521507620811462
403209929,1,4.0,5.203999042510986
403222694,4,6.533699526118942,4.039443016052246
403239014,2,1.871310434327066,3.0438015460968018
403282132,2,2.0,0.863944411277771
403340401,3,1.0,0.8478183150291443
403371080,1,1.0,2.188464879989624
403376602,1,1.871310434327066,3.8410444259643555
403379729,2,1.0,2.1593430042266846
403389114,0,1.0,0.8057438135147095
403444721,0,1.871310434327066,0.9059846997261047
403463015,1,1.0,0.620850682258606
403475369,1,1.0,1.3250250816345215
403549406,4,1.0,2.7148332595825195
403582489,0,1.0,1.8824013471603394
403595002,2,1.0942455856950868,1.8978381156921387
403640111,2,2.0,2.8424112796783447
403675514,3,1.0,3.1124582290649414
403700566,0,1.0942455856950868,1.5561041831970215
403718234,0,1.871310434327066,3.2148046493530273
403769018,2,3.3703703703703702,2.0253143310546875
403797192,2,2.648375282959045,3.949000120162964
403866940,2,1.7407407407407407,2.220181465148926
403905544,2,5.111111111111111,4.104175567626953
403923183,2,1.871310434327066,1.5448288917541504
404030175,2,1.0942455856950868,1.32619047164917
404037288,1,3.0,2.9559288024902344
404054515,4,2.6296296296296293,2.740490436553955
404068300,3,1.0,1.4077122211456299
404078181,1,2.0,2.4410128593444824
404080244,4,1.0,0.5801042318344116
404095009,4,1.0942455856950868,1.1476924419403076
404095273,1,6.111111111111111,5.196469306945801
404138438,3,1.0,1.9935203790664673
404332023,3,1.6296296296296298,1.7679194211959839
404338167,0,1.871310434327066,2.397965669631958
404349832,4,4.0,1.7693414688110352
404374580,2,1.0,0.9836126565933228
404410569,0,1.7407407407407407,2.2048192024230957
404414601,4,1.0,5.4170331954956055
404463628,0,1.0,1.3204028606414795
404518882,1,1.6296296296296298,2.621656656265259
404521893,1,1.0,1.9339650869369507
404604139,0,1.0,1.6821022033691406
404664506,0,1.871310434327066,3.4030323028564453
404684787,2,1.0,2.432849168777466
404728930,1,1.3703703703703702,2.2296080589294434
404728943,1,2.259259259259259,5.125507831573486
404755199,3,1.871310434327066,2.7569141387939453
404783182,2,1.0,1.5613988637924194
404825643,3,2.648375282959045,2.883807897567749
404840072,2,2.0,3.667013168334961
404912057,3,1.0,1.3531367778778076
404921472,2,1.0942455856950868,1.260265827178955
404985851,3,2.0,4.867879390716553
405001154,0,4.0,3.0598437786102295
405005979,1,3.3703703703703702,5.135515213012695
405029161,4,3.740740740740741,2.8399767875671387
405050331,4,7.0,4.027177810668945
405245196,4,4.37037037037037,2.2368979454040527
405336502,2,3.425440131591025,5.637732028961182
405452381,4,1.0942455856950868,2.1413793563842773
405452463,4,3.0,2.062432289123535
405586796,3,2.0,1.5528855323791504
405671482,0,1.871310434327066,2.0939693450927734
405692122,0,1.3703703703703702,1.1077653169631958
405716550,3,2.0,1.898892879486084
405781080,0,4.0,4.063160419464111
405802678,1,1.7407407407407407,3.3707382678985596
405916777,4,2.648375282959045,4.430009365081787
405919454,1,2.0,2.147387981414795
406011598,1,1.0942455856950868,2.7343575954437256
406033633,0,1.6296296296296298,1.8422839641571045
406039625,4,1.871310434327066,1.3719128370285034
406039731,1,1.0,0.9423595070838928
406046701,4,1.0,1.0393598079681396
406054009,2,1.0942455856950868,2.231307029724121
406086933,3,6.111111111111111,5.2185959815979
406215399,2,1.0,1.980117678642273
406219986,2,1.0942455856950868,1.4974560737609863
406222939,2,1.0,2.1548306941986084
406224712,3,4.202504980223004,4.320828914642334
406274613,2,1.0,1.2363598346710205
406295958,4,1.871310434327066,3.8395655155181885
406311739,4,1.871310434327066,3.340473175048828
406318764,4,2.259259259259259,3.7812139987945557
406337968,2,4.7407407407407405,4.375322341918945
406355020,3,3.425440131591025,3.6715633869171143
406365992,1,1.0942455856950868,1.0820412635803223
406373508,1,3.740740740740741,3.545030355453491
406410570,2,6.0,3.20139217376709
406412742,2,1.6296296296296298,2.335340976715088
406481647,4,1.0,1.3512153625488281
406491288,2,1.0942455856950868,1.5014455318450928
406497498,0,1.0,2.1758627891540527
406538040,0,1.0942455856950868,2.1160192489624023
406549156,3,1.0942455856950868,3.088956356048584
406574756,1,1.0,0.7193676829338074
406586110,4,5.0,2.8326125144958496
406619625,2,1.0942455856950868,2.321913003921509
406620503,2,1.0,1.6166566610336304
406713879,2,1.871310434327066,1.5875320434570312
406823056,2,1.871310434327066,2.2138941287994385
406828203,0,3.3703703703703702,3.98068904876709
406832104,4,1.0942455856950868,1.838252067565918
406832881,4,3.0,4.059759616851807
406833154,4,2.648375282959045,4.6168060302734375
406840792,1,2.0,1.5436294078826904
406865158,1,1.6296296296296298,3.4175350666046143
406876865,0,1.3703703703703702,2.1487724781036377
407028148,4,4.37037037037037,5.743186950683594
407028864,3,1.3703703703703702,1.241001844406128
407046659,0,1.0,1.7922437191009521
407090853,2,1.0,0.9439718723297119
407110331,4,3.0,1.6560392379760742
407161922,2,1.0,0.6236964464187622
407162803,0,3.425440131591025,4.745147228240967
407172979,1,1.6296296296296298,1.8006623983383179
407174797,1,8.0,6.508913040161133
407216276,2,1.0942455856950868,2.55543851852417
407236042,2,4.0,5.266736030578613
407252186,3,1.6296296296296298,1.772101640701294
407272704,2,1.0,0.17394784092903137
407301226,4,1.0942455856950868,3.143834114074707
407303034,1,1.0942455856950868,1.3878334760665894
407332898,1,4.37037037037037,2.0608203411102295
407360931,3,1.6296296296296298,1.500105619430542
407364487,4,4.0,1.3806908130645752
407419774,2,1.0,1.6951884031295776
407451816,4,1.0,1.4050825834274292
407461762,3,5.0,1.8788247108459473
407551143,0,5.0,3.795321464538574
407595997,4,1.0942455856950868,1.3309924602508545
407626768,1,3.0,1.278265118598938
407649988,3,1.0942455856950868,1.5931414365768433
407655593,1,1.0942455856950868,1.5555140972137451
407688752,0,1.0,0.9827207326889038
407753234,3,1.3703703703703702,1.2165775299072266
407776233,4,1.0,1.3248831033706665
407783381,3,2.3703703703703702,1.770888090133667
407788028,1,5.37037037037037,3.8438327312469482
407794699,1,2.648375282959045,3.3111279010772705
407807320,2,1.0942455856950868,1.4134414196014404
407816395,0,6.370370370370369,5.893131256103516
407846120,2,1.0,1.150024175643921
407849836,0,4.111111111111111,5.154077053070068
407878786,0,4.0,3.8300933837890625
407884663,0,1.0,1.1928725242614746
407923106,3,3.0,4.9200758934021
407970553,1,1.0,1.1301170587539673
407978724,3,2.648375282959045,4.182571887969971
408000110,3,4.0,1.6073336601257324
408035531,2,3.3703703703703702,4.605730056762695
408143916,4,1.0942455856950868,3.3140172958374023
408154408,2,1.871310434327066,5.056851387023926
408179261,2,1.871310434327066,3.153205633163452
408267397,1,1.0942455856950868,1.3654160499572754
408286174,3,6.7407407407407405,5.3531174659729
408305259,0,1.0942455856950868,3.8773932456970215
408334212,2,1.0942455856950868,0.7495788335800171
408336125,0,1.0,3.8788814544677734
408391810,3,1.0942455856950868,3.2202308177948
408408137,0,5.0,5.455351829528809
408440141,2,1.0942455856950868,1.9908084869384766
408440405,2,1.0,1.2904493808746338
408466833,3,3.740740740740741,3.7683565616607666
408480912,2,1.0,0.9003559350967407
408490480,3,1.7407407407407407,2.7125232219696045
408510507,0,1.0,1.225897192955017
408543031,3,5.999999999999999,5.3514790534973145
408551183,4,5.37037037037037,4.554845333099365
408554508,2,2.0,4.495201110839844
408567700,0,1.0942455856950868,1.2682448625564575
408568963,3,1.0,0.897866427898407
408578149,3,1.3703703703703702,1.4174625873565674
408580673,2,3.425440131591025,3.7808032035827637
408616722,0,3.425440131591025,3.9848482608795166
408627883,2,2.648375282959045,2.362673044204712
408654047,1,4.979569828854984,5.753903388977051
408672088,3,1.0,1.1904563903808594
408688967,1,2.3703703703703702,1.7064875364303589
408708781,1,1.871310434327066,2.1211185455322266
408724496,4,1.0942455856950868,2.913860321044922
408768669,4,1.0942455856950868,2.9383718967437744
408772267,3,1.0942455856950868,1.3406215906143188
408773616,4,1.0,2.1983330249786377
408774751,4,2.648375282959045,5.387198448181152
408776030,2,2.3703703703703702,1.6190435886383057
408781970,3,1.0,3.051321029663086
408794434,4,1.0942455856950868,2.3120481967926025
408807903,2,4.0,2.8650076389312744
408846718,4,1.0,0.8009109497070312
408871431,0,3.0,2.4073195457458496
408880935,4,2.648375282959045,2.2605905532836914
408880981,4,3.6296296296296298,4.587257385253906
408883689,2,5.0,2.324789047241211
408885756,2,1.0942455856950868,2.604429244995117
408898038,2,6.533699526118942,7.25645112991333
408898619,2,6.0,6.319847106933594
408899084,2,1.0,1.8548650741577148
408913303,1,2.0,3.008960485458374
408919896,4,1.0942455856950868,1.3005564212799072
408954436,1,1.0942455856950868,3.007420539855957
408956627,1,5.37037037037037,3.798363447189331
408982093,0,1.0,1.1917312145233154
408982773,0,1.0,1.7149817943572998
408991094,2,1.0942455856950868,2.7385342121124268
409026200,3,1.0942455856950868,2.2117228507995605
409094641,0,1.0942455856950868,2.0034310817718506
409120922,3,1.6296296296296298,1.0809451341629028
409127688,3,2.0,1.9190764427185059
409128435,0,1.0,2.651308536529541
409196165,4,1.0942455856950868,2.2000973224639893
409251521,4,6.0,3.83880615234375
409253955,1,1.3703703703703702,2.2037465572357178
409255214,2,1.0,0.8778173923492432
409276127,4,1.0942455856950868,1.17604398727417
409277380,4,1.0,2.579641580581665
409300669,2,1.0,2.4824914932250977
409478505,2,1.0942455856950868,3.0734095573425293
409484863,2,1.0942455856950868,1.292710542678833
409544388,1,1.0,5.117122173309326
409549931,1,1.871310434327066,2.328667163848877
409551727,1,2.0,0.8387020230293274
409590379,2,1.0,1.665088415145874
409591091,4,1.6296296296296298,1.196460485458374
409626473,0,1.0,1.2021526098251343
409753770,4,4.202504980223004,5.869294166564941
409758059,2,3.740740740740741,1.4952735900878906
409791608,1,4.0,3.1079483032226562
409818160,0,2.0,3.927668571472168
409835725,0,1.0,5.044104099273682
409868022,3,1.0,1.2086492776870728
409868178,3,1.0,1.2748578786849976
409893476,0,3.0,3.462993860244751
409944214,1,1.0,2.8928823471069336
409972701,2,1.0,1.7278404235839844
409972976,2,4.202504980223004,3.8944954872131348
409973689,2,1.7407407407407407,1.9297412633895874
410025353,0,4.202504980223004,3.1302707195281982
410100403,3,1.0,1.6962742805480957
410103349,4,1.0942455856950868,2.738210678100586
410104694,2,1.6296296296296298,2.2608699798583984
410134113,4,2.3703703703703702,1.8446083068847656
410156241,0,2.3703703703703702,3.31573748588562
410184223,0,1.3703703703703702,2.249988317489624
410254833,3,4.979569828854984,5.397964000701904
410260050,4,7.310764374750923,5.648745536804199
410267376,3,1.0942455856950868,2.25610613822937
410280560,3,1.0,2.6366426944732666
410281046,3,1.0,1.5269215106964111
410373481,4,1.0,1.4782142639160156
410382490,4,1.0942455856950868,2.8625879287719727
410425855,0,3.0,2.665959358215332
410468757,0,1.0,2.7560014724731445
410469851,1,6.533699526118942,6.328999042510986
410521520,1,2.648375282959045,3.7252981662750244
410535996,0,2.648375282959045,2.0987417697906494
410558542,2,1.0,0.8891046047210693
410580228,1,1.0942455856950868,2.2748568058013916
410597643,1,6.533699526118942,6.489706993103027
410600400,1,3.3703703703703702,4.228820323944092
410751083,0,3.0,2.2725300788879395
410820135,4,1.0942455856950868,1.8073039054870605
410864402,3,1.0942455856950868,1.4301798343658447
410878077,2,1.0942455856950868,1.167588472366333
410902729,1,1.3703703703703702,2.8482110500335693
410949861,2,1.0942455856950868,2.5548086166381836
410952580,3,1.0,1.3854377269744873
410992802,2,1.0942455856950868,1.5545977354049683
411035591,0,1.0,1.0262454748153687
411046837,4,1.0,1.3958491086959839
411126143,2,2.7407407407407405,1.1906819343566895
411195438,2,1.871310434327066,2.7938220500946045
411200381,1,2.648375282959045,3.8658721446990967
411282654,3,5.7566346774869634,6.208181858062744
411324218,1,6.370370370370369,6.010884761810303
411412208,1,5.7566346774869634,6.134800434112549
411426347,4,1.0,2.2053442001342773
411490383,3,1.0,1.1824102401733398
411503128,1,1.0,1.4749846458435059
411511566,2,1.871310434327066,2.7494192123413086
411566829,3,1.0,1.406996726989746
411582935,1,2.3703703703703702,2.439727306365967
411589556,3,6.0,4.760386943817139
411591159,1,1.0,1.8297518491744995
411595177,3,3.740740740740741,5.439890384674072
411595431,3,1.871310434327066,2.316030979156494
411595548,3,6.0,4.699565410614014
411606821,3,2.7407407407407405,3.355691432952881
411642537,2,1.871310434327066,1.2379071712493896
411662090,2,1.0,1.5084245204925537
411662374,0,1.0942455856950868,1.605452299118042
411671928,3,1.871310434327066,1.3812236785888672
411672051,3,2.648375282959045,2.067807674407959
411681896,1,1.0,0.9229103922843933
411683224,3,1.0,2.428905487060547
411684550,4,1.0,1.20040762424469
411687631,1,1.0,1.9992411136627197
411691079,2,1.0,2.381756067276001
411694895,2,1.0,1.555809497833252
411700075,0,2.648375282959045,1.7697861194610596
411710596,4,1.3703703703703702,0.851604700088501
411721787,2,3.425440131591025,0.9363113641738892
411721874,2,3.3703703703703702,2.6352691650390625
411722013,2,1.6296296296296298,1.8018436431884766
411722572,2,4.111111111111111,3.506895065307617
411733694,2,1.871310434327066,1.9310476779937744
411734297,0,2.6296296296296293,6.241263389587402
411738880,1,3.425440131591025,2.625915288925171
411740502,1,1.871310434327066,2.703521966934204
411747008,1,1.0942455856950868,2.0879313945770264
411760755,2,4.0,1.3263047933578491
411761249,2,1.0942455856950868,2.364471435546875
411771396,1,3.740740740740741,6.025405406951904
411789793,3,1.7407407407407407,1.695164680480957
411789887,3,1.0,1.061320424079895
411842700,2,1.0942455856950868,0.95094895362854
411856748,2,1.871310434327066,1.7578086853027344
411859088,3,1.0942455856950868,1.349804401397705
411859738,2,1.0942455856950868,4.189095497131348
411862129,4,3.6296296296296298,1.8980028629302979
411863338,2,4.0,1.752626657485962
411863647,1,1.871310434327066,5.859438419342041
411863941,0,1.0942455856950868,2.955754280090332
411872888,4,1.0,1.2681399583816528
411875069,2,1.7407407407407407,1.5025606155395508
411875954,2,6.0,5.316871643066406
411881180,3,1.871310434327066,2.1352784633636475
411881410,1,1.0,2.408384084701538
411884259,1,3.3703703703703702,2.7691028118133545
411884706,3,1.0,1.8486993312835693
411890398,2,1.0,3.4313254356384277
411892933,0,1.0,1.6852657794952393
411893671,0,4.259259259259259,3.952991008758545
411896233,4,1.0942455856950868,2.7629144191741943
411897766,0,1.0942455856950868,3.3032639026641846
411911063,2,4.979569828854984,3.3625717163085938
411913737,3,1.0942455856950868,0.9378328919410706
411918892,4,1.0942455856950868,1.3469491004943848
411925943,2,2.111111111111111,1.9008886814117432
411926442,2,1.871310434327066,2.400249719619751
411928490,3,3.0,3.0990476608276367
411930558,1,1.0,1.880120873451233
411932982,4,1.0,1.8889694213867188
411936166,2,1.0,1.3253085613250732
411940700,0,1.0,2.3955483436584473
411949272,2,4.37037037037037,1.9651005268096924
411949362,4,1.0,1.5380892753601074
411950331,1,1.0,1.5017454624176025
411950494,2,1.0942455856950868,2.35471248626709
411958253,3,1.0942455856950868,1.5892502069473267
411964565,2,1.0,1.6907845735549927
411993613,1,1.6296296296296298,1.5071992874145508
412014735,2,1.0,1.5242528915405273
412017527,0,1.0,1.0629706382751465
412023310,2,1.0,1.3113470077514648
412024546,3,1.0,2.1342692375183105
412024806,3,4.7407407407407405,3.098705291748047
412025577,4,8.0,3.968621015548706
412047811,1,1.0,1.001094102859497
412054537,0,4.202504980223004,1.9874646663665771
412065108,1,1.0,1.7244088649749756
412067550,1,1.0942455856950868,1.8401811122894287
412095336,2,1.0942455856950868,2.5133883953094482
412113660,3,4.0,2.091398239135742
412136285,3,1.0942455856950868,1.5042423009872437
412138630,4,1.871310434327066,2.1095681190490723
412139600,0,1.0,1.2000515460968018
412149764,3,1.0,0.6355004906654358
412150072,0,1.871310434327066,3.0886356830596924
412173161,0,2.3703703703703702,4.031745433807373
412181144,3,6.7407407407407405,5.0276947021484375
412185018,4,1.0,0.9545676708221436
412190748,2,1.0,1.7727283239364624
412190785,3,5.481481481481481,6.348215579986572
412201238,4,5.0,3.0195810794830322
412206442,4,6.533699526118942,5.441035270690918
412226455,2,1.871310434327066,1.3712327480316162
412229631,4,1.0,1.5156376361846924
412230660,2,5.0,4.180456161499023
412232216,2,5.111111111111111,6.1434245109558105
412236985,3,3.425440131591025,4.6621413230896
412256942,0,3.0,2.099832057952881
412258679,1,6.7407407407407405,5.659538745880127
412269301,3,2.648375282959045,4.280294418334961
412274475,1,1.0942455856950868,1.6396965980529785
412282662,1,1.0942455856950868,2.5728683471679688
412287017,4,1.0,4.987325668334961
412288190,4,4.979569828854984,4.92075777053833
412308147,2,1.0,1.8544507026672363
412309996,3,1.0,1.7598280906677246
412310782,2,1.3703703703703702,1.2936134338378906
412311229,2,1.0,2.2760722637176514
412312944,2,1.0942455856950868,3.363997459411621
412328603,4,1.0,0.9370711445808411
412335244,1,2.648375282959045,2.8959083557128906
412352374,4,1.0,2.1484994888305664
412359429,1,1.0,1.244257926940918
412365691,4,4.202504980223004,3.5820608139038086
412365704,4,2.3703703703703702,0.9145761728286743
412368370,2,1.0,1.285008192062378
412370811,4,1.871310434327066,1.6288163661956787
412373377,3,6.533699526118942,4.160715103149414
412374271,3,1.871310434327066,1.8622338771820068
412383763,0,1.0942455856950868,1.1528558731079102
412385741,1,1.0942455856950868,1.2265321016311646
412406148,3,1.0942455856950868,1.4327402114868164
412406255,3,1.3703703703703702,2.467745304107666
412419442,2,1.871310434327066,2.6622047424316406
412437184,2,4.979569828854984,4.149043560028076
412441916,2,1.0,1.3476524353027344
412446385,2,1.0,0.9290356040000916
412447192,2,2.648375282959045,1.2885514497756958
412458944,4,4.0,3.890709400177002
412470527,4,1.7407407407407407,2.3288373947143555
412472636,3,1.0,2.895634174346924
412475104,4,1.3703703703703702,3.3221845626831055
412498969,1,6.111111111111111,5.664653301239014
412515195,3,1.3703703703703702,2.0971999168395996
412521704,3,1.0,1.4827553033828735
412533375,0,1.0,1.0429117679595947
412539159,4,1.3703703703703702,1.2336162328720093
412552652,1,2.648375282959045,1.6679627895355225
412569057,3,1.0942455856950868,1.3748968839645386
412582162,3,2.3703703703703702,1.8498797416687012
412591740,4,4.0,4.850278854370117
412595308,3,6.7407407407407405,4.648147106170654
412612624,4,1.0,1.342200517654419
412629104,0,4.0,4.204566955566406
412637748,4,5.7566346774869634,4.5891828536987305
412670015,4,1.0942455856950868,0.9703283309936523
412672708,2,1.0942455856950868,1.9384294748306274
412699032,4,7.310764374750923,7.259235858917236
412711418,2,5.0,4.388790130615234
412712410,2,3.425440131591025,3.562314987182617
412719646,3,1.0942455856950868,1.0310840606689453
412737875,4,1.0,0.5810991525650024
412740168,4,2.259259259259259,1.790462851524353
412748044,2,1.0,2.2670650482177734
412754051,3,1.0,0.9951607584953308
412766363,3,1.0,1.4326945543289185
412778392,0,2.6296296296296293,1.6493993997573853
412781254,3,2.648375282959045,2.2958202362060547
412781358,3,1.0,0.9648999571800232
412782773,4,4.202504980223004,4.669000625610352
412800102,2,1.0,0.84619140625
412804020,0,1.0942455856950868,3.2560651302337646
412804987,0,1.0942455856950868,1.6904329061508179
412805473,2,1.0,2.3479223251342773
412807633,0,3.3703703703703702,3.372448444366455
412831524,4,6.533699526118942,6.399531841278076
412845568,0,7.0,3.6622135639190674
412846864,1,2.0,2.607231855392456
412864390,1,1.0942455856950868,1.32037353515625
412877698,2,1.0,1.0501855611801147
412903008,4,1.3703703703703702,1.7123725414276123
412917318,0,1.0,0.8020623922348022
412920121,2,3.111111111111111,2.0903444290161133
412920963,1,1.0,0.5606821775436401
412925707,4,3.0,2.534829616546631
412928406,3,1.0,1.4844591617584229
412937681,2,2.6296296296296293,2.0514543056488037
412941207,1,2.0,3.2308766841888428
412954330,4,6.0,3.4765658378601074
412965629,0,5.0,2.3383774757385254
412965951,3,5.7566346774869634,3.2622902393341064
412966009,4,1.0,1.1018544435501099
412966401,4,4.202504980223004,3.859464406967163
412966939,4,1.7407407407407407,1.7609784603118896
412975094,1,5.111111111111111,4.204941272735596
412979261,4,5.7566346774869634,6.495738983154297
412983855,2,1.0942455856950868,2.8537678718566895
412985206,3,1.0,0.7416630387306213
412986171,3,1.7407407407407407,1.8871839046478271
412991347,4,6.0,2.505568742752075
413009704,4,5.7407407407407405,6.661905765533447
413011203,3,5.7407407407407405,6.416084289550781
413016176,3,5.0,3.936767339706421
413023200,3,2.3703703703703702,2.6837539672851562
413023928,2,1.0,1.661657452583313
413024473,3,1.3703703703703702,1.5935146808624268
413024792,3,6.7407407407407405,5.729862689971924
413031300,2,4.0,5.134429931640625
413031919,4,3.0,2.886085033416748
413033784,3,5.7566346774869634,2.2373292446136475
413042956,3,1.0942455856950868,0.9093430638313293
413046230,4,1.0,0.6600907444953918
413070547,3,3.740740740740741,2.092031955718994
413072167,1,1.6296296296296298,2.586934804916382
413077722,4,1.3703703703703702,2.3124899864196777
413080382,4,1.0,1.4639413356781006
413101443,3,3.3703703703703702,2.6359105110168457
413107989,1,1.0,0.978782057762146
413113203,1,4.0,2.8824455738067627
413113495,1,2.0,2.2575414180755615
413123507,3,1.0,1.0247275829315186
413127699,2,1.0942455856950868,1.112220048904419
413141581,4,4.0,3.8626322746276855
413151176,0,1.0,6.165130138397217
413157558,2,1.0,2.3692431449890137
413162468,0,5.37037037037037,4.521203994750977
413173949,0,3.425440131591025,5.0589599609375
413174365,4,1.0,0.9184455871582031
413178171,0,7.0,1.9457828998565674
413182331,1,1.0942455856950868,2.4224917888641357
413183181,2,1.0,4.556443214416504
413187512,4,3.425440131591025,4.407001495361328
413189613,3,1.0,1.027543306350708
413202024,4,1.0,1.4105663299560547
413215750,0,1.0,0.6238657236099243
413218743,1,1.0,1.9013433456420898
413220026,0,2.0,2.8245503902435303
413223246,4,1.0942455856950868,1.1672704219818115
413224095,4,1.0,1.0707001686096191
413225830,4,3.3703703703703702,2.9866015911102295
413228226,3,1.0,1.714255928993225
413239830,2,1.0942455856950868,1.263853669166565
413243642,0,1.0,1.1254740953445435
413249363,3,1.0,1.58806312084198
413257877,0,2.0,1.9187042713165283
413274657,2,1.0942455856950868,1.7223578691482544
413276977,1,2.0,4.178740978240967
413304931,0,1.0,1.2097399234771729
413310666,2,2.111111111111111,2.810182571411133
413315584,1,3.425440131591025,4.2973456382751465
413317606,4,3.4814814814814814,5.997082710266113
413320416,0,1.871310434327066,4.275684833526611
413322883,3,1.0,0.7559468150138855
413326063,1,1.0,2.175568103790283
413331580,3,1.0,1.4208531379699707
413338617,4,1.0942455856950868,3.093593120574951
413344644,0,1.0,1.1932188272476196
413345037,2,3.4814814814814814,5.082386016845703
413345788,3,1.0942455856950868,1.7202938795089722
413348127,3,1.0942455856950868,2.1989879608154297
413353615,3,3.0,1.6168713569641113
413359733,4,1.0,1.5206738710403442
413364600,4,5.7407407407407405,4.59491491317749
413370263,2,1.0942455856950868,1.5182138681411743
413372707,4,5.7407407407407405,4.434060096740723
413374561,3,1.0,3.7850115299224854
413382183,1,2.0,3.216623544692993
413386115,4,4.202504980223004,4.085788726806641
413389173,1,1.6296296296296298,1.9279649257659912
413389481,0,1.0942455856950868,1.9313163757324219
413393830,0,1.0942455856950868,1.4978692531585693
413401287,3,1.6296296296296298,0.9918607473373413
413403598,1,1.871310434327066,1.6899702548980713
413404709,2,1.0,1.0576889514923096
413409634,4,1.0,1.50026535987854
413412423,4,1.0,3.063101291656494
413413641,3,1.0,0.7844309210777283
413420821,0,1.0,1.7752372026443481
413431393,3,1.0,2.0632457733154297
413435223,4,3.425440131591025,1.7787182331085205
413435486,0,1.871310434327066,4.35256290435791
413447606,1,1.0942455856950868,2.2930662631988525
413451433,0,5.481481481481481,3.8225765228271484
413460722,4,4.111111111111111,3.2813591957092285
413465170,0,1.0942455856950868,1.5420018434524536
413468897,3,4.0,3.00941801071167
413469458,3,1.871310434327066,1.574867606163025
413473991,0,1.0,1.0629783868789673
413477587,4,1.0,1.0492430925369263
413478401,2,1.0,1.8708726167678833
413486404,1,6.0,4.897484302520752
413486926,2,2.648375282959045,4.06784725189209
413487692,2,1.871310434327066,2.9549052715301514
413488561,2,5.37037037037037,6.1095757484436035
413488935,4,2.648375282959045,3.0178732872009277
413488999,0,1.0942455856950868,3.7632131576538086
413492685,1,1.0,0.5852261781692505
413498288,2,1.0942455856950868,0.963826596736908
413503671,1,1.0942455856950868,2.435901403427124
413504247,3,1.0,1.2565269470214844
413506290,0,1.0,1.6020798683166504
413507525,3,1.871310434327066,1.3801087141036987
413508946,4,1.0942455856950868,2.606107234954834
413509155,4,1.0942455856950868,1.551009178161621
413520665,4,3.0,2.0538697242736816
413534723,4,2.7407407407407405,3.5738985538482666
413536103,4,1.871310434327066,2.3659045696258545
413538102,2,1.0942455856950868,1.0176202058792114
413549724,4,1.871310434327066,2.719027519226074
413550009,1,1.7407407407407407,2.321239709854126
413550946,3,3.0,5.349271774291992
413555585,0,1.0942455856950868,1.3220818042755127
413584725,3,1.0942455856950868,2.134383201599121
413598409,1,5.0,1.9409704208374023
413598944,1,1.0,1.7034235000610352
413601399,4,4.0,1.3062183856964111
413602066,4,1.0942455856950868,3.6272826194763184
413604549,1,2.0,2.8330819606781006
413605653,3,5.0,5.136619567871094
413619204,2,4.979569828854984,4.296069622039795
413625762,0,3.425440131591025,2.1327476501464844
413636591,3,1.0,2.6698520183563232
413640937,3,1.0,0.6795869469642639
413646029,1,3.425440131591025,4.200263500213623
413652864,3,1.0,0.7012647986412048
413670126,2,1.3703703703703702,1.5255630016326904
413670626,1,2.0,4.41863489151001
413672291,4,1.0,1.0769197940826416
413685183,2,1.0,1.0720710754394531
413686743,1,2.648375282959045,2.1807124614715576
413688208,3,2.0,1.3911798000335693
413688650,3,1.0,1.2130134105682373
413701543,4,1.0,2.1927099227905273
413708945,4,1.0942455856950868,0.7671082019805908
413710315,2,5.111111111111111,6.296772003173828
413715507,3,1.0942455856950868,2.0655131340026855
413717198,1,1.0,1.3078035116195679
413717869,2,1.871310434327066,1.687232494354248
413720392,3,1.0,1.8840489387512207
413720613,4,1.0942455856950868,0.6069400310516357
413721968,3,1.6296296296296298,2.1742749214172363
413731261,4,1.0,2.037097930908203
413731884,4,1.0942455856950868,0.9997711181640625
413742082,4,1.0,2.5101497173309326
413742859,4,1.0,0.9413408637046814
413743820,3,1.0,0.6858189702033997
413744236,1,5.111111111111111,4.840847969055176
413756359,1,1.0,1.5308884382247925
413765365,3,1.871310434327066,2.0137691497802734
413776438,2,4.481481481481481,4.974668025970459
413780258,2,7.111111111111111,6.535597801208496
413780262,2,6.0,1.4970483779907227
413781566,2,1.0,1.7666784524917603
413783223,3,1.0,3.283536434173584
413783638,4,1.0942455856950868,1.1577918529510498
413792205,1,1.0,1.3578193187713623
413807609,3,1.3703703703703702,2.0763473510742188
413808025,3,1.0,1.638568639755249
413810703,4,1.0942455856950868,2.6094233989715576
413813065,3,1.0,1.424067735671997
413816611,2,1.0,2.6543030738830566
413824818,2,1.0942455856950868,2.0818347930908203
413831136,3,1.0,1.4454059600830078
413837632,1,4.0,0.8920454382896423
413837638,1,1.0,0.8157137036323547
413839272,3,1.3703703703703702,1.8840070962905884
413848969,1,1.0,3.501356840133667
413849142,3,1.0942455856950868,2.076827049255371
413857709,1,1.0,3.6651535034179688
413858838,0,2.4814814814814814,1.8662737607955933
413869690,0,1.0,0.8800914287567139
413876728,0,5.0,5.7031965255737305
413876910,0,1.0,1.6151683330535889
413878719,2,3.740740740740741,3.6048946380615234
413893112,3,1.0942455856950868,0.7646084427833557
413898382,2,1.0,1.7970716953277588
413905915,2,3.0,3.3525471687316895
413920366,2,1.0,1.1381616592407227
413921245,4,1.0,0.6186120510101318
413924567,2,4.202504980223004,4.635916233062744
413927642,0,1.0942455856950868,2.5988593101501465
413927763,0,2.3703703703703702,3.871835231781006
413927806,1,2.7407407407407405,3.8578193187713623
413928523,0,1.0,3.190878391265869
413929669,3,4.0,3.477724552154541
413929855,3,1.0,0.8957126140594482
413929889,2,1.871310434327066,2.971604347229004
413930389,4,1.0,1.573340892791748
413930398,4,1.0,1.1915854215621948
413930422,4,2.0,1.5604716539382935
413930494,4,2.0,1.6557879447937012
413932951,4,1.871310434327066,1.886843204498291
413933415,2,1.0,2.1095824241638184
413933598,2,1.0,0.8538284301757812
413934410,2,5.7566346774869634,4.338302135467529
413934425,2,1.0,1.5002994537353516
413934665,0,3.425440131591025,4.083992958068848
413936368,4,4.111111111111111,4.81835412979126
413936407,2,1.0,1.6010513305664062
413936747,0,1.0,1.3046162128448486
413936749,3,1.0,0.5162795186042786
413936915,2,1.0,0.7326053977012634
413936960,2,1.0,0.7387813925743103
413938097,0,1.0,1.8452519178390503
413938615,0,1.0,1.24772310256958
413939174,4,1.0,0.7285612225532532
413939329,0,1.0,1.1299771070480347
413940170,2,5.0,2.2772791385650635
413940760,1,1.871310434327066,2.3326220512390137
413940956,3,1.0,1.1938233375549316
413941446,2,3.0,2.3736538887023926
413941725,0,1.0942455856950868,0.5322127342224121
413941834,2,2.6296296296296293,2.1735799312591553
413941897,3,4.851851851851851,4.3148603439331055
413942465,2,2.3703703703703702,3.0177416801452637
413942989,4,5.7407407407407405,6.515164375305176
413943414,4,3.3703703703703702,4.744350433349609
413943789,3,2.0,2.1970016956329346
413943812,4,5.7566346774869634,5.1665191650390625
413944378,0,1.871310434327066,4.5847883224487305
413945274,2,3.425440131591025,4.219790458679199
413945586,3,1.0,1.1543128490447998
413946377,2,4.202504980223004,2.611180543899536
413946439,3,1.0,1.223219871520996
413946638,2,3.425440131591025,6.338973522186279
413947437,1,1.3703703703703702,1.5021424293518066
413947525,4,1.0,3.528855323791504
413947771,3,4.0,3.2216224670410156
413948196,1,1.0,0.6338881254196167
413948299,4,2.0,2.876612663269043
413948377,4,1.0,0.7401401996612549
413948459,3,1.3703703703703702,1.558098316192627
413948492,2,6.111111111111111,3.4930779933929443
413948525,4,4.0,6.213225841522217
413948703,3,3.0,1.4885221719741821
413949119,0,3.0,3.6749024391174316
413949830,3,1.0942455856950868,3.4251086711883545
413950241,2,2.0,1.719162940979004
413950399,4,1.0942455856950868,0.7627185583114624
413950589,3,1.0,1.365034818649292
413951384,4,1.0942455856950868,0.85829758644104
413951947,3,1.0942455856950868,1.3086645603179932
413952156,1,4.37037037037037,5.76049280166626
413952446,4,3.0,2.6977272033691406
413953041,1,1.0942455856950868,1.543906807899475
413953581,1,7.0,6.242590427398682
413954263,4,1.0942455856950868,1.4563286304473877
413954432,0,3.425440131591025,3.6850783824920654
413954837,1,2.648375282959045,5.69247579574585
413956402,3,5.0,1.581337571144104
413956566,1,1.3703703703703702,1.2415467500686646
413956749,0,6.0,6.457691192626953
413957645,4,1.0,0.5826510787010193
413957981,2,1.0,1.167475700378418
413958022,0,1.0,1.0238453149795532
413959650,1,1.0,1.0837488174438477
413960265,4,1.0,0.9965924024581909
413960884,0,4.0,2.773491382598877
413961046,2,3.0,0.8901592493057251
413961491,4,4.7407407407407405,2.442819595336914
413961861,4,4.979569828854984,2.442819595336914
413962006,1,1.0942455856950868,3.613865375518799
413962301,1,1.0,2.128706216812134
413962311,2,5.0,5.242757797241211
413962487,4,1.0,1.156360387802124
413962705,1,3.0,1.1022244691848755
413963260,2,3.0,2.0307421684265137
413963565,2,1.871310434327066,1.135061264038086
413964125,0,1.0,1.282601237297058
413964199,2,1.0,1.6622872352600098
413964760,0,1.0,1.945744514465332
413965985,1,1.0,0.9234974384307861
413966167,2,1.7407407407407407,3.662083148956299
413966613,2,4.202504980223004,6.99186372756958
413967148,3,2.3703703703703702,4.626362323760986
413967427,2,6.481481481481481,3.0552010536193848
413968228,3,1.0,1.1835477352142334
413968293,2,1.6296296296296298,4.218952178955078
413968469,1,2.0,1.964909315109253
413968504,0,1.0942455856950868,1.9344162940979004
413970098,2,1.871310434327066,1.8943673372268677
413970577,4,1.0,1.0972918272018433
413971233,1,1.0942455856950868,0.9141196608543396
413972004,1,4.7407407407407405,3.2628798484802246
413972383,0,1.0942455856950868,1.475973129272461
413972660,2,1.0,0.9602261781692505
413972718,2,1.0942455856950868,1.8456910848617554
413972763,0,1.0,1.0552747249603271
413973132,2,1.0942455856950868,0.771172046661377
413973322,2,1.0942455856950868,1.5461009740829468
413974179,2,2.0,4.294864654541016
413974668,0,1.0,1.1179990768432617
413975036,2,1.0942455856950868,1.1640393733978271
413975039,3,1.3703703703703702,1.555054783821106
413975757,1,3.3703703703703702,2.514127016067505
413976280,3,1.0,1.539870262145996
413976459,0,1.0,1.4713424444198608
413977167,2,1.0942455856950868,0.987784206867218
413978032,1,4.0,2.042133092880249
413979830,2,7.370370370370369,6.282556056976318
413980052,0,1.0,1.149672269821167
413980397,3,1.0,0.9354743361473083
413980635,0,1.0,2.4247260093688965
413981431,2,1.0942455856950868,0.9762599468231201
413981689,0,1.0942455856950868,1.476049542427063
413981778,4,1.0942455856950868,1.9777050018310547
413981873,1,1.0,2.2122280597686768
413981961,1,1.0,1.5938740968704224
413982686,4,1.871310434327066,3.477541208267212
413982796,3,1.0,1.496875524520874
413983169,1,2.648375282959045,3.4135828018188477
413984684,3,6.111111111111111,5.800156116485596
413984834,1,1.0942455856950868,1.2780312299728394
413985110,4,1.0,1.3819711208343506
413985365,3,3.740740740740741,4.462632179260254
413985713,0,1.0942455856950868,1.3450613021850586
413985873,0,1.0942455856950868,1.0753694772720337
413985879,3,2.648375282959045,3.6434309482574463
413985992,3,4.202504980223004,6.977052688598633
413986795,0,1.0942455856950868,1.2385239601135254
413987306,1,2.3703703703703702,1.7351710796356201
413987913,1,1.0,1.1811169385910034
413988084,4,1.0,0.8701599836349487
413988471,4,1.0,0.7483233213424683
413988641,0,1.3703703703703702,2.6700072288513184
413989106,3,1.0,1.406388282775879
413990558,3,3.0,1.0635660886764526
413990819,4,1.0,1.1817705631256104
413990921,0,1.0942455856950868,2.0471243858337402
413992452,1,3.0,1.2884650230407715
413992952,2,3.0,1.7585530281066895
413994055,1,1.871310434327066,3.3336141109466553
thread_10000140_chocolamilk83_1401/10/10 01:07,4,1.0942455856950868,2.2110841274261475
thread_10001805_سوسک_بالدار_1401/10/10 11:18,4,3.425440131591025,2.3645410537719727
thread_10013823_بهارک۷۳_1401/10/11 20:44,4,1.0,2.281344175338745
thread_10013823_لیلاجیگر_1401/10/11 21:39,4,4.0,2.82289981842041
thread_10050737_starter,1,1.3703703703703702,1.1419813632965088
thread_10066266_starter,1,7.310764374750923,7.714270114898682
thread_10075915_starter,3,2.648375282959045,4.285437107086182
thread_10130873_سلما1372_1401/10/26 08:51,2,4.202504980223004,4.168993949890137
thread_10142431_دلوووووووین_1401/10/27 17:16,4,1.0,3.328217029571533
thread_10157128_fatmjoon_1401/10/29 10:27,3,1.3703703703703702,1.8893547058105469
thread_10162254_زندگی_خییلی_قشنگه_1401/10/29 22:44,1,1.0942455856950868,0.9467529654502869
thread_10162254_مامان_نیماجوجه_1401/10/29 22:40,1,7.74074074074074,7.408294200897217
thread_10165795_starter,4,3.425440131591025,6.100255012512207
thread_10168513_starter,3,1.0942455856950868,1.6758805513381958
thread_10172881_پریا۱۳۰۰_1401/11/01 12:16,1,1.0,1.351579189300537
thread_10176250_khk1384_1401/11/01 20:25,4,1.0942455856950868,2.17130184173584
thread_10179382_atabizemestoon_1401/11/02 01:22,2,5.7566346774869634,5.706852912902832
thread_10182598_starter,0,4.0,5.9336347579956055
thread_10185456_starter,2,2.259259259259259,2.3406996726989746
thread_10222994_starter,0,2.3703703703703702,2.6876354217529297
thread_10233522_starter,2,6.533699526118942,7.153793811798096
thread_10251910_starter,4,2.0,4.230487823486328
thread_10271904_starter,3,5.7566346774869634,6.8562822341918945
thread_10275811_starter,1,4.202504980223004,1.780548095703125
thread_10297607_badomnini_1401/11/17 13:27,1,2.648375282959045,2.398500442504883
thread_10301684_starter,3,4.0,4.224553108215332
thread_10302862_starter,4,6.111111111111111,7.1124467849731445
thread_10314630_starter,1,6.481481481481481,6.917797565460205
thread_10322275_starter,0,1.0942455856950868,2.022219657897949
thread_10354240_starter,3,3.0,4.515804290771484
thread_10368237_wetdh_1401/11/26 17:05,1,3.3703703703703702,6.72011661529541
thread_10374263_starter,0,4.37037037037037,2.9757931232452393
thread_10379801_fatima24_1401/11/28 00:25,0,3.3703703703703702,3.0001463890075684
thread_10379801_pegah00_1401/11/28 00:14,0,4.0,0.9963588714599609
thread_10380504_تیادا_1401/11/28 01:40,3,1.0,0.7345470786094666
thread_10393495_starter,0,3.111111111111111,3.7428786754608154
thread_10410834_starter,0,5.111111111111111,6.1861467361450195
thread_10411494_روح_حیران_الدوله_1401/12/02 00:21,0,1.0,1.9059598445892334
thread_10448788_starter,1,9.370370370370368,4.7103495597839355
thread_10463942_یارا_۷۰_1401/12/08 14:58,4,3.3703703703703702,3.4054319858551025
thread_10480822_starter,1,4.202504980223004,4.094604015350342
thread_10514731_starter,2,4.0,4.923369407653809
thread_10524790_starter,3,6.533699526118942,7.840562343597412
thread_10529758_starter,3,6.370370370370369,7.121998310089111
thread_10542869_starter,1,7.310764374750923,7.789429664611816
thread_10571539_مامانmasi_1401/12/21 20:20,3,1.3703703703703702,2.087338924407959
thread_10602523_starter,1,1.0942455856950868,2.1700024604797363
thread_10613318_starter,3,5.7566346774869634,6.350052356719971
thread_10614978_starter,3,4.0,5.716826915740967
thread_10632887_starter,4,7.310764374750923,7.199894428253174
thread_10663500_starter,3,5.7566346774869634,5.785872936248779
thread_10676035_starter,2,5.0,3.095186710357666
thread_10723964_starter,2,6.533699526118942,4.470057010650635
thread_10774335_starter,1,4.202504980223004,4.470259189605713
thread_10824080_starter,3,4.202504980223004,5.258066654205322
thread_10913873_بهاااار۷۷_1402/02/02 15:33,0,1.0,1.0771747827529907
thread_10920848_starter,0,4.111111111111111,3.6931920051574707
thread_10929344_مامان_زهرا2_1402/02/04 15:03,0,2.3703703703703702,4.277666091918945
thread_10932921_هرماینی_ویزلی_1402/02/04 22:48,2,1.0,1.1467041969299316
thread_10952183_starter,2,5.111111111111111,4.915621280670166
thread_10952183_عطرعاشقی_1402/02/07 09:59,2,3.0,2.046299934387207
thread_11018093_adrina_______1402/02/15 12:43,2,1.0,1.1396793127059937
thread_11034227_starter,0,3.6296296296296298,6.4931559562683105
thread_11036040_82ayhan_1402/02/17 19:54,3,1.0,0.8578290343284607
thread_11038954_starter,2,6.0,7.132390022277832
thread_11045364_starter,0,3.425440131591025,4.520631790161133
thread_11050893_starter,2,4.979569828854984,4.72398042678833
thread_11050893_تنهاوغریب۷۸_1402/02/19 19:15,2,4.202504980223004,3.7266104221343994
thread_11050893_مدیراستارتر_1402/02/19 19:09,2,3.0,3.5662999153137207
thread_11052815_starter,1,4.979569828854984,7.272604942321777
thread_11073524_starter,3,7.310764374750923,7.697891712188721
thread_11082963_starter,1,4.7407407407407405,4.746805191040039
thread_11092987_starter,1,3.0,3.490337610244751
thread_11093436_starter,3,1.0942455856950868,1.9789259433746338
thread_11099636_starter,2,3.425440131591025,2.728680372238159
thread_11151960_starter,2,4.7407407407407405,2.7811498641967773
thread_11157196_sanaz718_1402/04/04 22:00,1,1.0942455856950868,0.6425931453704834
thread_11157196_سیما298_1402/03/03 00:10,1,5.0,1.7171499729156494
thread_11168059_starter,4,6.481481481481481,7.570833683013916
thread_11168059_کلید۹_1402/03/04 12:22,4,1.0,2.9713635444641113
thread_11186657_saeede7598_1402/03/06 20:47,3,1.0,2.0161991119384766
thread_11186657_دختر_بهار۷۴۷۴_1402/03/07 12:58,3,1.0,1.1155589818954468
thread_11189321_روزاخانم_1402/03/07 02:23,4,1.0942455856950868,1.1877074241638184
thread_11200287_starter,2,4.0,4.786955833435059
thread_11203110_mambardia_1402/03/08 21:34,1,4.62962962962963,2.3629870414733887
thread_11210265_sogoli7279_1402/03/09 20:06,0,1.0942455856950868,0.7134089469909668
thread_11226201_starter,2,3.0,2.75608491897583
thread_11235567_starter,1,3.0,3.6490590572357178
thread_11237504_starter,2,8.0,7.958776950836182
thread_11242037_starter,3,1.0,1.1645944118499756
thread_11258649_starter,0,1.0942455856950868,1.4770705699920654
thread_11266970_starter,3,4.979569828854984,4.37379789352417
thread_11272179_starter,4,4.0,4.595077037811279
thread_11308009_starter,0,6.370370370370369,5.335905075073242
thread_11322121_starter,1,5.111111111111111,6.327841281890869
thread_11355279_starter,0,4.7407407407407405,4.112955570220947
thread_11409103_دخترمدیترانه_1402/04/04 18:12,4,1.0,0.6539714932441711
thread_11410575_starter,4,1.0942455856950868,0.7068068981170654
thread_11417052_momy_deniz_1402/04/05 19:22,0,1.0942455856950868,5.0801472663879395
thread_11418445_sahar11112222_1402/04/05 22:57,3,1.7407407407407407,2.0849668979644775
thread_11418445_همسرممدقلی_1403/02/09 09:17,3,5.7566346774869634,2.616593360900879
thread_11421164_starter,0,7.74074074074074,7.48190450668335
thread_11428732_starter,0,1.0942455856950868,1.6719567775726318
thread_11430239_گوفی_goofy_1402/04/07 16:25,1,1.6296296296296298,3.611339807510376
thread_11435666_starter,3,6.533699526118942,5.611491680145264
thread_11449595_starter,4,5.7566346774869634,7.208499431610107
thread_11457979_tamin1828_1402/04/11 10:55,2,2.0,2.4678924083709717
thread_11457979_حنا_دختری_در_رختخواب_1402/04/11 14:21,2,2.648375282959045,6.273627281188965
thread_11488172_starter,3,5.37037037037037,3.4147138595581055
thread_11497657_starter,3,3.0,3.5778746604919434
thread_11508674_شاهپسرمی_1402/04/17 23:00,0,1.0942455856950868,3.2678370475769043
thread_11521204_starter,0,7.310764374750923,4.5298638343811035
thread_11543948_fall_girll_1402/04/22 12:07,4,1.0,1.6483826637268066
thread_11548790_فرییییناززز_1402/04/23 01:03,3,1.871310434327066,4.644498348236084
thread_11550424_aradjoooooni_1402/04/23 10:28,1,1.0,2.470529317855835
thread_11583885_starter,4,7.0,5.7732343673706055
thread_11587309_starter,0,1.0,6.524786949157715
thread_11615324_starter,0,2.6296296296296293,1.1372438669204712
thread_11622877_فریبابهاری_1402/05/01 15:05,4,4.979569828854984,2.5225889682769775
thread_11641483_starter,4,6.533699526118942,6.222501754760742
thread_11650928_ماه66_1402/05/05 04:19,2,1.871310434327066,1.1724544763565063
thread_11651384_starter,2,5.7566346774869634,4.888785362243652
thread_11658331_starter,0,2.111111111111111,3.168179988861084
thread_11697019_starter,3,6.111111111111111,4.0266900062561035
thread_11702876_starter,1,5.7566346774869634,6.354412078857422
thread_11722190_starter,3,3.0,3.255384922027588
thread_11745552_gelareh1234_1402/11/20 23:01,4,6.533699526118942,5.283579349517822
thread_11747162_starter,3,7.481481481481481,7.922504901885986
thread_11758445_starter,4,6.533699526118942,6.387890815734863
thread_11758445_zahra_931388_1402/05/19 00:42,4,1.0,1.465855360031128
thread_11761411_ebooo_1402/05/19 13:31,3,7.0,5.441850185394287
thread_11761771_starter,0,5.0,5.444397926330566
thread_11762214_starter,1,6.111111111111111,6.365581512451172
thread_11764937_starter,1,1.7407407407407407,1.3220680952072144
thread_11782399_starter,2,4.202504980223004,3.655470848083496
thread_11805524_starter,2,5.7407407407407405,6.85000467300415
thread_11806754_کوالاءخسته_1402/05/25 02:04,2,2.3703703703703702,2.126425266265869
thread_11816883_فنچ_قرمز_1402/05/26 15:13,3,7.370370370370369,7.27166223526001
thread_11818127_starter,1,1.0942455856950868,2.702343702316284
thread_11837697_starter,4,1.871310434327066,3.1686627864837646
thread_11853416_starter,3,7.370370370370369,6.333738803863525
thread_11855670_starter,0,6.533699526118942,6.824108123779297
thread_11863827_starter,4,2.0,7.335929870605469
thread_11868913_starter,1,4.979569828854984,5.761636257171631
thread_11868956_starter,3,2.3703703703703702,2.219534397125244
thread_11898756_starter,2,7.370370370370369,6.275890827178955
thread_11900475_starter,2,3.3703703703703702,4.860280990600586
thread_11900901_starter,4,4.202504980223004,3.278646469116211
thread_11910445_starter,3,3.425440131591025,3.8295793533325195
thread_11912656_starter,2,1.871310434327066,2.8326401710510254
thread_11937770_روغن_کرچک_1402/06/11 04:07,3,1.7407407407407407,1.8812614679336548
thread_11956298_starter,0,6.7407407407407405,5.551032066345215
thread_11976631_starter,2,3.3703703703703702,4.4298095703125
thread_12001379_starter,4,6.370370370370369,5.118361949920654
thread_12001823_starter,1,6.533699526118942,5.304243564605713
thread_12005329_starter,4,6.533699526118942,6.558185577392578
thread_12008908_starter,3,5.999999999999999,6.98790979385376
thread_12031111_starter,4,6.533699526118942,5.098846912384033
thread_12033101_starter,2,8.0878292233829,7.6538214683532715
thread_12054109_starter,4,1.0942455856950868,2.314512252807617
thread_12057844_starter,3,6.481481481481481,6.2488694190979
thread_12080880_starter,1,5.481481481481481,4.807565212249756
thread_12083716_starter,4,1.3703703703703702,2.415344476699829
thread_12084168_جوجوطلا۵۳_1402/06/31 00:16,0,1.0,1.29221510887146
thread_12084168_سقزیااااااا_1402/06/30 23:41,0,1.0942455856950868,1.9731473922729492
thread_12087647_میناالسلطنه_1402/06/31 15:19,3,4.202504980223004,6.574746131896973
thread_12088170_saharr_bano_1402/07/01 20:37,1,1.0942455856950868,2.1348330974578857
thread_12088170_starter,1,7.111111111111111,6.679712772369385
thread_12127266_starter,2,6.0,6.691061496734619
thread_12132086_starter,1,5.7407407407407405,4.184696197509766
thread_12173353_starter,2,5.7407407407407405,7.487043380737305
thread_12182197_starter,2,4.851851851851851,6.305790901184082
thread_12189262_starter,4,8.0878292233829,7.894095420837402
thread_12233829_starter,2,5.7407407407407405,6.310390472412109
thread_12239309_starter,3,7.370370370370369,6.376276969909668
thread_12246092_nazninpoi_1402/07/24 17:26,4,2.648375282959045,1.917814016342163
thread_12250008_starter,2,2.648375282959045,4.121565818786621
thread_12254105_دختــرشیــرااازی_1402/07/27 18:32,0,1.0,0.8998850584030151
thread_12260668_starter,4,3.740740740740741,4.387849807739258
thread_12273353_starter,3,5.7407407407407405,3.3256144523620605
thread_12296938_starter,3,8.11111111111111,7.301021099090576
thread_12306808_starter,2,2.3703703703703702,4.679164886474609
thread_12311774_starter,4,6.533699526118942,6.077883720397949
thread_12320753_starter,2,1.871310434327066,1.814436674118042
thread_12321228_starter,3,8.11111111111111,7.53792667388916
thread_12329536_starter,0,7.74074074074074,5.4028472900390625
thread_12335936_05mahnaziiii_1402/08/08 13:31,1,3.425440131591025,1.6212785243988037
thread_12337937_اشپزخونه_1402/08/08 19:07,1,4.481481481481481,5.668388843536377
thread_12347755_starter,4,6.533699526118942,7.6473894119262695
thread_12365188_starter,4,2.648375282959045,2.5547242164611816
thread_12372198_۲۷_1402/08/20 17:59,3,3.4814814814814814,5.27370548248291
thread_12381492_starter,2,7.74074074074074,8.033330917358398
thread_12382342_starter,4,4.979569828854984,6.156953811645508
thread_12408152_starter,2,5.7566346774869634,6.017580032348633
thread_12433679_starter,2,5.7566346774869634,6.808526515960693
thread_12444504_starter,1,3.425440131591025,5.508468151092529
thread_12447056_panah_ir_1402/08/26 08:18,1,1.0,1.4974530935287476
thread_12448534_starter,1,9.0,8.062772750854492
thread_12474402_taherr_1402/08/30 16:17,4,3.425440131591025,1.685157299041748
thread_12474402_مووفرفری_1402/08/30 15:58,4,1.0,1.3391495943069458
thread_12478351_starter,2,5.7566346774869634,4.406730651855469
thread_12481148_starter,1,8.37037037037037,8.324578285217285
thread_12488568_starter,0,3.6296296296296298,4.302464485168457
thread_12490703_سالادباسس_1402/09/14 08:04,0,4.202504980223004,2.371305465698242
thread_12511452_starter,0,8.37037037037037,6.927071571350098
thread_12540786_starter,1,4.7407407407407405,1.954155445098877
thread_12540988_z77بهار_1402/09/11 13:34,1,1.0,3.255788564682007
thread_12554039_starter,4,7.0,6.289167404174805
thread_12558882_starter,0,4.0,4.6682820320129395
thread_12564950_starter,3,6.7407407407407405,7.2453131675720215
thread_12584343_starter,0,4.7407407407407405,2.628056049346924
thread_12592575_starter,4,4.979569828854984,5.110961437225342
thread_12605901_starter,3,4.0,6.672118663787842
thread_12607907_mamagolsa_1402/09/21 22:31,4,6.533699526118942,6.150716781616211
thread_12607907_starter,4,5.111111111111111,6.840696334838867
thread_12607907_بانوآبی_1402/09/21 22:25,4,2.259259259259259,2.3416757583618164
thread_12609082_starter,2,6.370370370370369,6.176527976989746
thread_12610447_starter,2,5.7566346774869634,7.10752010345459
thread_12618321_starter,1,4.202504980223004,6.840137004852295
thread_12622997_starter,0,7.74074074074074,7.506178855895996
thread_12626461_starter,0,8.0878292233829,7.712453842163086
thread_12626461_ماه_تاریک_1402/09/24 20:13,0,1.0,2.356429100036621
thread_12636138_starter,3,4.979569828854984,3.655519485473633
thread_12638391_starter,3,5.999999999999999,5.4569926261901855
thread_12639999_starter,1,7.0,6.313384056091309
thread_12664279_starter,0,1.871310434327066,3.102356433868408
thread_12689943_starter,1,5.481481481481481,6.084219932556152
thread_12690442_starter,2,4.202504980223004,4.462734222412109
thread_12691114_starter,1,4.979569828854984,5.949143886566162
thread_12694984_starter,1,4.0,5.465692520141602
thread_12705455_starter,2,4.979569828854984,6.532322406768799
thread_12705823_starter,2,7.310764374750923,6.948146820068359
thread_12728992_starter,3,4.202504980223004,2.556128740310669
thread_12728995_starter,3,4.202504980223004,2.556128740310669
thread_12729765_starter,0,8.0,6.262109279632568
thread_12739318_starter,4,5.7566346774869634,7.1643500328063965
thread_12744284_starter,2,6.7407407407407405,6.792838096618652
thread_12767944_starter,0,8.0,6.753568649291992
thread_12769459_starter,1,6.0,7.01870059967041
thread_12771315_ثنا_ثنایی_1402/10/16 19:09,1,1.871310434327066,1.822309970855713
thread_12779069_starter,0,3.425440131591025,2.1914000511169434
thread_12785738_starter,4,4.202504980223004,5.136052131652832
thread_12800283_starter,1,7.310764374750923,6.428332328796387
thread_12800806_starter,3,3.740740740740741,3.9965291023254395
thread_12804932_starter,1,7.310764374750923,7.785776615142822
thread_12809113_starter,2,6.533699526118942,7.830626010894775
thread_12811887_starter,1,3.425440131591025,3.0827271938323975
thread_12826848_starter,4,3.425440131591025,2.7059264183044434
thread_12833855_starter,4,5.111111111111111,5.033560752868652
thread_12837509_starter,0,6.0,7.446380138397217
thread_12852228_starter,1,7.370370370370369,7.5940165519714355
thread_12853035_starter,2,5.37037037037037,6.065378189086914
thread_12856876_starter,1,5.999999999999999,7.4676737785339355
thread_12906305_starter,2,1.0,0.5340176224708557
thread_12906425_starter,1,6.0,7.062501907348633
thread_12931667_starter,3,3.0,3.4167518615722656
thread_12932299_starter,1,4.0,4.79764461517334
thread_12935391_starter,3,5.7566346774869634,7.306445598602295
thread_12937930_starter,0,7.310764374750923,4.531316757202148
thread_12942965_starter,2,7.310764374750923,8.018508911132812
thread_12958359_starter,1,3.0,5.674149990081787
thread_12969680_starter,3,6.533699526118942,7.281362533569336
thread_12980644_starter,1,7.111111111111111,7.244462013244629
thread_12981137_starter,1,2.6296296296296293,3.1455070972442627
thread_12997161_starter,3,5.7566346774869634,6.563385486602783
thread_13008679_starter,4,4.202504980223004,6.649914264678955
thread_13014671_starter,4,2.7407407407407405,4.48747444152832
thread_13024186_starter,0,4.0,4.935792446136475
thread_13030195_starter,4,2.648375282959045,2.1337103843688965
thread_13033480_starter,0,5.37037037037037,6.474833965301514
thread_13045911_starter,2,7.0,4.2415618896484375
thread_13070976_starter,3,4.979569828854984,7.159789085388184
thread_13078984_starter,2,4.979569828854984,6.177829742431641
thread_13083921_babre_maghroor_1402/12/01 23:58,0,4.202504980223004,2.705998659133911
thread_13084962_اقاقیا13_1402/12/02 02:33,0,1.0,2.1185641288757324
thread_13098851_starter,4,4.202504980223004,5.150052070617676
thread_13100396_starter,0,1.0942455856950868,1.4465253353118896
thread_13104443_نازدار۹۰_1402/12/05 07:28,3,5.0,2.5377817153930664
thread_13106295_starter,1,8.0,7.4002885818481445
thread_13107180_starter,2,6.533699526118942,4.698808193206787
thread_13119720_starter,0,2.0,3.7940666675567627
thread_13126328_starter,0,3.425440131591025,3.4313313961029053
thread_13136280_starter,2,7.310764374750923,8.568513870239258
thread_13147361_starter,3,3.425440131591025,4.395086765289307
thread_13152440_starter,4,5.37037037037037,4.217456340789795
thread_13154191_starter,2,1.0942455856950868,2.4653024673461914
thread_13157422_starter,1,1.0942455856950868,1.8719587326049805
thread_13158430_starter,0,3.740740740740741,4.74953556060791
thread_13165351_starter,1,5.7566346774869634,3.6321024894714355
thread_13170997_starter,1,6.7407407407407405,7.264285564422607
thread_13172239_starter,1,4.202504980223004,4.585440158843994
thread_13172362_starter,1,6.533699526118942,7.279891014099121
thread_13190277_starter,1,4.111111111111111,3.52191424369812
thread_13195359_starter,4,5.0,5.16832160949707
thread_13215756_starter,0,4.979569828854984,7.062437057495117
thread_13234836_starter,1,5.481481481481481,5.77200174331665
thread_13249429_starter,3,4.202504980223004,4.485249996185303
thread_13252844_starter,2,4.7407407407407405,7.789848327636719
thread_13252859_starter,4,4.37037037037037,5.1555705070495605
thread_13256643_starter,1,4.37037037037037,6.184953212738037
thread_13262859_zizigoolootabeta_1402/12/28 18:13,2,3.740740740740741,1.923957347869873
thread_13263274_starter,4,1.871310434327066,3.4642438888549805
thread_13279651_starter,1,5.0,4.151632785797119
thread_13287301_starter,1,4.979569828854984,2.9286179542541504
thread_13287301_عسلی۰۰_1403/01/03 15:15,1,5.7407407407407405,4.817991256713867
thread_13287301_عسلی۰۰_1403/01/03 15:16,1,2.3703703703703702,4.261173725128174
thread_13296066_starter,1,4.202504980223004,3.915933132171631
thread_13296066_عشقم،همسرم_1403/01/04 23:53,1,1.6296296296296298,0.64410799741745
thread_13296066_پرنده__غربت_1403/01/04 23:58,1,5.7566346774869634,4.907382488250732
thread_13296066_پرنده__غربت_1403/01/04 23:59,1,3.740740740740741,2.8736493587493896
thread_13318563_starter,4,5.7566346774869634,7.027964115142822
thread_13320928_starter,1,6.533699526118942,3.2746453285217285
thread_13324508_چش_قشنگ_سابقم_1403/01/09 12:27,2,3.3703703703703702,2.4931557178497314
thread_13330577_starter,0,5.7566346774869634,7.000378131866455
thread_13340909_starter,1,7.74074074074074,7.334283351898193
thread_13363518_starter,4,6.7407407407407405,6.24342155456543
thread_13367002_starter,4,7.310764374750923,8.055094718933105
thread_13382485_starter,0,7.111111111111111,5.041231155395508
thread_13385517_starter,1,4.7407407407407405,6.786052227020264
thread_13389828_starter,1,4.979569828854984,5.640528202056885
thread_13394245_starter,1,5.7566346774869634,7.313072681427002
thread_13395685_starter,4,5.7566346774869634,4.872383117675781
thread_13400353_starter,4,4.979569828854984,5.982660293579102
thread_13401210_starter,0,6.533699526118942,6.354654312133789
thread_13408817_starter,2,5.7407407407407405,3.8024039268493652
thread_13408986_starter,3,7.111111111111111,6.2303147315979
thread_13409606_starter,2,6.533699526118942,7.951291561126709
thread_13411628_starter,4,4.7407407407407405,4.175232887268066
thread_13414985_starter,1,4.202504980223004,3.549675464630127
thread_13418141_starter,2,6.533699526118942,6.148036003112793
thread_13420174_starter,4,7.0,6.1922197341918945
thread_13421264_starter,2,1.871310434327066,2.6759018898010254
thread_13431603_starter,1,4.202504980223004,5.546060562133789
thread_13437258_starter,4,6.111111111111111,8.057666778564453
thread_13438150_starter,3,6.0,5.576481819152832
thread_13452247_starter,1,7.310764374750923,6.623054027557373
thread_13459776_starter,4,4.979569828854984,6.705315113067627
thread_13467002_starter,4,7.310764374750923,6.073976993560791
thread_13473460_starter,4,6.533699526118942,4.7597432136535645
thread_13478193_starter,1,4.851851851851851,4.853516578674316
thread_13486505_starter,2,4.202504980223004,6.337934970855713
thread_13489381_starter,4,6.533699526118942,7.072824478149414
thread_13504806_starter,3,1.0,1.3728227615356445
thread_13505236_starter,1,6.533699526118942,6.505788326263428
thread_13509923_starter,2,7.370370370370369,5.797205924987793
thread_13512626_starter,4,6.533699526118942,7.557354927062988
thread_13523002_starter,4,4.0,6.865994930267334
thread_13540922_starter,3,4.202504980223004,1.9071826934814453
thread_13552822_starter,2,7.111111111111111,6.357710838317871
thread_13557048_starter,4,4.979569828854984,6.296420097351074
thread_13565923_starter,4,2.3703703703703702,1.8962483406066895
thread_13578285_starter,1,4.7407407407407405,4.9791646003723145
thread_13602884_starter,1,6.533699526118942,7.49834680557251
thread_13610137_starter,4,4.0,5.829318046569824
thread_13611517_starter,3,6.533699526118942,6.976264476776123
thread_13621306_starter,2,4.202504980223004,5.7711567878723145
thread_13622633_starter,1,4.979569828854984,5.586929798126221
thread_13631552_starter,2,7.310764374750923,7.893059730529785
thread_13648135_starter,0,6.370370370370369,7.320148468017578
thread_13649585_starter,3,4.979569828854984,4.55937385559082
thread_13658744_starter,0,6.0,3.814103126525879
thread_13661129_starter,3,1.871310434327066,3.9144959449768066
thread_13681327_starter,0,6.533699526118942,6.183671951293945
thread_13687761_starter,3,1.0942455856950868,1.1712207794189453
thread_13688728_starter,2,6.111111111111111,6.619095802307129
thread_13705206_starter,3,3.425440131591025,4.542764186859131
thread_13709651_starter,1,5.7566346774869634,6.6053948402404785
thread_13712193_starter,2,5.37037037037037,7.497565269470215
thread_13738914_starter,2,8.11111111111111,8.227006912231445
thread_13758742_starter,0,7.111111111111111,6.821813583374023
thread_13767873_starter,2,6.533699526118942,5.694220542907715
thread_13768670_starter,4,4.259259259259259,3.9220848083496094
thread_13784977_starter,0,5.7566346774869634,5.475842475891113
thread_13790145_starter,0,5.7566346774869634,6.955617427825928
thread_13792458_starter,0,5.481481481481481,5.791651725769043
thread_13794375_starter,4,8.0878292233829,8.221138000488281
thread_13795820_starter,0,7.310764374750923,7.0921244621276855
thread_13799384_starter,3,4.37037037037037,6.568308353424072
thread_13809168_starter,4,7.310764374750923,6.702508449554443
thread_13816473_starter,4,4.37037037037037,6.5710601806640625
thread_13825421_starter,2,6.533699526118942,6.818321228027344
thread_13861438_starter,4,3.425440131591025,2.5726065635681152
thread_13861545_starter,1,3.0,5.122777462005615
thread_13874574_starter,0,4.979569828854984,5.084222793579102
thread_13877273_starter,3,5.7566346774869634,3.756965398788452
thread_13878785_starter,1,1.3703703703703702,1.3413987159729004
thread_13884102_starter,3,3.425440131591025,2.378171920776367
thread_13885557_starter,4,4.0,4.9034318923950195
thread_13907333_starter,1,3.425440131591025,3.055365562438965
thread_13916879_starter,2,6.0,5.077919960021973
thread_13917281_starter,3,5.7566346774869634,5.922810077667236
thread_13919253_starter,3,1.0942455856950868,3.4976370334625244
thread_13924111_starter,0,4.202504980223004,5.214587211608887
thread_13929251_starter,2,5.7566346774869634,7.4687604904174805
thread_13943957_starter,1,8.37037037037037,8.016379356384277
thread_13950623_starter,0,2.7407407407407405,4.464468955993652
thread_13953294_starter,2,6.533699526118942,6.764832496643066
thread_13961737_starter,1,4.202504980223004,5.659500598907471
thread_13975775_starter,1,5.7566346774869634,7.035872459411621
thread_13998018_رز_بنفش_1403/04/15 09:45,1,1.0,1.7784974575042725
thread_14001705_starter,4,5.7566346774869634,7.250932693481445
thread_14025896_starter,0,3.425440131591025,5.148907661437988
thread_14030200_starter,0,5.999999999999999,6.915565013885498
thread_14032585_starter,0,5.7407407407407405,7.218782424926758
thread_14033856_starter,0,3.425440131591025,3.4236862659454346
thread_14050705_starter,3,2.7407407407407405,4.933985233306885
thread_14051391_starter,4,6.533699526118942,5.954967021942139
thread_14057157_starter,4,6.533699526118942,8.291828155517578
thread_14073161_starter,2,1.0942455856950868,1.2251074314117432
thread_14074444_starter,0,6.533699526118942,7.8422532081604
thread_14084967_starter,2,7.310764374750923,7.992475986480713
thread_14086391_starter,4,10.0,8.187261581420898
thread_14101047_starter,0,4.979569828854984,2.2211458683013916
thread_14111870_starter,1,5.0,4.838447570800781
thread_14116034_starter,0,4.37037037037037,5.6874847412109375
thread_14116984_starter,1,6.0,6.5258989334106445
thread_14122377_starter,2,3.6296296296296298,5.355118274688721
thread_14123256_starter,0,1.7407407407407407,1.8276116847991943
thread_14136554_starter,3,4.979569828854984,6.274838924407959
thread_14147541_starter,4,7.0,6.397994518280029
thread_14156597_starter,3,3.3703703703703702,2.5225682258605957
thread_14172599_starter,1,6.533699526118942,6.920126438140869
thread_14175165_starter,2,7.0,7.664724349975586
thread_14183128_starter,2,5.999999999999999,7.514949798583984
thread_14188064_starter,2,7.111111111111111,7.029587745666504
thread_14190792_starter,1,5.0,3.7235748767852783
thread_14199169_starter,1,4.202504980223004,3.803988456726074
thread_14202403_starter,1,3.3703703703703702,4.349128246307373
thread_14239168_starter,3,3.425440131591025,2.790024757385254
thread_14241794_starter,3,3.425440131591025,5.299527645111084
thread_14246904_starter,3,6.533699526118942,6.214919567108154
thread_14259883_starter,4,4.979569828854984,7.273490905761719
thread_14260097_starter,4,2.3703703703703702,4.528261661529541
thread_14266145_starter,3,1.871310434327066,1.9718189239501953
thread_14268488_starter,2,3.111111111111111,7.264059066772461
thread_14274029_starter,0,1.871310434327066,1.110216498374939
thread_14279072_starter,2,5.7566346774869634,6.744123935699463
thread_14279309_starter,4,6.7407407407407405,5.740136623382568
thread_14280070_starter,4,8.74074074074074,6.97416877746582
thread_14282120_starter,2,4.979569828854984,6.604041576385498
thread_14284258_starter,3,5.7407407407407405,5.777196407318115
thread_14285147_starter,4,5.37037037037037,3.1023948192596436
thread_14286727_starter,1,8.37037037037037,8.074975967407227
thread_14291285_starter,1,5.37037037037037,6.510828018188477
thread_14306709_starter,0,5.7407407407407405,6.680974960327148
thread_14312546_starter,4,4.111111111111111,3.349412441253662
thread_14330545_starter,1,2.0,4.760500907897949
thread_14336386_starter,0,3.425440131591025,5.298754692077637
thread_14343479_starter,4,5.7566346774869634,3.738217353820801
thread_14344920_starter,3,8.0,5.588306427001953
thread_14347802_starter,2,7.370370370370369,6.605986595153809
thread_14348409_starter,1,5.7566346774869634,5.807494640350342
thread_14350740_starter,3,4.0,5.35082483291626
thread_14374371_starter,1,8.999999999999998,7.9816389083862305
thread_14387695_starter,1,4.979569828854984,6.272677898406982
thread_14391419_mahshar666_1403/06/09 03:30,3,2.3703703703703702,3.054208278656006
thread_14406030_starter,1,7.74074074074074,7.467375755310059
thread_14406341_starter,0,6.533699526118942,7.703524589538574
thread_14408505__stella__1403/06/11 11:45,4,2.7407407407407405,2.959299087524414
thread_14412953_starter,2,5.111111111111111,5.656949043273926
thread_14415787_starter,4,6.481481481481481,6.624575614929199
thread_14421126_starter,3,5.0,3.9590444564819336
thread_14430366_starter,3,2.3703703703703702,4.990558624267578
thread_14441712_starter,2,3.740740740740741,5.061796188354492
thread_14448586_starter,3,3.425440131591025,4.546209335327148
thread_14450109_starter,0,5.7566346774869634,5.096348762512207
thread_14455660_starter,2,6.0,1.8478566408157349
thread_14460512_starter,2,3.0,6.158746719360352
thread_14467942_starter,2,8.37037037037037,7.634511947631836
thread_14473274_starter,1,5.7566346774869634,6.732296466827393
thread_14476868_starter,4,1.0942455856950868,0.8298178315162659
thread_14479280_starter,2,4.979569828854984,5.749189376831055
thread_14487444_starter,2,1.871310434327066,2.536609649658203
thread_14488234_starter,3,5.111111111111111,5.101880073547363
thread_14489390_starter,2,5.7566346774869634,5.257440567016602
thread_14493340_starter,3,3.425440131591025,2.542677640914917
thread_14495712_starter,2,6.370370370370369,6.600614070892334
thread_14501261_starter,2,6.533699526118942,5.682705879211426
thread_14503463_starter,0,4.0,3.954679489135742
thread_14508573_starter,0,4.979569828854984,6.804479122161865
thread_14509584_starter,3,3.425440131591025,1.8867623805999756
thread_14512506_starter,3,6.533699526118942,5.1947197914123535
thread_14519323_starter,1,5.7566346774869634,6.6010260581970215
thread_14528072_starter,2,6.7407407407407405,7.973268985748291
thread_14536564_starter,0,5.7566346774869634,3.0217013359069824
thread_14538567_starter,4,3.425440131591025,5.557415962219238
thread_14540540_starter,0,3.425440131591025,1.8147631883621216
thread_14554560_starter,2,5.7566346774869634,5.049778938293457
thread_14558422_starter,1,6.111111111111111,6.024843692779541
thread_14568401_starter,2,4.37037037037037,4.645709991455078
thread_14569073_starter,2,5.37037037037037,5.210205078125
thread_14574678_starter,2,4.202504980223004,4.645709991455078
thread_14581489_starter,0,4.979569828854984,4.222061634063721
thread_14585161_starter,4,1.0942455856950868,1.3472576141357422
thread_14611290_starter,4,7.310764374750923,7.804378986358643
thread_14635054_starter,2,5.999999999999999,6.979222297668457
thread_14635132_starter,0,5.7566346774869634,5.723604679107666
thread_14644222_starter,0,1.3703703703703702,2.370645761489868
thread_14648650_starter,1,6.533699526118942,4.877710819244385
thread_14651105_starter,0,2.6296296296296293,4.425875663757324
thread_14652770_starter,1,1.871310434327066,5.949152946472168
thread_14652896_starter,1,1.0942455856950868,5.9581618309021
thread_14662143_starter,1,5.37037037037037,4.576797962188721
thread_14662777_starter,1,8.37037037037037,8.0908842086792
thread_14667007_starter,3,4.979569828854984,5.541426181793213
thread_14671762_starter,3,3.425440131591025,5.443856716156006
thread_14678485_starter,3,3.425440131591025,3.6988425254821777
thread_14683643_starter,2,4.0,3.6610116958618164
thread_14692231_starter,3,4.202504980223004,2.3946685791015625
thread_14694249_starter,2,5.7407407407407405,6.908733367919922
thread_14704069_starter,1,4.7407407407407405,7.129054546356201
thread_14710991_starter,4,6.629629629629629,6.346023082733154
thread_14715194_starter,2,4.202504980223004,6.6753997802734375
thread_14718368_starter,4,5.481481481481481,6.400801658630371
thread_14722033_starter,2,8.0878292233829,7.491608619689941
thread_14752993_starter,3,5.7566346774869634,4.381589412689209
thread_14761518_starter,0,8.74074074074074,8.192145347595215
thread_14768783_starter,0,6.533699526118942,5.6302690505981445
thread_14770123_starter,4,1.0942455856950868,1.4102429151535034
thread_14770187_starter,4,5.7566346774869634,5.582218647003174
thread_14798965_starter,1,1.0942455856950868,2.753370523452759
thread_14801223_starter,1,3.425440131591025,5.2474045753479
thread_14802157_starter,2,4.979569828854984,6.629226207733154
thread_14804782_starter,1,7.0,5.778697490692139
thread_14808080_starter,4,5.999999999999999,4.843963146209717
thread_14816405_starter,0,3.4814814814814814,2.702538251876831
thread_14819825_starter,2,5.7566346774869634,7.397027969360352
thread_14820613_starter,4,1.0,1.5730009078979492
thread_14821550_starter,1,5.7566346774869634,6.442442417144775
thread_14822993_starter,1,4.37037037037037,5.148463726043701
thread_14826441_starter,2,6.7407407407407405,4.370780944824219
thread_14831228_starter,0,6.481481481481481,4.653610706329346
thread_14835631_starter,0,4.7407407407407405,4.1637983322143555
thread_14844287_starter,3,5.7407407407407405,3.527862548828125
thread_14846163_starter,0,5.37037037037037,4.959689140319824
thread_14848107_starter,0,4.979569828854984,6.616932392120361
thread_14851435_starter,1,2.648375282959045,3.9817612171173096
thread_14859600_starter,0,6.0,7.787933826446533
thread_14860315_starter,2,6.533699526118942,7.511716842651367
thread_14863337_starter,2,5.0,3.7176733016967773
thread_14883164_starter,3,3.3703703703703702,2.968390464782715
thread_14902370_starter,0,5.111111111111111,4.059877395629883
thread_14903020_starter,2,7.74074074074074,7.428788185119629
thread_14919753_starter,1,7.0,6.3349385261535645
thread_14921397_starter,2,7.310764374750923,5.756645679473877
thread_14928367_starter,2,4.37037037037037,4.048084259033203
thread_14932161_starter,4,4.979569828854984,6.817756175994873
thread_14936228_starter,2,3.0,7.140993118286133
thread_14941512_starter,3,6.533699526118942,7.054953098297119
thread_14951347_starter,1,5.7566346774869634,6.703703880310059
thread_14955659_starter,2,8.0878292233829,7.309768199920654
thread_14967261_starter,4,6.481481481481481,7.843560218811035
thread_14967521_starter,2,4.7407407407407405,3.606180429458618
thread_14998331_starter,0,6.0,5.556327819824219
thread_15002430_starter,1,1.871310434327066,4.118349552154541
thread_15011633_starter,4,8.0878292233829,8.20071792602539
thread_15030375_starter,1,5.0,4.24596643447876
thread_15039699_starter,3,7.310764374750923,7.61383581161499
thread_15042181_starter,1,5.111111111111111,7.753116130828857
thread_15063413_starter,4,5.999999999999999,4.84848690032959
thread_15080258_starter,4,1.0942455856950868,1.8509464263916016
thread_15083603_starter,3,7.310764374750923,8.116911888122559
thread_15084278_starter,0,1.0942455856950868,1.3850693702697754
thread_15087169_starter,1,3.0,4.406055450439453
thread_15089633_starter,2,6.533699526118942,6.105878829956055
thread_15089875_starter,1,4.0,4.432168483734131
thread_15109261_starter,4,3.740740740740741,3.163414716720581
thread_15111010_starter,0,4.111111111111111,4.763781547546387
thread_15112662_starter,2,4.979569828854984,6.237016677856445
thread_15121481_starter,2,1.0,2.897310256958008
thread_15128442_starter,0,8.74074074074074,7.968353271484375
thread_15133349_starter,1,7.310764374750923,7.889094352722168
thread_15148253_starter,3,7.310764374750923,7.7048163414001465
thread_15151230_starter,4,2.648375282959045,5.502044677734375
thread_15152301_starter,2,4.979569828854984,2.902148485183716
thread_15155765_starter,4,2.648375282959045,4.130832672119141
thread_15171260_starter,3,4.111111111111111,4.503517150878906
thread_15172215_starter,0,4.202504980223004,3.1636476516723633
thread_15177316_starter,3,5.7566346774869634,4.946218013763428
thread_15183213_starter,1,5.7407407407407405,7.731642723083496
thread_15184771_starter,1,4.979569828854984,5.292206764221191
thread_15186766_starter,2,4.37037037037037,4.6302032470703125
thread_15190001_starter,1,3.0,4.393796920776367
thread_15195485_starter,0,7.310764374750923,7.427777290344238
thread_15209699_starter,4,4.979569828854984,5.896376609802246
thread_15213489_starter,4,6.0,7.511856555938721
thread_15221409_starter,0,8.999999999999998,7.96342134475708
thread_15243272_starter,3,5.7566346774869634,6.355630874633789
thread_15246176_starter,2,4.979569828854984,4.9402618408203125
thread_15250810_starter,0,8.37037037037037,7.554656028747559
thread_15265941_starter,0,7.310764374750923,7.981765270233154
thread_15271286_starter,2,4.481481481481481,7.643453121185303
thread_15284751_starter,0,6.481481481481481,6.497498035430908
thread_15317716_starter,1,3.6296296296296298,2.7479095458984375
thread_15328137_starter,2,4.0,5.300302505493164
thread_15334904_starter,1,5.481481481481481,3.681312322616577
thread_15340992_starter,4,1.871310434327066,3.310910224914551
thread_15343421_starter,1,7.310764374750923,6.684352397918701
thread_15361591_starter,3,7.370370370370369,6.261947154998779
thread_15361633_starter,4,3.425440131591025,2.9534807205200195
thread_15363698_starter,1,4.62962962962963,6.947918891906738
thread_15366720_starter,2,4.202504980223004,5.131411552429199
thread_15375726_starter,2,5.7566346774869634,4.431497097015381
thread_15380973_starter,3,1.3703703703703702,1.099353313446045
thread_15407174_starter,0,5.37037037037037,7.3818278312683105
thread_15409437_starter,3,4.979569828854984,3.431161403656006
thread_15409968_starter,3,7.310764374750923,6.812380313873291
thread_15414641_starter,3,5.37037037037037,2.9186172485351562
thread_15434157_starter,1,4.202504980223004,4.836219310760498
thread_15445133_starter,0,4.7407407407407405,5.676504611968994
thread_15461741_starter,1,8.74074074074074,6.816312313079834
thread_15480139_starter,3,4.202504980223004,5.418102741241455
thread_15488247_starter,0,5.37037037037037,5.583226680755615
thread_15496846_starter,0,4.0,3.842022657394409
thread_15506923_starter,2,4.202504980223004,6.843979835510254
thread_15506959_starter,2,2.0,1.6882736682891846
thread_15516515_starter,4,5.0,3.819218873977661
thread_15519911_starter,1,5.7566346774869634,6.483932971954346
thread_15526324_starter,2,4.979569828854984,5.571920394897461
thread_15527747_starter,3,6.111111111111111,5.42460823059082
thread_15536159_starter,4,6.0,4.447391986846924
thread_15538669_starter,2,2.648375282959045,4.38661527633667
thread_15544453_starter,2,3.740740740740741,4.6108551025390625
thread_15552012_starter,3,5.7566346774869634,6.809821605682373
thread_15563085_starter,0,6.0,6.496540069580078
thread_15567623_starter,2,7.0,7.082576751708984
thread_15569844_starter,2,2.0,5.627786159515381
thread_15575708_starter,3,4.111111111111111,6.163218021392822
thread_15578009_starter,1,1.871310434327066,1.3360875844955444
thread_15580398_starter,0,5.0,4.370596885681152
thread_15580518_starter,1,4.979569828854984,5.5815558433532715
thread_15586951_starter,4,4.979569828854984,5.897634506225586
thread_15589360_starter,1,5.7566346774869634,6.118725299835205
thread_15605316_starter,1,7.310764374750923,6.9147210121154785
thread_15612292_starter,4,1.871310434327066,2.271883487701416
thread_15616356_starter,4,5.7566346774869634,7.460527420043945
thread_15618892_starter,1,4.202504980223004,3.7179367542266846
thread_15622947_starter,1,5.7407407407407405,6.553070545196533
thread_15631677_starter,0,6.533699526118942,6.648459434509277
thread_15633220_starter,4,9.0,6.446544647216797
thread_15637066_starter,1,5.7566346774869634,7.685216426849365
thread_15650564_starter,4,7.74074074074074,6.913493633270264
thread_15671111_starter,2,2.0,2.411740303039551
thread_15677024_starter,1,4.979569828854984,5.66343879699707
thread_15684453_starter,3,5.851851851851852,5.803868770599365
thread_15697127_starter,4,6.533699526118942,5.161426544189453
thread_15698699_starter,0,1.0942455856950868,1.6538808345794678
thread_15701732_starter,4,1.3703703703703702,2.2117669582366943
thread_15711932_starter,3,7.0,7.1646037101745605
thread_15720488_starter,2,6.533699526118942,7.456899166107178
thread_15734085_starter,2,1.871310434327066,1.9226181507110596
thread_15738399_starter,3,2.3703703703703702,4.113973140716553
thread_15745888_starter,2,3.425440131591025,4.219127655029297
thread_15749264_starter,3,6.111111111111111,4.594683647155762
thread_15761768_starter,3,4.111111111111111,4.2112135887146
thread_15776780_starter,0,4.37037037037037,3.8197004795074463
thread_15779042_starter,1,4.979569828854984,4.646326541900635
thread_15784692_starter,4,7.74074074074074,8.09689712524414
thread_15792508_starter,1,7.74074074074074,8.1149320602417
thread_15830721_starter,2,3.425440131591025,5.113729476928711
thread_15832348_starter,3,3.740740740740741,2.734818696975708
thread_15832766_starter,3,1.0942455856950868,3.147186279296875
thread_15839395_starter,4,5.0,5.197080612182617
thread_15842338_starter,4,6.111111111111111,6.903572082519531
thread_15844616_starter,3,1.3703703703703702,3.387266159057617
thread_15849308_starter,1,9.0,7.681461811065674
thread_15849913_starter,4,4.979569828854984,6.717258453369141
thread_15851205_starter,3,7.370370370370369,5.878039836883545
thread_15853695_starter,4,4.202504980223004,5.046786785125732
thread_15857281_starter,0,4.37037037037037,4.294922828674316
thread_15861502_starter,0,2.259259259259259,1.1903913021087646
thread_15862474_starter,0,4.0,4.4167070388793945
thread_15871327_starter,2,6.0,5.291302680969238
thread_15874157_starter,4,5.7566346774869634,5.710817337036133
thread_15883052_مرمرم_1404/01/10 12:13,1,1.0,1.1145554780960083
thread_15885938_starter,3,8.11111111111111,8.37431812286377
thread_15897989_starter,2,1.871310434327066,1.592692255973816
thread_15902238_starter,3,4.979569828854984,3.523383140563965
thread_15903584_starter,1,6.533699526118942,5.526604175567627
thread_15908225_starter,4,7.0,6.582122325897217
thread_15923125_starter,1,1.3703703703703702,1.4708445072174072
thread_15925701_starter,0,2.3703703703703702,3.259521484375
thread_15936173_starter,2,6.533699526118942,7.093029975891113
thread_15938609_starter,4,5.7566346774869634,6.876006126403809
thread_15938999_starter,1,2.7407407407407405,2.1594998836517334
thread_15939513_starter,2,7.370370370370369,7.319059371948242
thread_15940137_mosvi_1404/01/18 20:18,2,1.0942455856950868,2.065645694732666
thread_15944050_starter,1,2.6296296296296293,1.179046392440796
thread_15954402_starter,1,5.7407407407407405,4.262237071990967
thread_15972289_starter,4,7.310764374750923,6.31544828414917
thread_15975147_starter,4,6.481481481481481,7.569427013397217
thread_15978778_starter,3,6.533699526118942,5.166929721832275
thread_15992913_jani396_1404/01/26 08:47,0,1.0942455856950868,1.3864219188690186
thread_15995528_starter,4,4.202504980223004,4.120665073394775
thread_15999387_starter,1,4.202504980223004,4.449429035186768
thread_15999404_starter,1,3.425440131591025,4.449429035186768
thread_16000404_starter,3,4.202504980223004,6.054131031036377
thread_16003885_starter,4,4.979569828854984,4.884966850280762
thread_16026496_starter,2,4.111111111111111,7.085323333740234
thread_16026811_starter,2,6.7407407407407405,6.580706596374512
thread_16031006_starter,4,6.7407407407407405,7.7470011711120605
thread_16034429_starter,4,6.533699526118942,7.263075828552246
thread_16035845_starter,0,2.6296296296296293,3.119875907897949
thread_16036280_starter,0,5.111111111111111,5.223660945892334
thread_16042670_starter,1,5.7566346774869634,3.804717540740967
thread_16050297_starter,1,4.7407407407407405,4.524293899536133
thread_16053482_starter,4,8.37037037037037,8.221674919128418
thread_16064900_starter,1,2.3703703703703702,4.305613040924072
thread_16064919_starter,0,4.979569828854984,5.925636291503906
thread_16071629_starter,3,6.0,7.152996063232422
thread_16076340_starter,0,4.202504980223004,3.4365286827087402
thread_16084658_starter,1,7.0,3.8717334270477295
thread_16088499_starter,3,3.425440131591025,3.7043795585632324
thread_16092036_starter,2,6.111111111111111,7.107263088226318
thread_16093272_starter,2,4.979569828854984,6.747516632080078
thread_16093555_starter,4,3.3703703703703702,6.1531524658203125
thread_16095364_starter,4,5.7566346774869634,6.692011833190918
thread_16098028_starter,4,6.370370370370369,6.2496209144592285
thread_16098136_starter,1,4.979569828854984,5.1870574951171875
thread_16102378_starter,0,5.7407407407407405,6.186978340148926
thread_16105928_starter,1,4.202504980223004,4.333816051483154
thread_16108558_starter,3,7.0,8.007378578186035
thread_16111913_starter,4,3.111111111111111,2.883296251296997
thread_16112035_starter,3,4.202504980223004,5.033265113830566
thread_16113514_starter,0,9.370370370370368,7.567481517791748
thread_16130107_starter,4,5.7566346774869634,6.048728942871094
thread_16141725_starter,1,1.871310434327066,5.47259521484375
thread_16144796_starter,2,1.871310434327066,2.4268667697906494
thread_16151654_starter,1,6.0,6.229803562164307
thread_16155682_starter,1,4.979569828854984,6.132028102874756
thread_16157985_starter,2,7.74074074074074,7.4149675369262695
thread_16163229_starter,3,6.533699526118942,6.228307247161865
thread_16169469_starter,3,7.111111111111111,7.432969570159912
thread_16169689_starter,2,7.310764374750923,7.84107780456543
thread_16174801_starter,4,6.533699526118942,5.499553203582764
thread_16175210_starter,0,5.7566346774869634,5.721349716186523
thread_16176399_starter,1,3.425440131591025,4.068158149719238
thread_16176651_starter,0,5.7566346774869634,5.817325592041016
thread_16181052_starter,1,4.202504980223004,5.323286056518555
thread_16189089_starter,1,1.871310434327066,5.607125759124756
thread_16189574_starter,3,7.310764374750923,8.139178276062012
thread_16197390_starter,3,4.202504980223004,2.688264846801758
thread_16198400_starter,0,4.7407407407407405,5.717707633972168
thread_16201409_starter,2,4.979569828854984,5.805854797363281
thread_16203262_starter,0,4.7407407407407405,6.050405025482178
thread_16215830_starter,3,1.0942455856950868,2.229074001312256
thread_16237920_starter,3,5.7566346774869634,5.5646891593933105
thread_16237925_starter,3,5.7566346774869634,5.5646891593933105
thread_16239697_starter,4,1.0942455856950868,1.7410260438919067
thread_16245654_starter,2,6.533699526118942,5.837873458862305
thread_16251717_starter,2,1.0,2.0851008892059326
thread_16253599_starter,2,5.7566346774869634,6.129021644592285
thread_16262030_starter,0,5.0,3.2781014442443848
thread_16263099_starter,0,6.0,5.950690269470215
thread_16272870_starter,0,4.202504980223004,5.070313930511475
thread_16278250_starter,3,7.310764374750923,7.216379165649414
thread_16289345_starter,0,6.533699526118942,5.024735450744629
thread_16292255_starter,0,4.202504980223004,6.808416366577148
thread_16293089_starter,0,7.310764374750923,5.201786041259766
thread_16295930_starter,0,8.0878292233829,8.270747184753418
thread_16297414_starter,3,3.0,3.8107566833496094
thread_16300821_starter,2,7.111111111111111,7.638339042663574
thread_16302658_starter,3,7.74074074074074,7.73872709274292
thread_16303045_starter,2,1.0942455856950868,0.9492146372795105
thread_16308743_starter,0,1.871310434327066,2.639465808868408
thread_16311060_starter,0,1.0942455856950868,2.7486488819122314
thread_16318303_starter,1,4.202504980223004,3.4272539615631104
thread_16319845_starter,1,6.533699526118942,7.0418782234191895
thread_16321538_starter,4,7.310764374750923,7.332931041717529
thread_16328855_starter,1,4.979569828854984,5.125255584716797
thread_16334573_starter,4,1.871310434327066,1.3005238771438599
thread_16344874_starter,0,4.979569828854984,6.193889141082764
thread_16345478_starter,0,6.111111111111111,4.935815811157227
thread_16356977_starter,0,5.7566346774869634,4.799615383148193
thread_16376681_starter,4,7.0,6.6297607421875
thread_16379824_starter,0,8.0878292233829,8.060754776000977
thread_16383563_starter,0,8.0,6.161066055297852
thread_16387430_starter,0,7.370370370370369,7.194538593292236
thread_16388618_starter,3,8.0,6.251776218414307
thread_16392413_starter,0,6.7407407407407405,7.856105327606201
thread_16395518_behnam_59_1404/03/30 11:41,2,2.6296296296296293,3.667853832244873
thread_16396195_starter,0,2.648375282959045,5.492606163024902
thread_16400321_starter,3,4.979569828854984,7.048330307006836
thread_16407264_starter,4,3.3703703703703702,6.94566535949707
thread_16416779_starter,2,1.0,1.8498201370239258
thread_16417661_starter,4,3.425440131591025,6.088303565979004
thread_16418751_starter,4,7.370370370370369,4.640827178955078
thread_16420108_starter,4,5.7566346774869634,6.72136116027832
thread_16420723_starter,4,8.0,7.999713897705078
thread_16424178_starter,0,3.0,4.190610885620117
thread_16430418_starter,0,5.7566346774869634,6.794449329376221
thread_16431277_starter,0,1.0,1.719779133796692
thread_16439269_starter,0,4.202504980223004,4.6193647384643555
thread_16446104_starter,4,4.979569828854984,3.3484010696411133
thread_16447571_starter,0,3.0,3.890104055404663
thread_16453516_starter,4,6.533699526118942,7.8101911544799805
thread_16455691_starter,3,5.37037037037037,6.315165996551514
thread_16457132_starter,2,5.37037037037037,4.5224409103393555
thread_16459599_starter,0,4.0,3.999692678451538
thread_16462609_starter,1,4.202504980223004,4.562930583953857
thread_16462737_starter,1,5.37037037037037,5.170212268829346
thread_16463381_starter,1,8.0,4.5399651527404785
thread_16476188_مامان_دهه_هفتادی_1404/04/12 11:33,1,1.0,2.396298885345459
thread_16479773_بانوی،ایرانی_1404/04/12 21:38,0,1.871310434327066,1.3014869689941406
thread_16479773_مامانبرقی_1404/04/12 21:38,0,1.0,0.8581057786941528
thread_16483428_starter,3,2.7407407407407405,2.612762451171875
thread_16485128_starter,0,8.74074074074074,6.428668975830078
thread_16508756_starter,1,4.202504980223004,3.4695637226104736
thread_16509795_starter,0,3.425440131591025,2.4267544746398926
thread_16510280_starter,1,4.7407407407407405,4.648592472076416
thread_16522195_starter,2,8.37037037037037,8.243890762329102
thread_16524989_starter,3,1.0,1.2255504131317139
thread_16528408_starter,3,1.0,0.6376945376396179
thread_16533974_starter,0,2.648375282959045,4.410064697265625
thread_16537546_starter,2,6.533699526118942,6.483129024505615
thread_16537825_starter,3,7.74074074074074,7.571892261505127
thread_16545448_starter,0,6.0,7.396944046020508
thread_16548589_starter,0,2.111111111111111,3.451913356781006
thread_16557934_starter,4,5.7407407407407405,7.389637470245361
thread_16562012_starter,3,6.111111111111111,6.903122901916504
thread_16566952_starter,1,3.0,4.4927520751953125
thread_16571722_starter,0,7.0,7.137362480163574
thread_16576208_starter,4,5.7566346774869634,6.9807891845703125
thread_16576742_starter,2,2.3703703703703702,3.739288806915283
thread_16582544_starter,3,4.7407407407407405,4.337756156921387
thread_16588047_starter,1,1.0942455856950868,1.659840703010559
thread_16590181_starter,4,3.425440131591025,3.3520565032958984
thread_16598160_starter,4,1.7407407407407407,1.9020719528198242
thread_16601366_starter,4,1.871310434327066,1.1397799253463745
thread_16603737_starter,3,3.425440131591025,4.745382308959961
thread_16610836_starter,3,4.202504980223004,4.918503284454346
thread_16611375_starter,3,2.648375282959045,2.434722900390625
thread_16611548_starter,4,6.533699526118942,6.494592189788818
thread_16612778_starter,4,4.979569828854984,3.0402493476867676
thread_16617040_starter,4,7.310764374750923,6.760682106018066
thread_16617776_starter,0,5.7407407407407405,6.505690574645996
thread_16623266_starter,3,6.533699526118942,7.618270397186279
thread_16624448_starter,4,6.0,1.770897626876831
thread_16629578_starter,3,4.202504980223004,3.0490753650665283
thread_16646973_starter,2,4.0,3.2092463970184326
thread_16647431_starter,0,1.0,1.6043081283569336
thread_16663424_starter,0,2.7407407407407405,4.65733003616333
thread_16666595_starter,0,5.7566346774869634,6.293215274810791
thread_16668587_starter,0,7.0,6.233837127685547
thread_16672542_starter,0,5.0,3.7888481616973877
thread_16680789_starter,4,4.979569828854984,5.276367664337158
thread_16685553_starter,2,5.999999999999999,5.319332122802734
thread_16689898_starter,4,2.648375282959045,2.5042572021484375
thread_16698491_starter,2,4.202504980223004,3.614813804626465
thread_16699939_starter,0,5.0,6.263136863708496
thread_16715854_starter,4,5.111111111111111,7.332668304443359
thread_16730803_starter,4,3.3703703703703702,3.4824883937835693
thread_16741859_starter,2,5.7407407407407405,4.956418037414551
thread_16744956_starter,4,7.310764374750923,8.174095153808594
thread_16747183_starter,0,8.74074074074074,7.752616882324219
thread_16749635_starter,3,4.979569828854984,6.373859405517578
thread_16750723_starter,2,1.871310434327066,2.445615530014038
thread_16759143_starter,0,1.0942455856950868,1.6676894426345825
thread_16762249_starter,1,1.0942455856950868,4.030325412750244
thread_16763377_starter,0,5.7566346774869634,4.294784069061279
thread_16768790_starter,0,2.648375282959045,5.3058695793151855
thread_16782826_starter,4,5.0,3.3397674560546875
thread_16784244_starter,2,3.4814814814814814,5.7570576667785645
thread_16789567_starter,0,4.202504980223004,4.853089332580566
thread_16797515_starter,1,1.0,1.249974250793457
thread_16810583_starter,2,4.202504980223004,5.537071228027344
thread_16810736_starter,2,6.533699526118942,6.715569019317627
thread_16810862_starter,4,1.7407407407407407,5.110320091247559
thread_16818818_starter,3,1.0,1.5143303871154785
thread_16822296_starter,4,3.3703703703703702,4.048713684082031
thread_16822596_starter,1,3.3703703703703702,2.472407341003418
thread_16824448_starter,2,7.111111111111111,7.416349411010742
thread_16829760_starter,3,5.7566346774869634,7.3283586502075195
thread_16836204_starter,4,4.37037037037037,3.864168167114258
thread_16837144_starter,1,1.0942455856950868,1.3539836406707764
thread_16840915_starter,1,6.533699526118942,7.086445331573486
thread_16844590_starter,0,5.111111111111111,6.680478096008301
thread_16852577_starter,3,6.7407407407407405,7.167704105377197
thread_16861240_starter,0,4.481481481481481,6.832930088043213
thread_16862535_starter,1,5.111111111111111,2.64288592338562
thread_16863177_starter,1,7.310764374750923,7.505494117736816
thread_16864348_starter,0,5.7566346774869634,6.182563304901123
thread_16866870_starter,0,4.979569828854984,4.973642349243164
thread_16876696_starter,2,4.979569828854984,5.039139747619629
thread_16877614_starter,3,7.0,7.197893142700195
thread_16894277_starter,3,3.425440131591025,4.34320068359375
thread_16902413_starter,0,1.0,2.6844120025634766
thread_16936006_starter,0,5.481481481481481,7.790804862976074
thread_16943508_starter,0,5.7566346774869634,7.151834011077881
thread_16946803_starter,2,4.202504980223004,6.363117694854736
thread_16949850_starter,2,5.999999999999999,6.0280961990356445
thread_16957462_starter,1,4.202504980223004,5.356204032897949
thread_16963527_starter,2,2.0,2.038666248321533
thread_16965234_starter,3,3.425440131591025,3.4324817657470703
thread_16971864_starter,0,5.0,5.167150020599365
thread_16975290_starter,0,6.533699526118942,6.549992561340332
thread_16976209_starter,2,2.3703703703703702,5.979836940765381
thread_17002943_starter,0,4.202504980223004,3.384110927581787
thread_17008672_starter,1,5.7566346774869634,7.263743877410889
thread_17020100_starter,0,7.0,6.125065803527832
thread_17027576_starter,1,6.370370370370369,7.303633213043213
thread_17030125_starter,4,5.37037037037037,5.625023365020752
thread_17031712_starter,0,5.7566346774869634,6.9677534103393555
thread_17041365_starter,2,1.871310434327066,3.9242327213287354
thread_17043563_starter,1,7.310764374750923,7.127823352813721
thread_17051218_starter,1,4.979569828854984,4.558190822601318
thread_17052719_starter,3,5.37037037037037,4.223322868347168
thread_17057384_starter,4,3.0,2.983522415161133
thread_17070067_starter,2,3.425440131591025,3.547253131866455
thread_17082705_starter,1,4.62962962962963,6.1447625160217285
thread_17083432_starter,4,1.0,1.1864111423492432
thread_17092677_starter,2,3.425440131591025,4.195953845977783
thread_17093652_starter,1,8.0,6.146164417266846
thread_17109815_starter,3,1.0,1.7379701137542725
thread_17115722_starter,3,5.0,4.612329959869385
thread_17121649_starter,4,1.0942455856950868,1.2504136562347412
thread_17136656_starter,2,3.6296296296296298,4.490626811981201
thread_17140656_starter,4,3.3703703703703702,4.725264549255371
thread_17140773_starter,0,6.533699526118942,6.837632179260254
thread_17145910_starter,1,6.7407407407407405,7.367403507232666
thread_17150968_starter,3,8.74074074074074,7.653999328613281
thread_17171204_starter,2,3.425440131591025,3.5185983180999756
thread_17174375_starter,2,6.7407407407407405,6.790505409240723
thread_17175184_starter,3,1.871310434327066,4.052260875701904
thread_17183136_starter,4,7.0,5.513376235961914
thread_17193053_starter,2,4.979569828854984,5.283318996429443
thread_17194412_starter,3,4.0,1.8424298763275146
thread_17200995_starter,1,5.7407407407407405,6.769728183746338
thread_17211576_starter,0,5.0,3.6919362545013428
thread_17218284_starter,4,6.533699526118942,7.0923261642456055
thread_17220586_starter,1,1.0942455856950868,2.334921360015869
thread_17222063_starter,1,5.7566346774869634,6.331122398376465
thread_17232189_starter,0,3.425440131591025,4.403277397155762
thread_17238423_starter,1,3.3703703703703702,2.649566650390625
thread_17253815_starter,2,3.425440131591025,2.3790171146392822
thread_17257089_starter,4,3.425440131591025,5.345022201538086
thread_17260088_starter,4,4.202504980223004,5.045147895812988
thread_17260663_starter,1,8.0,7.214295387268066
thread_17264585_starter,0,4.979569828854984,7.760587215423584
thread_17266990_starter,1,7.310764374750923,7.874078750610352
thread_17267936_starter,1,6.0,7.350157737731934
thread_17269841_starter,4,3.740740740740741,4.893816947937012
thread_17272394_starter,0,7.74074074074074,6.065535545349121
thread_17279461_starter,2,4.37037037037037,3.842907428741455
thread_17280421_starter,4,3.425440131591025,3.3742876052856445
thread_17293425_starter,1,4.202504980223004,6.276678562164307
thread_17297575_starter,0,6.0,5.67885684967041
thread_17299325_starter,4,5.7566346774869634,7.033556938171387
thread_17300720_starter,1,2.648375282959045,2.2279441356658936
thread_17310367_starter,3,1.7407407407407407,3.482964038848877
thread_17311620_starter,1,2.648375282959045,3.5446107387542725
thread_17319060_starter,3,7.74074074074074,6.733314037322998
thread_17321332_starter,1,5.111111111111111,5.756807327270508
thread_17321819_starter,1,1.0942455856950868,2.2993388175964355
thread_17327615_starter,1,5.481481481481481,7.372392654418945
thread_17334488_starter,1,5.111111111111111,5.280380725860596
thread_17334683_starter,4,7.310764374750923,7.750599384307861
thread_17338235_starter,1,7.0,5.285694599151611
thread_17338779_starter,4,3.3703703703703702,5.150364875793457
thread_17339756_starter,0,6.533699526118942,6.101496696472168
thread_17342656_starter,4,4.202504980223004,4.805649757385254
thread_17349430_starter,2,3.425440131591025,2.712462902069092
thread_17349734_starter,2,3.3703703703703702,1.9169970750808716
thread_17351135_starter,0,2.111111111111111,1.590287685394287
thread_17353407_starter,1,6.481481481481481,7.955470561981201
thread_17353637_starter,1,1.0942455856950868,1.3682968616485596
thread_17354657_starter,0,4.979569828854984,4.775140285491943
thread_17357376_starter,0,5.7566346774869634,7.167607307434082
thread_17360920_starter,3,1.0942455856950868,0.8000348806381226
thread_17362613_starter,3,7.0,4.722634792327881
thread_17365273_starter,0,1.871310434327066,1.1063740253448486
thread_17375891_starter,2,6.533699526118942,6.5738725662231445
thread_17385384_starter,0,8.74074074074074,7.532118797302246
thread_17387667_starter,0,3.425440131591025,2.708939552307129
thread_17388940_starter,4,6.533699526118942,7.513551712036133
thread_17397394_starter,3,3.3703703703703702,3.9478633403778076
thread_17400696_starter,3,7.0,4.560465335845947
thread_17401588_starter,2,6.370370370370369,6.922321319580078
thread_17408617_starter,4,7.0,6.124727249145508
thread_17409385_starter,4,4.979569828854984,7.016416549682617
thread_17417214_starter,1,4.37037037037037,4.105881214141846
thread_17418531_starter,0,1.871310434327066,4.789182186126709
thread_17419717_starter,4,1.0,4.186650276184082
thread_17431064_starter,1,5.7407407407407405,4.872715473175049
thread_17438084_starter,3,5.7566346774869634,7.391852855682373
thread_17446016_starter,0,5.7566346774869634,4.507324695587158
thread_17447645_starter,1,6.533699526118942,7.8518967628479
thread_17448188_starter,4,4.202504980223004,4.929862022399902
thread_17454787_starter,0,2.648375282959045,2.77833890914917
thread_17454816_starter,1,2.648375282959045,5.331847667694092
thread_17462217_starter,1,5.0,3.494661331176758
thread_17462289_starter,0,5.7566346774869634,5.898164749145508
thread_17463388_starter,0,3.0,3.996232032775879
thread_17463958_starter,0,5.7566346774869634,6.776238441467285
thread_17464743_starter,3,6.0,5.773292064666748
thread_17466649_starter,0,7.0,4.2220611572265625
thread_17466749_starter,4,3.425440131591025,5.482049942016602
thread_17467183_starter,3,4.111111111111111,3.5565059185028076
thread_17474264_starter,0,6.0,6.753880977630615
thread_17475934_starter,0,8.0878292233829,6.913633346557617
thread_17477702_starter,0,2.648375282959045,3.390226364135742
thread_17478052_starter,2,4.979569828854984,6.34738826751709
thread_17479236_starter,0,6.0,6.379283905029297
thread_17481156_starter,1,6.533699526118942,7.453400135040283
thread_17481838_starter,2,7.111111111111111,6.67247200012207
thread_17485268_starter,0,5.7407407407407405,7.708276271820068
thread_17486203_starter,2,6.111111111111111,6.634468078613281
thread_17488179_starter,4,7.74074074074074,7.954350471496582
thread_17488300_starter,0,4.979569828854984,5.575132369995117
thread_17495869_starter,3,7.0,5.081533908843994
thread_17496131_starter,1,7.310764374750923,7.775237560272217
thread_17498121_starter,3,5.7566346774869634,6.596357822418213
thread_17502823_starter,4,5.0,3.3503925800323486
thread_17502985_starter,2,5.7566346774869634,5.975865364074707
thread_17503602_starter,1,7.111111111111111,6.555924892425537
thread_17504974_starter,0,1.0,1.1912431716918945
thread_17506983_starter,3,4.202504980223004,4.471643924713135
thread_17510600_starter,1,2.3703703703703702,2.29599666595459
thread_17511477_starter,2,1.0942455856950868,4.685460090637207
thread_17521535_starter,2,7.310764374750923,8.115728378295898
thread_17522883_starter,4,2.648375282959045,6.029201030731201
thread_17525260_starter,0,1.871310434327066,3.4217820167541504
thread_17531095_starter,2,3.425440131591025,3.798923969268799
thread_17533093_starter,3,1.7407407407407407,1.2592331171035767
thread_17533405_starter,2,3.425440131591025,2.209817886352539
thread_17533618_starter,3,4.202504980223004,5.575647354125977
thread_17534706_starter,3,3.425440131591025,3.3242762088775635
thread_17539498_starter,3,8.11111111111111,7.974520683288574
thread_17541071_starter,3,1.3703703703703702,2.879960775375366
thread_17548253_starter,1,1.0942455856950868,3.4936587810516357
thread_17549852_starter,4,7.370370370370369,6.401923179626465
thread_17551417_starter,0,3.425440131591025,3.605391263961792
thread_17556831_starter,4,6.0,4.641968250274658
thread_17556974_starter,4,3.0,5.3403167724609375
thread_17559745_starter,0,2.648375282959045,4.2212934494018555
thread_17562526_starter,2,8.74074074074074,7.1920623779296875
thread_17564329_starter,2,2.648375282959045,3.3349857330322266
thread_17568041_starter,2,4.202504980223004,5.787240982055664
thread_17569660_starter,1,6.533699526118942,6.034109592437744
thread_17572090_starter,0,4.202504980223004,2.963545799255371
thread_17578136_starter,4,5.7566346774869634,7.150113582611084
thread_17579990_starter,1,2.7407407407407405,4.04469108581543
thread_17583781_starter,3,7.310764374750923,5.94883918762207
thread_17592780_starter,4,1.0,1.2550044059753418
thread_17596461_starter,2,6.533699526118942,5.602622985839844
thread_17599397_starter,0,5.7566346774869634,6.403805255889893
thread_17604946_starter,3,4.979569828854984,4.84915018081665
thread_17606252_starter,4,4.0,5.1155009269714355
thread_17611819_starter,3,5.7407407407407405,5.424631118774414
thread_17612899_starter,2,3.425440131591025,3.8435182571411133
thread_17616852_starter,2,6.0,3.685837984085083
thread_17627299_starter,4,3.425440131591025,5.431615829467773
thread_17627324_starter,0,2.648375282959045,3.3571338653564453
thread_17629509_starter,2,3.425440131591025,2.911733865737915
thread_17636269_starter,4,5.37037037037037,6.684863090515137
thread_17639101_starter,4,6.533699526118942,7.832337379455566
thread_17645973_starter,0,8.0878292233829,2.5558664798736572
thread_17654496_starter,3,3.425440131591025,5.194239616394043
thread_17656048_starter,1,5.111111111111111,5.4283905029296875
thread_17656049_starter,0,1.0942455856950868,1.9972858428955078
thread_17656665_starter,3,2.648375282959045,4.9593939781188965
thread_17659719_starter,1,3.2592592592592595,3.5592424869537354
thread_17665660_starter,0,6.533699526118942,5.00124454498291
thread_17666523_starter,0,4.7407407407407405,5.967191219329834
thread_17667077_starter,3,3.3703703703703702,3.035215139389038
thread_17668132_starter,4,4.202504980223004,3.9549615383148193
thread_17668245_starter,0,6.481481481481481,7.607725143432617
thread_17680065_starter,3,6.370370370370369,4.291178226470947
thread_17680465_starter,1,7.310764374750923,6.959305763244629
thread_17699986_starter,2,5.0,4.763735294342041
thread_17702612_starter,1,4.979569828854984,5.674615859985352
thread_17702649_starter,0,4.979569828854984,7.246458053588867
thread_17703970_starter,0,3.0,3.8592019081115723
thread_17705028_starter,4,5.481481481481481,5.674374580383301
thread_17705262_starter,0,2.648375282959045,1.4928908348083496
thread_17705291_starter,4,4.37037037037037,5.969738960266113
thread_17707547_starter,2,4.202504980223004,4.644121170043945
thread_17709543_starter,1,7.481481481481481,7.350193500518799
thread_17714593_starter,0,2.648375282959045,6.1355204582214355
thread_17716204_starter,2,3.425440131591025,4.194230079650879
thread_17717222_starter,0,3.0,2.9903597831726074
thread_17717493_starter,4,4.202504980223004,5.927021026611328
thread_17728247_starter,1,4.37037037037037,5.0323896408081055
thread_17729109_starter,1,4.202504980223004,3.8618810176849365
thread_17729577_starter,0,1.0,1.136683702468872
thread_17729998_starter,3,7.0,6.82593297958374
thread_17735641_starter,3,1.871310434327066,4.362823963165283
thread_17738682_starter,0,3.425440131591025,5.277649879455566
thread_17740143_starter,3,7.74074074074074,6.145241737365723
thread_17742977_starter,0,2.648375282959045,5.674719333648682
thread_17750155_starter,3,6.370370370370369,5.090424060821533
thread_17752461_starter,0,1.871310434327066,1.9207967519760132
thread_17754234_starter,3,4.979569828854984,5.688897609710693
thread_17758485_starter,1,5.7566346774869634,7.38447904586792
thread_17761584_starter,2,6.7407407407407405,4.905961036682129
thread_17766584_starter,2,1.0942455856950868,1.2051427364349365
thread_17769566_starter,2,1.0,4.019819259643555
thread_17769815_starter,0,4.0,5.123969078063965
thread_17782573_starter,2,6.0,7.9221320152282715
thread_17787743_starter,1,5.7566346774869634,7.163702487945557
thread_17789336_starter,1,5.7566346774869634,6.231046199798584
thread_17790510_starter,4,6.7407407407407405,6.5615997314453125
thread_17792227_starter,0,1.0,1.421267032623291
thread_17798248_starter,3,6.111111111111111,6.211749076843262
thread_17798894_starter,3,3.0,2.2290329933166504
thread_17809622_starter,4,4.202504980223004,1.510831356048584
thread_17811541_starter,3,1.3703703703703702,1.8021329641342163
thread_17812767_starter,3,5.481481481481481,6.719326496124268
thread_17813192_starter,0,4.979569828854984,5.884921073913574
thread_17816976_starter,1,7.310764374750923,7.429128170013428
thread_17817521_starter,4,3.0,2.832526206970215
thread_17822848_starter,1,1.871310434327066,3.499728202819824
thread_17823138_starter,1,2.3703703703703702,2.470409631729126
thread_17823740_starter,1,3.425440131591025,4.936713695526123
thread_17827738_starter,2,4.979569828854984,4.886375427246094
thread_17839978_starter,3,5.7566346774869634,5.498427867889404
thread_17840595_starter,4,1.0,1.2596936225891113
thread_17841121_starter,3,6.111111111111111,6.929323196411133
thread_17843090_starter,3,4.0,2.4585986137390137
thread_17844445_starter,3,3.3703703703703702,2.059854030609131
thread_17848952_starter,0,1.0,1.3544166088104248
thread_17854715_starter,4,6.111111111111111,5.228266716003418
thread_17857094_starter,1,4.202504980223004,4.786985874176025
thread_17858423_starter,0,8.0,5.797876834869385
thread_17864783_starter,3,2.648375282959045,5.293854713439941
thread_17868718_starter,2,6.533699526118942,7.5905890464782715
thread_17870637_starter,1,3.3703703703703702,2.9666874408721924
thread_17872898_starter,4,5.7566346774869634,5.976253032684326
thread_17874008_starter,1,1.871310434327066,2.705496311187744
thread_17874687_starter,4,7.0,6.4572529792785645
thread_17877062_starter,3,8.0,5.654346466064453
thread_17879450_starter,1,5.37037037037037,5.148985862731934
thread_17881755_starter,3,4.979569828854984,3.9352426528930664
thread_17884387_starter,2,5.7566346774869634,5.665553092956543
thread_17884935_starter,1,4.979569828854984,5.825815677642822
thread_17886669_starter,1,4.0,4.165900707244873
thread_17888099_starter,2,4.979569828854984,7.256279945373535
thread_17890361_starter,0,5.7566346774869634,8.016803741455078
thread_17890635_starter,3,4.37037037037037,6.3111419677734375
thread_17891849_starter,1,6.533699526118942,7.579089164733887
thread_17892325_starter,4,1.0942455856950868,1.165936827659607
thread_17897311_starter,4,7.310764374750923,5.815260887145996
thread_17902031_starter,3,5.7566346774869634,6.063780307769775
thread_17902197_starter,4,1.871310434327066,2.6798393726348877
thread_17912536_starter,1,3.425440131591025,4.057445526123047
thread_17914151_starter,2,1.871310434327066,1.6011890172958374
thread_17917179_starter,4,7.310764374750923,6.859350681304932
thread_17918129_starter,4,7.111111111111111,5.087307929992676
thread_17918987_starter,2,5.7566346774869634,5.554725646972656
thread_17920438_starter,3,8.0,6.606700420379639
thread_17920844_starter,0,6.370370370370369,4.109698295593262
thread_17922937_starter,2,6.533699526118942,7.0351972579956055
thread_17925465_starter,2,6.533699526118942,5.696065425872803
thread_17928472_starter,1,7.74074074074074,7.854150295257568
thread_17930297_starter,2,6.0,8.06972885131836
thread_17931047_starter,2,4.202504980223004,3.352492094039917
thread_17937389_starter,1,4.202504980223004,2.1237692832946777
thread_17940385_starter,2,3.6296296296296298,2.9988553524017334
thread_17943587_starter,3,3.425440131591025,3.0945446491241455
thread_17943999_starter,4,5.7566346774869634,6.629373073577881
thread_17945994_starter,0,2.648375282959045,6.119811058044434
thread_17946364_starter,2,3.425440131591025,6.613076686859131
thread_17946495_starter,4,5.7407407407407405,3.7716176509857178
thread_17950084_starter,4,8.37037037037037,8.002685546875
thread_17951622_starter,4,3.425440131591025,4.877353668212891
thread_17956029_starter,0,2.648375282959045,2.2617053985595703
thread_17959744_starter,3,3.425440131591025,3.8888089656829834
thread_17960549_starter,4,3.425440131591025,5.4941606521606445
thread_17962215_starter,2,6.111111111111111,5.128339767456055
thread_17962386_starter,3,3.425440131591025,1.8689725399017334
thread_17963985_starter,4,1.871310434327066,2.196267604827881
thread_17964171_starter,2,2.0,1.414080262184143
thread_17964423_starter,1,7.310764374750923,7.409423351287842
thread_17966299_starter,1,8.11111111111111,8.262680053710938
thread_17968661_starter,0,4.37037037037037,3.5768096446990967
thread_17972671_starter,1,5.7566346774869634,4.125757694244385
thread_17972811_starter,4,5.0,7.15244722366333
thread_17972915_starter,3,7.310764374750923,7.828970432281494
thread_17973162_starter,0,5.0,6.235724925994873
thread_17973652_starter,1,4.0,6.001424312591553
thread_17973744_starter,2,6.0,4.509498596191406
thread_17974402_starter,3,4.202504980223004,5.7670464515686035
thread_17974892_starter,3,7.310764374750923,7.055685997009277
thread_17977029_starter,0,1.871310434327066,1.4122354984283447
thread_17980414_starter,3,5.111111111111111,6.4215874671936035
thread_17981058_starter,1,4.979569828854984,5.916039943695068
thread_17981136_starter,2,2.3703703703703702,1.3867378234863281
thread_17982612_starter,0,1.871310434327066,2.833181142807007
thread_17985794_starter,3,6.533699526118942,5.167210578918457
thread_17986541_starter,4,7.370370370370369,7.647006034851074
thread_17986545_starter,4,1.871310434327066,5.385653972625732
thread_17986579_starter,0,2.648375282959045,4.313467025756836
thread_17986662_starter,1,5.481481481481481,7.398265361785889
thread_17986997_starter,3,1.871310434327066,4.383939743041992
thread_17989073_starter,4,3.4814814814814814,4.479555606842041
thread_17989125_starter,2,2.648375282959045,2.673905611038208
thread_17990019_starter,3,5.7566346774869634,6.655331611633301
thread_17990487_starter,3,1.871310434327066,5.629415035247803
thread_17991409_starter,2,7.310764374750923,6.678039073944092
thread_17991570_starter,1,3.740740740740741,5.733818054199219
thread_17991637_starter,2,7.310764374750923,5.459738731384277
thread_17992241_starter,0,3.425440131591025,2.5726985931396484
thread_17993010_starter,3,2.648375282959045,2.998774528503418
thread_17993895_starter,2,1.871310434327066,6.436180591583252
thread_17997246_starter,3,5.7566346774869634,4.694294452667236
thread_17999676_starter,1,3.0,5.453838348388672
thread_18001047_starter,1,2.648375282959045,6.262885570526123
thread_18002803_starter,3,4.979569828854984,3.3645055294036865
thread_18005594_starter,2,4.37037037037037,4.801581382751465
thread_18006122_starter,4,7.111111111111111,6.978786945343018
thread_18008276_starter,1,4.0,2.989061117172241
thread_18009078_starter,3,4.979569828854984,6.950460910797119
thread_18009386_starter,3,6.111111111111111,3.475067138671875
thread_18010454_starter,3,7.111111111111111,7.317436695098877
thread_18011444_starter,4,5.0,5.724327564239502
thread_18012047_starter,0,4.851851851851851,6.006927490234375
thread_18013565_starter,3,4.979569828854984,4.853466987609863
thread_18016126_starter,1,4.202504980223004,3.873225688934326
thread_18016614_starter,1,6.0,7.454643726348877
thread_18017920_starter,2,3.425440131591025,4.72182035446167
thread_18018715_starter,2,4.0,5.237822532653809
thread_18018902_starter,2,7.310764374750923,7.895647048950195
thread_18019725_starter,0,7.310764374750923,7.543740272521973
thread_18021875_starter,1,1.0942455856950868,0.9523811936378479
thread_18022336_starter,0,4.111111111111111,2.9764857292175293
thread_18022617_starter,4,5.7566346774869634,4.609913349151611
thread_18023581_starter,1,8.37037037037037,7.072526454925537
thread_18024130_starter,1,4.979569828854984,5.100422382354736
thread_18025043_starter,2,7.310764374750923,8.265607833862305
thread_18025318_starter,4,7.111111111111111,5.761707305908203
thread_18027846_starter,3,2.648375282959045,6.466360569000244
thread_18028954_starter,0,4.851851851851851,4.7237372398376465
thread_18031114_starter,4,3.0,3.7540578842163086
thread_18032368_starter,2,4.7407407407407405,6.7504730224609375
thread_18032675_starter,3,1.0942455856950868,1.3533825874328613
thread_18033465_starter,4,6.0,3.076537609100342
thread_18033787_starter,0,4.979569828854984,7.228349208831787
thread_18034586_starter,0,1.0942455856950868,0.9937009811401367
thread_18036092_starter,3,8.0,5.40071964263916
thread_18036316_starter,1,1.871310434327066,5.59164571762085
thread_18036347_starter,1,1.871310434327066,1.7939910888671875
thread_18036897_starter,4,6.370370370370369,7.341048717498779
thread_18038870_starter,0,8.0878292233829,7.494340896606445
thread_18039553_starter,3,3.3703703703703702,4.24485445022583
thread_18039873_starter,0,4.202504980223004,3.969330310821533
thread_18040866_starter,2,7.310764374750923,7.767679214477539
thread_18041098_starter,2,8.0,7.969858169555664
thread_18041515_starter,0,2.0,2.6826467514038086
thread_18041718_starter,3,2.648375282959045,2.5055935382843018
thread_18044313_starter,4,4.37037037037037,4.68009090423584
thread_18045684_starter,4,4.202504980223004,3.0551037788391113
thread_18045693_starter,3,5.7407407407407405,6.252719402313232
thread_18045798_starter,0,3.111111111111111,3.629425048828125
thread_18047633_starter,3,1.0942455856950868,1.2276620864868164
thread_18049840_starter,0,1.0,0.8346583843231201
thread_18050274_starter,3,6.111111111111111,7.366697311401367
thread_18050457_starter,3,3.425440131591025,7.212924480438232
thread_18050661_starter,4,6.533699526118942,6.492527008056641
thread_18051257_starter,4,5.111111111111111,5.009150505065918
thread_18053993_starter,3,7.310764374750923,6.032158374786377
thread_18058797_starter,0,2.648375282959045,4.074343681335449
thread_18061182_starter,4,3.425440131591025,2.1915359497070312
thread_18061678_starter,2,6.533699526118942,8.043805122375488
thread_18061785_starter,2,7.310764374750923,8.021203994750977
thread_18062713_starter,0,5.0,1.624936580657959
thread_18063879_starter,0,4.979569828854984,3.7793080806732178
thread_18071212_starter,3,8.0,6.34635591506958
thread_18071475_starter,3,5.37037037037037,6.185597896575928
thread_18071998_starter,3,7.74074074074074,7.892591953277588
thread_18072576_starter,1,5.7566346774869634,6.74049711227417
thread_18074583_starter,4,5.7566346774869634,5.781048774719238
thread_18075029_starter,0,5.7407407407407405,5.840785980224609
thread_18076023_starter,0,6.533699526118942,6.166028022766113
thread_18076510_starter,1,4.0,1.9469020366668701
thread_18077956_starter,0,6.533699526118942,6.585503578186035
thread_18079151_starter,0,2.4814814814814814,3.042215585708618
thread_18079551_starter,1,6.7407407407407405,8.019645690917969
thread_18081442_starter,4,1.871310434327066,4.167531967163086
thread_18082186_starter,2,6.7407407407407405,5.136081218719482
thread_18082368_starter,4,2.648375282959045,4.8233795166015625
thread_18083072_starter,0,5.0,5.029461860656738
thread_18085172_starter,1,7.310764374750923,5.907180309295654
thread_18089157_starter,2,1.0942455856950868,5.200242519378662
thread_18090539_starter,2,3.3703703703703702,3.0488290786743164
thread_18091117_starter,2,5.7566346774869634,5.342032432556152
thread_18091250_starter,4,3.740740740740741,3.6810507774353027
thread_18094265_starter,4,1.0,0.7881401777267456
thread_18096858_starter,1,4.37037037037037,7.3245849609375
thread_18097781_starter,0,3.851851851851852,3.505908966064453
thread_18101157_starter,2,4.481481481481481,6.395712852478027
thread_18102462_starter,0,6.533699526118942,5.429103374481201
thread_18103237_starter,3,1.0,2.565080165863037
thread_18104076_starter,1,5.7566346774869634,6.505218982696533
thread_18105820_starter,1,3.425440131591025,3.3157715797424316
thread_18106739_starter,0,2.3703703703703702,2.9188952445983887
thread_18109766_starter,1,6.533699526118942,5.922341346740723
thread_18110663_starter,1,1.0942455856950868,2.714459180831909
thread_18114692_starter,3,4.7407407407407405,4.386691570281982
thread_18114739_starter,1,1.871310434327066,3.690967082977295
thread_18115856_starter,2,5.111111111111111,4.66513729095459
thread_18117088_starter,3,1.0942455856950868,1.888638973236084
thread_18118008_starter,1,1.0942455856950868,1.5649818181991577
thread_18118732_starter,3,1.0,5.838595390319824
thread_18118972_starter,3,1.0942455856950868,0.726411759853363
thread_18119187_starter,3,3.740740740740741,3.4580090045928955
thread_18124999_starter,2,4.0,3.9273157119750977
thread_18126235_starter,2,2.648375282959045,2.294938564300537
thread_18129104_starter,2,4.0,2.4588072299957275
thread_18129952_starter,3,4.7407407407407405,5.814613342285156
thread_18131684_starter,2,4.7407407407407405,4.748483657836914
thread_18132012_starter,0,6.7407407407407405,6.363692283630371
thread_18132125_starter,0,3.4814814814814814,6.077793121337891
thread_18137764_starter,2,2.648375282959045,1.7842211723327637
thread_18137777_starter,2,2.0,4.413313865661621
thread_18137896_starter,2,6.533699526118942,6.853893280029297
thread_18137925_starter,1,4.202504980223004,6.722385406494141
thread_18137958_starter,3,7.0,7.528473377227783
thread_18138146_starter,2,1.0,1.1777114868164062
thread_18138358_starter,3,1.0942455856950868,3.1609578132629395
thread_18138406_starter,4,7.0,5.917575359344482
thread_18138437_starter,1,5.7407407407407405,7.4838995933532715
thread_18138461_starter,2,2.7407407407407405,5.656002044677734
thread_18138463_starter,4,1.871310434327066,1.876725673675537
thread_18138555_starter,0,1.871310434327066,3.299684524536133
thread_18138631_starter,4,5.0,3.6138882637023926
thread_18138674_starter,3,3.425440131591025,3.1633267402648926
thread_18138729_starter,4,4.0,5.404881000518799
thread_18138856_starter,1,4.979569828854984,6.162403583526611
thread_18138891_starter,0,1.871310434327066,1.69301438331604
thread_18138935_starter,2,3.425440131591025,4.829816818237305
thread_18138955_starter,4,5.7566346774869634,6.983354568481445
thread_18139228_starter,2,1.871310434327066,2.1056621074676514
thread_18139236_starter,2,5.0,5.457970142364502
thread_18139240_starter,2,2.6296296296296293,5.269766330718994
thread_18139276_starter,3,2.259259259259259,3.0582194328308105
thread_18139288_starter,1,6.0,6.733022212982178
thread_18139342_starter,1,1.0,2.7736713886260986
thread_18139371_starter,2,6.370370370370369,5.706789970397949
thread_18139739_starter,1,2.3703703703703702,1.8353945016860962
thread_18139787_starter,4,1.871310434327066,2.7838525772094727
thread_18139798_starter,2,4.7407407407407405,6.49185848236084
thread_18139869_starter,4,7.0,6.869909763336182
thread_18139885_starter,1,1.0942455856950868,0.9383075833320618
thread_18139910_starter,2,1.0,2.1423287391662598
thread_18139912_starter,1,1.0942455856950868,0.7424172163009644
thread_18139947_starter,0,3.740740740740741,3.5825257301330566
thread_18140121_starter,3,2.0,3.907688617706299
thread_18140149_starter,3,4.0,1.734831690788269
thread_18140156_starter,3,5.7407407407407405,1.0729434490203857
thread_18140235_starter,4,5.0,3.8562655448913574
thread_18140343_starter,1,1.0,1.0748087167739868
thread_18140508_starter,0,1.0,0.659069299697876
thread_18140808_starter,3,6.0,5.530993938446045
thread_18141367_starter,0,1.871310434327066,4.02114200592041
thread_18141394_starter,4,3.425440131591025,4.914088726043701
thread_18141430_starter,3,1.3703703703703702,2.1109752655029297
thread_18141578_starter,1,6.7407407407407405,5.398428440093994
thread_18141665_starter,2,2.0,2.520236015319824
thread_18141829_starter,1,4.0,4.687854290008545
thread_18141855_starter,2,3.740740740740741,6.5186028480529785
thread_18141890_starter,3,5.0,5.54147481918335
thread_18141922_starter,2,4.202504980223004,4.782543182373047
thread_18141943_starter,2,4.0,5.039077281951904
thread_18142065_starter,3,3.3703703703703702,2.9500739574432373
thread_18142118_starter,1,3.3703703703703702,3.457228899002075
thread_18142166_starter,1,1.871310434327066,2.4932830333709717
thread_18142809_starter,0,7.0,4.037121295928955
thread_18143009_starter,3,1.0942455856950868,1.0346170663833618
thread_18143402_starter,3,1.0,1.3873229026794434
thread_18143558_starter,4,1.0,1.4107900857925415
thread_18143618_starter,0,6.0,3.504974365234375
thread_18143955_starter,4,5.37037037037037,3.926133871078491
thread_18143976_starter,4,5.7566346774869634,5.805004119873047
thread_18144275_starter,3,1.871310434327066,1.805813193321228
thread_18144457_starter,0,4.0,5.257718086242676
thread_18144544_starter,4,1.0,2.694439649581909
thread_18144570_starter,4,3.0,2.1931424140930176
thread_18144589_starter,4,1.0,1.341822862625122
thread_18144946_starter,2,1.0942455856950868,1.928344964981079
thread_18144989_starter,2,4.481481481481481,7.985257148742676
thread_18145283_starter,4,1.0942455856950868,1.8630865812301636
thread_6044069_درانتظاربارداری_1399/12/17 23:39,0,6.533699526118942,7.082502365112305
thread_6076747_finiks67_1399/12/23 12:40,1,4.0,2.063835859298706
thread_6076747_finiks67_1399/12/23 12:49,1,5.0,1.5127525329589844
thread_6077129_ورودجدید_1399/12/23 13:49,2,1.0,0.7753821015357971
thread_6112233_mmmدخترتنهاmmm_1399/12/29 11:57,4,3.0,4.304227352142334
thread_6128613_starter,3,1.871310434327066,1.2991478443145752
thread_6157536_starter,0,5.111111111111111,7.180671215057373
thread_6197391_2wب_1400/01/14 19:34,2,1.0,1.0823583602905273
thread_6215359_عمردرسکوت_1400/01/17 11:52,2,1.0942455856950868,1.7187130451202393
thread_6215718_داستان_زندگیم_1400/01/17 12:48,3,1.0,1.7303828001022339
thread_6215718_قورمه؛سبزی_1400/01/17 12:55,3,1.0942455856950868,2.226842164993286
thread_6215718_مانلی۴۴۴_1400/01/17 12:51,3,5.37037037037037,4.584071159362793
thread_6220408_دختر_زمستون۱۳۷۵_1400/01/18 00:34,0,1.871310434327066,4.001167297363281
thread_6235224_7379ali_1400/01/20 03:54,3,1.0,2.933131694793701
thread_6277494_مامان_آریوش_1400/01/26 15:24,1,1.871310434327066,1.176982045173645
thread_6282150_نمک_یددار_1400/01/27 04:33,4,6.0,3.6572341918945312
thread_6309299_7887frshte_1400/01/31 00:17,2,3.0,2.342982053756714
thread_6310312_آویشنا۲_1400/01/31 02:10,1,1.0,1.115170955657959
thread_6319625_یاسم_1400/02/01 13:07,1,3.2592592592592595,4.385593891143799
thread_6337060_starter,1,7.370370370370369,7.520754814147949
thread_6337130_بالکبابی_1400/02/03 23:55,0,1.0942455856950868,1.1243300437927246
thread_6341246_starter,2,3.3703703703703702,5.890520095825195
thread_6358267_starter,3,7.111111111111111,7.917189598083496
thread_6373847_shahdokhttt_1400/02/09 03:21,0,1.0942455856950868,1.1240041255950928
thread_6373847_starter,0,6.0,6.470732688903809
thread_6442764_starter,4,5.7566346774869634,7.480945587158203
thread_6442764_فونیکس1990_1400/02/19 16:29,4,1.0,1.6189879179000854
thread_6485839_yziba89_1400/02/26 02:06,2,1.6296296296296298,3.06347393989563
thread_6485839_ziba1380_1400/02/26 01:55,2,3.425440131591025,7.336548805236816
thread_6485839_طلا۶۰_1400/02/26 01:46,2,1.0942455856950868,1.2616760730743408
thread_6489092_ارزوجان_1400/02/26 16:37,2,1.0942455856950868,4.495450019836426
thread_6489092_ملکه_یخی_هستم_1400/02/26 16:28,2,1.0,3.137768507003784
thread_6492563_starter,0,3.425440131591025,2.22322154045105
thread_6512194_tanhaaaaaaam_1400/02/30 03:06,2,4.481481481481481,5.668137073516846
thread_6517426_ظهــرتابســتانى_1400/02/31 00:18,1,1.0942455856950868,1.221583366394043
thread_6530624_fh137275_1400/03/02 01:03,2,1.0,1.1737663745880127
thread_6622308_منتظر_نی_نی۱۳۷۸_1400/03/16 15:15,1,1.0,1.1264457702636719
thread_6624545_آراممممم_1400/03/16 21:53,1,1.0,1.994837760925293
thread_6636832_starter,1,7.0,7.295650005340576
thread_6636832_swallows_1400/03/18 19:48,1,6.481481481481481,6.675808429718018
thread_6695265_starter,0,7.0,7.620743751525879
thread_6698397_roooooyaaa_1400/03/29 00:32,4,1.3703703703703702,2.1070008277893066
thread_6698397_سبزهزار_1400/03/29 00:37,4,1.0,4.6034135818481445
thread_6709616_starter,3,6.533699526118942,5.674203395843506
thread_6709616_خاله_خرسه_مهربون_1400/03/30 23:29,3,1.871310434327066,1.2733256816864014
thread_6735816_mobi200_1400/04/04 12:06,3,5.999999999999999,6.540643215179443
thread_6825402_starter,0,7.0,7.34216833114624
thread_6945164_farzanebano_1400/05/07 16:35,0,1.871310434327066,3.160268783569336
thread_6961791_مامیre_1400/05/10 11:09,1,1.0942455856950868,3.459137439727783
thread_6968946_starter,4,6.533699526118942,6.356801986694336
thread_6972253_starter,4,6.533699526118942,5.673908233642578
thread_7136669_mamy_reyhan72_1400/06/05 20:39,3,3.4814814814814814,1.8156368732452393
thread_7136669_منچ9_1400/06/05 20:41,3,2.648375282959045,3.644406318664551
thread_7141679_سارا_فروزان_1400/06/06 15:23,1,2.3703703703703702,4.44520902633667
thread_7145501_alaae_1400/06/07 02:34,2,7.0,3.11944317817688
thread_7161040_دخترکلاسیک_1400/06/09 15:21,3,1.0,0.5894013047218323
thread_7161040_کاربری_جدید_1400/06/09 15:34,3,1.6296296296296298,1.9450956583023071
thread_7186473_starter,1,4.202504980223004,6.11837911605835
thread_7188582_jila1375_1400/06/13 20:04,3,1.3703703703703702,1.462280035018921
thread_7198508_starter,4,1.0942455856950868,4.857798099517822
thread_7215937_starter,0,5.111111111111111,6.426240921020508
thread_7223763_zhoooan_1400/06/19 00:48,4,1.0,2.101989269256592
thread_7225277_منتظرتم_فرزندم_1400/06/19 11:39,1,2.648375282959045,3.9852659702301025
thread_7225282_0dayana0_1400/06/19 11:42,2,1.0942455856950868,2.1278538703918457
thread_7225282_aynaz3676_1400/06/19 11:42,2,1.6296296296296298,2.0804059505462646
thread_7251471_asheghe_baran_1400/06/23 14:39,0,1.0,2.420771598815918
thread_7251471_جوجوخرگوشه_1400/06/23 14:23,0,5.0,3.302687644958496
thread_7251471_پديده2020240_1400/06/23 14:26,0,1.0942455856950868,2.3848745822906494
thread_7278834_مهوش221_1400/06/27 21:04,4,4.0,3.783289909362793
thread_7286272_starter,2,2.648375282959045,1.372113823890686
thread_7291377_starter,3,6.999999999999999,5.718112468719482
thread_7338711_دخترمستقل_قوی_1400/07/06 01:37,0,1.0942455856950868,1.6562988758087158
thread_7360433_starter,4,7.0,6.423257827758789
thread_7360842_نداجونم_1400/07/09 19:45,1,1.0,1.1407939195632935
thread_7380443_starter,0,5.7407407407407405,4.011585235595703
thread_7389673_مرغانه_1400/07/14 09:58,2,6.533699526118942,4.9549150466918945
thread_7389673_مرغانه_1400/07/15 01:17,2,1.871310434327066,2.5515549182891846
thread_7464489_taranumebahari_1400/07/26 20:05,1,2.0,1.6221439838409424
thread_7489230_starter,0,3.740740740740741,4.966950416564941
thread_7503258_مامان،حسینم_1400/08/03 13:37,0,3.0,2.038029193878174
thread_7541180_starter,2,6.533699526118942,3.6591265201568604
thread_7574999_banou_909_1400/08/15 21:02,3,7.0,5.256312847137451
thread_7611913_سوفیام966_1400/08/22 13:51,0,3.740740740740741,4.203179359436035
thread_7611913_سوفیام966_1400/08/22 13:53,0,1.0942455856950868,1.4715244770050049
thread_7611913_سوفیام966_1400/08/22 14:02,0,1.0,1.4191310405731201
thread_7639710_mikal780890_1400/08/27 13:08,1,3.425440131591025,5.281630516052246
thread_7639710_خوشگل_خانم__1400/08/27 13:05,1,2.648375282959045,2.290545701980591
thread_7650399_starter,0,5.7407407407407405,7.285889625549316
thread_7662750_starter,1,3.3703703703703702,5.766261577606201
thread_7825859_starter,1,5.7566346774869634,6.15653133392334
thread_7825859_نازگل۸۸۸_1400/09/30 18:08,1,1.3703703703703702,1.349136471748352
thread_7833005_starter,1,4.979569828854984,3.119422435760498
thread_7833045_shirin_2125_1400/10/02 01:13,4,2.3703703703703702,3.80130934715271
thread_7839876_starter,2,5.7566346774869634,3.037369728088379
thread_7853973_آنا_anna_1400/10/05 22:54,3,1.0,2.2272346019744873
thread_7856775_samin_a_1400/10/06 13:24,2,3.6296296296296298,2.687323570251465
thread_7978999_hejran1400_1400/10/27 14:21,2,1.0,3.6694419384002686
thread_8081945_mj1371_1400/11/14 21:57,4,1.0,1.4066219329833984
thread_8122505_آوای_تابستان۲_1400/11/21 13:16,1,1.0,1.6222907304763794
thread_8130945_مامانl_1400/11/22 21:57,0,6.370370370370369,5.48905086517334
thread_8147070_asalbanoosham_1400/11/25 13:28,1,1.0,1.5160953998565674
thread_8169380_موهیتو_خوشمزه_1400/11/29 14:09,0,1.0942455856950868,3.4241600036621094
thread_8180526_ياس۶۶۷۷_1400/12/01 12:44,0,4.0,2.9242544174194336
thread_8195622_noranora_1400/12/03 22:38,4,4.979569828854984,5.620323657989502
thread_8195622_starter,4,7.0,6.865422248840332
thread_8202132_سرودهای_دلتنگی_1400/12/04 23:39,4,1.0,1.3005682229995728
thread_8209187_starter,0,5.37037037037037,5.524147033691406
thread_8212426_صبا1397_1400/12/06 20:53,1,1.0,0.8020837903022766
thread_8221954_نسادات_1400/12/08 11:21,1,1.0,3.0892832279205322
thread_8229349_pink_bubble_1400/12/09 14:57,4,1.0,3.0437021255493164
thread_8332965_angel82_1400/12/26 23:40,1,1.0,1.4974470138549805
thread_8332965_رز۷۵_1400/12/26 23:57,1,1.0,1.4916737079620361
thread_8354667_kajal63_1401/01/02 13:39,2,2.648375282959045,2.923008918762207
thread_8356775_starter,4,4.7407407407407405,7.109282493591309
thread_8358399__moon_l__1401/01/03 04:21,4,2.648375282959045,1.9917739629745483
thread_8367373_مادرجانیم_1401/01/05 02:28,0,1.3703703703703702,1.5883598327636719
thread_8394180_starter,1,6.370370370370369,5.502854824066162
thread_8403790_غزل25508_1401/01/12 02:55,1,1.0,1.3162639141082764
thread_8411183_aroseshonam_1401/01/13 21:14,1,2.648375282959045,1.6845128536224365
thread_8506003_توسکا95_1401/01/30 02:06,2,5.481481481481481,6.299309253692627
thread_8548684_ژالبن_1401/02/06 08:00,0,1.0,2.348410129547119
thread_8548687_کمحرف_1401/02/06 08:08,1,1.6296296296296298,2.354736566543579
thread_8569951_سوگند۲۵۵۱۰_1401/02/10 00:31,3,3.111111111111111,5.809648036956787
thread_8569951_مامان_بارانا15_1401/02/10 00:25,3,1.871310434327066,4.465068340301514
thread_8570985_تاااارا_1401/02/10 04:10,0,1.0,2.196701765060425
thread_8622569_همیشه_غمگین_1401/02/19 05:04,0,5.7566346774869634,4.479897975921631
thread_8668375_starter,0,6.533699526118942,7.27517032623291
thread_8669803_الیزابت۷۴_1401/02/27 12:44,4,1.0,5.112913131713867
thread_8676042_بارانشونم_1401/02/28 14:43,0,1.0,1.3264285326004028
thread_8704641_ane7814_1401/03/02 09:33,0,2.259259259259259,1.7629485130310059
thread_8704641_دخترباهوش2000_1401/03/02 09:36,0,3.3703703703703702,3.2517929077148438
thread_8716736_starter,3,7.0,6.749320983886719
thread_8716736_دکتر0فاطمه0زرین_1401/03/04 07:20,3,5.7407407407407405,6.828342437744141
thread_8731189_دخمل_احساس_1401/03/06 19:06,1,2.3703703703703702,3.877899169921875
thread_8735629_ندايييي_1401/03/07 14:44,3,2.7407407407407405,3.3546836376190186
thread_8737068_monarch_1401/03/07 19:13,3,1.0,0.8092082142829895
thread_8771170_banoazar_1401/03/13 16:03,3,1.0,0.41535401344299316
thread_8793837_starter,3,6.111111111111111,5.689693927764893
thread_8829382_starter,4,8.0,7.702160358428955
thread_8858733_starter,4,6.111111111111111,6.723937511444092
thread_8880238_1398asal_1401/04/01 00:51,4,1.0942455856950868,2.519589900970459
thread_8880238_77shaghi_1401/04/01 00:46,4,1.0,5.372093200683594
thread_8880238_starter,4,7.310764374750923,7.830438613891602
thread_8880238_دختراسترسی_1401/04/01 00:44,4,1.0942455856950868,1.7459341287612915
thread_8880277_miniyator6c_1401/05/14 01:45,1,8.0878292233829,8.165581703186035
thread_8880277_توییتی۱۳۷۰۱۳۹۷_1401/05/14 01:35,1,5.0,2.0937960147857666
thread_8880277_خواهرشوهر_نی_نی_یار_1401/05/14 01:30,1,4.979569828854984,6.527180194854736
thread_8894618_جییییگر_1401/04/03 15:23,2,2.0,1.9768388271331787
thread_8914324_لیداخانوم۲۷_1401/04/06 17:49,4,1.3703703703703702,2.187678575515747
thread_8914324_موز_قرمز_1401/04/06 17:36,4,1.0,0.9486798048019409
thread_9052887_icequeenn_1401/11/10 17:16,4,5.0,4.513566970825195
thread_9052887_کاپو_چینو_1401/04/29 21:18,4,1.0942455856950868,1.501803994178772
thread_9078130_phr_1401/05/02 23:35,2,1.0,2.091484785079956
thread_9078130_sama_kocholo_1401/05/02 23:38,2,1.0942455856950868,1.617457628250122
thread_9080191_girizli_1401/05/03 09:56,3,1.0,1.1576082706451416
thread_9115890_starter,1,5.111111111111111,6.868525981903076
thread_9120914_rozitakhanomi_1401/05/09 20:00,2,1.0,1.1542243957519531
thread_9207233_starter,2,3.0,3.633685827255249
thread_9227382_starter,4,1.871310434327066,1.0231837034225464
thread_9273837_starter,1,1.0,1.6643037796020508
thread_9284614_starter,2,5.111111111111111,7.515824794769287
thread_9293586_الوانا_1401/06/06 11:39,1,1.0,1.385401964187622
thread_9293586_سیندرلاتون_1401/06/06 11:34,1,1.0,0.8520099520683289
thread_9298538_2222mahsa_1401/06/07 02:14,1,1.0942455856950868,4.2429518699646
thread_9314785_starter,0,4.0,6.292734622955322
thread_9345142_starter,0,5.7566346774869634,3.8612141609191895
thread_9375288_starter,4,1.0942455856950868,0.8987790942192078
thread_9381868_starter,3,5.0,5.551666259765625
thread_9396920_feriii75_1401/06/23 22:29,3,1.0,2.1183857917785645
thread_9409801_starter,3,4.0,2.8656740188598633
thread_9412914_فرشتهجان_1401/06/26 23:10,4,1.3703703703703702,2.74977707862854
thread_9428877_مرسده2mersedeh_1401/07/07 17:38,0,3.3703703703703702,5.321277618408203
thread_9443994_starter,2,4.7407407407407405,5.1869096755981445
thread_9448722_قاصدک750_1401/07/12 11:14,1,2.648375282959045,3.7275476455688477
thread_9448722_مامان_سونیا1_1401/07/12 11:15,1,5.0,6.7516069412231445
thread_9453838_starter,2,4.202504980223004,4.3058953285217285
thread_9485660_فاطمه_هستم_۲۳__1401/07/19 14:01,4,1.3703703703703702,3.1843786239624023
thread_9499929_starter,0,7.310764374750923,7.48363733291626
thread_9499929_مامان_امیر؟؟؟؟_1401/07/21 20:36,0,1.0942455856950868,1.942714810371399
thread_9514473_nanajonam_1401/07/24 02:37,1,6.0,5.07480525970459
thread_9514473_سیب_ترش_هستم_1401/07/24 02:33,1,1.0,0.8771666884422302
thread_9536090_starter,2,7.111111111111111,7.687514781951904
thread_9576910_starter,3,6.370370370370369,6.212499618530273
thread_9622949_starter,3,5.0,4.417290210723877
thread_9637429_starter,0,5.7566346774869634,5.936573028564453
thread_9640890_دل_ارام_خوش_بو_1401/08/17 21:51,1,3.425440131591025,4.639909267425537
thread_9642299_گلnooش_1401/08/18 00:32,2,2.0,2.691077470779419
thread_9645600_starter,3,4.0,5.7165446281433105
thread_9648957_22aseman558_1401/08/19 00:25,2,3.4814814814814814,2.2992634773254395
thread_9652473_starter,0,3.740740740740741,5.457146644592285
thread_9675131_حسناامیدم_1401/08/22 22:43,0,1.0,2.8832507133483887
thread_9677762_starter,3,1.0,1.3690013885498047
thread_9677776_1parvaz_1402/06/25 20:54,2,6.0,7.90413761138916
thread_9686580_starter,0,2.3703703703703702,5.562928199768066
thread_9725395_مارال37_1401/08/30 15:45,2,6.0,2.8524794578552246
thread_9730976_starter,3,3.851851851851852,5.912272930145264
thread_9736375_l_am_ryhane_1401/09/02 12:46,2,1.0,6.396566390991211
thread_9736375_saberehhhhh_1401/09/02 13:48,2,5.37037037037037,5.182415008544922
thread_9759365_starter,4,8.11111111111111,7.130840301513672
thread_9761432_توپتوپی_1401/09/06 09:40,3,6.0,5.291537761688232
thread_9761611___قاصدک___1401/09/06 10:25,2,1.0942455856950868,2.6502230167388916
thread_9772675_ommm_1401/09/07 22:36,1,4.0,5.9082255363464355
thread_9803993_starter,1,1.0,2.2472198009490967
thread_9808501_starter,0,1.0942455856950868,4.127102375030518
thread_9816857_starter,2,1.0942455856950868,1.1241068840026855
thread_9821639_sofisam_1401/09/15 00:46,3,1.0,1.764115810394287
thread_9821639_النازی۲۳۷_1401/09/15 00:44,3,5.37037037037037,5.959991931915283
thread_9822791_ati9998_1401/09/15 09:14,0,6.0,3.3823037147521973
thread_9822791_starter,0,3.0,5.637763977050781
thread_9822791_عاشقصورتی_1401/09/15 09:29,0,1.0942455856950868,1.952301263809204
thread_9825032_starter,0,8.37037037037037,7.809850692749023
thread_9848289_starter,2,7.74074074074074,6.469523906707764
thread_9880759_liananill_1401/09/23 18:18,3,1.0,0.8622719645500183
thread_9902946_starter,0,3.0,4.4868669509887695
thread_9919084_دینامت2_1401/09/28 22:30,0,5.7566346774869634,5.180764198303223
thread_9936634_starter,2,3.3703703703703702,6.033938884735107
thread_9937429_سلانمتدبان_1401/10/01 18:13,1,2.648375282959045,1.9619731903076172
thread_9966511_arosakjooni_1401/10/05 16:01,4,4.0,5.453631401062012
thread_9966511_کاپو_چینو_1401/10/05 16:04,4,3.740740740740741,4.72332763671875
thread_9966511_کاپو_چینو_1401/10/05 16:22,4,4.0,5.12263822555542
thread_9970026_starter,4,6.7407407407407405,6.967037677764893
thread_9977711_بودا_1404/02/16 07:44,1,7.310764374750923,7.075992107391357
thread_9977711_بودا_1404/05/28 07:10,1,6.111111111111111,3.3366010189056396
thread_9988587_todeliiiiii_1401/10/08 15:33,1,1.871310434327066,1.5526554584503174
thread_9993961_starter,0,1.0,2.6580514907836914
