profile_url,scraped_gender,scraped_gender_code
https://www.ninisite.com/user/62dc38f7-a3e0-45f9-9b1d-2cee6b3eee34/ehsanfroxe,مرد,0
https://www.ninisite.com/user/801c544d-580d-423a-a6bc-ef8d6d5f76ce/%D8%B1%D8%B6%D8%A7-%D9%85%DB%8C%D8%B1%DB%B5,مرد,0
https://www.ninisite.com/user/b861af72-5566-4643-9d67-c1332ae0f6cd/%D9%85%D8%B4%D8%A7%D9%88%D8%B1%D8%A7%D8%B9%D8%B8%D9%85,مرد,0
https://www.ninisite.com/user/85806269-cddb-4349-82af-82c5bd8943d1/mohammad1fm,مرد,0
https://www.ninisite.com/user/f8a7f71b-8684-4ef5-a86a-e3ea4d71a2d2/yasssssssssiii,مرد,0
https://www.ninisite.com/user/34a7d515-67cd-4a8f-9db2-1009140d2d93/%DB%8C%D9%87-%D8%A8%D9%86%D8%AF%D9%87-%D8%AE%D8%AF%D8%A72,مرد,0
https://www.ninisite.com/user/cd4f4c51-9400-4288-b65a-bb4a1ec59d69/hamedjan,مرد,0
https://www.ninisite.com/user/17bf2629-6e13-4f72-abe0-b7e08effff03/greenway,مرد,0
https://www.ninisite.com/user/74b2db50-f199-4898-a8f7-ccecd36ab869/soheil0100,مرد,0
https://www.ninisite.com/user/3b3650ff-4fab-40ee-a5f5-2ca7222ea2b6/strange-r,unknown,-1
https://www.ninisite.com/user/2d4dbd92-3346-4620-83ea-5bfa5d028ddf/hopeful-lady,unknown,-1
https://www.ninisite.com/user/e7923319-e90d-494c-8f38-a50218f01b3d/amir1231,مرد,0
https://www.ninisite.com/user/ef4a3e7f-9841-4c18-9ab1-c97e7c70618e/%D8%AF%D8%AE%D8%AA%D8%B1%DA%A9-%D8%B5%D8%A7%D9%81-%D8%B3%D8%A7%D8%AF%D9%87,unknown,-1
https://www.ninisite.com/user/a4dd8c7f-2aed-47f3-a010-796836e53350/heyday,مرد,0
https://www.ninisite.com/user/818d598c-cbd4-4c26-92cb-5492171060ca/%D9%85%D8%AA%D8%BA%DB%8C%D8%B1,مرد,0
https://www.ninisite.com/user/898a852e-f1ca-42fd-a34c-808a5817a190/rismangar,مرد,0
https://www.ninisite.com/user/aecf9fb0-58b4-448a-9497-757c550fa94c/%D9%86%D9%88%D8%B1%D9%88%D8%B21405,مرد,0
https://www.ninisite.com/user/09d7b3c9-b34d-4e4e-b095-e3800fd61d5c/91201-%D8%A7%D8%AD%D8%B3%D8%A7%D9%86,مرد,0
https://www.ninisite.com/user/05b2e7f8-835c-4842-899c-d76469846f6b/zahra8023,مرد,0
https://www.ninisite.com/user/b5ae084b-cdf5-4645-8496-5644d4faeb13/abcdbcda,مرد,0
https://www.ninisite.com/user/7e46981e-9fd5-428f-af9f-daec94814a93/sfhosini,مرد,0
https://www.ninisite.com/user/135ad16b-85aa-4550-b9dd-389e40b92d5e/%D8%AE%D8%B3%D8%B3%D8%AA%D8%AA%D9%85,مرد,0
https://www.ninisite.com/user/f9c3f427-410f-446f-9d3d-745fce7cfcf9/%D8%B9%D9%84%DB%8C%DB%B1%DB%B3%DB%B8%DB%B4,مرد,0
https://www.ninisite.com/user/bf4ad2db-4bb0-42ef-a771-532503b5e4f1/28miii,مرد,0
https://www.ninisite.com/user/a95b8790-95c2-4e45-ba86-31fc7d56bb78/%D8%AE%D8%B3%D8%AA%D8%AA%D8%AA%D8%AA%D9%85,مرد,0
https://www.ninisite.com/user/4013d5d6-367f-4538-88d4-6540ffe0c4c2/ramin44,مرد,0
https://www.ninisite.com/user/89d0b350-10ba-4b9a-b21a-a79451f13547/%D8%B4%DB%8C%D8%B1%DB%8C%D9%86-%D9%86%DB%8C%D8%B3%D8%AA%D9%85,مرد,0
https://www.ninisite.com/user/5bf98b2c-8a0d-4dc3-9e42-98048ff853f5/ensanbashim,مرد,0
https://www.ninisite.com/user/06086367-ae9a-4ee5-b0e1-51cbf6f9313f/7712hassa,مرد,0
https://www.ninisite.com/user/3a65e0d9-dc4c-4972-865a-4c615f925f4f/%D8%AA%DB%8C%D9%80%D8%AA%DB%8C%D9%80%D9%82%D8%A8%D8%A7%D8%AA,مرد,0
https://www.ninisite.com/user/a89ea518-4dba-4b55-9e3c-7d0a9d7026e0/alone1404,مرد,0
https://www.ninisite.com/user/1473e3ec-1ad6-43d5-9d47-9d0e58562ba5/saieed-hp75,مرد,0
https://www.ninisite.com/user/4b2d538e-fc42-436d-8774-dcf112f19385/%D8%B7%D9%84%D9%88%D8%B9,مرد,0
https://www.ninisite.com/user/74be48b8-1e5b-4274-ac19-fcb9bb50c125/q27,مرد,0
https://www.ninisite.com/user/117b4c59-b3ef-40e8-b66e-16c4319b4bab/mohmmad-%D8%A7%D9%93%D9%82%D8%A7,مرد,0
https://www.ninisite.com/user/69545a6e-4cc7-4736-8a56-51666ffae762/kollange-edallat,مرد,0
https://www.ninisite.com/user/dd6ba91d-7cd9-449d-a7fa-a2e3efc3e621/sanjabkooshooloo,unknown,-1
https://www.ninisite.com/user/a6ab45b1-924d-48bb-94e0-ae9ccf858f37/%DA%A9%D9%81%D8%A7%D9%84%D8%B9%D8%A8%D8%A7%D8%B3,unknown,-1
https://www.ninisite.com/user/4e4bb56b-1634-4f1d-a86c-dbea4cc3dcd7/ehsandark-xtw,مرد,0
https://www.ninisite.com/user/347d4f94-7c2e-4b22-b883-9f21919c605f/%D8%B4%D9%87%D8%B1%DB%8C%D8%A7%D8%B1,مرد,0
https://www.ninisite.com/user/d73e739b-4131-4b39-9a9c-607dbb362178/%D9%BE%D8%B1%D8%AF%DB%B6%DB%B6,مرد,0
https://www.ninisite.com/user/7dcf117f-c1c2-44f5-81ba-bc6fd69dc00c/13851385-mohaddese,unknown,-1
https://www.ninisite.com/user/22c1f03f-03d3-4a52-83ce-c938f46ca544/%D8%B1%D9%87%DA%AF%D8%B0%D8%B1krj,مرد,0
https://www.ninisite.com/user/b3f071c6-cf54-465b-afe8-f9cb4fe0795b/%D8%A7%D9%85%DB%8C%D8%B1%D9%86%DB%8C%DA%A9,مرد,0
https://www.ninisite.com/user/7ab4cc2c-bc43-4571-b378-8f8e6ec1ddb3/%D8%AF%D9%85%D8%A7%D9%88%D9%86%D8%AF,مرد,0
https://www.ninisite.com/user/baa23d5f-8d22-4281-aef0-adc253e500fc/kkknnnmmmkk,مرد,0
https://www.ninisite.com/user/a9a62421-fdd5-4257-951b-4cd1e4f49236/shabgard1,مرد,0
https://www.ninisite.com/user/6d955963-fd67-4bba-a764-fd6835965bff/%D8%B3%D9%85%D8%A7%D8%B1%D8%AA,مرد,0
https://www.ninisite.com/user/892171df-d2e7-4d39-bab5-a957a95adba9/hely4488,مرد,0
https://www.ninisite.com/user/9dd65e16-4a7d-4017-9251-9fdd7440823a/%D8%B3%D8%B1%D9%84%D8%B4%DA%AF%D8%B1%D8%B3%D8%AA%D8%A7%D8%AF,مرد,0
https://www.ninisite.com/user/8d1c78c2-8591-486c-90a9-6bd2178be6bc/dark-mane,مرد,0
https://www.ninisite.com/user/83f373c2-62b7-46b9-8386-d7e6dfc7e537/%D8%B9%D8%A7%D9%85%D8%B1%D8%B1%D8%AE%D8%A7%D9%86,مرد,0
https://www.ninisite.com/user/9721fcf3-9e08-4582-8c0c-e911196040dd/%D8%A7%D9%85%DB%8C%D8%B11377,مرد,0
https://www.ninisite.com/user/af0b9c17-037e-4c44-a6bb-273b1c6fb09e/hamiddam,مرد,0
https://www.ninisite.com/user/9952cf64-965c-49c8-bd60-1254969497fb/funer,مرد,0
https://www.ninisite.com/user/0f716336-7506-444d-8f98-cb759a2f3797/1300banoooooooo,unknown,-1
https://www.ninisite.com/user/d2224701-9cde-4c2b-a057-78263106037e/aa528,مرد,0
https://www.ninisite.com/user/438772c5-1887-4214-946f-9d991c0026f8/yaxgbhiosafbhydackls,unknown,-1
https://www.ninisite.com/user/791c08b1-c73c-435d-ba1f-82342c8483b4/counsellor,unknown,-1
https://www.ninisite.com/user/248585ae-027f-4ecc-a51e-d70c6a369b0d/%DA%86%D8%B1%D8%A7-%D8%A7%D9%84%DA%A9%DB%8C-%D8%AA%D8%B9%D9%84%DB%8C%D9%82-%D9%85%DB%8C%DA%A9%D9%86%DB%8C,unknown,-1
https://www.ninisite.com/user/63e41d3b-2c47-4e27-841a-54ac6fc96a30/%D8%AF%D8%AE%D8%AA%D8%B1-%D8%AF%D8%B1%D8%AF-%DA%A9%D8%B4%DB%8C%D8%AF%D9%87,unknown,-1
https://www.ninisite.com/user/96f4eb6a-6008-4fc4-9a07-68f0fb31582c/%D9%88%DB%8C%D8%AF%D8%B1%D9%87,unknown,-1
https://www.ninisite.com/user/785aa9a2-1147-4412-a78c-b4b3f160aaf5/64%D9%85%D9%87%D8%AF%DB%8C64,unknown,-1
https://www.ninisite.com/user/5e3986e2-689d-41ab-bb34-2cd12dea3563/%D8%AF%D8%AE%D8%AA%D8%B1-%D8%B5%D8%AD%D8%B1%D8%A7-%D9%84%D8%A7%D9%84%D9%87,unknown,-1
https://www.ninisite.com/user/81a63ac8-a9d5-441d-b3c8-72ca30ff0077/zoha7377,unknown,-1
https://www.ninisite.com/user/7ca61f13-9c69-4733-a6c2-d2b1e7f84892/%D8%A7%D8%B1%D8%B2%D9%88295,unknown,-1
https://www.ninisite.com/user/7a8e2f9f-1367-4308-9bcd-e49fb380c0b9/%D8%AA%D8%A8%D8%B3%D9%851363,unknown,-1
https://www.ninisite.com/user/edaa12bf-309e-414c-9171-a6dab3b70867/diana48,unknown,-1
https://www.ninisite.com/user/45e6a5c0-192f-438d-8aed-544a26f9806f/kiyana,unknown,-1
https://www.ninisite.com/user/0e326408-d116-4c2a-b081-e5b94ac9d093/%D9%86-%D8%AF-%D8%A7-%D8%B1-%D9%85,unknown,-1
https://www.ninisite.com/user/a0f9c271-15dd-4f1d-87bc-35fb242a8019/mehranaaa78,unknown,-1
https://www.ninisite.com/user/a66cee1d-1519-4299-a26a-32472059b660/mooshadow,unknown,-1
https://www.ninisite.com/user/52729970-260f-4eb9-8b17-31f7ecf9789d/%D8%B3%D8%A7%DB%8C%D9%87-%D9%85%D8%A7%D9%87%D9%85%D9%85,unknown,-1
https://www.ninisite.com/user/f7cc678c-7286-4986-a72b-ba53c4fd4292/malih-e,unknown,-1
https://www.ninisite.com/user/6a1e513e-0744-4f1b-b9fb-efeb71849897/%D8%B4%D9%84%D9%88%D9%84%D9%88%D9%84%D9%88%D9%84%D9%88%D9%88%D9%88%D9%88%D9%88,unknown,-1
https://www.ninisite.com/user/55523389-b37d-4190-bb1d-198788898543/nemochan,unknown,-1
https://www.ninisite.com/user/66206bf7-c6c8-4b81-8830-961ced5bf251/ziiii76,unknown,-1
https://www.ninisite.com/user/efdcfbe7-92f4-4460-a4bb-994b6c3974b1/%D9%86%D8%AE%D9%88%D8%AF%DB%8C-%D8%B3%D8%A7%D8%A8%D9%82,unknown,-1
https://www.ninisite.com/user/19061692-4b6d-409b-9216-0a581977c31e/kandalll,unknown,-1
https://www.ninisite.com/user/2863fb38-7c9f-4b00-949e-c42364160918/oceangirl,unknown,-1
https://www.ninisite.com/user/0ce5ac82-f963-47c4-ad23-6873f8d94833/sahel403,unknown,-1
https://www.ninisite.com/user/8f977c30-6ac0-44f1-835e-e27724baf2da/%D8%A7%D9%93%D9%84%D8%A8%D8%A7%D9%84%D9%88-%D8%B4%D9%81%D8%AA%D8%A7%D9%84%D9%88,unknown,-1
https://www.ninisite.com/user/9c3959c1-6b99-4ebd-ae6c-1326589e8136/%D9%81%D8%A7%D8%A8%D8%B1%D9%84%DB%8C%DA%A9,unknown,-1
https://www.ninisite.com/user/ccfcf362-8c71-4a88-8325-13ac9d227ad4/%D8%A7%D9%86%D8%A8%D9%87%DB%B1%DB%B4%DB%B0%DB%B3,unknown,-1
https://www.ninisite.com/user/8be898e7-cdc4-4ba9-b552-ec88334303de/%D8%AF%D9%84%D8%A8%D9%88%D8%B3,unknown,-1
https://www.ninisite.com/user/f938902b-e022-4e12-825a-83b7f44e65f0/mania332,unknown,-1
https://www.ninisite.com/user/1857fe93-773a-4f37-9679-2438d37a9d62/shayline,unknown,-1
https://www.ninisite.com/user/28c2ac5c-219a-479e-8f7b-7a1c75d0f87b/%D9%85%D8%AF%D8%A7%D8%AF-%D8%B1%D9%86%DA%AF%DB%8C22,unknown,-1
https://www.ninisite.com/user/8cd9e806-da61-4aa4-b7a7-0b25a5db0e78/saheladidas,unknown,-1
https://www.ninisite.com/user/18ca6b79-ab05-4e4b-8ee8-93be8fb9cfbb/%D8%A8%DB%8C%D8%B5%D8%AF%D8%A7%D8%AD%D9%84%D8%B2%D9%88%D9%86,unknown,-1
https://www.ninisite.com/user/3ed0e95d-b07f-49ab-b255-b929e76f0610/aszxc,unknown,-1
https://www.ninisite.com/user/c412d92a-6c61-43c2-aafc-5f565a900821/%D9%86%D8%AC%D9%84%D8%A776,unknown,-1
https://www.ninisite.com/user/094a400d-c31e-4349-8123-07a2013056ac/%D8%B1%D9%88%DA%98%D8%A7%D9%86%D8%A7%D9%85%DB%8C%D8%B1%D8%B9%D9%84%DB%8C,unknown,-1
https://www.ninisite.com/user/75338fc0-354c-4f43-b547-b0ab5bf97e1c/%D9%87%D9%85%DB%8C%D9%86%D9%82%D8%AF%D8%B1%D8%AE%D9%88%D8%B4%D8%AD%D8%A7%D9%84,unknown,-1
https://www.ninisite.com/user/28a33451-4d04-4903-9640-af0aa426d985/foreveralone,unknown,-1
https://www.ninisite.com/user/5982129a-2fe4-4369-ba3a-70b4a0a13815/sogol79s,unknown,-1
https://www.ninisite.com/user/9a216362-23db-4105-b699-87f9b03a1eb5/%D8%A8%DA%86%D9%87-%D9%85%D8%A7%D9%85%D8%A7%D9%86%D9%85-%D9%87%D8%B3%D8%AA%D9%85,unknown,-1
https://www.ninisite.com/user/4b5e9d2c-328d-467f-a1bb-0e4f3605d410/parii-tb,unknown,-1
https://www.ninisite.com/user/92d042df-7374-47cb-97e1-ab559ef1cb98/m-a-h-r-u,unknown,-1
https://www.ninisite.com/user/14465435-7578-4029-a695-d41743e52d39/roshany8,unknown,-1
https://www.ninisite.com/user/a970cd40-095e-4d6b-9bd2-4500d92681d9/%D8%B3%D8%AD%D8%B1h%D9%BE%D8%B3%D8%B1%D9%85%D8%A7%D9%85%D8%A7%D9%86,unknown,-1
https://www.ninisite.com/user/0ef7277a-a0d1-418f-acaf-405f296ff415/%D8%B4%DB%8C%D8%B1%DA%A9%D8%A7%DA%A9%D8%A7%D9%8A%D9%94%D9%88%DB%B8%DB%B0%DB%B7%DB%B8,unknown,-1
https://www.ninisite.com/user/262d13b0-0ce2-4fa2-8c0b-68d701bda4fa/%D8%A7%D9%93%DB%8C%D8%B3%D9%84%D8%A7%D8%AA%D9%87%D9%86%D8%A7%D8%B1%DA%AF%DB%8C%D9%84,unknown,-1
https://www.ninisite.com/user/32c485d3-d123-4e2a-9be3-9db1143d6e22/%D9%81%D9%82%D8%B7%D8%AE%D8%AF%D8%A7%DB%8C%D9%85%D9%86,unknown,-1
https://www.ninisite.com/user/67c779b3-7169-49de-a654-d0e2c258b3b8/%D9%87%D9%84%D9%86%D8%A7%DB%B1%DB%B2%DB%B3%DB%B4%DB%B5,unknown,-1
https://www.ninisite.com/user/936ff741-ae3f-4a43-b1d2-16a0939e7c29/%D9%81%D8%B1%D9%86%DB%8C%DA%A9%D8%A7,unknown,-1
https://www.ninisite.com/user/4723167e-fa2d-4aef-a8af-7d08b6fde011/%DA%86%D9%86%DA%AF%D9%88%D9%84%DB%8C,unknown,-1
https://www.ninisite.com/user/dc94265f-9935-457c-8a70-c80402b3e691/sahel-joon,unknown,-1
https://www.ninisite.com/user/6873b40d-1e73-4cc5-8239-229a27d6f5b2/%DB%8C%D8%A7%D8%B3%D9%85%DB%8C%D9%8667,unknown,-1
https://www.ninisite.com/user/67fac889-710a-4ca3-bc64-de93b08905e9/samir-abas,unknown,-1
https://www.ninisite.com/user/485776be-0bb0-44b7-8f80-ef9e89c72038/%D8%A8%DB%8C%D8%AA%D8%A71362,unknown,-1
https://www.ninisite.com/user/d4b905a6-f9dc-4993-b3db-e4789c9401e8/%D9%82%D8%B7%D8%B1%D9%87,unknown,-1
https://www.ninisite.com/user/f077f654-9aae-48ca-adc1-921fdf4157d0/piaaf,unknown,-1
https://www.ninisite.com/user/1b3b5bb0-8bac-43a3-84b5-a4046940e138/%D9%88%DA%A9%DB%8C%D9%84-%D9%A1%D9%A4%D9%A0%D9%A3,unknown,-1
https://www.ninisite.com/user/e3892862-fe7b-467e-8382-9aab7ac209ba/%D8%B3%D8%A7%D9%86%D8%AF%D9%88%DB%8C%D8%AC,unknown,-1
https://www.ninisite.com/user/d7892a1a-2130-4059-9574-a893e05174a1/%D8%B1%DB%8C%D8%AF%D8%A8%D8%B1%DA%AF%D9%85,unknown,-1
https://www.ninisite.com/user/f39821d0-be4d-4f20-a6f0-80feba1cce0b/%D8%B4%D8%A7%D9%BE%D8%B1%DA%A9%DB%B7%DB%B0,unknown,-1
https://www.ninisite.com/user/60851bfa-6d72-4255-83a3-7b5b9f57d7e3/403fandogh,unknown,-1
https://www.ninisite.com/user/2fc02d24-e2eb-4e5f-95c2-a420c0e03aba/%D8%B2%D9%87%D8%B1%D8%A7%D8%A7%D8%A7%D8%A7%D8%A7%D8%A7%D8%A7%D8%A7%D8%A7%D9%85%D9%85,unknown,-1
https://www.ninisite.com/user/b59e581d-bfb2-48d5-a442-3027fc8facfc/bbml,unknown,-1
https://www.ninisite.com/user/2f1f9a02-a7a8-4e56-a749-5b1e1e54ccf8/bbiniyar5,unknown,-1
https://www.ninisite.com/user/68eb077d-294c-4c90-ac86-e3b1fa92768f/babygirllneedyou,unknown,-1
https://www.ninisite.com/user/27a5ac14-7467-4eb8-a057-c775a3527931/%D8%B9%D8%B1%DB%8C%D8%A7%D9%86-%D8%AA%D8%B1-%D8%A7%D8%B2-%D8%A8%D8%A7%D8%A8%D8%A7%D8%B7%D8%A7%D9%87%D8%B1,unknown,-1
https://www.ninisite.com/user/dca724f8-c36a-4195-b2fb-fbc9e8a2aa5e/skhba,unknown,-1
https://www.ninisite.com/user/f5a61d82-5545-41fe-a18a-9014ece55436/%D8%A8%D9%87%D8%A7%D8%B1%D8%AF%D9%84%D9%87%D8%A720,unknown,-1
https://www.ninisite.com/user/3c4d0b4e-0376-410f-9401-b1294c905943/%D9%86%D9%84%D8%B2,unknown,-1
https://www.ninisite.com/user/12370aaa-5928-427e-a94b-19e8b0de3788/%D9%BE%D8%AA%D9%88%DB%B0%D9%85%D9%84%D8%A7%D9%81%D9%87%DB%B0%D8%A8%D8%A7%D9%84%D8%B4%D8%AA,unknown,-1
https://www.ninisite.com/user/d0fed3f1-7096-4aef-8f6e-47e80e251f71/%D8%A7%D8%B3%DA%A9%D8%A7%D8%B1%D9%85,unknown,-1
https://www.ninisite.com/user/3df9d8ca-81dd-4249-81f2-5f0af2c2f205/kkkkm,unknown,-1
https://www.ninisite.com/user/e5193546-df7c-4907-a8e0-99eb4b73a15e/7777mobina,unknown,-1
https://www.ninisite.com/user/0c475e6b-d8d4-4593-b2ef-ff7c58e7464a/%D8%A7%D9%84%D9%81%D8%A8%D8%A7%DB%8C%D8%B9%D8%B4%D9%82,unknown,-1
https://www.ninisite.com/user/f12979ed-0b92-458d-9255-00bacd05e889/%DA%A9%D9%86%DB%8C%D8%B2%DA%A9%D9%81%DA%AF%DB%8C%D8%B1%D8%AE%D9%88%D8%B1%D8%AF%D9%87,unknown,-1
https://www.ninisite.com/user/3a452d51-b479-4046-88f7-18197885578d/bavaaan,unknown,-1
https://www.ninisite.com/user/d65a968d-4940-4b61-b6d2-1a9fbe50f0a5/nazanin72zahra,unknown,-1
https://www.ninisite.com/user/ff5e13c6-abb3-48c2-9195-3513ff206bac/i-am-using-ninisit,unknown,-1
https://www.ninisite.com/user/0085abb5-3544-47f4-987a-d33743919e83/%D8%A7%D8%B3%D8%AA%D8%A7%D9%84%DB%8C%D9%86%DA%AF%D8%B1%D8%A7%D8%AA,unknown,-1
https://www.ninisite.com/user/45c57687-49eb-4805-abe7-6a126533ce5d/%D8%B4%D8%A8%D9%86%D9%851212,unknown,-1
https://www.ninisite.com/user/b0bc1998-5945-4f1c-963d-1d9f38180a49/%D9%85%D9%87%D9%87%D9%87%D9%87%D8%B1,unknown,-1
https://www.ninisite.com/user/4a09360d-fbfe-4152-a631-a45c75ba9c96/%D9%85%D8%A7%D9%85%D8%A7%D9%86-%D9%86%D9%85%D9%88%D9%86%D9%87-%D8%A7%D9%93%DB%8C%D9%86%D8%AF%D9%87,unknown,-1
https://www.ninisite.com/user/86538c36-ebe0-46f4-8ccf-3b9e44dabf53/naneh-noghli,unknown,-1
https://www.ninisite.com/user/54e0945e-3e25-41b9-bf44-44bbaa1fbee0/am%D8%A7%D9%82%D8%A7%D9%82%D8%A7,unknown,-1
https://www.ninisite.com/user/0ee44d94-375e-40cf-b4c9-f66bbef01adb/%D9%BE%D8%B1%D9%86%D8%B3-%D8%AE%D9%88%D8%AF%D9%85%D9%85,unknown,-1
https://www.ninisite.com/user/ab1367ee-3fae-46b4-8410-346cabb37218/kajalllllllllll,unknown,-1
https://www.ninisite.com/user/9b8ab763-ea6b-44e8-ab60-75a96eaa95ea/%D9%85%D8%B4%D8%A7%D9%88%D8%B1%DB%B2%DB%B0,unknown,-1
https://www.ninisite.com/user/2389f3b1-5477-4b5f-8011-748b471d14f3/%D8%B3%D9%85%D9%86%D8%AF%D9%88%D9%88%D9%88%D9%88%D9%88%D9%88%D9%88%D9%88%D9%86,unknown,-1
https://www.ninisite.com/user/a944e09f-3dd4-4a0a-bd8c-c074dd75d4d0/1378aramash,unknown,-1
https://www.ninisite.com/user/28f71349-e216-477e-9d1c-f9a735e29c25/eliliw,unknown,-1
https://www.ninisite.com/user/1853262e-0759-49dc-96b3-e3c4962f9e3c/66-neda,unknown,-1
https://www.ninisite.com/user/76161c22-7904-4705-ba30-a91412686fff/maman-milan,unknown,-1
https://www.ninisite.com/user/f7ab6154-b38e-4c91-966a-e3685514ed43/%D8%B4%DB%8C%D9%88%D8%A7%D8%AC%D9%88%D9%86,unknown,-1
https://www.ninisite.com/user/18293651-70fb-4bf0-91db-4f31d508e06c/sssssahel,unknown,-1
https://www.ninisite.com/user/f9d42cf6-d8ca-456f-a29d-42f742eb6393/yazameneahoo,unknown,-1
https://www.ninisite.com/user/ca954c41-d549-4fb1-9d8c-d0d37e35b9c2/rojan80,unknown,-1
https://www.ninisite.com/user/393d0f62-aa3b-4d0d-80a9-3281f337f0da/%D9%85%D9%87%D8%B1%D8%A8%D8%A7%D9%86%D9%88%D9%88%D9%88%D9%88%D9%88%D9%88%D9%88%D9%88,unknown,-1
https://www.ninisite.com/user/bed2f64e-b631-496e-be31-d3881d9bfbf8/%D9%85%D9%87%DA%A9%D8%A7%D9%85%D9%87120728,unknown,-1
https://www.ninisite.com/user/fec3bee6-360b-4cb8-b1cb-e2bd4b9bfdcc/%D8%A8%D8%A7%D9%85%D8%B2%D9%87-%D8%A8%D8%A7%D9%82%D9%84%D9%88%D8%A7,unknown,-1
https://www.ninisite.com/user/1cf8a1cc-e378-4d02-bf8b-0948571ae853/%D9%85%D8%A7%D9%85%D8%A7%D9%86alijon,unknown,-1
https://www.ninisite.com/user/00fe3377-45e8-4216-96f5-c191143fc2e0/%D9%86%DB%8C%D9%84%D9%8863,unknown,-1
https://www.ninisite.com/user/be0b90ee-fae8-497d-b0fc-add7f6911522/pariamojtabaa,unknown,-1
https://www.ninisite.com/user/c06fb0fb-3bf7-4642-aa9d-a592f57293cb/khoda2023,unknown,-1
https://www.ninisite.com/user/d2f5e1f3-5035-4518-9e2d-9af4a8bbff91/%D9%81%D9%86%DA%86-%D9%82%D8%B1%D9%85%D8%B2,unknown,-1
https://www.ninisite.com/user/5cf3206c-baa7-4891-a85e-bf234c7ca142/irancel,unknown,-1
https://www.ninisite.com/user/8bb977b2-bcf6-4f17-8684-d9f025db578f/a1s3m8a3,unknown,-1
https://www.ninisite.com/user/1e256af0-cbc9-483a-9fcb-f871d6fe9383/%D8%AF%D9%86%DB%8C%D8%A7%DB%8C%D8%A8%DB%8C%D8%A7%D8%B1%D8%B2%D8%B4,unknown,-1
https://www.ninisite.com/user/99f03a2d-d87f-4121-86e4-8b8f7b7faf45/%D9%84%DB%8C%D9%84%D8%A7%DB%8C%D8%AA,unknown,-1
https://www.ninisite.com/user/b1443898-642a-4dc7-91b5-5d251f18eab2/maryyammmm092324,unknown,-1
https://www.ninisite.com/user/c15d5b4d-2536-4b40-9c7e-8ea4b93d618c/mother-mahlinn,unknown,-1
https://www.ninisite.com/user/056b22fa-7fe8-4a68-b064-32c30d21c334/baharrr24,unknown,-1
https://www.ninisite.com/user/1fc1825e-dff4-4e96-838d-87e6ffac4265/%D8%B4%DB%8C%D9%88%D8%A7%D8%A7%D8%B3%D9%BE,unknown,-1
https://www.ninisite.com/user/387844e4-a012-4a4e-83e3-363edcea18d1/%D8%AF%D9%86%DB%8C%D8%A7%DB%8C-%D9%85%D8%AC%D9%87%D9%88%D9%84,unknown,-1
https://www.ninisite.com/user/1aafa560-cb99-46a7-a0cb-b7cb028bdddf/shahryariran9,unknown,-1
https://www.ninisite.com/user/02b8058d-2c5e-4df8-b309-4f4f57df3ac1/%D8%A7%D9%84%D9%87%D9%871%D8%AE%D8%B1%D8%AF%D8%A7%D8%AF,unknown,-1
https://www.ninisite.com/user/57465a9e-4a27-4481-bffc-cace88ece55c/black-swann,unknown,-1
https://www.ninisite.com/user/bb54fbf0-09ac-4047-becf-ec6cf049113a/%D9%86%D8%A7%D8%AF%DB%8C%D8%A7%DB%B7%DB%B5,unknown,-1
https://www.ninisite.com/user/5ff71217-6d7d-49ce-b564-013ddf2f7757/fffffaaaatttty,unknown,-1
https://www.ninisite.com/user/1159c88f-259c-44b8-83b9-411f4a320a19/%D8%AA%D8%A7%D8%A7%D8%A8%D8%A7%D8%A7%D9%86,unknown,-1
https://www.ninisite.com/user/e6fa05e1-20a6-41f1-8e54-31ae7b922150/nanajwa,unknown,-1
https://www.ninisite.com/user/5444ce11-9b5a-42e4-8ba4-c5307149bdba/%D8%B4%DA%A9%D9%84%D8%A7%D8%AA%D8%B1%D8%B4,unknown,-1
https://www.ninisite.com/user/74574a68-aed2-4fa5-b1a2-08aa76de79fb/atishmordab,unknown,-1
https://www.ninisite.com/user/d4d7e98c-f3fc-4e91-8559-be6a80e49647/fatima-bndrw,unknown,-1
https://www.ninisite.com/user/54c1449c-61a8-4a7b-8586-ac27971cacc4/%D9%84%DB%8C%D9%84%D8%A7%DB%8C-%D8%B4%D8%A8-%DB%B1%DB%B1,unknown,-1
https://www.ninisite.com/user/a7554441-7664-4a79-b897-1894e6c1bbba/%D8%B3%D9%81%DB%8C%D8%AF%D8%A8%D8%B1%D9%81%DB%8C%DB%8C%DB%8C%DB%8C%DB%8C%DB%8C%DB%8C%DB%8C,unknown,-1
https://www.ninisite.com/user/d349f046-535a-4bda-95e1-28789f04ecc2/sadaf-14,unknown,-1
https://www.ninisite.com/user/c85b8453-04b6-4eb1-8190-a3ad1ff10b5a/shadi-hastam,unknown,-1
https://www.ninisite.com/user/7fd69c7d-5ba4-4d07-ac43-3b27af9f6f8e/%D8%AA%D9%88%DA%A9%D9%84-%DA%A9%D8%B1%D8%AF%D9%85-%D8%A8%D8%AE%D8%AF%D8%A7,unknown,-1
https://www.ninisite.com/user/ea7b29f4-9906-425a-a87a-598ea025a44d/yekta-ershadi,unknown,-1
https://www.ninisite.com/user/40250802-aaef-47ef-853e-cb5976ea55f5/darya2530,unknown,-1
https://www.ninisite.com/user/c16e26d1-7222-4ac7-9ca2-16ca30f4e805/bi-hamta,unknown,-1
https://www.ninisite.com/user/e125e0dc-cf2b-478c-a040-c1b474fb2474/dozligiz83,unknown,-1
https://www.ninisite.com/user/5d53f76b-9cda-4b0e-9d83-e7f392d8df3e/%D8%B5%D8%A8%D8%A7%D8%A7%D8%A7%D8%A7%D8%A7%D8%A7%D8%A7%D8%A7,unknown,-1
https://www.ninisite.com/user/81769e3c-d09c-433a-8095-548f21aefcb3/artam-xx,unknown,-1
https://www.ninisite.com/user/d673769a-d736-4d49-ad5c-bc41217064fb/%D8%AF%D8%AE%D8%AA%D8%B1%D9%85%D8%B2%D8%B1%D8%B9%D9%87%DB%B6%DB%B7,unknown,-1
https://www.ninisite.com/user/7bc66222-016d-4733-9cd0-3142c9d45129/sfasf,unknown,-1
https://www.ninisite.com/user/1244200a-5c6e-494e-93bc-520f6bbfb3c1/%D8%AE%D9%88%D8%B4%D8%A8%D8%AE%D8%AA%D8%B3%D8%A7%DB%8C%D8%AA,unknown,-1
https://www.ninisite.com/user/b42be8df-4765-4348-8eed-541e1dcb065a/%D8%B1%D8%B2-%D8%A8%D9%86%D9%81%D8%B4-%D8%AA%D8%B1%DA%A9%DB%8C%D8%AF%D9%87,unknown,-1
https://www.ninisite.com/user/a4668470-e3bb-4694-9e17-432c20e7962d/%D8%AF%D9%87%D8%AE%D8%AF%D8%A7%DB%B1%DB%B3%DB%B8%DB%B0,unknown,-1
https://www.ninisite.com/user/9ebc4e6f-ca7f-4a3c-ab74-9eb816c6638e/%D8%AE%D8%A7%D9%86%D9%85%D8%AE%D8%A7%D9%86%D9%88%D9%85%D8%A7,unknown,-1
https://www.ninisite.com/user/7f9f34c7-f461-4e68-83fc-5ed71cb02bdd/%D9%85%D8%A7%D9%85%D8%A7%D9%86-%D8%A7%D9%88%D9%84%DB%8C-%DB%B7%DB%B8,unknown,-1
https://www.ninisite.com/user/eaad6334-7c24-4f6b-bd1a-88db64815dcc/pishollliii,unknown,-1
https://www.ninisite.com/user/73e2b0bb-6d01-4c3c-92bb-33b2c351b6cc/%D8%B1%D9%88%DA%98%D8%A7%D9%86-%D8%B1%D9%88%DA%98%D8%A7%D9%86,unknown,-1
https://www.ninisite.com/user/0bc970cd-f220-4f02-9ada-3f5316f531e2/mamanalivaabra,unknown,-1
https://www.ninisite.com/user/d19d0459-bef2-46c1-b4bb-5a16687e5c6b/mmssm,unknown,-1
https://www.ninisite.com/user/9052fd35-c578-464a-9dfb-2abdeae39803/%D9%85%D8%A7%D9%85%D8%A7%D9%86-%D9%BE%D8%B3%D8%B1-%DA%A9%D9%88%DA%86%D9%88%D9%84%D9%88%D9%85,unknown,-1
https://www.ninisite.com/user/98a67031-212a-4839-b07b-21d3a4bdcf0d/18m17,unknown,-1
https://www.ninisite.com/user/cb22c3ce-d97a-4a06-8c82-205a9c852f5a/%D8%AF%D8%AE%D8%AA%D8%B1%D8%B4%D8%A7%D8%B9%D8%B1,unknown,-1
https://www.ninisite.com/user/e6ae674d-4bec-4113-a94c-fce5be17f795/%D8%AA%D9%86%D9%87%D8%A7%D8%A7%D8%A7%D8%A7%D8%A7%D8%A7tanha,unknown,-1
https://www.ninisite.com/user/d6c26668-5157-45fc-9dfc-b210b6b3b833/%D8%A7%D9%93%D8%B1%D8%A7%D9%85%DB%8C%D8%A7%D9%86%D9%87,unknown,-1
https://www.ninisite.com/user/c3ab3660-8d54-44da-8df1-9ae34a660c0e/nor7168400,unknown,-1
https://www.ninisite.com/user/88906c3c-3227-4f58-9cb1-618a0359fd23/atabizemestoon,unknown,-1
https://www.ninisite.com/user/b8b7efd7-3285-4325-b5e9-fa5127db2316/radvinmamani,unknown,-1
https://www.ninisite.com/user/f5fc7d2a-f2d8-496d-bffc-18e0d1eedf81/%D8%A7%D9%93%D9%88%D8%A72388,unknown,-1
https://www.ninisite.com/user/76d82523-5854-44dc-a7c5-860fc95ac29b/%D8%A7%D8%AE%D8%AA%DB%8C-%D8%B5%D9%81%DB%8C%D9%87,unknown,-1
https://www.ninisite.com/user/20fce2a8-4bc8-4551-86e5-c27999f6bd74/maaaahsaaaa,unknown,-1
https://www.ninisite.com/user/fec89bb4-b394-43b7-a725-ead38ba55cbf/%D9%81%D9%86%D8%AF%D9%88%D9%82-%DA%A9%D9%88%DA%86%D9%88%D9%84%D9%88,unknown,-1
https://www.ninisite.com/user/2b838efa-b2c1-4597-8605-d9b5645df835/parinaz90,unknown,-1
https://www.ninisite.com/user/7dbb0ca4-f76a-4cf2-8b92-cb5735ccf5db/%D9%BE%D8%B1%D9%BE%D8%B1%D8%AA%D9%88%D9%86,unknown,-1
https://www.ninisite.com/user/74187644-b482-4720-bcb2-7ceac0eee9a5/gdcvx,unknown,-1
https://www.ninisite.com/user/862376f9-c4bd-4d27-905d-fd49d9c2d562/%D8%B3%D9%88%D8%B3%DA%A9-%D8%A8%D8%A7%D9%84%D8%AF%D8%A7%D8%B1,unknown,-1
https://www.ninisite.com/user/8f01433a-8a38-40e0-8eb1-7d16a087b51b/shsharifeh,unknown,-1
https://www.ninisite.com/user/1675fb0c-47fa-453c-974a-bba295268130/%D8%AC%D8%A7%D9%86%D9%81%D8%AF%D8%A7,unknown,-1
https://www.ninisite.com/user/17d54e6f-35d4-48c7-b2d1-a10161fba882/%D8%B3%D9%88%D9%88%D9%88%D9%88%D9%81%DB%8C%D8%A7%D8%A7%D8%A7,unknown,-1
https://www.ninisite.com/user/c7de9368-c79e-42d6-8fc4-181f992aa046/adernali,unknown,-1
https://www.ninisite.com/user/f5724413-bac2-48d4-ba43-288ea1e53f41/%D8%AD%DB%8C%D8%B1%D8%A7%D9%86,unknown,-1
https://www.ninisite.com/user/d0686f7a-f224-41b4-b879-f0a311ca029b/nazzzerr,unknown,-1
https://www.ninisite.com/user/b3eb5195-ad54-4acb-8f27-9104b66ace15/%DA%A9%D9%81%D8%B4%D8%A7%DB%8C-%D9%85%DB%8C%D8%B1%D8%B2%D8%A7%D9%86%D9%88%D8%B1%D9%88%D8%B2%DB%8C,unknown,-1
https://www.ninisite.com/user/21421208-cfe1-4563-a64f-3cf27429c793/s-a-y-e,unknown,-1
https://www.ninisite.com/user/ca82f008-dcf3-41c0-96a6-6516a2c85b82/edarooshi,unknown,-1
https://www.ninisite.com/user/087a4b48-4247-47a6-ac1c-4c060d595e18/%D8%AF%D9%81%D9%86%D9%88%D8%A7%D8%B270,unknown,-1
https://www.ninisite.com/user/4cb2a360-748b-40a9-a598-021cc0094371/%D8%AD%D9%86%D8%A7%D9%86%D9%86%D9%86,unknown,-1
https://www.ninisite.com/user/55f6c3bb-48c7-4208-a7ea-2487f20a8348/%D9%82%D9%84%D8%A8%D9%85%D9%85%D9%85%D9%85%D9%85,unknown,-1
https://www.ninisite.com/user/8f18c436-fcb4-4bf4-8f75-0cf77d9f88b3/shaftaloomaman,unknown,-1
https://www.ninisite.com/user/f10c302f-6e34-437e-a74d-f1483d23c89b/%D8%B2%DB%8C%D8%A8%D8%A7%D8%AC%D9%88%D9%88%D9%88%D9%88%D9%88%D9%86,unknown,-1
https://www.ninisite.com/user/7b5819ab-90a6-493e-9f34-becca72e8f22/angel1376,unknown,-1
https://www.ninisite.com/user/69e4a9ef-3878-4500-9e30-71c814db9bd9/%D8%AE%D8%A7%D9%86%D9%87-%DA%86%D9%88%D8%A8%D9%8A,unknown,-1
https://www.ninisite.com/user/0548e562-0332-4c7d-8381-260335e8760a/%D8%B3%D9%84%D8%B7%D8%A7%D9%86-%D8%AA%D8%B9%D9%84%DB%8C%D9%82-%D8%B3%D8%A7%DB%8C%D8%AA%D9%85,unknown,-1
https://www.ninisite.com/user/569c802c-7c9a-4544-a794-d116f6d21748/laili71,unknown,-1
https://www.ninisite.com/user/bb879ab6-d264-432e-a162-7f4463f43625/%D9%84%D9%BE%D9%88%D8%AE%D8%A7%D9%86%D9%88%D9%85,unknown,-1
https://www.ninisite.com/user/c83c4968-046d-44ec-b86e-abbc5ae1337e/%D8%B2%D9%87%D8%B1%D8%A7-%DA%98%D9%84%D9%88%D9%81%D9%86,unknown,-1
https://www.ninisite.com/user/4de205ac-d8f7-4a36-bae1-44c11b9eac14/%D9%87%D8%A7%D9%86%DB%8C41,unknown,-1
https://www.ninisite.com/user/1b6b0b37-6bce-42a5-bf9f-4d494184b5c1/mohanakhanom,unknown,-1
https://www.ninisite.com/user/3820b276-755a-4096-b8c1-f024c0a05a44/%D9%85%DB%8C%D9%85%D9%88%D9%86-%D8%B2%D8%B4%D8%AA,unknown,-1
https://www.ninisite.com/user/fc70ca33-e5da-4ce4-a133-f64d418e19f5/%D8%AA%D9%85%D9%86%D8%A7%D8%A7%D8%A7%D8%A7,unknown,-1
https://www.ninisite.com/user/d728bb03-7950-4b84-abda-5f4e64904005/%D8%AA%D8%B1%D9%86%D9%85%DB%B4%DB%B0%DB%B1,unknown,-1
https://www.ninisite.com/user/cfd69568-be76-46cb-8bc9-5efda0b8cb7b/%D8%AF%DB%8C%D8%A7%D9%86%D8%A7%D8%A7%D9%93%D9%86%DB%8C%D8%AA%D8%A7,unknown,-1
https://www.ninisite.com/user/f1312c51-1883-4d3c-aa6f-cccddd74ce62/%D8%B9%D8%B1%D9%88%D8%B3%DB%B7%DB%B3,unknown,-1
https://www.ninisite.com/user/df418509-4171-4920-9540-17b212812c27/elinakhamse,unknown,-1
https://www.ninisite.com/user/c3634b8b-23a2-467a-be4f-9b00e98d4ce3/%D9%86%DB%8C%D9%84%D9%88%D9%81%D8%B1%D8%AE%D8%A7%D9%86%D9%88%D9%88%D9%88%D9%85%DB%B4,unknown,-1
https://www.ninisite.com/user/79791f58-b863-433f-a44a-818bf4cbb470/%D8%AE%D9%88%D8%A7%D8%B3%D8%AA%DA%AF%D8%A7%D8%B1,unknown,-1
https://www.ninisite.com/user/a17b24e2-1095-48fe-a7b1-b3ad7d83b29d/mahtabian,unknown,-1
https://www.ninisite.com/user/67f44121-66ff-4568-9648-57b4402e97ea/fatemehzahra1400,unknown,-1
https://www.ninisite.com/user/6bd3764e-faf6-4bce-8053-d0f78ee71697/%D9%85%D9%87%D9%86%D8%A7%D8%A7%D8%B2,unknown,-1
https://www.ninisite.com/user/2d931880-e935-45f5-b187-313320bfb40c/fatiiiiiiiiijooon,unknown,-1
https://www.ninisite.com/user/67ffae12-4733-4077-aaad-adfa81d9aae7/saraab2,unknown,-1
https://www.ninisite.com/user/797bd27b-0895-42fa-bcc2-1b4e3b0db923/%D8%A7%D9%93%D9%87%D9%88-26003,unknown,-1
https://www.ninisite.com/user/1e2da0be-f350-4eba-bc53-9f7bd3c96e5c/%D8%AF%D8%B3%D8%AA%D9%85-%D8%AF%D8%B1-%D8%AF%D8%B3%D8%AA-%D8%AE%D8%AF%D8%A7,unknown,-1
https://www.ninisite.com/user/cb36ab67-6dfa-4c77-a892-2a02b3b37614/mary-6,unknown,-1
https://www.ninisite.com/user/7ad37661-c630-4982-b66b-315b13de4a66/%D8%A7%D8%B1%D8%AF%DA%A910,unknown,-1
https://www.ninisite.com/user/54efd246-5d0a-4fcb-aa00-7dd9b30daa6a/%D8%A8%D8%A7%D9%84%DB%8C%D8%AA%D9%84%D8%A8%D9%88%D8%AA%D9%84,unknown,-1
https://www.ninisite.com/user/920c69e8-34d7-4b02-a8ac-f75a9b43ba13/saramosh,unknown,-1
https://www.ninisite.com/user/5b9334cd-9755-40e6-b50a-2353bed3de60/dearielahe,unknown,-1
https://www.ninisite.com/user/b8aff6d1-58b2-4551-881c-fe5cead7ac86/%D9%85%D8%B1%D9%88%D8%A7%D8%B1%DB%8C%D8%AFddd,unknown,-1
https://www.ninisite.com/user/6f8d149a-bef1-441a-bd66-b389d26839c2/atuli,unknown,-1
https://www.ninisite.com/user/d1af47a5-adcf-4202-9dbf-0e3bfa91e56b/mahimahboob,unknown,-1
https://www.ninisite.com/user/4dae0167-2147-468e-b543-3ebc04d34e88/%D8%B5%D8%AF%D8%A8%D8%A7%D8%B1%D8%AA%D8%B1%DA%A9%DB%8C%D8%AF%D9%87,unknown,-1
https://www.ninisite.com/user/8fcac724-302f-459e-b915-0ab92ea780c9/%D9%84%DB%8C%D8%A7%D9%84%DB%B2%DB%B2%DB%B2%DB%B2,unknown,-1
https://www.ninisite.com/user/ebecbea5-a94a-4304-beb4-f5b003f54233/asheghkhodaaa,unknown,-1
https://www.ninisite.com/user/65b413c0-59d3-4d2b-a16a-1b20bcb09da4/ghezi-khanoom,unknown,-1
https://www.ninisite.com/user/5dbad549-d0ab-4f08-9fc6-ef04408810c1/ziba1993,unknown,-1
https://www.ninisite.com/user/9a3fb5cc-4b86-41b4-8cb9-d09d8ec4b7ec/anish-moon,unknown,-1
https://www.ninisite.com/user/ee5eb39d-a248-40c6-9c4f-b47644a6fa24/rahaiii123,unknown,-1
https://www.ninisite.com/user/a2f42b54-a821-4e4c-bb4c-bdede56bf0f1/%D8%AF%D9%84%D8%A7%D8%B1%D8%A7%D9%858098,unknown,-1
https://www.ninisite.com/user/e275ee50-8c2d-4369-ab37-fd7743176822/mooshiiii,unknown,-1
https://www.ninisite.com/user/59dc2d83-51f3-4567-8b78-64572c6c59a3/%D8%AC%DA%A9-%D8%AC%DB%8C%D9%84,unknown,-1
https://www.ninisite.com/user/dc0ede6b-062f-4516-87bb-1ee405712ff7/%D8%AE%D9%88%D8%A7%D9%87%D8%B1%D8%B4%D9%88%D9%87%D8%B1%D9%86%DB%8C-%D9%86%DB%8C-%DB%8C%D8%A7%D8%B1%DB%B5,unknown,-1
https://www.ninisite.com/user/6dfde1ce-d333-4aa1-a7d8-b39f136286f6/aisajanam,unknown,-1
https://www.ninisite.com/user/91288890-bd79-499b-9c10-749b3edf2a09/tattoo-artist,unknown,-1
https://www.ninisite.com/user/6b1b5297-981e-42b4-86b4-ab13d046316d/gonjeshkeazad,unknown,-1
https://www.ninisite.com/user/73175b7b-44f7-49ea-a282-9cbc66db6292/mobina83gh,unknown,-1
https://www.ninisite.com/user/1d872a48-3450-4ac7-98a5-1c185f9cdc09/%D8%AC%D9%86%DA%AF%D9%87%D8%A7%DB%8C%D8%A7%D8%B1%D8%B2%DB%8C,unknown,-1
https://www.ninisite.com/user/3c074940-1e33-427a-8bd9-e80b52696973/dish-diri-did,unknown,-1
https://www.ninisite.com/user/7bae2549-0a3c-4b9a-a08b-e10ded299b6f/sedayeshgh,unknown,-1
https://www.ninisite.com/user/d3e6ffcf-6e22-44c1-8b5b-ebfbf4e5f0bd/meludi73,unknown,-1
https://www.ninisite.com/user/b6161f7a-cee7-4356-9eec-a8f9db15d7ae/%D8%AE%D8%A7%D9%86%D9%85%D8%AC%D9%86%DA%AF%D8%AC%D9%88,unknown,-1
https://www.ninisite.com/user/7950bdd9-d9a0-45ff-a445-31dd15d30c3d/%D9%85%D9%86-%D9%81%D8%A7%D8%B7%D9%85%D9%87-%D9%87%D8%B3%D8%AA%D9%85,unknown,-1
https://www.ninisite.com/user/c405d6a0-7b5e-4fce-b6ab-6b599e37e360/bahar,unknown,-1
https://www.ninisite.com/user/093d9151-c9b4-4d9f-a449-e72a7dd5deb5/%D8%AE%D8%AF%D8%A7%DB%8C%D8%A7%D8%B4%DA%A9%D8%B1%D8%B1%D8%B1%D8%B1%D8%B1%D8%B1%D8%B1%D8%B1%D8%B1%D8%AA,unknown,-1
https://www.ninisite.com/user/fd40f955-cd53-413a-a95f-37c3caca0c22/%D8%B3%D9%88%DB%8C%D9%86-%DB%B7%DB%B8,unknown,-1
https://www.ninisite.com/user/fbb599db-2c0e-4c05-a0af-a1d7287fee99/zohr3h,unknown,-1
https://www.ninisite.com/user/80cfaf54-a906-4ac9-bceb-564bad54326c/%D8%B3%D8%AE%D8%AA%DA%A9%D9%88%D8%B4%D9%85,unknown,-1
https://www.ninisite.com/user/3b41c667-8c35-41fe-b8f4-6e41be909682/sheyda-red,unknown,-1
https://www.ninisite.com/user/2cd226ca-a16b-4e01-975b-23e501db2c58/%D8%B3%D8%A7%D8%B1%D8%A7%D8%A7%D8%A7%D8%A7%D8%A7%D8%A7%D8%A7%D8%A7%D8%A7%D8%A7%DB%8C%DB%8C,unknown,-1
https://www.ninisite.com/user/ba9a6ab1-be78-4805-b950-268249da6170/%D8%B1%D9%88%D8%AD-%D8%A7%D9%93%D9%86%D8%A7%D8%A8%D9%84%DB%B2-%D8%B3%D8%A7%D8%A8%D9%82%D9%85,unknown,-1
https://www.ninisite.com/user/30ade679-a54f-4830-ad26-2784b5481e83/%D8%A7%D9%8A%D8%B1%D8%A7%D9%86%D8%AF%D8%AE%D8%AA,unknown,-1
https://www.ninisite.com/user/fa3f774c-f99f-4261-9d33-08670c415f21/roozziittaa,unknown,-1
https://www.ninisite.com/user/fee50b43-ad75-4953-9317-1277f3d2be7f/%D8%B3%D8%AF%D9%86%D8%A7balocham,unknown,-1
https://www.ninisite.com/user/d129133a-8494-45c1-9505-634b7fb30c5e/pejvak3124,unknown,-1
https://www.ninisite.com/user/bc289ca4-1dd2-4679-9762-2461a3d91085/%D8%B1%D8%A7%DB%8C%D8%A7%D9%86-98,unknown,-1
https://www.ninisite.com/user/b4dc817a-2398-448e-ac54-024970360f6a/%D8%B3%D8%AD%D8%B1-%D9%87%D8%B3%D8%AF%D9%85,unknown,-1
https://www.ninisite.com/user/8c966e4a-e37d-4251-8d15-68012b024412/immahi,unknown,-1
https://www.ninisite.com/user/edb854f8-179d-4842-99ab-efdb02f06fde/maaryam-m,unknown,-1
https://www.ninisite.com/user/a48151b0-e07d-4289-a8f5-9c125375c60d/%D9%85%D8%AA%D9%88%D9%84%D8%AF75,unknown,-1
https://www.ninisite.com/user/7d0e7929-f06e-416c-9598-47f848b7330e/%DA%AF%D9%84%D8%A8%D8%B1%DA%AF%D9%85%D9%85%D9%85,unknown,-1
https://www.ninisite.com/user/95dd7e76-fb8f-4774-bc40-71feadb00217/%DA%AF%D9%85%D9%86%D8%A7%D9%85%D9%85%D9%85%D9%85%D9%85%D9%85%D9%85%D9%85,unknown,-1
https://www.ninisite.com/user/ad0c6add-9836-4d44-8b40-55c719422dda/saryehhhh,unknown,-1
https://www.ninisite.com/user/371f921f-0677-4f34-9d78-e3a33c18ecc2/orient,unknown,-1
https://www.ninisite.com/user/2b9babc8-bf82-4fa6-b0c1-950c1baf9a02/%D9%88%D8%A7%D8%AA%D8%B3%D8%A7%D9%BE80,unknown,-1
https://www.ninisite.com/user/d495b82b-ddb3-4c39-8607-04c1610bc7b4/zeynabkorijani,unknown,-1
https://www.ninisite.com/user/d77dffa5-5cdf-47e4-911f-1257c1385d1d/1398mana,unknown,-1
https://www.ninisite.com/user/190e6df6-e336-427f-a689-069f11ab3e1a/%D9%81%D9%82%D8%B7-%D8%AE%D8%AF%D8%A7%DB%B6%DB%B8,unknown,-1
https://www.ninisite.com/user/1f6b42d4-60d1-4280-b9d2-eacba6a0c395/%D9%85%DB%8C%D9%87%D9%86%D8%A7,unknown,-1
https://www.ninisite.com/user/a3acb6ef-451f-43da-80d1-a254fc0d2c64/%D9%85%D8%A7%D9%85%D8%A7%D9%86%DB%B2%D9%81%D8%B1%D8%B4%D8%AA%D9%87%DB%B0%DB%B0%DB%B0%DB%B2,unknown,-1
https://www.ninisite.com/user/cd64007c-002f-476b-811e-80d7056852a4/pinki-princess,unknown,-1
https://www.ninisite.com/user/d54f253c-b550-4ffb-a59d-11c03efe33ef/karbarkhob,unknown,-1
https://www.ninisite.com/user/9fe6f854-3dff-4d03-b87d-8d39939fca1e/alijenab14,unknown,-1
https://www.ninisite.com/user/15a4fda2-23a5-43e5-8ccd-1c3f72c32bb0/%D8%B1%D9%88%DA%98%D8%A7%D9%86%D9%883,unknown,-1
https://www.ninisite.com/user/687d8337-7de7-445c-b2f3-a345345bcdaf/frestlydye,unknown,-1
https://www.ninisite.com/user/b7696634-af38-496a-af1e-0a3065032ee7/13701373,unknown,-1
https://www.ninisite.com/user/e63efebb-8d83-4fb4-8e83-df5dde53bf19/dokhtarekoochooloo,unknown,-1
https://www.ninisite.com/user/0f715bdc-84f3-435d-90bb-1786b9e0d3c3/%D8%AE%DB%8C%D8%A7%D8%B1%D9%BE%D9%84%D9%88,unknown,-1
https://www.ninisite.com/user/6ce415f8-8ec0-435d-a1eb-81d3402ea9e0/violeta,unknown,-1
https://www.ninisite.com/user/a380e98a-8e0b-41f7-b685-f42a9097f731/asalam9080,unknown,-1
https://www.ninisite.com/user/f273dfeb-8ca6-496f-9898-6af211c2e281/parsafar,unknown,-1
https://www.ninisite.com/user/cf8710bb-0203-41e7-a1e1-b4c018932dfc/%D8%AC%D9%88%D8%AC%D9%870%D8%B1%D9%86%DA%AF%DB%8C,unknown,-1
https://www.ninisite.com/user/0ffbd93c-4ac3-433d-81bf-65f628038e8d/%D8%AF%D8%B1%DB%8C%D8%A7%D8%AA%D9%88%D9%86%D9%85,unknown,-1
https://www.ninisite.com/user/cde7777d-72bf-4db8-b7b5-b770ba6b2b37/maryamazadi20,unknown,-1
https://www.ninisite.com/user/c717844b-fb37-4b7f-a54e-e8eeadd318d0/lolip,unknown,-1
https://www.ninisite.com/user/6820c4a0-c7d1-4059-8f8c-a7ad1b1a1236/%D8%BA%D8%B2%D9%8480,unknown,-1
https://www.ninisite.com/user/d9ebd57a-a6fb-4cac-a0dc-69a1b73283f6/%D8%B3%D9%84%DB%8C%D9%861239,unknown,-1
https://www.ninisite.com/user/2add3fac-5877-4878-b639-cade037921cd/%D9%85%D9%87%D9%84%D8%A706363,unknown,-1
https://www.ninisite.com/user/222b6e1e-1104-4dfa-9c64-bf1220d2b8ac/%D8%A7%D9%93%D9%84%D9%88%D8%B5%D9%88%D9%84%D8%AA%DB%8C,unknown,-1
https://www.ninisite.com/user/3cc79f51-f37d-4872-bc49-99f979a16651/%D9%85%D9%88%DA%A9%D8%AA-%D9%BE%D8%B1%D8%B2%D8%AF%D8%A7%D8%B1,unknown,-1
https://www.ninisite.com/user/e65bf919-28c2-4141-ac60-08eb7d3c3694/aynaz3676,unknown,-1
https://www.ninisite.com/user/443c61cd-7d80-43d7-b73a-0e4a765e3cd8/%D8%B1%DB%8C%D8%AF%D8%A8%D8%B1%DA%AF%DB%B2,unknown,-1
https://www.ninisite.com/user/ec9a49e6-2433-49c5-ac91-a8d00b3e33fa/%D9%85%D8%A7%D9%85%D8%A7%D9%86%D8%B1%D8%B2%D9%8858,unknown,-1
https://www.ninisite.com/user/b0326a77-e686-40e1-bddb-1fcd06d411ae/%DA%A9%D9%88%D8%AF%DA%A9%D8%AF%D8%B1%D9%88%D9%86,unknown,-1
https://www.ninisite.com/user/6fcc8fd6-1304-4f32-b53e-17adc3ce8e2e/%D8%AF%D8%AE%D8%AA%D8%B1%D8%A7%D9%82%DB%8C%D8%A7%D9%86%D9%88%D8%B3%DB%B5%DB%B7,unknown,-1
https://www.ninisite.com/user/44626dc8-8c18-4a93-9dc7-0fb27199216c/pary01,unknown,-1
https://www.ninisite.com/user/b0e02f93-d4be-49ca-a95f-993e204887b5/star-44,unknown,-1
https://www.ninisite.com/user/b5f77cbe-67d3-4750-9ca2-f1d019573491/parinaz7,unknown,-1
https://www.ninisite.com/user/e42eddef-059d-48e1-9be9-aff24b4fdac1/daryadokht,unknown,-1
https://www.ninisite.com/user/1f763a8b-a30f-450f-92d4-a438631a9dad/%D9%85%D8%A7%D9%87-%DA%A9%D9%88%DA%86%D9%88%D9%84%D9%88-%DB%B2%DB%B0,unknown,-1
https://www.ninisite.com/user/fee3f8bd-498d-4620-a01d-c7bf3cb9d4e1/happy-lady,unknown,-1
https://www.ninisite.com/user/863e917a-0926-4d77-b85e-a0d3995a5fb5/barge-ghaveei,unknown,-1
https://www.ninisite.com/user/0520ff4c-3b18-443b-8c04-6943aabc94ea/%DA%A9%D8%A7%D8%B1%D8%B1%D8%A8%D8%B1-%D8%AE%DB%8C%D9%84%DB%8C-%D9%82%D8%AF%DB%8C%D9%85%DB%8C,unknown,-1
https://www.ninisite.com/user/a9b6ad4a-919f-4d2c-ac59-0c4a8b6578a8/%D9%81%D8%A7%D9%8A%D9%94%D8%B2%D9%87-60,unknown,-1
https://www.ninisite.com/user/d13ac8cc-d94c-496f-bf40-d2cb5657d7f1/elham-qr,unknown,-1
https://www.ninisite.com/user/73404715-ff13-47ef-a286-d166626ce84f/%D8%AF%D8%AE%D8%AA%D8%B1%D8%AA%D9%86%D9%87%D8%A7%DB%B1%DB%B3%DB%B7%DB%B9,unknown,-1
https://www.ninisite.com/user/e236269a-8f14-4f64-bb21-290b0904cde3/%D8%B3%D8%A7%D9%86%D8%A7%D8%B2%DB%B6%DB%B8,unknown,-1
https://www.ninisite.com/user/8d3de715-396e-4f07-a41c-e1b7ea4d9720/%D9%86%D8%B3%D8%B1%DB%8C%D9%86-1657,unknown,-1
https://www.ninisite.com/user/fc8cc4f8-b5b6-4c7c-b02d-7ac268d33030/%D8%B3%D9%84%D8%A7%D8%B7%DB%8C%D9%86-%D8%B3%D9%84%DB%8C%D8%B7%D9%87-%D9%87%D8%A7,unknown,-1
https://www.ninisite.com/user/68742443-bea4-440f-b3e4-31a5ca00593f/minooo63,unknown,-1
https://www.ninisite.com/user/10a30a86-8a92-4820-8614-68a152052b65/%DA%A9%D8%A7%D8%B3%D8%A7%D9%86%D8%AF%D8%A7%D9%86-%DA%A9%D8%A8%DB%8C%D8%B1,unknown,-1
https://www.ninisite.com/user/a7cd8bc4-bffa-4b0f-8272-7641d8daaa4a/%D8%AD%D8%B3%D9%86%D8%A7%D8%AC%D9%88%D9%88%D9%86,unknown,-1
https://www.ninisite.com/user/f78763c2-8eba-4343-bdd9-33351beb0826/%D9%85%D8%AA%D9%88%D9%84%D8%AF%D8%A7%D8%B3%D9%81%D9%86%D8%AF,unknown,-1
https://www.ninisite.com/user/698158d8-fe77-4065-acbb-aafd1cadb4ee/%D8%A8%D9%86%D8%B1%D8%B9%D8%B0%D8%B9,unknown,-1
https://www.ninisite.com/user/00344973-4d93-4f17-b2f7-9f249021aced/panah-007,unknown,-1
https://www.ninisite.com/user/8a66d44a-3ee5-4809-a6d3-c12aaf142542/%D8%AA%D9%BE%D9%84%DB%8C-%D8%AC%D8%B0%D8%A7%D8%A8,unknown,-1
https://www.ninisite.com/user/2d8729ff-a8c7-4ae0-a8a5-45e358902caf/%D8%AF%D9%84%D8%A8%D8%B1-%D8%A8%D8%A7%D9%86%D9%85%DA%A9-%D9%85%D9%87%D8%B1%D8%A8%D9%88%D9%86,unknown,-1
https://www.ninisite.com/user/728821a5-61cc-4ff8-87f8-da9634308316/%D9%85%D9%86%D8%B5%D9%88%D8%B1%D9%87%DB%B9%DB%B1,unknown,-1
https://www.ninisite.com/user/acc36020-72b6-4aae-9e37-671fa3383a0b/%D8%A7%D8%AE%D8%AA%D8%A7%D9%BE%D9%88%D8%B380,unknown,-1
https://www.ninisite.com/user/d150de87-bb4d-4fe2-b394-636e5ad3fc37/%D9%85%D8%A7%D8%AF%D8%B1-%D8%AE%D8%A7%D9%86%D9%88%D9%85%DB%8C2,unknown,-1
https://www.ninisite.com/user/25428b61-cbcc-4ffc-ab86-76415758b0bd/vita,unknown,-1
https://www.ninisite.com/user/76aa6520-467a-4033-8ca3-ef5a7d9c9f39/%DB%B1%DB%B9%DB%B9%DB%B8%D8%B3%D8%A7%D8%B1%D8%A7%DB%B1%DB%B9%DB%B9%DB%B8,unknown,-1
https://www.ninisite.com/user/0f390646-dfdf-4152-a3ae-213437cca83b/%D9%85%D9%87%D9%87%D8%B1%D9%85%D9%88%D9%86,unknown,-1
https://www.ninisite.com/user/5a1c3a30-5241-4f72-a1e0-d647fc6e4b94/%D8%A7%D9%84%D8%B9%D8%A7%D9%82%D9%84-%D9%81%DB%8C-%D8%A7%D9%84%D8%A7%D8%B4%D8%A7%D8%B1%D9%87,unknown,-1
https://www.ninisite.com/user/13d0d2ca-d0ec-4967-8cf9-677f3f35f2e0/%D8%A7%D9%93%DB%8C%D8%B3%D9%841010,unknown,-1
https://www.ninisite.com/user/4c8e6003-9649-4f12-9871-6a58c774b4c3/%D8%A7%D9%81%D9%81%D9%84%D8%A7%D8%B7%D9%88%D9%86,unknown,-1
https://www.ninisite.com/user/ebb7f2d4-6386-4581-8188-a4879ed7dda8/%D8%AA%D9%8A%D9%94%D9%84-%D9%86%D8%A7%D8%B1,unknown,-1
https://www.ninisite.com/user/96b41095-c0ce-4c0e-944b-91c207d6e233/faaafa-75,unknown,-1
https://www.ninisite.com/user/6fd7a749-fa2f-4e68-a184-b5c12eb8648a/8997angell,unknown,-1
https://www.ninisite.com/user/f0c2b700-6c0f-4c70-9e95-424a40d05c8f/%D8%AE%D8%AF%D8%A7%DB%8C%D8%A7-%D8%AA%D9%88-%D8%A8%D9%87%D8%AA%D8%B1%DB%8C%D9%86%DB%8C,unknown,-1
https://www.ninisite.com/user/19e70640-ea99-4fd1-af26-09135dd77bf7/pransa9182,unknown,-1
https://www.ninisite.com/user/82bff789-ee40-438a-8e33-383a5d3f5faf/melica235,unknown,-1
https://www.ninisite.com/user/b9fd3305-aa63-4592-a77d-a9106320dacf/bafqi,unknown,-1
https://www.ninisite.com/user/6ba65ec4-aad9-400c-a004-5007dc9875fa/%D9%BE%DB%8C%DA%AF%D9%85%D9%86%D8%AA%D8%B1%D9%87%D8%B3%D8%AA%D9%85,unknown,-1
https://www.ninisite.com/user/3a8b6dca-62bc-4e7a-a8b9-43fe34a49e9e/bhr-76,unknown,-1
https://www.ninisite.com/user/54388d3f-6d5b-4331-83cf-488bc1c0cf2d/%D8%A7%DA%98%D8%AF%D9%87%D8%A7-%D9%88%D8%A7%D8%B1%D8%AF-%D9%85%DB%8C%D8%B4%D9%88%D8%AF,unknown,-1
https://www.ninisite.com/user/e165fa9c-be0e-4199-a4ff-6c9290040a42/%D8%A7%D8%A8%D8%B1-%D8%B3%D9%81%DB%8C%D8%AF-%DA%A9%D9%88%DA%86%D9%88%D9%84%D9%88,unknown,-1
https://www.ninisite.com/user/19d8ec64-6b92-4893-889d-af51cc301834/%D8%B1%D8%B2%D8%A8%D8%A7%D8%BA%DA%86%D9%872,unknown,-1
https://www.ninisite.com/user/560ff374-2284-4a6c-826a-faa98117b6d5/%D8%B3%D9%85%DB%8C%D9%86-99,unknown,-1
https://www.ninisite.com/user/674d5c1b-0d11-4136-8fda-bf7c4d929453/%D8%B1%D8%B2%DB%8C%D8%AA%D8%A759,unknown,-1
https://www.ninisite.com/user/3dde8e75-ca2f-4c25-886b-3d71a8a28a57/%D9%86%D9%88%D8%B1%D8%A7%D9%84%D8%AF%D8%AE%D8%AA,unknown,-1
https://www.ninisite.com/user/e77d150d-88ca-499d-9a45-46c4ed73bc9b/lime,unknown,-1
https://www.ninisite.com/user/47a629f9-11f3-4a89-9467-a8e16e717d2e/%D9%86%D9%84%DB%8C%D9%861380,unknown,-1
https://www.ninisite.com/user/9eed7e40-9032-4e91-b61e-1507ff28fbf6/%D9%86%D8%A7%D8%B2%D9%84%DB%8C%DB%B7%DB%B2%DB%B1%DB%B1,unknown,-1
https://www.ninisite.com/user/2f16b4e9-d1fc-43dd-971c-58e67bc05a9d/judiciarylawyer69,unknown,-1
https://www.ninisite.com/user/f00ad4ba-84e4-4c79-896f-887db7720ec0/%D8%B4%D9%88%DA%AF%D9%88%D9%84%DB%8C-%D9%BE%D9%88%DA%AF%D9%88%D9%84%DB%8C,unknown,-1
https://www.ninisite.com/user/ba530262-1688-46f8-9a9a-a7cd97853185/%D8%A7%D9%93%D9%84%D9%85%D8%A7-%D9%87%D8%B3%D8%AF%D9%85,unknown,-1
https://www.ninisite.com/user/6a707b70-f2b4-4a53-9635-a13f7e677e2f/mahdokhtsadat1382,unknown,-1
https://www.ninisite.com/user/5d18b22c-c8aa-4dc9-9f53-4b5b6945109a/%D8%AE%D9%86%DA%AF%D9%88%D9%84%DB%8C%DB%8C%DB%8C,unknown,-1
https://www.ninisite.com/user/50271312-31fa-4761-b56b-52ee22e7a8d2/250baran,unknown,-1
https://www.ninisite.com/user/acac3bb4-e405-490a-b996-fa201ce97166/%D8%AD%D9%88%D8%B1%DB%8C%D9%8796,unknown,-1
https://www.ninisite.com/user/49987aee-c9f2-4961-9a8f-c3bfd0135478/beedfa,unknown,-1
https://www.ninisite.com/user/266a595f-8dda-494b-8cf5-423543304a9d/%D8%B1%D8%AE%D8%B3%D8%A7,unknown,-1
https://www.ninisite.com/user/9f3a1be9-3498-4048-8780-6781b2f01315/%D8%AF%D8%AE%D8%AA%D8%B1-%D9%82%D9%84%D9%82%D9%84%DB%8C,unknown,-1
https://www.ninisite.com/user/4119d766-6c3f-4a38-a4e3-8f906af7c90e/miinnaaa,unknown,-1
https://www.ninisite.com/user/2ec3be54-cad4-4631-bc1e-ade73fd8834b/%D8%B2%D9%87%D8%B1%D8%A7%D8%A7%D9%93%D8%AA%DB%8C%D8%B4,unknown,-1
https://www.ninisite.com/user/cb2078c9-881c-4b85-8d35-de5967fddf51/%D9%86%D9%81%D8%B31377,unknown,-1
https://www.ninisite.com/user/df3f930d-6ac9-4dbb-ae92-a68e277aac38/ahooooooooo,unknown,-1
https://www.ninisite.com/user/05dc233c-4b0e-4ef7-adee-172c789c9ab3/%D9%85%D9%84%DB%8C%DA%A9%D8%A7%D8%AE%D8%A7%D9%86%D9%85%DB%8C,unknown,-1
https://www.ninisite.com/user/9704fd9b-92c9-4d0a-b0bb-ab61c7faa293/%D8%B4%DB%8C%D9%86%D8%A7%D8%B4%DB%8C,unknown,-1
https://www.ninisite.com/user/45130a4f-ec6e-4bdf-9176-b27f85dfa793/%D9%87%D9%85%D8%B3%D8%B1%D8%A7%D9%93%D9%82%D8%A7%D9%85%D8%AD%D8%B3%D9%86,unknown,-1
https://www.ninisite.com/user/6646e0f4-248d-45f7-bfd7-5b04eed71f0e/parisa13682,unknown,-1
https://www.ninisite.com/user/1131f7cb-5e53-476e-a122-d48e0a413e55/%D8%B2%D9%87%D8%B1%D8%A7%DB%B1%DB%B3%DB%B1,unknown,-1
https://www.ninisite.com/user/42b6bb0c-3f9e-4081-97e0-9514816612b6/%D9%85%D8%A7%D9%85%D8%A7%D9%86%DB%8C-%D8%B3%D8%A7%D8%B4%D8%A7,unknown,-1
https://www.ninisite.com/user/b95ba0db-4c2c-4387-ad64-191a295c3a69/%D8%B4%D9%87%D8%B1%D8%B2%D8%A7%D8%AF%D8%AC%D8%A7%D9%86,unknown,-1
https://www.ninisite.com/user/3d331c3f-4e89-4ff3-9d14-1c92a7d0b6f3/%D8%B5%D9%88%D8%B1%D8%AA-%D8%B9%D8%B1%D9%88%D8%B3%DA%A9%DB%8C,unknown,-1
https://www.ninisite.com/user/6f18e5be-eb02-4551-b0be-f7d62f116a87/fateme5554,unknown,-1
https://www.ninisite.com/user/1a04ed14-c884-4866-b968-037f33dd6eab/%D8%A7%D9%93%D8%AA%D9%86%D8%A7%DB%8C%DB%8C-%D8%A7%D8%B2-%D8%A7%D9%93%D8%A8%D8%A7%D9%86,unknown,-1
https://www.ninisite.com/user/5b0cad97-5bae-45e3-8204-92a3580b3865/ibarfi,unknown,-1
https://www.ninisite.com/user/5c976b2b-3e76-4ce9-91e1-a791565ee264/lopood,unknown,-1
https://www.ninisite.com/user/802a06fb-3394-4bfc-8563-847dcf3b6f8e/%DA%86%DA%A9%D8%A7%D9%BE,unknown,-1
https://www.ninisite.com/user/d98ae349-9a92-4703-81d1-f2b39f0a6b6f/%D9%82%D8%B1%D9%85%D8%B2%DB%8C%D8%B9%D9%86%DB%8C-%D8%B9%D8%B4%D9%82,unknown,-1
https://www.ninisite.com/user/67b3a2cf-5c73-487a-bdaf-8d93f521a6f1/moonwalker,unknown,-1
https://www.ninisite.com/user/95439986-5103-41f9-9eb0-8eb492d8ac25/%D8%A7%D9%93%D8%AA%DB%8C%D9%86%D8%A7%D8%B2%DB%B2,unknown,-1
https://www.ninisite.com/user/e0b44b0e-9fcb-4935-b31c-fcb4f4f65974/yad-dasht,unknown,-1
https://www.ninisite.com/user/8cba367c-510d-4329-b5fc-8424a1678175/shokofeh-gilas,unknown,-1
https://www.ninisite.com/user/25b79886-aa05-4a63-813c-70fe5a92d40d/%D9%86%D9%88%D8%A7%D8%A7%D8%A7%D8%A7%D8%A7%D8%A7,unknown,-1
https://www.ninisite.com/user/03c5bd84-4d2c-4b40-b8fd-79b92738f488/%D8%AE%D8%A7%DA%A9-%D8%B9%D8%A7%D9%84%D9%85,unknown,-1
https://www.ninisite.com/user/529b73a2-6ab1-4e89-82e4-4bb9f170d902/%DA%A9%DB%8C%D8%A7365,unknown,-1
https://www.ninisite.com/user/86764e5d-677d-48e1-9ee6-6eb71a744d9d/%D8%A7%D9%93%D9%88%DB%8C%D8%B3%D8%A782,unknown,-1
https://www.ninisite.com/user/905e46db-5d74-4b4e-8b22-9e69a157cc2a/%D8%B1%D8%A7%D9%87%D9%86%D9%85%D8%A7%DA%AF%D8%B1%D9%81%D8%AA%D8%A7%D8%B1%D8%A7%D9%86,unknown,-1
https://www.ninisite.com/user/b284c169-a0b5-4b2f-93a4-f1c891fe34b8/%D9%BE%D8%B1%D9%88%D8%A7%D9%86%D9%87-%D9%85%D9%87%D8%B1%D8%A8%D9%88%D9%86,unknown,-1
https://www.ninisite.com/user/2b1e77e0-8413-4a24-b9ed-57a4364750c4/rika-osam,unknown,-1
https://www.ninisite.com/user/aaa322c7-ab5a-4904-adc8-c93e6ad85e6e/fatemezahraaaam,unknown,-1
https://www.ninisite.com/user/376354b0-c1d9-48f0-b460-f4ebc1090077/mohammadi45,unknown,-1
https://www.ninisite.com/user/ec2e5295-5faf-4459-97a8-adaac6cc1531/samanehnoori76,unknown,-1
https://www.ninisite.com/user/12301e31-4ccd-42a8-8734-285c1caf247a/%D8%A7%D8%B3%D8%AA%D8%A7%D8%AF%D8%AA%D8%B1%DA%A9%DB%8C%D8%AF%D9%87,unknown,-1
https://www.ninisite.com/user/08d0b1be-114a-49d8-b1fa-691aa8e3c7a4/%DA%AF%D9%86%D8%AF%D9%852553,unknown,-1
https://www.ninisite.com/user/49b0f281-2083-435c-bf72-3bd76eb55524/golsooo,unknown,-1
https://www.ninisite.com/user/e271cb6e-3b59-420c-904e-77a1d7ba9c24/taranom98,unknown,-1
https://www.ninisite.com/user/6301630a-7ca0-4e55-8ab1-a9cd0c807e64/%D9%85%D8%A7%D9%86%D9%84%DB%8C-%D8%AC%D8%AF%DB%8C%D8%AF,unknown,-1
https://www.ninisite.com/user/ffaba676-13e8-4049-9c98-b4048bef272c/%D8%A8%D8%A7%D8%B1%D8%A7%D9%86%D8%A7%D8%A7%D8%A7%D8%A7%D8%A7%D8%A7%D8%A7%D8%A7%D8%A7%D8%A7%D8%A7%D8%A7%D8%A7%D8%A7,unknown,-1
https://www.ninisite.com/user/9c1bc682-90ed-47dd-849e-edb10a7882a1/2521370,unknown,-1
https://www.ninisite.com/user/8eead021-a541-4eed-8157-078c5878ccee/zxm23,unknown,-1
https://www.ninisite.com/user/a52322c4-6846-44bd-9f56-5a039cb22887/%D8%AC%D9%88%D8%B4%DA%A9%D8%A7%D8%B1%DB%8C,unknown,-1
https://www.ninisite.com/user/308ed667-71b6-41c9-b62e-aa0099d88b6d/%D8%B2%D8%A7%D9%85%D9%81%D9%84%D9%8A%D8%A7,unknown,-1
https://www.ninisite.com/user/7c918680-05e9-4bf7-b3a5-3e65cb114361/shimmer1373,unknown,-1
https://www.ninisite.com/user/58d46c8f-987c-48af-abe3-9f397de0fbb8/%D8%A7%D8%AE%D8%B1%DB%8C%D9%86-%D9%86%D9%81%D8%B3%DB%B8%DB%B2,unknown,-1
https://www.ninisite.com/user/53869e95-27f4-4e69-9eb8-22a282d82f08/%D8%AF%D9%84%D9%86%D8%A7%D8%B2%D8%AC%D9%88%D9%86,unknown,-1
https://www.ninisite.com/user/e2bc3d3e-3b22-4fb4-8374-ade29f99aff1/gll,unknown,-1
https://www.ninisite.com/user/6a067565-3aa7-4fe6-810e-2ad87a69d4a2/%D8%B1%D8%B2-%D8%B3%D9%81%DB%8C%D8%AF%D9%85%D9%86,unknown,-1
https://www.ninisite.com/user/2239e6a7-1181-4165-badc-f2aeeec4f26d/mari206,unknown,-1
https://www.ninisite.com/user/5fac2d26-fe4c-4bf3-8c01-3c5e9926038f/lavin7880,unknown,-1
https://www.ninisite.com/user/b4d8e6e9-a851-4205-b5d1-e9ddf1bbe137/babayedokhtaram,unknown,-1
https://www.ninisite.com/user/3476025a-72d5-4aa7-a4c3-65fc69a8e468/almabanoooo,unknown,-1
https://www.ninisite.com/user/fa4d44b9-46ed-453f-95cc-1ce95ac9a83a/%D8%AF%D9%84%D8%A8%D8%B1%D8%AF%DB%8C%D9%88%D8%A7%D9%86%D9%871378,unknown,-1
https://www.ninisite.com/user/6baf7954-6a31-46d8-b9a9-89a810520434/mina-m2m,unknown,-1
https://www.ninisite.com/user/27031e41-0a1e-41a0-ba16-f144e07f1363/hossrin564,unknown,-1
https://www.ninisite.com/user/535477d8-9a6f-4971-9585-e981426ed091/radvin2222,unknown,-1
https://www.ninisite.com/user/cc58d817-19b8-4783-880f-bc8cc02779cd/masitonam,unknown,-1
https://www.ninisite.com/user/c19e6ccb-474b-4f12-851d-cae5daabf17f/%D9%86%D8%A7%D8%B2%D9%86%DB%8C%D9%86%DB%B24%D8%B3%D8%A7%D8%B1%DB%8C,unknown,-1
https://www.ninisite.com/user/2ff29f31-46f6-4273-b659-990a680a8735/%D8%B4%DB%8C%D8%B7%D9%88%D9%86%D8%AA%D9%88%D9%86%D9%85,unknown,-1
https://www.ninisite.com/user/5105fceb-8218-42eb-82b2-ab20fe0002ef/%D8%B1%D8%B2%D8%A8%D9%86%D9%81%D8%B4-%D8%B3%D9%87-%D8%A8%D8%A7%D8%B1-%D8%AA%D8%B1%DA%A9%DB%8C%D8%AF%D9%87,unknown,-1
https://www.ninisite.com/user/7845d3a9-04d0-4969-8ce0-7a452e426bdd/avamam,unknown,-1
https://www.ninisite.com/user/f1e1679d-7e62-4143-b09d-83edfb7f05ba/sblackcat,unknown,-1
https://www.ninisite.com/user/ba2b3b28-6ee3-4525-81a8-189263fdc3e8/%D8%A7%D9%93%D8%B3%D9%85%D9%85%D8%A7%D9%86,unknown,-1
https://www.ninisite.com/user/5ef79699-2bf5-408e-b970-b4601db244ef/bisanoberke94,unknown,-1
https://www.ninisite.com/user/097612ca-0385-4a52-9348-49232866474f/elah2004,unknown,-1
https://www.ninisite.com/user/1efeaa66-7776-4eae-82d0-3307e6373662/%D8%AE%DB%8C%D8%A7%D9%84-%D8%B9%D8%A7%D8%B4%D9%82%DB%8C,unknown,-1
https://www.ninisite.com/user/3beb502d-dd38-407e-8445-3b7c10475594/%D8%AD%D8%A7%D9%86%DB%8C%D9%873028,unknown,-1
https://www.ninisite.com/user/be89fd82-54e4-40f5-a02f-f1a42e54b3c5/%D9%BE%DB%8C%D8%AA%D8%B2%D8%A7-%D9%85%D8%AE%D9%84%D9%88%D8%B72020,unknown,-1
https://www.ninisite.com/user/64ba8a11-b137-4879-b4f3-5bf82ac8f215/%D8%AA%D9%85%D9%86%D8%A7%D8%AC%D8%A7%D9%86,unknown,-1
https://www.ninisite.com/user/1a412de2-5291-44b9-9534-8b0f4c4f0105/malihe1369,unknown,-1
https://www.ninisite.com/user/e64e52fb-e02d-46b7-a866-0156d8f6643b/%D8%A7%D9%88%DB%8C%D8%B4%D9%86%DB%B6%DB%B7,unknown,-1
https://www.ninisite.com/user/35adcbb1-236a-44d8-97e7-4ab8521b6f6c/isabellaa,unknown,-1
https://www.ninisite.com/user/7101e14f-0de6-4d4a-be2a-f22a1d715898/luna-2023-2,unknown,-1
https://www.ninisite.com/user/b25c2dd3-03b4-4e0d-a2fa-7efcdb1c2444/%D9%85%D8%A7%D8%B1%D8%B4%D9%85%D9%88%D9%84%D9%88-%D9%BE%D8%B4%D9%85%DA%A9%DB%8C,unknown,-1
https://www.ninisite.com/user/2266f181-7173-41a8-a4d6-5ccbcf0a92cc/%D9%82%D9%84%D9%82%D9%84%DB%8C%DB%B1%DB%B3%DB%B8%DB%B1,unknown,-1
https://www.ninisite.com/user/0a514805-4d55-4811-be2c-6585ce1d6dae/ooooozizigoloo,unknown,-1
https://www.ninisite.com/user/2a810a35-7477-4d04-9e34-d49467133191/%D8%A8%D8%A7%D9%86%D9%88%DB%8C-%D8%A7%D8%B1%D8%AF%DB%8C%D8%A8%D9%87%D8%B4%D8%AA26,unknown,-1
https://www.ninisite.com/user/284058c6-05e2-4610-8a41-ce170814d35b/%D8%AF%D8%AE%D8%AA%D8%B1%D8%AA%DA%A9%D9%88%D8%AA%D9%86%D9%87%D8%A7%D9%85,unknown,-1
https://www.ninisite.com/user/6c2927ba-7e4e-451d-b6af-1b1c528f0a8b/najlakhatoon,unknown,-1
https://www.ninisite.com/user/069d671a-affd-415b-a4a9-c2e11830a13a/happygirls,unknown,-1
https://www.ninisite.com/user/12c16824-b287-4a0a-b420-2d0620480afa/%D9%BE%D8%A7%DA%86%D9%87-%D9%BE%D8%A7%D8%B1%D9%87%D9%87%D9%87%D9%87%D9%872003,unknown,-1
https://www.ninisite.com/user/b2fba793-06e4-45b5-93a9-179248e1c7e0/zahra-931388,unknown,-1
https://www.ninisite.com/user/99d2b2e3-5aee-4e05-96a7-d842b912f1ae/%D9%86%D9%8A%D8%A8%D9%8A%D8%B1%D9%88,unknown,-1
https://www.ninisite.com/user/58afc69f-9f89-42a2-b7d2-695a10c3a2bc/%D8%AA%D9%86%D9%87%D8%A7-%D9%BE%D9%86%D8%A7%D9%87%D9%85-%D8%AE%D8%AF%D8%A7%D8%A7,unknown,-1
https://www.ninisite.com/user/89780afa-ad38-4a7c-a084-593761008e24/1374sogli,unknown,-1
https://www.ninisite.com/user/cdcc7921-8e39-4a95-8cd4-9b854f5cc57b/%DA%AF%D9%85%D8%B4%D8%AF%D9%87-%D8%AF%D8%B1%D8%B1%D9%88%D9%94%DB%8C%D8%A7,unknown,-1
https://www.ninisite.com/user/6d182e1e-659d-4131-a5c8-453dd3b3abd7/43narsisa,unknown,-1
https://www.ninisite.com/user/baff71a7-b9bd-47a0-8435-fbabbb650738/duff-middle-east,unknown,-1
https://www.ninisite.com/user/a3ea2a24-0a9d-4c6d-a28b-934cdb176d5d/nilanaderi,unknown,-1
https://www.ninisite.com/user/290d15e6-7dd4-4f68-824a-a5f472951bef/%D8%B3%D8%B1%DA%A9%D9%88%DA%86%D9%87,unknown,-1
https://www.ninisite.com/user/d827587c-47c4-437c-809c-6f180e36e571/goliiiii67,unknown,-1
https://www.ninisite.com/user/17f638ee-174a-43e1-a490-d8bcf2dc514f/leili1375,unknown,-1
https://www.ninisite.com/user/b71a7faf-c8ed-4034-bfff-2077c9ef08d2/%D8%A8%D8%B2%D8%A7%D8%B1%D8%A8%D8%B1%D9%85,unknown,-1
https://www.ninisite.com/user/a8d36ff8-3261-4c5d-8851-3b1eb58a999a/%D9%85%D8%A7%D9%85%D8%A7%D8%A8%D9%86%DB%8C%D8%A7%D9%85%DB%8C%D9%86%D9%85,unknown,-1
https://www.ninisite.com/user/f84d1b70-6fa7-472b-bc4d-5fbe1a417ac4/%D9%81%D8%B1%DB%8C%D8%AF%D9%87%DB%B2%DB%B7,unknown,-1
https://www.ninisite.com/user/df2809f2-1b5d-4752-a583-d67e1cd78c08/lara-bordbar,unknown,-1
https://www.ninisite.com/user/41aa7a76-b2cf-4e4f-8b75-114a938f6f57/nazanin28,unknown,-1
https://www.ninisite.com/user/0ae79444-e0e6-4fea-96bf-3826e44727c0/baroooon1383,unknown,-1
https://www.ninisite.com/user/e401f137-1a74-41a3-bd45-0a2c30d08190/898kjjsg,unknown,-1
https://www.ninisite.com/user/90c319e6-09a8-4445-8c37-9a1ef728402a/%D9%85%D8%B4%D8%A7%D9%88%D8%B1-%D8%A7%D9%93%D9%86%D9%84%D8%A7%DB%8C%D9%86,unknown,-1
https://www.ninisite.com/user/3d2007a1-eb7e-4cd7-a983-ed40ad3bc0da/blue-butterfly,unknown,-1
https://www.ninisite.com/user/4626be75-97fe-4a03-9047-8cc5d32ed183/tahsirinazgol,unknown,-1
https://www.ninisite.com/user/e7b85e7f-c3b8-453d-aafe-04a3c66518f9/%D8%AA%D9%88%D8%B1%DA%A9geze80,unknown,-1
https://www.ninisite.com/user/80d38621-f61c-4530-af25-590cbd0c4524/%D8%B6%D8%AF-%D8%A7%D9%93%D8%AF%D9%85,unknown,-1
https://www.ninisite.com/user/86da5e63-f24c-46b1-8ea3-7cd20879b41e/%D8%B2%D8%A7%D8%B2%DB%8C%D9%85,unknown,-1
https://www.ninisite.com/user/220d489d-492f-445b-96e5-e6295bdbdbc4/samigh,unknown,-1
https://www.ninisite.com/user/4280117d-6aaf-409d-8341-24122b35059f/%DA%AF%D9%84%D9%88%D9%84%D9%87-%D8%A8%D8%B1%D9%81%DB%8C,unknown,-1
https://www.ninisite.com/user/67473e43-ef7a-4a80-bb2b-ccc31b67f6e3/%D8%AA%D8%A7%D9%86%DB%8C%D8%A7%D8%B1%D8%A7,unknown,-1
https://www.ninisite.com/user/2e8ae713-23f6-4854-b717-49e365f2c588/my-king-mikaeel,unknown,-1
https://www.ninisite.com/user/594e16e5-99fa-4f3a-9e6d-d1b8e7afc1d0/bloloos,unknown,-1
https://www.ninisite.com/user/10e11145-e76f-410f-89cd-91b29379c563/%DA%AF%D8%A8%D8%B1%DB%8C%D9%84%D8%A7,unknown,-1
https://www.ninisite.com/user/307c0768-8b2b-4552-80b5-149e604b186a/%DA%86%D8%B4%D9%85-%D8%B3%D9%81%DB%8C%D8%AF%DB%B7%DB%B9,unknown,-1
https://www.ninisite.com/user/e2f29053-3d25-4ecf-9eb4-6aacaa6d88c8/%D8%B1%D8%B2%DA%AF%D9%84%D9%85%D9%85%D9%85%D9%85,unknown,-1
https://www.ninisite.com/user/8519c903-6f09-4d9c-be44-2bde45a01012/mahtabeman,unknown,-1
https://www.ninisite.com/user/c2faa115-9ae7-4e70-bb06-081acf661f0a/%D9%82%D8%A7%D8%AA%D9%84a%D8%A8%D8%B1%D9%88%D8%B3%D9%84%DB%8C,unknown,-1
https://www.ninisite.com/user/6e14d492-b60d-467a-aeb9-3683ce101dac/dorsa-mh,unknown,-1
https://www.ninisite.com/user/714e3f9f-6566-4865-8e6c-fa401ed2287e/%D9%BE%D8%A7%D8%B3%D8%AA%DB%8C%D9%84-%DA%A9%D9%88%DA%A9%D8%A7,unknown,-1
https://www.ninisite.com/user/66f48f81-6a98-4aed-b56a-485106062a00/707,unknown,-1
https://www.ninisite.com/user/d7fd7b26-017e-4dd9-ac07-8b9fd0e65eb2/sh9398,unknown,-1
https://www.ninisite.com/user/a06ecff8-c1c8-45b3-b851-a7770e63b480/mrsshimaw,unknown,-1
https://www.ninisite.com/user/22bfcb15-44d7-4201-ae2f-bcd9f0dae049/%D8%AF%D8%AE%D8%AA%D8%B1%DA%A9%DB%B2%DA%A9%D8%A8%D8%B1%DB%8C%D8%AA%DB%B3%D9%81%D8%B1%D9%88%D8%B4,unknown,-1
https://www.ninisite.com/user/04270b90-41a7-4691-a123-007993e5d392/%DB%B9%DB%B9%DB%B0%DB%B2%DB%B7%DB%B1,unknown,-1
https://www.ninisite.com/user/9f4df202-0025-4be4-97c7-7406ca695226/haniii-ss,unknown,-1
https://www.ninisite.com/user/6c9e0530-0ffd-459e-a817-b4fc21aa71fb/%D9%85%D8%A7%DB%8C%DA%A9%D9%84%D8%A773m,unknown,-1
https://www.ninisite.com/user/ab2f7b54-c248-40f1-80c4-ad1f8818880e/%D8%A7%D9%93%D8%B1%D9%88%D8%B4%D8%A778,unknown,-1
https://www.ninisite.com/user/89fa1b75-c980-48ac-bf94-d4251ab83828/%DA%A9%D8%AB%DB%8C%D8%B1%D8%A7%D9%84%D8%AA%D8%B9%D9%84%DB%8C%D9%82%D9%85%D9%86%D9%85,unknown,-1
https://www.ninisite.com/user/a95eeeed-f7e5-4bb4-92a1-969a05b0fca5/%DA%A9%D8%A7%D8%B1%D8%A8%D8%B1%DB%8C-%D9%BE%D8%A7%D9%86%D8%B2%D8%AF%D9%87%D9%85,unknown,-1
https://www.ninisite.com/user/f0cc77f9-a610-46a9-86b3-755297b8d48b/%D8%B1%D8%B2%D8%B5%D9%88%D8%B1%D8%AA%DB%8C%DB%8C%DB%8C%DB%8C%DB%8C%DB%8C,unknown,-1
https://www.ninisite.com/user/9deaae57-9132-4c4a-a316-5291bb670e0b/m-a738,unknown,-1
https://www.ninisite.com/user/f42a6eb5-c227-48b7-8e20-074970ca24d5/sarigalin,unknown,-1
https://www.ninisite.com/user/592a4cb6-0bf7-4ed2-bbda-cfd14ba649af/%D8%AF%D9%84%D8%B4%DA%A9%D8%B3%D8%AA%D9%871373,unknown,-1
https://www.ninisite.com/user/7619d553-0d07-412c-a579-19dc941ce3ba/%D9%85%DB%8C%D8%AA%DB%8C82,unknown,-1
https://www.ninisite.com/user/4fd7e639-ad90-48c6-84ec-8a348df8377b/satagobargg,unknown,-1
https://www.ninisite.com/user/35964b55-580e-4d6b-b374-ab9b67adee28/%D9%85%D8%B1%D8%AC%D8%A7%D9%86%DB%8C%DB%8C%DB%8C%DB%8C,unknown,-1
https://www.ninisite.com/user/3f0a1b7e-a82a-4cd4-8761-419605cdf802/zibajon1379,unknown,-1
https://www.ninisite.com/user/a2658d5e-b93c-47a9-b3c8-e3bd954957b6/%D8%A8%D8%A7%D9%86%D9%88-%D8%AE%D8%B1%D8%AF%D8%A7%D8%AF%DB%8C,unknown,-1
https://www.ninisite.com/user/b4b0e217-1b49-4d01-8cb8-2d7934b54555/%D9%86%D8%B4%D8%A7%D8%B71,unknown,-1
https://www.ninisite.com/user/5c00da5c-8959-4c39-b6e1-a13b9edcfe67/asalmahdavi73,unknown,-1
https://www.ninisite.com/user/95cb97ba-e6e6-4469-95e5-ef45c8753dc8/mood-dark,unknown,-1
https://www.ninisite.com/user/a59467d6-245d-4b70-a821-a249a6decd1b/tangerine,unknown,-1
https://www.ninisite.com/user/afd763cd-bd4d-42e2-b040-4941eab47d3d/mahiii7713,unknown,-1
https://www.ninisite.com/user/3e6114b6-da1b-48dd-8d7b-3f97bcb1bb0e/%D8%AE%D9%88%D8%B4%DA%AF%D9%84-%D8%AE%D8%A7%D9%86%D9%852000,unknown,-1
https://www.ninisite.com/user/59e350e5-0094-4b53-9fbc-d08b27b77f0d/khanooooomvakilm,unknown,-1
https://www.ninisite.com/user/e79c35b8-9563-4e16-bb06-3262388e0fda/%D8%AF%D8%AE%D8%AA%D8%B1%DA%A9%D8%A7%D8%B1%DB%8C%D8%B2%D9%85%D8%A7%D8%AA%DB%8C%DA%A9,unknown,-1
https://www.ninisite.com/user/c3dca30e-483f-4a51-b4b1-618503f205a1/%D8%B4%DA%A9%D9%85%D9%88%DB%8C-%D8%B3%D8%A7%DB%8C%D8%AA,unknown,-1
https://www.ninisite.com/user/df2a6121-6f04-4871-aefa-caad9cbc3966/%D8%AF%D8%B1%D8%AE%D8%AA-%DA%AF%D8%B1%DB%8C%D8%A7%D9%86,unknown,-1
https://www.ninisite.com/user/5fcbe93d-ed15-4c33-97a4-a30b56f0fac6/sogol1987,unknown,-1
https://www.ninisite.com/user/39a57da0-9767-4f2c-bd46-c0d722593d41/%D9%86%D8%AC%D9%84%D8%A7-%D8%B7,unknown,-1
https://www.ninisite.com/user/4a517bf7-2333-40f8-b69c-69bf5314ca94/artemisss1378,unknown,-1
https://www.ninisite.com/user/59def0c7-c6d8-4322-908e-601d2a5e102a/elahe-ss,unknown,-1
https://www.ninisite.com/user/98ae4db6-abea-493e-a0fb-91407d949f37/%D9%86%D9%85%DA%A9%DB%8C%DB%8C%DB%8C%DB%8C%DB%8C,unknown,-1
https://www.ninisite.com/user/9b532e26-00a7-4665-85aa-ba2213147f70/mamannil,unknown,-1
https://www.ninisite.com/user/e69ad14a-e798-40f7-8f66-7768f2c0699a/%D8%B1%D8%B2-%D8%A8%D9%86%D9%81%D8%B4-%D8%AE%D8%B4%DA%A9%DB%8C%D8%AF%D9%87,unknown,-1
https://www.ninisite.com/user/ecffa266-7672-45ba-8d0f-423432b0c55e/erienne,unknown,-1
https://www.ninisite.com/user/a9109df4-c13d-4264-a1cf-803dee81ed96/haniyeh133,unknown,-1
https://www.ninisite.com/user/fb9583f1-49f9-4279-9b49-8624f795d15a/sandgirl,unknown,-1
https://www.ninisite.com/user/e8f17b19-3fa3-4a1f-90b0-c5f8701a4546/%D8%A7%D8%A8%D8%B1%DB%8C%D8%B4%D9%85%DB%B1%DB%B0%DB%B7%DB%B0,unknown,-1
https://www.ninisite.com/user/bd6a40ec-b39e-42a6-af70-f6c68d498d23/hos68,unknown,-1
https://www.ninisite.com/user/5d8828a4-ca3c-4706-a302-457bea1962d3/zarinana,unknown,-1
https://www.ninisite.com/user/a9753f7b-9cb6-47bf-b97b-7436c73dc32d/ibeo,unknown,-1
https://www.ninisite.com/user/1098519b-a879-4fb0-8793-1d531bb22f5e/%D9%82%D8%A7%D8%B1%DA%86%DA%A9%DB%B2,unknown,-1
https://www.ninisite.com/user/9f762478-7e0d-41be-be96-82dd82d7b969/731-fatemeh,unknown,-1
https://www.ninisite.com/user/a3320037-42b3-46ea-a0ff-ce1a24ae82e4/%D8%AC%D9%88%D8%AC%D9%87%DB%B8%DB%B7,unknown,-1
https://www.ninisite.com/user/2d9d809f-0f73-495d-89f2-343546aade43/%D8%AE%D8%B1%D9%85-%D8%B3%D9%84%D8%B7%D8%A7%D9%86,unknown,-1
https://www.ninisite.com/user/8161f7a4-b9f6-49ce-bd54-44d539c7b626/%D8%AF%D8%AE%D8%AA%D8%B1%D9%BE%D8%A7%DB%8C%DB%8C%D8%B2%D8%B3%D9%81%DB%8C%D8%AF%D8%A8%D8%B1%D9%81%DB%8C,unknown,-1
https://www.ninisite.com/user/e08f05e5-536d-43e4-b3bd-b69b74c80537/mahsami7777,unknown,-1
https://www.ninisite.com/user/645aaf60-adda-49f6-88b2-35d0226a1f72/%D9%87%D8%AFzahra,unknown,-1
https://www.ninisite.com/user/bedef78c-1e0d-4390-9777-a5057e337979/ninijoooonam,unknown,-1
https://www.ninisite.com/user/ddbcddff-6217-44e9-9e7d-bbe870ca430a/dostdashtani2,unknown,-1
https://www.ninisite.com/user/85a0d133-3056-4f9b-a5b9-c115f5412050/wetdh,unknown,-1
https://www.ninisite.com/user/c257a3de-8dc9-439f-8bdb-f14053c37381/nedaaaaa76,unknown,-1
https://www.ninisite.com/user/616f35e7-5ee3-4320-925d-bfe2b0f5f24f/%DA%AF%D9%84%D9%85%DB%8C%D9%86%D8%A7%D9%88%DB%8C%D8%A7%D8%B3%D9%85%DB%8C%D9%86%D8%A7,unknown,-1
https://www.ninisite.com/user/fd9a0e62-84f2-43b8-b696-cce5a71b5f0a/%D8%B2%D8%B1%D8%AF%D8%A7%D9%93%D9%84%D9%88%D8%AE%D8%A7%D9%86%D9%85,unknown,-1
https://www.ninisite.com/user/0486723c-df79-4d06-9220-6cfddcd6a677/%D8%AE%D8%A7%D9%86%D9%88%D9%85-%DA%AF%D9%8477,unknown,-1
https://www.ninisite.com/user/a1d45598-92f2-4a08-a7b3-c71661d2b00d/%D8%A7%D9%93%D8%B1%D8%A7%D9%85%D8%B4%D8%B4%D8%B4%D8%B4%D8%B4%D8%B4%D8%B4%D8%B4%DB%B1,unknown,-1
https://www.ninisite.com/user/be47493e-50bf-4997-aff7-0d676eade70f/fatemeh0402,unknown,-1
https://www.ninisite.com/user/d8839b34-15cc-4719-a4ce-947fc63357fc/%D9%81%D8%A7%D9%86%D8%AAfantezi%D8%B2%DB%8C,unknown,-1
https://www.ninisite.com/user/d8fbd2d0-3e97-4926-9a88-e24e53bc3c43/%D8%B2%D9%86-%D8%A7%D9%85%DB%8C%D8%B1%D8%A7%D9%93%D9%82%D8%A7,unknown,-1
https://www.ninisite.com/user/7b45095b-9ef7-4224-84a8-506549df72a9/anakhanom1387,unknown,-1
https://www.ninisite.com/user/a0681dd7-337c-4a76-916c-991f37941dac/kaaktus64,unknown,-1
https://www.ninisite.com/user/98d6a26d-0ab4-402d-834c-c6f95004c274/nafsii,unknown,-1
https://www.ninisite.com/user/f5b10b57-b54b-46a6-be35-6409ae9da8e6/denizziba,unknown,-1
https://www.ninisite.com/user/051643ea-cd53-4280-8487-da3779169caf/%D8%AA%D9%85%D9%BE%DB%8C-%D9%82%D8%B1%D9%86%D8%B7%DB%8C%D9%86%D9%872,unknown,-1
https://www.ninisite.com/user/0e176d2f-123c-42a2-b098-36e387bf24c9/%D8%B7%D8%A7%D9%88%D9%88%D9%88%D9%88%D8%B368,unknown,-1
https://www.ninisite.com/user/3e1c80cd-a375-4815-b271-59da80d6f781/%DA%AF%D9%84%D9%85%D9%86%DA%AF%D9%88%D9%84%DB%8C%DB%B1%DB%B2%DB%B7%DB%B4%DB%B8%DB%B9,unknown,-1
https://www.ninisite.com/user/886b0222-fcc4-4eec-87d2-449eff27e4a8/%D9%82%D9%88%D8%B1%D8%A8%D8%A7%D8%BA%D9%87-%D9%85%D9%87%D8%B1%D8%A8%D9%88%D9%86,unknown,-1
https://www.ninisite.com/user/cee16991-76a2-4bed-b4ea-55003a311d4f/%D8%AF%D8%B1%DB%8C%D8%A7%D8%A7%D9%88%D8%B4%D9%86,unknown,-1
https://www.ninisite.com/user/fbcfc0be-b047-4a43-85b9-c6df3b333226/%DB%B9%DB%B9%DB%B9%DB%B9%DB%B9%DB%B9o,unknown,-1
https://www.ninisite.com/user/6d3c69d1-99a7-4425-8e59-dffba08e2154/%D8%A7%D8%A8%D9%88%D8%A7%D9%84%D9%82%D8%A7%D8%B3%D9%85-%DA%A9%D8%B1%DB%8C%D9%85%DB%8C1,unknown,-1
https://www.ninisite.com/user/9acc74f7-8413-43d2-a688-5f60943e6f25/%D8%AF%D8%AE%D8%AA%D8%B1-%D8%AE%D8%A7%D9%86%D9%85-%D9%86%D9%82%D8%A7%D8%B4,unknown,-1
https://www.ninisite.com/user/fd3b08bb-cfb9-4922-ae2f-7deb34bd92ef/%D8%A7%D9%93%D8%B1%D8%B2%D9%88%DB%B1%DB%B3%DB%B6%DB%B1,unknown,-1
https://www.ninisite.com/user/5e8cbe54-f95c-4c68-a5cf-18bc0fc7935b/%D9%85%D8%A7%D8%B1%DB%8C%D8%A71379,unknown,-1
https://www.ninisite.com/user/28cf7ee8-4021-476b-9660-50da98450021/sisi-m,unknown,-1
https://www.ninisite.com/user/cb666890-327b-4da6-961b-18fbea21a6a1/onyxxxx,unknown,-1
https://www.ninisite.com/user/4009ac7d-5695-4400-8add-61ae1dbcf29b/omzeinab,unknown,-1
https://www.ninisite.com/user/1cc10121-9ea0-454f-8337-9b2c48a4e86b/%D8%B4%D9%86%D8%A8%D9%84%DB%8C%D9%84%D9%8767,unknown,-1
https://www.ninisite.com/user/46e0c93b-8640-479d-b023-989e2ed20d27/%D8%AD%D9%84%DB%8C%D9%85-%D8%A8%D8%A7%D8%B4%DA%A9%D8%B1,unknown,-1
https://www.ninisite.com/user/7d26f15a-b612-4471-94dc-35b4ee95af57/%DA%AF%D9%88%D8%B4%D8%A8%D9%84,unknown,-1
https://www.ninisite.com/user/6cdba9f1-0aa5-4e5e-8fbf-2f1e847f3132/%D8%A8%DB%8C%D9%88%D8%AA%DB%8C00,unknown,-1
https://www.ninisite.com/user/3d094a3f-7d4c-4dc7-b2a4-85a05ba46df7/avinkh,unknown,-1
https://www.ninisite.com/user/2cafad09-c416-4bd1-8921-7b011090e222/f-mogdm,unknown,-1
https://www.ninisite.com/user/5d75ab9b-8e94-4c8e-9e28-2ce05b503a35/mrsmm,unknown,-1
https://www.ninisite.com/user/c5270098-2b34-4ed8-b3b7-9eacc21758ea/nazgoooooliii,unknown,-1
https://www.ninisite.com/user/db379041-1a8b-4926-9ee5-0dce8436d1b9/h-dolunay,unknown,-1
https://www.ninisite.com/user/e1d61ebb-71a2-458d-927a-00de349ac0c2/mahdiyebanoo,unknown,-1
https://www.ninisite.com/user/3b1a4bc8-dc75-4c1a-8509-f1f6f65ed6ce/%D9%85%DB%8C%D8%AA%DB%8C-%DA%A9%D9%88%D9%85%D8%A7,unknown,-1
https://www.ninisite.com/user/9d58e192-111f-44ca-8b5f-1c8e325cb773/taraanom,unknown,-1
https://www.ninisite.com/user/1451e797-263f-4dc4-a6d3-44d6c845e3d2/deylighte,unknown,-1
https://www.ninisite.com/user/11266d2d-a1f7-40b1-b5a4-c30d52a28cde/0nadina0,unknown,-1
https://www.ninisite.com/user/760bbc6b-5ddb-4fc1-80f2-464bf86ca6c7/%D9%86%DB%8C%DA%A9%D8%A7184,unknown,-1
https://www.ninisite.com/user/88af55c9-01b9-41d3-8c7e-d52599aa17a2/%D9%87%D8%B1%D9%85%DB%8C%D9%88%D9%864,unknown,-1
https://www.ninisite.com/user/a988af72-c3c4-47ef-beb4-639414120f67/%D9%85%D8%B1%DB%8C%D8%B3%D8%A7%DA%AF%D9%84%DB%8C1,unknown,-1
https://www.ninisite.com/user/4fea9296-635b-4960-aa1e-9627b0fc91ee/%D8%A7%D9%86%D8%A7%D8%B1%D8%B2%D9%85%D8%B3%D8%AA%D8%A7%D9%86%DB%8C,unknown,-1
https://www.ninisite.com/user/af582dc9-0f03-46b6-bb6d-4577d963451c/1379raha,unknown,-1
https://www.ninisite.com/user/998e2341-a146-40ce-9e6c-c1bcc5675cba/%D9%85%D8%A7%D9%85%D8%A7%D9%86%D9%87-%D8%B3%D9%84%DB%8C%D9%86%D9%85,unknown,-1
https://www.ninisite.com/user/69848437-cfe2-4575-9bf2-b99203a45e76/%D8%AF%D8%B1-%D8%A7%D8%B1%D8%B2%D9%88%DB%8C-%D8%B1%D9%81%D8%AA%D9%86-%D8%A8%D9%87-%D8%A7%D9%85%D8%B1,unknown,-1
https://www.ninisite.com/user/f0afda73-7e09-428f-8c9c-61bc3ee747df/%D8%A8%D9%87%D8%A7%D8%B1%D9%86%D8%A7%D8%B2%D8%A8%D8%A7%D9%86%D9%88%D9%88,unknown,-1
https://www.ninisite.com/user/64e16fe7-7bf0-4d3e-b266-b6500cee5f68/30%DB%8C%DA%A9%D9%877%D8%AA%D8%A7%D8%B270,unknown,-1
https://www.ninisite.com/user/c8600997-157b-4243-aa9a-1dad88e9c37a/%D8%A7%D9%93%D8%B1%D8%B2%D9%88%D8%B4%D9%88%D9%86%D9%85,unknown,-1
https://www.ninisite.com/user/82743042-921a-488b-8b21-c4a0ab2d35a1/mamy-beautyboy95,unknown,-1
https://www.ninisite.com/user/425369bf-8aac-4a4d-8ae0-e7d45594a6ed/%D9%86%D8%B1%DA%AF%D8%B3%DB%B8%DB%B2,unknown,-1
https://www.ninisite.com/user/4ae94bf7-6604-41b5-a974-d6c3bd2d20ec/%D8%B3%D9%88%D8%B3%DB%8C%D8%B3%DA%A9%D8%A7%D9%84%D8%A8%D8%A7%D8%B3%DB%B2,unknown,-1
https://www.ninisite.com/user/1557ac9d-7332-4a17-b783-b10ec2aa8e3b/%D9%86%D9%8A%D9%83%D8%A7%D9%A1%D9%A3%D9%A6%D9%A6,unknown,-1
https://www.ninisite.com/user/c22be5a6-2f05-49be-acfe-7eabecbabe05/saratopoli,unknown,-1
https://www.ninisite.com/user/f64be5b2-29a6-4813-945e-e893c249cd8b/%D8%B2%D9%87%D8%B1%D8%A7%D8%B3%D8%A7%D8%AF%D8%A7%D8%AA%D8%B9%D9%84%DB%8C,unknown,-1
https://www.ninisite.com/user/7572e15f-5e61-4287-82c9-157986d14c23/%D8%B5%D8%AD%D8%B1%D8%A7%D9%89-%D8%B2%D9%8A%D8%A8%D8%A7,unknown,-1
https://www.ninisite.com/user/0c7c48d7-563d-4886-8403-131e9f6e1f75/donya6282,unknown,-1
https://www.ninisite.com/user/e54aa837-e32c-4942-a2a2-050a53c4a12f/nana88,unknown,-1
https://www.ninisite.com/user/354f8199-48b1-414b-83d5-4aa192996611/%D9%81%D8%B1%D8%B4%D8%AA%D9%87%D9%87%D9%87%D9%87%D9%87%D9%87%D9%87%D9%87%D9%87%D9%87%D9%87%D9%87%D9%87,unknown,-1
https://www.ninisite.com/user/00225899-8246-4c59-b20e-ddebb17f9e88/%DB%8C%DA%A9-%D8%AC%D9%87%D9%86%D9%85%DB%8C-%D8%AE%D9%88%D8%B4%D8%AD%D8%A7%D9%84,unknown,-1
https://www.ninisite.com/user/735de695-085f-4ca1-b0e3-447629c40ccd/yara2880,unknown,-1
https://www.ninisite.com/user/da9dda9e-69d0-4ff9-ac3a-6bfacc4cfe9b/%D9%85%D8%A7%D9%87%D9%86%DB%8C70,unknown,-1
https://www.ninisite.com/user/f8a2520a-eed9-45f0-90f1-4e5347cef482/%D8%A7%D9%84%DB%8C%D8%B2%D8%A7%D8%A8%D8%AA%DB%B2%DB%B2,unknown,-1
https://www.ninisite.com/user/8c445d32-f4b8-48df-a8bb-e714875ce280/%D8%A7%D8%B1%D8%BA%D9%88%D8%A7%D9%8631,unknown,-1
https://www.ninisite.com/user/5e812ff5-60db-4d45-a74c-f43ad7df3367/atrin77,unknown,-1
https://www.ninisite.com/user/af62acd3-f118-4bab-a556-343269d2f15d/%D9%81%D8%A7%D8%B7%DB%8C%DB%B1%DB%B2%DB%B3%DB%B4,unknown,-1
https://www.ninisite.com/user/fd46c251-d350-4ea2-a2d7-b03077977ff2/%D9%86%D8%BA%D9%85%D9%871375,unknown,-1
https://www.ninisite.com/user/4c4522a8-9cfe-4903-9b8c-c7e73f5d84d3/afraw,unknown,-1
https://www.ninisite.com/user/ec30b0c2-0bb3-47e3-8e4d-094615a15c2d/%D9%87%D9%85%D8%B3%D8%B1-%D8%A7%D9%93%D9%82%D8%A7%DB%8C-%D9%88%DA%A9%DB%8C%D9%84,unknown,-1
https://www.ninisite.com/user/25360853-abb1-4579-ae4d-308eeb0e4293/%D8%AC%DB%8C%DA%AF%D8%B1%D8%B1%D9%85%D9%85%D9%85%D9%85%D9%85,unknown,-1
https://www.ninisite.com/user/da2bef88-edbf-40fe-8b13-bc87aadef983/%D8%B1%D9%88%D8%B4%D9%86%D8%A7%DB%B2%DB%B6,unknown,-1
https://www.ninisite.com/user/eaf5c1df-22f2-4e24-84db-a865d720e287/%D8%AE%D8%A7%D9%86%D9%88%D9%85-%D8%B4%D9%87%D8%B1%DB%8C%D9%88%D8%B1%DB%8C,unknown,-1
https://www.ninisite.com/user/19438827-791d-44dc-b76d-dec753a8bc24/pari1401,unknown,-1
https://www.ninisite.com/user/ad037e28-8e5e-40f7-99db-93c1941206c5/%D9%BE%D8%B1%D8%B1%DB%8C%D8%AF%D8%AE%D8%AA,unknown,-1
https://www.ninisite.com/user/58c2e481-566f-43e2-80d5-223e1d48f177/%D8%B1%D8%A7%D8%AD%DB%8C%D9%84%D9%84%D9%84%D9%84%D9%84%D9%84%D9%84%D9%84%D9%84%D9%84%D9%84%D9%84%D9%84%D9%84%D9%84%D9%84,unknown,-1
https://www.ninisite.com/user/f790ed25-42c4-49d0-b5aa-5bc065ce340e/sara13799999,unknown,-1
https://www.ninisite.com/user/46633350-c529-4739-a53d-a018905b993c/foruzan,unknown,-1
https://www.ninisite.com/user/3a1ea374-07a6-4542-93e7-439269d516b6/sagoliiiii,unknown,-1
https://www.ninisite.com/user/5821bd66-daa2-4d87-a98b-d5af626be9c8/%D9%BE%D8%B1%D8%AA%D9%82%D8%A7%D8%A7%D8%A7%D8%A7%D8%A7%D8%A7%D9%84,unknown,-1
https://www.ninisite.com/user/ade025ed-61e4-486e-aa5b-b95dd10ca3d4/%D9%BE%D9%81%DA%A9-%D9%86%D9%85%DA%A9%DB%8C-%D8%AA%D9%88%D9%86%D9%85,unknown,-1
https://www.ninisite.com/user/d0b82c3c-7b28-4edf-96b6-4f93092cd3f9/behinice,unknown,-1
https://www.ninisite.com/user/902cc556-5245-47db-a949-180f82fe4da5/vsabo,unknown,-1
https://www.ninisite.com/user/869df314-5dce-46c5-a847-30877c60a222/parnazi,unknown,-1
https://www.ninisite.com/user/17c920fa-5c11-4ac2-82f4-a360f42385d0/mehry81,unknown,-1
https://www.ninisite.com/user/0116d789-6564-4d24-91fd-2ee3d01357a1/mahoor266,unknown,-1
https://www.ninisite.com/user/52489921-bf4f-47c0-8611-801fa4425ef5/menaz,unknown,-1
https://www.ninisite.com/user/344a684c-1e77-4a38-ada7-df4106b8ab32/bluegate,unknown,-1
https://www.ninisite.com/user/ccb1858b-9669-43e5-92ba-b72b7f9f5899/handet,unknown,-1
https://www.ninisite.com/user/acd8c99c-5d74-466e-8888-f4a67d638aef/talabanoo1401,unknown,-1
https://www.ninisite.com/user/d18e92cc-2d88-44da-9ddc-79edefc16720/nadiyajoon,unknown,-1
https://www.ninisite.com/user/2ef09963-8156-4c90-a7f2-15e9fb17a61a/hamtaamamani,unknown,-1
https://www.ninisite.com/user/f50d104e-d8f5-4bb1-b842-f2a24db78a9e/%DA%A9%D8%A7%D9%84%DB%8C%DA%AF%D9%88%D9%84%D8%A7,unknown,-1
https://www.ninisite.com/user/429593a3-7584-4362-815d-c68cbdfd1aee/%D8%A8%D8%A7%D9%86%D9%88%D8%AA%D8%A7%D8%A8%D8%B3%D8%AA%D8%A7%D9%86%DB%8C,unknown,-1
https://www.ninisite.com/user/31ebce2c-16d7-43ac-9f1a-090b41eaf435/ariyanininazam,unknown,-1
https://www.ninisite.com/user/0f553bfb-6aec-4938-bea5-fcf22da12648/sahargahan,unknown,-1
https://www.ninisite.com/user/bed2b438-eae8-42da-bcef-510fcf280a02/%D9%85%D9%85%D9%86%D9%88%D9%86,unknown,-1
https://www.ninisite.com/user/5451d301-06e2-4951-b1a9-4c3075144de7/3434tahdigam,unknown,-1
https://www.ninisite.com/user/12857b84-3409-44aa-8336-a5041c123483/%D9%81%D8%B1%D8%B4%D8%AA%D9%87%DB%B4%DB%B6%DB%B5%DB%B7,unknown,-1
https://www.ninisite.com/user/38bc288a-2cf3-49df-a13b-4da4817ac9ae/shimaaaaamosavi,unknown,-1
https://www.ninisite.com/user/664e5318-4a71-488e-ab8c-ea429c491983/%D9%86%D9%80%D8%A7%D8%B4%D9%80%D9%86%D9%80%D8%A7%D8%B3%D9%80-%D8%AF%D9%84%D9%80%D8%AA%D9%80%D9%86%D9%80%DA%AF%D9%80,unknown,-1
https://www.ninisite.com/user/01a4d2c6-f22e-416f-ae67-443fb2c4e317/%D9%85%D8%A7%D8%AF%D8%B1%D9%BE%D8%A7%DB%8C%DB%8C%D8%B2%D9%88%D8%B2%D9%85%D8%B3%D8%AA%D8%A7%D9%86,unknown,-1
https://www.ninisite.com/user/95d5be69-ec3b-43e6-902f-6cc615177054/%D8%B1%DB%8C%D8%AD%D8%A7%D9%86%D9%87%DB%B3%DB%B1%DB%B3,unknown,-1
https://www.ninisite.com/user/49fc494c-e3ed-4d02-844a-efbe9111949f/maman-mehraban,unknown,-1
https://www.ninisite.com/user/1bc8b7e6-011b-4c09-9243-571b4f325b1a/%D9%87%D9%85%D8%A7%D8%AC%D9%88%D9%88%D9%88%D9%86,unknown,-1
https://www.ninisite.com/user/f79a75c2-bf85-47cf-8a3b-7e5b21bcd90e/%D8%AF%D8%AE%DB%8C-%D8%A8%D9%84%D9%88%DA%86-%D8%B2%D8%A7%D9%87%D8%AF%D8%A7%D9%86%DB%8C,unknown,-1
https://www.ninisite.com/user/46c43472-9233-4513-a7a3-353ae2f32f69/elhamkhaanoom,unknown,-1
https://www.ninisite.com/user/12fd28e8-de6f-4336-b810-0175be647460/tabasom1234,unknown,-1
https://www.ninisite.com/user/126227c8-9849-4892-9009-d1be95a34bfc/imdarya,unknown,-1
https://www.ninisite.com/user/9f74d3a0-ba95-40bf-8688-c86fb1b946b6/snowflakesss,unknown,-1
https://www.ninisite.com/user/58ccae43-e42e-464f-b932-87bf8bf959ad/%D8%B3%D9%84%D9%88%DB%8C%DB%B7%DB%B0,unknown,-1
https://www.ninisite.com/user/b6bb864b-e092-4d69-b341-1d1bdbd121ab/%D8%B3%D8%A7%D8%B1%D8%A7,unknown,-1
https://www.ninisite.com/user/c9e6e0a3-f252-41fc-9b7a-6227cbc22bb1/hadisehjon,unknown,-1
https://www.ninisite.com/user/a38c9bc9-8287-4165-9f3d-b59d2fe3122f/golarakiani,unknown,-1
https://www.ninisite.com/user/b63b437a-cd06-4603-9400-dfabe21e8006/%D9%BE%DB%8C%D9%86%DA%AF%D9%88%D9%86%DB%8C%D9%88%D9%85,unknown,-1
https://www.ninisite.com/user/f68fefa5-cccf-4a75-9322-8fcc5206901d/%D8%B9%D8%B7%D8%B1-%DA%AF%D9%84-%D8%A7%D9%82%D8%A7%D9%82%DB%8C%D8%A7,unknown,-1
https://www.ninisite.com/user/3e13471b-3289-4822-b4d7-4ff054fa81f8/%D8%A8%D8%A7%DB%8C%D9%88%D8%AF%D8%B1%D9%85%D8%A7,unknown,-1
https://www.ninisite.com/user/3a9c3db1-5ca3-499f-8a44-cbba2983fe7b/%D9%86%DB%8C%DA%A9%DB%8C-niki,unknown,-1
https://www.ninisite.com/user/0ed5db59-51d9-4f12-bcd0-4a02504c66d7/%D8%AF%D8%B1-%D8%A7%D9%86%D8%AA%D8%B8%D8%A7%D8%B1-%D9%81%D8%B5%D9%84-%D9%85%D8%A7%D8%AF%D8%B1%DB%8C,unknown,-1
https://www.ninisite.com/user/72174420-5b46-4ecf-b05a-a466225a9901/171202,unknown,-1
https://www.ninisite.com/user/23669120-3a80-4642-a2d9-bf385ff67931/dabiri,unknown,-1
https://www.ninisite.com/user/fc443679-85b4-449a-a833-512c2cc07e8f/%D8%A7%D9%93%D9%88%DB%8C%D9%86%D8%A7,unknown,-1
https://www.ninisite.com/user/a9f9f00e-ffc7-4384-bdc3-667968a698ab/%D9%85%D8%B1%D8%B3%D8%AF%D9%872mersedeh,unknown,-1
https://www.ninisite.com/user/7c0946ee-6927-4d82-bff6-1f5164777b49/%D8%B1%D8%A7%D8%B3%D8%AA%D8%A7%D9%861,unknown,-1
https://www.ninisite.com/user/da232a85-30e9-4cf1-a370-9e2c1263ff4e/%D9%86%DA%AF%D8%B3%D9%869331%D8%AC%D8%AF%DB%8C%D8%AF,unknown,-1
https://www.ninisite.com/user/06c25beb-c53e-4157-a78d-599987cc149e/arghauan,unknown,-1
https://www.ninisite.com/user/0c55f4ef-d11b-4c50-a5db-5601761d85c8/%DB%8C%DA%A9-%D9%85%D8%A7%D8%AF%D8%B1,unknown,-1
https://www.ninisite.com/user/9b0d2e3f-bc6a-4ccf-b987-94c132489ed1/%D8%B1%D9%88%DB%8C%D8%A7%D9%BE%D9%88%D8%B4%D8%A7%D9%84%DB%8C,unknown,-1
https://www.ninisite.com/user/e0e5957a-463d-4627-92eb-f8d2d0759671/%D8%B3%D8%AD%D8%B1%D8%AE%DB%8C%D8%B2%D9%85,unknown,-1
https://www.ninisite.com/user/2728a931-c73a-4e84-97a9-55400b5d53f6/%D9%85%D8%A7%D9%87-%D8%B4%D8%A8-%D8%AA%D8%A7%D8%B1%D9%85,unknown,-1
https://www.ninisite.com/user/4162bfdb-69f0-4859-bfe7-2e3686c5bfbe/mahrooooooookh,unknown,-1
https://www.ninisite.com/user/99a3f3fa-60f0-40f7-b6dd-e024d2d4bb3f/banoo,unknown,-1
https://www.ninisite.com/user/eda5711a-11d5-49db-bcec-4ec84a261dce/divodelbar,unknown,-1
https://www.ninisite.com/user/844faf4b-ed33-4610-9a68-07ca9a6c9195/%D8%A8%D8%B2%D8%B1%DA%AF-%D8%A7%D9%93%D9%82%D8%A7,unknown,-1
https://www.ninisite.com/user/5c43d004-e74f-4da9-a94b-9ad9a56a2210/%DA%AF%D9%88%DA%AF%D9%88%D9%84%DB%8C,unknown,-1
https://www.ninisite.com/user/8ea9b72e-4a52-4414-ac8b-fd337cb08dd8/%D8%B3%D8%A7%D8%B1%D8%A7-2906,unknown,-1
https://www.ninisite.com/user/5effde31-560f-490c-8dc5-8d4be0e75154/%D9%86%D8%A7%D8%B2%D9%86%DB%8C%D9%86-%D8%B5%D8%A7%D9%84%D8%AD%DB%8C,unknown,-1
https://www.ninisite.com/user/e4c86d23-330d-4b44-bebb-b8492463b2d6/%D8%AF%D9%84%D8%B3%D8%AA%D8%B1-%D8%AA%D9%84%D9%80%D9%80%D8%AE,unknown,-1
https://www.ninisite.com/user/ca4bbecd-f609-48c4-a032-1acd850babd3/%D9%88%D8%A7%D8%AB%D9%82,unknown,-1
https://www.ninisite.com/user/56ee150d-5572-4322-9676-dbb7f68c8bce/hani-banow,unknown,-1
https://www.ninisite.com/user/5653c76f-6241-4524-9888-cbe30906434d/%D9%85%D8%A7%D8%AF%D8%B1%D8%B4%D9%88%D9%87%D8%B1-%D8%A7%D9%81%D8%B1%DB%8C%D8%AA%D9%87,unknown,-1
https://www.ninisite.com/user/b5cc0425-a4bc-436f-96cd-801ed8ac8c25/aslasl12,unknown,-1
https://www.ninisite.com/user/a9e936b7-8ce0-4522-9fa3-7a1d395076e9/%D9%85%D9%88%DA%98%D8%A7%D9%86%DB%B2%DB%B7,unknown,-1
https://www.ninisite.com/user/a696935d-7ada-4079-b276-8f17c54a61bb/%D9%82%D9%88%D8%B1%D9%85%D9%87%DB%B2%D9%82%D8%B1%D9%85%D8%B2%DB%8C,unknown,-1
https://www.ninisite.com/user/9b0e01f8-6fa3-4089-954c-aa545df233db/86maryamiiiii,unknown,-1
https://www.ninisite.com/user/cdc257ad-7664-4e64-a20f-f67760967870/sofiyaaaaaa,unknown,-1
https://www.ninisite.com/user/d95d37e0-9200-4f0a-8245-8da2fe26c81b/%D9%85%D8%A7%D9%85%DB%8C-%D8%B3%D8%A7%D8%B1%DA%AF%D9%84,unknown,-1
https://www.ninisite.com/user/67f393d4-9d2e-466a-8103-106c7a2a6ef3/%D8%A8%D9%87%D8%AA%D8%B1%DB%8C%D9%86am,unknown,-1
https://www.ninisite.com/user/50aa3667-ab34-4715-9d91-558e3b918ddb/%D9%BE%D8%B1%D9%86%D8%B3%D8%B3-%D8%AE%D9%88%D8%B4-%D8%B4%D8%A7%D9%86%D8%B3-%D8%BA-%D8%B6,unknown,-1
https://www.ninisite.com/user/eb9c4e33-65b5-4755-b19b-46b00fa636cc/23a,unknown,-1
https://www.ninisite.com/user/a134741b-4407-44bd-8982-bfdf3645e00f/%DB%8C%D8%A7%D8%B3%D8%B3%D9%81%DB%8C%D8%AF,unknown,-1
https://www.ninisite.com/user/58f79019-70ad-427b-8380-dc8b9c5bb324/mehrosafa,unknown,-1
https://www.ninisite.com/user/6e08c672-11ad-4ab0-a026-3174ccf1b30a/%D8%B3%D9%84%D9%85%D8%A71372,unknown,-1
https://www.ninisite.com/user/5abdfed8-6829-45f6-932d-eb3c6df12fc3/minaaa,unknown,-1
https://www.ninisite.com/user/70f46897-603b-40dc-bad3-9a3478f3e206/maman-targol,unknown,-1
https://www.ninisite.com/user/209a7b2b-0ec9-4815-88a3-65bcb5de31a9/golab12345,unknown,-1
https://www.ninisite.com/user/32ea4a19-9cdc-4f8f-8a2e-ce76a5bea278/elnaz99400,unknown,-1
https://www.ninisite.com/user/42bd829c-e3df-43fe-ae0d-77f3a16c8624/%D9%85%D9%86%D9%86%D9%86%D9%86%D9%86%D9%86%D9%86%D9%86%D9%86%D9%86%D9%86%D9%86%D9%86%D9%86%D9%86%D9%86%D9%86%D9%86%D9%86,unknown,-1
https://www.ninisite.com/user/e0d59acb-850a-4165-822d-41357e7c31c4/maman-sofia,unknown,-1
https://www.ninisite.com/user/d25113c0-edb3-4ee7-a780-97b3687e2c26/gunnen,unknown,-1
https://www.ninisite.com/user/ddf4efbe-e09e-432d-ad0d-6f6a20e5ba19/negini1819,unknown,-1
https://www.ninisite.com/user/6997e113-da20-495f-868c-05835720c7d9/sargolimom,unknown,-1
https://www.ninisite.com/user/94ec7397-43a4-417c-a788-ec697ce5d8c3/pichak2000,unknown,-1
https://www.ninisite.com/user/cd12ec45-8f71-4d94-9da0-f47d19744240/nazzzzzziii,unknown,-1
https://www.ninisite.com/user/dc00e6aa-f32a-4101-9362-96e22f67f1ea/iiiilili,unknown,-1
https://www.ninisite.com/user/8ed04dcb-a374-47c6-8a3d-7896118f4efb/gandomak,unknown,-1
https://www.ninisite.com/user/38da743c-6d56-4bea-9978-19178bb4ee54/%D8%B9%D8%B4%D9%82%D9%85%D8%B3%D8%A8%D8%AD%D8%A7%D9%86,unknown,-1
https://www.ninisite.com/user/660234f7-400a-40ba-bf86-f63b0b039db8/%D8%AE%D8%A7%D8%AA%D9%88%D9%86-%D8%A8%D8%A7%D9%86%D9%88,unknown,-1
https://www.ninisite.com/user/52c8d4ae-7fac-4cfd-9788-dce113e835c3/%D9%85%DB%8C%D9%86%D8%A71519,unknown,-1
https://www.ninisite.com/user/ad4befe5-a363-4346-aa8a-f2037b8ad696/saeedeh-96,unknown,-1
https://www.ninisite.com/user/5f108efc-a82c-4483-ba5c-4ce3e2f4cc65/helen201,unknown,-1
https://www.ninisite.com/user/34dfd861-3951-4dfa-a983-9343fe5e9f01/%D8%B3%D9%88%D8%B3%DB%8C%D8%B3%DA%A9%D8%A7%D9%84%D8%A8%D8%A7%D8%B3,unknown,-1
https://www.ninisite.com/user/9f02abbf-81bb-442b-a515-19fe31a23908/%D8%B4%D9%87%D8%B1%D8%B2%D8%A7%D8%AF%DB%B2%DB%B6,unknown,-1
https://www.ninisite.com/user/bfe503f2-a4c8-4466-807a-6be73f981798/mohdse-78,unknown,-1
https://www.ninisite.com/user/3c3bf95e-11bd-4fef-98e3-5f00715e7b8d/dokhtarbarfi,unknown,-1
https://www.ninisite.com/user/930ef3c2-fcc0-4872-bc20-f7b179ef0494/%D9%85%D8%A7%D9%85%D8%A7%D9%86-%D8%AF%D9%88%D8%AA%D8%A7-%D9%88%D8%B1%D9%88%D8%AC%DA%A91,unknown,-1
https://www.ninisite.com/user/65e3ed7f-2d57-4f5b-b6d5-9292d8afd10c/%D9%87%D9%85%D8%B3%D8%B1-%D8%A7%D9%93%D9%82%D8%A7%DB%8C-%DB%8C%D8%B3,unknown,-1
https://www.ninisite.com/user/027a938c-2346-4fb1-ada2-15f3b4b765d5/%D8%AF%DB%8C%D9%86%D8%A7%D9%85%D8%AA2,unknown,-1
https://www.ninisite.com/user/f1157184-f6ac-4ffb-81f0-6f30ef805e37/%D8%A7%D9%93%D8%B1%D8%A7%D9%85%DB%8C%D8%B3,unknown,-1
https://www.ninisite.com/user/bb2f3676-55f8-4dbe-8efd-4f165f6e2365/%D9%81%D8%B1%D9%88%D8%B2%D8%A7%D9%86%D9%86%D9%86%D9%86,unknown,-1
https://www.ninisite.com/user/9c9d1c85-7851-4cdc-b6f3-e2e6f8493edc/setare%DB%B0%DB%B0,unknown,-1
https://www.ninisite.com/user/a0b6c784-9218-47e7-9250-8f7da0f8633e/%D8%AA%DA%A9%D8%AF%D8%AE%D8%AA%D8%B1%D8%A8%D9%87%D8%A7%D8%B1,unknown,-1
https://www.ninisite.com/user/90378fcc-9401-4b38-abdf-8ea857864db3/%D9%85%D8%B1%DB%8C%D9%8526s,unknown,-1
https://www.ninisite.com/user/b72c5595-2ef2-4c92-9a8a-1d244b90f7aa/golafrooz,unknown,-1
https://www.ninisite.com/user/9f745242-e2b2-4859-90f6-7d0e729bf0e8/%D8%B3%D8%B1%D9%86%D9%88%D8%B4%D8%AA32,unknown,-1
https://www.ninisite.com/user/060b5a47-bda1-42e6-97eb-4f3b4dc2e024/gh-sarina,unknown,-1
https://www.ninisite.com/user/8baee31d-6c52-4ae6-bb04-71e6c0d8d331/%D9%85%D8%A7%D9%85%DB%8C%D8%B3%D9%87%D8%AA%D8%A7%D8%B1%D9%87,unknown,-1
https://www.ninisite.com/user/2e1f3a18-8ee2-43e5-bf8b-3e47e2c509e6/maman-tanha,unknown,-1
https://www.ninisite.com/user/6c58f359-6ab1-48fe-ad51-70833d77bcfa/%D9%86%DB%8C%D9%86%DB%8C%D8%AF%D9%84%D8%A8%D8%B1,unknown,-1
https://www.ninisite.com/user/45992f12-f6ae-411f-8d01-8ba680b8e121/%D8%A8%D8%A7%D9%84%D8%A7%D8%AA%D8%B1%D8%A7%D8%B2%D9%85%D8%AC%D9%86%D9%88%D9%86,unknown,-1
https://www.ninisite.com/user/1db4373e-8819-4215-a2ab-32cbad4b1dbd/no-aks,unknown,-1
https://www.ninisite.com/user/98aede06-a7cb-4956-b18c-ac4677e35681/%D9%85%D8%A7%D9%85%D8%A7%D9%86-%DB%B2%D8%AA%D8%A7-%D9%BE%D8%B3%D8%B1,unknown,-1
https://www.ninisite.com/user/b89caafc-ae3a-4f2a-bfef-8e9c61beacde/%D8%AF%D9%88%D9%86%D8%A7%D8%AA-%D8%B4%DA%A9%D9%84%D8%A7%D8%AA%DB%8C,unknown,-1
https://www.ninisite.com/user/b2a82009-9aee-44d8-bd4f-8da92c3cdde2/rozminajoon,unknown,-1
https://www.ninisite.com/user/3e316c7c-81a4-4bf0-af98-f7ca831f1dbc/%D9%85%D9%87%D8%B1%D8%B2%D8%A7%D8%AF%DB%8C,unknown,-1
https://www.ninisite.com/user/c66b47ac-25e9-4a0e-9ee3-d608d8d461ae/%D8%AE%D8%A7%D9%84%D9%87-%D8%B1%DB%8C%D8%B2%D9%8700,unknown,-1
https://www.ninisite.com/user/d091e7ac-b855-46f7-8871-ce3cf2c17e31/foroz88,unknown,-1
https://www.ninisite.com/user/4aba9aa3-a56c-4e56-bf7f-b889273013ed/roya9898,unknown,-1
https://www.ninisite.com/user/1998fa29-6e2d-4bfb-9e9d-385baffc088e/reyam,unknown,-1
https://www.ninisite.com/user/8601ad1b-6c16-45f6-9894-41735e45fcb4/omahbanoo,unknown,-1
https://www.ninisite.com/user/e8bb8c56-885e-42c3-acb6-10aacbeffdc3/%D9%85%D8%B9%D8%AC%D9%88%D9%862,unknown,-1
https://www.ninisite.com/user/dfdaa61d-3da8-465d-8329-745ffc236fff/%D9%87%D9%85%D8%AF%D8%A7%D9%86%DB%B8%DB%B1%DB%B2%DB%B5,unknown,-1
https://www.ninisite.com/user/c56ce050-dfbf-419f-8f9d-bce846098eb1/%D9%85%D9%87%D8%B3%D8%A7%D8%AC%D9%88%D9%88%D9%88%D9%88%D9%88%D9%86,unknown,-1
https://www.ninisite.com/user/22d94509-53d5-406c-8a58-bc66f62a6053/amprator,unknown,-1
https://www.ninisite.com/user/25a2d1eb-1206-4259-98c7-db1d17a7f7b0/267magnolia,unknown,-1
https://www.ninisite.com/user/e11abd21-92d2-405c-a934-e747540f4640/45eshgh123,unknown,-1
https://www.ninisite.com/user/08d203cc-a131-4ab8-bc5d-06d61f0c86e0/%D9%85%D8%A8%DB%8C%D8%AA%D8%A7,unknown,-1
https://www.ninisite.com/user/abcd6d77-cb95-4474-9fa8-be4634380b07/%D8%AF%D8%AE%D8%AA%D8%B1-%D8%B4%DA%A9%D9%84%D8%A7%D8%AA%DB%8C,unknown,-1
https://www.ninisite.com/user/d22b894e-e36a-4ac9-9448-7e438ce41ded/%D8%B3%D9%88%DA%AF%D9%84%DB%8C-%D9%86%DB%8C%D9%86%DB%8C%D8%B3%D8%A7%DB%8C%D8%AA,unknown,-1
https://www.ninisite.com/user/6a178f05-68b8-4745-8c9e-705672f9b404/%D8%AF%D9%84%D8%A8%D8%B1%D8%B9%D8%B4%D9%82,unknown,-1
https://www.ninisite.com/user/cf6dde8d-a3ec-4f94-a025-b91b58280e67/%DA%AF%D9%84%D9%82%D8%B1%D9%85%D8%B2%D8%AE%D9%88%D8%B4%D8%A8%D9%88,unknown,-1
https://www.ninisite.com/user/e677b7c8-5600-42d7-9d34-39a4c1cf77d5/stubborn-girl,unknown,-1
https://www.ninisite.com/user/865ded61-d4cd-462a-bb1d-929838c65363/79sanaz,unknown,-1
https://www.ninisite.com/user/14ea96ab-9d54-4623-a2bb-b872fd9ee52d/%D8%AD%D8%B3%D9%86%DB%8C%D9%88%D8%B3%D9%81%DB%B0,unknown,-1
https://www.ninisite.com/user/be25e4d7-ad69-4883-9093-f592a9f90519/%D8%A8%D8%A7%D9%86%D9%88%DB%8C%D8%AA%D9%86%D9%87%D8%A7,unknown,-1
https://www.ninisite.com/user/9123e202-7ccf-4b91-8a9d-e28892f026a2/%D9%85%D9%86-%D8%B9%D8%A7%D8%B4%D9%82-%D8%B1%D9%BE%D9%85,unknown,-1
https://www.ninisite.com/user/ed3a15a6-627f-4085-9c42-b6fa8f7d82cc/farimahoseini,unknown,-1
https://www.ninisite.com/user/99ede955-5122-4953-ab02-7bd865a9a9f8/%D8%AE%D8%A7%D9%86%D9%88%D9%85%DB%8Cjan,unknown,-1
https://www.ninisite.com/user/b845145a-ef90-44ad-9d4c-13ec0befbd17/%D8%B1%D9%88%D9%86%DB%8C%DA%A9%D8%A7%DB%B1,unknown,-1
https://www.ninisite.com/user/4ee64075-1681-4b0f-b7be-824e2843e3b3/%D8%A7%D8%B1%DA%A9%DB%8C%D8%AF%D9%87%DB%B2%DB%B4%DB%B2,unknown,-1
https://www.ninisite.com/user/735f0012-0974-4562-8644-61552930350d/hastimmmmm,unknown,-1
https://www.ninisite.com/user/ce8c8615-17c3-42ea-b057-cf1bc884ff26/%D8%B4%DB%8C%D8%B1%DB%8C%D9%86363,unknown,-1
https://www.ninisite.com/user/d53d3cd8-bb1a-4847-9d9e-c41909fc097e/%D8%A7%D9%88%D9%81%D9%81%D9%81%D9%81%D9%81%D9%81%D9%81%D9%81,unknown,-1
https://www.ninisite.com/user/fee1aa75-1791-43ad-a888-1b8f6e082b8a/%D8%B3%D8%A7%D8%A7%D8%A7%D8%A7%D8%A7%D8%B1%D8%B1%D8%B1%D8%B1%D8%B1%D9%86%D9%86%D9%86%D9%86,unknown,-1
https://www.ninisite.com/user/bada3d8f-2150-454a-9fc8-9a63bba710de/%D8%AE%D8%A7%D9%84%D9%87%DB%B1%DB%B3%DB%B8%DB%B2,unknown,-1
https://www.ninisite.com/user/c0191f54-f89f-404d-bace-4785e7560221/my-angles,unknown,-1
https://www.ninisite.com/user/6dd2c8d6-f669-4c22-bf35-1aa1dcfdb20f/farzaneeeeee,unknown,-1
https://www.ninisite.com/user/7ff7c573-b93a-4e6a-95fc-1c2adf1063cf/afi7676,unknown,-1
https://www.ninisite.com/user/b008fe5c-ae88-48c8-a026-7846a3103e67/mona2772,unknown,-1
https://www.ninisite.com/user/9cb5ba70-393b-49a4-82dd-4ef89bd22c29/%D8%AA%D9%88%D8%B3%DA%A9%D8%A7%DB%B1%DB%B9%DB%B9%DB%B5,unknown,-1
https://www.ninisite.com/user/28ab2a76-5251-444e-8e9f-4a191803a264/17samiraaaa,unknown,-1
https://www.ninisite.com/user/372c993f-e201-4eb2-adb8-27f9b62e6366/%D8%A7%D8%B1%D9%88%D8%B4%D8%A7-%DA%AF%D9%84%DB%8C,unknown,-1
https://www.ninisite.com/user/9b684c12-3e8c-47b0-a6fd-2a73e66196f5/saghivjk,unknown,-1
https://www.ninisite.com/user/d40ae745-e7cd-4e08-bfbb-1bb0c4b43bd7/%D9%85%D9%87%D8%B3%D8%A7tiktak,unknown,-1
https://www.ninisite.com/user/e4f3d692-4979-4f83-8cfc-862c11f4f5e8/%D9%87%D8%A7%D9%86%D8%A7-%D9%85%D8%A7%D9%85%D8%A7%D9%86-%D8%A7%D9%85%DB%8C%D8%B1%D9%85,unknown,-1
https://www.ninisite.com/user/39b11c66-808f-4a9d-92b1-8583ed5654a7/%D8%AF%D8%AE%D8%AA%D8%B1%D8%AC%D9%86%DA%AF%DB%8C-%D9%85%D9%87%D8%B1%D8%A8%D9%88%D9%86,unknown,-1
https://www.ninisite.com/user/f4a88029-78e1-4ccf-b264-ad077369bf80/%D8%AC%D8%A7%D8%B1%DB%8C-%D9%86%DB%8C-%D9%86%DB%8C-%DB%8C%D8%A7%D8%B1-82,unknown,-1
https://www.ninisite.com/user/0ed3564b-b827-4a25-8f51-fc25aa2323dc/love61,unknown,-1
https://www.ninisite.com/user/7c327e3e-a380-4af2-99ca-00ee3a9d05e7/eliiii8843,unknown,-1
https://www.ninisite.com/user/5dca2bda-61c4-45c8-af27-6476eadf9ce9/%D8%A7%D9%93%D8%B4-%D8%B1%D8%B4%D8%AA%D9%873934,unknown,-1
https://www.ninisite.com/user/d63087f9-121a-4f27-a8b5-14b9eddf9735/%D9%86%DB%8C%D9%87%D8%A7%D9%86-%D8%A7%D9%88%D8%B1%D9%87%D8%A7%D9%86,unknown,-1
https://www.ninisite.com/user/94a5c61e-d7ca-4257-b068-1a50a198c87a/parvah,unknown,-1
https://www.ninisite.com/user/cf744b2c-24e4-4808-82db-4ab7ea0dcead/%D9%BE%D8%B1%DB%8C%D9%80%D9%80%D9%80%D9%80%D9%80%D9%80%D9%80%DA%86%D9%87%D8%B1%DB%B1%DB%B2%DB%B3,unknown,-1
https://www.ninisite.com/user/4660389a-9db6-4423-9b84-f3f420cfc47c/%D8%B2%D9%87%D8%B1%D8%A7%D8%A8%D8%A7%D9%86%D9%88%D8%AF%D8%B1%D8%AE%D8%B4%D8%A7%D9%86,unknown,-1
https://www.ninisite.com/user/bb8ba4ba-dca1-4e94-87b1-31962f98fc3f/%D9%85%D8%A7%D9%87-%DA%A9%D8%A7%D9%85%D9%84-%D8%A7%D8%B3%D9%85%D9%88%D9%86,unknown,-1
https://www.ninisite.com/user/df18e7d8-3c7b-4bed-8930-40413adff170/fandog-2,unknown,-1
https://www.ninisite.com/user/48e90346-4213-4621-9c0d-5c603598d2ba/%D8%A8%D8%A7%D9%86%D9%88%DB%8C1400,unknown,-1
https://www.ninisite.com/user/c4301335-055b-4610-9f2e-b824180b8b9c/%DB%B1%DB%B3%DB%B7%DB%B7%DB%B1%DB%B3%DB%B6%DB%B7,unknown,-1
https://www.ninisite.com/user/8648f8e5-3903-43de-9f05-c479189e5a17/tooootiiiiasallliii,unknown,-1
https://www.ninisite.com/user/ec553709-ff43-4f6f-bf48-7910739b1e40/%D8%A7%D8%B9%D8%B5%D8%A7%D8%A8%D9%85-%D8%AE%D8%B1%D8%A7%D8%A8%D9%87,unknown,-1
https://www.ninisite.com/user/ebbebab5-7aa9-4101-8772-99bc71f1e10a/%D9%85%D9%85%D8%AF-%D8%AF%D8%B3%D8%AA-%D8%B1%D8%A7%D8%B3%D8%AA,unknown,-1
https://www.ninisite.com/user/5abe3c4b-86f4-47e5-9e4c-1b271d2181fe/%D8%A8%D9%80%D9%80%D9%80%D9%80%D8%A7%D8%B1%D9%88%D9%86-%DA%A9%D9%87-%D9%85%DB%8C%D9%80%D9%80%D8%B2%D9%86%D9%87,unknown,-1
https://www.ninisite.com/user/64bd2898-4ae8-42ed-92c8-f0fb99243f52/%D8%AF%D8%B1-%D9%BE%D9%86%D8%A7%D9%87-%D8%AE%D8%AF%D8%A7,unknown,-1
https://www.ninisite.com/user/7aad0d07-de62-4e41-be7f-a3d747e5694c/%D8%AC%D8%A7%D8%AF%D9%88%DA%AF%D8%B1%D8%B1%D8%B1%D8%B1%D8%B4%D9%87%D8%B1,unknown,-1
https://www.ninisite.com/user/2bae780e-8221-4186-8605-cf3e9b4484a6/mahsa1397,unknown,-1
https://www.ninisite.com/user/6d62897e-3d66-44b2-a199-a6c79c49f49d/%D8%AF%D9%86%DB%8C%D8%A7%DB%8C-%D8%A7%DA%A9%D9%84%DB%8C%D9%84%DB%8C,unknown,-1
https://www.ninisite.com/user/80cde6c0-cb1f-42fe-89c8-72075bf2d4e4/%D8%BA%D8%B2%D8%A7%D9%8456,unknown,-1
https://www.ninisite.com/user/da59315c-d8fb-4724-b57a-9a01ff134c86/1455,unknown,-1
https://www.ninisite.com/user/e90c0aa0-0b8e-4d00-a60d-82c8ed283f9d/sooratiii,unknown,-1
https://www.ninisite.com/user/2fe919d2-3c4c-468a-b4f3-e7bcbda2b5ea/%D9%BE%DB%8C%D8%AA%D8%B2%D8%A7%D8%B3%D8%B1%D8%AF,unknown,-1
https://www.ninisite.com/user/0be3956f-2ec7-4c21-9386-955d6c5bc4be/mahr-u69,unknown,-1
https://www.ninisite.com/user/6f38f2bf-ad17-4327-8d07-a6b04c8e7f17/silk,unknown,-1
https://www.ninisite.com/user/5c690e20-1ad6-4ddf-9ca9-b8ede7adfbfd/1991ava1991,unknown,-1
https://www.ninisite.com/user/1ef9316c-b76f-47b3-bd68-6abd26ea1e03/%D8%B1%D9%82%DB%8C%D9%87%DB%B1%DB%B4%DB%B4%DB%B3,unknown,-1
https://www.ninisite.com/user/0e3ea2bd-6abe-400c-8184-6a7ff3dccb05/afsoooonjoon,unknown,-1
https://www.ninisite.com/user/96b1673c-1d2a-4f3f-af1c-01a6da974693/%D8%A8%D9%87-%D8%A7%D9%85%DB%8C%D8%AF-%D8%AE%D8%AF%D8%A7%DB%8C-%D9%85%D9%87%D8%B1%D8%A8%D8%A7%D9%86,unknown,-1
https://www.ninisite.com/user/c8a09820-7020-4d1e-9324-7536ed135524/hghuhujko,unknown,-1
https://www.ninisite.com/user/c60714fd-d99a-4069-a7b2-ed6b9a21ac59/%D8%AE%D8%A7%D9%84%D9%87-%D8%B3%D8%A7%D8%B1%D8%A7-%DB%B9%DB%B5-%D8%AA%D8%B1%DA%A9%DB%8C%D8%AF%D9%87,unknown,-1
https://www.ninisite.com/user/7e312a8f-9070-4413-bd1d-71aa5a01b152/%D9%81%D8%B1%D8%B4%D8%AAh%D9%87%D8%A7ei%D9%86%D8%A7%D8%B2%D9%85,unknown,-1
https://www.ninisite.com/user/f35615a6-2b52-4343-9a8a-c2b0481b0747/%D9%85%D8%AB%D8%A8%D8%AA-%D8%A8%D8%A7%D8%B4,unknown,-1
https://www.ninisite.com/user/2a438da6-ad83-48ee-ade7-8f5ea71f36ce/%D9%87%D8%A7%D9%86%DB%8C%D9%84z,unknown,-1
https://www.ninisite.com/user/2c2e344f-65ea-4b9b-807a-c729fe5c429b/%D8%AE%D8%A7%D9%86%D9%85%D8%AC%D9%88%D9%86,unknown,-1
https://www.ninisite.com/user/06f982e8-506c-497b-aff9-f48c7fa021b5/malakeeeehhhh,unknown,-1
https://www.ninisite.com/user/1bd7ae2d-c007-4884-8f04-2a377d0864ec/mahboooobeh4,unknown,-1
https://www.ninisite.com/user/2ed6b5da-d02d-47af-9463-cb73f8147426/%D8%B4%D8%A7%D8%AF%DB%8C-5,unknown,-1
https://www.ninisite.com/user/dbed669d-23b4-48d8-a150-9fa27be5b164/%D8%A8%D9%87%D8%AA%D8%B1%DB%8C%D9%86%D8%B1%D9%81%DB%8C%D9%82,unknown,-1
https://www.ninisite.com/user/6f670515-ec0d-4b8c-b0f1-9ffa6986ece8/yaaas1392,unknown,-1
https://www.ninisite.com/user/94f4e1bd-5ed6-489a-ba4d-99c59ac07b46/mobinasaberi266,unknown,-1
https://www.ninisite.com/user/f2dd0e09-f9c5-4661-8e42-1d4e0b37ed80/aleyna86,unknown,-1
https://www.ninisite.com/user/6ddddab5-c82a-4196-9a23-fd85fc5c688f/%DA%AF%D9%84%D8%AF%D8%AE%D8%AA%D8%B1-1379,unknown,-1
https://www.ninisite.com/user/d0fa74f9-714d-46c7-9c9c-ee91c4547876/zabayekhofte,unknown,-1
https://www.ninisite.com/user/623a514f-158d-4ab3-b3a0-fbc33fff0c69/%D9%BE%D8%B4%D9%85%D8%A7%D9%8A%D9%94%DB%8C%D9%8400,unknown,-1
https://www.ninisite.com/user/21167383-45fb-4c03-9dbe-cad9a3e17064/thanks62god,unknown,-1
https://www.ninisite.com/user/86172327-bfea-4287-9546-1ab9677ec4af/%D9%85%D9%87%DA%AF%D9%84%DB%B7%DB%B7%DB%B7%DB%B0,unknown,-1
https://www.ninisite.com/user/eeded137-d81b-4fa3-bd03-c4504329e51e/arsam1401,unknown,-1
https://www.ninisite.com/user/949c98a0-438a-4fb1-999e-8930faf880a8/ebrahimiii,unknown,-1
https://www.ninisite.com/user/257e99ad-6d25-4be5-9a3b-326d119de571/%D8%A7%D8%AB%DB%8C%D8%B1,unknown,-1
https://www.ninisite.com/user/37ab31a7-3d9a-4509-a7ae-5264ccdac6ae/%D8%B9%D9%84%DB%8C%D9%BE%D9%88,unknown,-1
https://www.ninisite.com/user/2b1d1f82-6210-4c98-84a7-220c2e670f3c/%D9%85%D9%87%D8%AA%D8%A7%D9%85-sh,unknown,-1
https://www.ninisite.com/user/448f2bbc-7d3b-428e-8698-3044d935e149/samantaaaaaa,unknown,-1
https://www.ninisite.com/user/dafad927-e884-40fe-b97f-4fc2e1418c7c/%D8%AF%D9%86%D8%A7%D8%AA,unknown,-1
https://www.ninisite.com/user/1b5009b2-8395-41a4-a328-fd0dfe915d34/wooooooow,unknown,-1
https://www.ninisite.com/user/033cc0fe-39e6-4680-ac2e-df56f1a78e5b/%D8%B1%D9%88%D8%AD%DB%8C-%D8%AF%D8%B1-%DA%A9%D9%85%D8%AF-%D8%AF%DB%8C%D9%88%D8%A7%D8%B1%DB%8C,unknown,-1
https://www.ninisite.com/user/497be809-fa0b-43bc-ae37-1bc494fd3fba/shantin,unknown,-1
https://www.ninisite.com/user/165fd0e2-3132-4d13-8386-466285c48cb7/69leila69,unknown,-1
https://www.ninisite.com/user/ba5ebce0-61c0-45ff-b91a-6db8cf21422d/%D8%AF%D9%84-%D8%AF%D8%B1%DB%8C%D8%A7%DB%8C%DB%8C%D9%85,unknown,-1
https://www.ninisite.com/user/12f04fe9-8b0b-475e-b8c4-04ee187b7135/%D9%88%D8%AE%D8%AF%D8%A7%D9%85%DB%8C%D8%A8%DB%8C%D9%86%D8%AF,unknown,-1
https://www.ninisite.com/user/86f9a91b-18c0-4f2d-82e7-79d0b41c9a13/%D8%B3%DB%8C%D9%84%D9%88%D8%A7%D9%86%D8%A7%DB%B6%DB%B0,unknown,-1
https://www.ninisite.com/user/fbfdf9d0-e3b6-4775-821f-5abea9e0f0ba/%D8%AA%D9%88%D9%84%D9%88%D8%AE%D8%AF%D8%A7%D8%A7%D8%A7%D8%A7,unknown,-1
https://www.ninisite.com/user/c31a709f-fdb7-4e13-b5fc-56c544101ad6/%D9%86%DB%8C%D9%84%D9%88%D9%81%D8%B1%DB%B4%DB%B0%DB%B2,unknown,-1
https://www.ninisite.com/user/439af4be-df79-4666-b366-4a3731fb7842/%D9%84%D9%88%D8%A7%D8%B4%DA%A9-torsh,unknown,-1
https://www.ninisite.com/user/093e11db-9a3a-4914-86d1-d459376484df/hhasman,unknown,-1
https://www.ninisite.com/user/be0c82ec-4fc7-4971-b90c-264648de07b9/elisa9980,unknown,-1
https://www.ninisite.com/user/d48e69eb-85c5-4519-ad6e-c9d078a1d3a7/marneyyyyyy,unknown,-1
https://www.ninisite.com/user/5cad9c11-3553-4df2-9751-e11460add0b1/snz-901,unknown,-1
https://www.ninisite.com/user/9e009776-af82-49a0-af74-4b058dda44cb/%D8%A7%D9%85%DB%8C%D9%86%D9%87eeeeeeee,unknown,-1
https://www.ninisite.com/user/93958158-6d3e-4548-942d-857c67b4a0b9/nahal2050,unknown,-1
https://www.ninisite.com/user/02137228-e06f-48a3-a714-a8d7f5fa155c/%D8%A7%D8%B1%D8%AF%D8%B4%DB%8C%D8%B1%D8%AF%D8%B1%D8%A7%D8%B2%D8%AF%D8%B3%D8%AA,unknown,-1
https://www.ninisite.com/user/f034b4ef-4537-45bd-b3b6-a408f07ca613/baharezeynivand,unknown,-1
https://www.ninisite.com/user/a18e12cc-6deb-46c5-baed-50844675ae41/%D8%B9%D8%B4%D9%82%D8%B4%D8%A8%DA%AF%D8%B1%D8%AF,unknown,-1
https://www.ninisite.com/user/aee1dd41-4e0d-4440-8435-a235f1332fca/esfandbanooo,unknown,-1
https://www.ninisite.com/user/7ca2a6db-2921-400e-9cc9-bc63556d21dc/696kiana,unknown,-1
https://www.ninisite.com/user/78072955-b287-403c-bfec-f1fd6e7de396/%D8%A7%D9%93%D8%B4%D9%88%DB%B5%DB%B9,unknown,-1
https://www.ninisite.com/user/d93c416a-6572-4a18-abfe-7f5ae625af2d/%DA%AF%D9%84%D9%88%D9%85%D8%B1%D9%88%D9%84,unknown,-1
https://www.ninisite.com/user/32e22780-b23b-4e77-b3d5-9c2c8195f77a/%D8%AA%D8%A7%D8%B1%DB%8C%DA%A9%DB%8C-%D8%AE%D9%88%D8%B1%D8%B4%DB%8C%D8%AF,unknown,-1
https://www.ninisite.com/user/5f266da7-0c5a-4ca0-8208-826de2df1fe6/realis,unknown,-1
https://www.ninisite.com/user/433af172-39be-4c3f-8e6e-30d5f805a560/%D8%A8%DB%8C%D8%B1%DB%8C%D8%A7%DB%B7%DB%B7,unknown,-1
https://www.ninisite.com/user/140c5f3f-66e1-4f1a-b1d2-52998e6ae378/fatooonam,unknown,-1
https://www.ninisite.com/user/7539d749-2642-4f93-bd27-b9bdbcbe2699/%D8%AE%D8%A7%D8%B7%D8%B1%D9%87-%D8%AC%D9%88%D9%86-%D8%AC%D9%88%D9%86,unknown,-1
https://www.ninisite.com/user/4c0caf73-b197-4d2a-a19f-2fb586ee1671/%D8%A7%D9%93%DA%A9%DA%86%D8%A7,unknown,-1
https://www.ninisite.com/user/c15157b5-628e-479b-a5ef-a85ac78cba04/asayesh98,unknown,-1
https://www.ninisite.com/user/0c103244-32f5-4c0e-83f0-6cad8dcaf9b4/dokhibanafsh,unknown,-1
https://www.ninisite.com/user/302154f2-1d4f-4a6d-b10c-e7c0388ddac9/only72,unknown,-1
https://www.ninisite.com/user/c60e3263-3bd2-43b7-ae09-ec8f080b150a/elham997,unknown,-1
https://www.ninisite.com/user/24047ff3-d70a-430c-9211-af1770770919/mohadese-jon32,unknown,-1
https://www.ninisite.com/user/a3359977-b0f2-48c9-a02d-ac343e2d2adf/%D9%85%D8%A7%D9%85%D8%A7%D9%86-%D9%86%DB%8C%D9%85%D8%A7%D8%AC%D9%88%D8%AC%D9%87,unknown,-1
https://www.ninisite.com/user/7cc8b30a-67bc-4f89-a0b1-3b674ed7a792/taninam,unknown,-1
https://www.ninisite.com/user/7e0b014a-7cb3-4241-b461-3a1c290a48e9/%D9%86%DA%AF%DB%8C%D9%86-%D8%AE%D8%A7%D9%86%D9%85-0,unknown,-1
https://www.ninisite.com/user/a50d33e5-3822-484d-bf48-39fa4ffa80ea/%D9%85%D9%88%D9%86%D8%A7%DB%B2%DB%B8%DB%B1,unknown,-1
https://www.ninisite.com/user/8311717b-f849-4ded-9b37-64f9a2b9bc6c/taniya2212,unknown,-1
https://www.ninisite.com/user/243e4081-9d29-416e-b428-d4ca4c7048f9/lana-rey,unknown,-1
https://www.ninisite.com/user/3f7ccee5-f05e-45f0-b8b6-8cfdf3fad073/nikcham,unknown,-1
https://www.ninisite.com/user/d40125f1-ed41-4e44-b116-ff6ab8935e7b/melika,unknown,-1
https://www.ninisite.com/user/2c4df4fe-de50-4c29-9878-54c51f21dc4f/%D9%85%D8%A7%D9%85%D8%A7%D9%86%D8%B4%DB%8C%D9%88%D8%A7%DB%8C%DB%8C,unknown,-1
https://www.ninisite.com/user/8de1de9f-a53f-49e1-a61a-6f4d92aa1d0b/%D8%AF%D9%84%D8%A7%D8%B1%D8%A7%D9%85%DB%B1%DB%B3%DB%B6%DB%B6,unknown,-1
https://www.ninisite.com/user/34895071-a779-4cb1-85c6-cb0daf9ab3bb/%D9%85%D9%87%D9%80%D9%80%D9%80%D9%80%D9%80%D8%AA%D9%80%D8%A7%D8%A7%DB%8C%D9%80%D9%80%D9%80%D9%80%D9%80,unknown,-1
https://www.ninisite.com/user/0d0cb4c1-8b42-4e98-9ea7-40b09a8252fe/%D8%B3%D9%84%D8%A7%D9%84%D9%876520268,unknown,-1
https://www.ninisite.com/user/8b251f0f-f517-4102-a574-9198c571cb2b/mahsaq71,unknown,-1
https://www.ninisite.com/user/a02a6fdd-ed2f-414b-944b-66f70eda5b6c/%D8%AC%D9%88%D9%84%DB%8C%D8%A7-%D9%BE%D9%86%D8%AF%D9%84%D8%AA%D9%88%D9%86,unknown,-1
https://www.ninisite.com/user/e1582edb-7b93-4ef3-8a5d-7efb3a4dd198/selenasel,unknown,-1
https://www.ninisite.com/user/5104772c-e41b-404a-a947-ad50572a3488/%D8%A7%D9%84%D9%85%D8%A7%D8%B3%DB%B1%DB%B3%DB%B7%DB%B9,unknown,-1
https://www.ninisite.com/user/5205103b-756d-4cde-a571-dd4119486686/%D9%81%DB%8C%D8%B1%D9%88%D8%B2%D9%87%DB%B2,unknown,-1
https://www.ninisite.com/user/e2980117-c075-4b62-9d0b-62890e310efc/mahyaar-aylin,unknown,-1
https://www.ninisite.com/user/a46fc53d-500d-4ed6-8c26-dce666ce38ee/%D8%A7%D8%B3%D8%A8-%D8%AA%DA%A9%D8%B4%D8%A7%D8%AE-%D8%B5%D9%88%D8%B1%D8%AA%DB%8C,unknown,-1
https://www.ninisite.com/user/cc9e7516-7b20-4b82-9475-b5b9639dfaaa/%D8%A8%D9%87%D8%A7%D8%B1%D8%AF%D8%B1%D8%AE%D8%AA%DB%8C,unknown,-1
https://www.ninisite.com/user/6a892b40-8468-44f0-825f-ceca4f19a154/%D9%87%D8%B3%D8%AA%DB%8C%DB%B2%DB%B2%DB%B2%DB%B7%DB%B5,unknown,-1
https://www.ninisite.com/user/36926146-4cef-4614-aafc-c073201c8b42/aylakhoshkel,unknown,-1
https://www.ninisite.com/user/aa2ac32f-98dc-47cf-9526-e91fcbf54f6b/138418,unknown,-1
https://www.ninisite.com/user/596fb2a8-3569-40a6-9cc6-73abf93888c5/%D8%B3%D9%84%D9%86%D8%A7%D8%B1%D8%A7%D8%AF%D9%88%DB%8C%D9%86,unknown,-1
https://www.ninisite.com/user/0a3e09cf-e987-4d1b-9e8b-bae69e51ee3f/%D8%B1%D9%88%DB%8C%D8%A7%DB%8C-%D8%B2%D8%B1%D8%AF,unknown,-1
https://www.ninisite.com/user/b9f66ee5-860b-42d7-8716-0e6afe045ec8/alon1378,unknown,-1
https://www.ninisite.com/user/4597bbb4-bebb-406c-aaad-d4be8ad95a9a/%D9%85%D8%A7%D8%AB%D9%86%D8%A7%D8%AE%D8%A7%D8%AA%D9%88%D9%86,unknown,-1
https://www.ninisite.com/user/a71e5879-4fcb-443c-a5fe-fe859ba8be50/lovemeytham,unknown,-1
https://www.ninisite.com/user/9660258c-2948-4805-a7df-795fedd53282/eaet,unknown,-1
https://www.ninisite.com/user/b6ab094e-9608-41b2-8cd7-fe1417be19ee/%D9%85%D8%AD%D8%AA%D8%A7%D8%AC-%DB%B2%DB%B3%DB%B4%DB%B4%DB%B4,unknown,-1
https://www.ninisite.com/user/806036c1-5f0a-4344-8f95-2f41c0fcabf4/%DA%AF%DB%8C%D9%84%D8%AF%D8%AE%D8%AA%DB%B5,unknown,-1
https://www.ninisite.com/user/6dbf5a64-ece0-449e-a037-715be06da6d4/%D8%A7%D9%93%DB%8C%D8%AF%D8%A7%D8%B4%D9%84%D8%A8%DB%8C,unknown,-1
https://www.ninisite.com/user/b1c027d3-2aea-491a-bbd4-910c2778a047/99orange,unknown,-1
https://www.ninisite.com/user/b6c9a173-a90b-467f-845f-b8635908bd59/rokhsareaaaaam,unknown,-1
https://www.ninisite.com/user/7aa568e3-3a1e-470b-aaf4-29b615617721/zcbkhfl,unknown,-1
https://www.ninisite.com/user/d9006f4d-2c98-469b-b650-9a83a9f69e57/alfagerl,unknown,-1
https://www.ninisite.com/user/24cd7a6f-28f7-4f76-b307-779e89c1308f/irandokh1402,unknown,-1
https://www.ninisite.com/user/8e407386-7391-43f0-bca8-e91acb19ecf4/%D8%B1%D9%87%D8%A7%DB%B6%DB%B7%DB%B7%DB%B4,unknown,-1
https://www.ninisite.com/user/329048b2-d7eb-4c8e-aa19-b5430eb40b4e/20raana20,unknown,-1
https://www.ninisite.com/user/ea5e0cc5-6c24-4c9e-af43-9a898daa3220/0123%D8%AE%D8%AF%D8%A7,unknown,-1
https://www.ninisite.com/user/61c996ca-1957-4473-9232-26ceaebad461/000elizabeth000,unknown,-1
https://www.ninisite.com/user/0ec5a4ac-f283-4fd1-9638-86628835d2ae/celestiya,unknown,-1
https://www.ninisite.com/user/6038f0d1-7b63-4ef8-8692-8528d06f4ca9/%DB%8C%D8%A7%D8%BA%D9%85%D9%88%D8%B1,unknown,-1
https://www.ninisite.com/user/e3e12682-c831-45ee-bf46-5ef80361e812/mehrnuoshhh,unknown,-1
https://www.ninisite.com/user/bbd28705-8469-4ae4-87a0-b8195a358357/setayesh%D9%85%DB%B8%DB%B4,unknown,-1
https://www.ninisite.com/user/4ba9d857-c4f2-4baf-9226-400304389d22/ati7168m,unknown,-1
https://www.ninisite.com/user/b415f948-d2f1-4caf-b499-85eff7513c9a/%D9%85%DB%8C%D8%A7%D9%BE%D9%84%DB%8C%D8%B2,unknown,-1
https://www.ninisite.com/user/b23621a0-66b2-4bea-9f98-0e881708625f/farankk1381,unknown,-1
https://www.ninisite.com/user/dd29021a-99d0-4ccb-bead-435efecb108f/%D8%AF%D8%A8%D8%A7%DA%A9%D8%A8%D8%B1,unknown,-1
https://www.ninisite.com/user/95a74d88-440a-4e36-8180-f3554d5a79d1/%D8%A8%D8%A7%D8%B1%D8%A7%D9%86%D9%86%D9%86%D9%85,unknown,-1
https://www.ninisite.com/user/7ca3a7c6-0e86-4510-ac62-c9dd88c56fd3/18000,unknown,-1
https://www.ninisite.com/user/1091ffe5-4004-4417-88eb-92e758391426/kim-lisa,unknown,-1
https://www.ninisite.com/user/879fbac1-cad1-40f3-9263-1731d598f673/%D9%85%D9%84%DA%A9%D9%87%DB%B7%DB%B5%DB%B1%DB%B1%DB%B0%DB%B5,unknown,-1
https://www.ninisite.com/user/d1497bf7-f667-4881-b812-04e9ed0dbfd8/%D9%BE%D9%88%D8%B3%D8%AA%D8%B3%D8%A8%D8%B2%D9%87,unknown,-1
https://www.ninisite.com/user/c412ebc8-2740-47e2-b1d7-5404218a8e71/7874%D9%85%D8%B1%D8%AC%D8%A7%D9%86,unknown,-1
https://www.ninisite.com/user/98ecebb3-07a6-496a-9928-25b02c2501b6/%DA%86%D9%86%D8%A7%D8%B1%DB%B1%DB%B3%DB%B6%DB%B9,unknown,-1
https://www.ninisite.com/user/290912e5-a154-4c4d-a5e6-ee63c464461c/zeinab-18,unknown,-1
https://www.ninisite.com/user/1a8f1c0d-22d8-482b-b865-c0e6d0f5d6ca/bangtan-boys,unknown,-1
https://www.ninisite.com/user/89686ec8-bee5-41be-90c2-ff06a23fb166/%D8%B3%D8%A7%D9%86%DB%8C%D8%B1%DB%8C%D9%86%D8%B3%D8%AF%D8%AA,unknown,-1
https://www.ninisite.com/user/0833b1e9-0b0b-4e55-ad75-d9ad5cdf93ee/%D8%AF%D9%86%D8%A7%DA%A9%D9%88%DA%86%D9%88%D9%84%D9%88,unknown,-1
https://www.ninisite.com/user/c45bc9ec-57f7-4a53-81de-d6eb15ce601d/%D9%86%D8%AF%D8%A7%D9%85-%D9%86%D8%AF%D8%A7%D8%A7%D8%A7,unknown,-1
https://www.ninisite.com/user/63508d7d-262b-4007-8284-507f173d8aef/%D9%86%D9%88%D8%B1-%D9%85%D8%A7%D9%87,unknown,-1
https://www.ninisite.com/user/b0de1b18-5ca5-4c67-9ca7-f069523705d5/%D8%AE%D8%AF%D8%A7%DB%8C%D8%A7%D9%87%D9%88%D8%A7%D9%85%D9%88%D8%AF%D8%A7%D8%B1%DB%8C%DB%8C,unknown,-1
https://www.ninisite.com/user/f3df27bf-ce6a-4df0-b927-48de0f7ca15e/%DA%A9%D9%88%D8%A7%D9%84%D8%A7%D8%AE%D8%B3%D8%AA%D9%87,unknown,-1
https://www.ninisite.com/user/e46b8689-7ff5-402c-8519-6138ec5d138c/%D8%B1%D9%88%D8%BA%D9%86-%DA%A9%D8%B1%DA%86%DA%A9,unknown,-1
https://www.ninisite.com/user/ed20b6c7-2c35-4e54-b839-e62f30515b3e/%D8%AF%D8%AE%D8%AA%D8%B1-%D9%82%D9%84%D9%82%D9%84%DB%8C%DB%B2,unknown,-1
https://www.ninisite.com/user/465a6037-b48d-4ec0-829d-4a0d6a1dbbc6/%D9%BE%D8%A7%D9%86%DB%8C%D8%B0%D9%88%D8%AF%D9%86%DB%8C%D8%B2,unknown,-1
https://www.ninisite.com/user/8527079c-73dc-4439-9d8f-342c63a165e9/%D8%B1%D9%87%D8%A7%D9%87%D8%B3%D8%AA%D9%85%D9%87,unknown,-1
https://www.ninisite.com/user/7cc72719-4c7e-4ce4-b392-9c0207d29471/selenaz00,unknown,-1
https://www.ninisite.com/user/1903d058-fcd9-4126-a326-4b45d2901c1e/%D8%AF%D9%84%D8%A7%D8%B1%D8%A7%D9%851375,unknown,-1
https://www.ninisite.com/user/04a19b75-8104-49c9-ad23-955068faac10/%D9%85%D9%84%D9%88%D9%88%D9%88%D9%88%D9%88%D9%88%D9%88%D8%B3%DA%A9,unknown,-1
https://www.ninisite.com/user/b4f8c7a9-8adc-47e5-9c25-a1c6454d32a0/%D8%AC%D9%88%D8%AC%D9%87a%D9%81%DA%A9%D9%84%DB%8C,unknown,-1
https://www.ninisite.com/user/6707e0d1-1f5a-4e6e-82cf-c4c2c9912c6d/girl-september,unknown,-1
https://www.ninisite.com/user/0f573b26-33d5-4404-8c6e-6c056c9994a1/%D8%AA%D9%86%D9%87%D8%A7%D9%88%D8%BA%D8%B1%DB%8C%D8%A8%DB%B7%DB%B8,unknown,-1
https://www.ninisite.com/user/0932b9b2-397f-4276-8168-3f651e813ba5/%D8%AA%DB%8C%D8%A7%D8%AF%D8%A7,unknown,-1
https://www.ninisite.com/user/3a25f2b7-5bbe-4a0e-a0c3-649ac459b7ca/nargesemoon,unknown,-1
https://www.ninisite.com/user/02faf22e-accf-4960-92ea-485242ca3854/%D8%A8%D9%86%D8%AA-%D8%A7%D9%84%D9%87%D8%AF%DB%8C%DB%B1%DB%B4,unknown,-1
https://www.ninisite.com/user/2eec198d-a22b-4ce0-bbaa-aca490bc7245/tiaramsabeq,unknown,-1
https://www.ninisite.com/user/f5a8953a-b211-49fe-8530-39e8286c5174/%D8%A7%D9%85-%D8%B9%D8%A8%DB%8C%D8%AF%D9%87,unknown,-1
https://www.ninisite.com/user/5abb74db-37b0-4f11-a086-56b1b6faa029/%D9%85%D9%84%DA%A9-%D8%B4%D9%87%DB%8C%D8%AF%DB%8C,unknown,-1
https://www.ninisite.com/user/beba9d9d-5e5e-4412-bcfc-352921063565/%DA%AF%D9%88%DA%A9%D8%AF%D8%AA%D8%B1%D8%A7%D8%A8%D9%84%D8%A8,unknown,-1
https://www.ninisite.com/user/a340c495-7528-40b1-a923-bbeb7ebffc88/1253,unknown,-1
https://www.ninisite.com/user/daec6800-901c-4788-aa5d-85c92ea365ef/%D8%A7%D8%A7%D8%A7%D9%84%D9%87%D8%A7%D9%8573,unknown,-1
https://www.ninisite.com/user/cde1b281-6d7e-40f5-adcf-96d7aa8e640f/%D8%B2%D9%86%D8%B4%DA%AF%D9%81%D8%AA%D8%A7%D9%86%DA%AF%DB%8C%D8%B2,unknown,-1
https://www.ninisite.com/user/ab014ddf-80ea-4cbf-b92e-852a70136732/mahroo838383,unknown,-1
https://www.ninisite.com/user/63c44663-891e-4d44-b207-7bdd2a76b2cc/%D9%86%D8%A7%D8%B2-%D9%86%D8%A7%D8%B2%DB%8C-%D8%AC%D9%88%D9%86,unknown,-1
https://www.ninisite.com/user/50a532d7-531f-4fd8-b5be-212eabd68e69/%D9%85%D9%84%DB%8C%D8%B3%D8%A7-%D9%87%D8%B3%D8%AF%D9%85,unknown,-1
https://www.ninisite.com/user/60b737d4-b48c-402a-ad54-0bc2801c4c97/dreamaa,unknown,-1
https://www.ninisite.com/user/259b5ef5-a9d9-4aa9-8e01-88afeaec2851/%D8%AF%D9%84%D9%82%DA%A9%DB%8C-%DA%A9%D9%87-%D8%A7%D9%81%D8%B3%D8%B1%D8%AF%D9%87-%D8%A7%D8%B3%D8%AA,unknown,-1
https://www.ninisite.com/user/5141ce1d-4689-48a8-8a66-de7e091cbe23/%D8%A8%D9%87%D8%A7%D8%B1%D9%88%D8%A7%D9%84%D9%87%D9%87,unknown,-1
https://www.ninisite.com/user/595ff9a9-d718-4c90-a83d-d6d6cad4853d/%D8%A8%D8%A7%D8%A7%D8%A7%D8%A7%D8%A7%D8%A7%D8%A7%D8%A7%D8%A7%D8%A7%D8%B1%D8%A7%D9%86,unknown,-1
https://www.ninisite.com/user/11486a6d-bcd8-4d1d-9654-119c90458860/%D8%B4%D9%82%D8%A7%D9%8A%D9%82-%D8%AE%D8%A7%D9%86%D9%88%D9%85%D9%85%D9%85%D9%85,unknown,-1
https://www.ninisite.com/user/037c7a65-c86f-497f-9417-a25b928ac917/mehrsaa23,unknown,-1
https://www.ninisite.com/user/ca93ae5c-2474-44f0-9a2b-717c493eb0df/bano-saadat,unknown,-1
https://www.ninisite.com/user/e0294e4d-5617-4e29-bb4d-5733884191ec/partygirl,unknown,-1
https://www.ninisite.com/user/e63f3e9c-2538-45c4-bd73-a50ff47aeb6f/%D8%A8%D8%A7%D8%A8%D8%A7%D9%84%D9%86%DA%AF-%DA%A9%D9%88%D8%AA%D8%A7%D9%87,unknown,-1
https://www.ninisite.com/user/9c56992b-fd89-4be7-b2b8-02585c07378a/%D8%AC%D9%88%D8%AC%D9%87%D9%A8%D9%A7%D9%A8%D9%A7,unknown,-1
https://www.ninisite.com/user/2ae4b22f-bae1-460a-b408-1195aa3ac063/%D8%B8%D9%87%D9%88%D8%B1313,unknown,-1
https://www.ninisite.com/user/984cdac8-9f97-4a2a-bfbd-4ad7e2ef2186/nahal-1234,unknown,-1
https://www.ninisite.com/user/ebaabdb9-bce0-4511-9091-c53308357339/ahoo9789,unknown,-1
https://www.ninisite.com/user/3a0aeab4-d9c7-4be7-ba8e-d44c449dc257/1374zari,unknown,-1
https://www.ninisite.com/user/6ea3a905-9092-4449-be40-5eb6dee49254/%DA%AF%D8%B4%D8%AA%D8%A7%DB%B9%DB%B2%DB%B9%DB%B2,unknown,-1
https://www.ninisite.com/user/ac089804-8967-41ba-864c-e1a1e9e22877/%D8%B1%D8%B2%D8%B3%D9%81%DB%8C%D8%AF22,unknown,-1
https://www.ninisite.com/user/cc9a2447-b2fb-4725-83ef-a3d4f0d26cfd/%D8%AA%D9%87%D9%85%D9%8A%D9%86%D9%87,unknown,-1
https://www.ninisite.com/user/daa435f1-0aef-4455-8661-11123182a199/%D9%BE%D8%A7%DB%8C%DB%8C%D8%B2%DB%B7%DB%B0,unknown,-1
https://www.ninisite.com/user/363e435f-b939-489a-bf9b-6191cec2f43b/%D8%AF%D9%84-%D8%A7%D8%B1%D8%A7%D9%85-%D8%AE%D9%88%D8%B4-%D8%A8%D9%88,unknown,-1
https://www.ninisite.com/user/f1fc5724-f5a6-4557-a78c-360a8bb920bb/dokhtarball20,unknown,-1
https://www.ninisite.com/user/fbbbab25-e539-4e6d-8ea9-abc49630dc36/afra95,unknown,-1
https://www.ninisite.com/user/6ece1640-742d-4803-aac9-025692d6ef52/%DB%8C%DA%A9%D8%AA%D8%A7%D8%AE%D9%88%D8%B4%DA%A9%D9%84%D8%A8%D8%A7%D8%A8%D8%A7,unknown,-1
https://www.ninisite.com/user/73583bdd-9add-447f-b1b6-c5a9009d0d65/adams-khersy,unknown,-1
https://www.ninisite.com/user/5176e547-f8b2-4571-a65f-11cbd1e1ec83/pargol78,unknown,-1
https://www.ninisite.com/user/98bda416-275a-43aa-8a04-f858885a4eb4/nasim261,unknown,-1
https://www.ninisite.com/user/8cdc2538-ed79-4e6f-9e8e-8603fde65013/%DA%AF%D8%A7%D8%B2%D8%B3%DB%8C%D9%86%D8%AC%D8%B1%DB%B1%DB%B3%DB%B9%DB%B7,unknown,-1
https://www.ninisite.com/user/e4ff1768-a302-4599-8570-09ecae5faab9/melooooooooooooody,unknown,-1
https://www.ninisite.com/user/4b1329b1-d908-4672-9700-b2f81424e295/pianoplayer,unknown,-1
https://www.ninisite.com/user/e01fbf5a-c8d3-4c41-b69b-e27ab5deb2e1/%D8%AF%D9%84%D8%A7%D8%B1%D8%A7%D9%85%DB%B8%DB%B8%DB%B0%DB%B0,unknown,-1
https://www.ninisite.com/user/dd157192-3ad8-4eda-a8df-ebfe254a5558/%D8%AF%D8%AE%D9%85%D9%84-%D8%AA%DB%8C%D8%B1%D9%85%D8%A7%D9%87%DB%8C,unknown,-1
https://www.ninisite.com/user/ded37058-ded1-48fe-9b98-b36add18a7ef/elii-75,unknown,-1
https://www.ninisite.com/user/e1e1e00c-5f2e-4d76-8163-7ec56e11da05/%D9%85%D8%A7%D8%B1%D8%A7%D9%84%DB%B1%DB%B9,unknown,-1
https://www.ninisite.com/user/8260c6f1-30f5-4937-8b72-f41df7ae2cb3/%D9%85%D8%A7%D8%AF%D8%B1%D8%A7%D9%84%D9%85%D9%84%D9%88%DA%A9,unknown,-1
https://www.ninisite.com/user/745e320a-7845-4acb-8a96-ea9af82461b3/nrznrz,unknown,-1
https://www.ninisite.com/user/e1515f1b-0058-4144-9c50-c4de6bacd163/%D8%B2%DB%8C%D9%86%D8%A8-%D8%A8%D8%A7%D9%86%D9%88%D9%88%D9%88%D9%88%D9%88%D9%88,unknown,-1
https://www.ninisite.com/user/c044fbfd-bbc0-4324-b8aa-fb6a7f9ed774/vci,unknown,-1
https://www.ninisite.com/user/9c64123c-bc06-4b11-9e44-0ebcca7742ad/%D8%B4%D9%87%D8%B1%D8%B2%D8%A7%D8%AF5267,unknown,-1
https://www.ninisite.com/user/760ce087-e557-4cee-91bb-acec03fb2433/todeliiiiii,unknown,-1
https://www.ninisite.com/user/f593ba47-8583-4224-aa79-775c366ca821/nazam,unknown,-1
https://www.ninisite.com/user/9a5418cb-e56d-466e-bbad-bb432f9463c6/%D8%A7%D8%A8%D8%B1%D9%88%D9%BE%D8%B4%D9%85%DA%A9%DB%8C,unknown,-1
https://www.ninisite.com/user/e128759e-0ab1-4fd6-8738-972a72960681/%D9%81%D9%88%D8%B6%D9%88%D9%84%D8%AA%D9%88%D9%86%D9%85,unknown,-1
https://www.ninisite.com/user/55b8dc4f-7985-4a8a-b7af-04cd1745d75f/%DA%AF%DB%8C%D8%AC23,unknown,-1
https://www.ninisite.com/user/6ff5c9d7-ef2f-4560-b875-950ad8a0793f/%DA%AF%D9%86%D8%AF%D9%85-%D8%A8%D8%B1%D8%B4%D8%AA%D9%87,unknown,-1
https://www.ninisite.com/user/cdae287e-508e-40dc-b106-428739ea8209/%D8%B3%D8%AD%D8%B1%D9%86%D8%A7%D8%B2%D8%B2%D8%B2%D8%B2%D8%B2,unknown,-1
https://www.ninisite.com/user/a454bf97-ce07-4184-8b51-a548f19485c3/arosakjooni,unknown,-1
https://www.ninisite.com/user/ef76a12b-4334-4d18-9827-b14a06354ed1/%D8%B3%D9%85%D8%A7%D9%86%D9%87538,unknown,-1
https://www.ninisite.com/user/dc36fd31-f686-4750-9ed3-884048a9b318/mmd4413,unknown,-1
https://www.ninisite.com/user/443e312a-f5b6-44b8-a30f-c19bb8819147/armita,unknown,-1
https://www.ninisite.com/user/6f2893b1-1406-46f2-b104-9845c87987fd/marylandwx,unknown,-1
https://www.ninisite.com/user/7e6a7640-3efd-4839-8221-d715b4e7bedb/%D8%A7%D9%93%D8%B3%D8%A7%D8%B1%D9%87hh,unknown,-1
https://www.ninisite.com/user/18c8cafd-0a2b-497a-90de-0adb834666f0/%D8%A7%D9%93%D9%86%D8%A7%D8%B3%D8%AA%D8%A7%D8%B2%DB%8C%D8%A7%DB%8C,unknown,-1
https://www.ninisite.com/user/1a593263-3dfd-4218-bf7d-6dbc84d05e86/fereshte-ham,unknown,-1
https://www.ninisite.com/user/2e9b958f-5f5b-4842-8305-c4d48a31fcb2/%D9%81%D8%A7%D9%81-%D8%B4%DB%8C%D9%86,unknown,-1
https://www.ninisite.com/user/6173b4e5-47ca-4b94-982d-ec04eee6cab7/%DA%AF%D9%84%D8%A7%D8%A8%DB%B7%DB%B9%DB%B7%DB%B9%DB%B7%DB%B9,unknown,-1
https://www.ninisite.com/user/2cd06dfb-feaa-4b9d-9b97-41140ddf8295/3saladmakarani,unknown,-1
https://www.ninisite.com/user/1a0c5115-2470-4d68-9e87-b1b8d3c2e58c/selenazbanoo,unknown,-1
https://www.ninisite.com/user/2b14655e-3ed7-4954-9841-2612d582ab05/%D9%86%DB%8C%D9%84%D9%88%D9%81%D8%B1%D8%AE%D8%A7%D9%86%D9%88%D9%88%D9%88%D9%852,unknown,-1
https://www.ninisite.com/user/57c0adca-e07c-4d0d-b16e-816b380e2a0e/mahimaa,unknown,-1
https://www.ninisite.com/user/cd6ca64c-f86a-4292-a5b9-1923d43f5646/%D8%AA%D9%88%D8%AA-%D9%81%D8%B1%D9%86%DA%AF%DB%8C%D8%AA%D9%88-%D9%86%D9%85%D9%85%D9%85%D9%85,unknown,-1
https://www.ninisite.com/user/8b4d2c4c-7176-4224-8043-8dda7ffb8305/gorbejoon,unknown,-1
https://www.ninisite.com/user/a72b88ad-c21e-4353-ab78-ad58499e52c0/%D9%81%D8%B1%D8%B4%D8%AA%D9%87%D8%AC%D8%A7%D9%86,unknown,-1
https://www.ninisite.com/user/6e5aabc9-e72d-4f44-94c2-d67a38263b12/niyaz-19,unknown,-1
https://www.ninisite.com/user/38567349-00db-4ee9-a324-fcecb074f1fe/1401zaahraa,unknown,-1
https://www.ninisite.com/user/0245905d-9d4c-4d73-933f-d76cce5909ed/%D8%B3%D9%86%DA%AF%D8%AF%D9%84-%D8%A8%DB%8C%D8%B1%D8%AD%D9%85-%D8%B4%D8%AF%D9%85,unknown,-1
https://www.ninisite.com/user/d8ee3a2f-2cf5-44e9-838f-5f82833020ea/%D8%B9%D8%B4%D9%82%D9%85s%D8%A8%DA%86%D9%87%D9%87%D8%A7%D9%85,unknown,-1
https://www.ninisite.com/user/5fce4ef7-9f2e-4f1f-a01a-37b66c9d7e9a/%D9%87%DB%8C%D8%B1%D8%A7%D8%AF%D8%AC%D8%A7%D9%86%D9%85%D9%85,unknown,-1
https://www.ninisite.com/user/92a692e1-c5e4-4a85-bcdc-ff11c210765c/%DB%8C%DA%A9-%D8%B9%D8%AF%D8%AF-%D8%A8%DB%8C%DA%AF%D9%86%D8%A7%D9%87,unknown,-1
https://www.ninisite.com/user/8ccc24f1-f254-4c6a-a3fe-2f0e678d4857/%D8%B1%D9%87%D8%A7%D8%AC%D9%88%D9%86%DB%B1%DB%B0,unknown,-1
https://www.ninisite.com/user/3aa90ed0-2def-4e4c-b77a-96d4d44f77d8/%D9%86%D8%A7%D8%B2%DB%8C%DB%B1%DB%B9-%DB%B1%DB%B1,unknown,-1
https://www.ninisite.com/user/9dd84513-9fe4-459b-a895-c82b50bf1c47/mozhi7269,unknown,-1
https://www.ninisite.com/user/04bd51fc-32c5-4f63-8990-078a30c0a4ee/%D9%86%D9%88%D8%B1%D8%A7%D8%A8%D8%A7%D9%84%D8%A7%D9%852,unknown,-1
https://www.ninisite.com/user/5ab756e2-7ade-4529-9060-7fdf68cbd077/%D8%AF%DB%8C%D9%86%D8%A7%D9%85%DB%8C%D8%AA,unknown,-1
https://www.ninisite.com/user/0c3fe793-fb0f-45f8-b645-65531aab778b/%D8%B1%D9%88%D8%AF%DB%8C%D9%86,unknown,-1
https://www.ninisite.com/user/47468e73-8a0e-460d-9f8c-9fae8655b5f9/5871,unknown,-1
https://www.ninisite.com/user/8e5cabbb-3d52-4c7c-b443-f093fe8b5d7a/%DB%B7%DB%B7%DB%B7%DB%B7%DB%B7ghazal,unknown,-1
https://www.ninisite.com/user/9cfd32b7-dccf-4251-95af-848479271cd0/%D9%84%D8%A7%D9%88%DB%8C%D9%86%DB%B1%DB%B2%DB%B3,unknown,-1
https://www.ninisite.com/user/eaf43c27-8941-4b11-9b3d-19600f6473e8/%D8%AC%DB%8C%DA%AF%D8%B1%D9%85-%D8%AC%DB%8C%DA%AF%D8%B1,unknown,-1
https://www.ninisite.com/user/094d0907-70dd-430e-b3d5-df6a04cee937/helina-rh,unknown,-1
https://www.ninisite.com/user/c5ae9c75-360c-4605-bdf9-767482e782fb/jeyran000,unknown,-1
https://www.ninisite.com/user/5945bc42-adac-4f7e-9a84-75a407becf77/%D8%A8%D9%87%D8%A7%D8%B1%D9%86%D8%A7%D8%B1%D9%86%D8%AC%DB%B2,unknown,-1
https://www.ninisite.com/user/0615a93e-e337-46b6-8722-491badeb2a4e/sepideh2121,unknown,-1
https://www.ninisite.com/user/2fd35c69-1568-4684-8d8b-43b2670eeec5/mmahsaaaa,unknown,-1
https://www.ninisite.com/user/3cc954a1-ee36-4aab-bcd1-af1bad4091b9/%D9%85%D8%A7%D9%87%DA%A9%DB%B4%DB%B4,unknown,-1
https://www.ninisite.com/user/588d9bc3-c8b7-4add-b5cf-a5096ffcea6a/%D8%A8%D9%87%D8%A7%D8%B1%D9%86%D8%A7%D8%B1%D9%86%D8%AC-%D8%B9%D8%B3%D9%84%DB%8C,unknown,-1
https://www.ninisite.com/user/75f001e1-0b06-4ab2-8bbb-2e2e0790e951/girizli,unknown,-1
https://www.ninisite.com/user/f54e6afb-1158-407c-a0e0-1b4767f5db5d/booyezendegi,unknown,-1
https://www.ninisite.com/user/fcce01d9-8b74-45e8-8cdb-6ce7fb17d720/nazi990f,unknown,-1
https://www.ninisite.com/user/4389b725-bae6-4195-8466-5df060f6c590/arshagoodboy,unknown,-1
https://www.ninisite.com/user/3b777c9f-b916-47db-9ffd-089c2e70724d/1z2z3z4z5z6z7z,unknown,-1
https://www.ninisite.com/user/7f6647a6-e702-4393-a3c7-39e020b7e4b7/shabgardetanha96,unknown,-1
https://www.ninisite.com/user/6c47d262-065a-4392-8ae1-65e783c42f7f/%D8%AF%D8%AE%D8%AA%D8%B1%D9%85%D8%B3%D8%AA%D9%82%D9%84313,unknown,-1
https://www.ninisite.com/user/2a3610ac-2320-4316-88c9-17099fb76065/%DB%8C%D8%A7%D8%B3%DB%8Cf,unknown,-1
https://www.ninisite.com/user/d0e2ffff-0b2b-4c6b-8525-2de00eef553c/%D8%AF%D8%AE%D8%AA%D8%B1-%D8%AA%D8%A7%D8%A8%D8%B3%D8%AA%D8%A7%D9%864,unknown,-1
https://www.ninisite.com/user/1383a72c-cb05-44f6-b4ca-a67316657207/%D8%A7%D9%87%D9%85%DB%8C%D8%AA-%D9%86%D9%85%DB%8C%D8%AF%D9%87%D9%852,unknown,-1
https://www.ninisite.com/user/bd138fa7-40f9-4051-b667-740f252ed5ff/%D8%B1%DB%8C%D8%A7%D8%A7%D8%A7%D8%A7%D8%A7%D8%A7%D8%B6%DB%8C,unknown,-1
https://www.ninisite.com/user/9ea52254-1244-4c06-8146-4cb10911cb79/moon-l,unknown,-1
https://www.ninisite.com/user/37b27471-89c3-49e7-9991-3f8845fabffd/baran1122,unknown,-1
https://www.ninisite.com/user/300bf4eb-9e59-4485-af68-f08874d4de1b/nafasrad97,unknown,-1
https://www.ninisite.com/user/b37f2ee5-3e18-4fa7-aa7d-d58c228baf5d/%D8%A7%D9%93%D9%85%D8%AA%DB%8C%D8%B3%DB%B2%DB%B0%DB%B2%DB%B0,unknown,-1
https://www.ninisite.com/user/c2e67a04-d3d9-4889-8f8c-62ed74e295e8/%D8%AA%D8%B9%D9%84%DB%8C%D9%82%D9%85%DA%A9%D9%86%DB%8C%D8%A8%D8%A7%D8%B2%D9%85%DB%8C%D8%A7%D9%85,unknown,-1
https://www.ninisite.com/user/4d7003d7-f3c0-43af-9d0a-2a9d8f074a7e/%D8%AF%D8%AE%D8%AA%D8%B1%D8%B4%D9%87%D8%B1%DB%8C%D9%88%D8%B1%DB%8C%DB%B6%DB%B6%DB%B6,unknown,-1
https://www.ninisite.com/user/2e2f4a49-8116-4a0e-84a0-f96c6fc83019/%D8%A8%D8%A7%D8%B3%D9%84%D9%88%D9%82%D8%AA%D9%88%D9%86%D9%85,unknown,-1
https://www.ninisite.com/user/fab36b82-15bc-4a30-8288-acaefe77ef58/%D9%85%D8%A7%D8%B1%D8%A7%D9%84-%D8%A8%D8%A7%D9%86%D9%88%D9%88,unknown,-1
https://www.ninisite.com/user/e2a11cd9-e417-48fa-a954-63d0d797a303/%D8%AE%D8%A7%D9%86%D9%85-%D9%87%D9%86%D8%B1%D9%BE%DB%8C%D8%B4%D9%87,unknown,-1
https://www.ninisite.com/user/fe732fd9-bbc4-4d1e-b0d0-a3cece167dd9/iliana2,unknown,-1
https://www.ninisite.com/user/cee1c69f-1241-452a-bd61-f4c6b5b7d35a/banoo-online,unknown,-1
https://www.ninisite.com/user/8aec4e02-8c5d-4dd5-97cc-3fb13d10d82f/%DA%A9%D9%BE%D9%84%DB%8C%DB%8C%DB%8C,unknown,-1
https://www.ninisite.com/user/00ddf870-6955-40b5-868a-411869115781/%D9%85%D9%86%D8%AA%D8%B8%D8%B1%D8%AA%D9%88%D9%84%D8%AF%D8%B3%D8%AA%DB%8C%D8%A7%D8%AE%D8%A7%D9%86%D9%85,unknown,-1
https://www.ninisite.com/user/d9b1c10f-44ec-4b94-beb6-be90ce632e7b/%D8%B2%D9%87%D8%B1%D8%A782,unknown,-1
https://www.ninisite.com/user/19bec466-fa5e-415e-b6da-70c1c7ab4950/saharrr-72,unknown,-1
https://www.ninisite.com/user/c795127c-0158-49fe-9d34-cb76df42640e/%D8%B4%D9%87%D8%B1%DB%8C%D9%88%D8%B1%DB%8C9090,unknown,-1
https://www.ninisite.com/user/6b0c4378-9302-4fba-978b-dd0a1ae537b6/%D8%AE%D8%AF%D8%A7-%D9%85%D8%B1%D8%A7%D9%82%D8%A8%D8%B4-%D8%A8%D8%A7%D8%B4,unknown,-1
https://www.ninisite.com/user/f00cb17d-4943-4de6-afc2-fb639271fe69/%D8%A7%D9%93%D9%88%D9%88%DA%A9%D8%A7%D8%AF%D9%88%D8%B4%D8%A7%D8%AF,unknown,-1
https://www.ninisite.com/user/96ddb8f3-6c42-4cba-832d-f7c2e41a0005/%D8%B3%D8%B9%DB%8C%D8%AF,unknown,-1
https://www.ninisite.com/user/3c5e65d7-ca92-4962-90c5-461e12f9b461/baharr-76,unknown,-1
https://www.ninisite.com/user/a3d7874c-59d1-45d0-8a60-bfc47cad605b/%D8%AA%DB%8C%D8%A7%D8%B1%D8%A7%D8%AE%D8%A7%D9%86%D9%85-%D8%AE%D8%A7%D9%86%D9%85,unknown,-1
https://www.ninisite.com/user/270f9407-0ca3-44bb-8eeb-db8ab3cdbf12/esraaa,unknown,-1
https://www.ninisite.com/user/3e6a6afa-2f68-4475-8cce-91da25220c66/atefejoony,unknown,-1
https://www.ninisite.com/user/7b02c7a6-45a5-4024-bded-f0ca3d53b58e/%D9%84%DB%8C%D9%85%D9%88%D8%AA%D8%B1%D8%B40%D8%B9%D8%B3%D9%84%DB%8C,unknown,-1
https://www.ninisite.com/user/dac8c010-969a-4af6-b0e5-9a3e5b2296fb/%D8%B3%D9%84%D8%A8%D8%B1%DB%8C%D8%AA%DB%8C%D9%87-%D9%86%DB%8C%D9%86%DB%8C-%D8%B3%D8%A7%DB%8C%D8%AA,unknown,-1
https://www.ninisite.com/user/6d7aca82-a8dc-4525-a194-386002864a6c/mheliaaaa,unknown,-1
https://www.ninisite.com/user/3626dfa5-10f5-4235-ba1d-a542f2de4a4e/%D8%B3%D9%85%D8%A7%D9%86%D9%87%D8%A7%D9%85%DB%8C%D9%86%DB%8C,unknown,-1
https://www.ninisite.com/user/f2393e1d-51e0-407b-9956-302d11935611/98baranmahan,unknown,-1
https://www.ninisite.com/user/65fd0624-cdbc-448d-919b-aa9bd7c329f3/%D8%B3%D9%81%DB%8C%D8%AF%D8%A8%D8%B1%D9%81%DB%8C1393,unknown,-1
https://www.ninisite.com/user/ce1f26a3-e137-4e6e-9464-c95d878a8749/%D8%AC%D8%A7%D8%B1%DB%8C-%D8%AE%D8%B1%D8%A7%D8%B3%D8%AA,unknown,-1
https://www.ninisite.com/user/057d1448-7bf5-4113-9842-56f33eb46c49/%D8%B1%D9%88%D8%B3%D8%B1%DB%8C%D8%A7%D9%93%D8%A8%DB%8C,unknown,-1
https://www.ninisite.com/user/6ce7114e-fdb3-4e5b-b8e7-15fcd680909e/%D9%85%D8%B1%D8%AC%D8%A7%D9%86mm,unknown,-1
https://www.ninisite.com/user/a9d354cc-d9ed-4ff2-8744-d36ea6acfe24/%D8%AE%D9%88%D8%A7%D9%87%D8%B1%D8%B4%D9%88%D9%87%D8%B1-%D9%86%DB%8C-%D9%86%DB%8C-%DB%8C%D8%A7%D8%B1,unknown,-1
https://www.ninisite.com/user/ec24ae5e-687a-49ae-bf10-9b31696776ba/%D8%B4%DA%A9%D9%84%D8%A7%D8%AA-%D8%AA%D9%84%D8%AE%DB%B1%DB%B0%DB%B0,unknown,-1
https://www.ninisite.com/user/0f65d511-5d08-4daa-8472-30dc3ef0a7ab/hiran3,unknown,-1
https://www.ninisite.com/user/bea03cfa-d539-49bc-9f03-2967c6442d68/%D8%AA%D9%87-%D8%B3%DB%8C%DA%AF%D8%A7%D8%B1-%D8%A8%D8%A7%D8%A8%D8%A7%D9%85,unknown,-1
https://www.ninisite.com/user/81b6206a-2f89-42a5-b18c-f619d6fcca42/asaliiiitopol,unknown,-1
https://www.ninisite.com/user/7e80e4a9-cf98-40a2-a132-ea908fc22b22/%D8%AA%D9%86%D8%A8%D9%84%DB%8C%D8%AA%D8%AE%D9%85%D8%AF%D8%A7%D9%86,unknown,-1
https://www.ninisite.com/user/c2e00eb6-919e-4780-80cb-9a3432e6d183/sadatmousavi,unknown,-1
https://www.ninisite.com/user/1de512ea-b806-4594-8d8c-08e935f42114/%D8%B3%D8%A7%D9%86%DB%8C%D8%A7%D8%AE%D8%A7%D9%86%D9%88%D9%85%D9%85,unknown,-1
https://www.ninisite.com/user/2eb9ab2b-85a4-4e5d-afb0-b3a6e16f45b4/purple-pink,unknown,-1
https://www.ninisite.com/user/c38aed82-3398-4dd2-b98e-3ab8051dd7b0/paniz1377,unknown,-1
https://www.ninisite.com/user/ce9f0d2a-0346-4868-b5ff-625aec89d2b1/shadowe,unknown,-1
https://www.ninisite.com/user/7e6a3640-9406-4bd9-8c47-afaeff34629e/silent-eyes,unknown,-1
https://www.ninisite.com/user/ac987bbb-c043-45ca-be07-6bb16b3ac0e8/%DA%A9%D8%A7%D9%BE-%DA%A9%DB%8C%DA%A9-%D8%B9%D8%B5%D8%A8%D8%A7%D9%86%DB%8C,unknown,-1
https://www.ninisite.com/user/056ca672-cd60-4bda-bccd-9b7d9d1f0a32/rrrbahar,unknown,-1
https://www.ninisite.com/user/880f3585-0073-43fd-989b-8d8808c1535b/%D8%AE%D9%88%D8%A7%D8%A8%D9%88%D8%B1%D9%88%DB%8C%D8%A7,unknown,-1
https://www.ninisite.com/user/0db4a82f-e029-41f4-83f6-89aaef2a5bc5/%D9%85%D8%A7%D9%87%D8%A8%D8%A7%D9%86%D9%88%D9%88%D9%88%D9%88%D9%88%D9%88%D9%88%D9%88%D9%88,unknown,-1
https://www.ninisite.com/user/5a8f9fae-dccd-46e1-b43b-eda65da5fa31/%D8%AB%D9%85%DB%8C%D9%86-%D8%AB%D9%85%DB%8C%D9%86,unknown,-1
https://www.ninisite.com/user/c443e1bc-bc38-4ff1-bcdf-31a0651fffdf/lovely20,unknown,-1
https://www.ninisite.com/user/3179b64e-282b-49b4-90bb-363b43ae7dae/%D9%85%D8%A7%D9%85%D8%A7%D9%86-%D8%A8%DA%86%D9%87-%D8%B1%DB%8C%DB%8C%D8%B3,unknown,-1
https://www.ninisite.com/user/0b20a804-9379-440c-a7d8-54cdea4bfc05/nafasjooon74,unknown,-1
https://www.ninisite.com/user/f738ef53-96bb-4173-aae7-2c79b72deb7d/aida1378,unknown,-1
https://www.ninisite.com/user/87b75dd6-fcad-4a7d-8c11-dd51ba8e631e/%D8%A7%D9%93aaaaaaaaaaaa,unknown,-1
https://www.ninisite.com/user/6b8cc238-44c0-4c03-979e-a5213ca4a3ba/sun-flower,unknown,-1
https://www.ninisite.com/user/462b4a5a-bb34-48f0-93c4-110021866172/%DA%AF%D9%88%D8%AC%D9%87-%D8%B3%D8%A8%D8%B2-%D8%A8%D8%AF%D9%88%D9%86-%D9%86%D9%85%DA%A9,unknown,-1
https://www.ninisite.com/user/07be8980-c796-498e-b05c-c8b61ef4b04d/%D8%A8%D8%A7%D8%B1%D8%A7%D9%86%D9%85%D9%87%D8%B1%D8%AF%D8%A7%D8%AF,unknown,-1
https://www.ninisite.com/user/1a6b8ff1-4487-4849-a7b7-f4f27f5f221c/%D8%B4%D8%A8%D9%86%D9%88%D8%B4,unknown,-1
https://www.ninisite.com/user/0cb5f51e-d501-4c17-846e-4f292ed90c93/%D9%85%D8%AD%D9%86%D8%A7%D8%B4%D9%85-%D8%B3%D8%A7%D8%A8%D9%82,unknown,-1
https://www.ninisite.com/user/9cd1bddd-66a1-4c84-98a5-57ceed6cfbbd/%D9%BE%D8%B1%DB%8C%D9%86%D8%A7%D8%B2%DB%B1%DB%B3%DB%B7%DB%B0,unknown,-1
https://www.ninisite.com/user/45389f7d-7cd8-439c-8935-a5025cbe366c/%D8%B3%D8%A7%D8%B9%D8%AA-%D8%B4%D9%86%DB%8C%DB%B7%DB%B8,unknown,-1
https://www.ninisite.com/user/524fe66f-e5c4-4dff-9cab-ac5642ad2864/%DA%AF%D9%84%D8%A7%D8%A822,unknown,-1
https://www.ninisite.com/user/c78735af-20dd-4fdf-9eb0-ad1cfa661772/tinanr,unknown,-1
https://www.ninisite.com/user/a3e1394b-fa83-4413-a406-969bd5d32817/%D8%A7%D9%88%D9%88%D9%88%DB%8C%D8%B3,unknown,-1
https://www.ninisite.com/user/b41f7658-9d68-4543-9d7e-00f7b08c3511/30sadaf,unknown,-1
https://www.ninisite.com/user/7fe5489c-8019-4823-8dc7-19ed21ecd012/deniz,unknown,-1
https://www.ninisite.com/user/61e65e93-883f-4037-8a4c-df2b7784fbb4/amikhanim,unknown,-1
https://www.ninisite.com/user/c0d62750-3b74-498b-b5af-1a349fb3886d/%D8%A7%D9%93%D9%88%DB%8C%DA%98%D9%87%DB%B1%DB%B4%DB%B0%DB%B0,unknown,-1
https://www.ninisite.com/user/ce95b6be-f8bc-4f3b-9216-52f754eeebbc/%D9%87%D9%85%DB%8C%D8%B4%D9%87-%D8%BA%D9%85%DA%AF%DB%8C%D9%86,unknown,-1
https://www.ninisite.com/user/b14c4210-6a9b-4360-bd8b-b2b22efbd41c/%D8%A8%D8%B1%DB%8C%D9%88%D9%86%DB%8C,unknown,-1
https://www.ninisite.com/user/58a4d278-5eb3-4f80-ad74-b46b81f43ab1/%D8%B5%D8%A8%D8%AD%D8%AF%D9%8523,unknown,-1
https://www.ninisite.com/user/729a58dc-b9b8-49a0-be67-662399366871/%D8%AA%D8%A7%D8%AA%D9%84%DB%8C-%D9%85%D8%A7%D9%85%DB%8C,unknown,-1
https://www.ninisite.com/user/b69e7e46-486a-4c50-a032-dba6ec8161e3/%D8%AC%DB%8C%DA%AF%D8%B1%D8%AA%D9%88%D9%86%D9%85saqi,unknown,-1
https://www.ninisite.com/user/9621c0db-cdad-46f4-b27b-f84fb6e0ba2f/%D8%A7%D9%93%D8%AC%DB%8C%D9%84%D8%B4%D9%88%D8%B1,unknown,-1
https://www.ninisite.com/user/e02d5ee1-1c32-49f8-b954-1cc7517e9851/%D8%A8%D8%B2%D8%B2%D8%B2%D8%B2%D8%B2%D8%B2%D8%B2%DB%8C,unknown,-1
https://www.ninisite.com/user/c0db0414-6f96-42d6-aea5-e308a73e9ab3/%D9%86%D9%81%D8%B3%DB%8C-%D8%AE%D8%A7%D9%86%D9%88%D9%85,unknown,-1
https://www.ninisite.com/user/ac262fd4-31a8-4cfb-8b91-aa70ea9c4d80/%D9%85%D8%AD%D9%86%D8%A7%D9%85%D8%AD%D9%85%D8%AF%DB%8C,unknown,-1
https://www.ninisite.com/user/8f966546-1d50-439f-8f5e-3ededc14d769/dark-m,unknown,-1
https://www.ninisite.com/user/1bd066a6-de4c-4a8e-b99e-72622e9630f0/%D8%AA%D9%85%D9%86%D8%A7%D8%AE%D8%A7%D9%86%D9%85%D9%85,unknown,-1
https://www.ninisite.com/user/28a7e910-697f-4940-9356-2db9fe0d0e43/%D8%A7%D9%93%D8%A8%D9%86%D8%A8%D8%A7%D8%A8,unknown,-1
https://www.ninisite.com/user/af85bf20-5a76-420c-b131-29636ae89cfe/haniehsadat,unknown,-1
https://www.ninisite.com/user/0d7ebba1-a1de-489e-9ff2-84c4050192c0/%D9%81%D9%82%D8%B7-%D8%AE%D9%88%D8%AF-%D8%AE%D8%AF%D8%A7,unknown,-1
https://www.ninisite.com/user/feafea9b-0536-4f5d-944b-ad186722c1a1/%D9%BE%D8%B1%D8%B1%D9%86%D8%B3%D8%B3-%D8%AC%D8%A7%D8%B2%D9%85%DB%8C%D9%86%DB%B1,unknown,-1
https://www.ninisite.com/user/13ebceab-8a0e-4177-b97b-fdf4e299ae35/%D9%86%DA%AF%D8%A7%D8%B1%D8%B1%D8%B1%D8%B1,unknown,-1
https://www.ninisite.com/user/c3abea54-b3f5-4d0e-b0e5-91481c42f024/%D8%A7%D9%84%D9%85%D8%A7%D8%B3%D8%B3%D8%B3%D8%B3%D8%B3,unknown,-1
https://www.ninisite.com/user/95b4b027-0d61-440d-b345-1d7ebb854781/%D8%B4%D8%A7%D9%87%DA%A9%D8%A7%D8%B1%D9%85,unknown,-1
https://www.ninisite.com/user/7becb890-3cd2-4396-bda9-f0bc8766df74/23sepina,unknown,-1
https://www.ninisite.com/user/08d75af1-9da5-4f5d-9d32-b71d8ba683cd/%DB%B1%DB%B3%DB%B7%DB%B3%D8%AE%D9%88%D8%AF%D8%B3%D8%A7%D8%AE%D8%AA%D9%87,unknown,-1
https://www.ninisite.com/user/c37c0d0a-a8ad-48fe-b767-f3d87ab4e107/%D8%B6%D8%AD%DB%8C1369,unknown,-1
https://www.ninisite.com/user/ab74e54e-7b49-4b33-9bbc-020cdb9795e6/%D8%A7%D8%B1%D8%B2%D8%B4%D9%85%D9%86%D8%AF-%D9%82%D9%88%DB%8C,unknown,-1
https://www.ninisite.com/user/f8e98d66-71fe-43e1-9498-3edb1abec706/%D9%86%D8%A7%D9%85%D8%B2%D8%AF%D9%84%D9%88%DA%A9%D8%AE%D9%88%D8%B4%D8%A7%D9%86%D8%B3,unknown,-1
https://www.ninisite.com/user/3f06ccd2-2922-4ed0-bda9-dc59111e5126/%DA%86%DB%8C%D9%BE%D8%B3%D9%84%DB%8C%D9%85%D9%88%DB%8C%DB%8C,unknown,-1
https://www.ninisite.com/user/00478915-1c1a-4e56-9352-f5dbd3c795a9/%D9%BE%D9%80%D9%80%D9%88%DA%86%D9%80%DB%8C-%DB%B1%DB%B0,unknown,-1
https://www.ninisite.com/user/9625b8b0-a982-42b6-b30a-e11e3fd6de13/%DA%A9%DB%8C%D9%85%DB%8C%D8%A7%D8%AC%D9%88%D9%86%DB%B2,unknown,-1
https://www.ninisite.com/user/045499e3-4b7f-45ac-8242-552580b47897/%D8%B4%D9%86%DB%8C%D8%B2,unknown,-1
https://www.ninisite.com/user/0f162bf5-58d9-4627-a947-207ec0f644e6/%D8%A8%D9%87%D8%A7%D8%B1%D9%88%D8%B4%D9%82%D8%A7%DB%8C%D9%82,unknown,-1
https://www.ninisite.com/user/1c50aa2c-0287-406b-8b0c-592c47852db8/dokhiiiiiiyuk,unknown,-1
https://www.ninisite.com/user/e7dd6a10-6838-4c53-a2eb-d7944a3e18f2/%DA%A9%D9%86%D8%AF%DB%8C-%D8%AC%D9%88%D9%86%D8%AA%D9%88%D9%86%D9%85,unknown,-1
https://www.ninisite.com/user/58081ca6-2a20-4045-ba3c-a0aacd82db1f/aazhra,unknown,-1
https://www.ninisite.com/user/54ebc7a5-5dc4-4de0-b0c9-a4e9c814ec8e/%D9%BE%D9%88-%D8%AE%D8%B1%D8%B3-%D9%85%D9%87%D8%B1%D8%A8%D9%88%D9%86,unknown,-1
https://www.ninisite.com/user/4aba8ea7-3284-4adb-abfd-0bf9deaf8241/%D9%85%D8%A7%D9%86%D8%AF%D8%A7%D9%86%D8%A7%D9%81%D8%B1%D9%81%D8%B1%DB%8C,unknown,-1
https://www.ninisite.com/user/9f962508-0e95-42d0-ab6e-b018137a9c9a/manaramir,unknown,-1
https://www.ninisite.com/user/9a5b682a-838b-4927-b218-0d3b41293849/titaa,unknown,-1
https://www.ninisite.com/user/919a79be-80a8-4427-86d0-67cbf5aa4287/%D8%AE%D8%B2%D8%A7%D9%86%DB%B8%DB%B1,unknown,-1
https://www.ninisite.com/user/f4255eb5-ac33-457c-ae1f-196f4516ec49/royam18,unknown,-1
https://www.ninisite.com/user/279fdb25-5383-476d-8ab9-c2787f961f8e/arezoo82love,unknown,-1
https://www.ninisite.com/user/5b1267c0-bc75-4065-8f98-b3a2b0a5b98b/%D8%B3%DA%AF%DA%AF%DA%AF%DA%AF%DA%AF%DA%AF%DA%AF,unknown,-1
https://www.ninisite.com/user/4c99c05b-5a1a-43d2-8671-b2bc460114c8/%DA%86%D8%B4%D9%85-%D8%A7%D9%86%D8%AA%D8%B8%D8%A7%D8%B1-%D9%85%D8%B9%D8%AC%D8%B2%D9%87,unknown,-1
https://www.ninisite.com/user/08f77072-27d1-47bc-a615-ed89c0c91ffc/someone-liw,unknown,-1
https://www.ninisite.com/user/67ae0865-8ae2-4db7-b467-5268737f4569/%D8%AE%D8%B1%DA%AF%D9%88%D8%B41396,unknown,-1
https://www.ninisite.com/user/a382658d-62e2-48d5-af41-19ed12ac24af/%D9%84%D9%88%D9%BE%DA%AF%D9%84%DB%8C,unknown,-1
https://www.ninisite.com/user/ea78163d-0b66-4ffe-b88e-25810b215a5e/%DB%B1%DB%B3%DB%B4%DB%B8%D8%B3,unknown,-1
https://www.ninisite.com/user/c63e4b29-01fc-4f1c-8fd2-bc46355faf83/5127,unknown,-1
https://www.ninisite.com/user/93a7af6d-3b64-4d00-9fa5-ca189adfe23b/%DA%A9%D9%88%D8%B1%D9%88%D9%8A%D9%94%D9%84%D8%A7,unknown,-1
https://www.ninisite.com/user/02e03f1c-e693-40e7-b61b-27c8fe6eff1d/somigoli,unknown,-1
https://www.ninisite.com/user/913c99c2-50c6-4d8e-addb-1f8ed6027f2b/%D8%B3%D8%A7%D9%84%D8%A7%D8%AF%DA%A9%D8%A7%D9%87%D9%88%D9%88,unknown,-1
https://www.ninisite.com/user/dfbba68b-e194-4c0f-838c-368ad3bc305b/%D8%AD%D9%86%D8%A7%D8%AF%D8%AE%D8%AA%D8%B1%D9%85%D8%B2%D8%B1%D8%B9%D9%87%DB%B7%DB%B7,unknown,-1
https://www.ninisite.com/user/b43c8db4-5b2b-4d95-b8a4-b0090a3942a3/%D9%86%D8%A7%D9%8A%D9%94%D9%86%DA%AF%DB%8C2,unknown,-1
https://www.ninisite.com/user/ad16ff94-eb74-48b3-b051-a5909e344856/ncm75,unknown,-1
https://www.ninisite.com/user/d5f9f7ca-1e6e-4e86-9584-3e14ae1daae1/%D9%85%D9%87%D8%B3%D8%B3%D8%B3%D8%A7,unknown,-1
https://www.ninisite.com/user/1cb3391e-d024-4c6c-993e-baf282b69f41/%D9%86%D8%A7%D8%B2%DB%8C-%D8%A8%D8%AE%D8%AA%DB%8C%D8%A7%D8%B1%DB%8C,unknown,-1
https://www.ninisite.com/user/c4dda612-f80e-4c9d-90dd-e6c55867ecb4/%D9%85%D8%A7%D8%AF%D8%B1%D8%AF%D9%88%D9%BE%D8%B1%D9%86%D8%B3%D8%B3,unknown,-1
https://www.ninisite.com/user/2bbf984c-773b-42e7-aab0-a94c63238232/aasamira,unknown,-1
https://www.ninisite.com/user/0ff21407-9a9f-4aab-842f-c19fdd046052/%D8%AC%D9%86%D8%A7%D8%B2%D9%87%DA%A9%D8%A7%D8%B1%D8%A8%D8%B1%DB%8C%D9%87%D8%A72,unknown,-1
https://www.ninisite.com/user/62919322-23ce-4b1d-8e85-060faf617ffb/%D9%85%D9%88%D9%87%DB%8C%D8%AA%D9%88-%D8%AE%D9%88%D8%B4%D9%85%D8%B2%D9%87,unknown,-1
https://www.ninisite.com/user/ea7144a2-78c9-41ac-b9a6-4ecd7fb64590/%D8%B4%D9%85%D8%A7%D9%85%D9%87-%D9%86%D8%A7%D8%B2%D8%A7%D8%B1,unknown,-1
https://www.ninisite.com/user/81102796-3a14-42f7-986d-4e5e920bf788/azarbanoo1373,unknown,-1
https://www.ninisite.com/user/569d11f2-29c2-4d71-8c9d-cd199d210607/%D8%B9%D8%B4%D9%8255,unknown,-1
https://www.ninisite.com/user/4b439d47-3b6d-4391-930f-377459b66dc1/%DA%86%DB%8C%D9%BE%D8%B3-%D9%86%D9%85%DA%A9%DB%8C,unknown,-1
https://www.ninisite.com/user/f6e3af4c-573c-42fc-a846-7d555135726c/%D8%B3%D8%A8%D8%B7-%D8%A7%D9%84%D8%B2%D9%87%D8%B1%D8%A7,unknown,-1
https://www.ninisite.com/user/2f0f1a0a-f732-46e6-a341-be3956c4bb81/%D8%AF%D8%B1%D8%A7%D8%B2%DA%A9%D8%B4,unknown,-1
https://www.ninisite.com/user/b6d714fe-476e-44b1-a91c-c619ac88735a/%D9%85%D9%84%DB%8C%D8%AD%D8%AD,unknown,-1
https://www.ninisite.com/user/322b3451-9aff-4b5f-83fa-161ec0385092/%D8%A7%D8%B1%D8%BA%D9%88%D8%A7%D9%865128,unknown,-1
https://www.ninisite.com/user/ab660280-9807-48a0-809f-786e5267f6a5/kasama,unknown,-1
https://www.ninisite.com/user/4e50e89e-7623-4c96-a644-02397210b57a/mfatiw,unknown,-1
https://www.ninisite.com/user/0a329618-22e2-4379-9a30-1293e46ef24d/%DB%B7%DB%B6%DB%B7%DB%B676,unknown,-1
https://www.ninisite.com/user/47bd7e3c-66a9-4e00-b483-9af3ff3e3579/shiviran27,unknown,-1
https://www.ninisite.com/user/e3b75388-25ff-40b9-b66d-5854be9f132a/%D8%A7%D9%93%DB%8C%D9%84%DB%8C%D9%86-%DB%B7%DB%B0,unknown,-1
https://www.ninisite.com/user/d979e29f-0b9a-41b4-8872-01c61118af20/%D9%85%D8%A7%D9%85%D8%A7%D9%86-%D8%BA%D8%B2%D9%84-%D8%A7%D9%93%D8%A8%D8%A7%D9%86%D8%AF%D8%AE%D8%AA,unknown,-1
https://www.ninisite.com/user/63709bc2-fa94-414d-b876-7dcba7e5354f/curious,unknown,-1
https://www.ninisite.com/user/19bf52da-f016-442d-9e37-8f64aa6bf913/%D8%AA%D9%BE%D9%84%D9%88%DB%8C%D9%85%D8%AA%D9%BE%D9%84%D9%88,unknown,-1
https://www.ninisite.com/user/e80e516c-8157-4a8d-9654-ca4a3ac55d9b/%D9%BE%D8%B1%DB%8C%D8%AF%D8%B1%DB%8C%D8%A7%DB%8C%DB%8C%DB%8C%DB%8C%DB%8C%DB%8C%DB%8C,unknown,-1
https://www.ninisite.com/user/067ebcd9-42e9-48c9-a14d-d60d7519862e/%D9%85%D9%80%D9%80%D8%A7%D8%AF%D8%B1%D8%AC%D8%A7%D9%86-%D8%AF%D9%86%D9%8A%D9%80%D9%80%D8%A7%D9%85%D9%89,unknown,-1
https://www.ninisite.com/user/3fd3c053-c3ad-4b20-a05c-c80832895330/m-b-a,unknown,-1
https://www.ninisite.com/user/9194155d-5005-4fe6-8b84-d19cb85b3e7e/noranora,unknown,-1
https://www.ninisite.com/user/20ac6e64-c34c-4619-83b7-92c73f6ad50d/bioderma,unknown,-1
https://www.ninisite.com/user/dc653a6d-6547-48ea-b903-6cf9f9176bef/%D9%85%D8%A7%D9%87%DB%8C54,unknown,-1
https://www.ninisite.com/user/e7b0909a-6167-415b-bdfc-c2f651a4105a/%D9%85%D9%88-%D8%AE%D8%B1%D9%85%D8%A7%DB%8C%DB%8C,unknown,-1
https://www.ninisite.com/user/b07db905-75d5-48fa-aab7-7b01a0c609a4/nmnm13712,unknown,-1
https://www.ninisite.com/user/2ba2126c-2c0c-41f7-b5e6-7d75fc6319e6/%D8%B3%DB%8C%D9%86%D8%AF%D8%B1%D9%84%D8%A7%DB%8C%D8%B3%D8%A7%D8%A8%D9%82,unknown,-1
https://www.ninisite.com/user/6276e0ca-ade1-4579-b000-ed012fbd5cbf/%D8%A7%D8%B1%D8%AF%D8%B4%DB%8C%D8%B1%D8%AF%D8%B1%D8%A7%D8%B2%D8%AF%D8%B3%D8%AA%D9%85%D9%85,unknown,-1
https://www.ninisite.com/user/773cd294-375b-4dcf-af28-2a8cc2bceeca/raha-%D8%B1%D9%87%D8%A7,unknown,-1
https://www.ninisite.com/user/a79979a9-01cd-4bad-8fe7-f0d9bca1378e/amir-mohammad81,unknown,-1
https://www.ninisite.com/user/6dd286ff-78b1-49f2-8789-916d0db6f1af/%D9%84%DB%8C%D9%84%DB%8C1366,unknown,-1
https://www.ninisite.com/user/f3952b3b-0e68-4ec6-a4bf-3796c5ef57e6/rojan153,unknown,-1
https://www.ninisite.com/user/4e2c21ea-7071-4678-a500-f37014c74e06/mikal780890,unknown,-1
https://www.ninisite.com/user/20cbf073-26f4-45a8-bfa4-7160e0959daa/%D9%85%D9%84%DB%8C%D8%B1%D9%87%DB%8C%D8%A7%D9%85%DB%8C,unknown,-1
https://www.ninisite.com/user/743aed01-81cd-49bc-ae39-010cd489459a/%D8%A7%D9%93%D8%B3%D8%A7%D9%86%D8%A7%D8%A7,unknown,-1
https://www.ninisite.com/user/c7f8e792-d077-4a0b-8c73-e6d1dd2e16d8/%D8%B2%D8%B1%DA%AF%D9%840,unknown,-1
https://www.ninisite.com/user/c6617238-3bb6-4012-8e66-6fd977f752cf/%D9%85%D8%A7%D9%87-%D8%A8%D9%87%D8%B4%D8%AA,unknown,-1
https://www.ninisite.com/user/7dfef895-13ff-4b04-ae75-44d725ebc3a6/%D9%85%DB%8C%D8%B4%D9%84,unknown,-1
https://www.ninisite.com/user/961e1006-47dc-410f-bb1e-0b28819c4a4e/%D9%85%D8%B1%DB%8C%D9%85-%D8%B3%D8%A7%D8%AF%D8%A7%D8%AA6644,unknown,-1
https://www.ninisite.com/user/b488b64b-b14c-45ed-837c-2a3f862ea40f/%D8%B3%D9%88%D9%81%DB%8C%D8%A7%D9%85966,unknown,-1
https://www.ninisite.com/user/6bcdc6dd-b2dd-4383-9c18-55842cc0abdf/setarebaran1373,unknown,-1
https://www.ninisite.com/user/80244d47-df91-4607-9ca7-244347aa5134/raha14000,unknown,-1
https://www.ninisite.com/user/0199800a-c78e-455c-b5ae-6b10c45241dc/%D8%AD%D8%A7%D9%84%D8%AE%D9%88%D8%A8%D9%81%D8%B1%D9%88%D8%B4%DB%8C,unknown,-1
https://www.ninisite.com/user/2be8cdd0-660b-4735-adaf-a7b9810cf48c/%D8%B3%D8%B1%D9%88%D8%B1%D8%B2%DB%8C%D8%A8%D8%A7%DB%8C%DB%8C,unknown,-1
https://www.ninisite.com/user/05f77a59-ead6-42f7-ae51-1e833bff3920/moon-sa,unknown,-1
https://www.ninisite.com/user/77973e2e-cf6b-42b7-a0a6-c6b6dd055583/iiiiiiiikhanom,unknown,-1
https://www.ninisite.com/user/b89ae480-64df-4d27-9086-20d747d9ea4b/pastilll,unknown,-1
https://www.ninisite.com/user/7bf547d0-14ec-48a8-9540-f4cc020e158b/%D8%B3%DB%8C%D9%84%D8%A7%D9%85,unknown,-1
https://www.ninisite.com/user/1da3d2a7-dfe8-4d7a-8c6d-b3b91ccb05ab/asallllaaaaa,unknown,-1
https://www.ninisite.com/user/40768fc9-bfd9-45d9-a206-10d4bdaab934/shadimahdi,unknown,-1
https://www.ninisite.com/user/d7dee4e4-73ba-4ffd-971f-8a482ef3fb47/%D8%B9%D8%A7%D8%B4%D9%82-%D9%BE%D8%B3%D8%B1%D9%85%D9%85,unknown,-1
https://www.ninisite.com/user/ddd146ec-a0b5-4164-bbc4-7a54f5ec1cb2/%D9%BE%D8%B1%D9%88%D8%A7%D9%86%D9%87%D9%87%D9%87%D9%87%D9%87%D9%87%D9%87,unknown,-1
https://www.ninisite.com/user/3350a3e1-e82b-4943-b2b3-b4ba0da1e35a/mehrii728,unknown,-1
https://www.ninisite.com/user/73e4dba1-cc55-42cf-97a8-78e01a45e59b/%DA%AF%D9%84%D8%A7%D8%B1%D9%87204,unknown,-1
https://www.ninisite.com/user/498d7f60-f13b-4e72-a45c-5f87c4319ba8/%D8%AC%D9%88%D8%A7%D9%87%D8%B1%DB%8C-%D8%AF%D8%B1-%D8%B3%D8%A7%D8%A7%D8%A7%DB%8C%D8%AA,unknown,-1
https://www.ninisite.com/user/62dc5130-ef51-4882-bc6a-d504ac215a6f/elara1313,unknown,-1
https://www.ninisite.com/user/0756e8cc-7bfa-4d26-995d-6e58a1d08581/parwaz,unknown,-1
https://www.ninisite.com/user/d628013f-8be6-4ad2-83e3-dc5419cf8918/avaavaz,unknown,-1
https://www.ninisite.com/user/3ddddbbe-5db7-4797-8120-b8ffcbe728d1/%D9%85%D9%84%DA%A9%D9%87%D9%BE%D8%A7%D9%88%D8%B1,unknown,-1
https://www.ninisite.com/user/7461f907-f477-4224-a8e3-7070a7612926/%D8%A8%D8%A7%D9%86%D9%88%D8%B2%D9%84%DB%8C%D8%AE%D8%A7%DB%8C-%D8%B2%DB%8C%D8%A8%D8%A7%D8%A7,unknown,-1
https://www.ninisite.com/user/f4d6f273-1c6c-4272-b327-59e9b9bb5e69/yeganehhhhhh,unknown,-1
https://www.ninisite.com/user/6fc3356f-1a98-47bd-8de9-b354082856c6/%D8%B9%D8%B7%D8%B1%D8%B9%D8%A7%D8%B4%D9%82,unknown,-1
https://www.ninisite.com/user/9111b7ba-5c3c-4f02-9970-75fd3e8c0f8d/%D8%B1%D8%B2%DB%8C%D9%86%D8%A7%D8%A7%DB%8C%D8%B1%D8%A7%D9%86%D8%AF%D9%88%D8%B3%D8%AA,unknown,-1
https://www.ninisite.com/user/fcc669f9-924b-48c9-9735-48ba09938a93/peransesm,unknown,-1
https://www.ninisite.com/user/fddc6fdc-97c8-4ea0-8b10-2f02ec858aad/%D8%AF%D8%AE%D8%AA%D8%B1%D8%A7%D9%84%D8%A8%D8%A7%D9%84%D9%88,unknown,-1
https://www.ninisite.com/user/f607ea5b-a2de-4c24-8d44-78ac78902575/shirin-2125,unknown,-1
https://www.ninisite.com/user/6a5e7cf7-cfd4-4d5b-ac1b-db1061d783e3/%D9%87%D8%B1-%DA%86%DB%8C-%D8%B2%D8%AF%D9%85-%DA%AF%D9%81%D8%AA-%D8%AA%DA%A9%D8%B1%D8%A7%D8%B1%DB%8C,unknown,-1
https://www.ninisite.com/user/803878f2-0a5d-4997-a63a-1fab052bbd15/%D8%B2%DB%8C%D8%A8%D8%A7%DB%8C-%D8%AE%D9%81%D8%AA%D9%87-%D8%A7%D9%82%D8%A7%D9%85%D9%88%D9%86,unknown,-1
https://www.ninisite.com/user/98df7415-78f2-4cc9-85a5-38f1a37db0ce/%D8%AA%D9%8A%D9%85%D9%88%D8%AA%D9%8A,unknown,-1
https://www.ninisite.com/user/96aab0b7-42c2-4254-82d1-519a0ddf157f/strong-woman,unknown,-1
https://www.ninisite.com/user/e3df2d1a-01d5-43d6-a2e3-2980b49923f0/%D9%85%D9%86%D9%85%D9%85%D9%86%D9%85%D9%85%D9%86%D9%85,unknown,-1
https://www.ninisite.com/user/392a79ef-3d17-4c36-b45a-d4f4f84dbccd/rey-han,unknown,-1
https://www.ninisite.com/user/0fc2bf81-b5c4-4749-aa43-39c52d4f8fd6/khanuom,unknown,-1
https://www.ninisite.com/user/d8f76052-963f-4f5b-b994-5c1ab1a5d4d1/%D9%86%D8%A7%D8%B2%D9%86%D8%A7%D8%B2%DB%8C%DB%B6%DB%B2,unknown,-1
https://www.ninisite.com/user/d0694ac0-f417-41c7-9a51-c73b7a03050e/%D8%B9%D8%B4%D9%82%D9%85-%D9%85%D8%AD%D9%85%D8%AF,unknown,-1
https://www.ninisite.com/user/c299eea5-be44-4933-b467-12b07a7f5ce1/%D9%85%D8%A7%DB%8C%DA%A9%D9%84%DB%B9%DB%B9,unknown,-1
https://www.ninisite.com/user/e0817106-a2fd-4867-af85-5801d868379c/dokhtarmardoom,unknown,-1
https://www.ninisite.com/user/4675008a-8f17-4f3a-b0cc-04bfd9ef99ea/%D9%85%D8%AB%D9%84-%D9%85%D8%A7%D9%87i3,unknown,-1
https://www.ninisite.com/user/f354af54-fdcd-4b62-b409-b91620d304fd/momytaha2,unknown,-1
https://www.ninisite.com/user/ae85abea-52bc-44e7-84ef-b593fec21487/nini%D9%86%DB%8C%D9%86%DB%8C,unknown,-1
https://www.ninisite.com/user/76163f2d-5e63-43ab-9972-9062900d3e9e/%D8%B4%DB%8C%D8%AF%D8%A7%D9%87%D8%B3%D8%AA%D9%85,unknown,-1
https://www.ninisite.com/user/cc408a72-eeff-4c8d-8fd7-d35aa18c1721/7simsim7,unknown,-1
https://www.ninisite.com/user/cb9e09ed-8403-44f9-9368-501dab497834/aylaaaaaa,unknown,-1
https://www.ninisite.com/user/8646ec06-8cf1-4c73-8bf4-36ceb8b724ef/%DA%AF%D9%84%D9%88%D8%A7%D8%B1%DB%8C,unknown,-1
https://www.ninisite.com/user/0fa02f6f-a133-4559-a68e-095f302dd09c/fafa20f,unknown,-1
https://www.ninisite.com/user/b86a8631-330c-4b00-80ee-c64238997149/%D9%85%D8%B1%D8%BA%D8%A7%D9%86%D9%87-%D8%B3%D8%A7%D8%A8%D9%82,unknown,-1
https://www.ninisite.com/user/c33d7462-7898-4161-b06b-a29dd394554b/eliiiiize,unknown,-1
https://www.ninisite.com/user/d1b6f9d7-1605-4b9d-80a2-0c98147f8f63/rapanzell,unknown,-1
https://www.ninisite.com/user/7daafe23-b94d-4ad2-a490-44f9e490835e/fafa19d,unknown,-1
https://www.ninisite.com/user/ccf7d57d-4c7b-4fb6-b821-3aeb305e3eee/%D8%A7%D9%93%D8%B1%D8%A7%D9%85%DA%A9%D8%AF%D9%87,unknown,-1
https://www.ninisite.com/user/f7e77657-3348-43fa-b9c5-537f5de907b9/%D8%B1%D8%A7%D9%85%D9%88%D9%8A%D9%94%D9%84%D8%A7,unknown,-1
https://www.ninisite.com/user/1e03b50b-5e85-443e-9706-7c7ac8123445/%DA%AF%DB%8C%D8%B3-%D9%81%D9%84%D9%81%D9%841,unknown,-1
https://www.ninisite.com/user/00a22066-4c4b-41dd-ae97-090245ba182b/aaaaaaaaaaasamira,unknown,-1
https://www.ninisite.com/user/aff7c8d1-0943-40f7-b994-ac5bae1a23d3/rsffm,unknown,-1
https://www.ninisite.com/user/881ef0f9-4b32-4204-8acc-3b44a53d8259/yamahdi313825,unknown,-1
https://www.ninisite.com/user/ca83a0c2-983c-4ae2-b854-1537cc95db91/fantastic-boy,unknown,-1
https://www.ninisite.com/user/23fd564d-eba3-4a34-a4b9-6791e49e8abe/1401sara,unknown,-1
https://www.ninisite.com/user/979d974c-29bf-46f9-a54e-4ea2889f756e/%D9%81%D8%A7%D8%B7%D9%85%D9%872671,unknown,-1
https://www.ninisite.com/user/af7d9ad7-f140-4fce-9f86-a9ab03670d1a/zizigolol,unknown,-1
https://www.ninisite.com/user/1ff123a1-1730-4e1f-b01c-5168df5ed6ef/%D9%85%D8%A7%D9%85%D8%A7%D8%A7%D9%86-%DA%A9%D9%88%DA%86%D9%88%D9%84%D9%88,unknown,-1
https://www.ninisite.com/user/22009935-12b2-4f63-bc2e-180d4621bae2/karenadeniz,unknown,-1
https://www.ninisite.com/user/ea698434-754e-43c1-a6bf-0903913df068/%DA%AF%D9%88%D9%86%D8%A7%D9%93%DB%8C%D8%AF%DB%8C%D9%86,unknown,-1
https://www.ninisite.com/user/0536255b-0a1c-4559-a876-4b29de181eec/%D8%B4%DA%A9%DB%8C%D9%84%D8%A7,unknown,-1
https://www.ninisite.com/user/27b8597f-6cec-418d-8696-a8b6158e9b2d/elmir3344,unknown,-1
https://www.ninisite.com/user/73d6c876-5cc5-4bee-8f22-6fe23362a66a/araliya,unknown,-1
https://www.ninisite.com/user/bbad425a-b604-4fc6-b7a4-bea5c6ee85be/pari-790,unknown,-1
https://www.ninisite.com/user/a3ed177e-4b1e-43d6-9c90-b892ed169019/00000alikocholo,unknown,-1
https://www.ninisite.com/user/11db1336-1f5e-4b1a-aba9-7573e4e8dbca/shiva-66moh,unknown,-1
https://www.ninisite.com/user/dd1af3f6-a566-41d6-adf9-ffc3ca6fc4e8/%D9%85%D8%B1%D8%BA%D8%A7%D9%86%D9%87,unknown,-1
https://www.ninisite.com/user/d77b81e3-f78e-41c5-b1ca-712a3730487b/paeizom,unknown,-1
https://www.ninisite.com/user/8407f45d-ac3d-4353-ba36-21d5556ccada/%D9%85%D9%87%D8%AA%D8%A7%D8%A8%DB%B6%DB%B7,unknown,-1
https://www.ninisite.com/user/9d4c05bb-176b-4da7-8ff1-c5c782859c8b/9972nasim,unknown,-1
https://www.ninisite.com/user/898a7dd0-f87c-4612-965b-6fc3145d982c/%D8%AE%D8%A8%D8%A7%D8%AA%D9%86%D8%AA%D8%AA%D8%A7%D9%84%D9%84%D9%84%D8%A7%D8%AA%D9%86,unknown,-1
https://www.ninisite.com/user/6585fd07-287d-480b-98c0-dc23a39ab9c1/yafatmezahra1377,unknown,-1
https://www.ninisite.com/user/f4d42db8-5695-4963-bc0c-b7bc461e5973/%D8%B2%D9%84%DB%8C%D8%AE%D8%A7bi%DB%8C%D9%88%D8%B3%D9%81,unknown,-1
https://www.ninisite.com/user/60848a94-8ced-407a-8644-a8929ea9b48e/shivajoon72,unknown,-1
https://www.ninisite.com/user/5556fbe2-0f3f-4f40-bb5a-93210e569fe6/%D9%86%D8%B1%DA%AF%D8%B3%D8%B3,unknown,-1
https://www.ninisite.com/user/ea233714-0082-45c6-81ab-6cdb0bf69fe8/%D8%A8%D8%B1%DA%A9%D9%87-%D8%B2%D9%86%D8%AF%DA%AF%DB%8C,unknown,-1
https://www.ninisite.com/user/dd951b4b-450a-4d9d-9bba-2e12fbc23a7e/jila1375,unknown,-1
https://www.ninisite.com/user/07bacc54-e995-4ac1-b5bb-9e5cd09773ad/%D9%85%D9%86%D8%AA%D8%B8%D8%B1%D8%AA%D9%85-%D9%81%D8%B1%D8%B2%D9%86%D8%AF%D9%85,unknown,-1
https://www.ninisite.com/user/2abec15d-6786-44ae-9ac7-9a911c1a4364/%D8%A7%D8%BA%D9%88%D8%A7%DA%AF%D8%B1%D8%A7%D8%AD%D8%B3%D8%A7%D8%B3,unknown,-1
https://www.ninisite.com/user/83f504cf-fe92-423e-ad7c-7e75aafb3348/%D8%B1%D9%8A%D9%94%D8%A7%D9%84-%D9%85%D8%A7%D8%AF%D8%B1%DB%8C%D8%AF,unknown,-1
https://www.ninisite.com/user/44e3fa97-268f-4f47-8e40-6bead7818d46/par-isaa,unknown,-1
https://www.ninisite.com/user/624ee6ed-96f3-442d-ab13-fab0e46e65b0/sadaf47,unknown,-1
https://www.ninisite.com/user/ec60369a-86b3-4c14-a77b-abdcab075dc9/red-rose74,unknown,-1
https://www.ninisite.com/user/197b0acd-0f38-414e-8d01-3cab569073b3/hooodjooon,unknown,-1
https://www.ninisite.com/user/6944fe67-2637-4c66-aa2f-819a87bfc159/%D8%A7%D9%82%D8%A7%DA%A9%D9%85%D8%A7%D9%84,unknown,-1
https://www.ninisite.com/user/1a61cfb8-9e63-4c88-b412-da5c7ccd94e4/%DA%A9%D9%88%DA%86%D9%88%D9%84%D9%88%D9%A7%D9%A9,unknown,-1
https://www.ninisite.com/user/03f833b3-d1aa-4ed9-9a9b-ba452638aaf5/%DB%8C%D8%A7%D8%B3%D9%85%DB%8C%D9%861364,unknown,-1
https://www.ninisite.com/user/71f1b8cd-1b3b-496a-9cc2-79db5dd24517/%D8%A7%D9%93%D8%B1%DB%8C%D8%B3%DB%B1%DB%B4,unknown,-1
https://www.ninisite.com/user/7d61a360-5b6b-4cba-8f81-ebfaf2eba6b3/%D8%A7%D9%85%DB%8C%D9%86%D9%87eeeee,unknown,-1
https://www.ninisite.com/user/8fca5d61-975f-4d6e-bf50-3eb0ac45e6dd/sahar123sa,unknown,-1
https://www.ninisite.com/user/2ed12d24-daf3-4e9c-a692-ebfe6427960e/%DA%86%DB%8C%DA%A9%D8%A7%D8%A7,unknown,-1
https://www.ninisite.com/user/30925f39-b91b-41d9-a18d-cfb52296f0e1/karimiiiiiiimina,unknown,-1
https://www.ninisite.com/user/f2f2c36b-9a2f-4f2b-932d-00138b0f252c/%D8%B3%D9%84%D9%86-%D8%AF%DB%8C%D9%88%D9%86,unknown,-1
https://www.ninisite.com/user/3106c01d-3a8e-4197-a1e2-46f8aa1fe3d6/%DB%8C%D9%87-%D8%AA%DA%A9%D9%87-%D8%AC%D9%88%D8%A7%D9%87%D8%B1,unknown,-1
https://www.ninisite.com/user/1799489a-e4b4-4f44-8f3f-4e2d91e9fb33/elham-67,unknown,-1
https://www.ninisite.com/user/8f822355-2d5a-4573-8ab5-7bd739ff28a4/%DA%86%DB%8C%DA%A9%D8%A71,unknown,-1
https://www.ninisite.com/user/c2012b98-a0aa-4569-b1ab-8feb65a480a1/%D8%AF%D8%AE%DB%8C-%D8%B4%DB%8C%D8%B7%D9%88%D9%88%D9%88%D9%88%D9%86,unknown,-1
https://www.ninisite.com/user/ab93954a-3e2b-4474-a4de-ff7e67a37c10/%D8%AA%D9%84%D8%A7%D8%B4%D9%BE%D8%B4%D8%AA%DA%A9%D8%A7%D8%B1%D9%87%D8%AF%D9%81,unknown,-1
https://www.ninisite.com/user/3094131d-2625-44e2-aac3-d5ba0883d80d/%D9%85%D8%B9%DB%8C%D9%86-%D8%A8%D9%86%D8%AF%D8%B1%DB%8C,unknown,-1
https://www.ninisite.com/user/e1f5b896-96f6-4112-9938-7c6b7c7f5f3f/%D8%A7%DB%8C%D9%86%D9%87%DB%B6%DB%B6,unknown,-1
https://www.ninisite.com/user/a012aa70-6c82-4a79-b2c2-a94cbc02fbb2/%D8%AF%D8%AE%D8%AA%D8%B1%D9%85%D8%B3%D8%AA%D9%82%D9%84-%D9%82%D9%88%DB%8C,unknown,-1
https://www.ninisite.com/user/468e2bb5-f1fb-4517-98b2-5ade332193d1/%D8%AF%DB%8C%D8%A7%D9%86%D8%A7,unknown,-1
https://www.ninisite.com/user/da6683dd-6462-45af-8d7f-89dd348e03d3/13%D8%A8%D8%AF%D8%B1,unknown,-1
https://www.ninisite.com/user/244cf95b-8fc5-4583-bf06-75e467236c0d/hessekhoshbakhti,unknown,-1
https://www.ninisite.com/user/5b9f2180-e97a-4238-b95c-439d9b2b2226/%DB%8C%DA%A9%D8%AF%D9%88%D8%B3%D8%AA-%D8%AE%D9%88%D8%A8,unknown,-1
https://www.ninisite.com/user/ab0b1f10-024e-4179-8af0-e366a8717f96/%D9%88%D9%86%D9%88%D8%AA,unknown,-1
https://www.ninisite.com/user/230bb1c1-882e-489a-9364-0d5d545b64ce/%DA%A9%D8%A7%D8%B1%D8%A8%D8%B1%D8%AE%D8%A7%D9%85%D9%88%D8%B4%D8%B4%D8%B4,unknown,-1
https://www.ninisite.com/user/fe4ecf76-13a1-43a6-bd28-efcf4cbd535d/%D8%AA%DB%8C%D9%86%D8%A7,unknown,-1
https://www.ninisite.com/user/ea8be455-f794-46c8-bce4-b07e1d8f0da9/atena2828,unknown,-1
https://www.ninisite.com/user/9e172a6a-a4d7-4373-9190-dfb74ae53fc4/aidaaa73,unknown,-1
https://www.ninisite.com/user/b7d358c6-7ac9-43f7-a758-8f5e467e90b6/naziiii70i,unknown,-1
https://www.ninisite.com/user/a277e9e3-1257-43f1-86bc-e79f01467cdf/mahsasiavash,unknown,-1
https://www.ninisite.com/user/e41b8823-7500-43bb-b794-2df94666c5c7/%D9%BE%D8%B1%DB%8C%D8%B3%D8%A7-1992,unknown,-1
https://www.ninisite.com/user/89ec126d-c250-482d-8823-0c2b2da6fe34/%DA%A9%D9%88%DA%A9%D9%88%D9%85%D9%84%D9%88%D9%86,unknown,-1
https://www.ninisite.com/user/8b6a5f09-64fd-4ad8-ad34-b39f074c578b/avisa-activityy,unknown,-1
https://www.ninisite.com/user/84ae8e69-b65d-427e-b2ea-e960a56dc061/75monijoon,unknown,-1
https://www.ninisite.com/user/ac08e8c5-5063-4cfa-b6d9-9d1d648ccb62/%D9%85%D8%B1%D8%AF%D8%BA%D9%85%DA%AF%DB%8C%D9%86%DB%B1%DB%B8%D8%A8%D8%B9%D9%84%D8%A7%D9%88%D9%87%DB%B1,unknown,-1
https://www.ninisite.com/user/7627590f-360c-4d1e-a7d7-eb80c41ff745/mahii697,unknown,-1
https://www.ninisite.com/user/84cca794-f5bc-45f5-82fe-e6e3b3aaa22d/%D8%AF%D8%AE%D8%AA%D8%B1%D8%B3%DB%8C%DA%AF%D8%A7%D8%B1%DB%8C,unknown,-1
https://www.ninisite.com/user/f5922b62-ce9e-49e9-84ba-7125edd91262/%D9%85%DB%8C%D9%88-%D9%85%DB%8C%D9%88-%D9%87%D8%B3%D8%AF%D9%85,unknown,-1
https://www.ninisite.com/user/2dd73cc0-b4e3-4e73-921e-dc34fb956196/shanli66,unknown,-1
https://www.ninisite.com/user/5814708e-2cff-4f3e-bce8-15a9e4c2feab/asraei,unknown,-1
https://www.ninisite.com/user/9d5bc2b6-3efe-4a4a-9117-a95052281833/%D8%B3%D8%B1%DA%AF%D8%B4%D8%AA%D9%87-%D8%A7%D8%B2-%D8%AC%D9%87%D9%84-%D8%AF%D9%86%DB%8C%D8%A7,unknown,-1
https://www.ninisite.com/user/ae9346de-63e7-4880-8763-07dc0b8f56a8/%DB%B8%DB%B7%DB%B8,unknown,-1
https://www.ninisite.com/user/45ebca4e-553f-4ba5-a4ff-de1dee471ca3/%DA%86%D9%87%D8%A7%D8%B1%D8%AE%D9%88%D9%86%D9%87,unknown,-1
https://www.ninisite.com/user/65e534dd-3ad8-44fd-a5c2-e7a6da8232a6/%DA%AF%D9%84%D8%A8%D8%B1%DA%AF1374,unknown,-1
https://www.ninisite.com/user/50a5f079-258e-4648-be61-bc965dcf271e/mahyaa00,unknown,-1
https://www.ninisite.com/user/cbdb42bf-36b7-425a-934e-8a287ae88cab/omidmm,unknown,-1
https://www.ninisite.com/user/318f6485-14bd-4581-973a-3b37bc574c1a/%D8%B2%D9%86%DA%AF-%D8%A7%D9%93%D8%AE%D8%B1-%D9%BE%D8%B4%D8%AA-%D9%85%D8%AF%D8%B1%D8%B3%D9%87,unknown,-1
https://www.ninisite.com/user/b66e0907-467e-4c41-b1b3-2811f20ac42f/%D8%B3%D8%AA%D8%A7%D8%B1%D9%87%DB%B9%DB%B2,unknown,-1
https://www.ninisite.com/user/e4dd0c21-ac55-4734-88f1-f29405751601/%D9%81%D8%B7%D8%B1%D9%88%D8%B3%DB%B3,unknown,-1
https://www.ninisite.com/user/fbd731f3-d4b3-48ad-ae29-1f571b817914/hoda1400,unknown,-1
https://www.ninisite.com/user/8be516bc-851e-4e77-9dfc-7c86941f6351/%D9%86%DB%8C-%D9%86%DB%8C-%DB%8C%D8%A7%D8%B1-%D8%B9%D8%B4%D9%82%D9%85%D9%87,unknown,-1
https://www.ninisite.com/user/efcb8af2-ffc9-46ba-9ab8-b569c4596b15/%D8%B9%D9%85%D8%B2%D8%AF%D9%87,unknown,-1
https://www.ninisite.com/user/bd717fe6-5605-4e74-9c5e-6c7e7d3d32d9/fafacccc,unknown,-1
https://www.ninisite.com/user/89885f63-3bbd-4bdb-85fa-949ce980738b/%D8%B2%D9%87%D8%B1%D9%87%DB%B1%DB%B3%DB%B7%DB%B7,unknown,-1
https://www.ninisite.com/user/28d4fc70-f8c1-4fb4-b006-41147f9ef474/%D8%AA%D8%A7%D9%86%D8%A7%D9%86%D8%A7%D8%AA%D8%A7,unknown,-1
https://www.ninisite.com/user/3fc479b6-2fd8-445d-b97c-eb787fd9dc5f/ggghhh,unknown,-1
https://www.ninisite.com/user/dffbe3f0-6e66-4c5f-88d0-efab78b1cc8e/%D8%AF%D8%AE%D8%AA%D8%B1%D9%85%D9%87%D8%B1%D8%A8%D9%88%D9%86-%D8%AE%D8%AF%D8%A7%D9%85,unknown,-1
https://www.ninisite.com/user/b9006543-ee40-40ce-8dc9-151a6d8aba70/hydrogen,unknown,-1
https://www.ninisite.com/user/f7bf5d16-df64-4bbd-931e-03de0e761431/delaram%DB%B2%DB%B5,unknown,-1
https://www.ninisite.com/user/c94b9500-3f0f-47dc-9b2f-b6b51335c018/%D8%A7%D9%85%DB%8C%D8%AF%D9%85-%D8%AE%D8%AF%D8%A7%D8%B3,unknown,-1
https://www.ninisite.com/user/489aeb6e-ac1d-4957-9db3-5034f2b71cc2/banofatemh,unknown,-1
https://www.ninisite.com/user/f0e8cfc9-139b-4586-a5e5-b50314db9b16/0dayana0,unknown,-1
https://www.ninisite.com/user/df3b2c1f-bef8-417b-84b0-a6ff10cfb48f/%D8%A7%D8%B3%D9%86%D8%A7%D8%AC%D9%88%D9%86%DB%8C%DB%8C%DB%8C%DB%8C%DB%8C,unknown,-1
https://www.ninisite.com/user/8c5f3085-dca6-46a6-8a67-c33192b2df34/1360bahark,unknown,-1
https://www.ninisite.com/user/47541bf4-875a-4b90-92d4-087ed5b2d20e/%D9%BE%D8%B1%D9%86%D8%B3%D8%A7%D8%A7%D8%A7,unknown,-1
https://www.ninisite.com/user/aa3cf5c1-c4fb-4902-a45b-49a1dc69d344/setare0as,unknown,-1
https://www.ninisite.com/user/80048467-0bd8-4c4e-9f86-db041738257a/%D9%86%D9%88%D8%B1%D8%A7%D9%84%D8%AF%DB%8C%D9%86-%D8%AE%D8%A7%D9%86-%D8%B2%D8%A7%D8%AF%D9%87,unknown,-1
https://www.ninisite.com/user/42511a26-3a33-459d-9ed6-10ed0e0e2523/venoos1981,unknown,-1
https://www.ninisite.com/user/5dceaca3-b199-4493-a6ca-016b14f8289a/%D8%AF%D9%84%D9%81%DB%8C%D9%86%DA%A9%D9%88%DA%86%D9%88%D9%84%D9%88,unknown,-1
https://www.ninisite.com/user/70faafce-87e1-4373-b9d5-7f35c9d9f4ae/%D8%AA%D8%AE%D9%85%D9%87,unknown,-1
https://www.ninisite.com/user/32d25c38-3061-48ba-95d2-00ecf69cf647/%DA%AF%D9%88%D8%B4-%D9%85%D8%B1%D9%88%D8%A7%D8%B1%DB%8C%D8%AF,unknown,-1
https://www.ninisite.com/user/3632b93d-8827-49f6-b261-683cd777ad1e/%D8%B3%D9%88%D9%81%DB%8C%D8%A7%D9%84%D8%B1%D9%87,unknown,-1
https://www.ninisite.com/user/7176dff2-3bfa-4825-ae83-2b6e3dc95363/zohakhanoom,unknown,-1
https://www.ninisite.com/user/61af0dc1-4824-4ae4-8a75-2b706684c799/%D8%B4%DB%8C%D8%B1%DB%8C%D9%86%D8%B1%D8%A7%D8%AF,unknown,-1
https://www.ninisite.com/user/872daf1c-380d-4ead-9ccd-3daaa8dc87dc/%D8%AF%D9%86%DB%8C%D8%A7%DB%8C-%D8%B1%D9%86%DA%AF%D8%A7%D8%B1%D9%86%DA%AF,unknown,-1
https://www.ninisite.com/user/a499d9a5-3b6d-4c5e-ac41-e33f189968f6/%D9%85%DB%8C%D9%86%D8%A7%D8%A8%DB%8C%D8%A7%D8%AA-%D8%B2%D8%B1%D9%86%DA%AF,unknown,-1
https://www.ninisite.com/user/b94ad54b-ea55-4008-af74-7f80ddc411bb/%D9%85%D9%86%D8%AA%D8%B8%D8%B1%D8%B1%D8%B1%D9%86%DB%8C%D9%86%DB%8C,unknown,-1
https://www.ninisite.com/user/ce5f0209-1ea2-462e-8fdf-f8e238d95e28/%D8%B2%D8%BA%D8%A7%D9%84%D8%A7%D8%AE%D8%AA%D9%87,unknown,-1
https://www.ninisite.com/user/efb13a53-ebf9-4d10-bfb6-2af753229a78/mrs-sn,unknown,-1
https://www.ninisite.com/user/e2c84b9c-9ac9-44db-94be-55a5e22a4bcd/hadangol,unknown,-1
https://www.ninisite.com/user/3f844061-2d89-4367-bce1-a601c48881d5/%D9%85%D9%88%DA%86%D8%AA%D8%B1%DB%8C-%D8%B3%D8%A7%D8%A8%D9%82,unknown,-1
https://www.ninisite.com/user/fbcfb558-c98b-4ce2-86fc-0785ef252a1c/%D8%B4%DB%8C%D8%B7%D8%A7%D9%86-%D8%B1%D8%AC%DB%8C%D9%85,unknown,-1
https://www.ninisite.com/user/8fd978a7-d49f-47b0-80d5-9910f691fabb/%D9%88%D8%B5%D8%A7%D9%84%DB%B1%DB%B3%DB%B7%DB%B0,unknown,-1
https://www.ninisite.com/user/b98c01f5-9e67-4fdd-a1cc-280aebdeba5c/%D9%85%D9%86%D8%AA%D8%B8%D8%B1-%D9%86%DB%8C-%D9%86%DB%8C%DB%B1%DB%B3%DB%B7%DB%B8,unknown,-1
https://www.ninisite.com/user/812b0d49-e885-4214-99d5-ece7cc6b34b2/%D8%AF%D8%AE%DB%8C-%D8%A8%D8%AF%D8%A8%D8%AE%D8%AA,unknown,-1
https://www.ninisite.com/user/cd8d17b9-30d5-491b-b0e2-0fea9a538660/mohammadmzz,unknown,-1
https://www.ninisite.com/user/f173bcea-733f-42a5-829d-d8f26f5cd0a8/%D9%8A%D9%88%D8%B4%D8%A7%D9%86,unknown,-1
https://www.ninisite.com/user/c483caa8-3fea-44d2-8bb3-d5a3ff2763ae/%D8%A8%D8%B3%D8%AA%D9%86%DB%8C%D9%85,unknown,-1
https://www.ninisite.com/user/d43e3067-3967-4cf2-82df-a7226130d6e2/banoaho,unknown,-1
https://www.ninisite.com/user/785ed3f9-04e4-4e1a-bd28-be546859b8c7/%D8%B4%DB%8C%D8%B1%D8%AC%D9%86%DA%AF%D9%84,unknown,-1
https://www.ninisite.com/user/53dd3e6a-c857-4835-a5a1-3f53d80123b7/kaktos00,unknown,-1
https://www.ninisite.com/user/33dcff11-4e1e-4ffc-a54f-81430a90eaa6/%D9%85%D8%A7%D9%85%D8%A7%D9%86-%D8%AC%D9%88%D9%8625,unknown,-1
https://www.ninisite.com/user/b6bf05f5-ae7e-4196-817c-ebee93f86860/%D9%85%D9%87%D8%AA%D8%A7%D8%A81400,unknown,-1
https://www.ninisite.com/user/59456ad5-4bb3-4fd1-b734-795d582a00db/%D9%85%D8%B1%D8%B3%D8%AF%D9%87%DB%B2%DB%B0%DB%B2%DB%B1,unknown,-1
https://www.ninisite.com/user/2892af19-0b82-48c2-a74e-01bbd6874006/%D8%AC%D9%88%D8%A7%D9%87%D8%B1%DB%8C-%D8%AF%D8%B1-%D8%AE%D8%A7%D9%86%D9%87-%D8%B4%D9%88%D9%87%D8%B1,unknown,-1
https://www.ninisite.com/user/c0047a72-ba68-416a-8f53-a607f0866597/gisujon,unknown,-1
https://www.ninisite.com/user/2ef38f83-07ec-4e97-8c35-17bea9b2f847/%D8%AF%D8%A7%D8%A7%D8%B1%DA%86%DB%8C%D9%86,unknown,-1
https://www.ninisite.com/user/f321c7b4-8b20-4812-a1d0-d222be1a9659/rosalyn-128,unknown,-1
https://www.ninisite.com/user/037668dc-d67a-435c-85e2-9bc9ff30d3a3/faaatmh1375,unknown,-1
https://www.ninisite.com/user/16397ec1-fa35-4ee5-89e6-0c24bc6f1ce2/khodaya98uwqo29,unknown,-1
https://www.ninisite.com/user/3ec7aef0-f49c-4b93-830c-f3b0fac1ff85/%D8%AF%D9%86%DB%8C%D8%A7-%D9%87%D9%85%D8%B3%D8%B1%D9%85,unknown,-1
https://www.ninisite.com/user/2ff6f86d-4b46-4e61-96a8-8b5fb48b0edd/%D9%87%D9%84%D9%88%D8%A7%D9%93%D8%A8%D8%AF%D8%A7%D8%B1,unknown,-1
https://www.ninisite.com/user/faeab721-0c59-4bdb-8303-39f950b616b7/taab,unknown,-1
https://www.ninisite.com/user/8c2135dd-c018-4045-8e8e-2b1e9b8ae699/%D8%AB%D9%85%D8%B1-%D8%AE%D8%A7%D9%86%D9%85,unknown,-1
https://www.ninisite.com/user/3783b8b9-420a-419c-86e8-6d6f7e5974fb/%D8%B4%D8%A7%D9%84%DB%8C1396,unknown,-1
https://www.ninisite.com/user/f3f66fbe-949c-4993-a4dc-e3feac07b886/n30%D8%B2%D9%86afshin,unknown,-1
https://www.ninisite.com/user/d35b5275-d11d-4ed4-a2a2-04ab00edd2a0/00fafa00,unknown,-1
https://www.ninisite.com/user/0b0ce64e-cd1e-4671-a7c2-e674f7b899c1/finiks67,unknown,-1
https://www.ninisite.com/user/14e55f56-606f-407e-be79-2f34e2aeb58f/iam-mahooriw2,unknown,-1
https://www.ninisite.com/user/df38313a-5c3e-46af-bb50-44cfcc032a7b/alpha2000,unknown,-1
https://www.ninisite.com/user/3c423241-88fe-4e5f-9222-3096bfa393e8/%D8%B9%D8%B4%D9%82%D9%82%D9%82%D9%82%D9%82%D9%82,unknown,-1
https://www.ninisite.com/user/c7280a8a-9cb3-4122-a606-bce8d0ac65e0/hana7171,unknown,-1
https://www.ninisite.com/user/41694042-8d2a-4160-a772-c0a49979e527/parisa210,unknown,-1
https://www.ninisite.com/user/f876dd6b-5242-40a8-a1a7-9a77ff3bc27a/darshorofkarmandi,unknown,-1
https://www.ninisite.com/user/03bce2be-c438-419c-aee7-808c96f64def/soda1996,unknown,-1
https://www.ninisite.com/user/38c3917c-3e06-47b9-868d-817e33f55a49/parisa1380,unknown,-1
https://www.ninisite.com/user/4bd6501b-d8d3-43fd-ad17-54930050e36b/porufen,unknown,-1
https://www.ninisite.com/user/ab67f602-6e02-40ff-b326-1ac68a8d8419/farshth,unknown,-1
https://www.ninisite.com/user/6c5f38b5-45c2-48a8-9e7c-c4920beac2a6/yas1400,unknown,-1
https://www.ninisite.com/user/1191bc72-753e-4f25-8dff-c7e97a5afc0f/soheilajoon,unknown,-1
https://www.ninisite.com/user/cb4cd949-65d4-4d12-b944-ef9129c37f92/%D8%AE%D8%AF%D8%A7%D8%A7%D8%A7%D8%A7%D8%A7%D8%A7%D8%A7%D8%A7%D8%A7%D8%A7%DB%B8%DB%B1,unknown,-1
https://www.ninisite.com/user/05efca12-51e5-43a7-83c6-2ee33f7c95d5/rita-ana,unknown,-1
https://www.ninisite.com/user/37696b53-7019-494c-bb78-8495b02d160a/teahyung,unknown,-1
https://www.ninisite.com/user/f85509e3-441d-4af2-bb29-74707437fe25/mamankoholo,unknown,-1
https://www.ninisite.com/user/1143dba8-4c07-4847-83ab-cbfd18c26fbf/%D8%B4%D8%A7%D9%93%D9%86,unknown,-1
https://www.ninisite.com/user/cf87aa03-5993-411e-90b5-a43f3cca0c84/nazzgolllll,unknown,-1
https://www.ninisite.com/user/6999aadb-5b21-43c8-80bb-013704ef7dac/%D8%A7%D8%B3%D8%AA%D8%AE%D8%B1,unknown,-1
https://www.ninisite.com/user/a2ca1b8b-b3e7-46e8-9fd5-226f063b9835/nazli-jooon,unknown,-1
https://www.ninisite.com/user/b66fefb7-c7bc-4e38-9714-e2914cbb4c22/hhhfffzzz,unknown,-1
https://www.ninisite.com/user/a2e38dc8-fd8e-42d8-a584-9ceabddb05d4/%D9%86%D8%A7%D8%B2%D9%86%DB%8C%D9%86%DB%B0%DB%B0%DB%B3,unknown,-1
https://www.ninisite.com/user/98423c22-41a5-43d3-829c-1cbbc583d9f2/%DA%AF%D9%88%D8%A7%D8%B1%D8%A7,unknown,-1
https://www.ninisite.com/user/df4efe95-fd94-4a96-a8d1-93b60c5cf313/bandeyeh-khoda%D9%A9%D9%A9,unknown,-1
https://www.ninisite.com/user/574d4606-f7d5-4920-8fcd-93b8ab743307/mam%D8%AE%D9%88%D8%B4%DA%A9%D9%84%D9%87,unknown,-1
https://www.ninisite.com/user/8adcdc17-460c-4138-9967-baaca53d26f2/simgoli,unknown,-1
https://www.ninisite.com/user/ecd1f408-fc22-4269-937c-20e42ad39284/%D9%86%D8%A7%D8%B2%DB%8C-%D9%85%D9%87%D8%B1%D8%A8%D9%88%D9%86,unknown,-1
https://www.ninisite.com/user/ddcf8021-cfed-4c47-99c9-2d2df48d3c4d/n-%D8%A7%D8%AD%D8%B3%D8%A7%D8%B3%DB%8C-n,unknown,-1
https://www.ninisite.com/user/734d2f9d-cfd2-4ec5-a4ed-0a76c1c404b0/%D8%A7%D9%93%D8%B1%D9%85%D8%AA%DB%8C%D8%B3,unknown,-1
https://www.ninisite.com/user/c2934338-00af-42e9-99c0-d1cd14d474be/%D8%A7%D9%84%DB%8C%DB%B6%DB%B5,unknown,-1
https://www.ninisite.com/user/82195b0c-a461-43fd-ac0b-a94b49eedb1c/phatma,unknown,-1
https://www.ninisite.com/user/ac1e1310-b4a0-4012-8c27-dd1b533f3780/6875ahooooooo,unknown,-1
https://www.ninisite.com/user/fa7f173b-2b22-4c96-850a-42ef0c6fa980/%D8%AE%D9%88%D8%B1%D8%B4%DB%8C%D8%AF9055,unknown,-1
https://www.ninisite.com/user/d29d95cc-e0f3-4218-8c01-2c1ff527c955/%D9%85%D9%84%D9%88%D8%B3%DA%A9%D9%85-%D9%86%D8%A7%D9%86%D8%A7%D8%B2,unknown,-1
https://www.ninisite.com/user/0b5db82a-3ff0-419e-ac94-c8799af98c08/donya-ghamgin,unknown,-1
https://www.ninisite.com/user/d7010238-ac91-4440-801b-655791b7f5ca/%D8%AE%D8%B1%D8%B3%DA%AF%D9%86%D8%AF%D9%87,unknown,-1
https://www.ninisite.com/user/8e1d3fe9-0b9d-4431-a673-5b27886af03e/rastaaaaa,unknown,-1
https://www.ninisite.com/user/647abd72-583c-4192-882a-493d77ab29ec/%D9%BE%D8%A7%D8%B3%D8%AA%DB%8C%D9%84-%D8%AC%D9%88%D9%86%DB%8C,unknown,-1
https://www.ninisite.com/user/262744b3-61e5-4738-a17e-697ab52a5a6d/%D9%86%D9%85%DA%A9-%DB%8C%D8%AF%D8%AF%D8%A7%D8%B1,unknown,-1
https://www.ninisite.com/user/4e99817b-3375-45b0-a163-a39934a779a4/%D9%85%D9%88%D8%B7%D9%84%D8%A7%DB%8C%DB%8C52,unknown,-1
https://www.ninisite.com/user/63b24b26-7171-4444-b7d3-9560451c5f73/%D8%AF%D8%AE%D8%AA%D8%B1%D8%AA%D8%A7%D8%AC%DB%8C,unknown,-1
https://www.ninisite.com/user/294bf81c-0872-4250-8253-bdf478abab55/%D9%84%D9%88%D8%A8%DB%8C%D8%A7%D9%BE%D9%84%D9%88%D8%A8%D8%A7%D8%AA%D8%B1%D8%B4%DB%8C,unknown,-1
https://www.ninisite.com/user/381b48ad-1f43-434e-96d0-80c5e364e530/%D8%A7%D8%B3%D8%A8-%D8%AA%DA%A9-%D8%B4%D8%A7%D8%AE,unknown,-1
https://www.ninisite.com/user/4be5cba2-a153-4ba4-b903-1cd9037934c6/pariya-matik,unknown,-1
https://www.ninisite.com/user/e7fa12e6-9216-417a-8a81-acf295341f06/%DA%AF%D8%A7%D9%85%D8%A8%D9%88%D9%84%D8%A7,unknown,-1
https://www.ninisite.com/user/599387e0-6df0-4f82-a875-414fb6c2a957/fatiii-rahaaa,unknown,-1
https://www.ninisite.com/user/59c0bc16-cd68-4013-8ca3-5965f5d4d200/%D8%AF%D9%84%D8%A7%D8%B1%D8%A7%D9%85-delaram,unknown,-1
https://www.ninisite.com/user/c67e4fdb-a8bb-4924-9e73-4a7072905675/%D9%85%D9%85%D9%85%D9%85%D8%B5%D8%B5%D8%B5%D8%B5,unknown,-1
https://www.ninisite.com/user/97679f66-f1a3-43a0-8b62-3059ad8d056e/%D8%B4%DB%8C%D8%B1%D8%B9%D8%B3%D9%84%DB%8C-%D9%86%D8%A7%D9%86%D8%A7%D8%B2,unknown,-1
https://www.ninisite.com/user/b4eeb2b6-7f89-4093-b569-56d084d44eff/mohana77,unknown,-1
https://www.ninisite.com/user/7022b352-54a0-4cee-9d45-938cf977741f/%D9%84%DB%8C%D9%86%D8%A7-%D8%AC%D9%88%D9%86,unknown,-1
https://www.ninisite.com/user/6be69fc1-6be5-4e89-971d-976108b55b35/%D9%85%D9%88%D8%B2%D9%87,unknown,-1
https://www.ninisite.com/user/e73e3a58-845a-461f-8220-b916ccbbbad6/%D8%A7%D9%93%D9%84%D8%A8%D8%A7%D9%84%D9%8878llll,unknown,-1
https://www.ninisite.com/user/f49a13c5-16d1-46d5-aec9-b4359c02ac26/%DA%AF%DB%8C%D9%84%D8%A7%D8%B3-%D9%85%D9%87%D8%B1%D8%A8%D9%88%D9%86,unknown,-1
https://www.ninisite.com/user/f0d38afa-3c8a-4360-92cd-382e57742d4b/maman-leyla,unknown,-1
https://www.ninisite.com/user/be99fc94-7290-4839-956a-452df8709194/heliabanoo76,unknown,-1
https://www.ninisite.com/user/d15b7f9c-cfba-416b-ae4e-e1bc86289d04/%D9%85%DA%98%DA%AF-%D8%A7%D9%88%D9%84,unknown,-1
https://www.ninisite.com/user/7b03a47f-bdb7-447f-9e95-2269e3afd47c/sara19900,unknown,-1
https://www.ninisite.com/user/71e32420-d841-4a2e-8e3a-bb3b2202e18b/%D8%A7%D8%B1%D8%B2%D9%88%D8%AC%D8%A7%D9%86,unknown,-1
https://www.ninisite.com/user/821f7f9d-cbe3-4be7-96ce-e7e65e7a5664/star-3,unknown,-1
https://www.ninisite.com/user/5ae68e82-9f5f-4840-a9fe-a069bbddc576/%D8%A7%D8%B3%D8%B1%D8%A7%DA%AF%D9%84%DB%8C%DB%B1%DB%B2%DB%B3,unknown,-1
https://www.ninisite.com/user/ac1dc568-b50e-45e9-9367-cd014c847807/shima21829,unknown,-1
https://www.ninisite.com/user/e72363a0-c192-4238-aa84-5142359ef9c2/roya1001,unknown,-1
https://www.ninisite.com/user/3f513f5d-c2d9-4d30-9c11-f82cd68aadb8/maryamam72,unknown,-1
https://www.ninisite.com/user/98001bfa-59f6-4d2b-91ba-6592fa6d0c37/%D9%87%D9%85%D8%B3%D8%B1%D9%85%DB%B6%DB%B7,unknown,-1
https://www.ninisite.com/user/6f1336c6-1470-40b8-ac5c-91a3d8fd4df8/%DB%B1%DB%B3%DB%B5%DB%B7%DB%B9%DB%B1%DB%B3,unknown,-1
https://www.ninisite.com/user/22eee3dc-769e-481c-856d-20b4c6e2042e/%DA%A9%D8%B1%D8%A7%D9%86%DA%86%DB%8C%D9%81%D9%84%D9%81%D9%84%DB%8C,unknown,-1
https://www.ninisite.com/user/477b16bd-76ad-4ba9-9e82-7236d6b0eebd/sahar-hastam,unknown,-1
https://www.ninisite.com/user/a82866a1-38ad-4384-a412-5d113de1b411/%D9%82%D8%B1%D8%B5-%D8%A7%D8%B9%D8%B5%D8%A7%D8%A8,unknown,-1
https://www.ninisite.com/user/385f5e7b-8014-4b0b-ba27-4994dbdbea2c/fateme1398414,unknown,-1
https://www.ninisite.com/user/782e5392-c0a0-447a-813f-efa736cd33a2/%D8%A8%D9%87%D8%A7%D8%A7%D8%A7%D8%B1%D9%86%D8%A7%D8%B1%D9%86%D8%AC,unknown,-1
https://www.ninisite.com/user/300e4e68-bc60-4c5c-b66d-9a655b021233/ziba1380,unknown,-1
https://www.ninisite.com/user/100bcca9-7307-4f87-98eb-cabeeef78197/sign-of-the-times,unknown,-1
https://www.ninisite.com/user/54db57ed-805b-4562-92e4-9431e0e89b4b/fatrima,unknown,-1
https://www.ninisite.com/user/e34321fe-aef8-4653-bdb2-e89ad9f3f09f/%D8%AA%D8%A7%D8%B1%D8%A7-%D9%87%D8%B3%D8%AA%D9%85,unknown,-1
https://www.ninisite.com/user/7e957e2c-4e5a-4a87-84d3-eb414e3a5825/%D8%B7%D9%84%D8%A7%DB%B6%DB%B0,unknown,-1
https://www.ninisite.com/user/dafd287a-df29-4bed-94a3-920cbf7671a1/mahershafeee,unknown,-1
https://www.ninisite.com/user/ddad9622-9a4e-4ed6-9062-78a4e6e7cdd3/%D8%AA%D9%84%DB%8C%DB%8C%D8%B3%DB%8C%D8%AD%D9%86%D8%AF%D8%B1%DA%A9%D8%B1%D8%B1,unknown,-1
https://www.ninisite.com/user/1d467e40-a15d-4b9a-9b4c-698edb6d27a5/%D9%86%D9%81%D8%B3%D9%85%DB%B6%DB%B4,unknown,-1
https://www.ninisite.com/user/21067a49-9304-487f-a45b-b699e0d59f38/%DB%8C%D9%87-%D8%A7%D9%93%D8%AF%D9%85-%D8%AE%D8%B3%D8%AA%D9%87,unknown,-1
https://www.ninisite.com/user/a79a2840-bacc-4353-8a04-ca2b543f5685/shawty,unknown,-1
https://www.ninisite.com/user/ea2961bb-d0e5-49dc-9f39-f962fc32370b/%D8%A7%DB%8C%D9%88%D8%A7%D9%86%D8%B3,unknown,-1
https://www.ninisite.com/user/74e1bd69-5e0d-4b31-92be-42c9ef36c516/soayye,unknown,-1
https://www.ninisite.com/user/ffdef4c7-b554-4a39-9a7e-a0591aa46b75/mahdi1397,unknown,-1
https://www.ninisite.com/user/ce979319-3b8f-4026-b0dd-72cdb3729160/mbiwz,unknown,-1
https://www.ninisite.com/user/f88b521c-3ec2-4b71-988c-071f27b7a424/00%D8%AA%D8%A7%D9%81%DB%8C00,unknown,-1
https://www.ninisite.com/user/4730ae9b-31d4-4f9c-91a0-4fc8b857f557/mmahdiyar,unknown,-1
https://www.ninisite.com/user/0b43f2e6-790f-486e-bfeb-df8444e3ae71/fatemeh7472,unknown,-1
https://www.ninisite.com/user/0a7efc80-0b9b-408a-90cb-71c1bcf2c917/%D8%A7%D9%93%D9%88%D8%A7-%D9%87%D9%84%DB%8C%D8%A7,unknown,-1
https://www.ninisite.com/user/c47b1e34-4d67-4a46-a589-4aebe2990ac7/%D8%B9%D8%B4%D9%82%D8%AC%D8%A7%D9%86,unknown,-1
https://www.ninisite.com/user/0a394bce-a5bb-40e6-be60-2fb4b482c1d0/kamand,unknown,-1
https://www.ninisite.com/user/95f9150a-db9f-4561-9d01-99b5422e058e/paricher,unknown,-1
https://www.ninisite.com/user/6a5b4237-9637-4e3c-ae56-fd4733cb07cf/cacttus,unknown,-1
https://www.ninisite.com/user/b0fbfdf3-b896-4bab-8c57-da32646e67ff/city-of-star,unknown,-1
https://www.ninisite.com/user/590e38da-667f-4342-9d7a-e610c7c959cb/missdehghan,unknown,-1
https://www.ninisite.com/user/22a7f2fd-5406-4a3e-9b22-6cb5f870a549/naro-somaye,unknown,-1
https://www.ninisite.com/user/b41736d4-1f25-4e79-88e7-e084a1fb5e57/%D9%85%D8%A7%D9%85%D8%A7%D9%86-%D8%B3%D8%A7%D9%85%DB%8C%D8%A7%D8%B1151,unknown,-1
https://www.ninisite.com/user/6fd3a2da-09d1-4131-95ef-54b76744f0a8/%D8%B3%D9%88%D8%B2%D9%86%D8%B7%D9%84%D8%A7,unknown,-1
https://www.ninisite.com/user/34baa387-f5a2-4211-b7a9-cdd7e944dd60/atoosa-hakhamaneshi,unknown,-1
https://www.ninisite.com/user/63f59d1c-a9f9-4407-9b53-dbda01b2ace5/%D9%85%D9%87%D8%AA%D8%A7%D8%A8%DB%B1%DB%B8%DB%B1%DB%B3,unknown,-1
https://www.ninisite.com/user/0988d90a-8414-43ed-9836-a322efbb99f7/%D8%AA%D9%88%D8%AA-%D9%81%D8%B1%D9%86%DA%AF%DB%8C-%D8%A7%D9%93%D8%B1%D8%A7%D9%85,unknown,-1
https://www.ninisite.com/user/82200f04-5598-484f-bc92-6b2b5882be66/%D9%81%D8%B1%D8%A7%D9%86%D9%88%D8%B4%DB%8C%D8%A7%D9%86,unknown,-1
https://www.ninisite.com/user/f7208ba3-3565-4294-838c-a43517a51ed7/nelinnn,unknown,-1
https://www.ninisite.com/user/e98fa0d9-62f0-401b-93a7-5401cf974e10/anaael,unknown,-1
https://www.ninisite.com/user/92d30382-ca1e-4339-9e03-695341f1a747/maryamiiii2,unknown,-1
https://www.ninisite.com/user/a2ea66bb-b30e-4367-a626-7d528a3fa2d8/my-name-is-karin,unknown,-1
https://www.ninisite.com/user/e5eea26a-0221-4a17-832d-a3c50afaf996/marriae,unknown,-1
https://www.ninisite.com/user/af43e62a-e773-4f0e-acd5-a70fd12a45da/elnaz-700,unknown,-1
https://www.ninisite.com/user/9ca6008a-ec47-4a13-a1a9-f5e94d7b2859/%D8%A7%D9%86%D9%88%D8%B1%DA%AF%D9%88%D8%AF%DB%8C%D9%88%D9%88%D9%81,unknown,-1
https://www.ninisite.com/user/3e10d641-2fd8-43eb-b618-5ffed5545d88/%D8%B4%D9%87%D8%A7%D8%AF%D8%AA%DB%8C%D9%86,unknown,-1
https://www.ninisite.com/user/7b780a29-1a34-4a8c-b559-078e535e0436/zszszszs,unknown,-1
https://www.ninisite.com/user/450e070a-3d71-4522-9186-1ee0a20017d2/%D9%85%D8%B9%D9%84%D9%82%D8%AF%D8%B1%D9%87%D9%88%D8%A7,unknown,-1
https://www.ninisite.com/user/a9bc9f39-2906-4b05-82cd-b42d614d64ef/00atiiii,unknown,-1
https://www.ninisite.com/user/2bd4d514-b021-4f91-8821-de0c2dbf3129/%DA%A9%DB%8C%DA%A9%DB%8C%D8%AE%DA%86%D8%A7%D9%84%DB%8C,unknown,-1
https://www.ninisite.com/user/fc5af5ee-fe74-4b1f-b92b-3c14ae70cfa2/%D9%86%D8%A7%DA%86%D8%A7%D8%B1%D8%B4%D8%AF%D9%85,unknown,-1
https://www.ninisite.com/user/b8f41bde-a566-493a-a718-2a5abe665d2b/ildaaaaa,unknown,-1
https://www.ninisite.com/user/0493c03c-4fb3-45c0-b499-674951f0b2d4/%D8%B3%D9%84%D9%88%D9%84-%DA%AF%D8%A7%D9%84%D9%88%D8%A7%D9%86%DB%8C,unknown,-1
https://www.ninisite.com/user/97feb7e7-f1f0-4eda-be65-f4ecd6fdc35a/%D8%AF%D8%AE%D8%AA%D8%B1%D9%85%D8%AC%D9%84%D9%84,unknown,-1
https://www.ninisite.com/user/664f8202-8e34-4798-9051-475252331bd8/sa523k,unknown,-1
https://www.ninisite.com/user/1838506d-061a-434d-b1bb-4d4b9bd8f070/%D8%B1%D9%88%DB%8C%D8%A71366,unknown,-1
https://www.ninisite.com/user/d0882e05-05ff-4325-9d5e-8c426fc396d6/barana231,unknown,-1
https://www.ninisite.com/user/95a12acb-c54e-498b-82c3-4ec251af0d4f/%D9%85%D8%A7%D9%86%D9%84%DB%8C%D8%A7manelia,unknown,-1
https://www.ninisite.com/user/30b125f5-8737-45b7-876c-27492b132069/%DA%A9%D8%A7%D8%B1%D8%A8%D8%B1%D9%87%D8%B4%D8%AA%D9%85%D9%87%D8%B3%D8%AA%D9%85,unknown,-1
https://www.ninisite.com/user/94850e5a-679d-4d89-a6ed-73701cccdf90/%D8%B9%DA%A9%D9%88%D8%B1%DB%8C-%D9%BE%DA%A9%D9%88%D8%B1%DB%8C,unknown,-1
https://www.ninisite.com/user/82d9b371-50fc-49b4-aa8d-542d0e5819c1/dreamseeker,unknown,-1
https://www.ninisite.com/user/18b1eb31-ba87-4681-b0ea-cdf3548a3d5f/%D8%B1%D8%B2%D8%B5%D9%88%D8%B1%D8%AA%DB%8C%DB%B6%DB%B7,unknown,-1
https://www.ninisite.com/user/13f0b2b7-a1f1-4617-9174-99bca7b18235/%D8%A7%DB%8C%D9%86%D9%85-%D9%85%DB%8C%DA%AF%D8%B0%D8%B1%D9%87,unknown,-1
https://www.ninisite.com/user/a013e120-b8bd-463f-acc3-c801e89e3631/bahar1999esma,unknown,-1
https://www.ninisite.com/user/77bdf600-3a85-4af1-b2fc-f19487075657/shei13da82,unknown,-1
https://www.ninisite.com/user/9ef183b1-4af8-4d07-90be-0f8fc55923cd/%D9%88%D8%AD%D8%B4%DB%8C%D8%A7%D9%85%D8%A7%D8%B2%DB%8C%D8%A8%D8%A7,unknown,-1
https://www.ninisite.com/user/7f87fb14-ea47-4124-a985-34c5db8dad9f/%D9%86%DB%8C%DA%A9%DA%86%DB%8C,unknown,-1
https://www.ninisite.com/user/41afaebc-d858-40cf-97cf-689bc06e2eef/%D8%AA%D9%88%D8%B1%D8%A7%DA%A9%DB%8C%D9%86%D8%A7,unknown,-1
https://www.ninisite.com/user/a03db11e-f890-4591-81a6-4f7fc7a09e59/%D9%BE%DB%8C%D8%AA%D8%B2%D8%A7-%D8%B3%D8%B1%D8%AF%DB%B2,unknown,-1
https://www.ninisite.com/user/afb53c45-b4a6-4265-b8ef-d356a58014b2/%DB%8C%D8%B1%D8%AF%D9%86%D8%B3%DA%A9%D8%A7%DB%B6,unknown,-1
https://www.ninisite.com/user/1e33a30f-3449-4531-a0cb-5ae3e592646c/%D8%AC%D9%88%D8%AF%DB%8C-%D9%84%D9%86%DA%AF-%D8%AF%D8%B1%D8%A7%D8%B2,unknown,-1
https://www.ninisite.com/user/b116b9eb-b119-4c3c-b28f-9cb1fb162317/victory28127,unknown,-1
https://www.ninisite.com/user/bc427c39-0f5c-4792-a37d-f820402b1589/%DA%A9%DB%8C%DA%A9-%D8%B4%DA%A9%D9%84%D8%A7%D8%AA%DB%8C%DB%B1,unknown,-1
https://www.ninisite.com/user/4f1f93e1-d7e3-4b82-9db1-fd8ae2a39643/naninazi,unknown,-1
https://www.ninisite.com/user/aea34944-0fe7-415b-a9ba-5d13400ed414/%D8%AF%D8%AE%D8%AA%D8%B1%D9%BE%D8%A7%DB%8C%DB%8C%D8%B2%DB%B7%DB%B6%DB%B2%DB%B4,unknown,-1
https://www.ninisite.com/user/988e55e1-6706-4046-84d4-1f7e44789f1c/%D8%B4%DB%8C%D8%B1%DB%8C%D9%861%D8%AE%D8%A7%D8%AA%D9%88%D9%86,unknown,-1
https://www.ninisite.com/user/23f4730e-6b77-4fb3-b977-3d098fc5a927/m1373mm,unknown,-1
https://www.ninisite.com/user/33922b57-aedb-46fc-875a-19a8cbe04673/%D9%BE%D8%B1%DB%8C%D9%86%D8%A7%D8%B2%DB%B6%DB%B1%DB%B2%DB%B1,unknown,-1
https://www.ninisite.com/user/447954ca-7fbe-4fea-a9a1-cd1bed1c26b2/%DB%8C%D9%87-%D8%B9%D9%82%D8%A7%D8%A8-%D8%AA%D9%86%D9%87%D8%A7-%D9%86%DB%8C%D8%B3%D8%AA,unknown,-1
https://www.ninisite.com/user/b9ea59e5-e00a-49dc-b06b-db26fc8a80f3/%D8%A7%D8%B9%D8%B8%D9%85-%D8%B7%D9%84%D8%A7,unknown,-1
https://www.ninisite.com/user/2eb9ee88-6e89-4975-9c05-75d9353e8c42/66farrzad,unknown,-1
https://www.ninisite.com/user/a9f5544c-dad2-444f-85d1-bb964a732b98/chawa,unknown,-1
https://www.ninisite.com/user/13b3516c-2f2b-4a50-a567-ecf3744654d2/delavan,unknown,-1
https://www.ninisite.com/user/2fbdaac7-302d-4f69-ae11-a53655115498/2025hana,unknown,-1
https://www.ninisite.com/user/2bd79d66-80d6-4ef3-a1cb-e2df1f3ebc33/1402mahson,unknown,-1
https://www.ninisite.com/user/9575ed14-af9b-4ac7-b954-070b3c110434/%D8%B1%DB%8C%D8%AD%D8%A7%D9%86%DA%A9%D9%85,unknown,-1
https://www.ninisite.com/user/030105a0-c511-4086-bbcc-f518f522aca6/%D9%BE%D8%B1%DB%8C-%D8%B4%DB%8C%D9%86,unknown,-1
https://www.ninisite.com/user/2e05c520-0c0d-4c6d-a3d6-30fe31127b66/%D9%85%D9%86-%D8%A7%D9%93%D8%A8%DB%8C-%D8%B9%D9%85,unknown,-1
https://www.ninisite.com/user/904de293-141a-4aa0-b780-ae7dae1a6985/khk1384,unknown,-1
https://www.ninisite.com/user/ec8d1230-979f-447d-938c-c4a759f766de/%D9%BE%D8%B1%DB%8C%D8%A7%DB%B1%DB%B3%DB%B0%DB%B0,unknown,-1
https://www.ninisite.com/user/161ce67a-6f9d-4dea-b04d-a9c6d4fe6adc/sadaf67765,unknown,-1
https://www.ninisite.com/user/f9b3b2da-0dd7-4b52-bbbc-3bfe3f279dec/%D9%87%D9%85%DB%8C%D9%86-%D8%A8%D9%88%D8%AF-%D8%B2%D9%86%D8%AF%DA%AF%DB%8C,unknown,-1
https://www.ninisite.com/user/453dcf61-3f06-4644-bf9b-b67ca0ef269f/handemiyy,unknown,-1
https://www.ninisite.com/user/959989bb-ca30-4634-9d72-e2c2cfdf2f81/%D8%B2%D9%86%D8%AF%DA%AF%DB%8C-%D8%AE%DB%8C%DB%8C%D9%84%DB%8C-%D9%82%D8%B4%D9%86%DA%AF%D9%87,unknown,-1
https://www.ninisite.com/user/ee7ced1f-fa36-4660-87ba-fabbcb63382c/%D8%B4%D8%AC%D8%A7%D8%B9%D9%85,unknown,-1
https://www.ninisite.com/user/4355d3af-5347-4f64-8c1e-da852ea81f4a/%D9%85%D8%B1%DB%8C78,unknown,-1
https://www.ninisite.com/user/15cc8285-3a4b-4535-be61-cced624abea1/astiiii,unknown,-1
https://www.ninisite.com/user/0f1e53d8-f873-4c66-913c-81111f6881dd/%D8%A7%D9%93%DB%8C%D8%B3%D9%BE%DA%A9,unknown,-1
https://www.ninisite.com/user/ff7cb9dd-8df3-4238-a84b-ef073778c96b/%DA%A9%D8%A7%D8%B1%D8%AF%DB%8C%D9%86%D8%A7%D9%8484,unknown,-1
https://www.ninisite.com/user/c0bb4668-e8a1-406b-a236-e604045dfd5e/%D9%BE%D8%B1%D9%86%D8%B3%D8%B3-raha1,unknown,-1
https://www.ninisite.com/user/dab3dd32-8813-4212-8adb-19ec872e167f/%D8%A8%D8%A7%D8%BA%D8%A8%DB%8C%D8%B4%D9%87,unknown,-1
https://www.ninisite.com/user/68a2e2ea-7b20-41a6-afc2-d00b092226e1/pocoyo1,unknown,-1
https://www.ninisite.com/user/d6c09f21-e311-4026-93c3-2716aaeb2857/%D9%81%D8%A7%D9%85%DB%8C%D9%85%D8%A7,unknown,-1
https://www.ninisite.com/user/e0db979b-fd19-4e27-b5a8-0bed31c429b0/%DA%A9%D9%88%D9%87%D8%B3%D8%AA%D8%A7%D9%86-98,unknown,-1
https://www.ninisite.com/user/fd706132-83e1-49b7-be55-f7e05bee6d15/shadyii,unknown,-1
https://www.ninisite.com/user/7331c3c3-8a68-42f7-ad4a-b41ecc61adfa/%DB%B7%DB%B5%DB%B6%DB%B9%DB%B9%DB%B6,unknown,-1
https://www.ninisite.com/user/f09257ee-cbc2-4601-b1bd-afb84dd85c83/%D8%AD%D8%B3%D8%A7%D9%85-%DA%A9%D9%88%DA%86%D9%88%D9%84%D9%88-%DB%B9%DB%B7,unknown,-1
https://www.ninisite.com/user/aa6729d8-30de-4d82-b82e-08ab02aaa9d4/%D8%AC%D8%A7%D8%AF%D9%88%DA%AF%D8%B1-%D8%B3%D9%81%DB%8C%D8%AF,unknown,-1
https://www.ninisite.com/user/cee734cb-6ee3-40c5-9c0e-c5d448673ff1/amirmohammad74247424,unknown,-1
https://www.ninisite.com/user/07a41529-4c08-4abb-b4c4-741a486ca356/%D9%86%D8%B3%DB%8C%D9%851371,unknown,-1
https://www.ninisite.com/user/b5120181-a365-4e92-a34b-ea26d1a33d9f/morvared,unknown,-1
https://www.ninisite.com/user/6aaa8b7e-fe81-4dd4-abe0-cefd5f8d8b47/74roya,unknown,-1
https://www.ninisite.com/user/bd9d08d2-52fc-4704-b0b0-b2abaf63c799/parizo,unknown,-1
https://www.ninisite.com/user/ab6d0d4e-66f0-4a39-ad2f-70073a5e8774/jadebarfi,unknown,-1
https://www.ninisite.com/user/0c40f658-5a25-4bdc-9df1-76fc34878e40/honyhozhin,unknown,-1
https://www.ninisite.com/user/b46e42a1-2747-42f8-a545-403c4423d9a6/7265nazi,unknown,-1
https://www.ninisite.com/user/0a5268b4-866f-4d74-8b31-e4318ad69e2f/helia1383,unknown,-1
https://www.ninisite.com/user/ec1106a9-eb1b-45c1-910f-00eda8a999fe/%D9%85%DB%8C%D9%86%D8%A7%DB%B3%DB%B9%DB%B8%DB%B9,unknown,-1
https://www.ninisite.com/user/bbc8374b-10d8-4726-be62-4c70179666a5/sabamoshkat,unknown,-1
https://www.ninisite.com/user/846bcdd0-066f-4757-8c89-56dde76720a5/%D8%A8%D9%87%D8%A7%D8%B1%D9%87%D9%87%D9%87%D9%87%D9%87%D9%87%D9%87,unknown,-1
https://www.ninisite.com/user/d770d8b8-44da-48ba-a2dd-17ce4dbb7ef6/%D9%85%D8%A7%D9%85%D8%A7%D9%86-13,unknown,-1
https://www.ninisite.com/user/430947d9-396c-4eb6-b6c6-03c723bb91e6/blubry,unknown,-1
https://www.ninisite.com/user/070eae33-1ce4-435f-9474-dd81164465c9/%D8%B4%D8%A7%D9%BE%D8%B1%D8%B1%D8%B1%D8%B1%D8%B1%D8%B1%D8%B1%DA%A9,unknown,-1
https://www.ninisite.com/user/58bed5f8-cff2-4f4c-ba28-f28573954dd3/%D8%A7%D9%93%D8%B3%D9%86%D8%A7,unknown,-1
https://www.ninisite.com/user/75118d7b-b1b4-45d1-a46f-8f1ad81a9917/%D8%A7%D9%93%DB%8C%D9%84%DB%8C%D9%8614001379,unknown,-1
https://www.ninisite.com/user/69f03c3a-5241-4a02-af8d-1990bc4d2b4c/%D9%85%D8%A7%D9%85%D8%A7%D9%862%D9%BE%D8%B3%D8%B1%DA%AF%D9%84,unknown,-1
https://www.ninisite.com/user/198029db-7d23-4f14-abfa-f11b3197e1e5/fatisannmajd,unknown,-1
https://www.ninisite.com/user/68acce80-b71a-4b41-84bc-3001fffbe71f/fateme-banoo,unknown,-1
https://www.ninisite.com/user/afee5261-b461-4e79-948e-6fd175ef3894/liananill,unknown,-1
https://www.ninisite.com/user/8e1558cd-b219-46c8-9b1d-837fe2e2bbb0/army-cute,unknown,-1
https://www.ninisite.com/user/a8142e35-a4c3-4c72-b45c-14d84b0b75cc/%D9%84%D9%88%D8%A7%D8%B4%DA%A9%D8%A7%D9%93%D9%84%D8%A8%D8%A7%D9%84%D9%88,unknown,-1
https://www.ninisite.com/user/fd9b5358-fa71-4b40-8c6e-9dc556daf5a2/monaz341,unknown,-1
https://www.ninisite.com/user/7267a39c-51c0-4e11-8a88-bf6e21304425/%D9%85%D8%B1%DB%8C%D8%AF%D8%A7-%DB%B8%DB%B1,unknown,-1
https://www.ninisite.com/user/9136cb47-b523-4a95-b5ed-0f5aa5508b41/mamane3tashoon,unknown,-1
https://www.ninisite.com/user/36bd8160-d324-4b1b-976b-a41a541a3b8a/%D9%86%D8%A7%D8%B2%D9%86%D8%A7%D8%B2%D8%AE%D8%A7%D9%86%D9%85-%D9%85%D9%86%D9%85,unknown,-1
https://www.ninisite.com/user/a9e88c7a-e936-429b-bf8a-45412187af13/belfi6111,unknown,-1
https://www.ninisite.com/user/68d01161-d4ab-4c73-a23c-409fe1f0ad43/talakhanom2,unknown,-1
https://www.ninisite.com/user/9217fd4c-7c1d-42c8-a28d-4e401e609593/%D8%AD%D8%B1%DB%8C%D8%B1%D8%B3%D9%81%DB%8C%D8%AF,unknown,-1
https://www.ninisite.com/user/2bfc4205-3790-48c5-9ae9-7a8d64533fe0/%D8%B1%D8%B1%D8%B1%D8%B1%D8%B1%D8%B1%D8%AA%DB%8C%D8%A7%D9%85,unknown,-1
https://www.ninisite.com/user/29453c92-6a7d-4246-9baf-401b94a8ad9e/sorreyya,unknown,-1
https://www.ninisite.com/user/76a9511b-36ef-4118-8b7b-5f80296d452d/biivdvbnnnn,unknown,-1
https://www.ninisite.com/user/5c0561ed-a7f6-4c20-a1af-0499ac05a7e3/kabos,unknown,-1
https://www.ninisite.com/user/81287224-e0f0-416b-9391-c1941a09aadd/sahar5135,unknown,-1
https://www.ninisite.com/user/a0ebe5ee-9e01-4b28-8078-10330209b24e/%D9%85%D8%A7%D8%B1%D8%A7%D9%88%D8%A7,unknown,-1
https://www.ninisite.com/user/59ea0595-3eec-4b71-876b-3e9007d548d4/%D9%86%D9%88%D8%A7%D9%87%D8%B3%D8%AA%D9%85,unknown,-1
https://www.ninisite.com/user/f10af7ff-a2ea-4293-9d17-65db6cdccbfc/%D9%85%D8%A7%D9%8A%D9%94%D8%AF%D9%87,unknown,-1
https://www.ninisite.com/user/acbd2270-cefa-445a-b9bc-b0f0965bf500/%D9%85%D9%87%D8%AF%D8%AE%D8%AA%DB%B1%DB%B4,unknown,-1
https://www.ninisite.com/user/444528d6-f17b-48c7-a4d1-239f98692421/%D9%86%DB%8C%D9%88%D8%B4%D8%A7%D9%85%D9%86%D9%85,unknown,-1
https://www.ninisite.com/user/645cb124-dc6a-41ef-9769-ad1a4e796d9d/%D8%A7%D9%82%DB%8C%D8%A7%D9%86%D9%88%D8%B3-%D8%B3%D8%B1%D8%AE,unknown,-1
https://www.ninisite.com/user/c699cfef-0bc8-4f6d-a585-0cd215c29bef/%DA%A9%DA%86%DB%8C-%DA%A9%D9%88%D8%B1%D8%AF%D9%85,unknown,-1
https://www.ninisite.com/user/515bc344-60f7-4b1e-9171-50cbc7bf650b/%DA%A9%D8%A7%DA%A9%D8%AA%D9%88%D8%B3-%D8%AA%D9%BE%D9%84%DB%8C,unknown,-1
https://www.ninisite.com/user/2df3fb46-01b4-47da-a249-7fb8eb01195f/%D8%AF%D8%AE%D8%AA%D8%B1-%D8%B1%D9%88%DB%8C%D8%A7%D9%87%D8%A7%DB%8C-%D8%AA%D8%A7%D8%B1%DB%8C%DA%A9,unknown,-1
https://www.ninisite.com/user/843496fb-5943-427b-ae37-bc921ffc28d4/%D9%82%D9%88%D9%85%D8%B1%D8%AF%D8%A7%D8%A8,unknown,-1
https://www.ninisite.com/user/0d5d514c-7b3a-46c1-80bd-9eed0d1f5411/zahhrraaaa,unknown,-1
https://www.ninisite.com/user/aae4d4a8-0ee2-4007-b19a-1e31f612f253/zeynabkhanooom,unknown,-1
https://www.ninisite.com/user/df3a38b6-21d2-492f-ab09-c5a415f9ad08/%D8%A7%D9%84%D9%88%D8%A7%D9%86%D8%A7,unknown,-1
https://www.ninisite.com/user/1367aafe-480f-41c2-97d8-2f44f7f78bbb/%D8%AA%D9%88%D8%AA-%D9%81%D8%B1%D9%86%DA%AF%DB%8C%DB%B7%DB%B7-%D9%82%D8%A8%D9%84%DB%8C,unknown,-1
https://www.ninisite.com/user/6e174cb7-5b10-4fd1-9183-a2237d1d3f2c/%D8%AC%D9%88%D9%84%D8%A7%D9%86,unknown,-1
https://www.ninisite.com/user/9441c203-98f4-41fd-9d2a-b510593c81aa/%D9%85%D8%B9%D9%84%D9%85%DB%B1%DB%B4%D9%A0%DB%B2,unknown,-1
https://www.ninisite.com/user/6e248cd9-d7dc-4192-be6b-9d7f23866273/%D8%AF%D9%84%D8%A8%D8%B1%D9%85%D9%88%D8%B4%D8%B1%D8%A7%D8%A8%DB%8C,unknown,-1
https://www.ninisite.com/user/2bcfe02e-97f6-484f-a869-8f76ef1a0118/%D8%AE%D9%88%D8%A7%D9%87%D8%B1%D8%B3%DB%8C%D9%85%DB%8C%D9%86,unknown,-1
https://www.ninisite.com/user/471dd65e-e44b-474e-8260-ad4de84f4e46/bhar-76,unknown,-1
https://www.ninisite.com/user/0d496292-aaf3-4790-a4a1-8af87ef348cf/%D9%BE%D9%84%D9%86%DA%AF-%D8%B5%D9%88%D8%B1%D8%AA%DB%8C,unknown,-1
https://www.ninisite.com/user/27612410-7f8c-4687-a0c0-4da9f124c78c/mommyradin,unknown,-1
https://www.ninisite.com/user/5fe00367-6486-48cb-8f10-b5a5aea143b7/orina,unknown,-1
https://www.ninisite.com/user/042cd182-6dfd-4fee-ac4a-aa62d012b8d1/elena1111,unknown,-1
https://www.ninisite.com/user/f55c3868-5312-482d-b44f-07670e3c0516/%D8%A7%D9%93%D9%86%D8%A7%D9%87%DB%8C%D8%AF98,unknown,-1
https://www.ninisite.com/user/0abf4416-636d-42f1-9c32-e414d0f86d72/flowersssss,unknown,-1
https://www.ninisite.com/user/69a88453-c860-46ae-9e82-a35c59f6302f/%D9%BE%D9%86%DA%AF%D9%88%D9%8A%D9%94%D9%86-%D8%AE%D8%B3%D8%AA%D9%87,unknown,-1
https://www.ninisite.com/user/f48d53e8-7858-4dad-a269-ed42b3827555/%D9%BE%D8%B1%D9%86%DB%8C%D8%A7%D9%86-%D8%A8%D8%A7%D9%86%D9%88%D9%88,unknown,-1
https://www.ninisite.com/user/0fa5fdca-f82f-47a6-aa57-25cf8016415f/%D8%AF%D9%84%D8%B1%D8%A8%D8%A774,unknown,-1
https://www.ninisite.com/user/3f110de4-58c0-48ec-ba01-f0e7da8cbe1b/ferfery,unknown,-1
https://www.ninisite.com/user/9960cc7d-72a2-4537-bd0c-c20d8b957df7/parinaz-1400,unknown,-1
https://www.ninisite.com/user/c6ab299f-079a-42a3-b0d3-a34e926ccf6f/%D8%AC%D8%A7%D9%86%D8%A7%D9%93%D9%81%D8%B1%DB%8C%D9%86,unknown,-1
https://www.ninisite.com/user/19ed8600-d631-4216-9108-56ad8ac60dea/%D9%85%D8%A7%D9%87%DB%8C-%D8%B5%D8%A8%D9%88%D8%B1-%D8%A7%D8%A8%D8%A7%D8%AF%D8%A7%D9%86%DB%B2,unknown,-1
https://www.ninisite.com/user/5b0ce7fd-5022-4f94-bba1-3740016a10f3/%D8%AE%D8%B1%D8%AF%D8%A7%D8%AF%D9%8A,unknown,-1
https://www.ninisite.com/user/d2029155-5868-43af-9879-4717e76a4ef1/%D9%86%D9%81%D8%B3-%D8%B3%D9%BE%D9%87%D8%B1%D8%B4,unknown,-1
https://www.ninisite.com/user/5b48cf21-fe37-463b-af0c-fce7921109c2/arosam,unknown,-1
https://www.ninisite.com/user/aabc2d06-2c7e-4311-a723-ed1b6f429251/%D9%BE%D8%B1%D9%88%D8%A7%D8%A7,unknown,-1
https://www.ninisite.com/user/fc89de06-99a9-4821-85e3-0dfb9ca3c62c/panizkhanooom,unknown,-1
https://www.ninisite.com/user/5455ed20-f0cd-4b5d-862f-ba8cf2ad99ce/%D8%AF%D8%AE%D8%AA%D8%B1%DA%A9%D9%88%D9%87%D8%B3%D8%AA%D8%A7%D8%A7%D9%86,unknown,-1
https://www.ninisite.com/user/822d74d8-0a2a-4add-8577-9b5f7f05b1ef/%D9%85%D9%88%D8%B2-%D9%82%D8%B1%D9%85%D8%B2,unknown,-1
https://www.ninisite.com/user/6987857f-778b-4980-81a7-90a0572a631e/mamanemahdisa,unknown,-1
https://www.ninisite.com/user/fc99adfa-1e29-4d26-8efb-c9f217e7aacc/roghaaankorde,unknown,-1
https://www.ninisite.com/user/02c9297b-4b78-49ef-a25f-299b291398ef/%DA%AF%DB%8C%D8%B3%D9%8891,unknown,-1
https://www.ninisite.com/user/f05d9d45-3bc4-442d-be6b-d53b3c347658/another-world,unknown,-1
https://www.ninisite.com/user/bd14cc42-87d8-472a-b89a-2877537057c8/mamanefatemehkhanoom,unknown,-1
https://www.ninisite.com/user/a31a1961-7abf-4294-89c3-2299768f235c/hajii2,unknown,-1
https://www.ninisite.com/user/9fe73165-c32d-4b66-b482-a74e579de407/%DB%B1%DB%B2%DB%B5%DB%B5%DB%B3,unknown,-1
https://www.ninisite.com/user/9cdaa50a-05a6-4fd9-86bc-72038968d58c/%D9%84%DB%8C%D9%84%DB%8C-%DA%AF%D9%88%D9%86,unknown,-1
https://www.ninisite.com/user/371c1679-5db5-4b7e-82c4-b897398b31e6/athna,unknown,-1
https://www.ninisite.com/user/54522759-4558-485e-a359-a8e7e71122e0/%D9%85%D8%BA%D8%B2-%D9%85%D8%AA%D9%81%DA%A9%D8%B1%DA%AF%D8%B1%D9%88%D9%87,unknown,-1
https://www.ninisite.com/user/9692c9ba-65c9-44b1-b6a8-08ac67d9f86b/%D8%B3%DB%8C%D8%A7%D8%B117,unknown,-1
https://www.ninisite.com/user/25353ee0-4801-4a3f-b4d2-23683b3ed169/baran-68,unknown,-1
https://www.ninisite.com/user/983829f9-5007-4f9e-b36c-9c33ff3502eb/sa-ye3,unknown,-1
https://www.ninisite.com/user/ec08e0be-0b0b-413f-98ca-238f4194d715/%D8%AC%D9%88%D8%A7%D8%A7%D8%A7%D8%A7%D9%87%D8%B1,unknown,-1
https://www.ninisite.com/user/865436f1-0166-4bfb-9a71-3210ea17b0db/%D9%86%D8%AA%D8%B1%D8%AF%D8%A7%D9%85%DB%B4,unknown,-1
https://www.ninisite.com/user/f461a670-ef5a-4d36-9966-711ff08f960e/%D9%86%DB%8C%D9%85%D9%87-%D8%AC%D8%A7%D9%86%D9%85-%D8%AA%DA%A9%DB%8C%D9%87-%DA%AF%D8%A7%D9%87%D9%85,unknown,-1
https://www.ninisite.com/user/472075f6-5ba3-45a0-bfa4-7cc231489500/diyako99,unknown,-1
https://www.ninisite.com/user/e7613d21-f78d-4393-81b6-09864a5f3e6b/fatemeh11373,unknown,-1
https://www.ninisite.com/user/eeddb749-6527-43d7-8d3d-6b87f457b458/%D8%B3%D8%A7%D8%B1%D8%A7%DB%B5%DB%B6%DB%B6%DB%B9,unknown,-1
https://www.ninisite.com/user/4e96db21-31cf-4ca5-9d57-21e8f6796627/maria-74,unknown,-1
https://www.ninisite.com/user/b4a22124-d9e9-40f9-8bba-e630de4d01a3/zeynab000,unknown,-1
https://www.ninisite.com/user/790393e8-6ede-44e5-98e5-02f69a0bffe9/miniyator6c,unknown,-1
https://www.ninisite.com/user/d94e3b82-b448-467e-96df-b41303f37412/11selin,unknown,-1
https://www.ninisite.com/user/1284313a-4c92-466b-828a-0dabe048abc4/%D8%AA%D9%88%DB%8C%DB%8C%D8%AA%DB%8C%DB%B1%DB%B3%DB%B7%DB%B0%DB%B1%DB%B3%DB%B9%DB%B7,unknown,-1
https://www.ninisite.com/user/d03c4964-c849-49a2-8767-9b84193ee954/nilijooon,unknown,-1
https://www.ninisite.com/user/3a29e9c8-ffd4-4832-96f6-9a4ff6e15d65/monta,unknown,-1
https://www.ninisite.com/user/5e94bfab-5aea-4dda-8407-199c6d04841d/raziiiiii79,unknown,-1
https://www.ninisite.com/user/91978dd1-c9cc-44ba-8edb-fc8ed88a6821/%D9%86%DB%8C%DA%A9%D9%86%D8%A7%D8%B299,unknown,-1
https://www.ninisite.com/user/9e999d69-75e1-49f2-b64b-687861bd8a9d/m858590,unknown,-1
https://www.ninisite.com/user/e62054df-aad0-48a4-a26a-80f6ff78db90/%D8%B9%D9%85%D8%B1%D8%AE%D8%B2%D8%A7%D9%86,unknown,-1
https://www.ninisite.com/user/87f01d37-4990-4070-8586-d296e340ba3d/nahal-selin,unknown,-1
https://www.ninisite.com/user/c5b266bd-b5d7-441d-a3b0-b089abe8f3fd/%D9%85%D8%A7%D9%85%D8%A7%D9%86%D9%84%D9%86%D8%A7%DB%8C%DB%8C,unknown,-1
https://www.ninisite.com/user/3f4b935e-4b1b-4204-9a3b-203184a898c4/77000,unknown,-1
https://www.ninisite.com/user/8de3c9dc-16ee-41a1-bf5c-6d57ad8909e2/%D9%85%D8%A7%D9%87%D8%B1%D8%AE9,unknown,-1
https://www.ninisite.com/user/3983b5c0-264d-4fe5-8892-899cd007f309/kisin,unknown,-1
https://www.ninisite.com/user/1c98d2f9-a9ad-4a5c-aa39-d4d989e6d47d/%DA%86%D8%B4%D9%85-%D8%AA%DB%8C%D9%84%D9%87-%D9%85%D9%86,unknown,-1
https://www.ninisite.com/user/70e6cd7e-6999-4ddd-b016-ab2ed760fe2d/bashiminbelasi,unknown,-1
https://www.ninisite.com/user/8607d032-0c57-46bc-9d23-39d0ee1e917d/%D8%B9%D8%B1%D9%88%D8%B3b%D8%AF%D8%B1%DB%8C%D8%A7,unknown,-1
https://www.ninisite.com/user/1d665f1f-acca-4316-9d7d-377dc1c5c420/ane566u7,unknown,-1
https://www.ninisite.com/user/0e846ecd-644c-4305-8a50-f85ffdcd3500/mamaneeee,unknown,-1
https://www.ninisite.com/user/1c1bcb8a-4732-46c3-b317-e654eee64dc9/%D8%A8%D8%A7%D8%B1%D9%88%D9%86-%D8%AF%D9%85-%D8%B5%D8%A8%D8%AD,unknown,-1
https://www.ninisite.com/user/21c0e256-9f6a-4875-bd92-86f3e3c97308/shrekkk,unknown,-1
https://www.ninisite.com/user/f5f097ae-a305-4e98-b086-cdaa35610a8b/%D9%85%D8%AB%D9%84-%D8%B4%D8%A8%D8%A7%DB%8C-%D9%BE%D8%B1%D8%B3%D8%AA%D8%A7%D8%B1%D9%87,unknown,-1
https://www.ninisite.com/user/61037606-7f27-402a-9368-3005fabbfbc4/%D9%81%D8%B1%D9%85%DA%98%D9%87,unknown,-1
https://www.ninisite.com/user/6873a01c-3347-425a-bcf5-0c62e53a655d/%D9%88%D8%A7%D8%A7%D8%A7%DB%8C%DB%8C%DB%8C%DB%8C,unknown,-1
https://www.ninisite.com/user/67c22839-95c9-4216-8639-58d9ae568bc4/%D9%BE%DB%8C%D8%A7%D8%B2%D9%86%DA%AF%DB%8C%D9%86%DB%8C,unknown,-1
https://www.ninisite.com/user/e03cd6bb-89bc-4544-bced-8e4822b750c4/versace,unknown,-1
https://www.ninisite.com/user/3c27db93-a532-41a9-9547-309f35978284/arameshhhhhhhh,unknown,-1
https://www.ninisite.com/user/08d71e92-30f0-4d12-8b79-882dd06f3f21/sevdajoooooon,unknown,-1
https://www.ninisite.com/user/cb0b2b0b-f061-42eb-87e5-6b68c5fe3e36/%D9%85%D8%B9%D8%B5%D9%88%D9%85%D9%87%DB%B8%DB%B3,unknown,-1
https://www.ninisite.com/user/c26031c2-658f-47d4-8014-579c452b7791/%DA%A9%D8%A7%D8%AA%D8%A7%D9%84%DB%8C%D9%86,unknown,-1
https://www.ninisite.com/user/c2e0493c-85f0-4aa9-ab80-b9dda49c40d0/marziyeh0021,unknown,-1
https://www.ninisite.com/user/3f303a87-d593-4604-9a2c-e529a4138715/beautiful-miiind,unknown,-1
https://www.ninisite.com/user/8e1727a9-f094-4945-8a30-92854f2b651d/%D8%A8%D8%A7%D9%86%D9%881383,unknown,-1
https://www.ninisite.com/user/734357f2-cb77-4e17-8d37-fac5882a0061/%DA%AF%D9%86%D8%AF%D9%85%DB%B1%DB%B4%DB%B0%DB%B1,unknown,-1
https://www.ninisite.com/user/23757eba-3931-4702-a1a7-8f696a839a6f/horaman,unknown,-1
https://www.ninisite.com/user/d7909ec8-7cee-45e2-a995-02fb60670cd7/%D8%B7%DB%8C%D8%A8%D9%87%DB%B7%DB%B5,unknown,-1
https://www.ninisite.com/user/196a8c6b-4390-44d2-8f56-413671216cda/eshghamhelen1,unknown,-1
https://www.ninisite.com/user/a4d98d69-4523-406d-a154-235861613b04/sh78,unknown,-1
https://www.ninisite.com/user/51523a30-ed9c-422f-bebc-7c7b83ff519e/arash051,unknown,-1
https://www.ninisite.com/user/4dc775cb-72ad-4c58-857c-52902b526f97/%D9%85%D8%A7%D9%85%D8%A7%D9%86%DA%AF%D9%84%D9%BE%D8%B3%D8%B1%D8%A7%D9%85%DB%B9%DB%B4%DB%B9%DB%B6,unknown,-1
https://www.ninisite.com/user/ea9321d5-7c75-443e-b020-6ebe789526fa/hyat222,unknown,-1
https://www.ninisite.com/user/744c33a6-5925-4b8d-8d75-ea29364a43f8/%D8%A7%D9%93%D8%B1%D8%B2%D9%88%D9%87%D8%A7%D8%B2%DB%8C%D8%A8%D8%A7,unknown,-1
https://www.ninisite.com/user/fbf4f27d-7451-42f4-9e98-f3046e3f3c3d/89103delara,unknown,-1
https://www.ninisite.com/user/cc0a03ed-809c-44bd-a4da-049a86508d8b/%D9%81%D8%A7%D9%85%DB%8C%D9%84-%D9%86%DB%8C-%D9%86%DB%8C-%DB%8C%D8%A7%D8%B1,unknown,-1
https://www.ninisite.com/user/fdc1d554-ae93-41aa-a0c8-1aa62ad433d6/%D8%A7%D9%84%D8%B3%D8%A7%DB%B6%DB%B7%DB%B4%DB%B5%DB%B6%DB%B6%DB%B7,unknown,-1
https://www.ninisite.com/user/c55784c2-8a36-4141-acd0-e8bb884503f5/joliee,unknown,-1
https://www.ninisite.com/user/c5bbaa17-4e6b-48c3-969b-aa3c4003e2a4/samaaa567,unknown,-1
https://www.ninisite.com/user/c39fddb9-102f-41af-bdc3-9f3afc36e2f7/%D9%85%D8%A7%D9%85%D8%A7%D9%869%D8%B9%D9%84%DB%8C,unknown,-1
https://www.ninisite.com/user/daf66c7f-705e-426e-9382-241c0a01b213/%D8%B4%D9%87%D8%B1%D8%B2%D8%A7%D8%AF%DB%B5,unknown,-1
https://www.ninisite.com/user/14e93adc-c5df-4994-831b-54b711d5033b/%D9%85%D8%A7%D8%AF%D8%B1%D8%AF%D8%A7%D8%B1%D9%88%D8%B3%D8%A7%D8%B2,unknown,-1
https://www.ninisite.com/user/a7ea8420-d6e3-4b80-a3e9-f61b1feaeeff/%D8%A7%D9%93%DB%8C%D8%AF%D8%A7%D9%88%D8%B4%D8%A7%D9%85%D9%84%D9%88%DB%8C%D8%B4,unknown,-1
https://www.ninisite.com/user/fbb277ee-9360-4ce1-8c66-360d7ec2c912/%D9%85%D9%86%D9%85-%D9%85%D9%86%D9%85,unknown,-1
https://www.ninisite.com/user/45365705-53a6-464f-887c-ca89085b8c97/jorjina,unknown,-1
https://www.ninisite.com/user/282c0fad-db61-4c7e-abe5-54cc2796353f/seni-teni,unknown,-1
https://www.ninisite.com/user/8e6703b8-ba52-4135-adc6-ed1a78c50791/%D8%B1%D8%B2%DB%B7%DB%B5,unknown,-1
https://www.ninisite.com/user/181e20fc-b3be-4635-b292-e2071a7ce61f/mon-mon,unknown,-1
https://www.ninisite.com/user/ee6b91c0-4622-4e4b-9491-d19e0c46c13e/sisbsjajajsjjsjspp,unknown,-1
https://www.ninisite.com/user/84f56fa7-0e6b-4afb-abcd-39b3deac20be/misrezaei,unknown,-1
https://www.ninisite.com/user/05c4437e-fd5d-4b34-9e66-c42d502a7de3/soheyla1381,unknown,-1
https://www.ninisite.com/user/abb392d8-0579-49f8-a54f-000a69483013/shahrzad5267,unknown,-1
https://www.ninisite.com/user/0ffba821-8d5d-4096-9b86-4ad72987aca3/%D9%86%D8%A7%D8%B2%D8%A8%D8%A7%D9%86%D9%88%D8%AC%D9%88%D9%86%DB%B7%DB%B4,unknown,-1
https://www.ninisite.com/user/ef991dd6-0fc8-4cb4-9479-257ca437b9f2/salamsalamatimiyareh,unknown,-1
https://www.ninisite.com/user/20b03806-6c8a-445f-9ce6-505c68a05045/%D8%A7%D8%B1%DB%8C%D8%B3%D8%A71,unknown,-1
https://www.ninisite.com/user/7218ba98-e675-448e-b405-ebac574e2372/arsham%DA%AF%D9%84%DB%8C,unknown,-1
https://www.ninisite.com/user/fcbeebac-61b2-4427-931e-5d6db061beeb/%D8%B1%D9%88%DB%8C%D8%A7%D8%B3%D8%A7%D8%A8%D9%82,unknown,-1
https://www.ninisite.com/user/8f1f5ad3-376b-417e-b85c-d2b7418f0aee/%D8%A7%D9%81%D8%B1%D8%A7%D8%AD-bent-%D8%A7%D9%84%D8%B9%D8%B1%D8%A8,unknown,-1
https://www.ninisite.com/user/6ad4156d-a0d4-454e-8207-3359e899436f/%D9%BE%D8%A7%D8%B1%D8%B3%D8%A7-%D8%B9%D8%B2%DB%8C%D8%B2-%D9%85%D8%A7%D9%85%D8%A7%D9%862,unknown,-1
https://www.ninisite.com/user/248497f3-8814-4f1b-9791-ccbe3a3d723c/%D8%B1%D9%86%DA%AF%D8%A7%D8%A8%DB%8C,unknown,-1
https://www.ninisite.com/user/e44c4713-373d-4678-9b08-47073f932ac0/saba-mohamadi,unknown,-1
https://www.ninisite.com/user/8a2d1a4a-d226-4b76-90f1-df179d0a487c/%D9%85%D8%A7%D8%AF%D8%B1%D8%B7%D9%84%D8%A8%D9%87,unknown,-1
https://www.ninisite.com/user/28b905d4-50f8-436c-969c-945d8035f524/%D8%B3%D9%88%D8%B1%D9%86%D8%AC%D8%A7%D9%86,unknown,-1
https://www.ninisite.com/user/1e448f6e-cd34-4c38-87d3-9b12886e5616/%D9%BE%D8%B1%D8%AA%D9%82%D8%A7%D9%84%D8%AA%D8%A7%D9%85%D8%B3%D9%88%D9%86,unknown,-1
https://www.ninisite.com/user/a158ec41-17f8-45bd-8aae-6ebcd4fdde78/%D9%84%D9%86%DA%AF%D9%87-%D8%AC%D9%88%D8%B1%D8%A7%D8%A8-%DA%AF%D9%85-%D8%B4%D8%AF%D9%87,unknown,-1
https://www.ninisite.com/user/bddb7293-f71d-41d1-8d15-978ad8a1231d/%D8%AF%D8%AE%D8%AA%D8%B1%D8%A8%D9%87%D8%A7%D8%B1%DB%8C2,unknown,-1
https://www.ninisite.com/user/c5fadeae-725a-4d86-a50e-cc1b03ac55cd/%D8%A7%D9%93%D9%82%D8%A7-%D9%85%D8%B9%DB%8C%D9%86-%D8%A8%D9%86%D8%AF,unknown,-1
https://www.ninisite.com/user/28024697-cb47-4095-99d9-8dc7b9fca0df/%DA%AF%DB%8C%D8%B3%D9%88-%D8%A8%D9%84%DA%A9,unknown,-1
https://www.ninisite.com/user/83f6bdc1-d507-435f-b3f0-e414bc17f62e/%D9%BE%D8%B1%D8%A8%D8%A7%D8%A7%D9%84%D8%A7%D9%85,unknown,-1
https://www.ninisite.com/user/dccf66ae-c0ad-43b3-a1e2-0d80a9ec0407/%D8%B2%DB%8C%D8%B2%DB%8C-%DA%AF%D9%88%D9%84%DB%8C,unknown,-1
https://www.ninisite.com/user/19744158-17b2-4fac-8744-593b7badff55/saangesabur,unknown,-1
https://www.ninisite.com/user/c127f218-9c2d-49b4-8396-13e717229aae/%D9%86%D8%B3%D8%AA%D8%B1%D8%B1%D9%86,unknown,-1
https://www.ninisite.com/user/25876823-4cf5-46f1-8847-b236ab6a73b9/%D8%AF%D9%88%D8%A8%D8%A7%D8%B1%D9%87-%D8%B2%D9%86%D8%AF%DA%AF%DB%8C-%D9%85%D9%86,unknown,-1
https://www.ninisite.com/user/8f2f020f-8a73-43ac-9f8b-e2aa5e984e2c/%D9%85%D8%A7%D9%85%D8%A7%D9%862nini,unknown,-1
https://www.ninisite.com/user/6ad69102-a221-4aad-a0a5-7462187939bb/%D9%85%D8%B1%D8%A8%D8%A7%D8%A7%D8%B9%D8%B8%D9%85,unknown,-1
https://www.ninisite.com/user/2ae559b1-ac41-4f2f-b52d-d8af0268a06c/mahia20,unknown,-1
https://www.ninisite.com/user/7a6fec9f-dfaf-4528-a835-b57bf49f94a4/%D8%A7%D9%93%D8%B3%D9%85%D8%A7%D9%86%D8%AF%D8%B1%D8%AE%D8%B4%D8%A7%D9%86%D9%85%D8%B1%D8%AF%D8%A7%D8%AF,unknown,-1
https://www.ninisite.com/user/af46ff42-ec26-4bc3-baf8-f656f10683af/tanhhhhhaa,unknown,-1
https://www.ninisite.com/user/e6510f77-ba69-47a0-abaa-e690ac8cbdb6/%D8%A8%D9%87%D8%A7%D8%B1%D9%8530,unknown,-1
https://www.ninisite.com/user/a0285537-ee14-4213-b96f-467471356b5f/%D8%AF%D9%84%D8%A7%D9%93%D9%85%D8%A7%D9%87,unknown,-1
https://www.ninisite.com/user/f57ca78a-a174-4009-bf03-93774d66a095/jengolefengol,unknown,-1
https://www.ninisite.com/user/cfbf7be5-d081-4d56-8643-456401c51a50/%D8%AF%D9%84%D8%A8%D8%B1%D9%85%D9%88%D9%85%D8%B4%DA%A9%DB%8C2,unknown,-1
https://www.ninisite.com/user/643134d9-913a-4e66-b92a-906da1804fba/%D8%A8%DA%86%D9%87-%D8%B1%DB%8C%DB%8C%D8%B3,unknown,-1
https://www.ninisite.com/user/6f77cd51-6c43-4c71-9dd6-f54134c341c0/ati1989,unknown,-1
https://www.ninisite.com/user/bfb04c5a-84a7-4f64-80fb-988c902c9305/mojitaaa,unknown,-1
https://www.ninisite.com/user/8e4fa61b-3a5a-4784-a817-c4a2b8b32b18/paryapariz,unknown,-1
https://www.ninisite.com/user/a523c93c-491e-4858-a5d7-de307b848172/sarvenaz20,unknown,-1
https://www.ninisite.com/user/633c7a03-c7b6-45c1-9330-281785db9eb0/%D8%AC%D8%A7%D8%A7%D9%86%D8%A7%D9%86%D9%85,unknown,-1
https://www.ninisite.com/user/ae9f0a2a-8884-461e-96d9-873ffe2bb218/ofelya27,unknown,-1
https://www.ninisite.com/user/e1d68dc4-a3b9-4308-8c30-d31c70b6c289/%D8%AF%D8%B1%D8%B1%D9%85%D8%A7%D9%86%D8%AF%D9%87,unknown,-1
https://www.ninisite.com/user/2c1e6f87-7b73-4caa-bd80-515f5f358ade/mamankhanum,unknown,-1
https://www.ninisite.com/user/36d11efc-342b-463f-921a-8be6384ade4f/hossein2000,unknown,-1
https://www.ninisite.com/user/dd59e97e-cbd6-4162-92c9-1f5a7dd53d5d/%D8%B1%D8%B2%D9%85%D8%B4%DA%A9%DB%8C%DB%B2,unknown,-1
https://www.ninisite.com/user/a13073bc-e8e2-4db2-aedc-52ca15aa2425/%D9%86%D8%B3%DB%8C%D9%85%D9%87123,unknown,-1
https://www.ninisite.com/user/4621055e-4708-4894-9504-c2f2f7129791/mary-esf,unknown,-1
https://www.ninisite.com/user/fec31631-c222-48f6-bae2-ef76e5ef48e9/%DA%AF%D9%88%D8%AC%D9%87-%D9%86%D8%B1%D8%B3%DB%8C%D8%AF%D9%87,unknown,-1
https://www.ninisite.com/user/147734e1-7a89-42ed-bff2-d4ec2a64b73e/%D8%A7%D8%B1%D8%A7%D9%85334,unknown,-1
https://www.ninisite.com/user/501e3fa7-a016-4388-bef4-255247eecaa6/fwtx,unknown,-1
https://www.ninisite.com/user/7a36db6c-a238-4c4f-9c82-8535fb8aee5f/%D8%A7%D9%93%D9%86%D8%A7%D9%8A%D9%94%D9%84%DB%B1%DB%B4%DB%B0%DB%B0%DB%B0,unknown,-1
https://www.ninisite.com/user/67a0ce69-232c-48e5-90b3-68e2f83578a3/%D8%AE%D9%88%D8%AF%D9%85%D9%85%DB%B1%DB%B4%DB%B0%DB%B0,unknown,-1
https://www.ninisite.com/user/55f3d0c8-3c6d-409a-806e-fd3dee1df2a6/%D8%A7%D9%93%D9%86%D9%88%D9%87%D8%A7%D9%86%D8%A7,unknown,-1
https://www.ninisite.com/user/5ade084e-57f6-402b-82a4-f9e066399f05/dokhijazab,unknown,-1
https://www.ninisite.com/user/fc586b5e-c674-4f3b-b797-b51129248f44/%D9%86%DB%8C%DA%A9%D9%88%D9%84%D8%A7%D9%86%DA%98,unknown,-1
https://www.ninisite.com/user/709428aa-3424-42cc-9548-dba732d384b7/%DB%8C%D8%A7%D8%B3%DB%B5%DB%B9,unknown,-1
https://www.ninisite.com/user/e77f5a0e-95ef-45c0-b7ec-2808ada9c5d9/%D8%AF%D8%B1%DA%AF%D8%B0%D8%B4%D8%AA,unknown,-1
https://www.ninisite.com/user/b8fe79c7-97b6-4ecb-873f-1bc9781aaebe/%D9%85%D8%B3%D8%A7%D9%81%D8%B1%D9%87-%D8%AF%D9%86%DB%8C%D8%A7,unknown,-1
https://www.ninisite.com/user/309f0507-74c0-43ad-bccf-a9852ab3e6e3/%DA%AF%D9%84%D8%B3%D8%B1%D8%AE12,unknown,-1
https://www.ninisite.com/user/c5891de0-c8f7-4cab-b4d5-3e9f8095c9bf/%D9%BE%D9%88%D9%84%D8%A7%D8%B1%DB%8C%D8%B371,unknown,-1
https://www.ninisite.com/user/f6753978-2526-43f1-bc01-60d6b50607b1/sad18,unknown,-1
https://www.ninisite.com/user/3c6e3281-7541-4768-ba70-c48ea6d237de/%D8%B1%D9%88%D8%B2%DA%AF%D8%A7%D8%B1%D8%A7%D9%86,unknown,-1
https://www.ninisite.com/user/4971fb37-5415-4689-88d2-d3e43a0c41c6/%DA%A9%D8%A8%D8%A7%D8%A8-%D9%BE%D8%B1,unknown,-1
https://www.ninisite.com/user/1b83d3ed-2968-4fdd-8fbe-f3a93a5944db/baradaran,unknown,-1
https://www.ninisite.com/user/469ffd04-702d-4f80-af53-762d64a6c02c/%D9%81%D8%B1%D8%B4%D8%AA%D9%87-%D8%B4%D8%A7%D8%AF%DB%8C,unknown,-1
https://www.ninisite.com/user/f7c28898-b84d-4f0a-8e6e-e5b880fd9354/my-b,unknown,-1
https://www.ninisite.com/user/482529bf-f270-43e3-81be-1bd2f8bec2fc/zizigolo70,unknown,-1
https://www.ninisite.com/user/bdda1e7f-20a4-4dd2-bb5d-74bc277dc310/mnbshshshshwhs,unknown,-1
https://www.ninisite.com/user/0e659017-787c-4d07-bd76-0cd80bb9b817/sorin,unknown,-1
https://www.ninisite.com/user/6b99a22e-aa35-473c-9884-9992fc94e626/inna-95,unknown,-1
https://www.ninisite.com/user/5fa8bf71-de0d-4b9c-978c-a782f7e4a364/maryamgollll,unknown,-1
https://www.ninisite.com/user/ee4e490d-a8cf-4cf4-91fd-3677d03ffeef/%D8%B1%D9%88%DA%98%DB%8C%D9%86%D8%A7%D8%B1%D9%88%DA%98%DB%8C%D9%86%D8%A7,unknown,-1
https://www.ninisite.com/user/f96c84fb-262a-4e36-b84a-ed67da47bca1/titiny,unknown,-1
https://www.ninisite.com/user/684460db-6b05-46a7-8925-d102c22f8b9e/psarah,unknown,-1
https://www.ninisite.com/user/8f144039-0d39-4750-b3bc-b3f5e4f447e6/yeganeh,unknown,-1
https://www.ninisite.com/user/0128af8b-eb54-4d17-abf4-6367f6a76ae2/rozaanaa,unknown,-1
https://www.ninisite.com/user/4d53b18b-08f3-4f02-9479-a06ce36ee783/king-amir05,unknown,-1
https://www.ninisite.com/user/9680d0e7-980c-4284-9fb8-3ec5a332caa1/selentia%D8%B3%D8%A7%D8%A8%D9%82%DB%B2,unknown,-1
https://www.ninisite.com/user/eaf1ab2a-aa33-4f9a-ad5f-5c71fc860d1e/mahsa689090,unknown,-1
https://www.ninisite.com/user/08f84611-3033-4e0d-b4bd-685e747cb7b1/%D8%B3%D8%A7%D8%B1%DB%8C%D9%85%D8%A7,unknown,-1
https://www.ninisite.com/user/7def9dc3-29f3-48d1-b877-7c2ee4401213/%D9%86%D8%BA%D9%85%D9%871212,unknown,-1
https://www.ninisite.com/user/9e6aa0c2-58f2-412e-a037-3671a2df6a08/%D9%85%D8%A7%D9%86%D8%AA%D8%B1%D8%A73,unknown,-1
https://www.ninisite.com/user/df3e1588-d073-401b-9b4a-7938dd8e4302/%D9%87%D8%A7%D8%B1%D9%84%DB%8C-%DA%A9%D9%88%D9%8A%D9%94%DB%8C%D9%86-%D9%87%D8%B3%D8%AA%D9%85,unknown,-1
https://www.ninisite.com/user/bfef131e-918f-4c11-84d9-e1bf43279d45/nazbanoo00,unknown,-1
https://www.ninisite.com/user/2c2eeb40-cc21-4d5e-ae29-8d267e4fdc1b/%D9%81%D8%A7%D8%B7%D9%85%D8%A7%D9%87,unknown,-1
https://www.ninisite.com/user/d3ed0a97-ddaf-43ec-bcda-db58e850b855/loosy,unknown,-1
https://www.ninisite.com/user/1d12052f-ea78-4f2b-bb24-2951bfa1c117/snow-a,unknown,-1
https://www.ninisite.com/user/44759d63-1ba6-4822-98ce-c76c5122cc00/%D8%AF%D8%AE%D8%AA%D8%B1%DA%A9%D9%84%D8%A7%D8%B3%DB%8C%DA%A9,unknown,-1
https://www.ninisite.com/user/9cfb782f-a2a3-4c89-ae42-ab38326a7f04/simsimboofay,unknown,-1
https://www.ninisite.com/user/3777fe97-f07d-4c91-a8b8-3a4024e95e93/ds8312,unknown,-1
https://www.ninisite.com/user/f5d1cce0-b103-4e0c-8a96-1742fde3dc25/turkgize,unknown,-1
https://www.ninisite.com/user/e225f036-a410-405e-92c5-2f06b6cb6911/%DA%86%D9%82%D8%AF%D8%B2%D9%88%D8%AF%D8%AF%DB%8C%D8%B1%D9%85%DB%8C%D8%B4%D9%88%D8%AF,unknown,-1
https://www.ninisite.com/user/f11073dd-e3b0-4c0f-a247-86c01e0d6b80/mahgol%D9%85%D9%87%DA%AF%D9%84,unknown,-1
https://www.ninisite.com/user/be8675a8-4d4a-411e-a110-1f7ab3389d68/%D9%85%D8%B9%D8%B1%DB%8C%D8%B3%D8%A7,unknown,-1
https://www.ninisite.com/user/02a61dd0-4fa7-45b5-9baf-b34a3aa02bf4/%D8%AC%D9%88%D9%84%DB%8C%D8%A73,unknown,-1
https://www.ninisite.com/user/f09154eb-ce40-404b-826b-8f1db185cebc/%D8%AC%D9%88%D8%AC%D9%88%D8%AE%D8%B1%DA%AF%D9%88%D8%B4%D9%87,unknown,-1
https://www.ninisite.com/user/43d164f0-9b92-472c-8ec1-d5d3d33122d4/%D9%BE%D8%B1%DB%8C%D8%B3%DA%A9%D9%87,unknown,-1
https://www.ninisite.com/user/56904c42-5305-49a8-8e47-3b6f57492c08/%D8%B1%D8%B2-%D9%87%D9%84%D9%86%D8%AF%DB%8C,unknown,-1
https://www.ninisite.com/user/696044eb-2a5f-4795-a18b-abb0af045ccd/%D8%AD%D9%84%D9%88%D8%A7%D8%A8%D8%A7%DA%A9%D9%86%D8%AC%D8%AF,unknown,-1
https://www.ninisite.com/user/4bc18384-2586-41bc-9d1a-58b00fd055a9/%D9%85%D8%A7%D9%87%D8%A8%DB%8C%D8%AA%DA%A9%D8%B1%D8%A7%D8%B1,unknown,-1
https://www.ninisite.com/user/9c8ae6b5-c53d-45fb-912d-467e18557b4d/pesarbaba,unknown,-1
https://www.ninisite.com/user/0e2b851d-5a7a-4480-9d6b-8e9cb3991ff7/manvaman,unknown,-1
https://www.ninisite.com/user/f2e18d36-eb49-4e2a-8fdc-ae2d1a97365d/haaaaaaam,unknown,-1
https://www.ninisite.com/user/b0785664-12f9-4951-a280-3233eb84ffd9/anna88,unknown,-1
https://www.ninisite.com/user/9ffae90f-3855-422d-9923-ab218df53797/%D9%86%D8%B1%D8%AA%D8%AE%D8%AA%D9%87,unknown,-1
https://www.ninisite.com/user/6cbe4fa8-cf08-4b42-90e0-d1f9f94fbc63/%D9%87%D9%85%D8%B1%D8%A7%D8%B2%D8%B4%D9%85%D8%A7%D9%A2,unknown,-1
https://www.ninisite.com/user/d6be199f-478a-4a16-9c0d-613fb02ea2be/%D9%BE%D8%B1%D9%86%D8%B3%D8%B300%D8%AF%D8%A7%DB%8C%D8%A7%D9%86%D8%A7,unknown,-1
https://www.ninisite.com/user/bd82f0c4-3318-4320-9146-7360d29c2f70/%D9%BE%DB%8C%D8%AA%D8%B2%D8%A771,unknown,-1
https://www.ninisite.com/user/7f189002-c0ba-404a-9fb2-289f0489f5fb/nadiya6566,unknown,-1
https://www.ninisite.com/user/a82e8727-efbb-46ba-b2b0-08a915cde0fa/mahtab002,unknown,-1
https://www.ninisite.com/user/9b42ee4e-244b-400c-a9b1-b342e2476511/%D8%B2%DB%8C%D9%86%D8%A8%D9%8596,unknown,-1
https://www.ninisite.com/user/1cb2a982-05cb-4dd8-8b3b-37c6887aa912/totiiiii,unknown,-1
https://www.ninisite.com/user/edd8aa2e-6d7e-4cbc-a666-f5ac661b97bd/%DB%8C%D8%A7%D8%AF-%D8%AE%D8%AF%D8%A7,unknown,-1
https://www.ninisite.com/user/5bd84a22-1b93-481d-b918-c2fc209823cc/%D8%A8%D8%B1%D8%B3%D8%A7%D8%AA,unknown,-1
https://www.ninisite.com/user/aad0839f-a760-4316-afce-9ad015cde649/haleydel,unknown,-1
https://www.ninisite.com/user/491c6560-104d-43c1-a228-ba50b9579f01/%D9%BE%DB%8C%D8%B4%DB%8C-%D9%85%D9%84%D9%88%D8%B3,unknown,-1
https://www.ninisite.com/user/b867084b-a156-4a46-b542-c496fd6c0aff/aramesh11112,unknown,-1
https://www.ninisite.com/user/b7b03feb-55de-46c2-8983-bfa4bf97d8de/aazzaaddee,unknown,-1
https://www.ninisite.com/user/8d94872b-8ed1-4d0a-97c5-ae8d62b5bbb6/mary-pak,unknown,-1
https://www.ninisite.com/user/b1822f49-9f86-40da-825b-cd607ec29b7e/%D9%85%D8%A7%D9%87%D8%B5%D9%86%D9%8522,unknown,-1
https://www.ninisite.com/user/5fe68145-4edd-4d4e-8d1d-acef957da28f/samir1373,unknown,-1
https://www.ninisite.com/user/487b04b2-1b9e-4b23-bc28-21333aa7e1de/%D9%85%D8%A7%D9%85%D8%A7%D9%86-%D9%86%DB%8C%D9%85-%D8%B7%D9%84%D8%A7,unknown,-1
https://www.ninisite.com/user/f12a9357-e00b-4dab-ad29-fba43cee3a8e/%D8%A7%D8%AD%D8%B3%D8%A7%D9%86-%D8%B9%D9%84%DB%8C%D8%AE%D8%A7%D9%86%DB%8C-%D9%87%D8%B3%D8%AA%D9%85%D9%85,unknown,-1
https://www.ninisite.com/user/cb588b74-fb21-425f-a88f-c1d028e09523/%D9%8A%D8%B2%D8%AF,unknown,-1
https://www.ninisite.com/user/bc4b7043-9a2c-4bc8-9afc-c28693b215b6/manooii,unknown,-1
https://www.ninisite.com/user/eae981d0-ca6f-45b6-8774-af894fcac502/%D9%85%D8%A7%D9%85%D8%A7%D9%86%DB%B5%DB%B3%DB%B6,unknown,-1
https://www.ninisite.com/user/b80a04ca-a505-417e-863a-c8d456134f95/%D8%B1%D8%AA%DB%8C%D9%84-%D8%AA%D9%86%D9%87%D8%A7,unknown,-1
https://www.ninisite.com/user/7cd5d6a2-0c70-48ac-9c5f-cf214280200d/%D8%A8%D8%A7%D8%B1%D9%88%D9%86%DB%B3%DB%B3,unknown,-1
https://www.ninisite.com/user/d1053cf4-ee7a-4d50-ad0d-33267da12c89/%D8%B3%D9%88%D9%86%DB%8C1375,unknown,-1
https://www.ninisite.com/user/ac3477ca-8d74-4e9f-aa47-767aed40e3f9/%D8%AC%D9%86%D9%88%D9%88%D9%88%D9%88%D9%88%D8%A8,unknown,-1
https://www.ninisite.com/user/05830d22-5e8a-4c76-8d62-78c1b328195b/%D8%A7%D8%B1%D8%AA%D9%88%D8%AF%D9%86%D8%B3%DB%8C,unknown,-1
https://www.ninisite.com/user/761357c3-5892-4ace-b7cc-90ea89384951/asal-baaano,unknown,-1
https://www.ninisite.com/user/44c5e2cc-b455-40d9-a27a-2e80e6dff275/khanouuumiii,unknown,-1
https://www.ninisite.com/user/d5166a09-1b7d-4071-8a35-27cdb76450ba/%DA%A9%D8%A7%D9%BE%D9%88%DA%86%DB%8C%D9%86%D9%88%D8%B4%DB%8C%D8%B1%DB%8C,unknown,-1
https://www.ninisite.com/user/033848e3-09a6-4f78-92e6-cf79a557912f/sajedeh3581,unknown,-1
https://www.ninisite.com/user/38b8bb8f-8554-44ec-9ae6-68a9382ffe5f/%D8%AA%D8%B1%D9%86%D8%AC-torang,unknown,-1
https://www.ninisite.com/user/ef2f24de-54d1-4a3f-9cae-e20cfdf62e15/angry17,unknown,-1
https://www.ninisite.com/user/4fe5fc78-b9d0-4a51-89da-32f572d434dd/%D8%B4%D8%B1%D9%84%DB%8C11,unknown,-1
https://www.ninisite.com/user/cd5947d7-15a8-493e-9c7e-e6f3bcd53efd/khanooomfesgheli,unknown,-1
https://www.ninisite.com/user/13658ff7-a5a1-4898-b388-99914e7ee7cd/farzanebano,unknown,-1
https://www.ninisite.com/user/774641ef-e43b-4ec4-8f36-0ffa091ad986/rise-and-shine,unknown,-1
https://www.ninisite.com/user/fb02543e-0ea1-4cd0-a388-5e3d66f434bc/%D8%B4%DB%8C%D9%88%D8%A795,unknown,-1
https://www.ninisite.com/user/a3494241-c4ad-4396-ac5d-e18406176439/%D9%85%D9%86-%D8%AF%D9%88%D8%B3%D8%AA-%D8%AF%D8%A7%D8%B4%D8%AA%D9%86%DB%8C,unknown,-1
https://www.ninisite.com/user/4b05e57f-a544-42d2-9203-2c69800926b9/tihani,unknown,-1
https://www.ninisite.com/user/234ad51b-ae7a-439a-9008-6a65677e3d4d/%D8%AF%D8%B9%D9%88%D8%A7%DB%8C-%D8%B2%D9%86%D9%88-%D8%B4%D9%88%D9%87%D8%B1%DB%8C,unknown,-1
https://www.ninisite.com/user/d7e797f6-91ee-4856-abbc-fe7c04506214/saabaaaaaa,unknown,-1
https://www.ninisite.com/user/0bbbd15a-aad7-4c99-b5bb-374864536e87/%D8%A7%D9%86%D8%B1%DA%98%DB%8C-%D9%85%D8%AB%D8%A8%D8%AA,unknown,-1
https://www.ninisite.com/user/0ae22b15-3edb-4880-8e39-4a0d6dfbb524/%D9%BE%D8%B1%DB%8C%D8%B3%D8%A7%DB%B1%DB%B3%DB%B8%DB%B2,unknown,-1
https://www.ninisite.com/user/0dd9372d-5720-4298-8a47-373ea19f790c/%DA%A9%DB%8C%D8%A7%D8%AC%D9%88%D9%86%DB%8C,unknown,-1
https://www.ninisite.com/user/417dc847-a9f1-48bf-9403-1a099d4be7fe/mmad-wife,unknown,-1
https://www.ninisite.com/user/9e828349-4728-4e8e-a135-a7b62ed9350f/%D8%A7%D9%93%D9%84%D9%88%DA%86%D9%87313,unknown,-1
https://www.ninisite.com/user/939a8870-8ef3-4380-89c2-bcfe2543b011/sooratiiii,unknown,-1
https://www.ninisite.com/user/d7657148-c216-4c9d-bb2f-fa00cec575dd/%D8%A8%D8%A7%D8%A8-%D8%A7%D8%B3%D9%81%D8%AC%DB%8C-%D9%BE%D8%A7%D8%AA%D8%B1%DB%8C%DA%A9,unknown,-1
https://www.ninisite.com/user/9d833314-2a92-418b-9be5-c8b5b64b049c/miss-nafasi,unknown,-1
https://www.ninisite.com/user/2bdb53d3-a1f6-4c4f-9071-9a84fb9a8f58/roshana-123,unknown,-1
https://www.ninisite.com/user/d6f1698c-30c9-43b3-a661-62d5fa316d01/%D8%AC%D9%87%D9%86%D9%85-%D8%B3%D8%B1%D8%AF,unknown,-1
https://www.ninisite.com/user/ccb35715-1d0d-435b-99b9-e3895b43403f/moderntalking,unknown,-1
https://www.ninisite.com/user/0d5fab31-a73a-4f58-8483-8845e7e6f727/%D9%85%D8%A7%D9%87%DB%8C%DB%B1%DB%B2%DB%B3%DB%B4%DB%B5%DB%B6,unknown,-1
https://www.ninisite.com/user/4f3c377b-729c-49f6-b8af-15fc2f014712/mohadese1379,unknown,-1
https://www.ninisite.com/user/8522346d-8432-4166-994a-1e037fba88ff/%D9%85%D8%A7%D9%85%D8%A7%D9%86%D8%B1%DB%8C%D8%AD%D8%A7%D9%86%D9%87%D8%AE%D8%A7%D9%86%D9%85,unknown,-1
https://www.ninisite.com/user/734a4ec2-06b8-48be-9284-0bfcf3bf2240/%DA%A9%D8%A7%DA%A9%D8%AA%D9%88%D8%B30%D9%86%D8%A7%DB%8C%D8%A7%D8%A8,unknown,-1
https://www.ninisite.com/user/dc68da65-d275-4a0a-8b0f-a8e70dac657d/fabio,unknown,-1
https://www.ninisite.com/user/c12970b8-c698-48a3-a867-941f87f05f8d/shahdokhttt,unknown,-1
https://www.ninisite.com/user/2960b5e0-158c-45c6-a3b6-d645c6ae0a37/%D9%86%D8%B1%DA%AF%D8%B3%D8%AA,unknown,-1
https://www.ninisite.com/user/a72f2e8a-c18a-4a38-8f1a-ab4e3919353f/%D8%A7%D9%81%D8%AA%D9%88,unknown,-1
https://www.ninisite.com/user/3dc6191e-964d-47d2-be4c-7cbe45cf261b/lithe,unknown,-1
https://www.ninisite.com/user/d3c6abc5-f61c-423a-9a64-189b43fc0972/reyhan2019,unknown,-1
https://www.ninisite.com/user/8f1a4728-ae1c-46e7-b890-f8902f998d1d/piriyaii,unknown,-1
https://www.ninisite.com/user/682c67c7-9157-4203-a2e9-e923a23c317c/banomary77,unknown,-1
https://www.ninisite.com/user/163d7ae9-6669-4f51-ba97-da927b108ad0/zeinab2410,unknown,-1
https://www.ninisite.com/user/c195004e-812e-4d3f-a706-f991c6e53a82/mp74,unknown,-1
https://www.ninisite.com/user/dee7b7c0-777a-48f2-898a-26e4820e93bf/nesafi,unknown,-1
https://www.ninisite.com/user/419d3549-b716-4c8f-8e03-54e088978ee6/banoo266,unknown,-1
https://www.ninisite.com/user/4a067621-72ec-4d1c-ab95-6fc51a3a31e5/marjan394,unknown,-1
https://www.ninisite.com/user/70bf12ff-6568-4ab4-863e-ffeb880dea0f/yadavarii,unknown,-1
https://www.ninisite.com/user/3cfb0822-b7a4-4743-9353-1b7a73d1e876/%D8%B2%D9%87%D8%B1%D8%A7%D8%A8%D8%A7%D9%84%D8%A7%D9%85,unknown,-1
https://www.ninisite.com/user/b9573012-1da6-477d-ad6d-a0bc67b542ee/123baran,unknown,-1
https://www.ninisite.com/user/95ac1f0a-757c-4256-8c70-276b4857ec24/%D8%AC%D9%88%D8%AC%D9%87-%D8%B1%D9%86%DA%AF%DB%8C%DB%8C%DB%8C,unknown,-1
https://www.ninisite.com/user/9f1d585c-609a-47c0-9c13-bacde27e5ee9/sportrahil,unknown,-1
https://www.ninisite.com/user/4f49bb0b-0f9c-4e23-9317-88073e85917a/parsaa95,unknown,-1
https://www.ninisite.com/user/ff1b2b14-f19b-4d01-a8a5-286d7fb98941/%D9%85%D8%B3%D8%AA%D9%88%D8%B1%D8%B1%D8%B1%D8%B1%D9%87,unknown,-1
https://www.ninisite.com/user/899853c4-fbd5-4fb8-84d4-23819833ff0a/%D8%A8%DB%8C%D8%A8%DB%8C77,unknown,-1
https://www.ninisite.com/user/c5f11bbb-48fb-471c-bccf-c1ea352ecdec/%D9%85%D8%A7%D9%85%D8%A7%D9%86%DB%B9%DB%B9,unknown,-1
https://www.ninisite.com/user/23652db0-849b-41a5-8e65-5950d805eb21/black-ocean,unknown,-1
https://www.ninisite.com/user/032ce5d8-96f1-4d30-a47f-ca187fd5b014/nazanin13,unknown,-1
https://www.ninisite.com/user/bda7c49f-50ed-46c0-b782-b0cd5f913632/%D8%A7%D9%93%D8%B1%D8%B2%D9%88%DB%B1%DB%B4,unknown,-1
https://www.ninisite.com/user/75267f59-1df6-411f-9a54-6908782732a9/%D8%A7%DB%8C%DB%8C%DB%8C%D9%84%D8%B4%D8%A7%D9%87,unknown,-1
https://www.ninisite.com/user/399ac16a-6974-4f6c-9d1f-d493a7d62136/%D8%A8%D9%88%D9%84%DA%AF%D8%A7%D8%B1%DB%8Cahw,unknown,-1
https://www.ninisite.com/user/e7a6fd12-ab40-4b3b-b06a-6ba4e32410c6/%D8%B3%D8%A7%D8%A8%D9%82-love-the-rain,unknown,-1
https://www.ninisite.com/user/499649f5-f567-4d43-93e4-ae65465aa59e/%D8%B7%D9%87%D9%88%D8%B1%D8%A7%D8%A7%D8%A7%D8%A7%D8%A7%D8%A7,unknown,-1
https://www.ninisite.com/user/2a2e0c18-37a4-4e9e-91c8-e88c68e47785/%D8%B3%D8%B4%DA%86%D9%88%D9%BE,unknown,-1
https://www.ninisite.com/user/292a1cd1-de27-4631-a151-8b9cffff5dbf/%D8%A7%D9%93%D8%A8%D8%B1%D9%88%D9%86,unknown,-1
https://www.ninisite.com/user/7ed512b9-2ab7-4f41-bca8-cdaca9b4f0b2/%D9%85%D8%AC%D8%B1%D8%AF-%D8%AA%D9%86%D9%87%D8%A7,unknown,-1
https://www.ninisite.com/user/754842fa-a22a-4dee-814d-7ca4b78df4ba/1377maman-eli,unknown,-1
https://www.ninisite.com/user/451efcb0-bf8e-4b26-9f79-d13719566cad/%DA%A9%D8%A7%D9%85%D9%84%DB%8C%D8%A7%D8%A7%D8%A7%D8%A7%D8%A7%D8%A7,unknown,-1
https://www.ninisite.com/user/6ed05f17-1558-4fb3-b431-71f594bdf26d/%D8%B8%D9%87%D9%80%D9%80%D8%B1%D8%AA%D8%A7%D8%A8%D8%B3%D9%80%D9%80%D8%AA%D8%A7%D9%86%D9%89,unknown,-1
https://www.ninisite.com/user/cc115c32-be28-41f5-970a-38221b992271/hadisssssiii,unknown,-1
https://www.ninisite.com/user/56602450-afb2-4d28-b830-bc6171032a26/maahttabb,unknown,-1
https://www.ninisite.com/user/bbe7f1a4-59d4-4bf7-88cf-1429b001bd8b/%D9%85%D8%B1%DB%8C%D9%85-%D9%85%D9%82%D8%AF%D8%B34,unknown,-1
https://www.ninisite.com/user/6af1398f-67e8-4f78-a50f-ac8765cabe23/kuchulu-muchulu,unknown,-1
https://www.ninisite.com/user/33ff671d-52a2-43a8-8b70-1bef6002b6c8/%D9%BE%D8%B1%D9%86%D8%B3%D8%B3-%D9%86%DB%8C%D8%A7%D8%B2,unknown,-1
https://www.ninisite.com/user/92c606ab-7881-43c2-9f42-8696121df5f1/sarw,unknown,-1
https://www.ninisite.com/user/e68b7c39-331c-421c-8008-327fd2f12eec/%D8%A7%DB%8C%D9%86-%DA%86%D9%87-%D8%B6%D8%B9%D8%B4%D9%87,unknown,-1
https://www.ninisite.com/user/88dcec92-8850-483d-8c65-1b7adb4c6951/%D8%A7%D9%84%D9%88%D9%88%D9%88%DA%86%D9%87,unknown,-1
https://www.ninisite.com/user/d8c5e38b-05ef-4cf6-9fee-2ce9e52014e6/teacher76,unknown,-1
https://www.ninisite.com/user/bc0407b3-c04e-4d4b-b192-93486ca135b0/%D9%85%D9%84%DA%A9%D9%87-%DB%8C%D8%AE%DB%8C-%D9%87%D8%B3%D8%AA%D9%85,unknown,-1
https://www.ninisite.com/user/ac39a991-9684-4a44-b616-705231959a3b/%D8%AA%D8%B1%D8%A7%D9%86%D9%872020,unknown,-1
https://www.ninisite.com/user/0d6da562-81c2-4b4a-a8d4-95353c580575/%D8%B4%D8%A8%D9%86%D9%85-%D9%85%D8%A7%D9%85%D8%A7%D9%86,unknown,-1
https://www.ninisite.com/user/98e87b4b-a6da-4c7b-93ec-285a1c67f432/%D9%BE%D8%A7%D9%86%DB%8C,unknown,-1
https://www.ninisite.com/user/1bd84562-2dfd-45d8-8b42-2d4c34c653fb/%D8%AD%D8%AF%D9%88,unknown,-1
https://www.ninisite.com/user/38e380ba-05d8-400a-a45c-02636e02c0c1/%D8%B5%D9%86%D9%85%D8%A7%D9%87,unknown,-1
https://www.ninisite.com/user/f066f83d-205b-474d-bd72-04842ba473e8/%DB%8C%D8%A7%D8%B3%D9%85%D9%86%D8%A8%D8%A7%D9%86%D9%881333333,unknown,-1
https://www.ninisite.com/user/78f7dad0-a5b0-4f69-984f-48681dcbe760/arghavan456,unknown,-1
https://www.ninisite.com/user/1cd7a478-b8b1-462f-8bc6-adb04b400007/%D8%AF%D8%AE%D8%AA%D8%B1%D8%AA%D9%86%D9%87%D8%A7-alonegirl,unknown,-1
https://www.ninisite.com/user/b15e21b4-377b-40e4-aa08-35807c716aec/%D9%85%D8%A7%D9%86%D9%84%DB%8C%DB%B4%DB%B4%DB%B4,unknown,-1
https://www.ninisite.com/user/4cc9a3b1-d6d7-4644-a3df-03bbe313a5c7/%D8%AA%D8%AA%D9%84%DB%8C%D8%AA%DB%8C-%D8%A7%D8%B9%D8%B8%D9%85,unknown,-1
https://www.ninisite.com/user/82e14ce7-fba4-4c7f-ae0f-46221e15608f/%D9%86%DB%8C%D9%86%DB%8C%DB%B1%DB%B2%DB%B4%DB%B4%DB%B5%DB%B6%DB%B8,unknown,-1
https://www.ninisite.com/user/fbf1ddbc-5b39-46e5-881d-dfde24b65283/nargesbts,unknown,-1
https://www.ninisite.com/user/ce33cc1a-a2ea-4486-8fd3-bc3f11072ac4/masi82417,unknown,-1
https://www.ninisite.com/user/bdb43ded-eb36-4741-9848-44f1e6a5bec9/reza1377,unknown,-1
https://www.ninisite.com/user/2202ca41-2121-404b-9d53-c3d8dcbdc3de/sdliaaa,unknown,-1
https://www.ninisite.com/user/12ced486-c628-4b6b-a0ba-cb9573f3824b/%DA%AF%D9%84%D8%AC%D8%A7%D9%86%D9%85,unknown,-1
https://www.ninisite.com/user/abc6184b-00b3-4f8f-95c3-56c1687c9138/%DA%A9%D9%87%D8%B1%D8%A8%D8%A7%D8%A7%D8%A7,unknown,-1
https://www.ninisite.com/user/5b7f13b9-a51d-4bab-883b-257b85aee8ef/shahla,unknown,-1
https://www.ninisite.com/user/016f2f9f-ab2a-4190-b042-f584346cbca4/20l30,unknown,-1
https://www.ninisite.com/user/c0313bc6-dcda-40f8-bdcd-1e7bb098df88/%D8%AF%D9%88-%D8%B3%DB%8C%D8%A8,unknown,-1
https://www.ninisite.com/user/79dc488d-e123-4a04-bcc9-77aefea36943/baharvihan,unknown,-1
https://www.ninisite.com/user/4fea23b5-489b-4c0a-ac50-fc17bac1c557/%D8%A7%D9%93%D8%A7%D9%93%D8%A7%D9%93%D8%A7%D9%93%D8%A7%D9%93%D8%A7%D9%93%D8%B1%D8%B1%D8%B1%D8%B1%D8%B1%D8%B1,unknown,-1
https://www.ninisite.com/user/03d81a17-f6d2-4221-bc84-ad0277ae979e/%DB%8C%D8%A7%D8%B3%D9%85%DB%8C%D9%86%DB%B7%DB%B7,unknown,-1
https://www.ninisite.com/user/29de12fc-7ef4-48c4-8646-0e30e8cc6778/%D9%81%D8%A7%D8%B7%DB%8C%D9%85%D8%A7%D8%A7%D8%A7%D8%A7%D8%A77367,unknown,-1
https://www.ninisite.com/user/451937de-5a9e-439b-91a8-2688b65fc68a/mlik29,unknown,-1
https://www.ninisite.com/user/4f1ea838-e72f-4bd5-a17c-f4d29c5f003d/atefeh%DB%B7%DB%B6,unknown,-1
https://www.ninisite.com/user/ca67d043-992b-4394-af7c-4eff26029cd1/%D9%86%D8%A8%D8%A7%D8%AA%D8%AA%D8%AA%D8%AA,unknown,-1
https://www.ninisite.com/user/f1355a4e-b995-4a50-81bd-a3dd96cfbbea/lelaii,unknown,-1
https://www.ninisite.com/user/81839b65-52b1-4f66-822d-c293ae576221/22deliii22,unknown,-1
https://www.ninisite.com/user/3e99e655-c78e-495f-85c4-0b1646a42453/gunch,unknown,-1
https://www.ninisite.com/user/c585723c-f051-4d4e-b572-1d0670369823/%D8%A7%D9%81%D8%B3%D8%B1%D8%AF%D9%87-%D8%AE%D9%88%D8%B4%D8%AD%D8%A7%D9%84,unknown,-1
https://www.ninisite.com/user/b3202303-12b9-4828-8630-d6e4234516df/%D8%B3%D9%87%D8%B1%D9%88%D8%AF%DB%8C,unknown,-1
https://www.ninisite.com/user/05bc0654-f988-4b42-9690-e30f64b143b3/%D9%85%D8%A7%D9%87%D8%B1%D9%88%DB%B1%DB%B9%DB%B8%DB%B7,unknown,-1
https://www.ninisite.com/user/991e26ef-13d1-4580-b3db-3c54017dface/%D8%AF%D8%AE%D8%AA%D8%B1-%D9%85%D8%B8%D8%B7%D8%B1%D8%A8,unknown,-1
https://www.ninisite.com/user/597e257e-b7bc-4a23-9147-6367cc3ff17f/%D8%AA%DB%8C%D9%86%DA%A9%D8%B1-%D8%A8%D9%84,unknown,-1
https://www.ninisite.com/user/5caf6ea7-606c-4d75-885c-0fd9fd081d88/madmazel2,unknown,-1
https://www.ninisite.com/user/389e3800-5f7d-424d-ac01-7202c816509f/dokhtarmahh,unknown,-1
https://www.ninisite.com/user/1a46895c-6328-494a-aa9a-71bd99330cbb/htth6556,unknown,-1
https://www.ninisite.com/user/8941c95d-325c-4c89-84aa-b7109c645ce6/lhcxgjdzhkgcgxjsjf,unknown,-1
https://www.ninisite.com/user/410d310d-a2b8-4833-8169-55123be22f32/matina37,unknown,-1
https://www.ninisite.com/user/850a7300-d8c9-4f2e-8870-3d1764da3bf1/mummykiiids,unknown,-1
https://www.ninisite.com/user/fa57b997-220f-4154-9ee5-f5911313e3ae/%D8%AF%D8%B1%D8%B3%D8%AE%D9%88%D9%86tanha,unknown,-1
https://www.ninisite.com/user/f29c23bd-3109-487d-8d5d-b7691e565ccf/donyaieman,unknown,-1
https://www.ninisite.com/user/266c1010-2964-4251-9946-7ebc40de82a3/gandomak222,unknown,-1
https://www.ninisite.com/user/106185c4-a139-4f79-b846-30513d07160a/zzzana,unknown,-1
https://www.ninisite.com/user/0518b11f-b34e-4473-ad31-c29dd976b754/nopor,unknown,-1
https://www.ninisite.com/user/5c1c4e14-e2c8-439e-9235-ec11c96d905c/%D9%BE%D8%B1%D8%AA%D9%88%DB%B3%DB%B4,unknown,-1
https://www.ninisite.com/user/05681568-785e-491f-9e48-af07584cd7cb/%D9%86%D9%88%D9%86-%D9%BE%DB%8C%D8%A7%D8%B2-%D8%B3%D9%84%D8%B7%D9%86%D8%AA%DB%8C,unknown,-1
https://www.ninisite.com/user/29e70e29-b8de-4d06-99b0-784a5a4f8367/sania64,unknown,-1
https://www.ninisite.com/user/b98c7305-116f-494b-81f9-0a2a4480390b/elham6655,unknown,-1
https://www.ninisite.com/user/c1ff2765-9e4b-40ff-afa6-dbd9f2367e92/%D9%87%D8%AF%DB%8C%D9%87%DB%B1%DB%B0%DB%B5,unknown,-1
https://www.ninisite.com/user/099a84c6-70e5-4461-ba84-e9f674b6d650/%DB%B7%DB%B1%DB%B8%DB%B1%DB%B0%DB%B0,unknown,-1
https://www.ninisite.com/user/571829a2-66f3-40ea-8781-894543be78ef/%D8%A8%D9%86%D8%AF%D8%B1%D8%AA,unknown,-1
https://www.ninisite.com/user/68b4e8f3-0212-4181-a864-252df45954f3/%D9%87%D8%B1%D9%85%D8%A7%DB%8C%D9%86%DB%8C-%DA%AF%D8%B1%DB%8C%D9%86%D8%AC%D8%B1%D9%85,unknown,-1
https://www.ninisite.com/user/a63d9952-a346-4eb5-9e3f-1db3075193df/zariiiiiiii-12345,unknown,-1
https://www.ninisite.com/user/2a0b2b65-91e1-4070-9978-f519713fa7af/%D9%84%D8%A7%D9%86%D9%85%D9%BE%D8%B3%D8%B3%D9%84%D9%87%D8%AC%DA%86%D9%87%D9%81%DB%B6%D8%AF%D8%AA%D9%87%D9%81%D9%82%D8%AB,unknown,-1
https://www.ninisite.com/user/eb169d74-b211-462b-b348-2bacbd7b4bc3/park-iliya,unknown,-1
https://www.ninisite.com/user/146cd194-e003-4f2b-88e8-86c73af53426/alara101,unknown,-1
https://www.ninisite.com/user/75a3ece8-6706-4c23-bcd1-54be880f2c7a/fatemehalupor,unknown,-1
https://www.ninisite.com/user/e44916bf-c6d1-4f04-be9d-786351673316/panah77%D8%AE%D8%A7%D9%86%D9%88%D9%85,unknown,-1
https://www.ninisite.com/user/1399769a-7d2d-49e0-9a45-cef5f6358549/%D8%AD%D9%85%DB%8C%D8%AF%D8%B1%D8%B6%D8%A7%D8%B3%D8%AC%DB%B2,unknown,-1
https://www.ninisite.com/user/bb04b2b2-e82f-436b-85d2-bf6dc60fe34c/persepolis%D8%B9%D8%B4%D9%82%D9%BE%D9%88%D9%84%DB%8C%D8%B3,unknown,-1
https://www.ninisite.com/user/423f27ea-fe39-4c7a-9351-3e526d96b06c/%DB%8C%D8%A7%D8%B3%D8%B1%D8%A8%D8%AE%D8%AA%DB%8C%D8%A7%D8%B1%DB%8C,unknown,-1
https://www.ninisite.com/user/e593dbfe-ddea-4839-8559-7b5c9f09e3f9/jklmnopabcdefjhi,unknown,-1
https://www.ninisite.com/user/e7daf80a-9261-4a16-83c8-f1b1b73ca6f0/aram-bash,unknown,-1
https://www.ninisite.com/user/758d216a-5452-4df3-8f82-688526f635ba/000%DB%8C%DA%A9%D8%AA%D8%A7000,unknown,-1
https://www.ninisite.com/user/d87277e2-48be-4b11-a5b2-03ce2ff3b368/sd1374,unknown,-1
https://www.ninisite.com/user/a716a24b-0013-4e7e-a12c-48767dbc378e/fandogh4550,unknown,-1
https://www.ninisite.com/user/5e85a523-67d6-48eb-9d73-f460ed5bb32c/%D8%AC%DB%8C%D8%A8%D8%B1%D9%84%DB%8C%D9%8685,unknown,-1
https://www.ninisite.com/user/fbdcd159-2d54-4a85-a57e-f11ab2730b05/%D8%B3%D9%88%D9%84%D9%85%D8%A7%D8%B2369369,unknown,-1
https://www.ninisite.com/user/2b095d1b-7f61-4022-adaf-c7f64c59e73b/check,unknown,-1
https://www.ninisite.com/user/53aa715a-5bbb-4d6d-bfa3-1f54696271b2/%D9%85%DB%8C%D9%86%D8%A7-%D8%A8%D8%A7%D9%86%D9%88%DB%B1,unknown,-1
https://www.ninisite.com/user/b6c821da-ffb5-4cb0-b405-6d845e6d40bc/serendipity-pink,unknown,-1
https://www.ninisite.com/user/cd460d68-af2c-4f91-a0d3-4de9804b55c1/nahalifaezeh,unknown,-1
https://www.ninisite.com/user/1fb3e39d-3781-44b0-829f-3d1546b9adc4/%D8%AD%D8%A7%D9%84-%D8%AE%D9%88%D8%A8-%D8%A8%D8%A7-b,unknown,-1
https://www.ninisite.com/user/8e4c1b12-b2d1-463e-abb3-49042e747a63/%DB%8C%D9%84%D8%AF%D8%A7%DA%AF%D9%84%DB%8C65,unknown,-1
https://www.ninisite.com/user/d40f3640-cac1-4f2b-9b77-9df2212b6678/%D9%85%D8%AA%DB%8C%D9%86-%D8%A7%DA%A9%D8%A8%D8%B1%DB%8C%D8%A7%D9%86,unknown,-1
https://www.ninisite.com/user/6c7f73f5-03a2-4602-80ff-9f167fd978ea/raha-1789d,unknown,-1
https://www.ninisite.com/user/c333448b-b4e5-4abc-9cdb-61c7f4324bef/elaheh-rahmati,unknown,-1
https://www.ninisite.com/user/0fa504c6-f771-4480-b163-c16688364977/%D8%A8%D9%87%D9%88%D9%86%D9%87-%D9%82%D8%B4%D9%86%DA%AF%D9%85,unknown,-1
https://www.ninisite.com/user/d7d6c6fc-1def-4481-ab57-d5fd492a16bf/%D9%85%D9%88%D9%88%D9%88%D8%B1%DA%86%D9%87,unknown,-1
https://www.ninisite.com/user/057ff338-8515-4e02-a70e-f4f89f3be18d/%D8%B1%D9%88%D8%B2%D8%A7%D8%A8%D9%87,unknown,-1
https://www.ninisite.com/user/e59f16ca-1185-40fa-a313-d25e620c7942/gelarejon,unknown,-1
https://www.ninisite.com/user/1ec3fb30-f079-48c5-95b3-ebb6563d0537/%D9%85%D8%AD%D9%86%D8%A7,unknown,-1
https://www.ninisite.com/user/11f4f90c-77a2-4ad8-93c7-bf6892c7fc05/%D8%A7%D9%93%D9%82%D8%A7%D8%A7%D8%B5%D8%BA%D8%B1,unknown,-1
https://www.ninisite.com/user/7996fa44-3d1f-4794-a71d-7ee6c69064d8/donyaa72,unknown,-1
https://www.ninisite.com/user/10cfcb23-28ec-44ae-aafc-fee3801d46f0/%D9%82%D9%88%D9%85%D8%B1%DB%8C,unknown,-1
https://www.ninisite.com/user/332aab98-ba08-49a6-a2eb-e40a932da8c5/afhamtaedmdeh,unknown,-1
https://www.ninisite.com/user/c94ef4d9-132f-45ca-a2c1-00f479b13bbc/amirr01,unknown,-1
https://www.ninisite.com/user/66683cf2-a873-46c5-81ee-8332d7ee2d34/%DA%86%D9%85%DA%86%D9%85%D9%87,unknown,-1
https://www.ninisite.com/user/65c1222a-bec9-488a-bc52-ae12ebd19520/%D9%86%D8%A7%D8%B2%D9%86%DB%8C%D9%86-%D9%88%D9%88%D9%88,unknown,-1
https://www.ninisite.com/user/866eeb5d-9d1f-4a41-aeac-d8437f78bf54/zinat76,unknown,-1
https://www.ninisite.com/user/9c7238a4-084d-4e45-b88e-26f4d6493276/%D8%A7%D9%93%DB%8C%D8%AF%D8%A7%D8%A8%D8%A7%D9%86%D9%8870,unknown,-1
https://www.ninisite.com/user/59c13780-6498-4bc9-be1d-52df0ac9963a/mamanemehrabon,unknown,-1
https://www.ninisite.com/user/bc4b4e18-a3f6-4f00-87ea-810b526508ab/%D8%B1%D9%88%DA%98%D8%A7%D8%A720,unknown,-1
https://www.ninisite.com/user/a1408218-b4ab-415b-beaf-667fcf41b059/sadafiam12,unknown,-1
https://www.ninisite.com/user/248883b5-731b-4130-a945-7ac82d4b4637/esy,unknown,-1
https://www.ninisite.com/user/e67d2443-ee76-4b21-b21a-2dd17a404093/%D9%86%D8%A7%D8%B2%D8%AF%D8%AE%D8%AA%D8%B1%D8%A8%D9%87%D8%A7%D8%B1,unknown,-1
https://www.ninisite.com/user/d1dbd1a6-d7ff-48e1-9334-3f242600d9b9/maridojardian,unknown,-1
https://www.ninisite.com/user/02235c38-9929-4e5d-a6b8-b4926059c01b/%DA%AF%D9%88%D9%86-%D8%A7%D9%93%DB%8C-%D9%87%D8%B3%D8%AA%D9%85,unknown,-1
https://www.ninisite.com/user/51045f4c-e688-4ef3-999a-c173812ff43f/delllllll,unknown,-1
https://www.ninisite.com/user/d0114fc3-83a7-43ee-a1b0-2e2048be9ff3/%D8%AB%D8%B1%DB%8C%D8%A7%D8%AC%D9%88%D9%86%DB%8C,unknown,-1
https://www.ninisite.com/user/090d7c76-6d32-4db8-860d-b1ef7efd9d95/im-diiana,unknown,-1
https://www.ninisite.com/user/b49186fa-71d4-408b-8b72-2a5fc2eae8cc/zarrr-banoo,unknown,-1
https://www.ninisite.com/user/8de68fd1-7339-4fdc-bc36-8fc44c116eae/eliiiiiii1380,unknown,-1
https://www.ninisite.com/user/c47a8a92-41d9-4ada-9408-7f534d706a9d/%DA%AF%D9%84%DB%8C%DB%8C%DB%8C%DB%8C%DB%8C%DB%8C%DB%8C%DB%8C%DB%8C%DB%8C%DB%8C%DB%8C%DB%8C%DB%8C%DB%8C%DB%8C%DB%8C,unknown,-1
https://www.ninisite.com/user/3bcfe5ca-8781-400f-8508-371df0f82a19/%D9%BE%D8%B1%DB%8C%D9%85%D8%A7%D9%87%D8%B2%DB%8C%D8%A8%D8%A7,unknown,-1
https://www.ninisite.com/user/f2049d5c-be2d-4d3b-94d4-d082a54273f7/%D8%B9%D8%B3%D9%84%D8%A8%D8%A7%D9%86%D9%88%DB%B2%DB%B2%DB%B8%DB%B0,unknown,-1
https://www.ninisite.com/user/f3b9f0f0-42db-4da7-bab9-ab26a9648e36/ggxdtyjb,unknown,-1
https://www.ninisite.com/user/b8cc6892-7581-4a7d-b1a7-9f63e5637c95/666888,unknown,-1
https://www.ninisite.com/user/c1f05dbe-fa01-4f04-9666-484fe388d3bf/%D8%A8%DB%8C%D9%87%D8%AA%D8%B1-%DB%8C%D9%88%D8%B1%D9%88%D8%BA%D9%84%D9%88,unknown,-1
https://www.ninisite.com/user/2e2f1bd1-f993-492e-b042-e17b56e6af77/%D9%87%D8%B1-%DA%86%DB%8C-%D8%B2%D8%AF%D9%85-%D8%AA%DA%A9%D8%B1%D8%A7%D8%B1%DB%8C-%D8%A8%D9%88%D8%AF,unknown,-1
https://www.ninisite.com/user/d1c6d526-99ee-4bc0-9304-2da2c58e9f68/%D9%81%D8%B3-%D9%81%D8%B3%D9%88%D9%88,unknown,-1
https://www.ninisite.com/user/c8072649-a7f5-4936-b133-56ee7a3528f2/%D9%85%D8%B2%DB%8C%DA%A9%DB%8C%D9%86,unknown,-1
https://www.ninisite.com/user/067269a9-f2c0-4c62-8ddd-a4d2247b6937/%DB%8C%DA%A9-%D9%85%D9%88%D8%B2-%DA%AF%D9%85%D9%86%D8%A7%D9%85,unknown,-1
https://www.ninisite.com/user/2a82d1d1-4d8a-4156-b423-bf7a7146403b/arzoha,unknown,-1
https://www.ninisite.com/user/3cd1edf0-6026-4d40-9301-a2f2349af077/%D8%B1%D8%B2%D8%A7%D9%93%D8%A8%DB%8C,unknown,-1
https://www.ninisite.com/user/84e52620-c145-44c1-8937-bb9745dbec81/%DA%86%D8%A7%DA%A9%D9%84%D8%AA%D9%84%D8%AE,unknown,-1
https://www.ninisite.com/user/61eed8ea-311e-4733-8542-ab91c1b1cde6/%D8%AF%D8%A7%D9%85%D9%86%D8%AF%D9%88%D8%B3%D8%AA,unknown,-1
https://www.ninisite.com/user/be0a7cd4-3dbe-45f9-a72c-4a2c609acfde/%D8%B2%D9%86%DB%8C-%D8%B9%D8%A7%D8%B4%D9%82,unknown,-1
https://www.ninisite.com/user/13e5376a-a91d-4bc3-8e85-fa080f6177ba/1363yakhoda,unknown,-1
https://www.ninisite.com/user/4bce980d-8ecb-4598-96b5-c3c92f3ec397/be-parvaa,unknown,-1
https://www.ninisite.com/user/a2f6c68d-607c-4a3f-a6a5-87e0e8223542/dr-sevda-369,unknown,-1
https://www.ninisite.com/user/3c8cd53d-dd38-4233-8703-87f144a867fd/saragoli1,unknown,-1
https://www.ninisite.com/user/7f71e454-dbef-4d9f-8bd6-d4af58c4710c/nursestuding,unknown,-1
https://www.ninisite.com/user/ba4b1a85-b0b7-4f30-acd6-f8dde5ae0240/%D8%B3%D9%81%D8%A7%D8%B1%D8%B4-%D8%B7%D8%B1%D8%A7%D8%AD%DB%8C-%D9%86%D9%82%D8%A7%D8%B4%DB%8C,unknown,-1
https://www.ninisite.com/user/bc55cfea-5022-4b69-82c8-1a4adc5ce777/genteelmann,unknown,-1
https://www.ninisite.com/user/dfd7e4ba-8049-4dff-b324-90d0e9966aa3/%D8%A7%D9%93%D9%86%D8%AC%D9%84%DB%8C%D9%86%D8%A7%DA%AF%D9%88%DA%AF%D9%88%D9%84%DB%8C,unknown,-1
https://www.ninisite.com/user/d103b92e-c3b1-488a-899f-249cad2f5395/mohadseh1,unknown,-1
https://www.ninisite.com/user/6b5ecdd2-82b9-4e4f-a664-6df63e94a16b/%D9%BE%D8%A7%D8%AA%D8%B1%DB%8C%D8%B3%DB%8C%D8%A7,unknown,-1
https://www.ninisite.com/user/cebcd25f-9350-4a2b-b34e-5d00cb84296e/naznaz1,unknown,-1
https://www.ninisite.com/user/835357e3-b3be-4133-9cd3-d992709943bb/hevin,unknown,-1
https://www.ninisite.com/user/9d525d4d-a1a8-48f3-99ff-9fb73df83a49/%D8%A8%D9%84%D8%A8%D9%84-%D8%AE%D8%B1%D9%85%D8%A7%DB%8C%DB%8C%DB%8C%DB%8C%DB%8C%DB%8C,unknown,-1
https://www.ninisite.com/user/36fb1928-b834-4240-a937-e3be4472bfe0/%D9%86%D8%A7%D8%B2%DA%AF%D9%841390,unknown,-1
https://www.ninisite.com/user/2a897ac0-94e4-49bf-b3ee-6f5946eab3a6/%D8%AA%D8%B1%D9%88%D8%B3%DA%A9%D9%8721,unknown,-1
https://www.ninisite.com/user/552363d3-f2fd-444e-9025-5b24e4eeb3b5/%D8%AF%D8%AE%D8%AF%D8%B1%D8%AD%D8%A7%D8%AC%DB%8C,unknown,-1
https://www.ninisite.com/user/6f670ed4-81e2-45e6-858d-50068c7312a5/badbadak66,unknown,-1
https://www.ninisite.com/user/67438f7f-1f58-473b-90c9-0c8a96d1fe7a/shiba999,unknown,-1
https://www.ninisite.com/user/17ce6b62-f243-4364-afb5-8b7087ed1246/%D9%85%D8%A7%D9%85%D8%A7%D9%86%D8%B9%DB%8C%D9%86%DB%B3%DB%B4,unknown,-1
https://www.ninisite.com/user/08744100-cd29-4a19-8c68-4fa6828a45f7/found,unknown,-1
https://www.ninisite.com/user/9b04045e-9604-47f0-91bb-96eb0ad451f9/daryyyyaaa7373,unknown,-1
https://www.ninisite.com/user/2c7736f2-7b9f-4a19-a747-c45d9c5012c4/%D9%84%DB%8C%D9%84-%D8%AE%D8%A7%D9%84%DA%A9%D9%88%D8%A8,unknown,-1
https://www.ninisite.com/user/e31cde77-1e5c-4c91-8fed-b8b092b5af94/%D8%AE%D9%88%D8%AF%D8%B3%D8%A7%D8%AE%D8%AA%D9%87%DB%B1,unknown,-1
https://www.ninisite.com/user/860a6605-ccb7-41d4-b869-a976fa69ed70/mari-2024,unknown,-1
https://www.ninisite.com/user/c28c68f7-a7c0-4cbf-a180-589b78f68d1d/%D8%AD%D9%86%D8%A7%D9%86%D9%8794,unknown,-1
https://www.ninisite.com/user/0bae0975-e49e-442d-86aa-54f4dedb6a0e/97shabna84m,unknown,-1
https://www.ninisite.com/user/1ffd2bad-d5db-4aaa-9efb-387c92832c3c/%D8%A7%D9%84%D9%87%D9%87%D9%87%D9%87%D9%87%DB%B7%DB%B5,unknown,-1
https://www.ninisite.com/user/e069c8e8-707a-4753-8c48-ad1fd3a80e64/%D8%AC%D9%86%DA%AF%D9%86%D8%AF%D9%87a,unknown,-1
https://www.ninisite.com/user/e71125e3-2226-46ec-ba4f-f7adacaa5a0a/dostandost,unknown,-1
https://www.ninisite.com/user/609b84cc-82c0-4116-a706-6d4c68090950/hastijon1375,unknown,-1
https://www.ninisite.com/user/3911d6fd-0eb5-4926-828d-7c34527f920d/%D9%81%D9%88%DA%A9,unknown,-1
https://www.ninisite.com/user/8491621c-01e1-431d-9670-a44ad760f050/%D9%88%D8%B1%D9%88%D8%AF-%D8%A8%D9%87-%D9%86%DB%8C-%D9%86%DB%8C-%D8%B3%D8%A7%DB%8C%D8%AA,unknown,-1
https://www.ninisite.com/user/c18243c0-7fc4-4ad4-8a95-70bb75279936/%D9%81%D8%B1%D8%B4%D8%AA%D9%87-%D8%B9%D8%B0%D8%A7%D8%A8,unknown,-1
https://www.ninisite.com/user/55aef30a-b955-4fbf-931c-c4ff8f1d13fd/rasta777,unknown,-1
https://www.ninisite.com/user/8daca90a-e2a8-4c05-bee9-5a1e040379d7/misfe,unknown,-1
https://www.ninisite.com/user/6120451c-95d2-47be-8ce2-a7fe2286e5a5/%D8%B5%D8%BA%D8%B1%DB%8C%DB%B6%DB%B6,unknown,-1
https://www.ninisite.com/user/dd0b54dd-ba9d-45b9-8f90-32f4b3be4a32/%D9%BE%D9%BE%D9%BE%D9%BE%D8%B9%D8%B9%D8%B9%D8%B9%D8%B9,unknown,-1
https://www.ninisite.com/user/dc560d45-ba29-4440-b8be-180fc737614c/hakan-hajhin,unknown,-1
https://www.ninisite.com/user/8a4f0a30-f10f-4f0a-aa4b-642de875ef5f/123855onlygod,unknown,-1
https://www.ninisite.com/user/45cb3660-e68c-4307-a8eb-f83de6a6ae73/%D8%B1%DB%8C%D8%AD%D8%A7%D9%86%D9%87%D9%87%D9%87%D9%87%DB%B1%DB%B4%DB%B0%DB%B0,unknown,-1
https://www.ninisite.com/user/d7235e11-b244-446f-8199-09f332dd7a55/%D8%AF%D8%AE%D8%AA%D8%B1-%DB%8C%D8%AE%DB%8C%DB%8C%DB%8C,unknown,-1
https://www.ninisite.com/user/25d28d50-471e-43fc-bee0-6f836a0ff722/emem123,unknown,-1
https://www.ninisite.com/user/72516d62-d09d-4088-9e40-ac256561872e/%D9%85%D8%A7%D9%85%D8%A7%D9%86-%D9%86%D8%A7%D8%B2%DB%8C%D9%84%D8%A7,unknown,-1
https://www.ninisite.com/user/bc4c7676-ca4d-4fd1-9b05-d065aee777ed/fa8vv,unknown,-1
https://www.ninisite.com/user/4278576e-304f-4fb4-bbe5-a725e1146b00/mamane-fargol,unknown,-1
https://www.ninisite.com/user/85d9977c-1834-4dae-8139-32d0e1704ab4/zahrabano1111,unknown,-1
https://www.ninisite.com/user/0f830e6c-f37e-494c-abeb-16ce510a3b5c/%D8%AF%D9%84%D8%AA%D9%86%DA%AF-%D8%AE%D9%88%D8%AF-%D9%88%D8%A7%D9%82%D8%B9%DB%8C%D9%85%D9%85,unknown,-1
https://www.ninisite.com/user/3018ba7f-a5f4-4bb8-8198-7637f0497f08/eshghemanbahar,unknown,-1
https://www.ninisite.com/user/c84e06fc-a0b5-478c-b762-3a99884b9249/%DB%8C%DA%A9%D8%AA%D8%A776,unknown,-1
https://www.ninisite.com/user/13c279de-14e6-47a8-9ee4-a0f6eb0a3fc4/%D8%AF%D9%88%D8%B3%D8%AA%D8%AF%D8%A7%D8%B1-%D9%87%D9%86%D8%B1-%D9%87%D8%B3%D8%AA%D9%85,unknown,-1
https://www.ninisite.com/user/8705e9e3-3588-4d9e-876b-89e809a18d6c/is-loading,unknown,-1
https://www.ninisite.com/user/cb4f9482-d845-49fb-8a9b-4d4a5b5c9514/mobijoon,unknown,-1
https://www.ninisite.com/user/533e400c-3902-4260-9ec2-8772656511b0/5604740,unknown,-1
https://www.ninisite.com/user/cb659692-d7a2-4493-a5cc-264aaaaeadf4/%D8%AE%D8%A7%D9%85%D9%87-%D8%B9%D8%B3%D9%84-%D9%85%D8%A7%D9%85%D8%A7%D9%86,unknown,-1
https://www.ninisite.com/user/b0cde673-8455-4332-b6d7-530bb8f82438/%DA%AF%DB%8C%D9%84%D8%A7%D8%A7%D8%A7%D8%A7%D8%A7%D8%A7%D8%B3,unknown,-1
https://www.ninisite.com/user/90436fee-f92e-4346-ad60-029d9a965dbe/poibgt,unknown,-1
https://www.ninisite.com/user/4b1d52a9-177f-4ecf-9d6e-c76becb79f4b/%D8%AD%D8%A7%D9%84%D8%A7%D8%A7%D8%A7%D8%A7%D8%A7,unknown,-1
https://www.ninisite.com/user/b2207ce2-5181-4899-b60f-6decaf90a82e/morabaye-albalo,unknown,-1
https://www.ninisite.com/user/22d72d82-1a74-4f03-ae75-bc9df6f17b95/%D8%B4%D8%A7%D9%BE%D8%B1%DA%A91377,unknown,-1
https://www.ninisite.com/user/693bd6a6-d0bf-4597-b08d-896067b95562/1479,unknown,-1
https://www.ninisite.com/user/58023846-05da-440f-9b0e-9e7715b92a11/%DA%AF%DB%8C%D9%84%D8%AF%D8%A7222,unknown,-1
https://www.ninisite.com/user/53f3c127-9eff-41d3-9eef-610936a66d62/sam08,unknown,-1
https://www.ninisite.com/user/288c8e22-591b-49cc-b580-a20e9301937a/%D8%A7%D9%93%DB%8C%D9%86%D8%AF%D9%85%D9%88%D9%85%DB%8C%D8%B3%D8%A7%D8%B2%D9%85,unknown,-1
https://www.ninisite.com/user/35b96958-53f2-4786-971a-dc93ec283178/kochili,unknown,-1
https://www.ninisite.com/user/1a58ca70-2588-46d9-8be8-a6e35ae4fbc2/raziam,unknown,-1
https://www.ninisite.com/user/74439258-fc9a-40e1-a196-2ac984ab6b30/maryam1997,unknown,-1
https://www.ninisite.com/user/1a8995ad-4fb6-48a5-a3c2-6f2cab342bd7/sevilaym,unknown,-1
https://www.ninisite.com/user/6aef51d7-84b2-44d3-b075-e98715256c32/%D8%AA%DA%A9%D8%B1%D8%A7%D8%B1%D9%88%D8%AA%DA%A9%D8%B1%D8%A7%D8%B1,unknown,-1
https://www.ninisite.com/user/59481058-b02c-46e1-88d0-acf465bb688c/%D8%B3%D8%A7%D9%86%D8%B3%D9%88%D8%B1%DB%8C%D8%A72916,unknown,-1
https://www.ninisite.com/user/1f7b5f57-c0a9-4f92-88c9-002629561e6a/%D9%86%D8%A7%D8%B1%D8%AF%D9%88%D9%86%D9%87%DB%B7%DB%B0,unknown,-1
https://www.ninisite.com/user/10518446-4333-4e2d-8c33-dfa38655decc/%D8%A8%D8%B3%D9%88%DB%8Ckhoda,unknown,-1
https://www.ninisite.com/user/b26c846a-ea68-4739-9abb-9f8a3104c9ad/%D8%B2%D8%B4%D8%AA-%D9%84%DB%8C%D9%85%D8%A8%DB%8C%DA%A9-%D8%B3%D8%A7%D9%84%D9%85,unknown,-1
https://www.ninisite.com/user/754bcf6d-e941-4983-84c7-57718408ed19/nobody1122,unknown,-1
https://www.ninisite.com/user/3e0f2b01-930e-4d19-8760-fdb95d80c32b/%DA%86%D8%A7%DB%8C%D8%B3%D8%A7%D8%B2%D8%A8%D8%B1%D9%82%DB%8C,unknown,-1
https://www.ninisite.com/user/181518b9-8a6d-411f-9308-7078835c3355/%D8%AF%D8%AE%D8%AA%D8%B1%D8%AE%D9%88%D8%AF%D8%B3%D8%A7%D8%AE%D8%AA%D9%87%DB%B1%DB%B4%DB%B0%DB%B2,unknown,-1
https://www.ninisite.com/user/966952b8-075e-4a3f-9372-6dad17b24526/faghatzohor,unknown,-1
https://www.ninisite.com/user/927c4f6a-d052-40e8-9d63-15aded91641a/ayparaa-1402,unknown,-1
https://www.ninisite.com/user/fa9177a7-8439-44fa-ac7b-3727d5a7c218/%D8%B3%D9%86%D8%AC%D8%B4,unknown,-1
https://www.ninisite.com/user/75f0c748-afde-4968-8f2b-2068a70f984d/%D9%BE%DA%AF%D8%A7%D9%87%DB%B6%DB%B2%DB%B7,unknown,-1
https://www.ninisite.com/user/dbe09d26-eb24-4a3d-b894-b29d7793bb1e/%D8%AA%D8%B9%D8%B1%DB%8C%D9%81,unknown,-1
https://www.ninisite.com/user/92fd73af-a0e6-4880-9dfa-9492e14a7e02/%D8%B3%D8%A7%D8%B1%D8%A7%DB%B7%DB%B4%DB%B6%DB%B6,unknown,-1
https://www.ninisite.com/user/cb1cfb75-9fc6-4a62-a09d-9a59f6152490/amirofaeze,unknown,-1
https://www.ninisite.com/user/de3b6a2a-1786-4fe4-b92b-58f16054875d/gim,unknown,-1
https://www.ninisite.com/user/fbd1af01-7758-4c8f-8c50-0990aabf2396/asenat01234,unknown,-1
https://www.ninisite.com/user/c973e9a6-b77b-4f2b-bfc8-495583efcc9b/%D9%85%D9%87%DA%AF%D8%A7%D9%85,unknown,-1
https://www.ninisite.com/user/d530102d-d07b-43cb-b7c4-e1c725d322f5/kooroot,unknown,-1
https://www.ninisite.com/user/4d47367a-11c4-4145-b2f3-41c50b946f22/%D9%85%D9%87%D8%B3%D8%A7%D8%A7%D8%A7%D8%A7%D9%86%D9%85%D9%85%D9%85%D9%85,unknown,-1
https://www.ninisite.com/user/be2a3294-cc7c-46da-97d5-17fd09e6b58b/%D8%AA%D8%B1%DA%86,unknown,-1
https://www.ninisite.com/user/45b576a7-c761-4960-ba5e-8135a373bbca/%D8%A8%D8%B1%D9%85%D9%88%D8%AF%D8%A727,unknown,-1
https://www.ninisite.com/user/df13f214-a2cf-4201-a9d0-dfb942d95438/littlelady19,unknown,-1
https://www.ninisite.com/user/91845167-0f9a-46f5-b1b6-e70f2f26c449/%D8%B2%D9%86-%D9%85%D8%B3%D8%AA%D9%82%D9%84-%D9%87%D8%B3%D8%AA%D9%85,unknown,-1
https://www.ninisite.com/user/d38d1798-685c-45bb-86bf-a3a53d3bb9b2/%D8%A8%D8%A7%D9%82%D9%84%D9%88%D8%A7%DA%AF%D8%B1%D8%AF%D9%88%DB%8C%DB%8C-%D8%A8%D8%A7%DA%86%D8%A7%DB%8C,unknown,-1
https://www.ninisite.com/user/807e9862-7ebc-4e11-af54-53bd56f249cd/%D9%84%D9%88%D8%A7%D8%B4%DA%A9%DB%8C%DB%B1%DB%B3%DB%B6%DB%B9,unknown,-1
https://www.ninisite.com/user/8dd44cb0-319d-44f1-b979-472a6091659b/%D8%A7%DB%8C%D8%AD%D8%AD%D8%AD%D8%AD%D8%AD,unknown,-1
https://www.ninisite.com/user/44de7a39-ec74-418c-a2ce-50a140894e60/%D8%A8%D8%B1%D9%817%D9%BE%D8%A7%DB%8C%DB%8C%D8%B2%DB%8C,unknown,-1
https://www.ninisite.com/user/ebfdae44-acba-4a71-9f21-146775d55ded/hasti8150,unknown,-1
https://www.ninisite.com/user/d35914a8-6a4e-41ee-9ed4-7256e02a2202/romannevis,unknown,-1
https://www.ninisite.com/user/b7ef924b-a824-4f98-9760-5e34d55fc65e/barbiii,unknown,-1
https://www.ninisite.com/user/5dbf5ec7-c7a1-40a8-8bf4-7cdef170a5ec/%D8%AC%D8%A7%D9%88%DB%8C%D8%AF-%DA%AF%D9%86%D8%AC%DB%8C,unknown,-1
https://www.ninisite.com/user/6820d5de-3028-4ead-bf83-5048c91b7e8a/moshmoshi6,unknown,-1
https://www.ninisite.com/user/6dec5dd3-5e11-42d3-b4e4-5711dfb3fea1/ziya-javaher,unknown,-1
https://www.ninisite.com/user/d51e2b11-5707-4dee-b3e5-47ae0711000f/naziiiiiin,unknown,-1
https://www.ninisite.com/user/be6d76d3-5737-4fd4-8e06-a2004a69c4bb/%D9%85%D8%A7%D8%B1%DA%AF%D9%88%D8%B1%D8%A7%D8%A8%DB%8C-%D8%B3%D8%A7%D8%A8%D9%82,unknown,-1
https://www.ninisite.com/user/ef671ef1-eab7-4182-92c9-12c5876c4522/%D8%B3%D8%A7%D8%B1%D8%A7%D9%85%D8%A7%D9%85%D8%A7%D9%86%D9%85%D9%84%D9%88%D8%B1%DB%8C%D9%86,unknown,-1
https://www.ninisite.com/user/d36573f4-cda3-47d0-8bad-26bcf7bf1272/elaheh-r,unknown,-1
https://www.ninisite.com/user/9de093d9-bf5a-4d09-a072-8131b224d7b8/%D8%AF%D8%AE%D9%85%D9%84-%D8%A8%D8%A7%D8%A8%D8%A7%D9%85-79,unknown,-1
https://www.ninisite.com/user/6177f780-7488-4788-86dd-0f199744790c/pqpwpwoqlwowpwpwow,unknown,-1
https://www.ninisite.com/user/a9900711-564f-49db-889c-f60a326b0778/%D8%B5%D8%A8%D8%A7-%D9%86%DB%8C%DA%A9%D8%A8%D8%AE%D8%AA,unknown,-1
https://www.ninisite.com/user/514ac03a-bc4e-4d47-83c1-49168a4eabfe/%D9%86%DB%8C%D9%86%D8%A71998,unknown,-1
https://www.ninisite.com/user/96eb01e7-6c38-437e-9b5b-0e5526b7ed81/%D9%84%DB%8C%D9%84%D8%A7%DB%8C-%D8%A7%D9%88,unknown,-1
https://www.ninisite.com/user/97292737-c42f-4e40-ac44-698b47551253/%D8%AF%D8%B1%DB%8C%D8%A7n%D8%B3%D8%B1%D8%A7%D8%A8,unknown,-1
https://www.ninisite.com/user/4df366ba-d203-4112-b220-f3a58a41ecf5/%D9%86%D9%88%D9%86%D9%88%D9%84%D9%85,unknown,-1
https://www.ninisite.com/user/2d148f06-3e9c-4542-95d3-1c2f8d162c82/%DA%98%DB%8C%D9%86%D8%A7%DB%8C-%D8%BA%D9%85%DA%AF%DB%8C%D9%86,unknown,-1
https://www.ninisite.com/user/b574d970-5b19-456c-9286-e8e7194670c9/sevda3387,unknown,-1
https://www.ninisite.com/user/3a9635e2-2742-4289-8a47-6871302e1c91/%D9%85%D9%80%D9%80%D9%87%D8%AA%D9%80%D9%80%D8%A7%D8%A7%D8%A7%DB%8C%D9%80%D9%80,unknown,-1
https://www.ninisite.com/user/c7ea0cc5-a671-4ce6-8c85-0d6222e9f939/eananas,unknown,-1
https://www.ninisite.com/user/3cbaf9d9-a211-4213-bfab-26106331b57d/reyhaneh2001,unknown,-1
https://www.ninisite.com/user/2e64b96b-4049-485e-a3dd-4c6068e62986/%DB%B1%DB%B3%DB%B6%DB%B5shadi1371,unknown,-1
https://www.ninisite.com/user/ed8a0bd4-5ada-4c6a-ac56-44a751852bcf/cheshmasaliii,unknown,-1
https://www.ninisite.com/user/43c683e5-8d2c-4fcb-a544-f996cc22bf73/mtbeauty,unknown,-1
https://www.ninisite.com/user/541ecdb3-c8cc-47c8-ae8c-f0b7416dcdea/%D8%AA%D8%A7%D9%84%DB%8C%DB%8C,unknown,-1
https://www.ninisite.com/user/47dc730b-1425-4ebf-ab9f-efad474df7b9/%D8%AC%D9%88%DA%A9%D8%B1%D9%85%D9%88%D9%86%D8%AB,unknown,-1
https://www.ninisite.com/user/94385046-3cb4-48ef-a774-601ec23b83c5/%DA%AF%D9%84-%D9%85%D9%86%DA%86%D9%88%D9%84%DB%8C,unknown,-1
https://www.ninisite.com/user/3415f5b6-55b6-49f3-a105-3d6bfa460f5f/sra00,unknown,-1
https://www.ninisite.com/user/e96b2e88-eb6a-4820-a0d1-58716a831baa/%D8%AC%D9%88%D8%AC%D9%88-%D8%AA%D8%A7%D8%A8%D8%B3%D8%AA%D9%88%D9%86%DB%8C,unknown,-1
https://www.ninisite.com/user/4e09cb18-22f3-4393-afbd-b59c5f23857a/reyiane,unknown,-1
https://www.ninisite.com/user/19fb78fb-dd7e-4b5f-8ef4-542d6326bd48/fargol73,unknown,-1
https://www.ninisite.com/user/1f7a3ee4-9553-4274-a60e-3ba9730c0421/fatiradvin,unknown,-1
https://www.ninisite.com/user/91fe55f0-c6a7-4cdc-a671-69680fc421a8/mahdieh12,unknown,-1
https://www.ninisite.com/user/1ebc2d2e-805d-45c7-97be-295b465e2280/%D9%BE%D8%B2%D8%B4%DA%A9-%D8%A7%D9%93%DB%8C%D9%86%D8%AF%D9%87-%DB%B1%DB%B4%DB%B0%DB%B3,unknown,-1
https://www.ninisite.com/user/a14b29d2-d811-4a95-b790-55fdb948e8fc/baharin2022,unknown,-1
https://www.ninisite.com/user/3c4ed119-5428-491f-af0a-05af6b5e2981/na80fas,unknown,-1
https://www.ninisite.com/user/9924cfed-4989-4248-97ba-a72e66865df2/leylaomidi,unknown,-1
https://www.ninisite.com/user/d6e5b16b-912d-46fc-b4ba-fb971ef553c2/%D8%B3%D8%AA%D8%A7%D8%B1%D9%87-%D8%B4%D8%A8%D8%A7%DB%8C-%D9%85%D8%B4%D8%B1%D9%82%DB%8C,unknown,-1
https://www.ninisite.com/user/7bfcd04f-034d-4341-aaa0-4fd511322d46/ariyae,unknown,-1
https://www.ninisite.com/user/f45b5be7-e349-407d-8ab6-d30daaeea646/%D8%AC%D8%B3%DB%8C%DA%A9%D8%A7%DB%B1%DB%B3%DB%B9%DB%B3,unknown,-1
https://www.ninisite.com/user/71f45364-bc21-42fe-a97e-25d10dc6e4b6/gafari20,unknown,-1
https://www.ninisite.com/user/0800748f-8fd6-4540-b803-2759f3db627b/marmahi2,unknown,-1
https://www.ninisite.com/user/98692fd8-8b27-4efe-9470-7a8b2c374d26/%D9%86%DB%8C%D9%84%D9%88-%D8%AC%D9%88%D9%88%D9%88%D9%86,unknown,-1
https://www.ninisite.com/user/a7adcb25-4058-46e2-934d-1c696ee0f64a/nilo-ofar,unknown,-1
https://www.ninisite.com/user/32be67dd-c923-4549-b195-d029b1982f55/%D9%88%D8%B7%D9%86%D9%85%D8%A7%DB%8C%D8%B1%D8%A7%D9%86,unknown,-1
https://www.ninisite.com/user/ba256863-5782-47a8-a4bd-37824f7d6316/%D9%86%D8%A7%D8%B2%D9%BE%DB%8C%D8%B4%DB%8C,unknown,-1
https://www.ninisite.com/user/f03a7231-25d9-4f25-9264-ad171ee19cca/sazesh2,unknown,-1
https://www.ninisite.com/user/54cf7a82-a486-4bcd-b0bf-4df99944e65c/%D9%85%D8%A7%D9%87-%D9%85%D8%A7%D9%86%D8%A7,unknown,-1
https://www.ninisite.com/user/810cd900-a095-4866-a038-a2106f18ca35/mama-niilaii,unknown,-1
https://www.ninisite.com/user/418ee84d-ddd3-4bf1-960b-7ccab8814d41/%D9%81%D8%A7%D8%B7%D9%85%D9%87%DB%B0%DB%B8%DB%B3%DB%B1,unknown,-1
https://www.ninisite.com/user/f77cc7a1-42c5-470b-a612-48ee8b76e148/%DA%A9%D8%A7%D8%B1%D8%A8%D8%B1-%DA%A9%D8%A7%D8%B1%D8%A8%D8%B1,unknown,-1
https://www.ninisite.com/user/0a5b7234-48e4-46cc-ab74-ab4e3be85e7d/shadi-94,unknown,-1
https://www.ninisite.com/user/59a6c49c-fc42-4709-b7b5-6def0ed2299a/fbc,unknown,-1
https://www.ninisite.com/user/12dd37c5-e9cc-4eac-93e0-328358046f0d/old-weiirdo,unknown,-1
https://www.ninisite.com/user/a6da62aa-74c4-41d8-b77f-94a0ff098168/%D9%85%D8%A7%D8%B3%DB%8C%D9%85%D9%88,unknown,-1
https://www.ninisite.com/user/ade517d3-9052-455b-a5c2-93f9aa09d880/mahyaaaaaz,unknown,-1
https://www.ninisite.com/user/90fe3d10-3da2-4744-8b1c-ebd15553ede5/%D9%87%D9%86%D8%B1%D8%AF%D9%88%D8%B3%D8%AA%DB%B7%DB%B1,unknown,-1
https://www.ninisite.com/user/5c8c75a0-1039-4613-8e54-84447c6f2c70/%D8%A7%D9%81%D8%B3%D8%B1%D8%AF%D9%85,unknown,-1
https://www.ninisite.com/user/0a29e852-884c-45f7-bd4a-ee2290ae29aa/azamshams,unknown,-1
https://www.ninisite.com/user/79e07ebb-16ab-4a76-a71e-0f8a2ce0e68e/elnazjoon79,unknown,-1
https://www.ninisite.com/user/e0d012f4-f134-4aee-be35-ad9d0d5b5a23/setarehdn,unknown,-1
https://www.ninisite.com/user/8ed1b3a3-2b04-4a1b-a6ad-fbcac0cdc2b6/%D9%BE%DA%AF%D8%A7%D9%87-%D9%87%D8%B3%D8%AA%D9%85,unknown,-1
https://www.ninisite.com/user/84dd48c1-1392-41f9-ba34-722b238ce6c6/negin9m,unknown,-1
https://www.ninisite.com/user/541e2f3e-2ac1-447a-8d21-c2ec9dfe4c4b/sara5231,unknown,-1
https://www.ninisite.com/user/f2bbc1a9-0632-4707-a1a3-b41437337c3a/%D9%85%D8%A7%D9%85%D8%A7%D9%86-%DA%AF%D9%88%DA%AF%D9%88%D9%84%DB%8C-%D8%A7%D9%93%DB%8C%D9%86%D8%AF%D9%87,unknown,-1
https://www.ninisite.com/user/b297f474-1563-4802-a7da-efc8a7f84ceb/%D9%BE%D8%B1%DB%8C%D8%AD%D8%A7,unknown,-1
https://www.ninisite.com/user/264ba29a-7ca9-4139-9851-ff153b4d6b12/parii-naz,unknown,-1
https://www.ninisite.com/user/64f08a43-cb5a-4ffb-a7dc-17485dd9c935/2312suny,unknown,-1
https://www.ninisite.com/user/8b634625-f97c-4664-a5c2-e8db7dbc72b2/%D8%A7%D8%B4%DA%A9-%D8%BA%D9%85,unknown,-1
https://www.ninisite.com/user/8abba8f3-e62a-4d08-a3a9-1f57dc08656c/%D8%B3%D8%A7%D8%AD%D9%84%D9%85saheh,unknown,-1
https://www.ninisite.com/user/54370e21-d9cd-49dd-b3a8-3b934f0a7327/%D9%85%D9%88%D8%B1%D8%AA%DB%8C%D8%B4%DB%8C%D8%A7%D8%A7,unknown,-1
https://www.ninisite.com/user/0d434336-a431-4edc-83ee-7755c61fc567/zmelisa,unknown,-1
https://www.ninisite.com/user/3ef92a50-e08c-4a86-8071-89c45230a627/janice,unknown,-1
https://www.ninisite.com/user/0792378c-d66c-4807-a0a8-154307c23c79/souraya,unknown,-1
https://www.ninisite.com/user/069e495f-4c6f-4439-a3cf-b07c7549ef37/pino-kio,unknown,-1
https://www.ninisite.com/user/771c3cf2-bfee-4ed2-a6e1-39d05979f6e3/azaaaaaaa,unknown,-1
https://www.ninisite.com/user/b5528368-65b7-4c0d-8d3d-1e5834c30f77/%D8%B3%D9%85%DB%B9%DB%B9%DB%B9,unknown,-1
https://www.ninisite.com/user/eae0a772-09d5-4328-b505-0abf1cd19fc0/%D8%AF%D8%AE%D8%AA%D8%B1-%D9%85%D9%88%D8%B7%D9%84%D8%A7%DB%8C%DB%8C-%DB%B2%DB%B0%DB%B2%DB%B3,unknown,-1
https://www.ninisite.com/user/023eff2b-eafa-4015-b368-72c50a6dd678/nnn2004,unknown,-1
https://www.ninisite.com/user/3e14a8b5-aae0-400b-bad9-1b93bda5a438/migmig23,unknown,-1
https://www.ninisite.com/user/be2550d9-dba7-4b0e-bb1f-f050ad364570/rozita126,unknown,-1
https://www.ninisite.com/user/47a420ff-d18e-43f6-9144-fff06800e48f/%D8%B4%D9%87%D9%86%D8%A7%D8%B2%D8%A7%D9%81%D8%B4%D8%A7%D8%B1,unknown,-1
https://www.ninisite.com/user/716896a4-67de-4b55-a2d8-3e014bebf3a0/%D9%85%D9%88%D9%88%D9%88%D9%88%D8%B2,unknown,-1
https://www.ninisite.com/user/1e64e2fc-eeec-41d6-b3a9-ed65478f6915/dolfin555,unknown,-1
https://www.ninisite.com/user/b9d4299b-32e7-4af5-887c-ca6cde8cd8b6/shookoolaty222222,unknown,-1
https://www.ninisite.com/user/b7bed792-f436-4843-9674-73bb6de049b3/6678malka,unknown,-1
https://www.ninisite.com/user/3791ba8a-fa68-4fdb-805c-44b5f5b26267/%D9%85%D9%84%DA%A9%D9%8710,unknown,-1
https://www.ninisite.com/user/50c0e540-7714-46ff-9a62-98db6af90ccc/%D9%87%D9%85%D8%AA%D8%A71992,unknown,-1
https://www.ninisite.com/user/17752ab4-2011-4b18-82c3-2a6973d3e343/violet369,unknown,-1
https://www.ninisite.com/user/bc55e918-b355-43a1-af18-d902f85f1c29/t%D8%AA%D9%80%D9%80%D8%A8%D9%80%D8%B3%D9%80%D9%85%D9%80%D9%80,unknown,-1
https://www.ninisite.com/user/9ccafd68-2c13-44cb-b5e1-2b003e4057ba/82iman,unknown,-1
https://www.ninisite.com/user/946233b1-42b9-4214-a496-598f7b270d75/pooneh1,unknown,-1
https://www.ninisite.com/user/328b3478-7ba9-4cf0-80f0-414653456c82/sara-sahar,unknown,-1
https://www.ninisite.com/user/6d4996c9-42ef-47f1-b22b-4dcc6587b653/%D9%85%D8%A7%D9%85%D8%A7%D9%86-%D8%AF%D9%88%D9%81%D8%B1%D8%B4%D8%AA%D9%873,unknown,-1
https://www.ninisite.com/user/5caf2ee6-b224-43a6-9be6-77f5da23dcb8/%D8%AC%D8%BA%D8%AC%D8%BA%D9%8724,unknown,-1
https://www.ninisite.com/user/6b0a9a8e-79fa-4285-8f00-00c7302328cd/199877,unknown,-1
https://www.ninisite.com/user/36420c19-d3d0-45f7-91a7-cda1c2303af7/%D8%B2%DB%8C%D8%A8%D8%A7%DB%8C-%D8%A7%D9%93%D8%B1%D8%A7%D9%85,unknown,-1
https://www.ninisite.com/user/f39bced2-3083-416f-8c7d-eae863db86d7/%DA%A9%D9%88%DA%86%D9%84%D9%88%D9%85,unknown,-1
https://www.ninisite.com/user/b948b456-c5bc-4ecb-8b3c-00cd2c52c7a4/88anahita00,unknown,-1
https://www.ninisite.com/user/aae45657-c4e1-4410-ab8f-b4d3e099e7ec/%D9%81%D8%B1%DB%8C%D8%AF4491,unknown,-1
https://www.ninisite.com/user/dc3ed37c-a3d8-40b3-b224-c9ae862f0fbb/manoryam,unknown,-1
https://www.ninisite.com/user/79adc9eb-2539-43f8-985f-8262cc518fa1/%D8%AF%D8%AE%D8%AA%D8%B1%D9%85%D9%87%D8%B1%D8%A8%D9%88%D9%88%D9%86%DB%B2,unknown,-1
https://www.ninisite.com/user/72435b9f-65c9-49ca-b764-4fbb31c6951b/tinashahbazi,unknown,-1
https://www.ninisite.com/user/f50c6826-c2af-403e-a37f-68a520e50ca1/%D9%BE%D8%A7%D8%A7%D8%A7%D8%A7%D8%AA%D8%B1%DB%8C%DA%A9-%D8%AC%D8%B0%D8%A7%D8%A7%D8%A7%D8%A7%D8%A8,unknown,-1
https://www.ninisite.com/user/222e03fd-ebba-4bbf-a01f-01c0670900c2/deliiiijan,unknown,-1
https://www.ninisite.com/user/e7b12d7b-ecfa-4d83-a49b-046ffe96708d/doktormaik,unknown,-1
https://www.ninisite.com/user/a6079e17-709c-4677-9bc7-f29d3fcec3bb/%DA%AF%D9%88%D8%B1%D8%A8%D8%B9,unknown,-1
https://www.ninisite.com/user/9b9f5d25-cfa7-43b8-9a74-a90354b72b42/%D8%A7%D9%93%D9%84%D9%81%D8%A7%D9%87%D8%B3%D8%AA%D9%85,unknown,-1
https://www.ninisite.com/user/e6e57dc4-467e-44a3-ac51-bf7cc4a777e3/ubbjknhjkl,unknown,-1
https://www.ninisite.com/user/cb9f0c5f-1bcf-4e0b-96f1-ffb53ecba66f/%D9%BE%D8%B1%D9%88%D8%B1%D8%AF%DA%AF%D8%A7%D8%B1%D9%82%D9%84%D9%85,unknown,-1
https://www.ninisite.com/user/c79868ba-7092-4d72-8ec0-d71750f245d9/%DA%86%DB%8C%D9%BE%D8%B3-%D8%B3%D8%B1%DA%A9%D9%87,unknown,-1
https://www.ninisite.com/user/242e94b5-a026-46fe-a191-a94d9074f4de/1398panizz,unknown,-1
https://www.ninisite.com/user/f0f486de-ff6c-49cb-99e1-c66b9b4afb4a/%D9%87%D9%85%D8%AA%D8%A7-%DB%B1%DB%B3%DB%B7%DB%B8,unknown,-1
https://www.ninisite.com/user/95f0e1d3-bc4b-46ef-acd8-cf628f698443/%D8%B3%D9%88%DA%AF%D9%86%D8%AF-%D8%B3%D9%88%DA%AF%D9%86%D8%AF,unknown,-1
https://www.ninisite.com/user/380b7d96-a48f-4776-9481-cb159e8d18a0/%D8%A8%D9%86%D9%81%D9%86%D9%81,unknown,-1
https://www.ninisite.com/user/0fa4633a-e8d8-4c6e-940f-bce718d14ed1/%D8%A7%D9%93%D9%86%D8%AF%D8%B1%D9%84%D8%A7%D9%8A%D9%86,unknown,-1
https://www.ninisite.com/user/0a0ddd9e-f1ef-427e-a416-f6c689e54fb3/nniiiiiiiin,unknown,-1
https://www.ninisite.com/user/9ec6a910-c9ec-4cb1-9063-1cb51f39b866/%D8%AA%D8%A7%D8%B1%D8%A7%DB%8C,unknown,-1
https://www.ninisite.com/user/02635bf3-0321-4e0b-94c7-9634ffda5bd0/nili-hastam,unknown,-1
https://www.ninisite.com/user/6376fd8d-69ef-4121-97a0-2938ab957c4e/%D8%AA%D9%87%D8%AF%DB%8C%DA%AF-%D9%85%D8%A7%DA%A9%D8%A7%D8%B1%D8%A7%D9%86%DB%8C,unknown,-1
https://www.ninisite.com/user/be70c8d6-4935-447e-8768-8713756ac83b/h-ariaa,unknown,-1
https://www.ninisite.com/user/cd437db0-4b49-416d-9b03-2997daff8fe5/zendeqi1396,unknown,-1
https://www.ninisite.com/user/adc37fc3-e11a-4d61-9a8f-9c93673f857f/%D9%85%D8%B1%DA%AF-%D9%82%D9%88,unknown,-1
https://www.ninisite.com/user/ed73e164-06fe-4d67-a55f-5baa4ea0d105/0icy-heart0,unknown,-1
https://www.ninisite.com/user/d14e1f70-249c-40c3-b1a9-dc70502360ab/%D8%B9%D8%B1%D9%88%D8%B3r%D8%B5%D9%84%D8%ADr%D8%B7%D9%84%D8%A8,unknown,-1
https://www.ninisite.com/user/1c201cac-ad38-40f0-83f8-9f63166b17a3/thumblina,unknown,-1
https://www.ninisite.com/user/f5655019-8e1b-4dd9-a5cd-ff59dfe494e7/%D8%AE%D8%AF%D8%A7%DB%8C%D8%A711228,unknown,-1
https://www.ninisite.com/user/25e49d33-de21-4608-b5ec-1d980b55a8e8/%D8%AE%D9%88%D8%AF%D9%85%D9%85%DB%B1,unknown,-1
https://www.ninisite.com/user/6f4a788c-42d2-421c-91cf-dece4e4ac5d7/%D8%AE%D8%A7%D9%86%D9%88%D9%85-%D9%85%D8%B9%D9%84%D9%85%D9%85,unknown,-1
https://www.ninisite.com/user/d684060f-649c-4a3e-8cd8-47b3cd7137d4/aysuda78,unknown,-1
https://www.ninisite.com/user/fc892a7c-febc-47fc-9822-74a9ecc52f19/%D8%B3%DB%8C%D9%86%D8%AF%D8%B1%D9%84%D8%A7%DB%B2%DB%B3,unknown,-1
https://www.ninisite.com/user/497eff25-5332-4af9-80dc-36af71665ff6/%D8%AF%D8%AE%D8%AA%D8%B1%D8%AF%D9%87%D9%87%D8%B4%D8%B5%D8%AA%DB%8C,unknown,-1
https://www.ninisite.com/user/edc47423-c116-4de5-97e5-6fb9d901a8cb/jijioo,unknown,-1
https://www.ninisite.com/user/3ba8b427-66e2-44e8-9d93-8b3d095c2792/nnaaffaass2004s,unknown,-1
https://www.ninisite.com/user/938ac471-0b36-4973-b602-c977ded6b980/delarayeman,unknown,-1
https://www.ninisite.com/user/27ef8d3c-3da0-4829-b8e9-3a1a9fe952a2/m%D9%85%D8%B4%D8%A7%D9%88%D8%B1m,unknown,-1
https://www.ninisite.com/user/1caa253c-98a3-4034-845c-4d7446119931/gile-dokhtar82,unknown,-1
https://www.ninisite.com/user/a835e2de-c139-4dc2-9e5f-720f52718a96/%D8%B2%DB%8C%D9%86%D8%A8-1387,unknown,-1
https://www.ninisite.com/user/108bf5f3-74f4-40b0-b447-0610c3812f71/violet915,unknown,-1
https://www.ninisite.com/user/ef728bfd-e8a9-4865-abfd-1ceb580677b5/shydryn,unknown,-1
https://www.ninisite.com/user/256f5837-c773-484c-b29f-2f5556443974/%D8%B9%D8%B3%DB%8C%D8%B3%D9%85%D9%85,unknown,-1
https://www.ninisite.com/user/c7d7fa3f-7763-46eb-8508-2f91ac5dd3f8/%D8%B9%D8%B1%D8%B4%DB%8C%D8%A7%D8%A7%D8%A7%D8%A7%D8%AC%D9%88%D9%88%D9%88%D9%88%D9%86,unknown,-1
https://www.ninisite.com/user/531c98a9-f1c9-47dc-83a0-ada7661c181e/%D8%A7%D8%AA%D9%86%D8%A752,unknown,-1
https://www.ninisite.com/user/08c02e5e-9e85-403b-b0a2-011c1661c075/golkhoshbo,unknown,-1
https://www.ninisite.com/user/f668995d-2019-4411-bfb5-a717c4eb99d3/%D8%AE%D8%AF%D8%A7%D9%87%D9%85%D9%87%DA%86%DB%8C%D8%B2%D8%AA%D9%88%DB%8C%DB%8C,unknown,-1
https://www.ninisite.com/user/31e7a4c9-0d36-4a57-a38c-1a54bcd61408/%D9%86%D9%88%D8%B1-%D9%86%DB%8C%D8%A7%DA%A9%D8%A7%D9%86,unknown,-1
https://www.ninisite.com/user/6029ff71-b502-4aa1-92c1-1c52464d4f88/poniyoo,unknown,-1
https://www.ninisite.com/user/73b649a3-2980-42d9-a1d0-5f374acdccc1/miiirtgh,unknown,-1
https://www.ninisite.com/user/53c6a42c-40d1-4cdd-9b71-bcbe98fad1a4/ayneh79,unknown,-1
https://www.ninisite.com/user/85efeb78-6396-425b-89cc-a4aa8bfc2b68/%D8%B3%D9%84%D8%B7%D8%A7%D9%86-%D8%AA%D8%B9%D9%84%DB%8C%D9%82-%D9%86%D8%A7%D9%85%D9%86%D8%B8%D9%85,unknown,-1
https://www.ninisite.com/user/e53374fa-ed2e-4606-8bc7-df64154e2e35/8374mj,unknown,-1
https://www.ninisite.com/user/58e42f12-6623-45a6-bd2c-d6ac3879b135/%D9%85%D9%87%D8%B3%D8%A7%D8%AF%D8%AE%D8%AA%D8%B1%D8%A7%DB%8C%D8%B1%D8%A7%D9%86,unknown,-1
https://www.ninisite.com/user/5949d58f-365b-4b56-a859-9df16544d04d/%DA%98%D9%84%D9%88%D9%81%D9%86%D8%AA%D9%88%D9%86%D9%85,unknown,-1
https://www.ninisite.com/user/e579b4c1-57cc-431e-856c-d39e659d8429/%D9%85%D8%B9%D8%B1%D9%81%D8%AA313,unknown,-1
https://www.ninisite.com/user/2d0c9b6b-c7f3-461b-83cf-c815e24c63de/princess2-2,unknown,-1
https://www.ninisite.com/user/00896ec9-293d-4705-b231-3f989621f5c3/%DA%AF%D9%88%D8%AC%D9%87-%D8%B3%D8%A8%D8%B2-%D8%AF%D8%B1%D8%B4%D8%AA,unknown,-1
https://www.ninisite.com/user/43a709ec-ba25-4d67-95f5-c49e3e7d87fe/shimahastm,unknown,-1
https://www.ninisite.com/user/92c54788-8ef6-4bc3-b105-099be5088d9c/%D9%86%DB%8C%D9%86%D8%A7%D8%A7%D8%A7%D8%A7%D8%A7%D8%A7%D9%85,unknown,-1
https://www.ninisite.com/user/d7b8e32d-3cb5-4fa1-b91d-e25bab741116/%DA%A9%D9%86%DA%AF%D9%81%D9%88%DA%A9%D8%A7%D8%B1,unknown,-1
https://www.ninisite.com/user/f1ed5b12-eed6-4a54-b45c-09b5d2453aac/%D9%87%D9%85%D8%B3%D8%B1%D8%B1%D8%B6%D8%A7%DA%AF%D9%84%D8%B2%D8%A7%D8%B1,unknown,-1
https://www.ninisite.com/user/50910bb1-acda-4a76-9e7a-3321eb9c133d/%D8%A8%D8%A7%D8%A8%D9%88%D9%86%D9%87%DB%B2,unknown,-1
https://www.ninisite.com/user/d8c4a35b-3947-452b-bfd8-68bdd5558375/kimool81,unknown,-1
https://www.ninisite.com/user/b811a1e4-e38d-456a-8375-cb02e8481642/%DA%AF%D8%A7%D9%86%DA%AF%D8%B3%D8%AA%D8%B1-%D8%A7%D9%93%D9%85%D9%84-%D8%A8%D9%88%D9%85%D9%87,unknown,-1
https://www.ninisite.com/user/d271e2a4-1efb-43a4-b04c-366df8c52b1a/%D8%A7%D9%93%D8%AA%D9%86%D8%A7%DB%B9%DB%B0%DB%B1%DB%B0,unknown,-1
https://www.ninisite.com/user/1a19345e-3035-4d91-bc2c-67795783ff47/%D8%A8%D8%B3%D8%AA%D9%86%DB%8C-%D9%85%D8%B9%D8%AC%D9%80%D9%88%D9%86,unknown,-1
https://www.ninisite.com/user/2b947356-6331-4021-a6bc-e6527cc26054/scylla,unknown,-1
https://www.ninisite.com/user/001170bc-28c1-494b-bfe7-def694ff3f4b/%D9%86%D9%88%D9%86%D8%AE%DB%B4,unknown,-1
https://www.ninisite.com/user/3d3b2344-535b-4ee4-911c-416a087e3cc6/%D8%A7%D9%93%D9%87%D9%88%D8%A7%D9%86%D9%87,unknown,-1
https://www.ninisite.com/user/2d401ce3-8bbd-4947-a187-a1d3dbe91dcb/%D8%B3%D8%A7%D9%86%D9%88%D9%81%DB%8C,unknown,-1
https://www.ninisite.com/user/514433a9-60a7-45e4-81e7-9d26c292827d/%D9%86%D8%A7%D8%B1%D8%B3%DB%8C%D8%B3-80,unknown,-1
https://www.ninisite.com/user/544a4f4e-4a0f-4fd1-a0e9-e5268fdd0397/ordibehesht80,unknown,-1
https://www.ninisite.com/user/d20bfba4-523f-4138-abd8-ee52fae9e555/erfan-83,unknown,-1
https://www.ninisite.com/user/d10679ad-c861-46ab-b549-9e853f8c238a/%DA%AF%DB%8C%D9%84%D9%87-%D8%AF%D8%AE%D8%AA%D8%B1,unknown,-1
https://www.ninisite.com/user/3586cbe8-cbc1-471b-a565-7c960b1fbb76/supermama,unknown,-1
https://www.ninisite.com/user/907f1451-c86d-43ba-aeca-93aa660b1a65/%D9%85%D9%87%D9%84%D8%A76353,unknown,-1
https://www.ninisite.com/user/b7c2e05b-9c9c-4bce-bbe8-c99c6bac09b7/glad4,unknown,-1
https://www.ninisite.com/user/1480dc19-94dd-4002-a545-e00b7df4a99c/mobina,unknown,-1
https://www.ninisite.com/user/2070cd66-882e-4bfc-b059-fd049032ad73/najla,unknown,-1
https://www.ninisite.com/user/7b0965f5-72c2-4b8b-9918-fb28afed657a/cudhdjdkdo,unknown,-1
https://www.ninisite.com/user/95c31faa-c1df-48d1-bba1-572676f792b1/%D8%B5%D8%A7%D8%AF%D9%82%DB%8C%D8%A7%D9%86%D9%85,unknown,-1
https://www.ninisite.com/user/b1affb36-0226-4af4-a1d9-3946a43f5084/asal1504,unknown,-1
https://www.ninisite.com/user/fcaa8744-4f34-4e81-bec5-63cd423aec40/%D8%A8%DB%8C%D8%AD%D9%88%D8%B5%D9%84%D9%87%D9%87%D9%87%D9%87%D9%87%D9%87%D9%87%D9%87,unknown,-1
https://www.ninisite.com/user/51e4da73-5408-4d22-ae1b-435b9051e833/princcess2020,unknown,-1
https://www.ninisite.com/user/ea9f585c-3e41-4deb-8504-fec637c4f2a5/%D9%85%D9%87%D8%AA%D8%A7%D8%A8%DB%B2%DB%B3,unknown,-1
https://www.ninisite.com/user/7b75e99a-341c-4d68-ab27-a7bad12ebad0/mahi-ayma,unknown,-1
https://www.ninisite.com/user/bd56c683-f003-4b91-9f07-39cf6c22c458/%D8%AE%D9%88%D8%A7%D9%87%D8%B1%D8%AD%D8%A8%DB%8C%D8%A8,unknown,-1
https://www.ninisite.com/user/9554cbae-c30d-41a2-82d6-de08d7c6e3c9/%D8%A7%D8%B3%DB%8C%D8%AF-%D9%85%DB%8C%D9%82%D9%88%D9%84%DB%8C,unknown,-1
https://www.ninisite.com/user/640d2872-8c8c-4de6-8f90-7f463e8d4c6c/lexsozz,unknown,-1
https://www.ninisite.com/user/338ad858-d728-458b-bc3a-cbc366ceeeee/shivana99,unknown,-1
https://www.ninisite.com/user/fae7e8f5-53ef-492d-b268-9a7cfbcf61da/banooaylin,unknown,-1
https://www.ninisite.com/user/fc62917d-b38f-4a52-9a0b-d18ee85548fa/%D9%85%D8%B1%D9%88%D8%A7%D8%B1%DB%8C%D8%AF%DB%B1%DB%B4%DB%B0%DB%B0,unknown,-1
https://www.ninisite.com/user/4b7bc144-0c37-4efe-a1df-565408ce9fd0/yashilam,unknown,-1
https://www.ninisite.com/user/849415bb-e532-495c-8b5c-459beff979d7/busygirl,unknown,-1
https://www.ninisite.com/user/1150e1c4-8380-4f4a-af16-de389b72ef0c/moshavreraygan,unknown,-1
https://www.ninisite.com/user/004d12f6-e735-4b3f-97db-7799e14a4fd3/%DA%A9%D9%86%DA%AF%D8%B1%D9%85%D8%A7%D8%B3%D8%AA,unknown,-1
https://www.ninisite.com/user/15bc957f-abcf-4be4-8310-5bb427dbf87b/faaateeeme,unknown,-1
https://www.ninisite.com/user/a0b04663-cde9-4d4f-b2f9-d2981e0d4f15/%D8%B4%D9%87%DB%8C%D9%86-%D9%85,unknown,-1
https://www.ninisite.com/user/027d106e-4986-4147-a601-61cfcd5e2284/dokhiariyayi,unknown,-1
https://www.ninisite.com/user/13101502-2f47-4a1a-9379-49202097da79/%D8%B5%D9%88%D9%81%DB%8C%DB%8C%DB%8C,unknown,-1
https://www.ninisite.com/user/9d23e180-c8fb-4012-b56c-9810f734e6a6/%D8%B3%D9%88%D8%B3%D9%86%D8%A8%D8%A7%D9%86%D9%88,unknown,-1
https://www.ninisite.com/user/aa319ddb-c40b-4ff4-9564-1f01f7132f40/banoo13%DB%B6%DB%B2,unknown,-1
https://www.ninisite.com/user/01310c70-1342-423f-9e4f-0b3222590ab0/korena,unknown,-1
https://www.ninisite.com/user/d510bd1d-8626-4282-b0b9-7d7a4f861fa3/212sarina,unknown,-1
https://www.ninisite.com/user/c54cc923-37f6-4cc0-b205-14674cfb013b/%D8%A8%D9%86%D8%AF%D9%87-%D8%AE%D8%AF%D8%A7%DB%8C-%D9%85%D9%87%D8%B1%D8%A8%D8%A7%D9%86,unknown,-1
https://www.ninisite.com/user/e39ec8ed-a75c-4210-baa6-6f34659270f2/mahtab0021,unknown,-1
https://www.ninisite.com/user/7fc7901f-da8a-4020-97d3-2c2f1e41e9df/%DA%98%D8%B1%D9%88%DB%8C%D8%B1%D8%A7,unknown,-1
https://www.ninisite.com/user/405136af-de56-4875-a756-c4c5bcbfe9ae/mitraaaaaaaaaaaaa,unknown,-1
https://www.ninisite.com/user/ccccb398-c9a6-4ebf-94d7-2d79027bb509/%D8%A7%D9%93%DB%8C-%D8%A7%D9%93%D8%AF%D9%85%D9%87%D8%A7,unknown,-1
https://www.ninisite.com/user/52221a75-ec74-4203-ab74-ba48a77b94b4/%D8%AA%D9%88%D8%A8%DA%AF%D9%88%D8%AD%D9%86%D8%A7,unknown,-1
https://www.ninisite.com/user/434d5e60-befc-483b-b175-0d88cd1efcb1/%D8%B9%D8%A7%D9%84%D9%85%D9%85%D8%B9%D9%86%D8%A7,unknown,-1
https://www.ninisite.com/user/c70baea8-b532-476c-936b-97825085610e/%D8%BA%D8%B1%D8%A7%D9%86,unknown,-1
https://www.ninisite.com/user/5b211b74-497d-4daf-aca5-12e08201f332/%D8%B3%D8%A7%D8%AD%D9%84-%D8%AA%D8%B1%DA%A9%DB%8C%D8%AF%D9%87-%D9%87%D8%B2%D8%A7%D8%B1%D8%A8%D8%A7%D8%B1,unknown,-1
https://www.ninisite.com/user/5440d2d6-d540-4a1c-82fe-b7a3130f0e47/she-is-fateme,unknown,-1
https://www.ninisite.com/user/30564e0a-13e7-4b68-8950-9758377199f0/%DA%AF%D9%84%D8%AF%D9%88%D9%86%D8%AE%D8%A7%D9%86%D9%85,unknown,-1
https://www.ninisite.com/user/6c2d0324-6d3d-4b7c-8d09-b597aded5de1/hi7687,unknown,-1
https://www.ninisite.com/user/b4b98535-b014-4095-bec0-aeb3819b8870/tatiianaa,unknown,-1
https://www.ninisite.com/user/d6732581-c818-426a-aef1-e72c10706704/kourd,unknown,-1
https://www.ninisite.com/user/64450251-f7de-4a63-802a-3dbf01a1b329/salar1352,unknown,-1
https://www.ninisite.com/user/69822726-28a8-4323-88e0-fea3814e2639/%D8%AF%D8%AE%D8%AA%D8%B1-%DA%A9%DB%8C%D9%88%D8%AA,unknown,-1
https://www.ninisite.com/user/3aacdafe-441d-4e8b-a3de-493f0cfd2cd7/%D9%85%D8%B1%D8%B6%DB%8C%D9%87282,unknown,-1
https://www.ninisite.com/user/fbeb4b21-3520-4198-bac0-e28fecb2caba/%D8%B4%D8%A8%D8%AA%D8%A7%D8%A8%DB%B1%DB%B1%DB%B1%DB%B1,unknown,-1
https://www.ninisite.com/user/ab0205fa-2a03-447b-a495-bda417bc9d1f/%D9%86%D8%A7%D8%AA%DB%8C%D9%86%DA%AF%D9%87%D8%A7%D9%85,unknown,-1
https://www.ninisite.com/user/cb876e9a-7d73-49d8-9064-4d7eb81adeb4/%D8%B3%DB%8C%D8%B3%DB%8C%D8%AA%D8%A7,unknown,-1
https://www.ninisite.com/user/85354900-3973-4ad8-a09b-a58d94fafccb/aaasheytoonbala,unknown,-1
https://www.ninisite.com/user/2124bc0e-be87-42ed-94d4-82ecba03f93f/shabnam1359,unknown,-1
https://www.ninisite.com/user/6a288269-6a5a-42a8-a291-81f2afed6a8d/ohhjkl,unknown,-1
https://www.ninisite.com/user/6e33e153-0b06-450a-9ab1-0d199bd8d94d/mah222,unknown,-1
https://www.ninisite.com/user/da3a3a39-9209-40c3-a0e4-4824593bf06f/%D8%AF%D8%AE%D8%AA%D8%B1%D8%A7%D9%93%D8%AF%D9%85%DB%8C%D8%B2%D8%A7%D8%AF,unknown,-1
https://www.ninisite.com/user/30100a32-6430-4200-9d61-296da7f2deeb/my-asali,unknown,-1
https://www.ninisite.com/user/db83da30-bf6a-4cbe-a4f0-e3da5adf68c9/%D8%A8%D9%86%D9%81%D8%B4%D9%87001,unknown,-1
https://www.ninisite.com/user/6948c222-d361-4aaf-8142-2a4ee6051bad/aniyaaaaaaz,unknown,-1
https://www.ninisite.com/user/4cf7ce54-48be-48a4-a42d-ecb2b2cddb03/%D9%87%D8%B1%D8%B1%D8%B1-%D9%87%D8%B1%D8%B1%D8%B1%D8%B1,unknown,-1
https://www.ninisite.com/user/95795684-c97a-411c-8c1f-1db5934ac856/dohkicutee,unknown,-1
https://www.ninisite.com/user/bb77e4ba-14db-481c-978d-5acfffa73ee1/6negar1676,unknown,-1
https://www.ninisite.com/user/c0651d5c-be8e-44db-8f0f-5cbc3515a76a/mahmahdieh,unknown,-1
https://www.ninisite.com/user/fd5e5fed-d2e4-47bf-914b-68df16991494/tanammm,unknown,-1
https://www.ninisite.com/user/cb9810a1-22df-4976-974a-fd5ebad7b036/%D9%85%D8%A7%D9%87%DA%A9%DB%B4%DB%B0%DB%B0,unknown,-1
https://www.ninisite.com/user/c90930d9-6833-44ff-bc48-51d3f3a1b8d1/%D9%87%D9%86%D8%AF%D9%88%D9%86%D9%87-%D8%B4%DB%8C%D8%B1%DB%8C%D9%8679,unknown,-1
https://www.ninisite.com/user/f392f0be-ad9e-4e66-82bd-70cfdd06d210/%D8%A8%D8%A7%D9%86%D9%881820,unknown,-1
https://www.ninisite.com/user/059eda2a-e1df-43d8-95c3-4e0a5a2de732/khalejoooooooooon333,unknown,-1
https://www.ninisite.com/user/46455ca8-739f-42eb-ad5c-8f4f1f07959f/%D8%B9%D8%B5%D8%A8%DB%8C%DB%8C%DB%8C,unknown,-1
https://www.ninisite.com/user/23c05ab1-7278-4dc8-9f9b-413046e8471f/fengh,unknown,-1
https://www.ninisite.com/user/dbc47313-a18b-4935-9d11-79b57d2a8575/%D8%B3%D8%A7%D8%BA%D8%B11371,unknown,-1
https://www.ninisite.com/user/54bcd0f8-6fcf-426b-8ce2-ec0d397a9b1e/atossa,unknown,-1
https://www.ninisite.com/user/e18bda8a-bae1-43d9-b044-84e56c471bee/oo%D8%A7%D9%86%D8%AA%D9%87%D8%A7oo,unknown,-1
https://www.ninisite.com/user/d718a9b1-34d7-4013-a7c8-4c9f0422dea8/%D9%85%D8%B4%D8%A7%D9%88%D8%B1%DA%A9%D9%86%DA%A9%D9%88%D8%B1%D8%B1%D8%B1,unknown,-1
https://www.ninisite.com/user/5e27ad05-7e97-42b3-8cea-1c0544b3f507/bina,unknown,-1
https://www.ninisite.com/user/0f1bb385-f7d3-4d6f-bc31-22d56eee9be8/slai,unknown,-1
