profile_url,gender,gender_code
https://www.ninisite.com/user/00509d2c-8a22-46d5-9876-6586a7180c0e/m1360000000,مرد,0
https://www.ninisite.com/user/0063f44c-1f97-43fd-a038-a1bd256c2d54/shayan6666,مرد,0
https://www.ninisite.com/user/00a5da28-fd35-481e-b649-49a4f8e7f0fb/%D9%BE%D8%AF%D8%B1%D8%A7%D9%85%DB%B8%DB%B0,مرد,0
https://www.ninisite.com/user/00b05724-793d-49f7-bf7d-10cebe79ed99/%D8%B3%D8%B9%DB%8C%D8%AF6999999,مرد,0
https://www.ninisite.com/user/00efcc61-c079-4f84-b385-22d0125d973a/nahannama,مرد,0
https://www.ninisite.com/user/015054a5-d59f-4200-ab40-136d3ce03517/robinroom,مرد,0
https://www.ninisite.com/user/0158d93a-f596-4175-9201-f68f6243ebfd/raikai,مرد,0
https://www.ninisite.com/user/01ac769d-404a-42ca-a532-bd63922b2f23/aammmiiirr,مرد,0
https://www.ninisite.com/user/01d92aa9-1224-4f31-ba13-0d44341ee8b6/%D9%BE%D8%B3%D8%B1%D8%A8%D8%B1%D9%81%DB%8C,مرد,0
https://www.ninisite.com/user/02404c31-c056-4038-b2f9-5ede8579a30c/%D8%AA%D9%86%D8%A7%D8%A7%D9%87%D8%AA%D8%A7%D8%A7,مرد,0
https://www.ninisite.com/user/024cdb05-8c0a-472f-bea7-79667b416365/%DB%8C%D8%A7%D8%B3%D8%A7%D8%AA,مرد,0
https://www.ninisite.com/user/02e409fa-849a-4dce-aea5-57cc3b939bfa/daniel-palermo,مرد,0
https://www.ninisite.com/user/037cddf9-fc7f-4070-bd3b-03c0032f6d87/%D8%B3%D8%AC%D8%A7%D8%AF%DB%B1%DB%B9%DB%B8%DB%B6,مرد,0
https://www.ninisite.com/user/03898b37-4cd0-4b43-bb78-bc5cc22eb514/%D8%B5%D8%AF%D8%B1%D8%A7%DB%8C,مرد,0
https://www.ninisite.com/user/03b878f1-5263-4172-b239-a5e780a9b448/%D9%80%D8%B9%D9%84%DB%8C%D9%80%DB%B3%DB%B1%DB%B3,مرد,0
https://www.ninisite.com/user/03b9e8c5-e1c9-4ba9-954f-3799d0587e98/landy,مرد,0
https://www.ninisite.com/user/03cb7514-b44f-4e37-9f46-7e9d1e597a96/arash,مرد,0
https://www.ninisite.com/user/03ff3e0e-ff4f-4658-864f-771acbc80e8f/mojarrad,مرد,0
https://www.ninisite.com/user/0409ed9f-1d2c-4b67-afbc-977b0c33e133/armimhak,مرد,0
https://www.ninisite.com/user/0469a0b1-cb54-4f94-94b3-557a008115fe/%D9%85%D9%87%D8%AF%DB%8C2525,مرد,0
https://www.ninisite.com/user/049d1734-4e4a-4915-9d0a-66c84801b916/vahid-m,مرد,0
https://www.ninisite.com/user/04da5e97-d6e1-439e-8c97-14b41ff68a0a/hiddenboyrrr,مرد,0
https://www.ninisite.com/user/04ff319a-f85f-4bc4-b8b6-c3ff04e236ac/%D8%A7%D9%82%D8%A7%DB%8C-%D8%B5%D8%A7%D8%AF,مرد,0
https://www.ninisite.com/user/05011948-abd8-42d4-805b-758269fbb42a/%D9%85%D9%84%DA%A9%D9%87-%D8%B4%D8%A8%DB%B1%DB%B2%DB%B3%DB%B4,مرد,0
https://www.ninisite.com/user/0501ab19-521d-4c52-8b0f-6a389d11aaa3/asman779,مرد,0
https://www.ninisite.com/user/0519702c-77d9-46e3-9417-c4c3baede0d7/%D8%A7%D9%85%DB%8C%D8%B1hossin,مرد,0
https://www.ninisite.com/user/05231222-358a-4a6d-b65b-dda5177fa25f/%D9%84%D9%88%D9%BE%D8%AA%D9%88,مرد,0
https://www.ninisite.com/user/05342f10-77b4-47c3-b0e6-6b540b6bacd9/%D8%B9%D8%B5%D8%A7%D8%B1%D9%87%D8%A8,مرد,0
https://www.ninisite.com/user/05b2e7f8-835c-4842-899c-d76469846f6b/zahra8023,مرد,0
https://www.ninisite.com/user/05cf3e8f-7cdd-4102-8e68-dc9a9b97d13c/master-ali,مرد,0
https://www.ninisite.com/user/06086367-ae9a-4ee5-b0e1-51cbf6f9313f/7712hassa,مرد,0
https://www.ninisite.com/user/0618062f-133c-48e5-900e-340a57b64411/123sadegh,مرد,0
https://www.ninisite.com/user/0635061d-366c-4434-a0e0-26b6d4123292/%D8%AF%D9%86%DB%8C%D8%A7-%D8%AE%D9%88%D8%A7%D8%A8-%D8%AE%DB%8C%D8%A7%D9%84%D9%87,مرد,0
https://www.ninisite.com/user/0685b590-8b0f-42b7-8696-d66963c47efc/%D8%B4%D8%A7%D9%87%D8%B1%D8%AE28,مرد,0
https://www.ninisite.com/user/06906111-d52c-4a08-a6e7-39a49db4b540/amirali249600,مرد,0
https://www.ninisite.com/user/069c17fc-24c6-49d2-a2ce-39897801e6c3/zolghrnein,مرد,0
https://www.ninisite.com/user/06ada368-9fbe-4902-a38c-63d842eceddb/%D8%AE%D8%B3%D8%B1%D9%8888,مرد,0
https://www.ninisite.com/user/06db166c-1fb9-4739-9b71-f2205781d3aa/mehdivihan64,مرد,0
https://www.ninisite.com/user/06db5a84-1071-4ce0-841d-831a746829e6/aghaye-rengo,مرد,0
https://www.ninisite.com/user/06e1d583-223a-4193-b518-0cd0430e2319/playar,مرد,0
https://www.ninisite.com/user/077e7e94-20af-4e90-a5db-6e67127b70cc/alisan,مرد,0
https://www.ninisite.com/user/0790b8a5-741a-42a1-8dc4-b2cd857ad6a0/erfan988898898,مرد,0
https://www.ninisite.com/user/07be7bfe-c571-484e-942e-c51cccb82d96/eshghman373,مرد,0
https://www.ninisite.com/user/07fcc443-10b4-474a-bab6-d8863a30b02e/mmmmmnndf,مرد,0
https://www.ninisite.com/user/08229e95-7f3f-4049-9674-15ea45e4a326/amin1363,مرد,0
https://www.ninisite.com/user/083bd383-3c5a-4475-a611-c1f57ed43915/53,مرد,0
https://www.ninisite.com/user/0851f9d8-4e6c-49a1-9c21-4465aaf13494/hosein000001,مرد,0
https://www.ninisite.com/user/0889e506-06a6-4ce6-9666-39fe9f5f3fed/ianpartov,مرد,0
https://www.ninisite.com/user/08c9e477-82be-46b1-8871-e1ef8af30db5/%D9%85%D8%B4%D8%A7%D9%88%D8%B1-%D8%B3%D8%A7%DB%8C%D8%AA,مرد,0
https://www.ninisite.com/user/090f234e-311c-4e2f-8302-7227002c18c6/%D8%AD%D8%B3%D9%86%DA%86%DA%A9%D9%84,مرد,0
https://www.ninisite.com/user/098a338b-0216-4e18-90cc-7f8083e68e92/mohamad20-233,مرد,0
https://www.ninisite.com/user/09b9596f-4ff1-486a-b1c5-18f4ddbab699/unknown-user1,مرد,0
https://www.ninisite.com/user/09d7b3c9-b34d-4e4e-b095-e3800fd61d5c/91201-%D8%A7%D8%AD%D8%B3%D8%A7%D9%86,مرد,0
https://www.ninisite.com/user/09ffe253-8880-408b-af48-cb2292bdf75b/%D8%AD%D9%85%DB%8C%D8%AF11%D9%87%DB%8C%D8%B1%D8%A7%D8%AF,مرد,0
https://www.ninisite.com/user/0ad172fb-2f8c-4299-ad2b-caec1c1f3132/dariiush,مرد,0
https://www.ninisite.com/user/0aee7fef-5183-491e-b14d-1025453909d3/fei,مرد,0
https://www.ninisite.com/user/0b1c3401-edd0-443b-a22d-e5d80b93e32b/%D8%AC%D8%A7%D9%88%DB%8C%D8%AF%DA%AF%D9%86%D8%AC%DB%8C,مرد,0
https://www.ninisite.com/user/0b393a07-5090-4457-81f1-de2440a5e14f/%DA%A9%D8%B1%D8%A8%D8%AE%D8%AA%DB%8C%D8%A7%D8%A7%D8%A7%D8%A7%D8%A7%D8%B1%DB%8C,مرد,0
https://www.ninisite.com/user/0b857069-f0af-4e34-9c79-8ffa59260b4f/%D9%85%D8%A7%D9%84%D8%A8%D8%B1%D9%88%D9%88%D9%88%D9%88%D9%88,مرد,0
https://www.ninisite.com/user/0ba64071-637f-4db3-aa5d-3776cc17d883/%D8%A7%D8%AD%D9%85%D8%AF%D8%B1%D8%B6%D8%A7,مرد,0
https://www.ninisite.com/user/0bd139f8-915e-4c5f-b0ac-78dcb0b6ff49/lordloss,مرد,0
https://www.ninisite.com/user/0c06fd33-b2b5-4721-a900-b59b3681d6ff/876926,مرد,0
https://www.ninisite.com/user/0c1b6d85-fb74-4ee4-99af-0379780a545d/%D8%B4%D8%A7%D8%AF%D9%85%D9%87%D8%B1%DB%B7%DB%B7%DB%B7,مرد,0
https://www.ninisite.com/user/0c20519e-9dc6-47f4-836f-30f25ec4bbdb/benjamin0,مرد,0
https://www.ninisite.com/user/0c4d2b05-46ea-4a62-9cb8-61c5781d4c8c/%D9%85%D9%84%DB%8C%D8%B3%D8%A7%D9%85%D9%85,مرد,0
https://www.ninisite.com/user/0c5703cc-7936-47c4-a557-af4b4d74171b/savaree,مرد,0
https://www.ninisite.com/user/0c877850-e8c1-45b6-82a4-a6d5c82988c5/erfanfer-00,مرد,0
https://www.ninisite.com/user/0c93040a-a8ab-42c0-b13b-1a61ecb09440/bt123,مرد,0
https://www.ninisite.com/user/0ce6e89f-c5e0-4aa4-b302-c009691d9795/mr-jack,مرد,0
https://www.ninisite.com/user/0cee5163-8860-4490-9408-dbd6601c9163/%D8%AE%D8%B1%DA%AF%D9%88%D8%B43sabz,مرد,0
https://www.ninisite.com/user/0cf59d40-f4e1-4b18-a4df-27da21039e9e/13h,مرد,0
https://www.ninisite.com/user/0d23710e-21ea-4d12-8105-7f1f86bffd2b/shahriar139,مرد,0
https://www.ninisite.com/user/0d38979d-a665-4810-887a-2c64439870cd/fkckkdkxxlld,مرد,0
https://www.ninisite.com/user/0d516961-96e8-480e-af3f-6d7c782c4be5/%D9%85%D9%87%D8%AF%D8%B1%D8%A7%D9%87%D9%86%D9%85%D8%A7,مرد,0
https://www.ninisite.com/user/0d6d7acf-3057-4b3c-99ac-d713a17b5bb8/%DA%AF%D8%B4%D8%AA%D8%A7%D9%BE%D9%88%D9%88,مرد,0
https://www.ninisite.com/user/0e2dfd7e-eff5-49f9-b0bb-eeee7545f8f7/babayenoraaa,مرد,0
https://www.ninisite.com/user/0e54e3a8-38ad-4b18-9f10-9569c54e6e97/abol8229,مرد,0
https://www.ninisite.com/user/0ea19a2f-7493-47e8-836a-b07acf389947/ainoorr1376,مرد,0
https://www.ninisite.com/user/0f05c2cd-6671-4833-99d0-ffe3efe3b054/%D9%BE%DB%8C%D9%85%D8%A7%D9%86%DA%A9%D8%A7%D8%B1,مرد,0
https://www.ninisite.com/user/0f35bcaa-4667-41db-a691-8c6d712a3250/%D8%B9%D8%A8%D8%A7%D8%B3%DB%8Ch,مرد,0
https://www.ninisite.com/user/0f3f55a8-facc-4232-a910-d1f44a9ebdf0/hershhh,مرد,0
https://www.ninisite.com/user/0f8c1675-a4f5-47ca-84c7-22150c1c8bad/mamali83,مرد,0
https://www.ninisite.com/user/0fa1967f-1280-492a-b68d-2d9c53e7b303/hossssssieeeeeeeen25,مرد,0
https://www.ninisite.com/user/0fc8ee4d-4f60-4735-a971-463169b3c1bf/mrghost,مرد,0
https://www.ninisite.com/user/0fd71021-82c4-4a7a-a1e8-13e1be4a48b8/m30a,مرد,0
https://www.ninisite.com/user/1017eac3-89c7-47b2-bffa-6ca3c8fa5b9d/%DB%B0benjamin,مرد,0
https://www.ninisite.com/user/109fecfc-57b2-4c06-8666-f0ea5c8435b3/lovely-blue,مرد,0
https://www.ninisite.com/user/10efcd2d-96a5-4380-b6fe-90bb6d6b01cd/ab2002,مرد,0
https://www.ninisite.com/user/1107ac45-4666-4f84-84c1-4f273038ab72/%D9%88%DA%A9%DB%8C%D9%84-%DB%8C%D8%A7%D8%B1-%D8%A7%D9%88%D9%84,مرد,0
https://www.ninisite.com/user/113a0916-2477-4956-9d36-620c1f22cae9/mordecool,مرد,0
https://www.ninisite.com/user/116183e6-9800-43e5-9e14-622cc0938f50/glbhr,مرد,0
https://www.ninisite.com/user/116ab5ff-19f4-4260-bed7-a9360ece78a5/mohammad-husse021,مرد,0
https://www.ninisite.com/user/117b4c59-b3ef-40e8-b66e-16c4319b4bab/mohmmad-%D8%A7%D9%93%D9%82%D8%A7,مرد,0
https://www.ninisite.com/user/11a6da7c-defe-4dac-9922-bf09618fd003/movahed66,مرد,0
https://www.ninisite.com/user/11c33458-c6ab-4740-bc74-b3d8310f0788/masir9,مرد,0
https://www.ninisite.com/user/11e55cf9-6814-4b6d-bca9-977a571971ae/%D8%A8%D8%A7%D8%A8%D8%A7%D8%B2%D8%A7%D8%B1-%D8%A7%D8%A8%D9%88%D8%AD%D8%B3%DB%8C%D9%86,مرد,0
https://www.ninisite.com/user/123876a8-e040-43f5-a677-ab3f3af50184/aykam,مرد,0
https://www.ninisite.com/user/12abe56f-45e6-472a-b166-4960382c54b9/behnam1366,مرد,0
https://www.ninisite.com/user/12b9e3ad-64b5-4a09-8827-1b59821c2df3/%D8%B4%D8%A7%D9%87%D8%A7%D9%86vaziri2025,مرد,0
https://www.ninisite.com/user/12cf9908-f941-4c6c-9a0c-ec2a05cf76de/mammadireza,مرد,0
https://www.ninisite.com/user/12ee2e7c-ab31-4d3e-9905-a0a6dbbaf1bc/mahhddii,مرد,0
https://www.ninisite.com/user/12f0d169-e663-4de6-b3c9-65200e821f79/rezaa12,مرد,0
https://www.ninisite.com/user/13159a77-8fa0-4416-87bc-e9103f26c79b/ar07,مرد,0
https://www.ninisite.com/user/135ad16b-85aa-4550-b9dd-389e40b92d5e/%D8%AE%D8%B3%D8%B3%D8%AA%D8%AA%D9%85,مرد,0
https://www.ninisite.com/user/137c26a4-7c91-4b21-bd6c-e41d227fd075/little-human,مرد,0
https://www.ninisite.com/user/139efea8-34a9-4dbb-988e-747b2e8073e2/khaste-shab,مرد,0
https://www.ninisite.com/user/13fd7242-aedd-49db-93a3-78a649c48b67/%D8%B1%D9%85gha1369,مرد,0
https://www.ninisite.com/user/1473e3ec-1ad6-43d5-9d47-9d0e58562ba5/saieed-hp75,مرد,0
https://www.ninisite.com/user/147db4a5-cb41-4db2-98a5-7c9542b00e3a/kedertarin,مرد,0
https://www.ninisite.com/user/14bebf28-c51d-4f0a-a972-fb8e11e59928/m0hsen,مرد,0
https://www.ninisite.com/user/14ce73b6-e2a8-45ee-be0e-0ef15ed56d68/froohar,مرد,0
https://www.ninisite.com/user/15ccb266-a8cb-47fa-96d4-aa8b2f20bfc8/saniker,مرد,0
https://www.ninisite.com/user/16153a5a-f885-4d50-8f38-acb666343add/%D9%86%D8%A7%D8%A7%D8%A7%D8%B4%D9%86%D8%A7%D8%B3%D8%B3%D8%B3,مرد,0
https://www.ninisite.com/user/163555b9-e7cb-42b3-857c-8a69a5e6ac5f/saiavash2222,مرد,0
https://www.ninisite.com/user/1637678f-023f-4a00-b964-8bf1cfc4b05b/777nima,مرد,0
https://www.ninisite.com/user/16686902-3b33-46c4-9b2f-c83489cba754/%D9%BE%D8%B3%D8%AA-%D8%B4%D9%85%D8%A7-%D8%B1%D8%A7-%D9%BE%D8%B3%D9%86%D8%AF%DB%8C%D8%AF,مرد,0
https://www.ninisite.com/user/16a7a5d2-25f2-4445-b091-5d593fd92493/esmailoni,مرد,0
https://www.ninisite.com/user/16adc76a-172b-4da1-beb7-c84f477c980a/amiirr-abas,مرد,0
https://www.ninisite.com/user/16deb4a8-2327-436f-9376-816b8d5d3768/smh1369,مرد,0
https://www.ninisite.com/user/16e4f30c-c762-4ce6-bab0-1ea7f9385e5b/ashakurd1,مرد,0
https://www.ninisite.com/user/16e8b1fb-2296-494e-9b64-a3ab70517fb2/matin-70,مرد,0
https://www.ninisite.com/user/172afd64-2f6d-4e36-990f-2e51496771c3/davion,مرد,0
https://www.ninisite.com/user/1753bd4d-84ae-4611-8bf5-a5a39e1c65d8/%D8%A7%D9%85%D9%BE%D8%B1%D8%A7%D8%B7%D9%88%D8%B1%DA%A9%D8%B2%D9%88%DA%A9%D9%88,مرد,0
https://www.ninisite.com/user/17bb90ab-f830-4408-9de0-456c7ed315a0/mamadsalam,مرد,0
https://www.ninisite.com/user/17bf2629-6e13-4f72-abe0-b7e08effff03/greenway,مرد,0
https://www.ninisite.com/user/17c3447b-91f2-4509-9965-2da4e45c27c7/%D8%A7%D9%82%D8%A7%D9%8A-%D8%B9%D8%B1%D8%A8,مرد,0
https://www.ninisite.com/user/17ecd531-0069-4ba5-b8bb-7ac52130523d/yasnaselena,مرد,0
https://www.ninisite.com/user/17f17867-d127-4baf-aca8-c67f2be3a4da/amirmehdisa,مرد,0
https://www.ninisite.com/user/183a1fdb-2c52-4cc2-a98a-70d49ab2bef6/%D8%A8%D8%A7%D8%A8%D9%85%D8%A7%D8%B3%D8%AA,مرد,0
https://www.ninisite.com/user/183d295b-78f2-4c0e-9a2c-335da252029c/%D8%B7%D8%A7%D9%87%D8%A7%D8%B9%D8%B3%DA%A9%D8%B1%DB%8C98,مرد,0
https://www.ninisite.com/user/18495522-f1e5-4c35-b21d-afe7aeebbeae/%D8%A7%D8%AD%D8%B3%D8%A7%D9%86021,مرد,0
https://www.ninisite.com/user/18b2411c-2cd4-4270-a340-881eac9625a8/lotoos-39,مرد,0
https://www.ninisite.com/user/18c5ffb9-ecbc-43cd-bec0-add15a165f4a/mahdi%D9%85%D8%B4%D8%A7%D9%88%D8%B1,مرد,0
https://www.ninisite.com/user/18f6e025-d647-4e94-a85e-53f8c13fa5b9/%D9%81%D8%B1%D8%B4%D8%A7%D8%AF1990,مرد,0
https://www.ninisite.com/user/194a76e9-7797-4db7-a1e0-2bceee42a7bb/goltermme82,مرد,0
https://www.ninisite.com/user/194de59f-047c-4302-9bda-7c3b54b3827f/blazingstarr,مرد,0
https://www.ninisite.com/user/1959c5a1-9bb8-444a-8f6a-6909982b8eb1/nnnnnnnnnnnnnnnnnnn,مرد,0
https://www.ninisite.com/user/199c2e0c-dc29-44f9-a711-633546a58464/%D8%B3%D8%A7%D8%B9%D8%AF1234500,مرد,0
https://www.ninisite.com/user/19a27416-11f2-41e8-af50-4a070bf91409/%D8%A8%D9%87%D8%B2%D8%A7%D8%AF404,مرد,0
https://www.ninisite.com/user/19b6ec9d-4423-4625-b550-823a254ff9ad/%D9%85%DB%8C%DA%A9%D8%A7%DB%8C%DB%8C%D9%8411,مرد,0
https://www.ninisite.com/user/19d08d16-d1e4-4c18-a2d4-1c95022c7ff9/%D8%AA%D8%A7%DB%8C-%D9%84%D8%A7%D9%86%DA%AF,مرد,0
https://www.ninisite.com/user/19fd5602-9d41-4e7a-8665-673824084958/%D9%87%D9%85%D8%B3%D8%B1%D9%85%D9%87%D8%B1%D8%A8%D8%A7%D9%861,مرد,0
https://www.ninisite.com/user/1aa70094-2edc-4441-a4a4-4ec930b74c78/amir-76,مرد,0
https://www.ninisite.com/user/1ab49c0f-9a30-4b5f-87a4-9cc59bf8ecd0/%D8%A7%D9%85%DB%8C%D8%B1%D8%B9%D9%84%DB%8C2496,مرد,0
https://www.ninisite.com/user/1acb6b97-9459-4d25-b2dc-c50fddce6343/esoff,مرد,0
https://www.ninisite.com/user/1af8ed7a-0b0a-4e1b-960b-786cebc19efb/crusebagwell,مرد,0
https://www.ninisite.com/user/1b18298f-3627-45b4-906c-922f9ce78192/yazdan78,مرد,0
https://www.ninisite.com/user/1b1b5540-3f1f-4a2e-a2c2-6f546eec2767/%D8%A7%D9%93%D9%84%D8%B9%D9%85%D8%B1%D8%A7%D9%86,مرد,0
https://www.ninisite.com/user/1bcd1121-5119-479e-819f-5b46eface54d/vgym22,مرد,0
https://www.ninisite.com/user/1bd007c2-aa9e-47c4-b3fb-f13fbde4d1f8/%D8%B3%DB%8C%D9%85%DB%8C%D9%8667,مرد,0
https://www.ninisite.com/user/1c312b2f-8a76-41e5-b5f3-779959f6868c/%D8%A7%D8%B5%D8%BA%D8%B1%DB%B9o,مرد,0
https://www.ninisite.com/user/1d47aba0-c3be-4497-abfe-22bc36ca38a6/%D8%A7%D9%93%D9%82%D8%A7%D8%A7%D8%AD%D8%B3%D8%A7%D9%86,مرد,0
https://www.ninisite.com/user/1d704fa7-2c90-42f9-898f-bac2b3791c62/vaheddd,مرد,0
https://www.ninisite.com/user/1dacdde3-f171-4956-9127-e6f0e2492411/biiiiiiinam,مرد,0
https://www.ninisite.com/user/1db519de-748e-4ef2-8ba1-29e3693d2bd3/%D9%88%DB%8C%DA%A9%D8%AA%D9%88%D8%B1%DB%8C%D9%86,مرد,0
https://www.ninisite.com/user/1dfbc5e4-c2f1-4403-922c-294e7cc45ef9/hsssssaa,مرد,0
https://www.ninisite.com/user/1dfc203a-321f-4a42-9680-4f849a55063a/%D8%A8%D8%AC%D9%86%D9%88%D8%B1%D8%AF%D8%AF,مرد,0
https://www.ninisite.com/user/1e0870ee-3958-4426-a5e8-aa314ac293a1/0338mehran,مرد,0
https://www.ninisite.com/user/1e402890-9ca8-4543-865e-234aa3e45234/ahb852,مرد,0
https://www.ninisite.com/user/1f07ccd9-a32d-40b2-9511-c987f976e8c2/fardiniho,مرد,0
https://www.ninisite.com/user/1f113ebb-ab21-4db1-bdcf-2de79c3acb54/%D8%B3%DB%8C%D9%86%D8%A7%D9%81%D8%B1%D8%A7%D9%85%D8%B1%D8%B2%DB%8C,مرد,0
https://www.ninisite.com/user/1f1e36e2-3bef-4064-8819-a047f79b1e25/repost,مرد,0
https://www.ninisite.com/user/1f56c05c-31d7-4a1a-9878-393ae0cb1bba/646464,مرد,0
https://www.ninisite.com/user/1f798c8a-ff51-4b3f-9bbb-0ed7906c7a84/%DA%86%DB%8C%D9%BE%D8%B31400,مرد,0
https://www.ninisite.com/user/200d2d1d-0f7c-474f-a799-504ace1cae1f/sina826hdjj,مرد,0
https://www.ninisite.com/user/20667d01-a805-4aac-805f-b96077055b8b/alipz,مرد,0
https://www.ninisite.com/user/207e6a82-adce-4662-8bee-4ed0e3a4cb24/aligudy2,مرد,0
https://www.ninisite.com/user/20adea70-3b9d-4e42-81cf-05b530d831d7/aammiirr6699,مرد,0
https://www.ninisite.com/user/2116c141-8cf0-4b12-981f-fca59a8a729b/soheil100,مرد,0
https://www.ninisite.com/user/211e668e-7616-4b32-8913-4a2fd8e02114/love051,مرد,0
https://www.ninisite.com/user/2146406a-ccda-41ec-88f9-625a68fd0af4/morikone,مرد,0
https://www.ninisite.com/user/217bb7fb-7508-4dc5-8158-794f23462673/radboy,مرد,0
https://www.ninisite.com/user/21cb29cc-051d-43c0-a8d3-38b392e4d075/ata71,مرد,0
https://www.ninisite.com/user/220907ca-ae0b-4942-bbab-7375c2ece00a/41-alireza-ab,مرد,0
https://www.ninisite.com/user/224049b6-faf5-489f-bcdd-c8109d8ca5ed/ssc,مرد,0
https://www.ninisite.com/user/224ed1ca-f6b7-4400-8bbb-1f22dbc379de/taha002,مرد,0
https://www.ninisite.com/user/22569bc5-0cd0-498b-b798-50cac59ae6cd/mohammad989,مرد,0
https://www.ninisite.com/user/22a0d329-ea2a-40b1-a389-30a885c6efd1/hossein-9798,مرد,0
https://www.ninisite.com/user/22c1f03f-03d3-4a52-83ce-c938f46ca544/%D8%B1%D9%87%DA%AF%D8%B0%D8%B1krj,مرد,0
https://www.ninisite.com/user/22fcec40-045e-4816-b8f4-dbc66d5bd717/uvvvvi,مرد,0
https://www.ninisite.com/user/2314467c-97b3-41a7-8146-ab1ea285dce6/%DA%A9%D9%88%D8%B1%D8%AF%D8%AA%D8%A8%D8%A7%D8%B12,مرد,0
https://www.ninisite.com/user/231caf71-adde-4efd-8b9f-4bec5c021f69/%D9%87%D9%88%D8%A7%DB%8C-%D8%AE%D9%88%D8%A8-%D9%85%D9%86,مرد,0
https://www.ninisite.com/user/233b6b1a-b65b-4b67-98c2-d692050ca683/%D9%85%D8%B1%D8%AA%D8%B6%DB%8C,مرد,0
https://www.ninisite.com/user/235d7336-ccea-4361-90dd-c7372b81e042/%D9%85%D8%AA%DB%8C%D9%86-%D8%A7%DA%A9%D8%A8%D8%B1%DB%8C%D8%A7%D9%86,مرد,0
https://www.ninisite.com/user/2377c920-0b45-46b8-9558-24ced7d96a82/estive,مرد,0
https://www.ninisite.com/user/238521b3-3016-4330-bfbc-06b9b73f09b2/%D8%A7%D9%93%D8%B1%DB%8C%D9%862002,مرد,0
https://www.ninisite.com/user/23a41214-6adb-47fc-b7c0-0b68bdfd4426/ahura1370,مرد,0
https://www.ninisite.com/user/23b2e0bd-3c0e-4b25-8114-a374fc9a3484/%D9%BE%D8%B3%D8%B1-%D8%AE%D8%AC%D8%A7%D9%84%D8%AA%DB%8C,مرد,0
https://www.ninisite.com/user/23d20a0a-269a-4ca7-b698-789d6f74ab6f/%D8%AF%D9%85%D8%A8%D9%84%D9%87,مرد,0
https://www.ninisite.com/user/24c7a0f5-93fd-4d45-a1ad-553c2f39e3b4/1360ale,مرد,0
https://www.ninisite.com/user/24eca234-f666-4f88-9cc6-b8fe890c861e/manepaeiz,مرد,0
https://www.ninisite.com/user/255a2bb7-ad57-41da-a000-0241ed24719a/%D8%A7%D9%84%D8%A7%D9%85%D9%861,مرد,0
https://www.ninisite.com/user/25810228-1e2b-4dde-9494-0517b034a38c/ashkan%D9%86%D8%A7%D8%B1%D9%86%D8%AC%DB%8C,مرد,0
https://www.ninisite.com/user/25e4a451-8430-4245-9e0e-c4f4d4dee68f/alirezabhrb,مرد,0
https://www.ninisite.com/user/263eb307-cd4e-4363-a0bb-64d09c31e823/imiera,مرد,0
https://www.ninisite.com/user/264e5ab1-109c-4d21-90aa-2b807c820b43/m0hammadresa,مرد,0
https://www.ninisite.com/user/26522948-f513-4522-8466-a6b9a0a0d673/97azin,مرد,0
https://www.ninisite.com/user/2655299b-47ed-43d4-a743-7349a4bb1d3e/radinio,مرد,0
https://www.ninisite.com/user/26877996-43a3-460e-8a05-a61e92b0268f/alirezakarimi,مرد,0
https://www.ninisite.com/user/26903601-bba6-47b9-8274-665256a421f9/22mohadseh,مرد,0
https://www.ninisite.com/user/26f07e55-4ed0-46c1-9d1d-022bead0054d/kral2001,مرد,0
https://www.ninisite.com/user/272297dc-3206-4ba5-901d-7932bfddd4dd/amir1313a,مرد,0
https://www.ninisite.com/user/273a0b90-71a7-4155-a8f3-6c4afddf6371/%D9%86%D8%A7%D8%B4%D9%86%D8%A7%D8%B3%D8%B9%D9%84%DB%8C182,مرد,0
https://www.ninisite.com/user/273ff1f0-3d59-4304-bd2a-4c49123a426b/%D8%B4%D8%A7%DB%8C%D8%AF%D8%AD%D9%82%DB%8C%D9%82%D8%AA-%DA%86%DB%8C%D8%B2%D8%AF%DB%8C%DA%AF%D8%B1%DB%8C%D8%B3%D8%AA,مرد,0
https://www.ninisite.com/user/2759f93b-a631-4cb6-bd7f-51716b4a7660/%D9%87%D8%A7%D9%86%DB%8C%D8%B9%D8%B4%D9%82%D9%88%D8%B9%D8%B3%D9%84%D9%85,مرد,0
https://www.ninisite.com/user/275d2a96-62f6-42ab-a2b7-e2c218ffd71a/ali-karballa,مرد,0
https://www.ninisite.com/user/27d40fd5-e7c6-479b-a8c0-39e002783d0e/mmehdi13804514,مرد,0
https://www.ninisite.com/user/2804d62e-fe31-4bdb-b9fb-94c854e31bc7/hassan25,مرد,0
https://www.ninisite.com/user/2895502d-62bc-4b8f-8451-5be309f2ced5/ogabtak,مرد,0
https://www.ninisite.com/user/28e66dc7-939e-41cc-932e-2aaf599fa017/%DA%AF%D9%84%DB%8Cgoli171380,مرد,0
https://www.ninisite.com/user/292aeccf-27b5-4167-96b8-58cbe312a431/%DA%86%D8%A7%DB%8C-%D8%A8%D8%AF%D9%88%D9%86-%D9%82%D9%86%D8%AF,مرد,0
https://www.ninisite.com/user/2a044b53-4a43-4f66-9966-5af8fed0ee66/mohammad-1369,مرد,0
https://www.ninisite.com/user/2a439559-d771-42ed-a1eb-4e7e9b584254/monmad9898,مرد,0
https://www.ninisite.com/user/2a899fe2-a82b-4848-8992-8952e3f81cd2/mehdi2025,مرد,0
https://www.ninisite.com/user/2a8d6294-c386-44cb-b72b-08d1de398701/%D9%BE%D9%88%D8%B1%DB%8C%D8%A7%D9%86%D8%B8%D8%B1%DB%8C,مرد,0
https://www.ninisite.com/user/2acdf47d-ab59-43cb-bebe-ef58e55be108/%D9%BE%D8%B1%D9%88%D8%A7%D8%B2-%D8%B4%D8%B1%D9%82,مرد,0
https://www.ninisite.com/user/2ad6295a-b7df-4186-bd53-7dbbfd818e3b/hamed098,مرد,0
https://www.ninisite.com/user/2aff569a-dd9f-41b1-8720-eb7fff2c1c93/%DA%A9%D9%81%D9%86%D8%B1,مرد,0
https://www.ninisite.com/user/2b1dd7f1-7a7a-413f-a7c9-0892693f07bf/alibiker,مرد,0
https://www.ninisite.com/user/2b5a0a18-c002-48f2-9390-e73ab1220b91/elyron,مرد,0
https://www.ninisite.com/user/2b8228a0-1cc7-448a-8c60-f4dfb32d3d02/%D8%B3%D8%B1%D8%B3%D8%AE%D8%AA%D8%B1%DB%8C%D9%86,مرد,0
https://www.ninisite.com/user/2ba0a5b5-8ed4-4dd8-ae2b-06ed37d18fcd/%D9%85%D8%AD%D9%85%D8%AF-%D8%B1%D8%B4%D8%AA,مرد,0
https://www.ninisite.com/user/2bdc777c-0af5-4462-9b8a-f84fa2ee9a3e/%D8%A7%D8%A8%D8%AA%DB%8C%D9%8621,مرد,0
https://www.ninisite.com/user/2c3cf288-f630-4261-b6bf-abf42afbb647/parsa%DB%B1%DB%B3%DB%B6%DB%B5,مرد,0
https://www.ninisite.com/user/2c4f9b02-f701-466c-8d9c-f83bbee25f9b/%D9%85%DB%8C%DA%A9%D8%A7%DB%8C%DB%8C%D9%84-%D9%BE%D8%B1%D8%B3%D8%B4%DA%AF%D8%B1,مرد,0
https://www.ninisite.com/user/2c738d0c-a5fe-4ebf-ab3f-fba497b23757/%D8%AF%D8%A7%D9%86%D8%B4%DA%AF%D8%A7%D9%87-%D8%B3%D9%88%D8%B1%D8%A8%D9%86-%D9%BE%D8%A7%D8%B1%DB%8C%D8%B3,مرد,0
https://www.ninisite.com/user/2cab22a9-3917-4f85-837d-226f3a6d06df/%D9%85%D8%AB%D9%84%D9%85%D9%86%DB%8C,مرد,0
https://www.ninisite.com/user/2cccd116-7aa7-42ec-910a-b60b7cdea5a3/%D9%81%D8%B1%DB%8C%D8%AF3912,مرد,0
https://www.ninisite.com/user/2cec44c2-604d-4a22-83c2-f9aa0aa34b66/%D8%A7%D8%B5%D8%BA%D8%B160000,مرد,0
https://www.ninisite.com/user/2d18e002-f012-45ac-9049-c91dd75010c7/thegood-thebad,مرد,0
https://www.ninisite.com/user/2e018cd7-d198-4930-aefe-9d92373f4919/boy25,مرد,0
https://www.ninisite.com/user/2e14b00e-a6f8-463a-beed-53eb72eac68c/amirannnnn,مرد,0
https://www.ninisite.com/user/2e15be2c-9bb6-446a-988e-89beadc9a05c/aysanjamali,مرد,0
https://www.ninisite.com/user/2e2ab054-109c-4de5-9db2-8f94765d9984/%D9%81%D8%B1%D8%B2%D9%86%D8%AF-%D8%B1%D9%86%D8%AC,مرد,0
https://www.ninisite.com/user/2ed46a91-e8d4-4e1a-8145-ed2cd9db73ab/michaelkamali88,مرد,0
https://www.ninisite.com/user/2f074ff5-9919-4846-ae29-af5c1f9d47aa/%DB%8C%DA%A9-%D8%A8%D8%B4%D8%B1,مرد,0
https://www.ninisite.com/user/2f200819-06e9-4870-8e4c-be47046f5827/%D8%A7%D9%85%DB%8C%D8%B1%D8%B1%D8%B1%D8%B1%D8%A7%D9%85,مرد,0
https://www.ninisite.com/user/2f33eb4b-c051-4ced-82a2-b3406e69675b/whatisthis,مرد,0
https://www.ninisite.com/user/2fa8731b-b0dd-4534-bb9a-0fe25ed43af6/ramtin76,مرد,0
https://www.ninisite.com/user/2fd750dc-a3d4-4cde-a030-b06ccbaebb90/mohsadra,مرد,0
https://www.ninisite.com/user/2fe32027-676a-4ffa-b0f7-a78f548da6d0/mainik,مرد,0
https://www.ninisite.com/user/2ff402ca-df71-46d7-ab05-f95557c74e77/logan-0274,مرد,0
https://www.ninisite.com/user/304ed634-acf2-437b-9b4b-379172e2d713/navid6143,مرد,0
https://www.ninisite.com/user/30a32cda-9774-4a02-bd9b-94fbcb5c6313/%D8%B3%D9%88%D9%86%D8%A8%D9%87%D9%87,مرد,0
https://www.ninisite.com/user/30c401ec-c63f-4284-85e0-6eb9e0ceae9e/%D9%85%D9%87%D8%B1%D8%A8%D9%88%D9%861111,مرد,0
https://www.ninisite.com/user/30e7cc9e-df55-48cd-8595-1eadcb6082e8/militaooo,مرد,0
https://www.ninisite.com/user/30e8a48f-14c9-48ed-aea0-4c9e905bb850/868079,مرد,0
https://www.ninisite.com/user/30f3b5e8-26c2-4635-9100-cbe688e98040/%D8%BA%D8%B1%D9%88%D8%A8%D8%AF%D8%B1%DB%8C%D8%A7,مرد,0
https://www.ninisite.com/user/3117071b-e364-47d4-b07d-84ac037c0a48/gntc,مرد,0
https://www.ninisite.com/user/31341164-2922-4159-ae14-f1f4def5a2c0/%DB%8C%D9%87-%D8%B1%D8%A7%D8%B2,مرد,0
https://www.ninisite.com/user/3176afce-9f4f-494b-b0fc-1ee8c915a219/%D9%85%DB%B3%DB%B3%DB%B1%DB%B4,مرد,0
https://www.ninisite.com/user/324dbf47-8f2e-4f12-aa71-55bcdd59e052/ev2,مرد,0
https://www.ninisite.com/user/32702b61-a8f7-4ec5-8fba-1bd7c92d6965/mbhb,مرد,0
https://www.ninisite.com/user/327c2e72-b69b-4c6c-a934-ae8ea1ca2147/%D9%85%D8%A7%D9%87%D8%B3%D9%86,مرد,0
https://www.ninisite.com/user/32b26dcf-01e9-47f2-82d3-d8709222d868/%D8%A7%D9%86%D8%A7%D8%B1%D8%A7%DB%8C%D8%B1%D8%A7%D9%86,مرد,0
https://www.ninisite.com/user/3302622a-868b-4870-92a3-a60ef869932c/%D8%A7%D8%B3%DB%8C%DB%B1%DB%B3%DB%B8%DB%B0,مرد,0
https://www.ninisite.com/user/33092cb6-d6d1-4c30-bfc4-661d33a0213c/123456fsre,مرد,0
https://www.ninisite.com/user/3322bd69-9b88-42ef-a242-8f72a41f90e8/alireza82sm,مرد,0
https://www.ninisite.com/user/336af190-736b-420a-8313-ebea4a3805cc/drelham-drabbas,مرد,0
https://www.ninisite.com/user/33a48049-e51a-40d6-9694-f8b809da02bb/%D8%AF%D8%B2%D8%AF-%D8%AF%D8%B1%DB%8C%D8%A7%DB%8C%DB%8C,مرد,0
https://www.ninisite.com/user/33ee3a1b-2d7d-456a-9e9c-45f1c6bbacbb/mozmalzy,مرد,0
https://www.ninisite.com/user/3408c9c9-39dd-41ea-bb1f-8e54cc015fad/the1-1boy,مرد,0
https://www.ninisite.com/user/345c637a-479c-4ae9-b719-13877264abe7/dark7angel,مرد,0
https://www.ninisite.com/user/347d4f94-7c2e-4b22-b883-9f21919c605f/%D8%B4%D9%87%D8%B1%DB%8C%D8%A7%D8%B1,مرد,0
https://www.ninisite.com/user/34964b23-794e-466c-87fd-8c261adf6384/nimaanamaa,مرد,0
https://www.ninisite.com/user/34a64fe7-2334-42b6-babc-c33ab2e9a8c3/%D8%A7%D9%93%DA%A9%D8%A7%DA%A9%DB%8C,مرد,0
https://www.ninisite.com/user/34a7d515-67cd-4a8f-9db2-1009140d2d93/%DB%8C%D9%87-%D8%A8%D9%86%D8%AF%D9%87-%D8%AE%D8%AF%D8%A72,مرد,0
https://www.ninisite.com/user/34d8e494-d9cb-41f0-a89c-9217883d971b/%D9%87%D9%85%D9%88%D9%86123456%D8%B3%D8%B9%DB%8C%D8%AF%D9%85,مرد,0
https://www.ninisite.com/user/358e351a-44b2-41f4-8ca0-3ba0aeb221ba/%D8%A8%D9%87%D8%A7%D8%B1%D9%86%D8%A7%D8%B1%D9%86%D8%AC%DB%B5%DB%B5,مرد,0
https://www.ninisite.com/user/358e423b-29fb-4177-afc1-22a5d20d2a5d/%D8%AF%DA%A9%D8%AA%D8%B1%D9%86%DB%8C%DA%A9,مرد,0
https://www.ninisite.com/user/35f4becf-590f-46b3-af58-a9c56bcdf5d6/mehdi3255,مرد,0
https://www.ninisite.com/user/35f7f0b6-e7ab-4666-9a08-6f0aed597c1f/alsoma,مرد,0
https://www.ninisite.com/user/3603ff66-7cdd-4f37-9275-2d8f00ffe95c/%D8%B1%D8%B6%D8%A7%D9%86%D8%B8%D8%B1%DB%8C,مرد,0
https://www.ninisite.com/user/36750f93-921a-4c75-8265-cc461212caac/returnme,مرد,0
https://www.ninisite.com/user/3680fffb-a6ea-456b-8e0a-e25f78988f46/%D9%85%D8%B3%D8%A7%D9%81%D8%B1-%D8%AF%D9%86%DB%8C%D8%A7-%D8%A7%D9%93%D9%82%D8%A7,مرد,0
https://www.ninisite.com/user/3692501b-41d9-4e82-afd0-e1ed73d16c41/majid-mm,مرد,0
https://www.ninisite.com/user/36adc248-6053-41be-a47c-955e96a66a55/engkhani20,مرد,0
https://www.ninisite.com/user/370b15d6-ef07-419b-af3a-8ddbfcd025ce/mohemed,مرد,0
https://www.ninisite.com/user/3714d521-36ab-46ca-8841-02fac192116e/reeezaaa1234,مرد,0
https://www.ninisite.com/user/372d4e96-dfdd-4bef-9217-645e58ec51cc/%D8%AF%DA%A9%D8%AA%D8%B1%D8%B4%DB%8C%D9%81%D9%88,مرد,0
https://www.ninisite.com/user/3735448c-ce79-444b-a617-a174e6054928/%D9%85%D9%87%D8%AF%DB%8C-%D9%85%D9%87%D8%AF%DB%8C,مرد,0
https://www.ninisite.com/user/3755debc-a400-446c-9ce1-c6d85f1a68a9/mehdi-wild,مرد,0
https://www.ninisite.com/user/37767d47-631d-4f5e-9c76-f54f502ae2c6/myar-ma,مرد,0
https://www.ninisite.com/user/3811ee63-ef88-4a56-a064-8407733aa208/%D8%AD-%D8%B3%D8%B9%D8%A7%D8%AF%D8%AA%DB%8C,مرد,0
https://www.ninisite.com/user/3843e58e-95db-4a82-9c9e-84dd82a7f9ad/%D8%A7%DB%8C%D8%B1%D8%AC%D9%85%DB%8C%D8%B1%D8%B2%D8%A7,مرد,0
https://www.ninisite.com/user/38452560-cba3-42b8-ac9a-323865641830/peyman57,مرد,0
https://www.ninisite.com/user/386aad17-af83-4371-a130-213ad9ddcfcb/ytg,مرد,0
https://www.ninisite.com/user/388050df-ca1f-45af-af0a-bb0abeb38ffb/%D8%A7%DB%8C%D8%B1%D8%A7%D9%86%D8%AF%D9%88%D8%B3%D8%AA110,مرد,0
https://www.ninisite.com/user/3890c563-39cc-4736-965e-a96a6a4fbd6d/%D8%B5%D8%A7%D8%AF%D9%820025,مرد,0
https://www.ninisite.com/user/38b102f5-0a5f-4a24-a4cb-00f60b98c3b4/reza-dehghan,مرد,0
https://www.ninisite.com/user/38b670e4-3082-4f65-b190-b4fbb6fd65f0/ensanbashimm,مرد,0
https://www.ninisite.com/user/38cf1d6f-b244-44ec-a6c2-a8c572a849a5/%D8%B1%D8%A7%D9%85%D8%B4%DB%8C%D8%B1%DB%8C2,مرد,0
https://www.ninisite.com/user/38da064b-19be-4048-999c-5146e2d78853/%D9%81%DA%A9%D8%B1%D8%B4%D9%85%D9%86%DA%A9%D9%86,مرد,0
https://www.ninisite.com/user/38f126b6-e867-47e4-a2b8-933217ab4f6b/betani,مرد,0
https://www.ninisite.com/user/394b037e-a842-4ffb-b58d-3632ee3d0eb6/raha2189,مرد,0
https://www.ninisite.com/user/39668541-bead-495f-ac40-2952877f0fb8/sh%D8%A7%D9%93%D8%A7%D9%93ya83n,مرد,0
https://www.ninisite.com/user/3986aed5-a2e9-429a-afcf-8185d2fb345b/dariush996,مرد,0
https://www.ninisite.com/user/398f710d-9705-475a-9a55-69c1dd59779d/m13670411,مرد,0
https://www.ninisite.com/user/39ca95af-e211-4bfd-aa4f-1635a8558ca2/mohammadreza36,مرد,0
https://www.ninisite.com/user/3a04a88a-3cf7-43b3-b17a-072c312663ca/boyp777,مرد,0
https://www.ninisite.com/user/3a65e0d9-dc4c-4972-865a-4c615f925f4f/%D8%AA%DB%8C%D9%80%D8%AA%DB%8C%D9%80%D9%82%D8%A8%D8%A7%D8%AA,مرد,0
https://www.ninisite.com/user/3a884ec4-3a5d-493a-825a-5c6106ef7233/p99786327097,مرد,0
https://www.ninisite.com/user/3ac9904d-fc1d-46c1-a043-ebc3e69af131/%D8%A7%D9%93%D8%B1%D8%B4-%D8%AC%D8%A7%D9%86,مرد,0
https://www.ninisite.com/user/3ad58627-a33c-485f-9523-f2e182bdbf8a/farshid07,مرد,0
https://www.ninisite.com/user/3b1c1a42-82f3-4e96-97a5-0080164c201a/%D9%85%D8%AC%DB%8C%D8%AF3333,مرد,0
https://www.ninisite.com/user/3b78a10e-e471-4d35-82ae-5b948543d4ce/naderghaheri,مرد,0
https://www.ninisite.com/user/3bb167a7-6376-43f9-96e9-a2c83a2bff95/blackafghan,مرد,0
https://www.ninisite.com/user/3bcaf332-3ef5-4ec5-bf6f-5d0e630093c7/happy-warrior,مرد,0
https://www.ninisite.com/user/3c850955-383e-4eb6-8f51-613f03dfcf73/amiracle,مرد,0
https://www.ninisite.com/user/3c9c2033-98db-4e22-96dd-a3d81b5233aa/hhhhhoooossssiiiiiii,مرد,0
https://www.ninisite.com/user/3ccb3688-ec6a-4b25-9753-b8bb4ddd90d1/hadi1383,مرد,0
https://www.ninisite.com/user/3d38c6b4-29fc-45c3-bd27-66e482a895a3/a2970,مرد,0
https://www.ninisite.com/user/3ddab312-9f5e-45bd-a8ac-b99aea521a26/alirezaw721,مرد,0
https://www.ninisite.com/user/3df809b2-434c-4a51-b6f9-7972f61789a6/mrbarber,مرد,0
https://www.ninisite.com/user/3e028fd9-1f10-4f45-ab43-388c81e37e75/hancell02,مرد,0
https://www.ninisite.com/user/3ea1b8f1-7b76-4a85-b154-7d0201c1864d/%D8%AC%D8%A7%D9%88%D8%AF%D8%A7%D9%86%D9%87%D9%87%D9%87%D9%87,مرد,0
https://www.ninisite.com/user/3eb6f931-496e-4682-b79d-5d2272ed0c49/mosi123454554,مرد,0
https://www.ninisite.com/user/3eb9af57-0cf5-481c-adf8-373ddb4c7caf/%D8%A7%D9%82%D8%A7%DB%8C-%D8%AE%D8%A7%D8%B5%D8%B5,مرد,0
https://www.ninisite.com/user/3edf0ccf-bbe3-433e-97d4-db79c079362d/%D8%B3%D8%B9%DB%8C%D8%AF1375h,مرد,0
https://www.ninisite.com/user/3f07146f-2d8f-4d17-a39a-f1b2a6d68d1f/mohammad-1369,مرد,0
https://www.ninisite.com/user/3f27b7e0-179a-4a18-b6a9-2356ce2ad12d/yasin1818,مرد,0
https://www.ninisite.com/user/3f31d8d3-3082-421a-8b39-dc796c64a7b4/%D8%AA%D8%B9,مرد,0
https://www.ninisite.com/user/3f53264f-14f8-47c0-8bf6-5d9bd081fe82/%D9%85%D8%AC%DB%8C%D8%AF-%D8%B3%D9%88%D8%B2%D9%88%DA%A9%DB%8C1377,مرد,0
https://www.ninisite.com/user/3f763347-0578-4a0f-a2f2-18b6c8fda0d1/2247baranaaaa,مرد,0
https://www.ninisite.com/user/3f885452-e53f-4103-9305-8243a8a077c2/ali,مرد,0
https://www.ninisite.com/user/3fb29518-0cab-4d25-a863-77732c3d32c9/anosheh,مرد,0
https://www.ninisite.com/user/3fc634ea-e766-4881-9496-b34404d8f4a8/amirhosseinej,مرد,0
https://www.ninisite.com/user/3fd7d7cb-8120-40a4-8de8-a1d35032be3b/p456,مرد,0
https://www.ninisite.com/user/4013d5d6-367f-4538-88d4-6540ffe0c4c2/ramin44,مرد,0
https://www.ninisite.com/user/4045fa84-48bf-4c9a-9e9a-9d5563cca6aa/ahmad-amoo,مرد,0
https://www.ninisite.com/user/404c1569-fb05-4b97-9d4c-f826a6e14fdf/mehdi-fe,مرد,0
https://www.ninisite.com/user/406b5dfe-0c6b-44d6-bfda-36999942f5fe/z1397g,مرد,0
https://www.ninisite.com/user/40844b31-64bf-45d5-b6d1-1b68d8306ba6/yourbrother,مرد,0
https://www.ninisite.com/user/409649e4-cec5-4430-8633-0df5f1260916/%D8%B4%D8%A7%D9%93%D9%87%D8%A7%D9%93%D9%86,مرد,0
https://www.ninisite.com/user/40d6d733-fc35-4025-988d-83a6417a2ae2/accountant75,مرد,0
https://www.ninisite.com/user/410c7b3d-bdda-4052-9188-49613547883c/amirhosseinjo,مرد,0
https://www.ninisite.com/user/41161330-1623-4128-b343-6ea0f8de0f60/mohammadd1,مرد,0
https://www.ninisite.com/user/415aa606-67ff-44ea-a16c-a60fed7416f8/%D9%BE%D8%B1%D9%88%DB%8C%D8%B2%DB%B2%DB%B2%DB%B2,مرد,0
https://www.ninisite.com/user/417f9c18-9bd3-47c6-bc4c-3102a607863c/%D8%A7%D8%B1%D8%AA%D8%A8%D8%A7%D8%B7-%D9%BE%D8%A7%DA%A9,مرد,0
https://www.ninisite.com/user/4196f210-3e32-4217-b8cd-a8102e438751/shahi-pm-35,مرد,0
https://www.ninisite.com/user/41b4be19-bea9-4982-9905-ffb6e0e956cc/rezban,مرد,0
https://www.ninisite.com/user/41ba2c91-2c1a-4471-a22c-0ee28e158e7f/ilove-f-d,مرد,0
https://www.ninisite.com/user/41de775e-999a-4989-b747-7941a359f269/%D9%85%D8%B9%D8%AF%D9%86%DA%86%DB%8C,مرد,0
https://www.ninisite.com/user/41ed7be3-ca10-49ca-9326-38632e27793f/%D9%85%D8%B7%D8%A7%D9%84%D8%B9%D8%A7%D8%AA-%D8%B2%D9%86%D8%A7%D9%86,مرد,0
https://www.ninisite.com/user/42295eb5-0c99-4431-8773-a9a3ea5a6b69/reza-ls,مرد,0
https://www.ninisite.com/user/4235a992-9889-464c-9405-d7a4ac259d1c/%D8%A7%D9%93%D8%B1%D8%A7%D9%85%D8%B4-%D8%A7%D9%84%D8%B9%D8%B1%D8%A8%DB%8C,مرد,0
https://www.ninisite.com/user/426e3eca-9ccd-4540-a328-31e091473a31/hamedm66,مرد,0
https://www.ninisite.com/user/426f24ad-3878-4add-adf7-777e6562697a/mohsenn74,مرد,0
https://www.ninisite.com/user/429a817d-22dc-4b97-9f5e-552cd8bcd0cb/mohsen0008,مرد,0
https://www.ninisite.com/user/42c7db95-fbed-4c65-a293-4bc1aa53971e/lasvegas,مرد,0
https://www.ninisite.com/user/42da640a-92ed-4a0c-805e-f70569350118/%D8%B1%DA%A9,مرد,0
https://www.ninisite.com/user/42f1fcd1-c2ef-48e5-a7db-fa25796719b2/daniall12,مرد,0
https://www.ninisite.com/user/43265e69-c819-4a9d-b884-1fbc866ef69b/meeeeeys,مرد,0
https://www.ninisite.com/user/43654016-3b4e-4440-8c9d-423df519727e/%DB%8C%D9%88%D9%86%DA%AF%D9%BE%D9%88,مرد,0
https://www.ninisite.com/user/43c2729d-1805-471c-9020-2d0c2ff2eb51/%D8%B3%D9%87%D8%B3%D8%AA%D9%85,مرد,0
https://www.ninisite.com/user/43ed3db9-a4b3-4e7d-8d7d-f5bcf5e48015/mohamad-59,مرد,0
https://www.ninisite.com/user/43f73521-4d63-40b7-8157-95b3cd7470e2/%D8%A7%D8%AC%D8%A7%D9%82%DB%8C,مرد,0
https://www.ninisite.com/user/4457c226-777f-4bc0-870b-ec9b8800975c/%D9%85%D8%B1%D8%AF-%D9%85%D8%B6%D8%B7%D8%B1%D8%A7%D8%A8,مرد,0
https://www.ninisite.com/user/44b0affa-505e-4275-bb53-6fa1f725b7e0/you,مرد,0
https://www.ninisite.com/user/44cfd758-9448-49f0-bc85-d444f27e345f/peyman12345,مرد,0
https://www.ninisite.com/user/44fbc7c7-b46f-44d1-b512-57c5d0bacaa2/%D9%85%D8%AD%D9%85%D8%AF%D8%B1%D8%B6%D8%A7121,مرد,0
https://www.ninisite.com/user/451340e1-fd80-411a-aa57-50c86fcb624f/4691349,مرد,0
https://www.ninisite.com/user/453dca50-019e-4da9-8fb0-4785cbbd1bb7/%D8%A7%D8%A8%D9%88%D9%849898,مرد,0
https://www.ninisite.com/user/4548c801-600b-4ff4-b3ba-feae6ae91d14/%D8%B3%DB%8C%D9%86%D8%A7sina40,مرد,0
https://www.ninisite.com/user/4550ccf9-fa25-489b-a047-c673110798ba/badboyyy,مرد,0
https://www.ninisite.com/user/4583531c-95ab-455b-a1b7-74661327ff7f/alligator78,مرد,0
https://www.ninisite.com/user/4587204f-b4b1-404a-9531-b7852cf2cbc2/drhydro,مرد,0
https://www.ninisite.com/user/45a3dde1-73c4-4b67-b80a-74a3864c8ff3/am13451365,مرد,0
https://www.ninisite.com/user/45bdf9f8-1603-4f23-a354-acfc232ee92d/moohsnme,مرد,0
https://www.ninisite.com/user/460e4c12-66d8-4cd8-b9b2-515ebe1f4ad7/hamidreza13777,مرد,0
https://www.ninisite.com/user/46d07432-d090-462b-9937-bcfc773f8e95/%D8%A7%D9%85%DB%8C%D8%B1%D8%B1%D8%B6%D9%88%D8%A7%D9%86,مرد,0
https://www.ninisite.com/user/46d5ba36-7636-4d51-b1cd-2c41c08dea30/h%D8%B9%D8%A8%D8%A7%D8%B3%DB%8C,مرد,0
https://www.ninisite.com/user/46e44f0d-51e9-4ec7-9451-1bcdb28c5cd4/%D9%85%D8%B1%D8%AF%DA%A90%D8%B9%D8%A7%D8%B4%D9%82,مرد,0
https://www.ninisite.com/user/472dd819-92c4-4cbf-9eee-12a018657123/alireza4101,مرد,0
https://www.ninisite.com/user/4734afa9-c8d7-4a66-9062-16feba436be9/hasanseo,مرد,0
https://www.ninisite.com/user/479bb0a0-60d7-4fe6-ba90-f59a02479931/rooooooo,مرد,0
https://www.ninisite.com/user/47b1d334-03f6-4515-b4b8-586e24d1d54d/%D9%87%D8%A7%D9%86%D8%AA%DB%8C%D9%86%DA%AF%D8%AA%D9%88%D9%86,مرد,0
https://www.ninisite.com/user/47b74646-8931-4334-b692-6e3bccc4a059/goooollllll,مرد,0
https://www.ninisite.com/user/47e294d9-3a97-4fb9-a293-6f538005acad/%D9%85%D8%AC%DB%8C%D8%AF%D8%B3%D9%88%D8%B2%D9%88%DA%A9%DB%8C313,مرد,0
https://www.ninisite.com/user/48014f6e-7d21-410c-b2f5-c834c99bfcd3/%DA%A9%D8%A7%D9%81%D9%87%DB%B2,مرد,0
https://www.ninisite.com/user/4831dda9-df7d-41fa-b2b4-b619ded1f04e/mohammad-jjj,مرد,0
https://www.ninisite.com/user/488aca4e-d0ad-4078-a9eb-b397f3fe0996/m,مرد,0
https://www.ninisite.com/user/48cfa756-d747-49dd-8760-a4b934a367b7/%D9%85%D9%87%D8%AF%DB%8C1969,مرد,0
https://www.ninisite.com/user/48f6d75b-d8c4-4449-9bee-68335da52a06/sinqgydiduhdvd,مرد,0
https://www.ninisite.com/user/48ffa177-daf5-4faa-a579-9c6ebbc2980d/mohsenngi,مرد,0
https://www.ninisite.com/user/49200f82-7d9e-45d6-abcb-273f21b38f22/zakani,مرد,0
https://www.ninisite.com/user/495f6458-cae8-436c-8923-a08549870e53/%D9%85%DB%8C%DA%A9%D8%A7%D9%8A%D9%94%DB%8C%D9%84988,مرد,0
https://www.ninisite.com/user/49e05073-640c-4c17-aead-0a2c7b86d82a/qwertyuiopqwe,مرد,0
https://www.ninisite.com/user/4a0a8949-8588-4f68-bf27-f16eb9bae442/hamid369,مرد,0
https://www.ninisite.com/user/4a567130-e0da-466a-9d0f-53598596fa98/mrnivan,مرد,0
https://www.ninisite.com/user/4a75558b-ee73-4fe7-8abe-6a388676b6c3/nargesparsa,مرد,0
https://www.ninisite.com/user/4a89fc49-784e-44c2-ba1e-b3dd4e0b4d22/miesam,مرد,0
https://www.ninisite.com/user/4aecebef-0cd2-4cb0-bbc4-a83099d2b541/%D8%A7%D9%BE%D8%B1%DA%AF%D8%A7%D9%86%DB%8C,مرد,0
https://www.ninisite.com/user/4af83d93-3a11-452c-9d4c-c304b321fb10/jdhdgs,مرد,0
https://www.ninisite.com/user/4affa561-35d8-479b-81b0-70264343d58a/%D8%A7%D9%85%DB%8C%D8%B1%D8%B9%D9%84%DB%8C0,مرد,0
https://www.ninisite.com/user/4b213675-9e0d-4fb7-924d-ae0062af83ad/mamareza67teh,مرد,0
https://www.ninisite.com/user/4b2d538e-fc42-436d-8774-dcf112f19385/%D8%B7%D9%84%D9%88%D8%B9,مرد,0
https://www.ninisite.com/user/4b574936-7612-4349-8e0a-691174ad0e22/mr-rabert,مرد,0
https://www.ninisite.com/user/4be4207a-ce8e-4129-8d74-e83da838308e/ehsandark-pk,مرد,0
https://www.ninisite.com/user/4bee4af4-f228-46eb-a87a-ccbb65a24738/amirh1387,مرد,0
https://www.ninisite.com/user/4c11665f-1ee2-48ed-8651-f2a8a1c778b2/%D8%A7%D8%AF%D9%85%D8%AE%D9%88%D8%B4%D8%B4%D8%A7%D9%86%D8%B3%D9%85%D9%86%D9%85,مرد,0
https://www.ninisite.com/user/4c15360a-a6b8-42ee-8501-c6bc9d3f280c/arash140000,مرد,0
https://www.ninisite.com/user/4c16e846-3cd6-4da9-8750-fc4bd44d6bbd/%D8%B9%D9%84%DB%8C%D8%B1%D8%B6%D8%A7%D8%B9%D9%84%DB%8C1360,مرد,0
https://www.ninisite.com/user/4c2faaab-ac29-4f5e-9371-e23eec7d2aec/morteza59,مرد,0
https://www.ninisite.com/user/4caaef75-624c-4bec-9523-ea95bc15264c/%D8%B4%DB%8C%D8%B1%D8%B9%D9%84%DB%8C%D9%85%D8%B1%D8%AF%D8%A7%D9%86,مرد,0
https://www.ninisite.com/user/4d2f88ee-4895-43ca-af00-64d3cb03e95e/7373mohamad,مرد,0
https://www.ninisite.com/user/4d3cdf93-dc4e-4505-bc70-e7fea4fd0d4c/ssaeedd,مرد,0
https://www.ninisite.com/user/4d64eb76-5120-4dc3-ac65-81c141412dcc/h-h22,مرد,0
https://www.ninisite.com/user/4d7fa0b6-026f-4709-b1bb-29aa74ab11ca/shayan08,مرد,0
https://www.ninisite.com/user/4d82ee9a-4f23-4384-9985-250d75efe803/pmzzzz2,مرد,0
https://www.ninisite.com/user/4d9b3546-4f4a-4aa7-a5a1-71e2db7d5503/%D8%B9%D9%84%DB%8C%DB%B1%DB%B6%D8%AF,مرد,0
https://www.ninisite.com/user/4dc84d1f-14f5-4440-814c-0a5c52600545/saieed-hp1375,مرد,0
https://www.ninisite.com/user/4de9de50-b2ad-4b3d-b1f2-d996590af23b/%D9%85%D9%87%D8%B1%D8%A8%D9%88%D9%86257,مرد,0
https://www.ninisite.com/user/4dfa825b-906f-44bc-b3f4-166b87bec69f/amir-ya,مرد,0
https://www.ninisite.com/user/4e4bb56b-1634-4f1d-a86c-dbea4cc3dcd7/ehsandark-xtw,مرد,0
https://www.ninisite.com/user/4ea7f186-880d-44f9-b79d-a45c289238a6/mrm69,مرد,0
https://www.ninisite.com/user/4ef2a919-5792-430f-bf55-8c3a10ae79bb/amin1g,مرد,0
https://www.ninisite.com/user/4ef9b0ff-22c7-46aa-9a9c-2b3cd6324a8d/%DB%8C%D9%88%D8%B2%DB%8C%D8%B1%D8%A7%D9%86-useiran,مرد,0
https://www.ninisite.com/user/4f0e85ab-53bb-4379-a916-4fdd15cf1fe9/%D8%A8%D9%86%DB%8C%D8%A7%D9%85%DB%8C%D9%86-%DB%B7%DB%B7,مرد,0
https://www.ninisite.com/user/4f5255bc-5783-480b-97d3-590b6eab69d5/%D8%B3%D9%84%D8%B7%D8%A7%D9%86-%D8%AE%D9%88%D9%86%D8%B3%D8%B1%D8%AF%DB%8C,مرد,0
https://www.ninisite.com/user/4f7415cd-f59c-43b1-9f0b-958a7c7208f6/pesarirounii,مرد,0
https://www.ninisite.com/user/4fa5ea67-7496-44f0-b17f-f582de2984d1/%D9%BE%DB%8C%D8%B3%D8%B1-%D9%87%D8%B3%D8%AA%D9%88%D9%85,مرد,0
https://www.ninisite.com/user/4fe014a6-6031-463b-9125-b3bbabe66cf5/apiom,مرد,0
https://www.ninisite.com/user/4fed6238-2fd8-4d21-8e1a-2340b9b88ae9/%D8%AA%D9%86%D9%87%D8%A7,مرد,0
https://www.ninisite.com/user/50b9c449-b302-4b3b-bfa7-b0af1cccc62a/am-ini83,مرد,0
https://www.ninisite.com/user/50f300ae-884b-474b-bb64-285d870c2bee/mahyar,مرد,0
https://www.ninisite.com/user/5114ee73-f942-4e9f-ace3-54eb203035d1/rb4,مرد,0
https://www.ninisite.com/user/512ee66e-603a-4ae8-aedd-028a0c26de6d/he1376,مرد,0
https://www.ninisite.com/user/5182c311-d53a-4297-8f63-4ca609e1ce1b/%D8%AF%DA%A9%D8%AA%D8%B1-%D9%86%DB%8C%DA%A9,مرد,0
https://www.ninisite.com/user/51b436b4-8a25-4113-b80e-1241f959fba1/%D8%AA%D8%AE%D8%B1%DB%8C%D8%A8,مرد,0
https://www.ninisite.com/user/51c8966f-01a9-4c01-aad7-aa7126a29951/%D8%B4%D9%87%D9%84%D8%A7121212,مرد,0
https://www.ninisite.com/user/51d394a1-643e-47fa-ab58-28c0d3d00fd8/%D9%86%D9%88%D8%AC%D9%88%D9%88%D9%86-%D8%A8%D8%AF%D8%A8%D8%AE%D8%AA,مرد,0
https://www.ninisite.com/user/51dd9831-7362-4762-8c39-3d510200e6a8/%D8%A8%D9%87-%D8%A7%D9%85%DB%8C%D8%AF-%D8%B1%D9%88%D8%B2%D9%87%D8%A7%DB%8C-%D8%B1%D9%88%D8%B4%D9%86,مرد,0
https://www.ninisite.com/user/5226895a-f16d-47d5-ab45-9253746134af/kiing78,مرد,0
https://www.ninisite.com/user/52470942-f0d3-4abd-8215-a5cb49f625ea/blackpink20,مرد,0
https://www.ninisite.com/user/524e5365-0395-430c-bc77-a51411d40c1d/%D8%AD%D9%80%D9%80%D8%A7%D9%85%D9%80%D9%80%D8%AF%D9%87%D9%80%D9%80%D8%B3%D9%80%D9%80%D8%AA%D9%80%D9%80%D9%85h,مرد,0
https://www.ninisite.com/user/525bc92c-53fd-456d-8e69-e2d6eca6c13b/oo-oo,مرد,0
https://www.ninisite.com/user/52a9cee5-fadb-4223-934f-0982aa5cadb7/mmhhdh,مرد,0
https://www.ninisite.com/user/52b28e8b-0b76-4ca8-af59-cf0ec64fd9ee/lite-professor,مرد,0
https://www.ninisite.com/user/52b816cd-56fd-4eab-b1c8-3c1c850196d1/majooz,مرد,0
https://www.ninisite.com/user/52c56d64-f4a8-45d2-859d-d36e6d26f07e/blondy,مرد,0
https://www.ninisite.com/user/52e89aaf-2bb0-441f-8636-423fcf2b1659/behniya1234,مرد,0
https://www.ninisite.com/user/531dfcf2-2e30-4a05-b1c2-7ba16e2a97be/thedaddy,مرد,0
https://www.ninisite.com/user/53658dca-0c67-48da-83f0-a4a7ac00616f/e0e,مرد,0
https://www.ninisite.com/user/537ac75d-e858-4d61-a629-8c06eb0773af/mani888,مرد,0
https://www.ninisite.com/user/538efcba-210e-4f31-bdce-3023c93e5e2f/gondoz,مرد,0
https://www.ninisite.com/user/539b3a3d-704c-4c2e-b59c-d709e09f8222/%D8%AA%D8%A7%D8%B1%DB%8C%DA%A9-%D8%AA%D8%B1%DB%8C%D9%86,مرد,0
https://www.ninisite.com/user/53fe6318-8a3c-4a3a-940e-bf8d6749bf44/%D8%B9%D8%A7%D8%A7%D9%85%D8%B1%D8%AE%D8%A7%D9%86,مرد,0
https://www.ninisite.com/user/543af949-a577-4190-91fd-f963f0147173/arash-sh,مرد,0
https://www.ninisite.com/user/5440733a-6298-4923-ab25-c3a068ffe5c8/%D9%BE%D8%B3%D8%B1%D8%A8%D8%AF,مرد,0
https://www.ninisite.com/user/544a9b55-7154-40ad-ad6d-3daaba420813/%D9%85%DB%8C%DA%A9%D9%84-%D8%A7%D9%93%D9%86%DA%98,مرد,0
https://www.ninisite.com/user/546d008d-eabf-4f12-b16a-9612859b2c0b/dsn,مرد,0
https://www.ninisite.com/user/54c7859b-3a56-494b-b52c-c0caca889cdc/arvin,مرد,0
https://www.ninisite.com/user/551531fb-bcbd-4fa3-923b-d8aa02f03d1b/ali0067,مرد,0
https://www.ninisite.com/user/55a2f104-ad47-412a-817d-62e758cbcbf2/%D9%85%D8%A7%D9%86%D8%B2,مرد,0
https://www.ninisite.com/user/564c43ae-d57f-4f4f-ad14-e8e9587c4bc0/mr-mohsenam,مرد,0
https://www.ninisite.com/user/567c24c3-d518-4d78-b25a-2df3d309e843/12ambl68,مرد,0
https://www.ninisite.com/user/56aeff85-f5dc-4bbb-9c7c-3621d4b85f99/iparhm,مرد,0
https://www.ninisite.com/user/575afd8c-23ab-4cf6-a63a-7a9286d17c6e/%D8%A8%DB%8C%D8%B3%D8%AA%D8%B3%D8%A7%D9%84%D9%87,مرد,0
https://www.ninisite.com/user/5764f69d-4e2f-4a74-9c3f-1376218f5380/mahisinger63,مرد,0
https://www.ninisite.com/user/577c78b6-ea72-442d-919a-081e21c768b3/morteza85,مرد,0
https://www.ninisite.com/user/57914d32-6fb6-45fc-a8a6-762d2594ac30/%D8%A7%D9%85%DB%8C%D8%B1%D9%85%D9%87%D8%AF%DB%8C%DB%8C%DB%8C%DB%8C%DB%8C%DB%8C%DB%8C%DB%8C,مرد,0
https://www.ninisite.com/user/57e2427e-2f6c-4578-ab32-056d8e48a28a/nima-8181,مرد,0
https://www.ninisite.com/user/580cd739-4183-4363-8fb8-4968dfbb8c93/%D8%A7%D9%93%D8%B1%D9%85%D8%A7%D8%A7%D8%A7%D8%A7%D9%86,مرد,0
https://www.ninisite.com/user/5829d1b6-10ea-4bc9-818b-34af29fb0f5f/soloman,مرد,0
https://www.ninisite.com/user/5840df8d-8e56-41aa-bbb1-f1a9413aff53/leomesi,مرد,0
https://www.ninisite.com/user/584af160-c37c-41d6-af79-2bb86a878777/%DB%B2%DB%B0%DB%B0%DB%B4nim2,مرد,0
https://www.ninisite.com/user/58b8edb1-51c7-4db1-97b9-75c70bcd036e/withyou,مرد,0
https://www.ninisite.com/user/58ef4c39-85e2-47de-ae96-db1fbef090d8/%D8%A7%DA%98%D8%AF%D8%B1%D8%B1%D8%B1,مرد,0
https://www.ninisite.com/user/58fd6513-0cf7-49bd-b687-bbc9537a13bf/%D9%85%D8%B1%D8%AF%DA%A9-%D8%AF%D9%84%D8%AA%D9%86%DA%AF,مرد,0
https://www.ninisite.com/user/5951b20c-b021-4554-b0e7-c57eb75734a7/iheydar,مرد,0
https://www.ninisite.com/user/59b28f2e-c13f-4465-9e33-890f3ac91e2d/00999999,مرد,0
https://www.ninisite.com/user/59ca8f3a-ac28-4df6-a6e0-ad1c7c42bb50/sirvan9,مرد,0
https://www.ninisite.com/user/59fec141-d37e-4f1b-89b9-5b6d4549491d/%D9%85%D9%87%D8%B1%D8%A8%D9%88%D9%8669,مرد,0
https://www.ninisite.com/user/5a1e95f1-c9f7-4923-baf3-5855dfd7e567/peyman-khaleghi,مرد,0
https://www.ninisite.com/user/5a6c7c51-58ce-4ba9-8350-d0a11b4f0345/milad0dalim,مرد,0
https://www.ninisite.com/user/5a962036-ff83-4951-9d97-fad9aaad7c83/mohammadhakan,مرد,0
https://www.ninisite.com/user/5a9d70c7-30a1-498c-92cd-34e4927ec713/pmzzzz,مرد,0
https://www.ninisite.com/user/5aa12cd6-46f6-48ae-8f3f-34988096f2bc/%D8%AF%D9%84%D9%81%DB%8C%D9%84%D9%86-%D9%BE%D8%B3%D8%B1,مرد,0
https://www.ninisite.com/user/5afbb693-c200-4cc5-bac7-39aa16c512f1/ranginnn,مرد,0
https://www.ninisite.com/user/5b3c789e-e0c9-44b7-b7b7-c36475803cb2/sirena-mj,مرد,0
https://www.ninisite.com/user/5b54f264-f070-4318-a3d4-92f658c40e10/%D8%B9%D8%A8%DB%8C%D9%84%D8%A7,مرد,0
https://www.ninisite.com/user/5b6c063e-6638-4b8b-b4fb-d1bfc36c4e32/aliakbari1386,مرد,0
https://www.ninisite.com/user/5b79e257-8d7a-4fb9-b083-e74cdbae19b3/mori26,مرد,0
https://www.ninisite.com/user/5b7c9982-0c89-4ea7-ae71-b437a9650848/ali-96,مرد,0
https://www.ninisite.com/user/5ba7b662-7aa6-4233-85f6-480397638da2/goolyahakh,مرد,0
https://www.ninisite.com/user/5bf98b2c-8a0d-4dc3-9e42-98048ff853f5/ensanbashim,مرد,0
https://www.ninisite.com/user/5c753922-61ef-4d18-bd25-8cdb99d8211d/dragan,مرد,0
https://www.ninisite.com/user/5d57d9c9-2848-471e-9476-ea6adabb18bd/72jalil,مرد,0
https://www.ninisite.com/user/5d60161a-1631-47e7-86a8-a80352aa0fa9/darjostejoye-aramesh,مرد,0
https://www.ninisite.com/user/5d96c788-18b1-46a6-8aeb-e26193b546ed/youzarsif4064,مرد,0
https://www.ninisite.com/user/5f04e154-4ab9-44e3-bae1-f29da18a88a6/%D8%B9%D9%84%DB%8Cs2,مرد,0
https://www.ninisite.com/user/5f1b618e-1ea2-4462-a229-998f170e4e3d/unknownun1400720,مرد,0
https://www.ninisite.com/user/5f44f31e-79b9-4d81-a81a-66f0a8608cb6/black-beard18,مرد,0
https://www.ninisite.com/user/5f5af1d6-545c-4bc3-a02b-29e95e1fb090/%D9%86%D8%A7%D8%B4%D9%86%D8%A7%D8%B3%D8%A7%DB%8C%D8%AA,مرد,0
https://www.ninisite.com/user/5f62f285-41fa-400e-b970-16525a524806/dumb,مرد,0
https://www.ninisite.com/user/5f71ed6d-ce7e-441c-8d1c-404abbd354e6/123%D8%AD%D8%B1%DA%A9%D8%AA,مرد,0
https://www.ninisite.com/user/5fc9df5a-142d-4826-993e-5df5e2a41539/%D9%BE%D8%AF%D8%B1%D8%AD%D8%B3%DB%8C%D9%86,مرد,0
https://www.ninisite.com/user/6046af18-870b-4a42-af5d-d5da2e82153e/%D9%86%D8%A8%D8%A7%DB%8C%D8%AF%D8%AA%D9%88%D8%A7%DB%8C%D9%86%D8%B3%D8%A7%DB%8C%D8%AA%D8%A8%D8%A7%D8%B4%D9%85,مرد,0
https://www.ninisite.com/user/60843fc0-ccd2-4272-a0ed-fb1193ecdbaf/alx,مرد,0
https://www.ninisite.com/user/60d40169-edd3-485e-a649-638ab4c67a0d/%D8%AF%DB%8C%D8%AF%D8%A7%D8%B1-%D9%85%D9%87%D8%B1%D8%A8%D8%A7%D9%86%DB%8C,مرد,0
https://www.ninisite.com/user/60dbfcfd-0bef-47e9-a5c6-2b2fd409b828/amir-1380,مرد,0
https://www.ninisite.com/user/614b131c-7b94-4032-982c-47be0cb964ca/%D8%A7%D9%85%DB%8C%D8%B1%D8%AD%D8%B3%DB%8C%D9%86%DB%8C%D8%B2%D8%A7%D8%AF%D9%87,مرد,0
https://www.ninisite.com/user/618d344b-5e0e-459e-b826-dd76b83ba1f3/poyan70,مرد,0
https://www.ninisite.com/user/61a35401-c849-431e-aef8-3e02859f6fff/o-omiid,مرد,0
https://www.ninisite.com/user/61ce4662-bf54-4c21-a5a9-54b685937056/469mohandes,مرد,0
https://www.ninisite.com/user/61ce7a7c-a11a-4d26-a10d-d92c51a27ce1/%D8%B9%D9%82%DB%8C%D9%84agha11,مرد,0
https://www.ninisite.com/user/62a2fbae-9d51-4d22-b8c3-3b8bbbc2ec71/4-4-4,مرد,0
https://www.ninisite.com/user/62dc38f7-a3e0-45f9-9b1d-2cee6b3eee34/ehsanfroxe,مرد,0
https://www.ninisite.com/user/63044762-89d6-48e3-821e-72a78f8617fe/s%D8%B2%D9%85%D8%B3%D8%AA%D8%A7%D9%8666,مرد,0
https://www.ninisite.com/user/631147d2-faba-4159-a4ce-fe35ea1a5a88/%DB%8C%D8%A7%D9%86%DB%8C%DA%AF%D9%88,مرد,0
https://www.ninisite.com/user/63245c17-c8ff-4b36-9d1e-b36478c639e9/mehrmandegar,مرد,0
https://www.ninisite.com/user/6358bc00-a866-469a-aa88-69918cda5bcf/maheeeeeeeeeer,مرد,0
https://www.ninisite.com/user/63717eb6-110e-4ae7-a39a-af3292d1271f/aria-bagheri,مرد,0
https://www.ninisite.com/user/6372aa71-8ab0-41ed-a435-9c60359cc785/%D9%85%D8%A7%D9%86%D8%B2%D9%88,مرد,0
https://www.ninisite.com/user/6375a43b-329e-4179-8cfa-d3f4cb726416/ensanamarezust2,مرد,0
https://www.ninisite.com/user/640b15c5-4ab6-4391-86cc-8284f867b2ea/ehsan%DB%B1%DB%B11%DB%B5,مرد,0
https://www.ninisite.com/user/641ac9ff-f9bc-4b6b-aa6c-7e9e0f135b5c/%D9%87%D9%86%D8%B1%D8%AF%D8%B1%D9%88%D9%86%DB%8C,مرد,0
https://www.ninisite.com/user/641b9299-9125-4008-8fa9-268e55fe1a7b/farid4848,مرد,0
https://www.ninisite.com/user/6431e0cd-8ad1-47fc-9249-4a60f1661fa5/%D8%A7%D8%B4%DA%A9%D8%A7%D9%86-%D8%B2%D9%85%D8%A7%D9%86%DB%8C,مرد,0
https://www.ninisite.com/user/6484c45f-795a-4e43-adba-3a6d279b7726/30goodfather,مرد,0
https://www.ninisite.com/user/64889b59-abc9-462f-be89-5c4ad0401361/%DB%8C%D8%A7-%D9%85%D9%86-%D9%84%D8%A7%DB%8C%D8%B1%D8%AC%DB%8C-%D8%A7%D9%84%D8%A7%D9%81%D8%B6%D9%84%D9%87,مرد,0
https://www.ninisite.com/user/64bbb4d4-e49c-4972-9b46-2afa7e20a1e7/%D9%85%D9%87%D8%AF%DB%8C%D9%876464,مرد,0
https://www.ninisite.com/user/64c7a66b-c09e-4c6b-9af5-86bb60d0bd90/%DB%8C%D9%88%DA%AF%D8%A7%D8%A7%D8%A7%D8%A7%D8%A7%D8%A7,مرد,0
https://www.ninisite.com/user/64f8b451-75d3-432f-8023-6ea2608958d5/ferzfit,مرد,0
https://www.ninisite.com/user/64fc92eb-0f24-4e35-9683-9c074b00490f/%D8%AA%D9%86%D9%87%D8%A7%D8%AA%D8%B1%DB%8C%D9%86korosh,مرد,0
https://www.ninisite.com/user/65313607-d3dc-4e08-95cb-0dd9cc254773/computerengineer,مرد,0
https://www.ninisite.com/user/6558856b-2de6-4168-b5dd-5e3dc5a7ef0a/%D9%85%D9%87%D8%B1%D8%AF%D8%A7%D8%AF%D9%85%D9%85%D9%85%D9%85,مرد,0
https://www.ninisite.com/user/6568e7b0-e4a1-4166-8e9c-1dc4e2fa0f45/farhadnaghdi,مرد,0
https://www.ninisite.com/user/657c3cd0-8cd7-4896-b2d2-17f907e41071/jo0ker-680,مرد,0
https://www.ninisite.com/user/65c50c47-a2e8-48f3-b7bd-29239776b598/chidelii,مرد,0
https://www.ninisite.com/user/65d24ee0-895c-40c4-9172-d9b28852a75e/%D9%87%D8%A7%D8%AA%D9%8160,مرد,0
https://www.ninisite.com/user/65f44bf4-784c-42ec-b4fc-0051514b5e10/1s-d,مرد,0
https://www.ninisite.com/user/65f4e22a-0b9b-4369-9e4e-57717ddaaf44/leilaai,مرد,0
https://www.ninisite.com/user/65fbb021-9963-43a2-b889-cb5d9c56fc91/alifevs,مرد,0
https://www.ninisite.com/user/6623caaa-d259-4f3b-99c2-8482bef515d4/shahsavari,مرد,0
https://www.ninisite.com/user/664f6914-a577-49d2-9406-46abf9ace0d5/%D8%A7%D9%86%D9%88%D8%B1%DA%AF%D9%88%D8%AF%DB%8C%D9%88%D9%88%D9%81,مرد,0
https://www.ninisite.com/user/6663a1bd-1460-4dde-a64a-060ddc004282/mr-x,مرد,0
https://www.ninisite.com/user/6674aa18-f663-4e83-a597-17c398a229be/homkkkl,مرد,0
https://www.ninisite.com/user/6695b543-5af9-488a-a38c-ecc45e7fe7df/%D8%A7%D9%86%D9%88%D8%B1-%DA%AF%D9%88%D8%AF%DB%8C%D9%88%D9%81,مرد,0
https://www.ninisite.com/user/66994162-22f5-4d4d-8ab9-5ac82a83fe51/ramin7630,مرد,0
https://www.ninisite.com/user/66c50a78-6186-490a-aa94-bb3763225f0a/alibobo,مرد,0
https://www.ninisite.com/user/66ceaf4d-abad-460c-bd77-211173717144/%D8%A7%D9%85%DB%8C%D8%B1%DB%B2%DB%B0%DB%B6%D8%AF%D8%A7%D8%B1,مرد,0
https://www.ninisite.com/user/66ddba56-2e54-4151-b8f2-67d24df8b873/ali1797979797,مرد,0
https://www.ninisite.com/user/66ff8770-77be-43ae-ad74-487a423cb818/%D9%85%D9%87%D8%AF%DB%8C64%D8%B4%DB%8C%D8%B1%D8%A7%D8%B213,مرد,0
https://www.ninisite.com/user/6711620c-ef1a-420e-ae35-8b9cc2f33231/%D9%BE%D8%B3%D8%B1-%D8%AE%D9%88%D8%B4-%D9%82%D9%84%D8%A8,مرد,0
https://www.ninisite.com/user/67727ec1-a158-49fa-874b-5c88e69f2a57/ahang53,مرد,0
https://www.ninisite.com/user/6784ca7b-7c15-4b33-8c7b-1f16f36c906b/rooh69,مرد,0
https://www.ninisite.com/user/678e60af-e0df-4e28-a2a0-b5c4c8b06b50/reza0320,مرد,0
https://www.ninisite.com/user/67922260-f69f-451c-9117-3c87985e4895/hooman-41,مرد,0
https://www.ninisite.com/user/679c85c1-6569-48b3-a0cd-19aea74ffd6b/saman1401,مرد,0
https://www.ninisite.com/user/680fe715-a644-4032-9435-9bcc481da7e2/amitis-es,مرد,0
https://www.ninisite.com/user/682ff580-73a4-46ea-afe5-8725aa21babb/%D8%B4%D8%A7%D8%B2%D8%AF%D9%871402,مرد,0
https://www.ninisite.com/user/684ec9e8-36c0-4d93-acfb-5647619615ce/zebl66,مرد,0
https://www.ninisite.com/user/6862fece-c5ee-4498-a023-c7b4cdc84670/%D9%85%D9%86%D8%B5%D9%88%D8%B162,مرد,0
https://www.ninisite.com/user/687d443d-7ad3-4f2f-aa06-4c3c04aa541e/mohammadamin2,مرد,0
https://www.ninisite.com/user/688a960a-3765-4146-8902-648496fc69f7/yfhhh,مرد,0
https://www.ninisite.com/user/68bce0f9-65b8-40a0-a87d-51d9fd66c220/mohsen-haappaar,مرد,0
https://www.ninisite.com/user/68c84a8e-4f42-48a4-820a-cdf39169f4df/mehdi-shiraz-66,مرد,0
https://www.ninisite.com/user/68d3a43b-d2f8-424f-8a8e-5e3e06005c68/hesari1378,مرد,0
https://www.ninisite.com/user/68e2323a-81b3-4059-96ec-f394029e9308/moji-ace,مرد,0
https://www.ninisite.com/user/690ac60f-1f5c-4b8f-b405-6694989d1127/%D8%AF%D8%B1%D8%A7%D9%86%D8%AA%D8%B8%D8%A7%D8%B1%DA%AF%D9%88%D8%AF%D9%88,مرد,0
https://www.ninisite.com/user/69125acb-8988-4eff-a384-0b0c7d1b9cc5/godpleasebewithme,مرد,0
https://www.ninisite.com/user/69545a6e-4cc7-4736-8a56-51666ffae762/kollange-edallat,مرد,0
https://www.ninisite.com/user/697a1bb5-76cf-40e3-9dc3-72e6d05a11df/shaaaa2020,مرد,0
https://www.ninisite.com/user/69a9ad0d-c831-4360-b255-eb59374b1a32/%D8%A8%D9%87%D8%A7%D8%AF%D8%B1-%D8%A7%D9%87%D9%88%D8%A7%D8%B2%DB%8C,مرد,0
https://www.ninisite.com/user/69c69ccc-6f20-44fb-a150-dc94b9c66543/123sh456,مرد,0
https://www.ninisite.com/user/6a54e3b6-b586-4446-aae7-ae01c4c83885/%D9%85%D8%B1%DB%8C%D8%B6%DB%8C,مرد,0
https://www.ninisite.com/user/6b255f99-0195-4738-a7b0-401343d55641/reza-9465,مرد,0
https://www.ninisite.com/user/6bcbeac3-84ff-4de8-b2f5-a633ee7236bb/%D8%B2%D8%A7%D9%BE%D8%A7%D8%AA%D8%A7,مرد,0
https://www.ninisite.com/user/6c062e39-5427-41e5-bf8c-495cc9ab344e/z1z279,مرد,0
https://www.ninisite.com/user/6c7b4621-2177-4976-a0eb-36430d057bd2/abolfazl48,مرد,0
https://www.ninisite.com/user/6c7fc0cc-bfa7-4458-9b73-441ea862ccf0/ali4667,مرد,0
https://www.ninisite.com/user/6c89e2a5-c0c0-4bd2-9bea-dd82a79bb47d/kindman2,مرد,0
https://www.ninisite.com/user/6c912d26-9d31-44d8-9a22-0f3e53ff4e00/a-person,مرد,0
https://www.ninisite.com/user/6c9d5727-ffe6-45f4-9795-1d1ce41ca849/%D8%A7%D9%93%D9%82%D8%A7%DB%8C-%D9%85%D9%81%D8%AA%D9%88%D9%86,مرد,0
https://www.ninisite.com/user/6caf05f6-89e7-4e48-a023-416916d3afa6/%D9%85%D8%B1%D8%AF%D9%85%D8%B4%D8%B1%D9%82%DB%8C,مرد,0
https://www.ninisite.com/user/6cc82eb9-7f1a-4f43-a42a-859ec68d5fd0/sassh,مرد,0
https://www.ninisite.com/user/6ccfe264-21b6-4bb8-b33a-b8d928d7d246/%D9%87%D9%85%DB%8C%D8%A7%D8%B1%D8%AF%D8%A7%D8%B1%D9%88%D8%B3%D8%A7%D8%B2,مرد,0
https://www.ninisite.com/user/6d12ef97-1bb7-4a7a-a80c-88d95b672760/%D8%B5%D8%A8%D9%88%D8%B1%D8%A7%D9%86%DB%B2,مرد,0
https://www.ninisite.com/user/6d2a22ae-53cb-4c00-8c19-5b4bbd110cd7/%D8%AA%D9%86%D9%87%D8%A7%DB%8C21,مرد,0
https://www.ninisite.com/user/6d2e6458-3ba0-4aa0-8d73-af8954659af7/naghmeh-sokot,مرد,0
https://www.ninisite.com/user/6d955963-fd67-4bba-a764-fd6835965bff/%D8%B3%D9%85%D8%A7%D8%B1%D8%AA,مرد,0
https://www.ninisite.com/user/6e08de05-0fda-4bcd-b562-c22dcb575eb7/hami321,مرد,0
https://www.ninisite.com/user/6e353245-e16d-4a53-8ed4-92933c2ef80b/aamirabass,مرد,0
https://www.ninisite.com/user/6e7bdfcc-f11b-440b-a446-23e82d48ae9d/aso-r,مرد,0
https://www.ninisite.com/user/6e8468f0-c0a4-41ec-8b15-92f3f38632d0/skotedeel,مرد,0
https://www.ninisite.com/user/6e9c98c7-012c-4d34-b98f-1f7d2821902d/mehran1964,مرد,0
https://www.ninisite.com/user/6ec8e294-00c7-42bb-830c-f1020ce41a5b/farhaad1,مرد,0
https://www.ninisite.com/user/6ed0bc49-bde0-4d52-ba97-6b7c5127238a/%D8%B1%D8%B6%D8%A7420,مرد,0
https://www.ninisite.com/user/6ee58dd5-0499-486b-99ec-0f218850ed45/%D8%AF%D9%88%D9%86%D8%AF%D9%87-%D8%B4%D8%A8,مرد,0
https://www.ninisite.com/user/6f15771a-49ab-448d-aa46-972de102bc18/%D9%81%D9%84%D8%A7%D9%86%DB%8C000,مرد,0
https://www.ninisite.com/user/6f3af68a-060e-484e-8169-f3513d1bdea4/iam-alii,مرد,0
https://www.ninisite.com/user/6f7a4631-3228-4d5f-9d9f-d968bdc9a6c9/frzmmn,مرد,0
https://www.ninisite.com/user/6f7c9774-bad2-4e82-bdf9-37537374a7da/sasanalfa,مرد,0
https://www.ninisite.com/user/6fb49f07-611c-43fc-ab38-e27f48cd3dd1/%D8%B9%D8%B3%D9%84%D9%852416,مرد,0
https://www.ninisite.com/user/6fea5cb4-1f32-4060-a563-82cd5154e6c1/1234lawer,مرد,0
https://www.ninisite.com/user/6ffbadca-ccc8-4acd-81d3-23a82724dbaf/%D9%85%D8%B9%D8%AF%D9%84-p,مرد,0
https://www.ninisite.com/user/6ffdbd0e-a48a-40c5-92c7-0362071fcbca/sky-people,مرد,0
https://www.ninisite.com/user/715aeb80-b35a-4bcd-96a0-cf5991a8534a/one-person,مرد,0
https://www.ninisite.com/user/715cd195-daea-45b7-9b9e-8db47b9c0bf9/amiirabasss,مرد,0
https://www.ninisite.com/user/71b6d8fc-b0dd-4864-8c88-3dc683ef04c3/mr-luxe,مرد,0
https://www.ninisite.com/user/71e64248-abb1-4c44-8d6a-334b20c5396b/%D8%A7%D9%93%D9%85%D9%80%D9%88%D8%A7%DB%8C%D9%80%D9%85%D9%80%D8%A7%D9%86,مرد,0
https://www.ninisite.com/user/72067bbb-ac00-4862-83d6-0e18164dbe9e/ramin-gold,مرد,0
https://www.ninisite.com/user/72348417-2f01-4ca4-bfca-99283353e13b/%DA%A9%D9%88%DA%A9%D8%B9%D9%84%DB%8C,مرد,0
https://www.ninisite.com/user/7235836f-2af6-4b29-b364-fd58db81283f/emadmaha-raj,مرد,0
https://www.ninisite.com/user/7291a7bb-9fe0-4343-b822-30e7ea1462ef/alishah66,مرد,0
https://www.ninisite.com/user/7314a4c7-8c55-4d0a-bb08-7b20f5a11f24/76mohamad,مرد,0
https://www.ninisite.com/user/731de666-1cfb-4627-a919-92a3bf4cf4dc/masoud226,مرد,0
https://www.ninisite.com/user/731e6319-dfe8-4667-837a-799a11e1b1e5/mahdi1582,مرد,0
https://www.ninisite.com/user/736638e3-4ed3-4a99-83b4-708f67989778/behnam-59,مرد,0
https://www.ninisite.com/user/74036810-d4f6-418f-b402-d5586f25e940/alireza9595,مرد,0
https://www.ninisite.com/user/74079827-4572-4dff-9813-12cfdbc6b678/feri1361,مرد,0
https://www.ninisite.com/user/740802bc-3cdd-46a2-931d-c7c2dce57d11/aa-mm-ii-rr,مرد,0
https://www.ninisite.com/user/74122b8d-43f4-43ab-8c90-71cc4487dd7a/faarda,مرد,0
https://www.ninisite.com/user/742a1df3-b4a9-4e50-925e-3a048fd8a77d/kingnarnia,مرد,0
https://www.ninisite.com/user/74a376da-1a46-493e-bd17-157c1e530350/%D8%A7%D9%84%D8%A8%D8%B1%D8%B2222,مرد,0
https://www.ninisite.com/user/74b2db50-f199-4898-a8f7-ccecd36ab869/soheil0100,مرد,0
https://www.ninisite.com/user/74be48b8-1e5b-4274-ac19-fcb9bb50c125/q27,مرد,0
https://www.ninisite.com/user/74cd7d7b-9bd2-4339-b593-e858b5904bb0/lonleyman,مرد,0
https://www.ninisite.com/user/74fef8fc-eeef-4499-8bca-e3a8060510fc/%D9%85%D9%87%DB%8C%D8%A7%D8%B1%D8%B1%D8%B1%D8%B1%D8%B1%D8%B1,مرد,0
https://www.ninisite.com/user/751adde7-6246-4d17-9516-d4774b1a4f7f/%D8%A7%D9%82%D8%A7-%D8%A8%DB%8C%D8%AF%D9%85,مرد,0
https://www.ninisite.com/user/753b5a5d-239c-4f26-b512-483c93ab8d1a/overload,مرد,0
https://www.ninisite.com/user/756c7fa6-0e4d-48c9-870d-66d8a83b13eb/%DB%8C%D9%88%DA%AF%D8%A7%D8%A7%D8%A7%D8%A7,مرد,0
https://www.ninisite.com/user/75bda545-996c-4d3a-b079-ad886eb1d71e/ali%DB%B0%DB%B0%DB%B1,مرد,0
https://www.ninisite.com/user/75e8f90c-0af9-4aa3-bef1-3fb81bcbd54f/lotooos,مرد,0
https://www.ninisite.com/user/75f3a357-c772-4746-90de-db97d9bbde20/ebrahimmiri,مرد,0
https://www.ninisite.com/user/76338296-9862-45a6-9cab-d5d0777b4bd7/abbasi1991,مرد,0
https://www.ninisite.com/user/76343884-2855-4d01-bb67-d6e0be796f89/pb8790,مرد,0
https://www.ninisite.com/user/765b814a-bc77-4286-86f7-c91ad3d9c37e/mooo0oon,مرد,0
https://www.ninisite.com/user/765e49d8-d94d-430c-b9a9-859b4ed01f5c/kurdishboy,مرد,0
https://www.ninisite.com/user/769f0b66-0895-403c-afa2-0b88f2d87acb/qwertyui1159357,مرد,0
https://www.ninisite.com/user/76b18fa7-356e-4e38-b0cf-4c080ab40d4b/ehsan0009,مرد,0
https://www.ninisite.com/user/77009d2a-bc9a-4780-ab31-e00ed25f472d/volvo540,مرد,0
https://www.ninisite.com/user/775b32bf-7ed4-4e7e-bcc5-6c0bf3404b5b/leon-69,مرد,0
https://www.ninisite.com/user/77665f97-29ba-4355-9bbb-be7142bdb7ad/mr-hamiid,مرد,0
https://www.ninisite.com/user/777043b1-d211-4125-9e18-fef3a3e70454/19ahmd,مرد,0
https://www.ninisite.com/user/779acd90-1d98-46eb-9eba-122205ef47af/king-yashar,مرد,0
https://www.ninisite.com/user/786794b8-0631-4223-bfa7-1265d1e825fc/hhhhahhhhh,مرد,0
https://www.ninisite.com/user/7977906a-4b29-47e2-9272-fc5ec859e8b4/%D8%B9%D9%84%DB%8Cs3,مرد,0
https://www.ninisite.com/user/7977935c-09e1-49d4-9c3c-1a69b4cd6942/amirjbz,مرد,0
https://www.ninisite.com/user/79d88578-9dd4-4415-965e-be274783d3ac/pasokhgo,مرد,0
https://www.ninisite.com/user/79da42c3-e6f4-4175-8704-f98816a85f26/asemane-zendegi,مرد,0
https://www.ninisite.com/user/79fcb7a2-00c7-4cc1-9b15-4e55da018e9d/yekhesekhob,مرد,0
https://www.ninisite.com/user/7a0923ac-96e9-4ab4-8d4b-466bf97595b5/mobinemun,مرد,0
https://www.ninisite.com/user/7a201156-86e7-4ebc-820a-4b5ef3b447d0/amirhomayun,مرد,0
https://www.ninisite.com/user/7a573ebf-ebe8-4bed-9b1a-658c72e62930/%D9%85%D8%B1%D8%AA%D8%B6%DB%8C-%D9%85,مرد,0
https://www.ninisite.com/user/7a9223ec-f44f-4d57-8179-e1dfadd189dc/bababooey,مرد,0
https://www.ninisite.com/user/7ab4cc2c-bc43-4571-b378-8f8e6ec1ddb3/%D8%AF%D9%85%D8%A7%D9%88%D9%86%D8%AF,مرد,0
https://www.ninisite.com/user/7adadece-082c-44de-813b-a167e4dd9b17/%DA%AF%D8%B1%DB%8C%D8%B2%D8%A7%D9%86,مرد,0
https://www.ninisite.com/user/7af555ae-11f7-4e77-96cc-84d422ce5c01/%D8%AF%D8%A7%D8%BA%D9%88%D9%88%D9%88%D9%88%D9%88%D9%88%D9%88%D9%88%D9%88%D9%88%D9%88%D9%88%D9%88%D9%88%D9%88%D9%88%D9%86,مرد,0
https://www.ninisite.com/user/7afb9dac-ad85-41fe-8225-ce9c371a3c52/user82492,مرد,0
https://www.ninisite.com/user/7b51b351-e82b-438e-a1b5-bd820ac7b18b/%D8%A7%D9%93%D8%B1%D9%85%D8%A7%D9%86%D8%B4%D9%88%D9%86%D9%85,مرد,0
https://www.ninisite.com/user/7b681d53-2391-4fe4-95bf-15069e2fa9cb/arash07,مرد,0
https://www.ninisite.com/user/7b8bb6f9-9f7c-4ecd-aba7-095640ab48b7/sami9271,مرد,0
https://www.ninisite.com/user/7b9826be-bb64-4f14-92f1-10b54651b1ba/%D9%BE%D9%86%DB%8C%D8%B1%D9%85%D9%88%D8%B2%D8%A7%D8%B1%D9%84%D8%A7,مرد,0
https://www.ninisite.com/user/7ba92dd4-4ee3-44c8-a8c2-92c7807b3f48/ttttttttttttttoooooo,مرد,0
https://www.ninisite.com/user/7bb229b4-d7e2-4e9f-b954-fc581252a3db/aloneman67,مرد,0
https://www.ninisite.com/user/7bc6cc23-a711-47dd-9149-324278f9b0d7/1374aras,مرد,0
https://www.ninisite.com/user/7be3d0d8-9c48-4d67-a1f3-be642fa58160/%D9%BE%D8%B3%D8%B1%DA%A9%D8%B1%D8%AF,مرد,0
https://www.ninisite.com/user/7befc5c4-632b-4c6e-8624-11f9204838b4/closefire,مرد,0
https://www.ninisite.com/user/7c103daf-ceff-4e32-9059-5776ff95b63d/mahanjozen,مرد,0
https://www.ninisite.com/user/7c95e463-9c1a-4263-80a6-73ac7c6d75e0/moradian,مرد,0
https://www.ninisite.com/user/7ca82f6d-b13d-4471-9419-2ec901a635d4/%D8%B3%D8%B1%D8%AF%D8%A7%D8%B1%D8%AF%D9%84%D9%87%D8%A72,مرد,0
https://www.ninisite.com/user/7cb557f1-d453-4d58-9d3a-a9d2e15b6498/%D9%85%D9%86%DB%8C%D8%AA,مرد,0
https://www.ninisite.com/user/7d01290a-89c7-4570-a4db-0c47093ed536/%D8%B4%DB%8C%D8%AF%D8%A7%DB%8C%DB%8C50,مرد,0
https://www.ninisite.com/user/7d0547c5-1c40-4dc0-8cd0-7d9b1eed5618/%DA%A9%D8%B1%DB%8C%D9%85-%D8%AE%D8%A7%D9%86-%D8%B2%D9%86%D8%AF%DB%8C%D9%87,مرد,0
https://www.ninisite.com/user/7d28c3f5-a25e-4e07-ab69-a9d7073a7238/%D9%81%D8%B1%D8%A7%DA%A9%D8%AF,مرد,0
https://www.ninisite.com/user/7d32312d-084f-4b0d-b7e4-8ab2cc3808ef/justgod1404,مرد,0
https://www.ninisite.com/user/7d8694bf-ed6a-43c1-98a5-e6c77a191629/parsa87,مرد,0
https://www.ninisite.com/user/7da09e27-8fc2-4346-b168-429675fc3597/%D8%B3%D9%BE%D9%87%D8%B1%DB%B1%DB%B5,مرد,0
https://www.ninisite.com/user/7ddc5794-e33e-4539-b964-3595737f7d72/%D9%86%DB%8C%D9%88%D8%B2%DA%A9%D8%B1%DB%8C%D8%A7,مرد,0
https://www.ninisite.com/user/7df33086-7717-4c52-bff3-9f9f0611ae40/mojtaba78,مرد,0
https://www.ninisite.com/user/7e348f84-683f-477e-8df7-3ac5e9d7f0be/%D9%85%D8%AD%D9%85%D8%AF%D8%B3%D9%84%DB%8C%D9%85%DB%8C63,مرد,0
https://www.ninisite.com/user/7e46981e-9fd5-428f-af9f-daec94814a93/sfhosini,مرد,0
https://www.ninisite.com/user/7e54f516-c1d7-4976-b4fa-399021db54d3/kpmhh-bhgvbh,مرد,0
https://www.ninisite.com/user/7e7ea037-7efb-4c5a-9ad4-510bd07a8279/%D8%B3%D8%A7%D9%85%D8%A7%D9%86911,مرد,0
https://www.ninisite.com/user/7ed8fa51-6bc7-4a06-b561-912423777326/%D8%AE%D9%88%D8%B4%D8%A8%DB%8C%D9%86%D8%A7%D9%86,مرد,0
https://www.ninisite.com/user/7f23a70a-fa49-428d-a289-689c9d609657/imady,مرد,0
https://www.ninisite.com/user/7f2eee72-88ec-43cb-b378-5d8e122da50b/farshiddd,مرد,0
https://www.ninisite.com/user/7f9313c6-44e2-446a-a595-b830c95735c6/hoseinzz00,مرد,0
https://www.ninisite.com/user/7fcb2d68-96b0-41af-8a84-0087934cfc91/%D8%AF%D9%86%DB%8C8373,مرد,0
https://www.ninisite.com/user/7feb9196-ad5a-4a58-bdca-5da6c8e1ab75/hoss-st,مرد,0
https://www.ninisite.com/user/801c544d-580d-423a-a6bc-ef8d6d5f76ce/%D8%B1%D8%B6%D8%A7-%D9%85%DB%8C%D8%B1%DB%B5,مرد,0
https://www.ninisite.com/user/80449632-8a48-4cc8-aa84-4487deff9b63/mesu,مرد,0
https://www.ninisite.com/user/805f7723-f10b-4321-9fe3-4eabec37217c/%D8%B4%D8%A7%D8%B1%DA%98%D8%B1s,مرد,0
https://www.ninisite.com/user/8086f990-35ad-4f6c-8558-ef84d244467a/%D9%81%D8%B1%D9%87%D8%A7%D9%86%DB%B1%DB%B2%DB%B3,مرد,0
https://www.ninisite.com/user/80cf5e70-29cc-4ed9-8375-332679889e5c/aboutsme,مرد,0
https://www.ninisite.com/user/80ff2e16-ae9d-40e5-968d-bc9c3c01c3d5/mehdi64shiraz,مرد,0
https://www.ninisite.com/user/81000874-cbc2-496b-beaa-63b44fc96072/%D9%BE%D8%A7%D8%B1%D8%B3%D8%A74444,مرد,0
https://www.ninisite.com/user/813d8d98-ce7b-47ca-8b1b-1abcb8ff3d6a/hoseih,مرد,0
https://www.ninisite.com/user/818d598c-cbd4-4c26-92cb-5492171060ca/%D9%85%D8%AA%D8%BA%DB%8C%D8%B1,مرد,0
https://www.ninisite.com/user/819610c1-f23c-46c4-b5c3-dc7008af3ab6/morteza1366,مرد,0
https://www.ninisite.com/user/819e53e8-0046-4456-8ed1-ea03b87d4522/28miiii,مرد,0
https://www.ninisite.com/user/81cf3091-c372-4fa0-981f-bed196e3d911/gorbe-nare,مرد,0
https://www.ninisite.com/user/81d841c5-5d25-4c21-8841-37023923ec4d/%D8%AA%D9%86%D9%87%D8%A7%DB%8C-%D8%AA%D9%86%D9%87%D8%A7%DB%8C-%D8%AF%D9%88,مرد,0
https://www.ninisite.com/user/81ea3706-487f-4630-93ff-0edb04daaada/saeedparia,مرد,0
https://www.ninisite.com/user/82033a80-a6f4-4527-823f-762df167b509/salar230,مرد,0
https://www.ninisite.com/user/82419e1e-02f6-4d99-bcb1-0214dbe2db79/mehran47931,مرد,0
https://www.ninisite.com/user/825238a9-dddb-4571-b6d0-4e746e6138e7/moiiiin,مرد,0
https://www.ninisite.com/user/8279e0bc-044e-430b-bc2e-0d852eba409d/kohe1366sakht,مرد,0
https://www.ninisite.com/user/82a01047-3c3e-497f-9b4e-d612ea437c47/movahed666,مرد,0
https://www.ninisite.com/user/82ac7c41-4397-4cbc-8bdd-9628e75514f3/%D9%BE%D8%B3%D8%B1%D9%87-%DA%A9%D8%B1%D8%AC%DB%8C65,مرد,0
https://www.ninisite.com/user/82be009b-3d7f-4419-a81d-f6cdf77031cc/%D8%A7%D9%81%D8%B4%DB%8C%D9%86%DB%B1%DB%B4%DB%B0%DB%B1,مرد,0
https://www.ninisite.com/user/82ddaa72-273b-42e7-8123-88bf608f1104/a8l8i,مرد,0
https://www.ninisite.com/user/83363909-9493-426d-8da2-f26c9778bdda/madaen,مرد,0
https://www.ninisite.com/user/8350c093-9854-4e7b-bcac-390ebd1b3c54/young-hunter,مرد,0
https://www.ninisite.com/user/839be79d-8598-4009-b298-5adf936ae7bd/tommm,مرد,0
https://www.ninisite.com/user/83a78ffc-9335-4343-a28d-ee1d5371377a/mmd2525,مرد,0
https://www.ninisite.com/user/83d9ceeb-6e6c-4d44-b1b5-93bef1dffe56/charmer2001,مرد,0
https://www.ninisite.com/user/83f373c2-62b7-46b9-8386-d7e6dfc7e537/%D8%B9%D8%A7%D9%85%D8%B1%D8%B1%D8%AE%D8%A7%D9%86,مرد,0
https://www.ninisite.com/user/8495beaa-988a-4502-9635-2963d6b88e6a/mohsennnnn,مرد,0
https://www.ninisite.com/user/849b68cc-cee4-4a88-8348-18d890329e91/alo021%D8%B3%D8%A7%D8%A7%D8%A8%D9%82,مرد,0
https://www.ninisite.com/user/85806269-cddb-4349-82af-82c5bd8943d1/mohammad1fm,مرد,0
https://www.ninisite.com/user/859b15a5-570a-4bc2-a877-0beb3917f239/%D9%86%D9%86%D9%85%DB%8C%D8%AF%D9%88%D9%86%D9%85%D9%85%D9%85%D9%85%D9%85,مرد,0
https://www.ninisite.com/user/85bc3829-6875-4c09-bec1-7ca5bb1c66d3/%D8%AD%D8%A7%D9%85%D8%AF%D8%B4%D9%88%D9%88%D9%88%D9%88%D9%86%D9%85%D9%80,مرد,0
https://www.ninisite.com/user/85d9c270-1907-458e-b939-b841580d1261/alimsvi,مرد,0
https://www.ninisite.com/user/85ef93d7-6283-4ade-af8e-3dd28c7b2dc2/mohammad12124,مرد,0
https://www.ninisite.com/user/861d7ddd-c55a-4307-8ce1-702ffb4c52a4/jhbwn,مرد,0
https://www.ninisite.com/user/8676bee0-1838-42fe-b7e5-73e0c67c2c25/henry-hera,مرد,0
https://www.ninisite.com/user/8699f6d8-f32e-409d-84e2-00010d41069f/%D9%BE%D8%B3%D8%B1-001,مرد,0
https://www.ninisite.com/user/86ae9950-6da3-458c-bf62-ec6b57b9e105/%D8%B4%D9%BE%D9%84%D9%88%D9%85%D9%BE%D9%84%D9%88,مرد,0
https://www.ninisite.com/user/86b8c2ad-8d61-408d-bf72-9203ab49b167/reza6889,مرد,0
https://www.ninisite.com/user/86c19468-0c73-4031-ace2-f30300f450ba/saeed1243,مرد,0
https://www.ninisite.com/user/86eeb32e-6ca6-41c3-9553-708a16f9b4c3/alixo,مرد,0
https://www.ninisite.com/user/8766004d-a9c3-4332-84dd-d130d34b2b4c/%D8%A7%DB%8C%D8%B1%D8%A7%D9%8649,مرد,0
https://www.ninisite.com/user/8768fc2a-c4ee-4e93-b6a6-6aa894e0504c/ryhaneh95%D8%AF%D8%AE%D9%85%D9%84%D9%85,مرد,0
https://www.ninisite.com/user/8772c135-88a7-45a2-84d8-959100876415/%D8%A7%DA%A9%D8%B3%D8%AA,مرد,0
https://www.ninisite.com/user/877c89dd-90f4-4bd5-812f-789d57cb94e7/%D9%86%D9%81%D8%B1%DB%8C%D9%86-%D8%B4%D8%AF%D9%87,مرد,0
https://www.ninisite.com/user/877ed4bc-cd09-4e5d-853d-e50ca89f6a38/ali8831,مرد,0
https://www.ninisite.com/user/87a3cd28-6c2d-4272-b5d1-67c970fde47a/amirmehdii,مرد,0
https://www.ninisite.com/user/87b21ebf-ddd1-44d5-8173-50b94791ce70/mohsen1266,مرد,0
https://www.ninisite.com/user/87becde4-bf86-4b29-908d-0e5664055496/jessica-alexander,مرد,0
https://www.ninisite.com/user/87de8306-7a96-4066-9022-839e0108109b/%D9%85%D8%B4%D8%A7%D9%88%D8%B1%D9%86%D9%88%D9%85%D8%B1%D9%88%D9%84%D9%88%DA%98%DB%8C%DB%8C,مرد,0
https://www.ninisite.com/user/8801351e-1def-4365-b2b2-8277af65a8e7/gggjj,مرد,0
https://www.ninisite.com/user/88347ef6-c7c9-475e-8378-405663d8bfc0/%DA%A9%D9%85%D8%A7%D9%86%D8%AF%D8%A7%D8%B1s,مرد,0
https://www.ninisite.com/user/883d0a52-1650-40ce-9835-96a9208149fd/%D9%85%D9%85%D9%85%D9%85%D9%85%D9%85%D9%852312,مرد,0
https://www.ninisite.com/user/887c1c68-d603-4cde-8944-76a8a3f82622/hamedcodm,مرد,0
https://www.ninisite.com/user/8887564f-eb92-4761-bcc1-ae34ad672364/mahddadd,مرد,0
https://www.ninisite.com/user/8893f01c-bafe-47df-a80a-7ce7dfb8d9b0/merabanam,مرد,0
https://www.ninisite.com/user/88978380-59a0-4c8f-97fb-8edd761fd0ca/%D9%8A%D9%94%D8%A7%D8%B1%D8%A7%D9%85a,مرد,0
https://www.ninisite.com/user/88a14d17-128f-4c1c-8479-89847f2ae3d9/aa-mm-ii-rr,مرد,0
https://www.ninisite.com/user/88a5b306-87d7-4c59-91fc-ea8547b9eb88/blackwolfe2323,مرد,0
https://www.ninisite.com/user/88fd5c14-d81b-4373-97f3-8868c3b8c59c/saman-30,مرد,0
https://www.ninisite.com/user/892171df-d2e7-4d39-bab5-a957a95adba9/hely4488,مرد,0
https://www.ninisite.com/user/898a852e-f1ca-42fd-a34c-808a5817a190/rismangar,مرد,0
https://www.ninisite.com/user/89d0b350-10ba-4b9a-b21a-a79451f13547/%D8%B4%DB%8C%D8%B1%DB%8C%D9%86-%D9%86%DB%8C%D8%B3%D8%AA%D9%85,مرد,0
https://www.ninisite.com/user/8a514566-1ff1-45d6-a7c8-de2265c0b090/hamed11000,مرد,0
https://www.ninisite.com/user/8a6e32ac-16c3-4e59-9e88-e806ccff36e2/bmv12345,مرد,0
https://www.ninisite.com/user/8a95b267-df29-4db4-acfb-3b328314ce19/%D9%85%D9%85%D8%AF%D8%AE%D8%B7%D8%B1%DB%8C,مرد,0
https://www.ninisite.com/user/8ab2e76d-3381-470e-9141-e6ab33c4d2b2/emin-n,مرد,0
https://www.ninisite.com/user/8b0ac199-a48c-4086-8f48-f1a8a73d75db/mhaghighi,مرد,0
https://www.ninisite.com/user/8b4e514f-4c04-4897-9b1c-992e9667ef0b/%D8%B1%DB%8C%D8%AF%D8%A8%D8%B1%DA%AF%DB%B5,مرد,0
https://www.ninisite.com/user/8b91c0ac-e7b9-4daf-8ca1-f23f104ba818/dr-lamp,مرد,0
https://www.ninisite.com/user/8ba330a6-1f04-441e-81e4-680017525963/kian777,مرد,0
https://www.ninisite.com/user/8c07b104-72fd-40f6-aeba-e7ef70a54da2/persiann,مرد,0
https://www.ninisite.com/user/8c1e869c-e3a1-4df3-8f11-59f6ab30c1d0/aligh121212,مرد,0
https://www.ninisite.com/user/8c4febcc-d3a4-45b7-a34c-d89c95e0b87e/7175sinakord,مرد,0
https://www.ninisite.com/user/8c5e9837-0e08-41bf-8bc8-e7ced3e192a1/09057383892,مرد,0
https://www.ninisite.com/user/8c7624c6-e959-4ba8-8153-b70e1aa0570a/%D8%A7%D8%AD%D8%B3%D8%A7%D9%86%DB%B1%DB%B3%DB%B7%DB%B5,مرد,0
https://www.ninisite.com/user/8cb93060-1331-4bc4-888d-8b1f477f8782/%D8%B9%D9%84%DB%8C1242747,مرد,0
https://www.ninisite.com/user/8cddbbd1-05d0-4e9e-aeda-c87dc746cd9c/meysam120,مرد,0
https://www.ninisite.com/user/8ce09e36-cfbf-471a-87b2-ed6deece71d8/backstreetboy,مرد,0
https://www.ninisite.com/user/8ce90759-0364-43c0-9c9b-94d9fd2b3735/hairynigga365,مرد,0
https://www.ninisite.com/user/8d13a893-52fd-4ff4-80dd-40e38b8ae734/mohammadreza1300,مرد,0
https://www.ninisite.com/user/8d1c78c2-8591-486c-90a9-6bd2178be6bc/dark-mane,مرد,0
https://www.ninisite.com/user/8d8f3cc8-b63b-44dd-aefc-d69353172cbb/father1396,مرد,0
https://www.ninisite.com/user/8d9a3c75-0686-48db-bf4e-1e399df3d1ba/%D8%AA%D9%86%D9%87%D8%A7%D9%87%D9%85%D8%B1%D8%A7%D9%87,مرد,0
https://www.ninisite.com/user/8e0be30e-721c-4296-9855-da6b760eb58d/%DA%A9%D8%A7%D9%84%D8%A7%D9%85%D9%88%D9%86%DA%AF%DB%8C,مرد,0
https://www.ninisite.com/user/8e0f47a2-b134-4fa3-b854-cd94f7052ee2/erfan76,مرد,0
https://www.ninisite.com/user/8e257a7f-10b3-4612-8556-8b8fa2b9ab4b/chiefofchilling,مرد,0
https://www.ninisite.com/user/8e3c254b-52fd-411c-aa37-30c16f72476e/%D9%85%D8%A7%D8%B2%D9%86%DB%8C%D8%B1%DB%8C%DA%A9%D8%A7%D8%A7,مرد,0
https://www.ninisite.com/user/8e474422-9918-429f-9c0f-57e6edc00948/%D9%87%D8%A7%D9%87,مرد,0
https://www.ninisite.com/user/8e6e9409-88f4-437b-a567-63f011a0ea36/%D9%81%D8%B1%D9%87%D8%A7%D8%AF6868,مرد,0
https://www.ninisite.com/user/8e9cbfba-8686-4f3a-b243-4c34bae68aad/xu-7,مرد,0
https://www.ninisite.com/user/8eb82331-f407-49fe-aaa1-c1819a649d1c/%DA%A9%D9%81%D8%AA%D8%B1-%D8%A8%D8%A7%D8%B2-%D9%BE%D9%84%D8%A7%DA%A9%DB%8C,مرد,0
https://www.ninisite.com/user/8ed28229-3324-4009-9f16-e7937552ef1c/%D8%AE%D8%B1%D9%88%D8%B3-%D9%82%D9%86%D8%AF%DB%8C,مرد,0
https://www.ninisite.com/user/8ed65c9e-e0dc-4a02-b9f8-40fa8fc710aa/charming851,مرد,0
https://www.ninisite.com/user/8ed732ed-d40c-4d99-bcb1-ce85c007c8af/setoon,مرد,0
https://www.ninisite.com/user/8eeca2d2-a2d2-4e19-8263-10febee88d6b/hooooosinen26,مرد,0
https://www.ninisite.com/user/8f10cf82-5f07-428c-b4ab-fc53d4f02d7e/mr-mr2,مرد,0
https://www.ninisite.com/user/8f6ee3b6-a7a0-498e-b522-74cc53aca9ce/dearhossein,مرد,0
https://www.ninisite.com/user/8f925528-7509-4d83-835e-facd9f55f86e/amir-97d,مرد,0
https://www.ninisite.com/user/8fc88270-4840-4755-a3e2-f553f3efd687/danial-2,مرد,0
https://www.ninisite.com/user/8ffd5544-cc89-4f91-806b-0ccc578d4be1/pouya890,مرد,0
https://www.ninisite.com/user/90117987-466e-45e6-ace9-fc2f4a528a01/%D8%A7%D9%82%D8%A7-%D8%A8%DB%8C-%DA%A9%D8%B3,مرد,0
https://www.ninisite.com/user/901f3103-3c7b-41b1-978f-791dba8d2345/%D8%B2%D8%B1%D9%BE%D8%B1%D8%B3%D8%AA,مرد,0
https://www.ninisite.com/user/90295a59-4dd3-4368-82e8-726433a1b8ae/%D8%B3%D9%BE%D9%87%D8%B1%DB%B1%DB%B1,مرد,0
https://www.ninisite.com/user/90917cc8-e6a3-4e64-a528-c0daa4362ddc/ehsanpashaei,مرد,0
https://www.ninisite.com/user/90e6ed46-8b8a-4ba6-b1b1-a2339d7af6a5/ava1402,مرد,0
https://www.ninisite.com/user/90fe3ebe-1294-422d-9342-48a571bbf8a4/mohammad102024,مرد,0
https://www.ninisite.com/user/9115d831-3125-481c-b18c-3591f64f7935/mohammad-novel,مرد,0
https://www.ninisite.com/user/9116258f-05e5-4cb4-8359-f8fc6d1036a0/%D9%85%D9%88%D9%81%D8%B1%D9%81%D8%B1%DB%8C-%D8%AC%D8%B0%D8%A7%D8%A8%D9%85,مرد,0
https://www.ninisite.com/user/91840741-eca7-4375-8499-c916f8070ede/%DB%8C%D9%88%DB%8C%D8%A7%D9%84,مرد,0
https://www.ninisite.com/user/91b02a2e-ef0e-4247-8cdc-1d0c6a9f474d/%D9%81%D8%B1%D9%88%D8%AF52,مرد,0
https://www.ninisite.com/user/91bd9b0e-3237-4e27-964a-daeadb48d5bf/hojat-lopasali,مرد,0
https://www.ninisite.com/user/91deb7b5-6364-42ec-8ae9-ce385cf415f4/mehranbit,مرد,0
https://www.ninisite.com/user/920789f6-11b4-41b8-a978-fa4e16b53b04/pou68,مرد,0
https://www.ninisite.com/user/921f1bb4-bfc8-4c1f-9724-53a3a6e5e771/%D9%BE%DB%8C%D8%B1%D9%BE%D8%B3%D8%B11,مرد,0
https://www.ninisite.com/user/9243ff55-2ed9-4566-a2ee-f316b6446659/%D8%AA%D9%85%D9%86%D8%A7%DB%8C-%D9%88%D8%B5%D8%A7%D9%84,مرد,0
https://www.ninisite.com/user/924627d3-fb32-46eb-b0f7-1d74d6daa5a3/%DA%A9%D8%A7%D8%B1%D8%A8%D8%B11369,مرد,0
https://www.ninisite.com/user/924d2c22-aebc-4e46-aa21-9a6991e3b109/mostafa67,مرد,0
https://www.ninisite.com/user/92b5d8e8-400e-4725-9e78-267389d59d85/j-ernest,مرد,0
https://www.ninisite.com/user/92b740b8-c583-41f3-a445-b963f5745ff5/%D8%A7%D9%A4%D9%A3%D9%A2%D9%A1,مرد,0
https://www.ninisite.com/user/92f2709c-2736-484d-ad3c-ef0d7da40ffc/naru-8000,مرد,0
https://www.ninisite.com/user/934814ec-e43f-4eaf-9377-03b3188ca4fb/%D9%85%D8%AD%D9%85%D8%AF%D9%85%D8%AD%D9%85%D8%AF%DA%A9%D8%A7%D8%B8%D9%85,مرد,0
https://www.ninisite.com/user/93a8d33a-fa4d-49b2-b359-79f85ad78fa1/%D9%85%D8%AD%D9%85%D8%AF%D9%85-%D8%B1%D8%B6%D8%A7,مرد,0
https://www.ninisite.com/user/943ba5e9-b10c-4939-9f26-73f1e76225a7/skotedeell,مرد,0
https://www.ninisite.com/user/945efde7-6dd9-49f5-915a-037d659b777d/doyle7,مرد,0
https://www.ninisite.com/user/94617c9e-9ef0-4fd7-9f3d-3d6879afd5ca/manammaman,مرد,0
https://www.ninisite.com/user/946daec4-25d1-4c3e-9a99-d02bc2db25c6/paplogoeen,مرد,0
https://www.ninisite.com/user/948bf640-afb7-4006-8078-ff1726dd4c39/pearimer,مرد,0
https://www.ninisite.com/user/94ba69cb-0440-4f9b-8ec2-0c37eb488317/kiyarash125,مرد,0
https://www.ninisite.com/user/94d17a5b-4464-4bcd-b7be-f9bee3832275/shahriyaar,مرد,0
https://www.ninisite.com/user/95141134-23fd-432f-b165-5d8d560b4e6c/%D8%B3%D8%B1%D8%AF%D8%B1%DA%AF%D9%852003,مرد,0
https://www.ninisite.com/user/9519abf2-adea-4cfb-a66b-c44bf2367ac3/insider,مرد,0
https://www.ninisite.com/user/9583314d-69d8-41ab-80ad-beaf5310de9f/2194,مرد,0
https://www.ninisite.com/user/95881ca5-9dc0-4b49-a7db-ef5c695e6213/bi-hashiyeh,مرد,0
https://www.ninisite.com/user/958ad58a-8cd7-4470-bb3e-87144d80292f/farngi,مرد,0
https://www.ninisite.com/user/95b6e364-b562-414e-a97f-d87b2645c657/lovelyworld,مرد,0
https://www.ninisite.com/user/95c2f88b-2707-4fc0-aca8-f4c135f0fa27/ganooog%DB%B2%DB%B3%DB%B3,مرد,0
https://www.ninisite.com/user/95c3114f-363e-4dbe-bd1e-0f6e560a1e27/%DA%A9%D8%A7%D9%88%D9%87,مرد,0
https://www.ninisite.com/user/95d8cbbb-3d48-437f-a778-a182f979466a/mahdi-1402,مرد,0
https://www.ninisite.com/user/96107295-cd75-4db5-9416-7c6304da33cc/mokhatabkhass,مرد,0
https://www.ninisite.com/user/9613bf4c-0c5a-4695-ba3b-d36d3df0cb3a/alisoltani77,مرد,0
https://www.ninisite.com/user/96a19fc7-195f-46ec-b194-503184f5761d/aqashozab,مرد,0
https://www.ninisite.com/user/9721fcf3-9e08-4582-8c0c-e911196040dd/%D8%A7%D9%85%DB%8C%D8%B11377,مرد,0
https://www.ninisite.com/user/975410ad-8b09-4400-b52d-c14d3a3a5bc7/%D8%A7%D9%84%D9%81%D8%A8%D8%A7%DB%8C%D8%B9%D8%B4%DA%AF%D8%B3%D8%A7%D8%A8%D9%82,مرد,0
https://www.ninisite.com/user/97df07f5-ac06-4e93-973b-4d11eff42ba0/mobin-m,مرد,0
https://www.ninisite.com/user/97fcb3db-b879-4b48-8f5e-2e6f27388ec8/bump,مرد,0
https://www.ninisite.com/user/9824f645-3cca-4713-a412-b85385270283/%D8%B4%D8%A8%DA%AF%D8%B1%D8%AF%D9%80%D8%A8%DB%8C%D8%B5%D8%AF%D8%A7,مرد,0
https://www.ninisite.com/user/98431c7f-8b03-48f4-aebe-79d952396df9/hosein75,مرد,0
https://www.ninisite.com/user/9851411d-b8bc-4165-8983-f27f315a9f56/amirnik,مرد,0
https://www.ninisite.com/user/985ae538-dfc5-43d9-bbd1-fa5c19d0ace2/milad1386,مرد,0
https://www.ninisite.com/user/98b37e4d-c3f3-493d-b6c2-9ed6766b599b/nirvana,مرد,0
https://www.ninisite.com/user/9929e1b4-1f3c-4113-87ea-eeb3b89bd946/%D9%85%D8%AD%D8%B3%D9%8697,مرد,0
https://www.ninisite.com/user/99527898-3d25-4c8b-a3ea-344324720bb6/%D9%87%D8%A8%D9%88%D8%B7%DB%B6,مرد,0
https://www.ninisite.com/user/9952cf64-965c-49c8-bd60-1254969497fb/funer,مرد,0
https://www.ninisite.com/user/99a1f75f-3e34-4f12-93fa-b8f6f948ef53/%D8%AA%D9%84%D9%85%DB%8C%D8%B0,مرد,0
https://www.ninisite.com/user/99d1adbc-19f6-4421-9bcf-e5662af0e9f6/shaboon,مرد,0
https://www.ninisite.com/user/9a052743-8804-4239-93f8-ea0edb32e17c/%D8%A7%D9%81%D8%B3%D9%88%D9%86-%D8%AE%D8%A7%D9%86%D9%88%D9%85-%D8%A7%D9%85%DB%8C%D9%86,مرد,0
https://www.ninisite.com/user/9a0bc3ed-f5a2-4138-a093-dca385f491ff/%D8%AA%D8%A7%D9%86%D9%88%D8%B3123,مرد,0
https://www.ninisite.com/user/9a0c7620-7b37-4fb4-8e7d-ef253968d2e0/ammir-abas,مرد,0
https://www.ninisite.com/user/9a5f2788-6054-4c21-8e3f-b0c158b564e2/14041404,مرد,0
https://www.ninisite.com/user/9a62aa56-8ec8-4f09-b2fb-89b60915a381/nacho-varga,مرد,0
https://www.ninisite.com/user/9a83a29a-6d29-4214-a732-b3f97563de55/%D8%AE%D9%88%D8%B4-%D9%81%DB%8C%D8%B3,مرد,0
https://www.ninisite.com/user/9aad8ff1-964f-4822-8a3d-5e04fb90df18/%D8%B1%D8%A7%D9%86%DA%A9%DB%8C%D9%86,مرد,0
https://www.ninisite.com/user/9b145188-4cbd-4f87-a1fa-0d6e09ef8e50/arnazemi,مرد,0
https://www.ninisite.com/user/9b163b50-24e0-4532-92bd-2b50d4d637dd/%D8%AA%DB%8C%D8%A8%DB%8C%D8%AA%DB%8C%D8%A8%DB%8C%D9%88%D8%A7%DB%8C,مرد,0
https://www.ninisite.com/user/9b2f2785-dc76-4bf1-9657-bc0b1ae88880/jawahr%D9%85%D8%A7%D9%87,مرد,0
https://www.ninisite.com/user/9b2fae65-9ea0-46b3-bfbe-e12f320bec0f/liorin82,مرد,0
https://www.ninisite.com/user/9b3ca04a-7a9e-4d56-b067-0f85c69d61df/anubis46,مرد,0
https://www.ninisite.com/user/9b4c6912-75a2-4087-9ca8-52797a2f6ea3/%D8%A7%D9%93%D9%82%D8%A7%D9%85%D9%87%D8%AF%DB%8C%DB%B6%DB%B4,مرد,0
https://www.ninisite.com/user/9ba7a080-b9c2-40b5-beb3-7109994eb5a4/%D9%86%DB%8C%D8%AA%D8%B1%D9%88%DA%AF%D9%84%DB%8C%D8%B3%DB%8C%D8%B1%DB%8C%D9%86,مرد,0
https://www.ninisite.com/user/9c2bab23-6901-45c5-aaae-6cb7d7dd648e/mamamerfan,مرد,0
https://www.ninisite.com/user/9c2eede1-1802-44b2-ad8e-b45da14f156e/a-sss-a,مرد,0
https://www.ninisite.com/user/9c35734e-46b7-45c0-ad9c-fab425ff7966/ali2-110,مرد,0
https://www.ninisite.com/user/9cadb5ab-3031-4ae4-818e-a4667a13ce50/%D8%B1%D8%AD%DB%8C%D9%85%DB%8C%D8%B2%D8%B2%D8%B2%D8%B2%D8%B2%D8%B2,مرد,0
https://www.ninisite.com/user/9cb8daae-a0e1-419d-ac30-d9d5a95304be/%D9%85%D8%A7%D9%87%D8%A7%D9%86-jakob,مرد,0
https://www.ninisite.com/user/9d159b96-8ef8-446e-aa09-13a2cd2dce5a/%D9%85%D8%B1%D8%AF-%D8%AE%D8%B3%D8%AA%D9%87-%D8%A7%D8%B2-%D8%AA%D9%86%D9%87%D8%A7%DB%8C%DB%8C,مرد,0
https://www.ninisite.com/user/9d4f7e62-bf4d-48e7-b230-903626eb9749/%D8%B4%D9%88%D8%A7%D9%84%DB%8C%D9%87-%D8%AE%D9%88%D9%86%D8%A7%D9%93%D8%B4%D8%A7%D9%85,مرد,0
https://www.ninisite.com/user/9dd65e16-4a7d-4017-9251-9fdd7440823a/%D8%B3%D8%B1%D9%84%D8%B4%DA%AF%D8%B1%D8%B3%D8%AA%D8%A7%D8%AF,مرد,0
https://www.ninisite.com/user/9deda94d-73f1-4856-91c6-87eb3ef43705/%D9%86%D8%A7%D8%B4%D9%86%D8%A7%D8%B3%D8%AA%D9%85,مرد,0
https://www.ninisite.com/user/9e22ff0e-ceb9-4656-b019-dbc628619f69/%D9%85%D8%B1%D8%AF%D8%A7%D8%AF%D9%A6%D9%A5,مرد,0
https://www.ninisite.com/user/9e276f45-eb8b-42cc-9682-d2b08a77755a/a-80,مرد,0
https://www.ninisite.com/user/9e3d648c-5113-4c51-9bba-046abc9090c4/faallli,مرد,0
https://www.ninisite.com/user/9e62b935-83ec-43fb-9911-a0960fe82c8f/nimmmmaz,مرد,0
https://www.ninisite.com/user/9eb76682-70e4-4e42-a637-d93f46939169/dyaliz,مرد,0
https://www.ninisite.com/user/9eb81ad6-000d-4655-a973-3c80653756ff/ronaldo,مرد,0
https://www.ninisite.com/user/9ebd6f3a-63bd-4846-b7dd-48bc4704644b/hgvff,مرد,0
https://www.ninisite.com/user/9ed2497d-55fa-472d-9d59-2d24cfe62b61/82211,مرد,0
https://www.ninisite.com/user/9f2cd16c-8860-4ce8-b818-6fa4eb814be6/77alireza-1998,مرد,0
https://www.ninisite.com/user/9f4289b5-0a42-4c6a-b535-cd74bdf12d7d/%D8%AA%D8%AA%D8%AA%D8%AA%D9%86%D9%86%D9%86%D8%B0%D9%84%D8%B1%D9%81%D8%A7,مرد,0
https://www.ninisite.com/user/9f51804c-a5d8-48c1-b059-76c297cec174/behnambn,مرد,0
https://www.ninisite.com/user/9f894c17-d638-4a52-8036-8a1d398cc507/amirrr-z,مرد,0
https://www.ninisite.com/user/9f8ce052-4759-470b-8988-83e8edc8464b/%D8%B1%D9%88%D8%B3%DB%8C%D8%A7%D9%87%D9%85,مرد,0
https://www.ninisite.com/user/9f9110cf-67f6-4e9b-b6d3-d7f1031ddb41/keyvun,مرد,0
https://www.ninisite.com/user/9fb96688-d6ae-494a-8563-397589852c97/parsaad,مرد,0
https://www.ninisite.com/user/a029da11-8d9f-4e03-93d9-7863058d74bd/%D9%85%D9%86-%D9%85%D8%B1%D8%AF-%D8%AA%D9%86%D9%87%D8%A7%DB%8C-%D9%86%D8%B5%D9%81-%D8%B4%D8%A8%D9%85,مرد,0
https://www.ninisite.com/user/a060bcbb-9977-4b0c-8bb0-11dd5f5449a2/temsader,مرد,0
https://www.ninisite.com/user/a0631f0d-b06c-4924-b635-66bf1b2ab9b7/%D8%A8%D9%87%D9%86%D8%A7%D9%85172,مرد,0
https://www.ninisite.com/user/a0c1b655-ebb1-413e-9801-966b21a175a9/%D9%88%D8%B2%DB%8C%D8%B1-%D8%A7%D9%85%D9%88%D8%B1-%D8%AE%D8%A7%D8%B1%D8%AC%D9%87,مرد,0
https://www.ninisite.com/user/a0c62058-6a6a-44e7-bab4-dfc63f0abd47/%D9%85%D8%B1%DB%8C-%DA%AF%D9%84%D9%88,مرد,0
https://www.ninisite.com/user/a10030ca-2030-40e2-98d1-ab2d6f04f406/sabnamfaryad,مرد,0
https://www.ninisite.com/user/a13803c3-8053-4287-b5f5-d1ede9992ad6/imanarx,مرد,0
https://www.ninisite.com/user/a1966ef8-cfe1-4516-965e-d9b3a98d8bba/mpme,مرد,0
https://www.ninisite.com/user/a1a7f79a-24b5-4140-9cf7-cdc136d2bebc/berada,مرد,0
https://www.ninisite.com/user/a1e00681-9e76-4f4c-b51a-a8d6b35a1160/%D9%85%D8%AE%D9%85%D9%88%D8%B1,مرد,0
https://www.ninisite.com/user/a26f8da2-16e1-421e-b5f9-446e94e18522/%D9%85%D8%AD%D9%85%D8%AF%D9%85%D8%B1%D8%AF%D8%A7%D8%AF,مرد,0
https://www.ninisite.com/user/a278bea9-a386-47e3-bcf6-2b5df48c3e48/morteza1360,مرد,0
https://www.ninisite.com/user/a2b12698-b061-4c41-b947-32b3994f9478/shadmehramm,مرد,0
https://www.ninisite.com/user/a2dce3c5-a50b-4ce0-9e75-9d91ca6376e1/asdf999,مرد,0
https://www.ninisite.com/user/a2dfacac-2722-4ae6-9135-f6a8566a5425/%D8%B4%D9%87%DB%8C%D8%AF%D9%87-%D9%87%D9%86%D8%AF-%D8%B1%D8%AC%D8%A8,مرد,0
https://www.ninisite.com/user/a3786733-523e-4f5b-87c9-cdd368ee887d/dorian-yates,مرد,0
https://www.ninisite.com/user/a3af6600-5c3d-43c7-ad1a-245c0159370d/ehsanr,مرد,0
https://www.ninisite.com/user/a3da4093-a030-4403-867d-b80fcbda7f57/legionnaire,مرد,0
https://www.ninisite.com/user/a487e37a-5dbd-4a85-a0d4-52630a792da8/%D9%BE%D8%B3%D8%B1-%D9%86%DB%8C%D9%86%DB%8C-%D8%B3%D8%A7%DB%8C%D8%AA%DB%8C,مرد,0
https://www.ninisite.com/user/a4bddfee-b134-4dd9-8c2a-0accd5328ac2/%D8%A7%D9%93%D9%85%D8%AA%DB%8C%D8%B383,مرد,0
https://www.ninisite.com/user/a4dd8c7f-2aed-47f3-a010-796836e53350/heyday,مرد,0
https://www.ninisite.com/user/a4f7f9cd-fded-409a-9809-bf1752d49ac8/blackstar0,مرد,0
https://www.ninisite.com/user/a5409b77-e4e2-4bbd-bcfb-3ea6f49c5c21/%D8%B4%D8%A7%D9%87%DB%8C%D9%8651,مرد,0
https://www.ninisite.com/user/a5624eb5-cf3c-4e4c-bcb4-7f6e2bee27eb/hichkas,مرد,0
https://www.ninisite.com/user/a59a84cd-fac3-4129-b288-aae2e25d03ef/1380-amir,مرد,0
https://www.ninisite.com/user/a5b51229-460b-41d5-8b33-211ad2658c0d/%D8%B3%D9%87%DB%8C%D9%8494,مرد,0
https://www.ninisite.com/user/a5bd3f29-c041-4996-86e9-492a7746d046/khosro1367,مرد,0
https://www.ninisite.com/user/a650adcc-2122-43df-a36d-cdf7c7606f3c/%D9%85%D8%AD%D9%85%D8%AF-mashhad,مرد,0
https://www.ninisite.com/user/a65a9a9e-3f1c-436e-b46e-326948c9ed81/mamanfisah,مرد,0
https://www.ninisite.com/user/a686e9c0-6f60-48e5-ba38-3916347f9d05/mehran9559,مرد,0
https://www.ninisite.com/user/a6c14c9d-1c90-4573-85fb-8b2e6d757884/mahdi137800,مرد,0
https://www.ninisite.com/user/a6c1ef15-f670-43b2-a1bc-ace152505038/0998876,مرد,0
https://www.ninisite.com/user/a75eb3d4-ceff-4bfc-9044-7ce95e383903/%D8%A7%D9%93%D9%82%D8%A7%D8%B3%D8%A7%D9%84%D8%A7%D8%B1,مرد,0
https://www.ninisite.com/user/a7664de4-b2ad-4b02-bd74-816f3394870e/%D9%88%D8%A7%D9%84%D8%A7%D8%AA%D8%A8%D8%A7%D8%B1,مرد,0
https://www.ninisite.com/user/a7686402-de2c-4b51-a01b-92c0e878b48c/hmilan,مرد,0
https://www.ninisite.com/user/a7821e8a-5d9d-4962-b30e-b6430dacbc53/elcheguvara,مرد,0
https://www.ninisite.com/user/a7a0444d-5f3b-49a8-9d62-81817d6d911f/%D8%A8%D9%87%D8%B1%D8%A7%D9%85%DB%B2%DB%B4,مرد,0
https://www.ninisite.com/user/a7a180e6-329f-4965-b4a0-1827bdb57663/mehdi66shiraz,مرد,0
https://www.ninisite.com/user/a7b0f61c-12f3-42db-8d9a-8a86bf2c31ae/%D8%A7%D8%B1%D8%AF%D9%88%D8%A7%D9%86%DB%B1%DB%B4%DB%B0%DB%B1,مرد,0
https://www.ninisite.com/user/a7bb0a52-87e9-4cd3-9a0f-1d77fecad24b/dashaliagha,مرد,0
https://www.ninisite.com/user/a7c6ff09-07de-49f8-b59d-ad75b6f625a0/%D8%AF%D8%B1%DB%8C%D8%A7%DB%8C-%D9%85%D8%AD%D8%A8%D8%AA-%D8%B3%D8%A7%D8%A8%D9%82,مرد,0
https://www.ninisite.com/user/a7d8b48f-298f-48b4-9249-8f7cdb6b870a/ninini007,مرد,0
https://www.ninisite.com/user/a7e88ec4-e0b5-46d0-bec5-47ebd70a47ed/am-al,مرد,0
https://www.ninisite.com/user/a838976c-06eb-41e1-9ad8-5653a01bfbf7/drchef,مرد,0
https://www.ninisite.com/user/a856f5e7-6f73-4404-b25d-cfb5369503f9/%D9%85%D9%86-%D9%85%D8%B1%D8%AF-%D8%AA%D9%86%D9%87%D8%A7%DB%8C-%D8%B4%D8%A8-%D8%A7%D9%85,مرد,0
https://www.ninisite.com/user/a85ae0ea-4ff2-45b9-b6ee-1e4867244049/reza-reza-reza-reza,مرد,0
https://www.ninisite.com/user/a89ea518-4dba-4b55-9e3c-7d0a9d7026e0/alone1404,مرد,0
https://www.ninisite.com/user/a8a13cbb-8033-4548-8cb7-bb867b6c642e/ah2006,مرد,0
https://www.ninisite.com/user/a8a43fb1-77f3-4c18-ba71-59887cd8d256/white65,مرد,0
https://www.ninisite.com/user/a8aa2b83-b79a-471c-b241-b735b7b042c7/frederick,مرد,0
https://www.ninisite.com/user/a8bd88d1-ecbb-42a2-80a4-314f9257b138/alien1991,مرد,0
https://www.ninisite.com/user/a8fb122b-070f-4986-87f7-f183b35e5602/arda76,مرد,0
https://www.ninisite.com/user/a8fbd2e0-1ff3-453c-88e1-7790f57cc425/%D8%A7%D9%93%D8%B2%D8%A7%D8%AF%DB%B5%DB%B7,مرد,0
https://www.ninisite.com/user/a92eec74-af40-454d-b95d-b3f19bcab8e3/%D8%A7%D9%93%D8%B1%DB%8C%D8%A7-%D8%B4%D8%AC%D8%A7%D8%B9,مرد,0
https://www.ninisite.com/user/a95b8790-95c2-4e45-ba86-31fc7d56bb78/%D8%AE%D8%B3%D8%AA%D8%AA%D8%AA%D8%AA%D9%85,مرد,0
https://www.ninisite.com/user/a9996a35-aa47-4e90-a8e5-fd181ad6b5ac/%D8%A7%D8%B3%D8%AA%D8%A7%D8%AF-%D8%B1%DB%8C%D8%A7%D8%B6%DB%8C%DB%8C,مرد,0
https://www.ninisite.com/user/a9a62421-fdd5-4257-951b-4cd1e4f49236/shabgard1,مرد,0
https://www.ninisite.com/user/a9c83df8-17d8-4544-bb5b-23b6ed0fadd1/%D8%AF%D9%86%DB%8C%D9%84%D8%AD%D8%B3%D9%88%D9%86%DB%8C,مرد,0
https://www.ninisite.com/user/a9d1d28e-c9be-4f3e-84f2-ce8ddf77021a/%D8%A7%D9%93%D9%82%D8%A7%D9%8A-%D8%B9%D8%B1%D8%A8,مرد,0
https://www.ninisite.com/user/a9f1c8fe-4e2a-497e-a7fd-0cadb70c7c74/%D8%AF%D8%A7%D8%AF%D8%A7%D8%B4-%D8%A8%D8%AA%D9%85%D9%86,مرد,0
https://www.ninisite.com/user/a9f2780d-9667-4309-b92e-d6fdafc455ab/%D8%A7%D8%B5%D8%BA%D8%B140000,مرد,0
https://www.ninisite.com/user/aa15fdc8-597b-4d44-996c-da723e0f5432/mrrrrruuuiii,مرد,0
https://www.ninisite.com/user/aa2f4473-b4be-4b79-9805-61876945e396/mehran1411,مرد,0
https://www.ninisite.com/user/aa554253-78f9-44f1-bf78-8a2374146b91/hamidreza2090,مرد,0
https://www.ninisite.com/user/aa5d8015-cacb-41e1-a6e4-a185ab2aa0bc/%D9%88%D8%A7%D8%AD%D8%AF%D9%82%D9%87%D8%A7%D8%B1,مرد,0
https://www.ninisite.com/user/aaeac9d9-69e9-402b-ad53-dc182dfbcf3c/%D9%86%D9%87%D9%86%D8%AF,مرد,0
https://www.ninisite.com/user/aaee17e8-308f-4748-88ca-b18d96456f46/tanha853,مرد,0
https://www.ninisite.com/user/abb94990-12d0-4d98-8626-5f51b5468909/aliasghar1030,مرد,0
https://www.ninisite.com/user/abcd490e-0ee4-4ca0-9f6b-ada38309d570/amin5556,مرد,0
https://www.ninisite.com/user/ac0d87ce-a9b7-4bf9-9360-cfc63dfe3bf2/rastin,مرد,0
https://www.ninisite.com/user/ac1591d8-186a-4389-94e9-90b1d594885a/amir8102,مرد,0
https://www.ninisite.com/user/ac1a1435-a989-4fba-bb77-f14ae657fc4c/danidps,مرد,0
https://www.ninisite.com/user/ac89faa9-2870-4cbe-82de-9c97a0c281f1/serbina,مرد,0
https://www.ninisite.com/user/ac98018b-1736-4cea-a370-bf32cad6fcbf/%D9%85%D8%B1%D8%AFb%D8%AE%D9%88%D8%A7%D8%B3%D8%AA%D9%87,مرد,0
https://www.ninisite.com/user/acbfab0a-ee9f-4d9d-a4bc-469ebc9501ee/taakpesar,مرد,0
https://www.ninisite.com/user/acf298a0-f2d8-4c6e-9517-d8d319dde521/amir2255,مرد,0
https://www.ninisite.com/user/ad02acd0-283b-4e89-a39b-e088637f3aee/%D8%A7%D9%8A%D9%94%D9%84%DA%86%DB%8C%D9%862023,مرد,0
https://www.ninisite.com/user/ad13c39f-c26c-41e2-96e0-d1a4399d95cf/%DA%AF%D9%84%D8%A8%D8%B1%DA%AF%D8%A8%D9%87%D8%A7%D8%B1%DB%8C,مرد,0
https://www.ninisite.com/user/ad2dc825-2e74-4dda-8159-7e738d096a32/saeidsatarypour%D8%B3%D8%A7%D8%A8%D9%82,مرد,0
https://www.ninisite.com/user/ad519a6f-4db9-487f-a630-1164cadb2655/%D8%A7%D9%85%DB%8C%D8%B1%D9%85%D9%87%D8%AF%DB%8C%D8%B4%D9%88%D9%86,مرد,0
https://www.ninisite.com/user/ad67c113-2523-46dc-afd1-1b60f95edfad/%D9%88%D9%85%DB%8C%D9%84%D8%A7%D9%86%D9%88,مرد,0
https://www.ninisite.com/user/ad751a3e-fc7d-403b-ae38-d3f56406c763/%D8%B4%D8%A7%D8%AF%D9%85%D9%87%D8%B1,مرد,0
https://www.ninisite.com/user/ae58c52b-6b19-43a4-97e2-84ae5625e620/%D8%A7%D9%85%DB%8C%D8%AF%D8%AD%D8%A7%D9%86,مرد,0
https://www.ninisite.com/user/ae6922e2-f4a8-408c-9195-d56e04ff3ec5/%D9%85%D8%A7%DB%8C%DA%A9%D9%84-%D9%87%D8%A7%D8%B1%D8%AA,مرد,0
https://www.ninisite.com/user/ae95506d-3241-4b8e-896a-39134d64392e/%D8%A8%D8%A8%D9%88-%DA%AF%D9%84%D8%A7%D8%A8%DB%8C,مرد,0
https://www.ninisite.com/user/ae9cdedf-daeb-4844-8441-377227dadd02/mammmaddd,مرد,0
https://www.ninisite.com/user/aeae9352-20de-4b02-8180-1de8000b7de2/pedram263,مرد,0
https://www.ninisite.com/user/aecf9fb0-58b4-448a-9497-757c550fa94c/%D9%86%D9%88%D8%B1%D9%88%D8%B21405,مرد,0
https://www.ninisite.com/user/aed0c5ab-9547-4669-b030-1ac3f67b4d47/%DA%86%D8%B4%D9%85o%D9%82%D8%B4%D9%86%DA%AF%D9%87,مرد,0
https://www.ninisite.com/user/af0b9c17-037e-4c44-a6bb-273b1c6fb09e/hamiddam,مرد,0
https://www.ninisite.com/user/af2bb22f-a0d6-4a87-af32-ae87fd4c08f9/ilovedfd,مرد,0
https://www.ninisite.com/user/af2f4fdc-d0ae-40c8-b252-53eaa3564a50/%D9%86%DB%8C%D8%B4%D8%AA%D9%85%D8%A7%D9%86%D8%AE%D8%B2%D9%85%D9%88%DA%A9%D8%B3%D9%88%DA%A9%D8%A7%D8%B1,مرد,0
https://www.ninisite.com/user/af3adc99-09a5-4569-84b3-f4f42472f583/%D9%85%D9%87%D8%B1%D8%AF%D8%A7%D8%AF%D9%85%D9%85%D9%85,مرد,0
https://www.ninisite.com/user/af47e5c1-eae7-45ac-b64d-adcc84269b9a/%D8%B3%DB%8C%D9%86%D8%A768jk,مرد,0
https://www.ninisite.com/user/af4fa97c-9d15-47f4-add4-384244a94dba/itsmaram,مرد,0
https://www.ninisite.com/user/af83f674-4576-4065-b847-1ae407de3048/niiiiniiii,مرد,0
https://www.ninisite.com/user/af94dca0-1d5b-437a-85c5-a2a4a377e575/mi1226,مرد,0
https://www.ninisite.com/user/afcc91d6-1df3-4660-aa00-7a4ab35c902f/dmghh,مرد,0
https://www.ninisite.com/user/afe08588-dd5a-4b7f-b2f3-3a0e21978aea/ghader60,مرد,0
https://www.ninisite.com/user/afe0d859-3b35-4ca2-a650-8f4bf14ac857/%D9%85%D8%B1%D8%AF%D8%A8%D8%A7%D8%A7%D8%AE%D9%84%D8%A7%D9%82,مرد,0
https://www.ninisite.com/user/b0090ece-596a-4bf6-8f49-6d52c4199587/sobhan0,مرد,0
https://www.ninisite.com/user/b0239c69-cb44-4f23-81af-1796566678b7/%D9%85%D9%86-%DB%8C%D9%87-%D9%85%D8%B1%D8%AF%D9%85,مرد,0
https://www.ninisite.com/user/b02e7861-1fea-4c8e-b8fb-3581d07f7eea/%D8%A7%D9%93%D9%82%D8%A7%DB%8C-%D9%85%D8%A7%D9%87%DB%8C,مرد,0
https://www.ninisite.com/user/b05d3516-13b4-4f2a-8ff1-682975d1a5f8/reza-77,مرد,0
https://www.ninisite.com/user/b07388dd-8ae1-4977-bf6f-fcebb52bd1d8/renger-v,مرد,0
https://www.ninisite.com/user/b095abe2-a5cf-4f45-b2ed-7273be49cadb/omid1818,مرد,0
https://www.ninisite.com/user/b0cf5121-2440-4348-8c59-a1e9aa7aba73/%D8%B1%DB%8C%D8%A8%D8%B1%DB%8C,مرد,0
https://www.ninisite.com/user/b1125523-34b0-44f2-ade7-192c098edbf4/cristy,مرد,0
https://www.ninisite.com/user/b1280f98-40b9-4574-a8ad-e39366d02f91/%D8%A7%D9%93%D8%B1%D9%85%D8%AA%DB%8C%D9%86,مرد,0
https://www.ninisite.com/user/b137f962-2b07-4936-b30d-ebf0562730b8/meti1370,مرد,0
https://www.ninisite.com/user/b15e2518-ac30-450f-b4b6-b1ef09bde04c/sasanlotfii,مرد,0
https://www.ninisite.com/user/b194904b-38a4-4c33-97d3-6409a88b98b4/%D8%B3%D8%B1%D9%88%D8%B489,مرد,0
https://www.ninisite.com/user/b1a245ee-a31c-47aa-8c85-4642a882e640/saieed,مرد,0
https://www.ninisite.com/user/b225bc58-c165-4002-a415-92047765e332/my-nikan-flow,مرد,0
https://www.ninisite.com/user/b22f8db6-5243-4a74-b2b4-e8c0bc72c782/farhad-000,مرد,0
https://www.ninisite.com/user/b24ec765-75b9-4726-b31a-436f868b77b2/hoski,مرد,0
https://www.ninisite.com/user/b26bbcae-5778-40a1-af86-2cf17c193ac1/%D8%A7%D8%B1%D8%A7%D9%85%D8%B4-%D8%B9%D8%B1%D8%A8%DB%8C,مرد,0
https://www.ninisite.com/user/b26dfb23-8628-4839-af78-746cf76f8529/razu,مرد,0
https://www.ninisite.com/user/b273f503-1fc8-470e-9a7b-2b7bf5ca8d33/%D9%86%D9%88%D9%88%DB%8C%D8%AF,مرد,0
https://www.ninisite.com/user/b29d0fd2-8ce6-4945-87e7-c72999fcdf1c/%D8%A7%D9%85%DB%8C%D9%86%DB%B6%DB%B8,مرد,0
https://www.ninisite.com/user/b2ae436f-9059-44f4-959b-42fab78fdd0b/mmrmm,مرد,0
https://www.ninisite.com/user/b2e614f7-cd20-43ee-bd15-b2af15dbf478/pe65,مرد,0
https://www.ninisite.com/user/b2ebbe6d-e4d4-415d-8ae5-fc73baff8f32/last-dance-7,مرد,0
https://www.ninisite.com/user/b322d886-d42a-4255-b65c-7d32c72f3b01/mahdi-j,مرد,0
https://www.ninisite.com/user/b34c520a-27c8-4ec4-a0d2-4a75d4f5cffd/kia365,مرد,0
https://www.ninisite.com/user/b350f156-a62a-45d2-86c9-00fa1f90823d/navid-mohammadi,مرد,0
https://www.ninisite.com/user/b36f72e4-0e74-4b23-8802-019d07042fff/al1sadr,مرد,0
https://www.ninisite.com/user/b3878d0d-2cdb-4949-a764-4b17644476cf/cowboyka2,مرد,0
https://www.ninisite.com/user/b3c07234-bd8e-4528-a688-6596568a66f9/beniaminn,مرد,0
https://www.ninisite.com/user/b3d9e3af-a378-492b-b5df-a128d8154766/%D9%85%D9%87%D8%AF%DB%8C64%D8%B4%DB%8C%D8%B1%D8%A7%D8%B2,مرد,0
https://www.ninisite.com/user/b3f071c6-cf54-465b-afe8-f9cb4fe0795b/%D8%A7%D9%85%DB%8C%D8%B1%D9%86%DB%8C%DA%A9,مرد,0
https://www.ninisite.com/user/b3f83cd7-292e-4f4d-bce1-92e0bfef14c7/aligammm,مرد,0
https://www.ninisite.com/user/b402f76b-afaa-4141-8704-9f998ff1b5c6/ellery-11,مرد,0
https://www.ninisite.com/user/b43fc85f-ce66-4a44-a2c2-4df606419bed/%D9%BE%D8%B1%D9%88%D8%B1%D8%B4-%DA%A9%D9%88%D8%AF%DA%A9-%D8%AF%D9%88-%D8%B2%D8%A8%D8%A7%D9%86%D9%87,مرد,0
https://www.ninisite.com/user/b445c757-c8f1-4cd0-b659-a261bc425458/sajadp60,مرد,0
https://www.ninisite.com/user/b44e7aca-1fde-4d08-b0ea-ac47630b8cb8/saaed,مرد,0
https://www.ninisite.com/user/b4682eed-e49a-45e7-b957-ee78c75c3631/a-love-m,مرد,0
https://www.ninisite.com/user/b4710b73-fa21-4517-b5ef-b43e8a012b6a/321dani,مرد,0
https://www.ninisite.com/user/b49f3349-067e-4fb9-aa3b-4b19439984b5/%D8%B2%D9%86%D8%AF%D9%87-%D8%B3%D8%B1%D8%B2%D9%86%D8%AF%D9%87,مرد,0
https://www.ninisite.com/user/b5234f1c-b937-46f7-a6f2-3a3bdb2be384/dagonx,مرد,0
https://www.ninisite.com/user/b5288388-56dd-4c96-8a98-17769491e312/ice-wizard,مرد,0
https://www.ninisite.com/user/b552ff02-f681-4db5-ada7-d17534899181/abol0007-7,مرد,0
https://www.ninisite.com/user/b57602a4-9063-4c45-bf8b-99f923921d7b/habibjan,مرد,0
https://www.ninisite.com/user/b57b6fe8-423d-404f-9201-f7ba6082afc4/atalan,مرد,0
https://www.ninisite.com/user/b5ae084b-cdf5-4645-8496-5644d4faeb13/abcdbcda,مرد,0
https://www.ninisite.com/user/b5aefe64-8e28-4cc6-808a-aef2fbfd73b1/14hgf,مرد,0
https://www.ninisite.com/user/b5b263bd-41f5-4964-b235-847e46f1a8d9/vigo,مرد,0
https://www.ninisite.com/user/b5b5c9a7-c436-4463-b7f0-8573fd2bcc27/benyamin,مرد,0
https://www.ninisite.com/user/b6121591-531e-4af9-adea-567cb48b7f33/%D8%A7%D9%93%D9%82%D8%A7%DB%8C-%D8%AE%D8%A7%D9%84%D9%87-%D8%B2%D9%86%DA%A9,مرد,0
https://www.ninisite.com/user/b61a941a-b5e4-4e66-9e17-d31b68540c5c/awpouya,مرد,0
https://www.ninisite.com/user/b62c7287-493f-4b86-b557-f4142abfd6d6/amirreza99,مرد,0
https://www.ninisite.com/user/b6614823-31e4-4e59-986f-81478aea50cf/%D8%B1%D8%B6%D8%A7%DA%A9%D8%B1%DB%8C%D9%85%DB%8C%D9%86%DA%98%D8%A7%D8%AF,مرد,0
https://www.ninisite.com/user/b66f35c2-0a1b-4fd7-b5f9-f04c1b84cf29/persianmen,مرد,0
https://www.ninisite.com/user/b6a9a4af-560b-4308-b7fd-5b9084c594a9/shakurr,مرد,0
https://www.ninisite.com/user/b6cd5f41-5ca5-434f-93dc-cd025430bb55/%D8%B5%D8%A7%D9%81%DA%A9%D8%A7%D8%B1%D9%85%D8%AD%D9%85%D8%AF,مرد,0
https://www.ninisite.com/user/b6eeeab2-a0b8-4c3c-84cb-9bae5d1354d4/ashkanparsa,مرد,0
https://www.ninisite.com/user/b733d174-1732-4a0d-bace-9c1dd70feb04/mahdizahed,مرد,0
https://www.ninisite.com/user/b76a79e4-f8ae-47e1-a425-f1acb728a876/arazwolf,مرد,0
https://www.ninisite.com/user/b7b41009-11ff-42af-8c69-729c628431e2/%D9%85%D8%A7%D8%B3%D8%A7%DA%98%D8%AA%D8%B1%D8%A7%D9%BE,مرد,0
https://www.ninisite.com/user/b7bbb87a-4aba-4223-8ad7-7f4dfe676207/erfan9898,مرد,0
https://www.ninisite.com/user/b7cb7fee-ce55-4a82-9af9-addc771424ba/%D8%A7%D9%93%D8%AA%D8%B1%DB%8C%D9%80%D9%86u3n,مرد,0
https://www.ninisite.com/user/b7e13cf2-76b1-4719-ad97-4c8e7eb386ed/%D9%86%D9%82%DB%8C-%D9%85%D8%B9%D9%85%D9%88%D9%84%DB%8C,مرد,0
https://www.ninisite.com/user/b80e1bfa-d3a1-46de-abe5-af915e801eff/mohammad-amin,مرد,0
https://www.ninisite.com/user/b8151986-44a0-4dac-947d-7b91fc7d46b0/%D8%B9%D8%A7%D8%B1%D9%81%D9%85aref,مرد,0
https://www.ninisite.com/user/b81c3f5b-d7d8-4665-9c4f-8ac8378161d6/%D8%A7%D9%93%D9%82%D8%A7%DB%8C-%D9%85%D9%87%D8%B1%D8%A7%D9%86,مرد,0
https://www.ninisite.com/user/b839b66f-c396-42a6-a82d-6224250b2aad/77777sahand,مرد,0
https://www.ninisite.com/user/b83a0df8-4396-4789-bb5f-55a8d3234a4e/%D8%B3%D9%85%DB%8C%D9%87-%D8%AA%D9%87%D8%B1%D8%A7%D9%86%D8%A8,مرد,0
https://www.ninisite.com/user/b84fcea0-2a2e-45c4-9878-da2a825c41e5/matinam1386,مرد,0
https://www.ninisite.com/user/b859157d-9bdd-43bb-968f-f08132fd875e/mmmml,مرد,0
https://www.ninisite.com/user/b861af72-5566-4643-9d67-c1332ae0f6cd/%D9%85%D8%B4%D8%A7%D9%88%D8%B1%D8%A7%D8%B9%D8%B8%D9%85,مرد,0
https://www.ninisite.com/user/b867e49d-87ef-42b8-a336-520b7fe27156/bandehyekhoda,مرد,0
https://www.ninisite.com/user/b8930dcb-1448-43a5-b1f0-20da974a9531/%D8%B9%D9%84%DB%8Ch12,مرد,0
https://www.ninisite.com/user/b8f76ae9-5328-470d-8cee-ea32c29f63c4/saman-fs,مرد,0
https://www.ninisite.com/user/b90042c9-69c9-45f8-a8b7-ff93012822a6/%DA%AF%D8%A7%D8%A7%D9%85%DB%8C%D8%B1,مرد,0
https://www.ninisite.com/user/b90089a3-d510-4ee8-bc74-fdae268c90f1/mohamad737373,مرد,0
https://www.ninisite.com/user/b95bdba1-673c-4a74-b253-82af73c35ffe/agha-hamed,مرد,0
https://www.ninisite.com/user/b991daae-0435-4590-b890-954141ed0151/%D8%AD%D8%B3%DB%8C%D9%8614,مرد,0
https://www.ninisite.com/user/b9de86c9-d7c3-4a50-9a5a-e1fa6de1185a/fatmehazad,مرد,0
https://www.ninisite.com/user/ba05022e-6b73-4759-a23b-b5ae4a8bea1a/%D8%AC%D9%88%D8%A7%D9%86-%D9%85%D9%88%D8%AF%D8%A8,مرد,0
https://www.ninisite.com/user/ba3bf265-f93b-46a4-a5c9-e78da10c6615/mm-nostalgia,مرد,0
https://www.ninisite.com/user/ba44966d-5e9e-4050-be5d-1c09cf6b2716/96319631,مرد,0
https://www.ninisite.com/user/ba816c0a-cf71-4f7b-9b7b-621bd9aa1860/arashvi76,مرد,0
https://www.ninisite.com/user/baa23d5f-8d22-4281-aef0-adc253e500fc/kkknnnmmmkk,مرد,0
https://www.ninisite.com/user/bacb4c7e-6c5c-4ebc-a2b6-d5ec8463fbba/avid132,مرد,0
https://www.ninisite.com/user/bb3ab21e-528b-4ae1-b417-c467fd5d3f1c/darkchevalier,مرد,0
https://www.ninisite.com/user/bb62d107-0a2e-4581-b4ad-0e91971893b6/m7979,مرد,0
https://www.ninisite.com/user/bb799caa-490c-493d-bf2f-6624e9a7f6c6/7666mahmad,مرد,0
https://www.ninisite.com/user/bbdf738f-44a3-4cd1-bd9e-216f36135ded/%D8%B1%D9%88%D9%85%D9%8A%D9%94%D9%88%DB%B0%DB%B0%DB%B8%DB%B3,مرد,0
https://www.ninisite.com/user/bbffcb8e-9ef0-483c-8beb-f39541607881/peymansenobari,مرد,0
https://www.ninisite.com/user/bc00349a-7f68-43cc-b09b-34c1511228ac/%D8%AF%D9%84-%D8%AF%D8%A7%D8%BA%D9%88%D9%86-%D9%85%D9%86,مرد,0
https://www.ninisite.com/user/bc0f9d18-a862-45c1-aea7-d6dc4239fe91/alisxsxsx74,مرد,0
https://www.ninisite.com/user/bc1c9607-5ac0-434f-a70d-10b3f10e6f23/drkshakeri,مرد,0
https://www.ninisite.com/user/bc270b59-3e1b-4b89-afb4-2adb4b40222a/alireza-410101,مرد,0
https://www.ninisite.com/user/bc2ab938-e478-40af-8100-3ddbe3906bd4/s1s9s8s2,مرد,0
https://www.ninisite.com/user/bc931492-6e44-4dd4-9def-25cd4cfe4ac1/aliz12,مرد,0
https://www.ninisite.com/user/bca08a1f-531b-4b0b-a501-841c7b33690f/amitis98,مرد,0
https://www.ninisite.com/user/bcabb6b2-f300-466e-bb53-9127130319ba/%D9%BE%D8%B3%D8%B1%D8%AA%D8%B1%D8%B3%D9%86%D8%A7%DA%A9,مرد,0
https://www.ninisite.com/user/bcd22269-df31-4cf3-8628-65ed85180fcf/hhhhhoooosssin,مرد,0
https://www.ninisite.com/user/bcde1278-01d0-4996-8560-fd1df06e8f5b/%D9%BE%D8%B3%D8%B1-%D8%AF%D8%A7%D9%86%D8%A7,مرد,0
https://www.ninisite.com/user/bd16e002-afc1-42bb-81b8-98d63575380a/gheysari,مرد,0
https://www.ninisite.com/user/bd7d3730-af54-4a3d-8aa9-9e937460d789/mdo-700,مرد,0
https://www.ninisite.com/user/bda4b2c5-5d9a-40aa-af91-6e65e82df018/amiromsh,مرد,0
https://www.ninisite.com/user/bdf391db-5495-4e24-9dc7-cef8ff7cad13/blueline,مرد,0
https://www.ninisite.com/user/be5d0802-1dca-4743-ad19-954d0b9d7596/%D8%A7%DA%A9%D8%A8%D8%B1-%DB%B2%DB%B0%DB%B0%DB%B0,مرد,0
https://www.ninisite.com/user/bea31501-223a-42ed-a302-b08862e0def9/golamreza,مرد,0
https://www.ninisite.com/user/bea5ec91-05da-4c86-9935-71cc61b7a014/%D8%B3%D9%84%D8%A7%D9%85%D8%AF%D9%88%D8%B3%D8%AA%D9%85%D9%86,مرد,0
https://www.ninisite.com/user/beb3de82-a6a4-4d78-b6ad-1f95d087c4bb/milad26h,مرد,0
https://www.ninisite.com/user/bf43ebdd-f8f1-4d82-b625-d00e3961b477/yashasintiractor,مرد,0
https://www.ninisite.com/user/bf4ad2db-4bb0-42ef-a771-532503b5e4f1/28miii,مرد,0
https://www.ninisite.com/user/bf92612b-b603-49cc-a507-062fc17fd957/vatann,مرد,0
https://www.ninisite.com/user/bf9cd226-b612-47b6-8a02-177e0423c155/mehran3480,مرد,0
https://www.ninisite.com/user/bfac210c-2465-4506-acee-8b53bce4f0a6/%D9%85%D9%86%D9%87%D9%85%D9%88%D9%86%D9%85%DA%A9%D9%87%DB%8C%D9%87%D8%B1%D9%88%D8%B2,مرد,0
https://www.ninisite.com/user/bfdd9be5-51c7-4860-ad17-600dcb3817ad/ghostsp123547,مرد,0
https://www.ninisite.com/user/bffc76b6-88c9-41af-9d1a-d16c6b7e4cf0/%D8%B9%D9%84%DB%8C-%D9%86%D9%81%D8%B3%D9%85%D9%87,مرد,0
https://www.ninisite.com/user/c0052f36-25ed-4094-8e3d-aebddb0e7b85/aliiiiiii1234,مرد,0
https://www.ninisite.com/user/c00534b5-7f9a-4202-8327-905f19e330e2/%D8%B3%D8%A7%D8%B1%D8%A7%D8%AD%D8%AD%D8%AD%D8%AD%D8%AD%D8%AC,مرد,0
https://www.ninisite.com/user/c056d305-785d-4f0f-95e3-f6e81477e824/%D9%85%D8%AD%D9%85%D8%AF%D8%A7%D9%84%D8%AF%D8%B9%D8%A7%DB%8C%D9%87,مرد,0
https://www.ninisite.com/user/c0762d15-7689-459d-986b-579ad8289fc5/nima20nima,مرد,0
https://www.ninisite.com/user/c07a9d18-25be-4ecc-bdac-2a2bb9ae3b89/%D9%87%D9%88%D8%B4-%D9%85%D8%B5%D9%86%D9%88%D8%B9%DB%8Cai,مرد,0
https://www.ninisite.com/user/c0bb120d-9d51-49aa-b3fb-0d00a513ee66/%D8%B1%DB%8C%D8%AF%D8%A8%D8%B1%DA%AF%DB%B4,مرد,0
https://www.ninisite.com/user/c0c89635-c993-4aa5-9262-014348cdf2d3/%D8%A7%DA%AF%D8%B1%DB%8C%D9%86%D8%A7%D9%84,مرد,0
https://www.ninisite.com/user/c112a73e-f555-4233-bc48-ab31070e6541/hes30am,مرد,0
https://www.ninisite.com/user/c164ea1c-939e-4f0a-8ee2-9761dfb6352f/imiii72,مرد,0
https://www.ninisite.com/user/c1946e73-e6a4-460d-97a5-def6aa41c937/yasineshonam,مرد,0
https://www.ninisite.com/user/c198daf8-d8c8-4771-a004-66b65588dd08/%D9%86%DB%8C%D8%AA%D8%B1%D9%88%DA%AF%D9%84%DB%8C%D8%B3%DB%8C%D8%B1%DB%8C%D9%860,مرد,0
https://www.ninisite.com/user/c1b9e273-6562-4a1f-9e05-abafe386a081/abol0007-6,مرد,0
https://www.ninisite.com/user/c1c1bad1-7f1c-4aa3-993e-0ef4c33b1b3c/universeandhumen,مرد,0
https://www.ninisite.com/user/c23f2c0c-0abf-4b9a-b37c-7161e7d348ae/mamadsuzuky,مرد,0
https://www.ninisite.com/user/c245092c-e6df-42c2-a34c-612f207b80e7/%DA%A9%D8%A7%D8%B1%D8%A8%D8%B1-%D8%B4%D9%85%D8%A7%D8%B1%D9%87-%DB%B1%DB%B4%DB%B9,مرد,0
https://www.ninisite.com/user/c24957bf-cd7e-4981-b624-403085131ad6/idarash,مرد,0
https://www.ninisite.com/user/c29990ce-9923-43ca-979b-f1d32e75843c/am021,مرد,0
https://www.ninisite.com/user/c29d40ab-08db-46c4-9f21-eb4e8e7a49a0/demi-god,مرد,0
https://www.ninisite.com/user/c2e06142-380b-4c49-8e73-3897ff1771c4/selfgod,مرد,0
https://www.ninisite.com/user/c33e6e37-9105-4937-b24a-70a08ca32200/happy-cat,مرد,0
https://www.ninisite.com/user/c340ce87-e5cd-415d-a347-e1c0efdb3a82/%D8%A7%D9%85%DB%8C%D8%B1%D8%B9%D9%84%DB%8C27282930,مرد,0
https://www.ninisite.com/user/c370be27-e286-4dee-9dd1-c14bcc4897e6/%D8%B3%D9%85%D9%86%D8%AF%D8%B1%DB%8C%D8%A7%D9%8631,مرد,0
https://www.ninisite.com/user/c39360e5-c378-4c3d-9cb8-0bb1396dbf2f/chera,مرد,0
https://www.ninisite.com/user/c39d8105-4e74-45e1-b8a0-9cf5cd9d7a40/mohammad-ho3ein,مرد,0
https://www.ninisite.com/user/c47957c6-33bc-46f2-8ff7-5f8301dfdf7e/sekot,مرد,0
https://www.ninisite.com/user/c4a36e2c-2c54-4aaf-8b73-0c6daaa55618/goonhamed,مرد,0
https://www.ninisite.com/user/c4a3b623-fb64-4ede-9d1b-78e9a0509c2e/chaw,مرد,0
https://www.ninisite.com/user/c4f4ffd5-f593-4b64-8478-61520cbf91cf/alireza1256,مرد,0
https://www.ninisite.com/user/c5258da1-2908-4e23-8a27-45aa32dab887/%DA%A9%D9%88%D8%B1%D8%AA%DA%A9%D8%B3,مرد,0
https://www.ninisite.com/user/c535bba3-e86a-40b4-82ac-cb74938d8b3f/%D9%84%D8%A7%DB%8C%D9%82%D8%B4%D9%85,مرد,0
https://www.ninisite.com/user/c5693260-12fe-454e-bbc2-1567abc23eb7/%D9%85%D8%B1%D8%AF%D8%AE%D9%88%D9%86%D8%B3%D8%B1%D8%AF,مرد,0
https://www.ninisite.com/user/c58c4734-35f9-4e90-8c75-b94a6edb36b4/%D9%BE%DA%98%D9%88%D9%87%D8%B4%DB%8C%D8%A7%D9%86,مرد,0
https://www.ninisite.com/user/c5cdd61c-fd10-4739-a370-2a28331b7dcd/%D8%B3%D9%86%D8%B5%D9%84%DB%8C-%D9%81%DB%8C-%D8%A7%D9%84%D9%82%D8%AF%D8%B3,مرد,0
https://www.ninisite.com/user/c60fb49f-1c14-4c77-bd8f-cbb86c5dc5c9/t-isamir,مرد,0
https://www.ninisite.com/user/c615ed89-3f63-475e-bfb7-05da804e537c/nmohamamdi,مرد,0
https://www.ninisite.com/user/c63d197f-26f0-43fd-95f9-5bd58f88d068/13mohamad,مرد,0
https://www.ninisite.com/user/c64bfca2-31ee-4163-9b13-005bcf97f851/%D8%A7%D9%93%D9%85%D8%B1%D8%A7%D9%88%D8%A7%D8%AA,مرد,0
https://www.ninisite.com/user/c652d86f-43db-4e95-8c89-6fc28bf5ebf4/%D8%A7%D9%87%D9%88%D8%B1%D8%A7%DB%B1%DB%B9%DB%B8%DB%B6,مرد,0
https://www.ninisite.com/user/c67b0d03-b0c8-48ee-a100-0d5c670b46d9/version,مرد,0
https://www.ninisite.com/user/c6b6a441-1f56-4a8b-9615-79d3fe66a6f5/bmeafs,مرد,0
https://www.ninisite.com/user/c6d079a5-6cff-4106-91de-13e9d7e5c650/%D9%85%D9%85%D9%85%D9%85%D8%B9%DB%8C%D9%86,مرد,0
https://www.ninisite.com/user/c6dd0827-e782-4b23-bf8a-c1c5cb54e000/%D9%84%D8%B3-%D8%A7%D9%93%D9%86%D8%AC%D9%84%D8%B3,مرد,0
https://www.ninisite.com/user/c72b337a-3b61-4197-9118-e08adf94be29/mhde1313,مرد,0
https://www.ninisite.com/user/c765ab2c-0de6-45d1-ac2b-2c3149b13ef6/%D8%B3%DB%8C%D8%A7%D9%88%D8%B4%DB%8C%D9%85,مرد,0
https://www.ninisite.com/user/c7772716-47cf-462d-9a7b-ffec8921fabb/%D8%A7%D9%88%D8%AA%D9%88%D8%A7%D9%86%D8%A7%D8%A7%D8%B3%D8%AA,مرد,0
https://www.ninisite.com/user/c7c5881d-e8c6-48ef-8dc9-b37c4980d91e/t-i-g-e-r,مرد,0
https://www.ninisite.com/user/c7cf6520-aaf9-4ba0-a722-d820330f3640/abc1313,مرد,0
https://www.ninisite.com/user/c7e7cd58-65b2-435e-a8c7-898b872efeea/%D8%A7%D8%B5%D8%BA%D8%B14000,مرد,0
https://www.ninisite.com/user/c81dde7c-fc83-4fb6-9751-4338099fbb56/rezaaae,مرد,0
https://www.ninisite.com/user/c82f85b4-b25c-4cc6-8485-213c667ac071/%D8%B9aaa123,مرد,0
https://www.ninisite.com/user/c899d5af-af9c-41cc-b9a3-dee0cf281d5c/%D8%B4%D9%87%D8%B1%D8%A7%D9%85,مرد,0
https://www.ninisite.com/user/c9287cdb-0ce3-465c-846d-02b52ddd89d0/%D8%B3%DB%8C%D9%86%D8%A740sina,مرد,0
https://www.ninisite.com/user/c95dc8f6-342d-4401-a535-61acdfbfb438/teno66,مرد,0
https://www.ninisite.com/user/c9ba0ae0-1d90-40c4-a1e2-735e674998b4/%D8%A8%D8%B1%D9%85%D9%88%D8%AF%D8%A724445,مرد,0
https://www.ninisite.com/user/ca1cfcb4-dd28-4bbb-b9d7-79133f7e87a3/mariecurie,مرد,0
https://www.ninisite.com/user/ca5bf4e9-1a90-46e0-944f-d244233dac4b/vahid1320,مرد,0
https://www.ninisite.com/user/ca6a8fed-5aea-40f9-b45c-e75aae63b871/opaaaa,مرد,0
https://www.ninisite.com/user/caa118bc-f894-48ab-8fef-04f8f29ad12a/llmeysamll,مرد,0
https://www.ninisite.com/user/cb2d1223-112f-4db1-a836-1d23da465eee/a%D9%85er59,مرد,0
https://www.ninisite.com/user/cb45b301-c8be-45a5-90ae-0210b022e91f/%D8%A7%D9%93%D8%B1%DB%8C%D8%A7-212,مرد,0
https://www.ninisite.com/user/cb8c3aaa-6aae-4391-983f-28009a36c0a5/%D8%A7%D9%93%D8%B1%D9%85%D8%A7%D9%86-%D8%B1%D9%88%D8%B4%D9%86,مرد,0
https://www.ninisite.com/user/cb8d0fae-782a-464c-936c-b17430f2f2b9/amirhossein1991,مرد,0
https://www.ninisite.com/user/cbafac6e-79aa-41a3-b5cb-f23167d38298/karmandgreenspace,مرد,0
https://www.ninisite.com/user/cbd370eb-e216-4b7b-ace2-503dc96a41b6/az9981,مرد,0
https://www.ninisite.com/user/cc493dc3-d7d5-493b-8cec-a3883b4b2d5f/khanzadehamm,مرد,0
https://www.ninisite.com/user/cc8b2464-024a-467d-b8fe-9f7cdfe4c5eb/vahiiiiiid,مرد,0
https://www.ninisite.com/user/cc968370-d3dc-41b1-9524-4f9e494e5c2b/%D8%AF%D9%84%D8%AF%D8%B1%DB%8C%D8%A7%DB%8C%DB%8C,مرد,0
https://www.ninisite.com/user/ccb5aaab-46d1-4078-8601-281831f2c3e5/mmm79,مرد,0
https://www.ninisite.com/user/cccd704d-6a9f-4813-9ede-9bedb3b5e3af/%D8%B9%D9%84%DB%8C110%DB%B1%DB%B1%DB%B0,مرد,0
https://www.ninisite.com/user/cceb3d40-b6e9-4d79-8117-0b061ea31883/%D8%AF%D9%86%D8%AF%D8%A7%D9%86%D9%BE%D8%B2%D8%B4%DA%A9-%D8%AC%D9%87%D8%A7%D8%AF%DB%8C,مرد,0
https://www.ninisite.com/user/cd037ef6-452f-40d8-b822-c76b0a5fcbe0/rezalga,مرد,0
https://www.ninisite.com/user/cd0d3cc2-8736-4948-9aba-e8e07e7c83bb/mnhgf,مرد,0
https://www.ninisite.com/user/cd4f4c51-9400-4288-b65a-bb4a1ec59d69/hamedjan,مرد,0
https://www.ninisite.com/user/cd7d2f27-bf53-40d9-9d79-b5a598a75f22/lospk,مرد,0
https://www.ninisite.com/user/cd816514-f701-4e47-843e-97e50455516f/%DA%A9%D8%A7%D8%B1%D8%A8%D8%B1%DA%86%D8%AA,مرد,0
https://www.ninisite.com/user/cd8dbb00-e557-4bca-b595-f8c67d486ace/mohaammadsaeed1377,مرد,0
https://www.ninisite.com/user/cda57402-5fa7-457a-b20b-685e60685e52/%DA%A9%D9%86%DA%A9%D9%88%D8%B1%DB%8C405,مرد,0
https://www.ninisite.com/user/cdcd9796-956f-4012-8df9-a022e372a3fc/%D8%A7%DB%8C%D9%84%DB%8C%D8%A7-%D9%87%D8%B3%D8%AA%D9%852301,مرد,0
https://www.ninisite.com/user/ce31404e-7413-4561-ab74-dabc163d83ac/%D9%BE%D8%B3%D8%B1%DA%A9-%D8%B3%D8%B1-%D8%A8%D9%87-%D8%B2%DB%8C%D8%B1,مرد,0
https://www.ninisite.com/user/ce48317c-e3fd-4415-bcf7-0f5b6ef4ff17/mahyar,مرد,0
https://www.ninisite.com/user/ce793c16-543a-4670-ac2c-b24013a18913/ami80,مرد,0
https://www.ninisite.com/user/ce9adae3-6fd0-4b22-9d83-ed85c8d06061/%D9%BE%D8%B3%D9%80%D9%80%D9%80%D9%80%D8%B1-%D8%A7%D9%93%D8%B3%D9%80%D9%80%D9%85%D8%A7%D9%86,مرد,0
https://www.ninisite.com/user/ceb376bf-fc51-4bf5-9d2a-1736f27f95e6/love-me,مرد,0
https://www.ninisite.com/user/cecec546-f5c7-4567-ac5d-d98f8bbb0ca4/%D8%B3%D8%A7%D8%AA%DB%8C%D8%A7%DB%B1%DB%B1%DB%B0,مرد,0
https://www.ninisite.com/user/cee28e91-5159-412d-9183-14cf22ad509b/mohamaddd0939,مرد,0
https://www.ninisite.com/user/cf359eb9-c536-4c11-9d00-424507d5684c/homay-rahmat,مرد,0
https://www.ninisite.com/user/cf7d37bd-e500-4800-95ab-97f6737c1741/carbest,مرد,0
https://www.ninisite.com/user/cfd5e9a0-2125-4e80-a1a2-27a811079100/amir-artan,مرد,0
https://www.ninisite.com/user/cfdbc1d7-b12e-453f-9f1e-1cae3bc3692d/a-shena,مرد,0
https://www.ninisite.com/user/d00ed2b5-7061-4f80-aba6-2d77cb65c8df/alihunter,مرد,0
https://www.ninisite.com/user/d02d41e8-a8a1-4877-8835-df6fd111b94f/%D9%85%D9%84%DA%A9-%D8%A7%D9%84%D9%85%D9%88%D8%AA-%D9%85%DB%8C%D8%A8%D8%A7%D8%B4%D9%85,مرد,0
https://www.ninisite.com/user/d03de84a-d9be-401d-9ddb-cfa8052cb2d8/matutuning,مرد,0
https://www.ninisite.com/user/d04570ff-3e64-4773-8510-32ebad738d65/alo021%D8%B3%D8%A7%D8%A8%D9%82,مرد,0
https://www.ninisite.com/user/d08d8744-d41e-4fe3-9d27-76b6aa8a1e92/%D8%B3%D8%A7%D8%B1%D8%A70%D8%A7%D8%B3%D8%AA%D9%86%D9%84%DB%8C,مرد,0
https://www.ninisite.com/user/d0e96478-0502-4765-9445-236de7515b11/amirali-rc,مرد,0
https://www.ninisite.com/user/d159269f-5d0e-4e19-926e-7f7f7eedf763/m1360m,مرد,0
https://www.ninisite.com/user/d15e0a9f-05f6-44d8-9c66-611d9ba310b5/%D9%88%DB%8C%D8%AA%D9%88,مرد,0
https://www.ninisite.com/user/d16aa2f6-bb34-4293-808f-7c8f364ec3b5/mamadt,مرد,0
https://www.ninisite.com/user/d1dc1b91-dc5c-423b-ae39-d370aa1e4fd1/%D8%B3%D8%B9%DB%8C%D8%AF177%D8%A7%D8%B1%D8%A7%D9%86%DB%8C,مرد,0
https://www.ninisite.com/user/d1e5ebaf-4593-4701-bf49-52a38e731c63/mr-coder,مرد,0
https://www.ninisite.com/user/d2224701-9cde-4c2b-a057-78263106037e/aa528,مرد,0
https://www.ninisite.com/user/d22b03bc-e6f6-40c2-abfb-aa9f927c44d7/%D9%BE%D8%B3%D8%B1-%D8%A7%D9%93%D8%B1%D9%88%D9%85qqq,مرد,0
https://www.ninisite.com/user/d24a5dcf-38f7-4d52-ba16-8452d1ba13a6/farshad6990,مرد,0
https://www.ninisite.com/user/d26a29e2-2717-4bda-8797-b391dcef4825/hosein886,مرد,0
https://www.ninisite.com/user/d281c3b6-0e08-406d-934b-ddf4d8504244/amirhosein07,مرد,0
https://www.ninisite.com/user/d28a9dc0-86fb-42c1-96e1-4a4371cc5a1b/beautyparsis,مرد,0
https://www.ninisite.com/user/d2bc1f61-9e25-41c5-ab3b-f0b156381e7d/%DA%A9%D8%A7%D8%B1%D8%A8%D8%B1-%D8%AC%D8%AF%DB%8C%D8%AF%D8%A7%D9%84%D9%88%D8%B1%D9%88%D8%AF,مرد,0
https://www.ninisite.com/user/d2c5a6ed-bd24-4324-99ea-1a65308f258f/mehdi66pars,مرد,0
https://www.ninisite.com/user/d2dbecea-8b26-46f4-9853-04cd66c43770/%D9%85%D8%B1%D8%AF%D9%87%D8%B3%D8%AA%D9%85xxx,مرد,0
https://www.ninisite.com/user/d312f51c-dc5e-48a7-b324-5291ef88e45f/mehrdad40,مرد,0
https://www.ninisite.com/user/d3cc95ba-73e1-4c5d-9a5d-45e57139c4b6/mahe-shabe14,مرد,0
https://www.ninisite.com/user/d4272bda-6f5c-4463-a3d0-29060c3704c2/%D8%A7%D8%B3%D9%BE%D9%86%D8%AF%D8%B1%D9%88%D8%A7%D8%AA%DB%8C%D8%B4,مرد,0
https://www.ninisite.com/user/d4440577-684f-4f54-99ae-317ef4db8c07/farzan-lur,مرد,0
https://www.ninisite.com/user/d4725245-b855-4533-a768-3cb0bec2a4cd/arvin85,مرد,0
https://www.ninisite.com/user/d4d0ea47-4118-486e-bebf-79a464ae06b8/vaahhiid,مرد,0
https://www.ninisite.com/user/d5680600-040b-4d08-b816-b0ec45da4924/%D9%86%D8%B2%D9%86-%D8%A7%D8%B4%D9%86%D8%A7%D9%85,مرد,0
https://www.ninisite.com/user/d579c7f4-b6ec-4e2b-b5a0-a9d07a96652b/222ali21,مرد,0
https://www.ninisite.com/user/d57ac37c-49b1-4fa2-8709-018692cc8ee1/%D9%BE%DB%8C%D9%85%D8%A7%D9%86%DA%A9%D8%A7%D8%B1%D8%A7%D8%AD%D9%85%D8%AF%DB%8C,مرد,0
https://www.ninisite.com/user/d5886546-cb99-45b4-a334-ac04561bff61/adolf0000000,مرد,0
https://www.ninisite.com/user/d5bc6f9c-8828-45c3-95d2-141ea3b007a0/%D8%B9%D8%B1%D9%82-%D9%86%D8%B9%D9%86%D8%A7,مرد,0
https://www.ninisite.com/user/d666d905-2f91-45e4-85ef-970b965a29ae/%D8%AF%DA%98%D8%A8%D8%A7%D9%86-%D8%B3%D8%A7%DB%8C%D8%AA,مرد,0
https://www.ninisite.com/user/d67a39eb-e36f-4551-8e49-41d83168c258/%D8%B3%DA%A9%D9%88%D8%AA3321,مرد,0
https://www.ninisite.com/user/d69d682f-1227-46c1-afed-59930f8bfed3/lotfanbebakhshid,مرد,0
https://www.ninisite.com/user/d70cd759-bb4c-4661-93e8-c073177f582a/%D8%A8%DB%8C-%D8%AE%DB%8C%D8%A7%D9%84,مرد,0
https://www.ninisite.com/user/d73e739b-4131-4b39-9a9c-607dbb362178/%D9%BE%D8%B1%D8%AF%DB%B6%DB%B6,مرد,0
https://www.ninisite.com/user/d75c253a-ce4e-4ec1-b426-118cf5db70b8/%D8%A7%D8%B5%D8%BA%D8%B1123,مرد,0
https://www.ninisite.com/user/d75d184e-0a33-41ba-bae7-0301003e513d/tnhaterin,مرد,0
https://www.ninisite.com/user/d78c4c1d-90da-4c19-bcd7-8933130ac23f/shahaniiiii,مرد,0
https://www.ninisite.com/user/d7d8b4ba-84c6-42c2-9d1b-c4a5372baace/amir11ma,مرد,0
https://www.ninisite.com/user/d80332ed-5204-4b0f-b177-5cf3833986c8/%D8%A8%D9%8F%D8%B2%D9%85%D8%AC%D9%87,مرد,0
https://www.ninisite.com/user/d81ff4fd-a7dc-4592-ab8f-43f8bb8df3ea/ah%DB%B1%DB%B3%DB%B4%DB%B0,مرد,0
https://www.ninisite.com/user/d820e155-9fec-4cd5-9d27-f2b7c9bd9169/alone67,مرد,0
https://www.ninisite.com/user/d87886e2-9174-4273-b2c4-944500de38ce/becauseofla,مرد,0
https://www.ninisite.com/user/d88c581c-daa8-4b30-b0b2-91ea7c8e35d2/%D9%81%D8%B1%D9%85%DB%8C,مرد,0
https://www.ninisite.com/user/d8b05854-0be2-4079-9792-586eb1e9648c/%D8%AA%D8%A7%D8%AA%DB%8C3,مرد,0
https://www.ninisite.com/user/d8c0ef2c-e538-4c58-9f87-67cfa03d17b9/mr-x,مرد,0
https://www.ninisite.com/user/d8e211b4-e31d-4792-87b2-b11091f2e4aa/m7965,مرد,0
https://www.ninisite.com/user/d905110e-a7a6-43cc-a5a5-8cbe35dc9e0f/aarmanaa,مرد,0
https://www.ninisite.com/user/d90eca61-f2a7-4e0f-b263-3bd2469e90c5/ali-31,مرد,0
https://www.ninisite.com/user/d931607d-d0a1-4ee8-a7ff-3721bdc828e6/22mehdi,مرد,0
https://www.ninisite.com/user/d94ba48c-7701-40a2-a8b7-ae2d0352c228/%D9%87%DB%8C%D8%AA%D9%84%D8%B1-%D8%B3%DB%8C%D8%A8%DB%8C%D9%84%D9%88,مرد,0
https://www.ninisite.com/user/d955bd9b-fde3-4d6f-9586-4a3b19724827/%D8%AD%D9%86%DB%8C%D9%81%D9%87%DB%B3%DB%B3,مرد,0
https://www.ninisite.com/user/d9664523-9b4c-471e-b2e6-5a8a1655f939/76-saeed,مرد,0
https://www.ninisite.com/user/d9755e42-14cc-4d4f-8820-ba9ad88ceb99/ryan3161,مرد,0
https://www.ninisite.com/user/d9c8ad25-f2fb-4941-9e99-2a8ec5ec2496/%D8%A7%D8%B3%D8%AA%D8%A7%D9%86%D8%AF%D8%A7%D8%B1,مرد,0
https://www.ninisite.com/user/da1f4584-0360-4a9f-9139-9bac26774e82/yenmad,مرد,0
https://www.ninisite.com/user/da280b47-7348-4c06-a6b0-b01594b8e05c/ya-noor,مرد,0
https://www.ninisite.com/user/da7f518a-002f-4476-8cc9-4658aadd50d8/miligoldir,مرد,0
https://www.ninisite.com/user/daae8684-1789-4a41-923d-0af5a2635927/%D9%85%D8%AD%D9%85%D8%AF%D9%85%D8%B1%D8%AF%D8%A7%D8%AF%DB%8C,مرد,0
https://www.ninisite.com/user/dac811eb-8493-4dd6-a54d-62707c98e276/hajjhamid,مرد,0
https://www.ninisite.com/user/daca88df-f143-4fdb-92d9-604af92870bc/%D8%A7%D9%93%D9%82%D8%A7%D9%87%D8%B3%D8%AA%D9%85%D9%85%D9%85%D9%85,مرد,0
https://www.ninisite.com/user/dad13f3b-05d5-4c0e-bc49-46808cd73df1/meeeeys,مرد,0
https://www.ninisite.com/user/daf603fd-1a6c-4ffa-8140-c9f01b0861ec/%D8%A7%D8%B4%DA%A9%D8%A7%D9%86000,مرد,0
https://www.ninisite.com/user/db196fe1-907f-45e3-9e0a-0bac6cb45291/mehrdad-a,مرد,0
https://www.ninisite.com/user/db4ec77c-01a6-45d9-a360-810963ce5ad0/hosssssiiiieeen26,مرد,0
https://www.ninisite.com/user/db53cd76-0e60-4879-bced-91ca870d9746/%D8%AA%D8%AF%D8%A8%D8%A7%D9%86%D8%AF%DB%8C,مرد,0
https://www.ninisite.com/user/db96716c-faf4-4329-9725-232cc0586807/sina-02,مرد,0
https://www.ninisite.com/user/db9d8bb9-56ef-4d5b-b072-8cac5ff6aeae/fashen,مرد,0
https://www.ninisite.com/user/dbba3ca7-1014-4266-bd7e-2a0f0f51cf4c/%D9%86%D8%A7%D8%AE%D8%AF%D8%A7-%DA%86%D9%86%D8%AF%D9%84%D8%B1,مرد,0
https://www.ninisite.com/user/dbd3897c-1d37-4b52-9a05-09713245983f/erofa,مرد,0
https://www.ninisite.com/user/dbe837ae-2bc7-4118-be41-01d0dc99dcf6/mahdi1995,مرد,0
https://www.ninisite.com/user/dc179781-fff0-4d2e-98f0-2ff30a826d13/bnmpli,مرد,0
https://www.ninisite.com/user/dc819db8-14c2-46bf-a636-fd63095653c7/erfan-sps,مرد,0
https://www.ninisite.com/user/dc954648-ae8b-4b39-88fd-e38506aa225f/ariya-rad,مرد,0
https://www.ninisite.com/user/dd3bdaee-88f4-4867-86da-095c092a6307/%D8%AD%D8%A7%D9%85%D8%AF%D8%B4%D9%88%D9%88%D9%88%D9%86%D9%85,مرد,0
https://www.ninisite.com/user/dd3ee413-9498-472a-bbfe-10584bc9a756/%D8%B1%D9%87%DA%AF%D8%B0%D8%B1-%D8%A8%D8%A7%D9%87%D9%88%D8%B4,مرد,0
https://www.ninisite.com/user/dd6e0286-c23e-44c6-9c2a-252f07c34c17/arashup,مرد,0
https://www.ninisite.com/user/dda49f95-b0ca-4f40-ad0d-d8036af420e7/888farhad,مرد,0
https://www.ninisite.com/user/ddb0bd94-fb65-44a5-8bdf-a35ff607931c/amir1387amir,مرد,0
https://www.ninisite.com/user/ddd73107-c0f7-4cfd-befa-d5eee4c8efea/msemuneabi,مرد,0
https://www.ninisite.com/user/de0d25f3-73aa-4d42-af2d-e89e14944ec7/bluelotus,مرد,0
https://www.ninisite.com/user/debfdf78-1e30-43cb-bbd1-e39ce04c15c1/mohamad159357,مرد,0
https://www.ninisite.com/user/decdfd7d-8110-4b98-a89e-322a13148a9a/%D8%AF%DA%A9%D8%AA%D8%B1%D8%B2%D8%B9%DB%8C%D9%85%DB%8C,مرد,0
https://www.ninisite.com/user/ded35a0d-b038-42a5-b9be-6ffc744a376c/%D8%B1%D9%88%DA%98%D8%A7%D9%86%DB%B8%DB%B1%DB%B1%DB%B8,مرد,0
https://www.ninisite.com/user/dee85ef0-7b32-41bb-b3cc-77f727237e85/atobsidian,مرد,0
https://www.ninisite.com/user/df00e8a6-3cef-4e4e-bb30-1bc4f249cf01/hesam-n,مرد,0
https://www.ninisite.com/user/df59ad34-3550-42d7-ad85-6c24cc62fb5b/%D8%B9%D8%B1%D9%81%D8%A7%D9%86-%D8%B4%D8%A7%D9%87%D9%88%D8%B1%D8%AF%DB%8C,مرد,0
https://www.ninisite.com/user/dfaf33f7-4c8d-4d2a-a5ac-f9c51f23296e/amirmohammam,مرد,0
https://www.ninisite.com/user/dfceb85a-8e0a-43c6-ae4d-16cb9fec98d8/%D9%85%D9%87%D8%AF%DB%B1%DB%B3%DB%B8%DB%B0,مرد,0
https://www.ninisite.com/user/e01c471f-87a5-48c5-8dfe-0dbbbe5435e2/%D8%B3%DA%A9%D9%88%D8%AA%D8%AA%D9%84%D8%AE%DB%8C,مرد,0
https://www.ninisite.com/user/e06ab529-75aa-4a6c-aa62-7c045ce93ae9/dakoo,مرد,0
https://www.ninisite.com/user/e080008a-baf8-4505-a388-7959581f15f6/%D8%A7%D8%B3%DB%8C%D9%88%DA%A9,مرد,0
https://www.ninisite.com/user/e0a293e9-90c0-47b2-b9df-7cfb126841b0/mamareza67,مرد,0
https://www.ninisite.com/user/e143920b-8de4-4038-ac30-d2400901f125/%D8%B9%D9%82%DB%8C%D9%84agha12,مرد,0
https://www.ninisite.com/user/e176e133-4e33-4a66-8ed6-a70b5f00b601/soloooman,مرد,0
https://www.ninisite.com/user/e190f073-4f0a-4d16-9587-3d1d7726c4a6/%D8%A7%D9%86%D9%88%D8%B1%DA%AF%D9%88%D9%88%D8%AF%DB%8C%D9%88%D9%81,مرد,0
https://www.ninisite.com/user/e19167b9-998f-4c88-85da-e4365a426201/recelma,مرد,0
https://www.ninisite.com/user/e1fe14b4-6c6c-40ce-b3f6-2c9f086f070c/heshi1,مرد,0
https://www.ninisite.com/user/e233a573-32f1-4658-a9ef-3a0cc9f6c5c2/namjoali,مرد,0
https://www.ninisite.com/user/e24282d0-46f0-47c7-9379-42f6eb44cbbe/%D9%BE%D8%B3%D8%B1%D9%85boy,مرد,0
https://www.ninisite.com/user/e26a64d0-f62b-4522-a86d-9c758e37298f/%D9%85%D8%B3%D8%AA%D8%B9%D8%A7%D8%B1ni,مرد,0
https://www.ninisite.com/user/e2b152e1-7817-4c79-a90a-4f6accba3863/ye%D8%AF%DB%8C%D9%88%D9%88%D9%86%D9%87e%D8%B9%D8%A7%D8%B4%D9%82,مرد,0
https://www.ninisite.com/user/e2c1f677-9598-45de-ba3e-12d0573c1554/%D8%A7%D9%85%DB%8C%D8%B1%D8%B9%D9%84%DB%8C-%DB%B4,مرد,0
https://www.ninisite.com/user/e2e77fa4-6210-4dd0-b60e-4e9fba3c1aef/%D9%85%D8%AF%D8%A7%D8%B1%D8%A7%D9%93%D8%B1%D8%A7%D9%85%D8%B4,مرد,0
https://www.ninisite.com/user/e349e904-452d-4328-adce-2c0fb4bdc21a/%D8%B9%D8%A7%D8%A8%D8%B1-%D8%BA%DB%8C%D8%B1-%D9%BE%DB%8C%D8%A7%D8%AF%D9%87,مرد,0
https://www.ninisite.com/user/e489100c-1ecd-4f22-91cd-f37bc3ceda77/mav1996,مرد,0
https://www.ninisite.com/user/e4915a45-86e2-40e5-b2b9-a523a52879f1/%D8%A7%D9%88%D8%B1%D9%84%DB%8C%D9%88%D8%B3,مرد,0
https://www.ninisite.com/user/e500cce9-2e07-4bf3-8526-37518481f474/mohammad1377890,مرد,0
https://www.ninisite.com/user/e5141e4b-60af-4f0f-965d-e59ba34c5bab/q12,مرد,0
https://www.ninisite.com/user/e5347d02-5f22-4871-827d-2181df5f3f9e/%D8%AFdaran,مرد,0
https://www.ninisite.com/user/e53a5459-4576-4cf5-b2ee-ebd7377d341a/s%D8%B6s,مرد,0
https://www.ninisite.com/user/e5ef6ed7-f79a-4890-a490-607385e8dd8a/arsalix,مرد,0
https://www.ninisite.com/user/e67c14db-aef6-4e23-aec3-49817206cc6b/perfesone,مرد,0
https://www.ninisite.com/user/e7923319-e90d-494c-8f38-a50218f01b3d/amir1231,مرد,0
https://www.ninisite.com/user/e7b3c174-82db-41cd-834b-71dd8ca8cd5d/%D8%AC%DB%8C%D9%88%D8%A7%D9%86%DB%8C%D8%A7%D9%86,مرد,0
https://www.ninisite.com/user/e7cfa930-a70b-4e48-96b1-8ab4a523961b/mahsan1996,مرد,0
https://www.ninisite.com/user/e7e0ca58-141f-46d4-9351-455bac057689/seniorsoftwareexpe1,مرد,0
https://www.ninisite.com/user/e801e686-a6ca-4c71-880f-747d4dee29b7/mohndes,مرد,0
https://www.ninisite.com/user/e835f118-acdd-4074-b428-c20e50ea2dd8/justgod1403,مرد,0
https://www.ninisite.com/user/e83f3df3-b555-4f9e-8e26-ebcd9b6a4092/auser,مرد,0
https://www.ninisite.com/user/e85c6faa-6a69-44a5-9ce6-56e712f59dfd/aliaha203,مرد,0
https://www.ninisite.com/user/e8acf290-e2d9-4e78-9215-c94bec6d45a9/kedertarin2,مرد,0
https://www.ninisite.com/user/e8ee30b6-97b0-4a85-8c23-f942100a64fc/mohammad80mm,مرد,0
https://www.ninisite.com/user/e9bd22dd-e46c-410f-933c-e87f4e852602/renger-v86,مرد,0
https://www.ninisite.com/user/e9d7fb70-09de-4c4a-aaba-f537b0de65d2/demonkiki,مرد,0
https://www.ninisite.com/user/ea57929e-3bc0-47c1-b965-e9b2320266c0/lwyer40,مرد,0
https://www.ninisite.com/user/ea7d1c3e-b384-451f-98b9-e60b68d2b135/%D8%AA%DB%8C%DA%A9%DB%8C%D8%AA,مرد,0
https://www.ninisite.com/user/ea92b7ac-b2b0-469d-8472-a7b9a88ee9af/%D8%B3%D8%B9%DB%8C%D8%AF%D8%A8%D9%88%D8%B4%D9%87%D8%B14,مرد,0
https://www.ninisite.com/user/eac6819f-6ff1-4d13-be23-a73a20f71df0/dreamer-boy,مرد,0
https://www.ninisite.com/user/eaf7bf1c-7dce-47e8-8608-a9d3b8eb5640/kamyar0097,مرد,0
https://www.ninisite.com/user/eb2a1649-d2d9-4391-b2d1-f42a4b9d996e/%D9%87%D9%85%D8%A8%D9%86%D8%AF,مرد,0
https://www.ninisite.com/user/eb689583-6dd7-47f7-a2ea-7e1f44ccd8b2/%DB%B1%DB%B3%DB%B6%DB%B0%D8%B9%D9%84%DB%8C,مرد,0
https://www.ninisite.com/user/eb74e291-28ad-47b2-9fa7-b1a287b89b2d/o-omid,مرد,0
https://www.ninisite.com/user/eb78e980-1b18-4f37-a537-aae713b9a0d3/shahabbbbbb,مرد,0
https://www.ninisite.com/user/eb8a22a0-6b6d-4584-8461-eac49d7883be/hosein0000001,مرد,0
https://www.ninisite.com/user/eb985c4b-bd56-4808-81c1-e9da3a332b15/suissegold,مرد,0
https://www.ninisite.com/user/ebaaea68-f90a-49a7-8e43-0e78fcabaa87/%D8%AD%D8%B3%D8%A8%DB%8C-%D8%A7%D9%84%D9%84%D9%87,مرد,0
https://www.ninisite.com/user/ebae53c0-e005-4e5d-adf9-3aa73ace8afd/%D9%81%DB%8C%D9%84%D9%85-%D8%A8%D8%A7%D8%B2,مرد,0
https://www.ninisite.com/user/ebd15349-1d65-4eca-b10a-e0822111189c/%D8%B1%D8%A7%D9%87a,مرد,0
https://www.ninisite.com/user/ebddb23e-e34a-4a39-891a-7fabda1c48c4/%D8%A8%DB%8C%DA%A9%D8%A7%D8%B1-%D8%B2%D8%A7%D8%AF%D9%87,مرد,0
https://www.ninisite.com/user/ec46ad5f-50c1-4396-9282-8748456f544e/docter7amir,مرد,0
https://www.ninisite.com/user/ec4c9e3c-e0ea-4110-8ac0-19bc63974e90/shramm,مرد,0
https://www.ninisite.com/user/ecbbc1f9-2c8d-40c1-90f0-a177c6806b3f/rockefeller,مرد,0
https://www.ninisite.com/user/ecf11b9d-edc8-455a-8041-65fdca500b95/rominoo,مرد,0
https://www.ninisite.com/user/ed6c45d4-64eb-4bdd-872a-435590eb13be/mohammadmmmm,مرد,0
https://www.ninisite.com/user/ed70924d-e7bb-4a4e-93e2-767551e57832/sadwory,مرد,0
https://www.ninisite.com/user/ed95e084-f35b-4abd-99b0-d71909c1aae3/erfan%DB%B1%DB%B9%DB%B9%DB%B7,مرد,0
https://www.ninisite.com/user/edbd47f2-e42f-438b-aaa9-22b7f5758f69/%D8%AD%D9%88%D8%B5%D9%84%D9%85-%D8%B3%D8%B1-%D8%B1%D9%81%D8%AA%D9%87,مرد,0
https://www.ninisite.com/user/edbd64bf-9f19-4b7c-8ea5-7142e163da9c/%DA%A9%D8%A7%D9%85%D8%A8%DB%8C%D8%B2%DB%B4%DB%B5,مرد,0
https://www.ninisite.com/user/edda133c-d1c1-43b8-a9b9-3d35a7d33609/%DA%86%D8%B4%D9%85%D9%88%D8%AD%D8%B4%DB%8C,مرد,0
https://www.ninisite.com/user/edf7fa47-cac6-4036-9499-53ccfd9257a9/7sky7sky,مرد,0
https://www.ninisite.com/user/ee0d5860-0239-475d-b474-2414bdf31517/%D8%A7%D9%85%DB%8C%D8%B1%D8%B1%D8%B1%D8%B1%D8%B1%D8%B1%D8%B1%D8%B1%D8%B1%D8%B1%D8%B1%D8%B1%D9%88,مرد,0
https://www.ninisite.com/user/ee4e99a0-e10b-4806-99d6-0f32eeecba12/%D8%B3%D9%84%D8%A7%D9%85-%D8%A8%D8%B1-%D8%AD%D8%B3%DB%8C%D9%86-%D8%B4%D9%87%DB%8C%D8%AF,مرد,0
https://www.ninisite.com/user/ee62d941-3ca1-41f4-9d34-4f377880da87/hosmer,مرد,0
https://www.ninisite.com/user/ee752f4c-13c4-463e-9caf-3ca6170c5e39/sherman,مرد,0
https://www.ninisite.com/user/ee7d302e-1529-4441-b6ef-e10aaa52e860/alireza136611,مرد,0
https://www.ninisite.com/user/ee80529c-81fa-429e-bfbb-2e027f2fb59a/%D8%A7%D9%85%DB%8C%D9%86234,مرد,0
https://www.ninisite.com/user/ee901aeb-c5bc-452c-be08-6ba7ee8ba34d/ksavarez,مرد,0
https://www.ninisite.com/user/ee957822-7d59-4e5f-a2f8-b4f7fcc83649/adabooda,مرد,0
https://www.ninisite.com/user/eec8d056-dc1b-4010-8e4b-70a5fee0912d/%D8%B9%D9%84%DB%8C-%DB%B2,مرد,0
https://www.ninisite.com/user/eed22e3c-de6d-4434-8f21-a558bf6132ab/simo-r,مرد,0
https://www.ninisite.com/user/eed44d38-ec29-43f3-b241-4e18c7b6f84f/hmh1997,مرد,0
https://www.ninisite.com/user/ef7ce638-8c2a-4dd9-b2f7-83926a407f7a/mohammad-1369,مرد,0
https://www.ninisite.com/user/ef80125f-4eb5-472b-95f7-21a6db27817c/%D8%B9%D8%A7%D9%84%DB%8C%DB%B1%DB%B1%DB%B0,مرد,0
https://www.ninisite.com/user/f0034f49-3ecb-4afd-b73f-8d40a3cc322f/t-a-k,مرد,0
https://www.ninisite.com/user/f02be420-dc19-4056-9a9d-72b558b10f4b/%D8%B3%D8%A8%D8%A8%D9%85%D9%86%D9%85%D8%AE%D9%88%D8%AF%D9%85%D9%86,مرد,0
https://www.ninisite.com/user/f05c95a6-626d-4b32-89cb-fe1c0172541e/ssswwertyuitdbj,مرد,0
https://www.ninisite.com/user/f0779782-d7d2-4ab5-b6af-4dd43ecdafc2/red-runner,مرد,0
https://www.ninisite.com/user/f0ac7414-2a6f-4640-87f1-fd849f76566c/arman5800,مرد,0
https://www.ninisite.com/user/f0eb8b0f-e3de-4d6d-9a8c-a834b95cb4dd/farshad1236,مرد,0
https://www.ninisite.com/user/f135b230-d10d-401c-863c-21d5c1ebfb2f/%D9%85-%D9%85%DB%B2%DB%B2,مرد,0
https://www.ninisite.com/user/f14327a4-19cb-4ad9-bf08-220761916bd8/vrojak78,مرد,0
https://www.ninisite.com/user/f1443854-37cd-4260-80d4-c5b104dd4702/people2234,مرد,0
https://www.ninisite.com/user/f17f57e7-f79c-4e6f-9486-af2399580b57/shhos,مرد,0
https://www.ninisite.com/user/f1aec20f-37e3-418a-83b2-9d9a36a0444e/reza320,مرد,0
https://www.ninisite.com/user/f1afe8f7-1d96-4292-80f5-678f1f50a0a5/quantom,مرد,0
https://www.ninisite.com/user/f2164878-3a19-45b2-b9ca-f0a95233c8ae/%D9%85%D8%AD%D9%85%D8%AF-mohammad,مرد,0
https://www.ninisite.com/user/f24b3fe9-c15e-4670-aabc-75e2e4c89978/mr%D8%AF%DA%A9%D8%AA%D8%B1%D8%A7%D9%93%DB%8C%D9%86%D8%AF%D9%87,مرد,0
https://www.ninisite.com/user/f2eec76d-8dcd-4632-983d-bcc93df926e2/sim3030,مرد,0
https://www.ninisite.com/user/f2fa102f-7d2f-489f-887c-0aa1076970b5/ysam,مرد,0
https://www.ninisite.com/user/f31f6ac3-0448-4049-8eda-36c2fd34a035/10501,مرد,0
https://www.ninisite.com/user/f36d33f5-7fb7-43c3-956c-7474c95b5a2c/avin6671,مرد,0
https://www.ninisite.com/user/f3a17833-0058-4fad-97ef-9f036d56c4fd/anarooz-%DB%B1%DB%B3%DB%B7%DB%B9,مرد,0
https://www.ninisite.com/user/f3af4698-2bf5-43a0-9de6-338c684d8e11/ms1362,مرد,0
https://www.ninisite.com/user/f40bae31-260d-461d-8817-a92d33197dcc/%D9%8A%D8%A7%D8%AD%D8%B3%DB%8C%D9%86,مرد,0
https://www.ninisite.com/user/f5000999-3079-450d-860b-1656ac72c098/yamahdi123456,مرد,0
https://www.ninisite.com/user/f52de1cd-9c7e-4ec1-8230-b1740a66abcd/%D8%B1%D9%81%DB%8C%D9%82-%D8%AD%D9%84%D9%85%D8%A7,مرد,0
https://www.ninisite.com/user/f538a38c-981f-40b9-8840-8ad9bd420ce3/arm817,مرد,0
https://www.ninisite.com/user/f5611956-bcfc-491c-9f1b-dd77a7e46081/aghrab597,مرد,0
https://www.ninisite.com/user/f570ce04-3403-4b3f-81a3-e804fbb82f52/ofrezvan,مرد,0
https://www.ninisite.com/user/f5745fd7-4f1b-42f0-93f5-a767a6f4fcab/hosein-braddly,مرد,0
https://www.ninisite.com/user/f5d1448a-ab27-4929-8a68-3c664f6af77b/pesareiran,مرد,0
https://www.ninisite.com/user/f6235085-3e2e-4ae8-be15-876868389cec/ahmadjalali13,مرد,0
https://www.ninisite.com/user/f62a69d9-531d-4128-8aea-c12555ddd429/%D8%B9%D9%84%DB%8C%DB%8C%DB%8C%DB%8C12,مرد,0
https://www.ninisite.com/user/f64c2d14-ea7a-4783-8e43-6c97abfb8eb9/tahamashad,مرد,0
https://www.ninisite.com/user/f64f1325-7c59-458d-aff2-b89b436245d2/ilaman,مرد,0
https://www.ninisite.com/user/f657118a-02d0-4c55-863f-3b288ae80935/aliasadii,مرد,0
https://www.ninisite.com/user/f66ec5b4-0eca-42bc-a63f-b28084a802a4/zoha1y,مرد,0
https://www.ninisite.com/user/f6cefb12-6761-4e97-b808-61439d8015d3/rezasoori,مرد,0
https://www.ninisite.com/user/f6d85733-0c9d-4aaa-aff3-cca7283ebb20/hommman27,مرد,0
https://www.ninisite.com/user/f6f53371-d547-4ea7-a20c-3274f4c77269/roz7280,مرد,0
https://www.ninisite.com/user/f717a332-96b2-4593-bef1-0cff9d661e5b/ehsantrade,مرد,0
https://www.ninisite.com/user/f72636fe-e3a4-40af-8b41-ff204a98521d/drmehrdad,مرد,0
https://www.ninisite.com/user/f7309951-cd74-4604-b1d9-186b7b6426e2/%D8%AD%D9%86%DB%8C%D9%81%DB%8C%D9%88%D9%86,مرد,0
https://www.ninisite.com/user/f753486f-5e3c-42ac-8a52-49a3b1d4bd01/%D8%B1%D9%88%D8%A8%DB%8C%D8%B3%DA%A9%D9%887,مرد,0
https://www.ninisite.com/user/f767ce64-f30a-4e78-a290-de8aefe039ea/avj,مرد,0
https://www.ninisite.com/user/f77db585-3ec6-49e4-a747-bc5d1f10894c/%D8%A7%D8%B4%DA%A9%D8%A7%D9%86%DB%B1%DB%B2%DB%B3%DB%B4%DB%B5,مرد,0
https://www.ninisite.com/user/f7e6ffce-312f-40b3-9519-bc10e37d52b1/%D8%A7%D9%93%DB%8C%D8%AF%DB%8C%D9%86%DB%B2,مرد,0
https://www.ninisite.com/user/f8155422-45cb-47a0-804f-b709986f438d/alithhan,مرد,0
https://www.ninisite.com/user/f83aa27d-779d-4676-b92c-78b506a7a021/%D9%BE%D8%B3%D8%B1%D9%87%D8%B3%D8%AA%D9%85%DB%B8%D9%88%D9%84%DB%8C,مرد,0
https://www.ninisite.com/user/f8a7f71b-8684-4ef5-a86a-e3ea4d71a2d2/yasssssssssiii,مرد,0
https://www.ninisite.com/user/f93299b7-09f2-4b09-9e3b-f5169ca6aa64/%D9%82%D9%88%D9%82%D9%88%D9%88%D9%84%DB%8C,مرد,0
https://www.ninisite.com/user/f9576553-082e-48bb-920f-ceac2e1ee840/%D8%B9%D8%A7%D8%B1%D9%81-%D8%B3%D8%A7%D8%B2%DA%AF%D8%A7%D8%B1,مرد,0
https://www.ninisite.com/user/f9b90557-d51b-4fcf-8ca7-4fa3caa951bd/hammiddam,مرد,0
https://www.ninisite.com/user/f9c3f427-410f-446f-9d3d-745fce7cfcf9/%D8%B9%D9%84%DB%8C%DB%B1%DB%B3%DB%B8%DB%B4,مرد,0
https://www.ninisite.com/user/f9e026f2-cfb9-4294-9f35-df0f63396f71/robinhot,مرد,0
https://www.ninisite.com/user/f9f47bd9-a6fa-4855-939f-4ac4ce5c04c7/sorena,مرد,0
https://www.ninisite.com/user/fa4a65a6-7e0a-4fae-a1f1-43acb869717d/%D9%85%D9%87%D8%AF%DB%8C6923,مرد,0
https://www.ninisite.com/user/fa73dd83-7339-4794-928e-b70f04d0c41d/ahmad80,مرد,0
https://www.ninisite.com/user/fa78b00c-439c-48a3-a6ad-f0be82206476/%D9%86%D8%B4%D8%AF%D8%B3%D9%86%D8%B3%D8%AF%D8%AB%D9%86%DB%8C,مرد,0
https://www.ninisite.com/user/fabd1ed7-f913-40c5-a9cf-aa7769d21ba0/alone366,مرد,0
https://www.ninisite.com/user/fb158e6d-c685-4029-88cb-5a4ee83d0786/%D8%A7%D9%93%D8%B1%DB%8C-71,مرد,0
https://www.ninisite.com/user/fb34ad56-ec74-4f5a-a573-8d6ccb4e3ba9/%D8%AD%D8%B5%D8%A7%D8%B1%D8%AF%D9%84,مرد,0
https://www.ninisite.com/user/fb3b2f77-5e1e-439d-ad4d-c186f44c6011/pooya-1381,مرد,0
https://www.ninisite.com/user/fb4a78be-b7ee-4f49-8872-b7fa8ba4054e/delshekaste1996,مرد,0
https://www.ninisite.com/user/fb9454a7-54d6-4698-8abf-72541afe798c/%D8%A7%D8%A8%D9%88%D8%A7%D9%84%D9%81%D8%B6%D9%84hhh,مرد,0
https://www.ninisite.com/user/fbe789c9-797a-4f42-8f72-b73399f6f645/%D8%A8%D8%A7%D8%AF%D8%B1%D9%86%D8%AC%D9%88%D9%86%D8%B4%DA%AF,مرد,0
https://www.ninisite.com/user/fbfa8891-2a65-4c40-9347-6da583c57955/cmon-nick,مرد,0
https://www.ninisite.com/user/fc3ba31c-3cab-438b-a9a9-e1b2e26dec47/emir-m2b,مرد,0
https://www.ninisite.com/user/fc72abc7-7f26-4f6b-9ec6-3f92879d58ad/%D8%AF%D8%A7%DB%8C%D9%86%D8%A7%D8%B3%D9%88%D8%B1-%DA%AF%DA%AF%DA%AF,مرد,0
https://www.ninisite.com/user/fc7daf62-c078-4d63-adac-b90c9ac1fd92/%D9%85%D9%87%D8%AF%DB%8C%D8%AC%D8%A7%D9%86%D8%A7%D9%86%D8%A7%D9%85,مرد,0
https://www.ninisite.com/user/fcb1a913-80f3-416e-ac9c-6a9a47df8cbb/amirmega2,مرد,0
https://www.ninisite.com/user/fcef02c2-cfc1-46b2-a65d-c19ed42c4c23/cowboyka,مرد,0
https://www.ninisite.com/user/fd017c4e-ddc3-4d68-9fad-bda4ae1bdd78/labred,مرد,0
https://www.ninisite.com/user/fd35ce46-891a-4252-8c08-bfac91198b6c/monmad98963,مرد,0
https://www.ninisite.com/user/fd6a60df-2089-4dc6-8860-8c79070ca7f3/%D8%B4%D9%87%D8%B1%DB%8C%D9%88%D8%B1%DB%8C%DB%B8%DB%B5,مرد,0
https://www.ninisite.com/user/fde79a14-1ee1-46c8-ae4c-0a0320fc9971/efsjagar,مرد,0
https://www.ninisite.com/user/fdfca234-4db0-4aa3-bb22-4e8fd2847d3f/%D8%A7%D9%88%D8%B1%D8%AC%DB%8C%D9%86%D8%A7%D9%84%D9%82%D8%B1%D8%B5,مرد,0
https://www.ninisite.com/user/fe1879f3-dfa4-421e-b4dd-6f3bdfcc8c92/farzadmq,مرد,0
https://www.ninisite.com/user/fe37b17a-1798-48be-ac2f-04ed6243ee5f/13135555,مرد,0
https://www.ninisite.com/user/fe6752ff-2a63-4d96-815a-1b8efdb07a74/%D9%85%DB%8C%D9%85%DB%B1%DB%B1%DB%B0,مرد,0
https://www.ninisite.com/user/fe7d1a94-c13b-473e-8cb8-3483970d49d3/%DB%8C%D8%AD%DB%8C%D8%A7%D8%A7%D8%A7,مرد,0
https://www.ninisite.com/user/fe912c6a-d652-43c3-ab69-95a7d22f78af/earthhh,مرد,0
https://www.ninisite.com/user/fe99b7b7-e321-43c5-aab3-ca7c9f35c89f/%D8%AC%D8%B0%D8%A7%D8%A7%D8%A7%D8%A7%D8%A7%D8%A7%D8%A7%D8%A8%D8%A8%D8%A8%D8%A8%D8%A8%D8%A8%D8%A8%D8%A8%D8%A8,مرد,0
https://www.ninisite.com/user/fe99c03e-04d4-452c-9a27-3694f743740b/30nna,مرد,0
https://www.ninisite.com/user/fed41fbd-42af-40e3-840b-a964bc266e8c/mim59,مرد,0
https://www.ninisite.com/user/fefb275b-ee54-4b5d-91bc-e9ef103855ec/khodehkodaaylinjooni,مرد,0
https://www.ninisite.com/user/ff0de2d7-123c-4280-9c53-cc5c8ca6d9a9/0mohammad9899,مرد,0
https://www.ninisite.com/user/ff12c3f3-9dc2-4a1c-b63f-814990c5acbc/lonelyboy-1,مرد,0
https://www.ninisite.com/user/ff335096-01b9-4fe0-a915-3807f9d55630/toptarget2025,مرد,0
https://www.ninisite.com/user/ff3be204-1774-4bf3-804e-efe82486fd7a/%D9%88%D8%AD%D8%B4%DB%8C-%D9%81%D8%B1%D8%B4%D8%AA%D9%87,مرد,0
https://www.ninisite.com/user/ff44f491-3b87-4bcc-b5de-8b1e0a441889/yosefyaghi,مرد,0
https://www.ninisite.com/user/ff7056c3-c855-4f13-8b02-cc29b874ed56/%D9%82%D9%82%D9%86%D9%88%D8%B3101,مرد,0
https://www.ninisite.com/user/ff796fc0-f1e5-4c57-a772-2f2187a59fbb/%D8%B5%DA%AF,مرد,0
https://www.ninisite.com/user/ffef6e95-40ac-4234-98d7-9cb456188c4a/veem-io,مرد,0
